study,series,cell,family,K,seed,j,status,on_time,n_over,max_tard_s,crew_veh_h,crew_team_h,after_h,n_coop,iters,wall_s,cp0_on,cp0_over,cp100_on,cp100_over,cp300_on,cp300_over
delta_axis_mix,delta0_jiang_short_baseline_MX1,jiang_short_baseline,MX1,4,101,0,OK,61,4,64538,306.3888888888889,299.28222222222223,12.911388888888888,3,786,22.43,26,20,52,8,53,5
delta_axis_mix,delta0_jiang_short_baseline_MX1,jiang_short_baseline,MX1,4,101,1,OK,75,3,68148,301.53222222222223,297.07,11.648888888888889,2,786,21.39,29,20,68,6,74,4
delta_axis_mix,delta0_jiang_short_baseline_MX1,jiang_short_baseline,MX1,4,101,2,OK,66,3,64545,302.7677777777778,300.9166666666667,12.461944444444445,1,786,23.73,19,21,55,11,67,5
delta_axis_mix,delta0_jiang_short_baseline_MX1,jiang_short_baseline,MX1,4,102,0,OK,55,2,62971,307.37666666666667,290.7655555555556,13.500277777777777,7,786,25.41,24,13,37,5,48,2
delta_axis_mix,delta0_jiang_short_baseline_MX1,jiang_short_baseline,MX1,4,102,1,OK,60,2,60754,310.11,294.1566666666667,14.065,7,786,22.54,26,13,50,5,60,3
delta_axis_mix,delta0_jiang_short_baseline_MX1,jiang_short_baseline,MX1,4,102,2,OK,63,3,61685,308.3311111111111,294.8011111111111,13.082777777777778,5,786,19.07,28,13,37,6,53,3
delta_axis_mix,delta0_jiang_short_baseline_MX1,jiang_short_baseline,MX1,4,103,0,OK,67,2,31413,306.65444444444444,297.27,12.737222222222222,3,786,23.52,49,9,55,3,57,2
delta_axis_mix,delta0_jiang_short_baseline_MX1,jiang_short_baseline,MX1,4,103,1,OK,65,3,49616,315.9711111111111,300.4088888888889,14.992777777777778,7,786,32.6,39,9,60,5,64,4
delta_axis_mix,delta0_jiang_short_baseline_MX1,jiang_short_baseline,MX1,4,103,2,OK,61,2,17586,309.24555555555554,292.6933333333333,13.317777777777778,6,786,23.16,36,10,51,5,56,3
delta_axis_mix,delta0_jiang_short_baseline_MX1,jiang_short_baseline,MX1,4,104,0,OK,68,3,40512,315.2711111111111,303.3177777777778,14.971666666666666,4,786,20.54,37,21,61,5,64,5
delta_axis_mix,delta0_jiang_short_baseline_MX1,jiang_short_baseline,MX1,4,104,1,OK,66,6,43937,318.5133333333333,302.2988888888889,15.706944444444444,6,786,25.9,38,18,58,6,62,6
delta_axis_mix,delta0_jiang_short_baseline_MX1,jiang_short_baseline,MX1,4,104,2,OK,72,3,49985,307.5966666666667,301.8977777777778,12.963055555555556,2,786,17.1,41,17,70,7,63,6
delta_axis_mix,delta0_jiang_short_baseline_MX1,jiang_short_baseline,MX1,4,105,0,OK,86,0,7136,294.9555555555556,283.6566666666667,9.738888888888889,4,786,19.87,70,1,84,0,85,0
delta_axis_mix,delta0_jiang_short_baseline_MX1,jiang_short_baseline,MX1,4,105,1,OK,87,0,7094,283.56666666666666,278.6277777777778,7.270833333333333,2,786,24.0,67,0,81,0,84,0
delta_axis_mix,delta0_jiang_short_baseline_MX1,jiang_short_baseline,MX1,4,105,2,OK,85,0,6303,287.56555555555553,281.2388888888889,8.091388888888888,3,786,13.13,62,0,82,0,83,0
delta_axis_mix,delta0_jiang_short_baseline_MX1,jiang_short_baseline,MX1,4,106,0,OK,76,3,52625,297.7677777777778,296.1044444444444,10.825,1,786,18.37,34,20,59,6,68,3
delta_axis_mix,delta0_jiang_short_baseline_MX1,jiang_short_baseline,MX1,4,106,1,OK,64,4,57682,330.84222222222223,316.9211111111111,19.09138888888889,4,786,25.93,34,19,48,11,55,7
delta_axis_mix,delta0_jiang_short_baseline_MX1,jiang_short_baseline,MX1,4,106,2,OK,69,3,52820,303.64,301.10333333333335,12.127222222222223,1,786,21.91,33,16,48,6,62,3
delta_axis_mix,delta0_jiang_short_baseline_MX1,jiang_short_baseline,MX1,4,107,0,OK,85,0,5029,278.41333333333336,272.24,5.9175,3,786,22.45,59,0,69,0,75,0
delta_axis_mix,delta0_jiang_short_baseline_MX1,jiang_short_baseline,MX1,4,107,1,OK,83,0,7086,281.7322222222222,275.5588888888889,6.614166666666667,3,786,21.72,62,0,76,0,82,0
delta_axis_mix,delta0_jiang_short_baseline_MX1,jiang_short_baseline,MX1,4,107,2,OK,84,0,6765,283.75444444444446,279.2711111111111,7.2588888888888885,2,786,22.09,56,0,65,0,68,0
delta_axis_mix,delta0_jiang_short_baseline_MX1,jiang_short_baseline,MX1,4,108,0,OK,72,0,7140,300.41555555555556,293.6533333333333,11.10388888888889,3,786,20.9,51,6,65,2,68,1
delta_axis_mix,delta0_jiang_short_baseline_MX1,jiang_short_baseline,MX1,4,108,1,OK,71,0,7170,305.50111111111113,297.53444444444443,12.375277777777777,3,786,17.66,53,6,68,1,68,1
delta_axis_mix,delta0_jiang_short_baseline_MX1,jiang_short_baseline,MX1,4,108,2,OK,73,1,15065,307.25,296.9555555555556,12.8125,4,786,19.94,58,6,63,1,70,1
delta_axis_mix,delta0_jiang_short_baseline_MX1,jiang_short_baseline,MX1,4,109,0,OK,80,0,7104,288.9433333333333,287.4088888888889,8.405,1,786,19.14,51,3,64,0,71,0
delta_axis_mix,delta0_jiang_short_baseline_MX1,jiang_short_baseline,MX1,4,109,1,OK,73,0,7108,293.3611111111111,287.5911111111111,9.479166666666666,3,786,21.94,62,4,63,1,66,0
delta_axis_mix,delta0_jiang_short_baseline_MX1,jiang_short_baseline,MX1,4,109,2,OK,75,0,7083,292.13444444444445,288.8433333333333,9.033611111111112,2,786,21.85,46,1,65,0,67,0
delta_axis_mix,delta0_jiang_short_baseline_MX1,jiang_short_baseline,MX1,4,110,0,OK,55,0,7117,300.00555555555553,287.14,11.071666666666667,4,786,22.78,38,8,43,5,50,1
delta_axis_mix,delta0_jiang_short_baseline_MX1,jiang_short_baseline,MX1,4,110,1,OK,71,1,46673,295.16,284.21,9.79,4,786,25.4,39,8,60,3,66,1
delta_axis_mix,delta0_jiang_short_baseline_MX1,jiang_short_baseline,MX1,4,110,2,OK,55,3,28757,309.6533333333333,291.5777777777778,13.413333333333334,7,786,21.07,30,9,46,4,54,3
delta_axis_mix,delta0_jiang_short_baseline_MX1,jiang_short_baseline,MX1,4,111,0,OK,49,1,8811,300.6022222222222,293.90444444444444,11.196111111111112,3,786,25.58,34,11,49,4,47,1
delta_axis_mix,delta0_jiang_short_baseline_MX1,jiang_short_baseline,MX1,4,111,1,OK,58,1,31240,301.75111111111113,296.56111111111113,11.926388888888889,2,786,22.73,42,11,45,2,51,1
delta_axis_mix,delta0_jiang_short_baseline_MX1,jiang_short_baseline,MX1,4,111,2,OK,67,2,46185,301.62111111111113,295.6788888888889,11.543055555555556,2,786,25.11,38,6,41,4,56,2
delta_axis_mix,delta0_jiang_short_baseline_MX1,jiang_short_baseline,MX1,4,112,0,OK,67,7,64611,319.4844444444444,317.8066666666667,15.87111111111111,1,786,23.9,32,25,54,10,59,9
delta_axis_mix,delta0_jiang_short_baseline_MX1,jiang_short_baseline,MX1,4,112,1,OK,61,8,61338,324.6111111111111,318.47444444444443,17.15277777777778,2,786,19.02,30,24,41,13,52,8
delta_axis_mix,delta0_jiang_short_baseline_MX1,jiang_short_baseline,MX1,4,112,2,OK,62,6,61101,339.0488888888889,324.3677777777778,20.76222222222222,5,786,14.4,32,24,54,9,56,8
delta_axis_mix,delta0_jiang_short_baseline_MX1,jiang_short_baseline,MX1,4,113,0,OK,63,3,41299,299.7811111111111,297.70222222222225,10.945277777777777,1,786,23.27,27,13,50,5,60,3
delta_axis_mix,delta0_jiang_short_baseline_MX1,jiang_short_baseline,MX1,4,113,1,OK,77,2,46453,299.38444444444445,296.3355555555556,11.239444444444445,1,786,18.82,33,14,55,4,69,2
delta_axis_mix,delta0_jiang_short_baseline_MX1,jiang_short_baseline,MX1,4,113,2,OK,75,2,49682,298.5733333333333,293.9766666666667,10.682777777777778,2,786,17.31,24,12,71,3,71,2
delta_axis_mix,delta0_jiang_short_baseline_MX1,jiang_short_baseline,MX1,4,114,0,OK,53,4,38549,307.69666666666666,297.0288888888889,12.964722222222223,4,786,24.71,24,21,49,8,49,4
delta_axis_mix,delta0_jiang_short_baseline_MX1,jiang_short_baseline,MX1,4,114,1,OK,63,3,58609,308.70444444444445,297.8,13.176111111111112,4,786,21.89,27,21,58,5,71,4
delta_axis_mix,delta0_jiang_short_baseline_MX1,jiang_short_baseline,MX1,4,114,2,OK,53,3,44692,311.02,298.78222222222223,13.80638888888889,5,786,22.4,25,19,37,10,46,7
delta_axis_mix,delta0_jiang_short_baseline_MX1,jiang_short_baseline,MX1,4,115,0,OK,71,1,17930,308.3833333333333,288.52,13.489722222222222,9,786,28.77,55,7,64,2,68,2
delta_axis_mix,delta0_jiang_short_baseline_MX1,jiang_short_baseline,MX1,4,115,1,OK,59,2,13816,308.1044444444444,291.9977777777778,13.489722222222222,7,786,24.44,46,8,54,5,52,4
delta_axis_mix,delta0_jiang_short_baseline_MX1,jiang_short_baseline,MX1,4,115,2,OK,69,1,33443,305.46777777777777,288.20666666666665,12.66,7,786,21.52,46,7,68,4,62,3
delta_axis_mix,delta0_jiang_short_baseline_MX1,jiang_short_baseline,MX1,4,116,0,OK,65,4,38263,326.2011111111111,300.77666666666664,17.67972222222222,9,786,23.91,34,18,55,9,63,6
delta_axis_mix,delta0_jiang_short_baseline_MX1,jiang_short_baseline,MX1,4,116,1,OK,72,3,63211,303.38,293.09555555555556,12.022777777777778,4,786,25.58,35,15,56,8,69,6
delta_axis_mix,delta0_jiang_short_baseline_MX1,jiang_short_baseline,MX1,4,116,2,OK,67,2,35097,305.7577777777778,292.8011111111111,12.439444444444444,5,786,23.35,37,17,58,5,63,3
delta_axis_mix,delta0_jiang_short_baseline_MX1,jiang_short_baseline,MX1,4,117,0,OK,60,2,16240,304.0966666666667,301.9488888888889,12.213611111111112,1,786,19.35,37,11,59,5,58,2
delta_axis_mix,delta0_jiang_short_baseline_MX1,jiang_short_baseline,MX1,4,117,1,OK,73,1,55210,305.96,300.23555555555555,12.596388888888889,2,786,16.95,31,10,49,5,68,3
delta_axis_mix,delta0_jiang_short_baseline_MX1,jiang_short_baseline,MX1,4,117,2,OK,64,2,47174,311.04555555555555,305.44444444444446,13.795555555555556,2,786,17.72,40,12,52,7,59,2
delta_axis_mix,delta0_jiang_short_baseline_MX1,jiang_short_baseline,MX1,4,118,0,OK,50,7,52602,317.9144444444444,309.97444444444443,15.47861111111111,3,786,19.75,20,25,32,10,33,7
delta_axis_mix,delta0_jiang_short_baseline_MX1,jiang_short_baseline,MX1,4,118,1,OK,53,7,68025,318.46,308.64666666666665,15.814444444444444,3,786,18.45,18,27,51,10,56,8
delta_axis_mix,delta0_jiang_short_baseline_MX1,jiang_short_baseline,MX1,4,118,2,OK,65,6,59725,312.5155555555556,306.8644444444444,14.12888888888889,2,786,16.88,22,25,55,10,61,7
delta_axis_mix,delta0_jiang_short_baseline_MX1,jiang_short_baseline,MX1,4,119,0,OK,56,4,48059,321.95666666666665,306.43,16.489166666666666,6,786,15.95,34,23,49,6,51,4
delta_axis_mix,delta0_jiang_short_baseline_MX1,jiang_short_baseline,MX1,4,119,1,OK,47,8,39425,322.8566666666667,307.8211111111111,16.795277777777777,6,786,23.18,39,22,46,11,55,9
delta_axis_mix,delta0_jiang_short_baseline_MX1,jiang_short_baseline,MX1,4,119,2,OK,44,8,51254,334.46222222222224,314.3088888888889,19.615555555555556,8,786,18.6,29,24,39,9,40,9
delta_axis_mix,delta0_jiang_short_baseline_MX1,jiang_short_baseline,MX1,4,120,0,OK,67,2,42636,302.8777777777778,293.13444444444445,11.984444444444444,3,786,20.87,46,10,57,4,67,2
delta_axis_mix,delta0_jiang_short_baseline_MX1,jiang_short_baseline,MX1,4,120,1,OK,52,1,21810,309.39666666666665,298.8977777777778,13.349166666666667,4,786,23.13,42,8,49,3,49,3
delta_axis_mix,delta0_jiang_short_baseline_MX1,jiang_short_baseline,MX1,4,120,2,OK,59,0,7193,303.93888888888887,295.46777777777777,11.984722222222222,4,786,20.76,44,10,59,2,67,2
delta_axis_mix,delta0_jiang_short_baseline_MX1,jiang_short_baseline,MX1,4,121,0,OK,96,0,3601,274.8988888888889,274.8988888888889,4.724722222222222,0,786,17.05,80,0,86,0,93,0
delta_axis_mix,delta0_jiang_short_baseline_MX1,jiang_short_baseline,MX1,4,121,1,OK,93,0,4809,277.18111111111114,277.18111111111114,5.295277777777778,0,786,18.56,80,0,89,0,91,0
delta_axis_mix,delta0_jiang_short_baseline_MX1,jiang_short_baseline,MX1,4,121,2,OK,95,0,2447,273.84555555555556,273.84555555555556,4.6947222222222225,0,786,16.78,79,0,92,0,95,0
delta_axis_mix,delta0_jiang_short_baseline_MX1,jiang_short_baseline,MX1,4,122,0,OK,74,0,6990,291.20222222222225,291.20222222222225,8.800555555555556,0,786,22.2,54,0,67,0,70,0
delta_axis_mix,delta0_jiang_short_baseline_MX1,jiang_short_baseline,MX1,4,122,1,OK,73,0,7189,288.1166666666667,288.1166666666667,8.09361111111111,0,786,18.79,54,0,66,0,68,0
delta_axis_mix,delta0_jiang_short_baseline_MX1,jiang_short_baseline,MX1,4,122,2,OK,75,0,7066,292.3255555555556,292.3255555555556,9.081388888888888,0,786,19.28,54,0,70,0,74,0
delta_axis_mix,delta0_jiang_short_baseline_MX1,jiang_short_baseline,MX1,4,123,0,OK,65,1,14046,294.5588888888889,291.53222222222223,9.639722222222222,1,786,25.3,41,8,47,5,58,2
delta_axis_mix,delta0_jiang_short_baseline_MX1,jiang_short_baseline,MX1,4,123,1,OK,58,1,13476,296.8122222222222,293.78555555555556,10.203055555555556,1,786,19.98,31,9,64,4,71,3
delta_axis_mix,delta0_jiang_short_baseline_MX1,jiang_short_baseline,MX1,4,123,2,OK,63,2,63604,314.37444444444446,301.7866666666667,14.626944444444444,4,786,20.23,42,9,60,4,60,2
delta_axis_mix,delta0_jiang_short_baseline_MX1,jiang_short_baseline,MX1,4,124,0,OK,56,2,38881,304.45444444444445,298.00888888888886,12.114444444444445,3,786,19.29,28,15,44,4,52,2
delta_axis_mix,delta0_jiang_short_baseline_MX1,jiang_short_baseline,MX1,4,124,1,OK,74,2,35989,302.83222222222224,297.4111111111111,11.708055555555555,2,786,19.26,32,13,62,5,68,2
delta_axis_mix,delta0_jiang_short_baseline_MX1,jiang_short_baseline,MX1,4,124,2,OK,58,4,36171,311.16555555555556,300.1766666666667,13.948888888888888,4,786,19.79,30,14,49,6,50,5
delta_axis_mix,delta0_jiang_short_baseline_MX1,jiang_short_baseline,MX1,4,125,0,OK,63,4,51626,314.7088888888889,288.14444444444445,14.753055555555555,11,786,25.21,38,17,50,11,65,7
delta_axis_mix,delta0_jiang_short_baseline_MX1,jiang_short_baseline,MX1,4,125,1,OK,63,7,58917,312.24333333333334,289.9122222222222,14.334166666666667,10,786,25.95,36,19,53,8,53,7
delta_axis_mix,delta0_jiang_short_baseline_MX1,jiang_short_baseline,MX1,4,125,2,OK,53,6,34018,316.52666666666664,286.43444444444447,15.321944444444444,12,786,22.53,38,18,44,9,44,9
delta_axis_mix,delta0_jiang_short_baseline_MX1,jiang_short_baseline,MX1,4,126,0,OK,44,5,58198,317.69444444444446,301.9533333333333,15.63,6,786,23.58,29,28,46,13,39,7
delta_axis_mix,delta0_jiang_short_baseline_MX1,jiang_short_baseline,MX1,4,126,1,OK,60,6,45968,324.98555555555555,307.27444444444444,17.364444444444445,6,786,19.35,29,21,51,10,54,9
delta_axis_mix,delta0_jiang_short_baseline_MX1,jiang_short_baseline,MX1,4,126,2,OK,50,6,44196,328.8666666666667,307.8,18.25138888888889,7,786,23.19,28,28,44,9,47,7
delta_axis_mix,delta0_jiang_short_baseline_MX1,jiang_short_baseline,MX1,4,127,0,OK,58,2,61595,306.09777777777776,303.81444444444446,12.744722222222222,1,786,21.81,22,24,54,3,54,3
delta_axis_mix,delta0_jiang_short_baseline_MX1,jiang_short_baseline,MX1,4,127,1,OK,53,4,56400,324.20222222222225,311.3355555555556,17.050555555555555,4,786,22.01,24,23,51,7,50,5
delta_axis_mix,delta0_jiang_short_baseline_MX1,jiang_short_baseline,MX1,4,127,2,OK,40,6,52633,326.6433333333333,313.71555555555557,17.862222222222222,5,786,17.01,23,19,36,10,43,8
delta_axis_mix,delta0_jiang_short_baseline_MX1,jiang_short_baseline,MX1,4,128,0,OK,89,0,7101,280.97222222222223,277.05444444444447,6.314166666666667,2,786,23.69,66,1,83,0,88,0
delta_axis_mix,delta0_jiang_short_baseline_MX1,jiang_short_baseline,MX1,4,128,1,OK,89,0,6793,286.5411111111111,276.56444444444446,7.735,4,786,23.5,64,0,82,0,85,0
delta_axis_mix,delta0_jiang_short_baseline_MX1,jiang_short_baseline,MX1,4,128,2,OK,90,0,7148,277.91777777777776,273.5722222222222,5.631388888888889,2,786,18.01,55,0,72,0,82,0
delta_axis_mix,delta0_jiang_short_baseline_MX1,jiang_short_baseline,MX1,4,129,0,OK,73,0,7167,285.0077777777778,278.7788888888889,7.374722222222222,3,786,24.54,44,2,69,0,70,0
delta_axis_mix,delta0_jiang_short_baseline_MX1,jiang_short_baseline,MX1,4,129,1,OK,58,0,7105,292.7422222222222,283.8511111111111,9.186111111111112,3,786,22.15,48,0,48,0,55,0
delta_axis_mix,delta0_jiang_short_baseline_MX1,jiang_short_baseline,MX1,4,129,2,OK,81,0,6266,278.6044444444444,278.6044444444444,5.743611111111111,0,786,19.04,48,2,78,0,78,0
delta_axis_mix,delta0_jiang_short_baseline_MX1,jiang_short_baseline,MX1,4,130,0,OK,64,5,33776,314.2366666666667,302.27555555555557,14.58611111111111,5,786,24.46,42,18,54,8,54,6
delta_axis_mix,delta0_jiang_short_baseline_MX1,jiang_short_baseline,MX1,4,130,1,OK,68,2,36852,306.28444444444443,295.3,12.571111111111112,4,786,17.68,42,15,51,6,56,3
delta_axis_mix,delta0_jiang_short_baseline_MX1,jiang_short_baseline,MX1,4,130,2,OK,63,3,37308,312.6411111111111,305.44666666666666,14.25611111111111,3,786,24.68,36,17,54,8,58,5
delta_axis_mix,delta0_jiang_short_baseline_MX1,jiang_short_baseline,MX1,5,101,0,OK,97,0,0,314.03333333333336,293.9477777777778,1.5222222222222221,7,786,32.34,88,0,95,0,97,0
delta_axis_mix,delta0_jiang_short_baseline_MX1,jiang_short_baseline,MX1,5,102,0,OK,96,0,3074,330.4822222222222,298.33222222222224,3.9316666666666666,13,786,33.21,88,0,94,0,95,0
delta_axis_mix,delta0_jiang_short_baseline_MX1,jiang_short_baseline,MX1,5,103,0,OK,97,0,0,330.9411111111111,295.24,4.339444444444444,13,786,38.39,95,0,96,0,97,0
delta_axis_mix,delta0_jiang_short_baseline_MX1,jiang_short_baseline,MX1,5,104,0,OK,95,0,658,324.00333333333333,304.0111111111111,3.0411111111111113,7,786,38.29,87,0,92,0,94,0
delta_axis_mix,delta0_jiang_short_baseline_MX1,jiang_short_baseline,MX1,5,105,0,OK,97,0,0,281.37333333333333,274.85555555555555,1.9322222222222223,2,786,27.23,96,0,97,0,97,0
delta_axis_mix,delta0_jiang_short_baseline_MX1,jiang_short_baseline,MX1,5,106,0,OK,96,0,1518,326.43555555555554,305.22333333333336,2.7916666666666665,6,786,36.51,89,0,94,0,96,0
delta_axis_mix,delta0_jiang_short_baseline_MX1,jiang_short_baseline,MX1,5,107,0,OK,97,0,0,270.59444444444443,263.3911111111111,0.8933333333333333,3,786,31.06,97,0,97,0,97,0
delta_axis_mix,delta0_jiang_short_baseline_MX1,jiang_short_baseline,MX1,5,108,0,OK,97,0,0,304.8355555555556,292.28777777777776,2.9477777777777776,5,786,35.18,97,0,97,0,97,0
delta_axis_mix,delta0_jiang_short_baseline_MX1,jiang_short_baseline,MX1,5,109,0,OK,97,0,0,281.37333333333333,278.08222222222224,1.7247222222222223,2,786,33.43,97,0,97,0,97,0
delta_axis_mix,delta0_jiang_short_baseline_MX1,jiang_short_baseline,MX1,5,110,0,OK,97,0,0,303.1644444444444,284.2888888888889,0.9416666666666667,8,786,29.79,94,0,95,0,97,0
delta_axis_mix,delta0_jiang_short_baseline_MX1,jiang_short_baseline,MX1,5,111,0,OK,97,0,0,306.5488888888889,293.15777777777777,1.5619444444444444,5,786,31.3,96,0,97,0,97,0
delta_axis_mix,delta0_jiang_short_baseline_MX1,jiang_short_baseline,MX1,5,112,0,OK,84,0,6871,354.9111111111111,324.3333333333333,8.729722222222222,12,786,40.56,72,0,82,0,83,0
delta_axis_mix,delta0_jiang_short_baseline_MX1,jiang_short_baseline,MX1,5,113,0,OK,97,0,0,311.3977777777778,293.33222222222224,1.4008333333333334,6,786,25.05,91,0,95,0,96,0
delta_axis_mix,delta0_jiang_short_baseline_MX1,jiang_short_baseline,MX1,5,114,0,OK,96,0,4206,320.6477777777778,295.6333333333333,1.5958333333333334,10,786,25.82,90,0,94,0,96,0
delta_axis_mix,delta0_jiang_short_baseline_MX1,jiang_short_baseline,MX1,5,115,0,OK,97,0,0,316.5588888888889,285.93,3.238611111111111,12,786,31.71,94,0,97,0,97,0
delta_axis_mix,delta0_jiang_short_baseline_MX1,jiang_short_baseline,MX1,5,116,0,OK,97,0,0,327.21666666666664,298.4844444444444,2.499722222222222,11,786,33.68,89,0,96,0,97,0
delta_axis_mix,delta0_jiang_short_baseline_MX1,jiang_short_baseline,MX1,5,117,0,OK,97,0,0,307.62666666666667,295.5466666666667,2.480277777777778,5,786,25.77,95,0,97,0,97,0
delta_axis_mix,delta0_jiang_short_baseline_MX1,jiang_short_baseline,MX1,5,118,0,OK,87,0,4908,338.1922222222222,311.78555555555556,4.684444444444445,10,786,31.88,76,0,86,0,87,0
delta_axis_mix,delta0_jiang_short_baseline_MX1,jiang_short_baseline,MX1,5,119,0,OK,96,0,693,334.23,308.51,4.444166666666667,10,786,28.62,85,0,94,0,96,0
delta_axis_mix,delta0_jiang_short_baseline_MX1,jiang_short_baseline,MX1,5,120,0,OK,97,0,0,306.91333333333336,290.71222222222224,3.289722222222222,6,786,30.9,94,0,97,0,97,0
delta_axis_mix,delta0_jiang_short_baseline_MX1,jiang_short_baseline,MX1,5,121,0,OK,97,0,0,265.1066666666667,265.1066666666667,0.9508333333333333,0,786,19.32,97,0,97,0,97,0
delta_axis_mix,delta0_jiang_short_baseline_MX1,jiang_short_baseline,MX1,5,122,0,OK,97,0,0,279.7922222222222,279.7922222222222,0.9905555555555555,0,786,19.54,97,0,97,0,97,0
delta_axis_mix,delta0_jiang_short_baseline_MX1,jiang_short_baseline,MX1,5,123,0,OK,97,0,0,317.0133333333333,294.72555555555556,2.713611111111111,8,786,31.19,94,0,96,0,97,0
delta_axis_mix,delta0_jiang_short_baseline_MX1,jiang_short_baseline,MX1,5,124,0,OK,97,0,0,306.63666666666666,290.7011111111111,0.9525,6,786,27.57,94,0,97,0,97,0
delta_axis_mix,delta0_jiang_short_baseline_MX1,jiang_short_baseline,MX1,5,125,0,OK,95,0,3717,337.53777777777776,293.81333333333333,5.1658333333333335,18,786,36.17,83,0,89,0,91,0
delta_axis_mix,delta0_jiang_short_baseline_MX1,jiang_short_baseline,MX1,5,126,0,OK,89,0,3188,345.1722222222222,308.89222222222224,6.6097222222222225,12,786,35.55,79,0,83,0,88,0
delta_axis_mix,delta0_jiang_short_baseline_MX1,jiang_short_baseline,MX1,5,127,0,OK,93,0,5094,313.6688888888889,302.1322222222222,1.5525,4,786,22.03,88,0,91,0,93,0
delta_axis_mix,delta0_jiang_short_baseline_MX1,jiang_short_baseline,MX1,5,128,0,OK,97,0,0,280.6455555555556,268.6711111111111,1.9844444444444445,5,786,28.14,97,0,97,0,97,0
delta_axis_mix,delta0_jiang_short_baseline_MX1,jiang_short_baseline,MX1,5,129,0,OK,97,0,0,282.2133333333333,275.14222222222224,2.4025,3,786,29.34,97,0,97,0,97,0
delta_axis_mix,delta0_jiang_short_baseline_MX1,jiang_short_baseline,MX1,5,130,0,OK,97,0,0,320.9188888888889,299.0311111111111,2.238611111111111,9,786,21.14,88,0,93,0,97,0
delta_axis_mix,delta0_jiang_short_baseline_MX1,jiang_short_baseline,MX1,6,101,0,OK,97,0,0,311.8988888888889,291.1433333333333,0.3927777777777778,8,786,40.14,97,0,97,0,97,0
delta_axis_mix,delta0_jiang_short_baseline_MX1,jiang_short_baseline,MX1,6,102,0,OK,97,0,0,310.52666666666664,284.3888888888889,2.767777777777778,9,786,33.08,97,0,97,0,97,0
delta_axis_mix,delta0_jiang_short_baseline_MX1,jiang_short_baseline,MX1,6,103,0,OK,97,0,0,305.03777777777776,278.37555555555554,1.9644444444444444,10,786,23.02,97,0,97,0,97,0
delta_axis_mix,delta0_jiang_short_baseline_MX1,jiang_short_baseline,MX1,6,104,0,OK,97,0,0,307.52222222222224,286.3511111111111,2.370277777777778,8,786,45.61,97,0,97,0,97,0
delta_axis_mix,delta0_jiang_short_baseline_MX1,jiang_short_baseline,MX1,6,105,0,OK,97,0,0,275.48333333333335,266.53777777777776,3.098333333333333,3,786,35.82,97,0,97,0,97,0
delta_axis_mix,delta0_jiang_short_baseline_MX1,jiang_short_baseline,MX1,6,106,0,OK,97,0,0,310.89,291.18888888888887,0.7666666666666667,6,786,38.11,97,0,97,0,97,0
delta_axis_mix,delta0_jiang_short_baseline_MX1,jiang_short_baseline,MX1,6,107,0,OK,97,0,0,267.11555555555555,259.3122222222222,1.1277777777777778,3,786,35.37,97,0,97,0,97,0
delta_axis_mix,delta0_jiang_short_baseline_MX1,jiang_short_baseline,MX1,6,108,0,OK,97,0,0,296.68333333333334,283.42,2.783333333333333,5,786,36.57,97,0,97,0,97,0
delta_axis_mix,delta0_jiang_short_baseline_MX1,jiang_short_baseline,MX1,6,109,0,OK,97,0,0,285.1222222222222,277.08,1.5594444444444444,3,786,29.84,97,0,97,0,97,0
delta_axis_mix,delta0_jiang_short_baseline_MX1,jiang_short_baseline,MX1,6,110,0,OK,97,0,0,292.00444444444446,276.82666666666665,1.6025,6,786,38.25,97,0,97,0,97,0
delta_axis_mix,delta0_jiang_short_baseline_MX1,jiang_short_baseline,MX1,6,111,0,OK,97,0,0,294.7522222222222,282.03777777777776,1.9858333333333333,5,786,33.71,97,0,97,0,97,0
delta_axis_mix,delta0_jiang_short_baseline_MX1,jiang_short_baseline,MX1,6,112,0,OK,97,0,0,342.81111111111113,307.8677777777778,1.5161111111111112,12,786,38.01,97,0,97,0,97,0
delta_axis_mix,delta0_jiang_short_baseline_MX1,jiang_short_baseline,MX1,6,113,0,OK,97,0,0,297.28,282.0466666666667,1.0783333333333334,6,786,33.8,97,0,97,0,97,0
delta_axis_mix,delta0_jiang_short_baseline_MX1,jiang_short_baseline,MX1,6,114,0,OK,97,0,0,305.18111111111114,284.2055555555556,1.1325,8,786,30.64,97,0,97,0,97,0
delta_axis_mix,delta0_jiang_short_baseline_MX1,jiang_short_baseline,MX1,6,115,0,OK,97,0,0,305.73333333333335,277.6588888888889,2.3419444444444446,11,786,34.97,97,0,97,0,97,0
delta_axis_mix,delta0_jiang_short_baseline_MX1,jiang_short_baseline,MX1,6,116,0,OK,97,0,0,311.89444444444445,282.93,1.9844444444444445,11,786,39.1,97,0,97,0,97,0
delta_axis_mix,delta0_jiang_short_baseline_MX1,jiang_short_baseline,MX1,6,117,0,OK,97,0,0,302.74666666666667,289.54777777777775,2.661111111111111,5,786,31.84,97,0,97,0,97,0
delta_axis_mix,delta0_jiang_short_baseline_MX1,jiang_short_baseline,MX1,6,118,0,OK,97,0,0,340.53333333333336,309.53777777777776,1.0966666666666667,10,786,34.8,97,0,97,0,97,0
delta_axis_mix,delta0_jiang_short_baseline_MX1,jiang_short_baseline,MX1,6,119,0,OK,97,0,0,320.98555555555555,298.39444444444445,1.8577777777777778,9,786,40.56,97,0,97,0,97,0
delta_axis_mix,delta0_jiang_short_baseline_MX1,jiang_short_baseline,MX1,6,120,0,OK,97,0,0,299.3066666666667,284.1455555555556,1.3591666666666666,6,786,34.4,97,0,97,0,97,0
delta_axis_mix,delta0_jiang_short_baseline_MX1,jiang_short_baseline,MX1,6,121,0,OK,97,0,0,265.2688888888889,265.2688888888889,0.8913888888888889,0,786,22.21,97,0,97,0,97,0
delta_axis_mix,delta0_jiang_short_baseline_MX1,jiang_short_baseline,MX1,6,122,0,OK,97,0,0,277.47555555555556,277.47555555555556,0.6338888888888888,0,786,26.1,97,0,97,0,97,0
delta_axis_mix,delta0_jiang_short_baseline_MX1,jiang_short_baseline,MX1,6,123,0,OK,97,0,0,303.8433333333333,286.0466666666667,1.1216666666666666,6,786,30.55,97,0,97,0,97,0
delta_axis_mix,delta0_jiang_short_baseline_MX1,jiang_short_baseline,MX1,6,124,0,OK,97,0,0,300.31333333333333,283.1011111111111,1.4569444444444444,7,786,31.17,97,0,97,0,97,0
delta_axis_mix,delta0_jiang_short_baseline_MX1,jiang_short_baseline,MX1,6,125,0,OK,97,0,0,318.4111111111111,274.46444444444444,2.2883333333333336,17,786,50.01,97,0,97,0,97,0
delta_axis_mix,delta0_jiang_short_baseline_MX1,jiang_short_baseline,MX1,6,126,0,OK,97,0,0,327.34777777777776,294.52777777777777,2.951388888888889,12,786,40.01,97,0,97,0,97,0
delta_axis_mix,delta0_jiang_short_baseline_MX1,jiang_short_baseline,MX1,6,127,0,OK,97,0,0,309.5588888888889,293.49,1.9013888888888888,6,786,30.21,97,0,97,0,97,0
delta_axis_mix,delta0_jiang_short_baseline_MX1,jiang_short_baseline,MX1,6,128,0,OK,97,0,0,272.7611111111111,265.5988888888889,1.0019444444444445,3,786,31.23,97,0,97,0,97,0
delta_axis_mix,delta0_jiang_short_baseline_MX1,jiang_short_baseline,MX1,6,129,0,OK,97,0,0,278.02777777777777,271.25,1.4672222222222222,3,786,26.99,97,0,97,0,97,0
delta_axis_mix,delta0_jiang_short_baseline_MX1,jiang_short_baseline,MX1,6,130,0,OK,97,0,0,306.68,286.03555555555556,1.3533333333333333,8,786,35.47,97,0,97,0,97,0
delta_axis_mix,delta20_jiang_short_baseline_MX1,jiang_short_baseline,MX1,4,101,0,OK,75,3,67151,302.2011111111111,299.01666666666665,12.068888888888889,1,786,26.44,20,29,55,9,73,5
delta_axis_mix,delta20_jiang_short_baseline_MX1,jiang_short_baseline,MX1,4,102,0,OK,64,3,62587,311.35,297.41555555555556,13.8375,4,786,25.79,21,19,54,4,58,3
delta_axis_mix,delta20_jiang_short_baseline_MX1,jiang_short_baseline,MX1,4,103,0,OK,80,2,51655,298.6933333333333,289.0833333333333,10.828333333333333,2,786,24.13,46,12,58,3,77,3
delta_axis_mix,delta20_jiang_short_baseline_MX1,jiang_short_baseline,MX1,4,104,0,OK,77,3,44065,307.9577777777778,298.90777777777777,13.425277777777778,2,786,20.64,34,24,71,6,72,3
delta_axis_mix,delta20_jiang_short_baseline_MX1,jiang_short_baseline,MX1,4,105,0,OK,88,0,6809,291.9977777777778,284.6433333333333,9.08611111111111,2,786,22.09,74,1,81,0,87,0
delta_axis_mix,delta20_jiang_short_baseline_MX1,jiang_short_baseline,MX1,4,106,0,OK,63,3,49030,339.39444444444445,326.41333333333336,21.065277777777776,3,786,22.82,33,26,51,7,49,4
delta_axis_mix,delta20_jiang_short_baseline_MX1,jiang_short_baseline,MX1,4,107,0,OK,82,0,6501,272.9266666666667,269.5288888888889,4.837777777777778,1,786,21.0,59,0,74,0,80,0
delta_axis_mix,delta20_jiang_short_baseline_MX1,jiang_short_baseline,MX1,4,108,0,OK,75,0,7103,301.8388888888889,298.3522222222222,11.533333333333333,1,786,18.85,55,8,69,1,71,0
delta_axis_mix,delta20_jiang_short_baseline_MX1,jiang_short_baseline,MX1,4,109,0,OK,72,0,7143,298.45,292.04,11.12111111111111,2,786,19.98,47,2,63,0,69,0
delta_axis_mix,delta20_jiang_short_baseline_MX1,jiang_short_baseline,MX1,4,110,0,OK,73,1,45839,300.68888888888887,288.02666666666664,11.172222222222222,3,786,21.94,31,14,53,4,57,3
delta_axis_mix,delta20_jiang_short_baseline_MX1,jiang_short_baseline,MX1,4,111,0,OK,57,2,32648,303.05444444444447,298.6977777777778,11.833055555555555,1,786,22.95,29,14,46,2,56,2
delta_axis_mix,delta20_jiang_short_baseline_MX1,jiang_short_baseline,MX1,4,112,0,OK,68,6,66190,314.7477777777778,311.36,14.887222222222222,1,786,25.0,28,27,63,7,58,6
delta_axis_mix,delta20_jiang_short_baseline_MX1,jiang_short_baseline,MX1,4,113,0,OK,79,2,45448,299.24666666666667,294.84555555555556,10.811666666666667,1,786,18.89,27,18,62,4,74,2
delta_axis_mix,delta20_jiang_short_baseline_MX1,jiang_short_baseline,MX1,4,114,0,OK,57,3,61892,306.4477777777778,299.79555555555555,12.671111111111111,2,786,19.73,35,29,55,7,52,4
delta_axis_mix,delta20_jiang_short_baseline_MX1,jiang_short_baseline,MX1,4,115,0,OK,73,4,48536,318.5711111111111,298.2322222222222,15.837777777777777,5,786,17.9,43,14,56,8,64,4
delta_axis_mix,delta20_jiang_short_baseline_MX1,jiang_short_baseline,MX1,4,116,0,OK,64,6,38989,323.47,303.03444444444443,17.006944444444443,5,786,23.19,24,19,50,6,54,6
delta_axis_mix,delta20_jiang_short_baseline_MX1,jiang_short_baseline,MX1,4,117,0,OK,66,1,40937,310.5988888888889,304.71,14.018333333333333,1,786,20.02,39,14,65,4,63,1
delta_axis_mix,delta20_jiang_short_baseline_MX1,jiang_short_baseline,MX1,4,118,0,OK,62,6,74660,320.2522222222222,312.01666666666665,16.063055555555554,2,786,22.38,18,35,55,11,59,7
delta_axis_mix,delta20_jiang_short_baseline_MX1,jiang_short_baseline,MX1,4,119,0,OK,45,6,58365,347.59777777777776,322.33444444444444,23.173333333333332,6,786,22.93,28,20,50,9,52,7
delta_axis_mix,delta20_jiang_short_baseline_MX1,jiang_short_baseline,MX1,4,120,0,OK,65,1,25160,308.8488888888889,297.8955555555556,13.273055555555555,3,786,21.07,47,13,69,3,66,2
delta_axis_mix,delta20_jiang_short_baseline_MX1,jiang_short_baseline,MX1,4,121,0,OK,94,0,4080,276.46222222222224,276.46222222222224,5.115555555555556,0,786,19.51,80,0,86,0,92,0
delta_axis_mix,delta20_jiang_short_baseline_MX1,jiang_short_baseline,MX1,4,122,0,OK,73,0,7148,290.14666666666665,290.14666666666665,8.536666666666667,0,786,20.51,49,0,70,0,72,0
delta_axis_mix,delta20_jiang_short_baseline_MX1,jiang_short_baseline,MX1,4,123,0,OK,64,2,18289,302.7388888888889,294.72444444444443,11.776388888888889,2,786,23.85,37,8,57,4,60,3
delta_axis_mix,delta20_jiang_short_baseline_MX1,jiang_short_baseline,MX1,4,124,0,OK,71,2,38996,302.2344444444444,297.6011111111111,11.55861111111111,1,786,23.86,26,17,59,3,64,2
delta_axis_mix,delta20_jiang_short_baseline_MX1,jiang_short_baseline,MX1,4,125,0,OK,62,10,64058,338.9477777777778,303.97,20.84,9,786,17.78,37,19,52,17,59,11
delta_axis_mix,delta20_jiang_short_baseline_MX1,jiang_short_baseline,MX1,4,126,0,OK,59,7,68574,361.45222222222225,320.79333333333335,26.46361111111111,9,786,21.42,28,31,41,13,47,10
delta_axis_mix,delta20_jiang_short_baseline_MX1,jiang_short_baseline,MX1,4,127,0,OK,59,3,69017,334.66777777777776,314.12666666666667,19.674166666666668,4,786,26.27,23,29,51,5,51,3
delta_axis_mix,delta20_jiang_short_baseline_MX1,jiang_short_baseline,MX1,4,128,0,OK,90,0,6503,281.3177777777778,277.97444444444443,6.515,1,786,21.38,65,3,80,0,86,0
delta_axis_mix,delta20_jiang_short_baseline_MX1,jiang_short_baseline,MX1,4,129,0,OK,83,0,6829,279.7866666666667,279.7866666666667,5.980277777777777,0,786,21.66,43,3,72,0,80,0
delta_axis_mix,delta20_jiang_short_baseline_MX1,jiang_short_baseline,MX1,4,130,0,OK,74,3,47418,328.2922222222222,305.5411111111111,18.208055555555557,5,786,24.23,32,22,53,7,54,6
delta_axis_mix,delta20_jiang_short_baseline_MX1,jiang_short_baseline,MX1,5,101,0,OK,88,0,5644,329.55444444444447,306.11,3.303611111111111,5,786,29.2,69,0,78,0,88,0
delta_axis_mix,delta20_jiang_short_baseline_MX1,jiang_short_baseline,MX1,5,101,1,OK,86,0,6680,332.39444444444445,311.13666666666666,4.543888888888889,5,786,28.75,77,0,83,0,86,0
delta_axis_mix,delta20_jiang_short_baseline_MX1,jiang_short_baseline,MX1,5,101,2,OK,91,0,6427,326.4277777777778,304.52777777777777,2.0519444444444446,5,786,24.6,69,0,80,0,91,0
delta_axis_mix,delta20_jiang_short_baseline_MX1,jiang_short_baseline,MX1,5,102,0,OK,91,0,5670,331.72555555555556,302.3588888888889,4.380277777777778,8,786,33.87,76,0,87,0,89,0
delta_axis_mix,delta20_jiang_short_baseline_MX1,jiang_short_baseline,MX1,5,102,1,OK,91,0,6720,336.49111111111114,305.23333333333335,4.783611111111111,8,786,32.8,75,0,81,0,89,0
delta_axis_mix,delta20_jiang_short_baseline_MX1,jiang_short_baseline,MX1,5,102,2,OK,91,0,5939,336.33,305.9688888888889,4.740555555555556,7,786,25.34,75,0,88,0,91,0
delta_axis_mix,delta20_jiang_short_baseline_MX1,jiang_short_baseline,MX1,5,103,0,OK,97,0,0,328.27555555555557,299.43888888888887,3.22,7,786,29.29,89,0,96,0,96,0
delta_axis_mix,delta20_jiang_short_baseline_MX1,jiang_short_baseline,MX1,5,103,1,OK,96,0,1050,331.3255555555556,299.39444444444445,4.038055555555555,7,786,30.05,86,0,93,0,93,0
delta_axis_mix,delta20_jiang_short_baseline_MX1,jiang_short_baseline,MX1,5,103,2,OK,96,0,1943,335.26222222222225,303.3622222222222,5.3,8,786,31.23,87,0,94,0,95,0
delta_axis_mix,delta20_jiang_short_baseline_MX1,jiang_short_baseline,MX1,5,104,0,OK,92,0,6874,341.01,313.22777777777776,5.934722222222222,7,786,26.44,70,0,81,0,89,0
delta_axis_mix,delta20_jiang_short_baseline_MX1,jiang_short_baseline,MX1,5,104,1,OK,93,0,5612,340.6166666666667,313.8388888888889,7.3025,7,786,27.21,78,0,87,0,90,0
delta_axis_mix,delta20_jiang_short_baseline_MX1,jiang_short_baseline,MX1,5,104,2,OK,91,0,5790,338.1388888888889,313.76,7.02,6,786,26.75,77,0,85,0,90,0
delta_axis_mix,delta20_jiang_short_baseline_MX1,jiang_short_baseline,MX1,5,105,0,OK,97,0,0,289.9844444444444,280.1111111111111,2.1744444444444446,2,786,27.59,95,0,97,0,97,0
delta_axis_mix,delta20_jiang_short_baseline_MX1,jiang_short_baseline,MX1,5,105,1,OK,97,0,0,290.66,278.4844444444444,3.5441666666666665,3,786,20.74,95,0,97,0,97,0
delta_axis_mix,delta20_jiang_short_baseline_MX1,jiang_short_baseline,MX1,5,105,2,OK,97,0,0,288.57,279.3855555555556,2.37,2,786,30.05,96,0,97,0,97,0
delta_axis_mix,delta20_jiang_short_baseline_MX1,jiang_short_baseline,MX1,5,106,0,OK,88,0,6597,329.7311111111111,310.51666666666665,3.972777777777778,5,786,22.92,73,0,88,0,88,0
delta_axis_mix,delta20_jiang_short_baseline_MX1,jiang_short_baseline,MX1,5,106,1,OK,88,0,7096,321.53,301.90222222222224,3.0191666666666666,4,786,25.12,74,0,77,0,83,0
delta_axis_mix,delta20_jiang_short_baseline_MX1,jiang_short_baseline,MX1,5,106,2,OK,86,0,7001,333.7288888888889,312.7311111111111,4.073055555555555,5,786,21.83,73,0,78,0,86,0
delta_axis_mix,delta20_jiang_short_baseline_MX1,jiang_short_baseline,MX1,5,107,0,OK,97,0,0,280.93555555555554,270.34222222222223,1.5794444444444444,3,786,30.83,95,0,97,0,97,0
delta_axis_mix,delta20_jiang_short_baseline_MX1,jiang_short_baseline,MX1,5,107,1,OK,97,0,0,283.33666666666664,271.72777777777776,1.3947222222222222,3,786,27.49,95,0,97,0,97,0
delta_axis_mix,delta20_jiang_short_baseline_MX1,jiang_short_baseline,MX1,5,107,2,OK,97,0,0,279.30555555555554,268.0077777777778,1.538888888888889,3,786,26.54,96,0,97,0,97,0
delta_axis_mix,delta20_jiang_short_baseline_MX1,jiang_short_baseline,MX1,5,108,0,OK,97,0,0,323.2866666666667,302.8288888888889,3.8933333333333335,5,786,30.69,94,0,96,0,97,0
delta_axis_mix,delta20_jiang_short_baseline_MX1,jiang_short_baseline,MX1,5,108,1,OK,95,0,2839,342.2288888888889,313.15555555555557,6.01,7,786,25.02,93,0,94,0,95,0
delta_axis_mix,delta20_jiang_short_baseline_MX1,jiang_short_baseline,MX1,5,108,2,OK,97,0,0,324.1711111111111,301.2011111111111,4.400277777777778,6,786,29.6,92,0,96,0,97,0
delta_axis_mix,delta20_jiang_short_baseline_MX1,jiang_short_baseline,MX1,5,109,0,OK,97,0,0,287.1088888888889,280.24111111111114,1.4902777777777778,2,786,26.4,97,0,97,0,97,0
delta_axis_mix,delta20_jiang_short_baseline_MX1,jiang_short_baseline,MX1,5,109,1,OK,97,0,0,297.12666666666667,286.9,2.0522222222222224,3,786,29.14,97,0,97,0,97,0
delta_axis_mix,delta20_jiang_short_baseline_MX1,jiang_short_baseline,MX1,5,109,2,OK,97,0,0,292.37666666666667,284.5777777777778,2.2705555555555557,2,786,24.09,96,0,97,0,97,0
delta_axis_mix,delta20_jiang_short_baseline_MX1,jiang_short_baseline,MX1,5,110,0,OK,94,0,5705,312.59777777777776,293.12111111111113,2.423888888888889,5,786,30.56,89,0,92,0,92,0
delta_axis_mix,delta20_jiang_short_baseline_MX1,jiang_short_baseline,MX1,5,110,1,OK,95,0,2927,322.6088888888889,294.09444444444443,2.6997222222222224,7,786,28.87,86,0,93,0,94,0
delta_axis_mix,delta20_jiang_short_baseline_MX1,jiang_short_baseline,MX1,5,110,2,OK,95,0,2518,309.65555555555557,288.93,1.378611111111111,5,786,25.67,85,0,92,0,94,0
delta_axis_mix,delta20_jiang_short_baseline_MX1,jiang_short_baseline,MX1,5,111,0,OK,96,0,1234,324.0,304.06333333333333,3.5080555555555555,5,786,28.27,86,0,90,0,95,0
delta_axis_mix,delta20_jiang_short_baseline_MX1,jiang_short_baseline,MX1,5,111,1,OK,96,0,2856,328.4211111111111,305.75555555555553,3.6169444444444445,6,786,28.47,86,0,93,0,94,0
delta_axis_mix,delta20_jiang_short_baseline_MX1,jiang_short_baseline,MX1,5,111,2,OK,95,0,612,314.67333333333335,297.64444444444445,3.2169444444444446,4,786,26.16,89,0,95,0,95,0
delta_axis_mix,delta20_jiang_short_baseline_MX1,jiang_short_baseline,MX1,5,112,0,OK,69,0,7047,364.64222222222224,329.46777777777777,11.209166666666667,9,786,33.12,58,5,59,1,66,0
delta_axis_mix,delta20_jiang_short_baseline_MX1,jiang_short_baseline,MX1,5,112,1,OK,75,1,30413,364.39666666666665,332.00888888888886,11.625,7,786,22.71,59,4,69,3,74,2
delta_axis_mix,delta20_jiang_short_baseline_MX1,jiang_short_baseline,MX1,5,112,2,OK,71,0,7130,367.31333333333333,332.3677777777778,12.301388888888889,8,786,26.53,59,5,68,1,67,0
delta_axis_mix,delta20_jiang_short_baseline_MX1,jiang_short_baseline,MX1,5,113,0,OK,93,0,6553,327.39666666666665,307.90555555555557,2.4625,4,786,26.11,80,0,87,0,90,0
delta_axis_mix,delta20_jiang_short_baseline_MX1,jiang_short_baseline,MX1,5,113,1,OK,95,0,3587,325.77444444444444,300.84777777777776,1.7052777777777777,6,786,27.28,83,0,92,0,95,0
delta_axis_mix,delta20_jiang_short_baseline_MX1,jiang_short_baseline,MX1,5,113,2,OK,93,0,6339,325.1188888888889,304.96,2.688888888888889,5,786,24.64,82,0,87,0,90,0
delta_axis_mix,delta20_jiang_short_baseline_MX1,jiang_short_baseline,MX1,5,114,0,OK,88,0,5689,326.75666666666666,303.92333333333335,2.351111111111111,6,786,23.57,68,0,79,0,83,0
delta_axis_mix,delta20_jiang_short_baseline_MX1,jiang_short_baseline,MX1,5,114,1,OK,92,0,6096,325.88444444444445,303.6722222222222,2.0505555555555555,5,786,26.51,69,0,81,0,91,0
delta_axis_mix,delta20_jiang_short_baseline_MX1,jiang_short_baseline,MX1,5,114,2,OK,90,0,7163,329.24888888888887,304.71777777777777,2.5972222222222223,6,786,25.8,65,0,77,0,87,0
delta_axis_mix,delta20_jiang_short_baseline_MX1,jiang_short_baseline,MX1,5,115,0,OK,91,0,7179,350.31555555555553,310.76,10.41611111111111,10,786,25.13,84,0,89,0,90,0
delta_axis_mix,delta20_jiang_short_baseline_MX1,jiang_short_baseline,MX1,5,115,1,OK,95,0,4149,339.2366666666667,301.30333333333334,7.021388888888889,9,786,25.7,81,0,90,0,93,0
delta_axis_mix,delta20_jiang_short_baseline_MX1,jiang_short_baseline,MX1,5,115,2,OK,91,0,6375,345.4844444444444,307.0933333333333,8.79138888888889,10,786,33.34,80,0,86,0,87,0
delta_axis_mix,delta20_jiang_short_baseline_MX1,jiang_short_baseline,MX1,5,116,0,OK,92,0,4043,336.5855555555556,303.98555555555555,6.400277777777778,8,786,27.79,70,0,85,0,89,0
delta_axis_mix,delta20_jiang_short_baseline_MX1,jiang_short_baseline,MX1,5,116,1,OK,90,0,6983,338.5755555555556,305.41333333333336,5.171944444444445,8,786,32.84,72,0,84,0,87,0
delta_axis_mix,delta20_jiang_short_baseline_MX1,jiang_short_baseline,MX1,5,116,2,OK,90,0,7092,337.74111111111114,307.97222222222223,5.996944444444445,7,786,28.27,75,0,85,0,89,0
delta_axis_mix,delta20_jiang_short_baseline_MX1,jiang_short_baseline,MX1,5,117,0,OK,96,0,47,318.4866666666667,301.34222222222223,2.4275,4,786,30.1,93,0,96,0,96,0
delta_axis_mix,delta20_jiang_short_baseline_MX1,jiang_short_baseline,MX1,5,117,1,OK,96,0,2188,322.33444444444444,308.21222222222224,3.786111111111111,3,786,25.42,92,0,95,0,96,0
delta_axis_mix,delta20_jiang_short_baseline_MX1,jiang_short_baseline,MX1,5,117,2,OK,97,0,0,315.18,302.6111111111111,2.526111111111111,3,786,22.66,92,0,95,0,97,0
delta_axis_mix,delta20_jiang_short_baseline_MX1,jiang_short_baseline,MX1,5,118,0,OK,64,0,7056,360.3611111111111,323.03333333333336,10.090277777777779,9,786,25.58,49,1,59,0,60,0
delta_axis_mix,delta20_jiang_short_baseline_MX1,jiang_short_baseline,MX1,5,118,1,OK,57,0,6960,362.66777777777776,328.3888888888889,10.705555555555556,8,786,25.03,46,1,58,1,58,1
delta_axis_mix,delta20_jiang_short_baseline_MX1,jiang_short_baseline,MX1,5,118,2,OK,64,0,6982,361.1766666666667,325.01222222222225,10.294166666666667,9,786,22.01,48,2,54,1,58,0
delta_axis_mix,delta20_jiang_short_baseline_MX1,jiang_short_baseline,MX1,5,119,0,OK,89,0,6765,349.18333333333334,320.19444444444446,8.2575,7,786,29.71,68,0,82,0,88,0
delta_axis_mix,delta20_jiang_short_baseline_MX1,jiang_short_baseline,MX1,5,119,1,OK,88,0,6649,351.2322222222222,321.84777777777776,8.901944444444444,7,786,27.02,73,0,83,0,84,0
delta_axis_mix,delta20_jiang_short_baseline_MX1,jiang_short_baseline,MX1,5,119,2,OK,87,0,6921,352.80555555555554,324.11,8.553611111111111,7,786,25.67,70,0,83,0,86,0
delta_axis_mix,delta20_jiang_short_baseline_MX1,jiang_short_baseline,MX1,5,120,0,OK,97,0,0,320.35333333333335,298.4488888888889,3.3308333333333335,5,786,26.46,87,0,94,0,97,0
delta_axis_mix,delta20_jiang_short_baseline_MX1,jiang_short_baseline,MX1,5,120,1,OK,96,0,183,329.01,307.2366666666667,4.749444444444444,5,786,25.08,86,0,91,0,94,0
delta_axis_mix,delta20_jiang_short_baseline_MX1,jiang_short_baseline,MX1,5,120,2,OK,96,0,148,340.5622222222222,312.6022222222222,6.423333333333333,7,786,31.66,85,0,91,0,95,0
delta_axis_mix,delta20_jiang_short_baseline_MX1,jiang_short_baseline,MX1,5,121,0,OK,97,0,0,266.5622222222222,266.5622222222222,2.0027777777777778,0,786,21.55,97,0,97,0,97,0
delta_axis_mix,delta20_jiang_short_baseline_MX1,jiang_short_baseline,MX1,5,121,1,OK,97,0,0,266.3644444444444,266.3644444444444,1.1808333333333334,0,786,17.71,97,0,97,0,97,0
delta_axis_mix,delta20_jiang_short_baseline_MX1,jiang_short_baseline,MX1,5,121,2,OK,97,0,0,264.58,264.58,1.0697222222222222,0,786,14.97,97,0,97,0,97,0
delta_axis_mix,delta20_jiang_short_baseline_MX1,jiang_short_baseline,MX1,5,122,0,OK,97,0,0,279.46222222222224,279.46222222222224,2.289722222222222,0,786,26.55,97,0,97,0,97,0
delta_axis_mix,delta20_jiang_short_baseline_MX1,jiang_short_baseline,MX1,5,122,1,OK,97,0,0,278.02666666666664,278.02666666666664,1.3575,0,786,18.01,97,0,97,0,97,0
delta_axis_mix,delta20_jiang_short_baseline_MX1,jiang_short_baseline,MX1,5,122,2,OK,97,0,0,280.0522222222222,280.0522222222222,0.3630555555555556,0,786,25.99,97,0,97,0,97,0
delta_axis_mix,delta20_jiang_short_baseline_MX1,jiang_short_baseline,MX1,5,123,0,OK,94,0,6922,329.3777777777778,306.29333333333335,3.3275,6,786,17.66,86,0,92,0,92,0
delta_axis_mix,delta20_jiang_short_baseline_MX1,jiang_short_baseline,MX1,5,123,1,OK,97,0,0,332.03333333333336,306.06333333333333,3.5255555555555556,6,786,23.57,89,0,92,0,96,0
delta_axis_mix,delta20_jiang_short_baseline_MX1,jiang_short_baseline,MX1,5,123,2,OK,96,0,3440,323.3877777777778,299.85777777777776,2.569166666666667,5,786,28.3,86,0,94,0,96,0
delta_axis_mix,delta20_jiang_short_baseline_MX1,jiang_short_baseline,MX1,5,124,0,OK,93,0,7099,326.6122222222222,303.88444444444445,2.544722222222222,5,786,26.03,77,0,87,0,93,0
delta_axis_mix,delta20_jiang_short_baseline_MX1,jiang_short_baseline,MX1,5,124,1,OK,91,0,3393,330.3466666666667,307.03222222222223,2.7294444444444443,6,786,25.61,81,0,87,0,90,0
delta_axis_mix,delta20_jiang_short_baseline_MX1,jiang_short_baseline,MX1,5,124,2,OK,93,0,4399,329.8,305.9011111111111,3.43,6,786,29.84,82,0,88,0,93,0
delta_axis_mix,delta20_jiang_short_baseline_MX1,jiang_short_baseline,MX1,5,125,0,OK,75,0,6866,368.93,310.61,12.768055555555556,15,786,33.29,56,4,65,2,72,0
delta_axis_mix,delta20_jiang_short_baseline_MX1,jiang_short_baseline,MX1,5,125,1,OK,82,0,6883,365.1433333333333,306.2988888888889,11.935277777777777,16,786,28.42,61,5,68,2,75,0
delta_axis_mix,delta20_jiang_short_baseline_MX1,jiang_short_baseline,MX1,5,125,2,OK,78,0,7148,371.41555555555556,313.58666666666664,13.6825,15,786,41.74,59,4,64,1,70,1
delta_axis_mix,delta20_jiang_short_baseline_MX1,jiang_short_baseline,MX1,5,126,0,OK,86,0,6887,358.28333333333336,320.37333333333333,10.323611111111111,9,786,30.16,51,0,76,0,83,0
delta_axis_mix,delta20_jiang_short_baseline_MX1,jiang_short_baseline,MX1,5,126,1,OK,87,0,6154,359.49555555555554,322.06111111111113,9.873888888888889,9,786,29.46,65,1,84,0,85,0
delta_axis_mix,delta20_jiang_short_baseline_MX1,jiang_short_baseline,MX1,5,126,2,OK,83,0,6879,360.24666666666667,321.3955555555556,10.061666666666667,9,786,25.38,57,0,79,0,82,0
delta_axis_mix,delta20_jiang_short_baseline_MX1,jiang_short_baseline,MX1,5,127,0,OK,85,0,6496,327.83,311.53,3.164722222222222,4,786,22.39,74,0,80,0,83,0
delta_axis_mix,delta20_jiang_short_baseline_MX1,jiang_short_baseline,MX1,5,127,1,OK,85,0,6738,340.9555555555556,318.53444444444443,5.238888888888889,6,786,21.82,71,0,78,0,83,0
delta_axis_mix,delta20_jiang_short_baseline_MX1,jiang_short_baseline,MX1,5,127,2,OK,85,0,6878,327.1533333333333,313.10555555555555,2.1625,3,786,26.5,73,0,76,0,80,0
delta_axis_mix,delta20_jiang_short_baseline_MX1,jiang_short_baseline,MX1,5,128,0,OK,97,0,0,301.5022222222222,280.4922222222222,3.4633333333333334,5,786,27.71,95,0,97,0,97,0
delta_axis_mix,delta20_jiang_short_baseline_MX1,jiang_short_baseline,MX1,5,128,1,OK,97,0,0,284.81333333333333,272.31,1.7352777777777777,3,786,27.61,95,0,97,0,97,0
delta_axis_mix,delta20_jiang_short_baseline_MX1,jiang_short_baseline,MX1,5,128,2,OK,97,0,0,286.5711111111111,275.15777777777777,2.2641666666666667,3,786,27.28,94,0,97,0,97,0
delta_axis_mix,delta20_jiang_short_baseline_MX1,jiang_short_baseline,MX1,5,129,0,OK,97,0,0,292.65555555555557,279.55,1.2980555555555555,3,786,26.55,94,0,97,0,97,0
delta_axis_mix,delta20_jiang_short_baseline_MX1,jiang_short_baseline,MX1,5,129,1,OK,97,0,0,291.84555555555556,279.77,1.4536111111111112,3,786,22.53,94,0,97,0,97,0
delta_axis_mix,delta20_jiang_short_baseline_MX1,jiang_short_baseline,MX1,5,129,2,OK,97,0,0,292.4811111111111,280.6111111111111,1.9069444444444446,3,786,20.47,95,0,97,0,97,0
delta_axis_mix,delta20_jiang_short_baseline_MX1,jiang_short_baseline,MX1,5,130,0,OK,93,0,4395,339.88444444444445,308.1688888888889,5.813611111111111,8,786,20.32,77,0,85,0,89,0
delta_axis_mix,delta20_jiang_short_baseline_MX1,jiang_short_baseline,MX1,5,130,1,OK,94,0,6826,337.27777777777777,308.19444444444446,6.043888888888889,7,786,22.49,77,0,87,0,92,0
delta_axis_mix,delta20_jiang_short_baseline_MX1,jiang_short_baseline,MX1,5,130,2,OK,94,0,5248,343.84444444444443,311.53,6.1875,8,786,19.07,76,0,87,0,93,0
delta_axis_mix,delta20_jiang_short_baseline_MX1,jiang_short_baseline,MX1,6,101,0,OK,97,0,0,338.08,308.50333333333333,1.0025,7,786,31.68,96,0,97,0,97,0
delta_axis_mix,delta20_jiang_short_baseline_MX1,jiang_short_baseline,MX1,6,102,0,OK,97,0,0,337.7077777777778,303.7311111111111,3.4458333333333333,8,786,38.81,94,0,95,0,96,0
delta_axis_mix,delta20_jiang_short_baseline_MX1,jiang_short_baseline,MX1,6,103,0,OK,97,0,0,313.6511111111111,284.57444444444445,2.078611111111111,7,786,34.93,97,0,97,0,97,0
delta_axis_mix,delta20_jiang_short_baseline_MX1,jiang_short_baseline,MX1,6,104,0,OK,97,0,0,339.50333333333333,305.39,1.2863888888888888,8,786,32.71,96,0,96,0,97,0
delta_axis_mix,delta20_jiang_short_baseline_MX1,jiang_short_baseline,MX1,6,105,0,OK,97,0,0,283.57,271.66333333333336,2.9180555555555556,3,786,29.6,97,0,97,0,97,0
delta_axis_mix,delta20_jiang_short_baseline_MX1,jiang_short_baseline,MX1,6,106,0,OK,97,0,0,338.7133333333333,306.7966666666667,0.7655555555555555,8,786,33.69,96,0,97,0,97,0
delta_axis_mix,delta20_jiang_short_baseline_MX1,jiang_short_baseline,MX1,6,107,0,OK,97,0,0,277.27666666666664,266.29,1.4361111111111111,3,786,30.8,97,0,97,0,97,0
delta_axis_mix,delta20_jiang_short_baseline_MX1,jiang_short_baseline,MX1,6,108,0,OK,97,0,0,310.5711111111111,291.5155555555556,2.2383333333333333,5,786,32.34,97,0,97,0,97,0
delta_axis_mix,delta20_jiang_short_baseline_MX1,jiang_short_baseline,MX1,6,109,0,OK,97,0,0,287.2033333333333,279.8722222222222,0.7255555555555555,2,786,32.14,97,0,97,0,97,0
delta_axis_mix,delta20_jiang_short_baseline_MX1,jiang_short_baseline,MX1,6,110,0,OK,97,0,0,313.48,286.25111111111113,1.6813888888888888,7,786,37.02,97,0,97,0,97,0
delta_axis_mix,delta20_jiang_short_baseline_MX1,jiang_short_baseline,MX1,6,111,0,OK,97,0,0,312.22444444444443,292.2088888888889,2.545,5,786,35.46,97,0,97,0,97,0
delta_axis_mix,delta20_jiang_short_baseline_MX1,jiang_short_baseline,MX1,6,112,0,OK,97,0,0,381.5577777777778,333.3544444444444,2.1980555555555554,12,786,39.35,88,0,96,0,97,0
delta_axis_mix,delta20_jiang_short_baseline_MX1,jiang_short_baseline,MX1,6,113,0,OK,97,0,0,310.3855555555556,291.19666666666666,2.6430555555555557,4,786,28.82,97,0,97,0,97,0
delta_axis_mix,delta20_jiang_short_baseline_MX1,jiang_short_baseline,MX1,6,114,0,OK,97,0,0,327.77555555555557,296.56444444444446,0.9244444444444444,7,786,28.88,96,0,97,0,97,0
delta_axis_mix,delta20_jiang_short_baseline_MX1,jiang_short_baseline,MX1,6,115,0,OK,97,0,0,338.3077777777778,296.9066666666667,5.379722222222222,11,786,33.91,97,0,97,0,97,0
delta_axis_mix,delta20_jiang_short_baseline_MX1,jiang_short_baseline,MX1,6,116,0,OK,97,0,0,344.8522222222222,305.17555555555555,2.006388888888889,10,786,33.77,94,0,97,0,97,0
delta_axis_mix,delta20_jiang_short_baseline_MX1,jiang_short_baseline,MX1,6,117,0,OK,97,0,0,313.71777777777777,295.90777777777777,2.0366666666666666,4,786,27.0,97,0,97,0,97,0
delta_axis_mix,delta20_jiang_short_baseline_MX1,jiang_short_baseline,MX1,6,118,0,OK,96,0,1890,379.84777777777776,332.6455555555556,1.5616666666666668,12,786,35.74,92,0,95,0,95,0
delta_axis_mix,delta20_jiang_short_baseline_MX1,jiang_short_baseline,MX1,6,119,0,OK,97,0,0,359.27555555555557,319.10333333333335,3.4858333333333333,10,786,35.95,94,0,96,0,97,0
delta_axis_mix,delta20_jiang_short_baseline_MX1,jiang_short_baseline,MX1,6,120,0,OK,97,0,0,308.62555555555554,289.78333333333336,1.943888888888889,4,786,33.13,97,0,97,0,97,0
delta_axis_mix,delta20_jiang_short_baseline_MX1,jiang_short_baseline,MX1,6,121,0,OK,97,0,0,264.01666666666665,264.01666666666665,1.2091666666666667,0,786,23.86,97,0,97,0,97,0
delta_axis_mix,delta20_jiang_short_baseline_MX1,jiang_short_baseline,MX1,6,122,0,OK,97,0,0,276.81888888888886,276.81888888888886,1.7652777777777777,0,786,27.03,97,0,97,0,97,0
delta_axis_mix,delta20_jiang_short_baseline_MX1,jiang_short_baseline,MX1,6,123,0,OK,97,0,0,317.9555555555556,296.41777777777776,0.7980555555555555,5,786,35.12,97,0,97,0,97,0
delta_axis_mix,delta20_jiang_short_baseline_MX1,jiang_short_baseline,MX1,6,124,0,OK,97,0,0,318.51,293.3522222222222,1.1947222222222222,6,786,31.61,97,0,97,0,97,0
delta_axis_mix,delta20_jiang_short_baseline_MX1,jiang_short_baseline,MX1,6,125,0,OK,96,0,2660,381.52222222222224,312.2322222222222,4.1305555555555555,18,786,40.02,89,0,93,0,96,0
delta_axis_mix,delta20_jiang_short_baseline_MX1,jiang_short_baseline,MX1,6,126,0,OK,97,0,0,356.8022222222222,315.00444444444446,3.3561111111111113,10,786,36.17,94,0,96,0,97,0
delta_axis_mix,delta20_jiang_short_baseline_MX1,jiang_short_baseline,MX1,6,127,0,OK,97,0,0,333.4511111111111,310.56444444444446,2.1841666666666666,5,786,28.7,95,0,96,0,97,0
delta_axis_mix,delta20_jiang_short_baseline_MX1,jiang_short_baseline,MX1,6,128,0,OK,97,0,0,286.9555555555556,276.25111111111113,1.331388888888889,3,786,27.41,97,0,97,0,97,0
delta_axis_mix,delta20_jiang_short_baseline_MX1,jiang_short_baseline,MX1,6,129,0,OK,97,0,0,282.81444444444446,273.76222222222225,1.8694444444444445,2,786,27.07,97,0,97,0,97,0
delta_axis_mix,delta20_jiang_short_baseline_MX1,jiang_short_baseline,MX1,6,130,0,OK,97,0,0,341.00111111111113,304.9866666666667,2.4475,9,786,39.0,97,0,97,0,97,0
delta_axis_mix,delta30_jiang_short_baseline_MX1,jiang_short_baseline,MX1,4,101,0,OK,73,4,66124,305.1388888888889,301.52555555555557,12.284722222222221,1,786,26.08,22,29,49,8,69,5
delta_axis_mix,delta30_jiang_short_baseline_MX1,jiang_short_baseline,MX1,4,102,0,OK,67,4,67536,308.2,299.96777777777777,13.952777777777778,2,786,25.55,20,21,44,9,52,5
delta_axis_mix,delta30_jiang_short_baseline_MX1,jiang_short_baseline,MX1,4,103,0,OK,80,2,52390,305.6533333333333,292.85333333333335,12.973611111111111,3,786,24.24,39,15,78,3,81,3
delta_axis_mix,delta30_jiang_short_baseline_MX1,jiang_short_baseline,MX1,4,104,0,OK,70,3,46455,323.14,308.39666666666665,17.206666666666667,3,786,21.99,38,24,64,5,67,3
delta_axis_mix,delta30_jiang_short_baseline_MX1,jiang_short_baseline,MX1,4,105,0,OK,87,0,6846,290.8544444444444,286.9511111111111,8.806666666666667,1,786,23.32,71,1,82,0,85,0
delta_axis_mix,delta30_jiang_short_baseline_MX1,jiang_short_baseline,MX1,4,106,0,OK,76,3,49843,313.24111111111114,306.01666666666665,14.508888888888889,1,786,28.53,36,23,70,4,72,3
delta_axis_mix,delta30_jiang_short_baseline_MX1,jiang_short_baseline,MX1,4,107,0,OK,78,0,6592,278.8933333333333,273.25111111111113,5.7275,1,786,20.4,47,1,61,0,70,0
delta_axis_mix,delta30_jiang_short_baseline_MX1,jiang_short_baseline,MX1,4,108,0,OK,76,1,27180,302.37444444444446,298.2211111111111,11.767222222222221,1,786,26.44,55,8,71,1,72,1
delta_axis_mix,delta30_jiang_short_baseline_MX1,jiang_short_baseline,MX1,4,109,0,OK,77,0,7162,288.81888888888886,288.81888888888886,8.36,0,786,25.06,49,3,66,0,75,0
delta_axis_mix,delta30_jiang_short_baseline_MX1,jiang_short_baseline,MX1,4,110,0,OK,50,4,42869,314.12666666666667,300.3022222222222,14.531666666666666,3,786,25.12,31,14,36,4,44,4
delta_axis_mix,delta30_jiang_short_baseline_MX1,jiang_short_baseline,MX1,4,111,0,OK,66,1,62256,294.6488888888889,294.6488888888889,9.73638888888889,0,786,25.49,36,16,51,4,55,1
delta_axis_mix,delta30_jiang_short_baseline_MX1,jiang_short_baseline,MX1,4,112,0,OK,52,6,58138,334.1877777777778,322.5577777777778,19.608333333333334,2,786,24.31,29,25,52,13,51,8
delta_axis_mix,delta30_jiang_short_baseline_MX1,jiang_short_baseline,MX1,4,113,0,OK,53,2,55768,318.97555555555556,303.35777777777776,15.74388888888889,3,786,26.62,34,14,46,6,43,2
delta_axis_mix,delta30_jiang_short_baseline_MX1,jiang_short_baseline,MX1,4,114,0,OK,72,4,63747,301.3911111111111,296.8511111111111,11.509444444444444,1,786,21.35,22,35,64,8,62,4
delta_axis_mix,delta30_jiang_short_baseline_MX1,jiang_short_baseline,MX1,4,115,0,OK,79,4,52850,315.94666666666666,299.2344444444444,15.25,4,786,28.88,44,12,71,5,79,4
delta_axis_mix,delta30_jiang_short_baseline_MX1,jiang_short_baseline,MX1,4,116,0,OK,58,5,42319,315.81,303.25555555555553,14.9525,3,786,24.86,22,18,46,7,57,6
delta_axis_mix,delta30_jiang_short_baseline_MX1,jiang_short_baseline,MX1,4,117,0,OK,78,2,54129,318.03555555555556,305.5811111111111,15.903055555555556,2,786,19.99,41,12,63,4,72,2
delta_axis_mix,delta30_jiang_short_baseline_MX1,jiang_short_baseline,MX1,4,118,0,OK,68,8,71719,317.24888888888887,312.16333333333336,15.312222222222223,1,786,25.83,18,31,52,12,52,8
delta_axis_mix,delta30_jiang_short_baseline_MX1,jiang_short_baseline,MX1,4,119,0,OK,69,7,57559,344.12333333333333,318.1433333333333,22.030833333333334,5,786,24.59,35,25,44,11,63,7
delta_axis_mix,delta30_jiang_short_baseline_MX1,jiang_short_baseline,MX1,4,120,0,OK,72,2,25711,310.87111111111113,300.3955555555556,13.717777777777778,2,786,18.88,41,11,68,2,68,2
delta_axis_mix,delta30_jiang_short_baseline_MX1,jiang_short_baseline,MX1,4,121,0,OK,93,0,4022,277.5722222222222,277.5722222222222,5.393055555555556,0,786,20.16,80,0,86,0,92,0
delta_axis_mix,delta30_jiang_short_baseline_MX1,jiang_short_baseline,MX1,4,122,0,OK,72,0,6832,292.04,292.04,9.01,0,786,18.65,57,0,68,0,70,0
delta_axis_mix,delta30_jiang_short_baseline_MX1,jiang_short_baseline,MX1,4,123,0,OK,75,2,59599,292.86333333333334,292.86333333333334,9.394444444444444,0,786,19.12,33,9,67,2,72,2
delta_axis_mix,delta30_jiang_short_baseline_MX1,jiang_short_baseline,MX1,4,124,0,OK,74,2,38141,290.1611111111111,290.1611111111111,8.658055555555556,0,786,18.39,28,18,60,2,67,2
delta_axis_mix,delta30_jiang_short_baseline_MX1,jiang_short_baseline,MX1,4,125,0,OK,63,11,56571,333.61333333333334,301.79333333333335,19.651666666666667,7,786,23.86,36,25,54,11,60,11
delta_axis_mix,delta30_jiang_short_baseline_MX1,jiang_short_baseline,MX1,4,126,0,OK,63,5,53633,332.94444444444446,312.47555555555556,19.349722222222223,4,786,23.48,24,30,59,8,57,6
delta_axis_mix,delta30_jiang_short_baseline_MX1,jiang_short_baseline,MX1,4,127,0,OK,60,3,61033,309.17555555555555,304.14222222222224,13.293888888888889,1,786,24.75,16,28,48,5,58,4
delta_axis_mix,delta30_jiang_short_baseline_MX1,jiang_short_baseline,MX1,4,128,0,OK,88,0,6292,280.47222222222223,276.03222222222223,6.220833333333333,1,786,24.58,57,1,75,0,80,0
delta_axis_mix,delta30_jiang_short_baseline_MX1,jiang_short_baseline,MX1,4,129,0,OK,81,0,6904,279.44666666666666,279.44666666666666,5.9255555555555555,0,786,25.68,55,3,75,0,80,0
delta_axis_mix,delta30_jiang_short_baseline_MX1,jiang_short_baseline,MX1,4,130,0,OK,64,3,43800,309.3911111111111,299.91,13.493055555555555,2,786,18.1,34,20,64,4,64,3
delta_axis_mix,delta30_jiang_short_baseline_MX1,jiang_short_baseline,MX1,5,101,0,OK,86,0,7106,333.1322222222222,308.8911111111111,3.2830555555555554,5,786,22.93,68,0,75,0,79,0
delta_axis_mix,delta30_jiang_short_baseline_MX1,jiang_short_baseline,MX1,5,101,1,OK,84,0,7104,343.8855555555556,311.8522222222222,6.217777777777778,6,786,22.99,64,0,76,0,80,0
delta_axis_mix,delta30_jiang_short_baseline_MX1,jiang_short_baseline,MX1,5,101,2,OK,81,0,6466,342.2111111111111,314.24,5.814444444444445,6,786,25.41,71,0,77,0,80,0
delta_axis_mix,delta30_jiang_short_baseline_MX1,jiang_short_baseline,MX1,5,102,0,OK,92,0,5967,343.1977777777778,308.9511111111111,6.062222222222222,7,786,29.52,69,0,90,0,92,0
delta_axis_mix,delta30_jiang_short_baseline_MX1,jiang_short_baseline,MX1,5,102,1,OK,87,0,6957,338.65,309.7944444444444,5.5225,7,786,17.76,72,0,73,0,85,0
delta_axis_mix,delta30_jiang_short_baseline_MX1,jiang_short_baseline,MX1,5,102,2,OK,91,0,6792,334.0366666666667,303.7922222222222,5.112777777777778,6,786,27.13,72,0,86,0,87,0
delta_axis_mix,delta30_jiang_short_baseline_MX1,jiang_short_baseline,MX1,5,103,0,OK,93,0,5124,344.9433333333333,312.9066666666667,7.424722222222222,7,786,32.37,80,0,88,0,90,0
delta_axis_mix,delta30_jiang_short_baseline_MX1,jiang_short_baseline,MX1,5,103,1,OK,94,0,3036,344.3833333333333,307.7888888888889,6.243055555555555,8,786,25.78,80,0,90,0,93,0
delta_axis_mix,delta30_jiang_short_baseline_MX1,jiang_short_baseline,MX1,5,103,2,OK,94,0,5557,338.37,304.1011111111111,7.6161111111111115,7,786,20.32,83,0,86,0,93,0
delta_axis_mix,delta30_jiang_short_baseline_MX1,jiang_short_baseline,MX1,5,104,0,OK,88,0,6386,344.11555555555555,313.9088888888889,6.585555555555556,6,786,28.7,62,0,81,0,86,0
delta_axis_mix,delta30_jiang_short_baseline_MX1,jiang_short_baseline,MX1,5,104,1,OK,89,0,6742,344.64,315.84555555555556,7.243055555555555,6,786,27.57,62,0,81,0,86,0
delta_axis_mix,delta30_jiang_short_baseline_MX1,jiang_short_baseline,MX1,5,104,2,OK,86,0,6676,357.52222222222224,321.18333333333334,10.243055555555555,8,786,21.07,64,0,76,0,77,0
delta_axis_mix,delta30_jiang_short_baseline_MX1,jiang_short_baseline,MX1,5,105,0,OK,96,0,1307,299.54,286.1788888888889,4.337777777777778,3,786,21.74,94,0,95,0,96,0
delta_axis_mix,delta30_jiang_short_baseline_MX1,jiang_short_baseline,MX1,5,105,1,OK,96,0,1608,295.99444444444447,281.7266666666667,3.0416666666666665,3,786,24.99,94,0,96,0,96,0
delta_axis_mix,delta30_jiang_short_baseline_MX1,jiang_short_baseline,MX1,5,105,2,OK,97,0,0,291.68888888888887,277.5133333333333,2.5933333333333333,3,786,27.4,94,0,95,0,97,0
delta_axis_mix,delta30_jiang_short_baseline_MX1,jiang_short_baseline,MX1,5,106,0,OK,88,0,7068,334.60333333333335,313.0988888888889,4.344722222222222,4,786,23.43,67,0,81,0,86,0
delta_axis_mix,delta30_jiang_short_baseline_MX1,jiang_short_baseline,MX1,5,106,1,OK,86,0,7003,335.43666666666667,312.97333333333336,5.184722222222222,4,786,24.4,68,0,79,0,85,0
delta_axis_mix,delta30_jiang_short_baseline_MX1,jiang_short_baseline,MX1,5,106,2,OK,87,0,7115,328.3911111111111,309.6411111111111,3.855277777777778,3,786,24.82,66,0,80,0,84,0
delta_axis_mix,delta30_jiang_short_baseline_MX1,jiang_short_baseline,MX1,5,107,0,OK,97,0,0,284.4166666666667,271.4711111111111,1.3966666666666667,3,786,30.44,95,0,97,0,97,0
delta_axis_mix,delta30_jiang_short_baseline_MX1,jiang_short_baseline,MX1,5,107,1,OK,97,0,0,288.13666666666666,274.99666666666667,1.9908333333333332,3,786,23.08,94,0,96,0,97,0
delta_axis_mix,delta30_jiang_short_baseline_MX1,jiang_short_baseline,MX1,5,107,2,OK,97,0,0,284.1277777777778,270.83,2.026666666666667,3,786,19.18,93,0,97,0,97,0
delta_axis_mix,delta30_jiang_short_baseline_MX1,jiang_short_baseline,MX1,5,108,0,OK,97,0,0,333.77,306.0988888888889,4.781944444444444,6,786,27.97,93,0,94,0,94,0
delta_axis_mix,delta30_jiang_short_baseline_MX1,jiang_short_baseline,MX1,5,108,1,OK,96,0,661,332.1088888888889,304.39666666666665,5.96,6,786,29.64,91,0,94,0,95,0
delta_axis_mix,delta30_jiang_short_baseline_MX1,jiang_short_baseline,MX1,5,108,2,OK,97,0,0,327.33444444444444,304.7888888888889,4.743055555555555,5,786,29.11,91,0,95,0,95,0
delta_axis_mix,delta30_jiang_short_baseline_MX1,jiang_short_baseline,MX1,5,109,0,OK,97,0,0,294.0488888888889,286.41,1.91,2,786,24.86,94,0,97,0,97,0
delta_axis_mix,delta30_jiang_short_baseline_MX1,jiang_short_baseline,MX1,5,109,1,OK,97,0,0,294.2088888888889,286.91777777777776,1.3772222222222221,2,786,19.22,93,0,97,0,97,0
delta_axis_mix,delta30_jiang_short_baseline_MX1,jiang_short_baseline,MX1,5,109,2,OK,97,0,0,296.0388888888889,288.42555555555555,2.086388888888889,2,786,26.11,94,0,97,0,97,0
delta_axis_mix,delta30_jiang_short_baseline_MX1,jiang_short_baseline,MX1,5,110,0,OK,94,0,4967,323.6355555555556,298.32444444444445,2.497777777777778,5,786,23.93,80,0,91,0,92,0
delta_axis_mix,delta30_jiang_short_baseline_MX1,jiang_short_baseline,MX1,5,110,1,OK,94,0,3652,326.91333333333336,302.5444444444444,2.5869444444444443,5,786,18.98,82,0,92,0,93,0
delta_axis_mix,delta30_jiang_short_baseline_MX1,jiang_short_baseline,MX1,5,110,2,OK,94,0,3109,325.1922222222222,298.1455555555556,3.112222222222222,6,786,27.33,82,0,89,0,93,0
delta_axis_mix,delta30_jiang_short_baseline_MX1,jiang_short_baseline,MX1,5,111,0,OK,94,0,1471,325.31,303.42555555555555,2.6972222222222224,5,786,22.85,83,0,92,0,93,0
delta_axis_mix,delta30_jiang_short_baseline_MX1,jiang_short_baseline,MX1,5,111,1,OK,95,0,3079,323.7922222222222,303.8333333333333,4.228888888888889,4,786,26.23,86,0,93,0,94,0
delta_axis_mix,delta30_jiang_short_baseline_MX1,jiang_short_baseline,MX1,5,111,2,OK,95,0,5280,328.27555555555557,305.04333333333335,3.495277777777778,5,786,22.68,88,0,91,0,93,0
delta_axis_mix,delta30_jiang_short_baseline_MX1,jiang_short_baseline,MX1,5,112,0,OK,74,1,26305,368.6622222222222,334.51666666666665,12.440833333333334,7,786,23.22,50,7,67,2,70,2
delta_axis_mix,delta30_jiang_short_baseline_MX1,jiang_short_baseline,MX1,5,112,1,OK,78,1,23479,371.7888888888889,335.77222222222224,13.38111111111111,7,786,27.05,47,5,59,2,75,1
delta_axis_mix,delta30_jiang_short_baseline_MX1,jiang_short_baseline,MX1,5,112,2,OK,72,1,26752,365.5388888888889,331.5444444444444,11.588611111111112,7,786,25.15,51,7,63,3,68,2
delta_axis_mix,delta30_jiang_short_baseline_MX1,jiang_short_baseline,MX1,5,113,0,OK,89,0,5688,322.9011111111111,304.40444444444444,3.183611111111111,4,786,22.78,73,0,85,0,88,0
delta_axis_mix,delta30_jiang_short_baseline_MX1,jiang_short_baseline,MX1,5,113,1,OK,92,0,6098,327.84555555555556,305.64222222222224,2.575,4,786,29.52,77,0,89,0,90,0
delta_axis_mix,delta30_jiang_short_baseline_MX1,jiang_short_baseline,MX1,5,113,2,OK,93,0,5288,324.43666666666667,302.1922222222222,3.0747222222222224,4,786,19.5,75,0,88,0,93,0
delta_axis_mix,delta30_jiang_short_baseline_MX1,jiang_short_baseline,MX1,5,114,0,OK,84,0,6538,337.99888888888887,308.8877777777778,4.578888888888889,6,786,23.92,60,0,77,0,83,0
delta_axis_mix,delta30_jiang_short_baseline_MX1,jiang_short_baseline,MX1,5,114,1,OK,86,0,6731,329.4511111111111,304.3911111111111,2.7511111111111113,5,786,27.68,62,0,83,0,85,0
delta_axis_mix,delta30_jiang_short_baseline_MX1,jiang_short_baseline,MX1,5,114,2,OK,82,0,7022,340.57444444444445,308.6766666666667,5.143611111111111,7,786,16.9,57,0,79,0,79,0
delta_axis_mix,delta30_jiang_short_baseline_MX1,jiang_short_baseline,MX1,5,115,0,OK,86,0,6730,359.0411111111111,314.5,11.469722222222222,10,786,28.63,77,0,82,0,84,0
delta_axis_mix,delta30_jiang_short_baseline_MX1,jiang_short_baseline,MX1,5,115,1,OK,91,0,4918,346.0077777777778,307.54333333333335,9.085555555555555,8,786,23.78,74,0,85,0,90,0
delta_axis_mix,delta30_jiang_short_baseline_MX1,jiang_short_baseline,MX1,5,115,2,OK,88,0,6464,358.1488888888889,315.79777777777775,12.179444444444444,9,786,20.71,73,0,81,0,84,0
delta_axis_mix,delta30_jiang_short_baseline_MX1,jiang_short_baseline,MX1,5,116,0,OK,87,0,6044,343.4277777777778,308.8355555555556,6.925,7,786,31.5,57,0,81,0,86,0
delta_axis_mix,delta30_jiang_short_baseline_MX1,jiang_short_baseline,MX1,5,116,1,OK,87,0,6221,340.1177777777778,306.8988888888889,5.786944444444444,7,786,31.73,68,0,78,0,84,0
delta_axis_mix,delta30_jiang_short_baseline_MX1,jiang_short_baseline,MX1,5,116,2,OK,87,0,6888,345.5588888888889,309.94666666666666,7.225833333333333,7,786,28.79,69,0,79,0,84,0
delta_axis_mix,delta30_jiang_short_baseline_MX1,jiang_short_baseline,MX1,5,117,0,OK,96,0,2254,313.15222222222224,299.56333333333333,2.6219444444444444,3,786,31.34,90,0,95,0,95,0
delta_axis_mix,delta30_jiang_short_baseline_MX1,jiang_short_baseline,MX1,5,117,1,OK,96,0,329,319.73333333333335,303.7033333333333,2.488888888888889,3,786,25.47,89,0,95,0,96,0
delta_axis_mix,delta30_jiang_short_baseline_MX1,jiang_short_baseline,MX1,5,117,2,OK,97,0,0,326.06888888888886,306.55444444444447,3.056111111111111,4,786,28.34,90,0,96,0,97,0
delta_axis_mix,delta30_jiang_short_baseline_MX1,jiang_short_baseline,MX1,5,118,0,OK,73,2,52779,359.56666666666666,327.0133333333333,9.965555555555556,7,786,29.48,36,4,42,4,63,3
delta_axis_mix,delta30_jiang_short_baseline_MX1,jiang_short_baseline,MX1,5,118,1,OK,60,1,9582,360.10333333333335,324.48555555555555,10.087222222222222,7,786,26.56,39,4,53,3,52,1
delta_axis_mix,delta30_jiang_short_baseline_MX1,jiang_short_baseline,MX1,5,118,2,OK,57,0,7200,362.22555555555556,325.28,10.564722222222223,8,786,19.84,42,5,50,2,63,2
delta_axis_mix,delta30_jiang_short_baseline_MX1,jiang_short_baseline,MX1,5,119,0,OK,85,0,6214,352.3955555555556,322.1311111111111,8.677222222222222,6,786,30.8,65,1,79,0,83,0
delta_axis_mix,delta30_jiang_short_baseline_MX1,jiang_short_baseline,MX1,5,119,1,OK,85,0,6998,361.15,327.83,10.904166666666667,7,786,32.83,64,0,75,0,83,0
delta_axis_mix,delta30_jiang_short_baseline_MX1,jiang_short_baseline,MX1,5,119,2,OK,83,0,7151,364.77555555555557,328.77555555555557,11.647777777777778,7,786,30.54,60,0,72,0,79,0
delta_axis_mix,delta30_jiang_short_baseline_MX1,jiang_short_baseline,MX1,5,120,0,OK,97,0,0,332.25333333333333,303.85,4.514166666666667,6,786,28.33,84,0,92,0,95,0
delta_axis_mix,delta30_jiang_short_baseline_MX1,jiang_short_baseline,MX1,5,120,1,OK,97,0,0,325.6455555555556,301.08666666666664,3.895277777777778,5,786,29.98,82,0,92,0,96,0
delta_axis_mix,delta30_jiang_short_baseline_MX1,jiang_short_baseline,MX1,5,120,2,OK,95,0,4001,343.12333333333333,314.5022222222222,6.6097222222222225,6,786,17.39,83,0,93,0,94,0
delta_axis_mix,delta30_jiang_short_baseline_MX1,jiang_short_baseline,MX1,5,121,0,OK,97,0,0,265.34777777777776,265.34777777777776,1.9736111111111112,0,786,27.26,97,0,97,0,97,0
delta_axis_mix,delta30_jiang_short_baseline_MX1,jiang_short_baseline,MX1,5,121,1,OK,97,0,0,266.40444444444444,266.40444444444444,0.5552777777777778,0,786,24.51,97,0,97,0,97,0
delta_axis_mix,delta30_jiang_short_baseline_MX1,jiang_short_baseline,MX1,5,121,2,OK,97,0,0,264.48555555555555,264.48555555555555,1.8108333333333333,0,786,20.52,97,0,97,0,97,0
delta_axis_mix,delta30_jiang_short_baseline_MX1,jiang_short_baseline,MX1,5,122,0,OK,97,0,0,281.8588888888889,281.8588888888889,1.788888888888889,0,786,24.01,96,0,97,0,97,0
delta_axis_mix,delta30_jiang_short_baseline_MX1,jiang_short_baseline,MX1,5,122,1,OK,97,0,0,277.8611111111111,277.8611111111111,2.3722222222222222,0,786,24.3,97,0,97,0,97,0
delta_axis_mix,delta30_jiang_short_baseline_MX1,jiang_short_baseline,MX1,5,122,2,OK,97,0,0,280.79333333333335,280.79333333333335,1.5566666666666666,0,786,25.45,97,0,97,0,97,0
delta_axis_mix,delta30_jiang_short_baseline_MX1,jiang_short_baseline,MX1,5,123,0,OK,94,0,7150,325.96666666666664,304.1455555555556,2.6669444444444443,4,786,22.03,83,0,91,0,91,0
delta_axis_mix,delta30_jiang_short_baseline_MX1,jiang_short_baseline,MX1,5,123,1,OK,94,0,6421,328.91555555555556,308.12555555555554,3.0883333333333334,4,786,26.49,84,0,93,0,93,0
delta_axis_mix,delta30_jiang_short_baseline_MX1,jiang_short_baseline,MX1,5,123,2,OK,94,0,2964,324.98,304.52666666666664,2.507222222222222,4,786,18.67,84,0,94,0,94,0
delta_axis_mix,delta30_jiang_short_baseline_MX1,jiang_short_baseline,MX1,5,124,0,OK,92,0,6755,330.50444444444446,305.23555555555555,4.002777777777778,5,786,23.81,79,0,87,0,90,0
delta_axis_mix,delta30_jiang_short_baseline_MX1,jiang_short_baseline,MX1,5,124,1,OK,91,0,6461,335.1588888888889,310.52777777777777,4.591111111111111,5,786,22.98,77,0,89,0,90,0
delta_axis_mix,delta30_jiang_short_baseline_MX1,jiang_short_baseline,MX1,5,124,2,OK,91,0,4728,334.9555555555556,307.83222222222224,4.033611111111111,6,786,19.14,76,0,89,0,90,0
delta_axis_mix,delta30_jiang_short_baseline_MX1,jiang_short_baseline,MX1,5,125,0,OK,71,2,24837,384.68555555555554,325.87888888888887,16.615277777777777,13,786,27.85,51,8,57,3,62,2
delta_axis_mix,delta30_jiang_short_baseline_MX1,jiang_short_baseline,MX1,5,125,1,OK,78,2,24604,371.7088888888889,317.84444444444443,13.891111111111112,12,786,31.94,52,7,65,6,73,2
delta_axis_mix,delta30_jiang_short_baseline_MX1,jiang_short_baseline,MX1,5,125,2,OK,75,2,23919,374.7944444444444,316.8933333333333,14.16388888888889,13,786,36.3,53,7,64,3,70,3
delta_axis_mix,delta30_jiang_short_baseline_MX1,jiang_short_baseline,MX1,5,126,0,OK,81,0,6502,367.03333333333336,327.99555555555554,11.900277777777777,8,786,29.29,62,1,78,0,80,0
delta_axis_mix,delta30_jiang_short_baseline_MX1,jiang_short_baseline,MX1,5,126,1,OK,81,0,6888,374.4844444444444,329.06555555555553,13.714444444444444,9,786,25.02,60,1,66,0,70,0
delta_axis_mix,delta30_jiang_short_baseline_MX1,jiang_short_baseline,MX1,5,126,2,OK,77,0,7152,366.30333333333334,322.7633333333333,11.674444444444445,9,786,25.67,58,1,64,0,71,0
delta_axis_mix,delta30_jiang_short_baseline_MX1,jiang_short_baseline,MX1,5,127,0,OK,88,0,6816,329.3933333333333,313.4977777777778,4.3475,3,786,20.09,68,0,80,0,85,0
delta_axis_mix,delta30_jiang_short_baseline_MX1,jiang_short_baseline,MX1,5,127,1,OK,85,0,7131,324.3022222222222,308.7655555555556,2.401666666666667,3,786,21.66,65,0,82,0,85,0
delta_axis_mix,delta30_jiang_short_baseline_MX1,jiang_short_baseline,MX1,5,127,2,OK,85,0,7197,332.2055555555556,313.9033333333333,3.1797222222222223,4,786,20.85,73,0,80,0,83,0
delta_axis_mix,delta30_jiang_short_baseline_MX1,jiang_short_baseline,MX1,5,128,0,OK,97,0,0,291.75111111111113,277.06,2.088611111111111,3,786,20.46,94,0,96,0,97,0
delta_axis_mix,delta30_jiang_short_baseline_MX1,jiang_short_baseline,MX1,5,128,1,OK,97,0,0,305.49,283.36555555555555,1.958888888888889,5,786,27.79,92,0,96,0,97,0
delta_axis_mix,delta30_jiang_short_baseline_MX1,jiang_short_baseline,MX1,5,128,2,OK,97,0,0,294.81444444444446,280.7688888888889,2.9319444444444445,3,786,25.79,94,0,97,0,97,0
delta_axis_mix,delta30_jiang_short_baseline_MX1,jiang_short_baseline,MX1,5,129,0,OK,97,0,0,293.52444444444444,278.87444444444446,0.7580555555555556,3,786,22.84,93,0,97,0,97,0
delta_axis_mix,delta30_jiang_short_baseline_MX1,jiang_short_baseline,MX1,5,129,1,OK,97,0,0,298.05555555555554,284.7133333333333,1.7136111111111112,3,786,29.16,93,0,96,0,97,0
delta_axis_mix,delta30_jiang_short_baseline_MX1,jiang_short_baseline,MX1,5,129,2,OK,97,0,0,294.74555555555554,279.50111111111113,1.5972222222222223,3,786,27.2,92,0,93,0,97,0
delta_axis_mix,delta30_jiang_short_baseline_MX1,jiang_short_baseline,MX1,5,130,0,OK,92,0,6562,336.26222222222225,308.0155555555556,4.649166666666667,6,786,26.27,75,0,85,0,90,0
delta_axis_mix,delta30_jiang_short_baseline_MX1,jiang_short_baseline,MX1,5,130,1,OK,91,0,6170,340.4766666666667,313.14222222222224,5.26,6,786,13.9,74,0,86,0,89,0
delta_axis_mix,delta30_jiang_short_baseline_MX1,jiang_short_baseline,MX1,5,130,2,OK,92,0,6149,335.7477777777778,308.2422222222222,4.918611111111111,6,786,30.01,72,0,85,0,91,0
delta_axis_mix,delta30_jiang_short_baseline_MX1,jiang_short_baseline,MX1,6,101,0,OK,97,0,0,348.08444444444444,313.7477777777778,1.748888888888889,7,786,28.33,93,0,96,0,96,0
delta_axis_mix,delta30_jiang_short_baseline_MX1,jiang_short_baseline,MX1,6,102,0,OK,96,0,3432,344.7288888888889,305.4222222222222,5.67,8,786,35.4,92,0,94,0,96,0
delta_axis_mix,delta30_jiang_short_baseline_MX1,jiang_short_baseline,MX1,6,103,0,OK,97,0,0,333.95,297.1988888888889,1.9966666666666666,8,786,32.3,97,0,97,0,97,0
delta_axis_mix,delta30_jiang_short_baseline_MX1,jiang_short_baseline,MX1,6,104,0,OK,97,0,0,348.7322222222222,311.4633333333333,1.3202777777777779,8,786,40.86,95,0,97,0,97,0
delta_axis_mix,delta30_jiang_short_baseline_MX1,jiang_short_baseline,MX1,6,105,0,OK,97,0,0,290.39444444444445,277.13,2.475277777777778,3,786,27.31,97,0,97,0,97,0
delta_axis_mix,delta30_jiang_short_baseline_MX1,jiang_short_baseline,MX1,6,106,0,OK,97,0,0,345.04555555555555,311.2188888888889,1.638611111111111,6,786,36.47,95,0,96,0,97,0
delta_axis_mix,delta30_jiang_short_baseline_MX1,jiang_short_baseline,MX1,6,107,0,OK,97,0,0,278.5366666666667,265.2388888888889,1.1030555555555555,3,786,32.8,97,0,97,0,97,0
delta_axis_mix,delta30_jiang_short_baseline_MX1,jiang_short_baseline,MX1,6,108,0,OK,97,0,0,316.73777777777775,293.8377777777778,2.6302777777777777,5,786,34.09,97,0,97,0,97,0
delta_axis_mix,delta30_jiang_short_baseline_MX1,jiang_short_baseline,MX1,6,109,0,OK,97,0,0,292.71,282.79333333333335,2.5008333333333335,2,786,25.94,97,0,97,0,97,0
delta_axis_mix,delta30_jiang_short_baseline_MX1,jiang_short_baseline,MX1,6,110,0,OK,96,0,1859,328.01444444444445,295.1333333333333,1.5233333333333334,7,786,37.04,96,0,96,0,96,0
delta_axis_mix,delta30_jiang_short_baseline_MX1,jiang_short_baseline,MX1,6,111,0,OK,97,0,0,314.0933333333333,291.4244444444444,1.7025,5,786,29.25,97,0,97,0,97,0
delta_axis_mix,delta30_jiang_short_baseline_MX1,jiang_short_baseline,MX1,6,112,0,OK,92,0,6183,398.52,344.6455555555556,5.01,11,786,38.88,84,0,88,0,89,0
delta_axis_mix,delta30_jiang_short_baseline_MX1,jiang_short_baseline,MX1,6,113,0,OK,97,0,0,327.25333333333333,299.4977777777778,1.8702777777777777,5,786,31.75,96,0,97,0,97,0
delta_axis_mix,delta30_jiang_short_baseline_MX1,jiang_short_baseline,MX1,6,114,0,OK,97,0,0,343.8355555555556,309.1144444444444,1.531111111111111,7,786,29.12,92,0,96,0,96,0
delta_axis_mix,delta30_jiang_short_baseline_MX1,jiang_short_baseline,MX1,6,115,0,OK,97,0,0,348.9377777777778,305.50333333333333,3.4969444444444444,9,786,37.47,94,0,97,0,97,0
delta_axis_mix,delta30_jiang_short_baseline_MX1,jiang_short_baseline,MX1,6,116,0,OK,96,0,2630,361.3777777777778,317.90444444444444,1.986388888888889,9,786,32.11,93,0,95,0,96,0
delta_axis_mix,delta30_jiang_short_baseline_MX1,jiang_short_baseline,MX1,6,117,0,OK,97,0,0,318.5966666666667,300.55333333333334,2.902222222222222,4,786,30.89,97,0,97,0,97,0
delta_axis_mix,delta30_jiang_short_baseline_MX1,jiang_short_baseline,MX1,6,118,0,OK,94,0,6990,380.99666666666667,331.72777777777776,1.6625,10,786,33.27,85,0,89,0,92,0
delta_axis_mix,delta30_jiang_short_baseline_MX1,jiang_short_baseline,MX1,6,119,0,OK,97,0,0,363.71666666666664,322.5444444444444,2.5894444444444447,8,786,30.9,92,0,96,0,97,0
delta_axis_mix,delta30_jiang_short_baseline_MX1,jiang_short_baseline,MX1,6,120,0,OK,97,0,0,324.91555555555556,294.49333333333334,3.401111111111111,6,786,33.43,97,0,97,0,97,0
delta_axis_mix,delta30_jiang_short_baseline_MX1,jiang_short_baseline,MX1,6,121,0,OK,97,0,0,263.21444444444444,263.21444444444444,2.0858333333333334,0,786,23.94,97,0,97,0,97,0
delta_axis_mix,delta30_jiang_short_baseline_MX1,jiang_short_baseline,MX1,6,122,0,OK,97,0,0,279.6311111111111,279.6311111111111,0.22083333333333333,0,786,15.06,97,0,97,0,97,0
delta_axis_mix,delta30_jiang_short_baseline_MX1,jiang_short_baseline,MX1,6,123,0,OK,97,0,0,325.52,299.49666666666667,1.2902777777777779,5,786,30.88,97,0,97,0,97,0
delta_axis_mix,delta30_jiang_short_baseline_MX1,jiang_short_baseline,MX1,6,124,0,OK,97,0,0,333.7966666666667,301.81333333333333,0.9469444444444445,6,786,33.01,96,0,97,0,97,0
delta_axis_mix,delta30_jiang_short_baseline_MX1,jiang_short_baseline,MX1,6,125,0,OK,93,0,3746,407.6111111111111,330.46666666666664,9.157777777777778,17,786,38.76,79,0,88,0,90,0
delta_axis_mix,delta30_jiang_short_baseline_MX1,jiang_short_baseline,MX1,6,126,0,OK,96,0,347,396.4488888888889,335.8911111111111,6.061944444444444,12,786,32.56,91,0,95,0,95,0
delta_axis_mix,delta30_jiang_short_baseline_MX1,jiang_short_baseline,MX1,6,127,0,OK,97,0,0,342.37,312.8688888888889,0.4152777777777778,6,786,22.41,93,0,95,0,96,0
delta_axis_mix,delta30_jiang_short_baseline_MX1,jiang_short_baseline,MX1,6,128,0,OK,97,0,0,284.12111111111113,270.73555555555555,2.167777777777778,3,786,26.28,97,0,97,0,97,0
delta_axis_mix,delta30_jiang_short_baseline_MX1,jiang_short_baseline,MX1,6,129,0,OK,97,0,0,289.04777777777775,277.65777777777777,1.4538888888888888,2,786,31.27,97,0,97,0,97,0
delta_axis_mix,delta30_jiang_short_baseline_MX1,jiang_short_baseline,MX1,6,130,0,OK,97,0,0,343.71444444444444,309.2711111111111,1.1794444444444445,7,786,34.63,95,0,97,0,97,0
delta_axis_mix,delta40_jiang_short_baseline_MX1,jiang_short_baseline,MX1,4,101,0,OK,75,3,69622,303.21555555555557,297.9377777777778,11.811111111111112,1,786,22.18,19,31,53,6,68,4
delta_axis_mix,delta40_jiang_short_baseline_MX1,jiang_short_baseline,MX1,4,102,0,OK,67,5,67796,335.7944444444444,313.07,20.115833333333335,4,786,25.58,16,23,36,11,53,5
delta_axis_mix,delta40_jiang_short_baseline_MX1,jiang_short_baseline,MX1,4,103,0,OK,80,2,48408,312.73,295.03555555555556,14.588055555555556,3,786,23.49,39,17,77,3,80,3
delta_axis_mix,delta40_jiang_short_baseline_MX1,jiang_short_baseline,MX1,4,104,0,OK,66,3,55575,340.7711111111111,317.6988888888889,21.744722222222222,4,786,23.93,36,23,69,5,71,4
delta_axis_mix,delta40_jiang_short_baseline_MX1,jiang_short_baseline,MX1,4,105,0,OK,88,0,6978,289.72222222222223,285.15222222222224,8.625277777777777,1,786,22.29,70,1,79,0,83,0
delta_axis_mix,delta40_jiang_short_baseline_MX1,jiang_short_baseline,MX1,4,106,0,OK,77,3,50229,313.58,305.68888888888887,14.65611111111111,1,786,24.36,27,28,65,3,75,3
delta_axis_mix,delta40_jiang_short_baseline_MX1,jiang_short_baseline,MX1,4,107,0,OK,83,0,6653,272.39666666666665,272.39666666666665,4.714444444444444,0,786,21.87,48,2,68,0,74,0
delta_axis_mix,delta40_jiang_short_baseline_MX1,jiang_short_baseline,MX1,4,108,0,OK,71,0,7097,304.0466666666667,297.9,12.088333333333333,1,786,27.7,55,7,68,1,72,1
delta_axis_mix,delta40_jiang_short_baseline_MX1,jiang_short_baseline,MX1,4,109,0,OK,78,0,7000,289.4011111111111,289.4011111111111,8.489444444444445,0,786,19.26,49,3,62,0,74,0
delta_axis_mix,delta40_jiang_short_baseline_MX1,jiang_short_baseline,MX1,4,110,0,OK,51,3,25208,308.5588888888889,298.0788888888889,13.1625,2,786,27.84,29,14,48,4,46,3
delta_axis_mix,delta40_jiang_short_baseline_MX1,jiang_short_baseline,MX1,4,111,0,OK,68,1,39302,292.00666666666666,292.00666666666666,9.034166666666666,0,786,25.96,39,15,59,3,67,1
delta_axis_mix,delta40_jiang_short_baseline_MX1,jiang_short_baseline,MX1,4,112,0,OK,66,7,52415,319.24333333333334,314.8988888888889,15.897777777777778,1,786,17.89,34,22,43,10,55,7
delta_axis_mix,delta40_jiang_short_baseline_MX1,jiang_short_baseline,MX1,4,113,0,OK,78,2,57641,310.86333333333334,304.43333333333334,13.7175,1,786,25.93,25,15,76,3,78,3
delta_axis_mix,delta40_jiang_short_baseline_MX1,jiang_short_baseline,MX1,4,114,0,OK,69,4,51915,309.49,298.24444444444447,13.50611111111111,2,786,30.93,16,36,58,6,63,4
delta_axis_mix,delta40_jiang_short_baseline_MX1,jiang_short_baseline,MX1,4,115,0,OK,73,4,47672,318.98,299.7944444444444,15.960833333333333,4,786,29.58,41,13,64,7,62,4
delta_axis_mix,delta40_jiang_short_baseline_MX1,jiang_short_baseline,MX1,4,116,0,OK,70,5,36568,333.3877777777778,306.42,19.346944444444443,5,786,27.13,32,21,63,6,61,5
delta_axis_mix,delta40_jiang_short_baseline_MX1,jiang_short_baseline,MX1,4,117,0,OK,73,1,64043,298.1455555555556,298.1455555555556,10.842222222222222,0,786,26.61,33,12,66,4,70,2
delta_axis_mix,delta40_jiang_short_baseline_MX1,jiang_short_baseline,MX1,4,118,0,OK,67,7,70113,314.8588888888889,308.95,14.714722222222223,1,786,28.88,21,38,41,15,61,8
delta_axis_mix,delta40_jiang_short_baseline_MX1,jiang_short_baseline,MX1,4,119,0,OK,59,5,47830,341.95666666666665,324.3,21.489166666666666,3,786,29.52,28,20,55,9,55,8
delta_axis_mix,delta40_jiang_short_baseline_MX1,jiang_short_baseline,MX1,4,120,0,OK,69,1,25067,306.8222222222222,296.56111111111113,12.801388888888889,2,786,30.91,40,13,55,4,65,3
delta_axis_mix,delta40_jiang_short_baseline_MX1,jiang_short_baseline,MX1,4,121,0,OK,93,0,6101,276.1044444444444,276.1044444444444,5.149166666666667,0,786,17.82,82,0,87,0,91,0
delta_axis_mix,delta40_jiang_short_baseline_MX1,jiang_short_baseline,MX1,4,122,0,OK,72,0,6832,292.04,292.04,9.01,0,786,15.55,57,0,68,0,70,0
delta_axis_mix,delta40_jiang_short_baseline_MX1,jiang_short_baseline,MX1,4,123,0,OK,77,2,64540,298.9688888888889,293.9811111111111,11.081666666666667,1,786,32.83,30,9,41,3,77,3
delta_axis_mix,delta40_jiang_short_baseline_MX1,jiang_short_baseline,MX1,4,124,0,OK,70,2,38690,314.9477777777778,303.0,14.797777777777778,2,786,24.25,29,20,51,4,65,4
delta_axis_mix,delta40_jiang_short_baseline_MX1,jiang_short_baseline,MX1,4,125,0,OK,65,9,55457,324.57444444444445,299.6311111111111,17.35527777777778,5,786,25.82,34,23,53,14,56,9
delta_axis_mix,delta40_jiang_short_baseline_MX1,jiang_short_baseline,MX1,4,126,0,OK,51,8,54083,352.7711111111111,318.95666666666665,24.192777777777778,6,786,23.26,24,31,44,10,51,9
delta_axis_mix,delta40_jiang_short_baseline_MX1,jiang_short_baseline,MX1,4,127,0,OK,57,6,75499,362.73555555555555,335.50111111111113,26.683888888888887,5,786,19.89,21,31,43,7,52,6
delta_axis_mix,delta40_jiang_short_baseline_MX1,jiang_short_baseline,MX1,4,128,0,OK,89,0,5727,274.62555555555554,274.62555555555554,5.555833333333333,0,786,29.26,57,2,68,1,85,0
delta_axis_mix,delta40_jiang_short_baseline_MX1,jiang_short_baseline,MX1,4,129,0,OK,80,0,6982,279.26222222222225,279.26222222222225,6.2122222222222225,0,786,21.24,48,3,74,0,79,0
delta_axis_mix,delta40_jiang_short_baseline_MX1,jiang_short_baseline,MX1,4,130,0,OK,68,3,40621,309.62666666666667,298.0566666666667,13.556944444444444,2,786,24.96,35,21,67,6,66,4
delta_axis_mix,delta40_jiang_short_baseline_MX1,jiang_short_baseline,MX1,5,101,0,OK,83,0,7132,340.2711111111111,313.5911111111111,5.2011111111111115,5,786,24.72,60,0,77,0,82,0
delta_axis_mix,delta40_jiang_short_baseline_MX1,jiang_short_baseline,MX1,5,101,1,OK,84,0,6883,334.7188888888889,310.50555555555553,5.1755555555555555,4,786,17.53,65,0,80,0,83,0
delta_axis_mix,delta40_jiang_short_baseline_MX1,jiang_short_baseline,MX1,5,101,2,OK,85,0,6957,334.86,310.55333333333334,4.514722222222222,4,786,20.33,61,0,75,0,82,0
delta_axis_mix,delta40_jiang_short_baseline_MX1,jiang_short_baseline,MX1,5,102,0,OK,85,0,6959,345.7133333333333,311.89666666666665,7.399444444444445,6,786,23.95,64,0,77,0,85,0
delta_axis_mix,delta40_jiang_short_baseline_MX1,jiang_short_baseline,MX1,5,102,1,OK,85,0,7163,346.6622222222222,309.9711111111111,6.897222222222222,7,786,22.41,63,0,81,0,83,0
delta_axis_mix,delta40_jiang_short_baseline_MX1,jiang_short_baseline,MX1,5,102,2,OK,87,0,6454,338.93666666666667,307.78777777777776,6.475833333333333,6,786,21.38,62,0,70,0,84,0
delta_axis_mix,delta40_jiang_short_baseline_MX1,jiang_short_baseline,MX1,5,103,0,OK,91,0,4066,339.1722222222222,306.28222222222223,6.314722222222223,6,786,26.99,76,0,86,0,91,0
delta_axis_mix,delta40_jiang_short_baseline_MX1,jiang_short_baseline,MX1,5,103,1,OK,94,0,5048,343.3933333333333,304.1322222222222,7.051944444444445,7,786,19.7,79,0,87,0,92,0
delta_axis_mix,delta40_jiang_short_baseline_MX1,jiang_short_baseline,MX1,5,103,2,OK,92,0,5694,342.33444444444444,308.38444444444445,8.037777777777778,6,786,30.95,78,0,90,0,91,0
delta_axis_mix,delta40_jiang_short_baseline_MX1,jiang_short_baseline,MX1,5,104,0,OK,87,0,6275,358.16333333333336,323.9711111111111,10.376944444444444,6,786,24.63,57,1,83,0,84,0
delta_axis_mix,delta40_jiang_short_baseline_MX1,jiang_short_baseline,MX1,5,104,1,OK,87,0,6978,348.8911111111111,316.7677777777778,9.994444444444444,6,786,22.88,60,2,80,0,86,0
delta_axis_mix,delta40_jiang_short_baseline_MX1,jiang_short_baseline,MX1,5,104,2,OK,82,0,7007,347.51666666666665,318.98333333333335,8.835833333333333,5,786,29.74,65,2,70,0,81,0
delta_axis_mix,delta40_jiang_short_baseline_MX1,jiang_short_baseline,MX1,5,105,0,OK,96,0,5559,302.71222222222224,286.0177777777778,4.457777777777777,3,786,22.53,93,0,95,0,96,0
delta_axis_mix,delta40_jiang_short_baseline_MX1,jiang_short_baseline,MX1,5,105,1,OK,96,0,696,294.57666666666665,282.72555555555556,2.984722222222222,2,786,28.04,93,0,96,0,96,0
delta_axis_mix,delta40_jiang_short_baseline_MX1,jiang_short_baseline,MX1,5,105,2,OK,97,0,0,305.8355555555556,290.3022222222222,4.491944444444444,3,786,22.5,92,0,95,0,96,0
delta_axis_mix,delta40_jiang_short_baseline_MX1,jiang_short_baseline,MX1,5,106,0,OK,83,0,7136,340.62444444444446,317.01666666666665,6.128333333333333,4,786,20.01,65,0,72,0,82,0
delta_axis_mix,delta40_jiang_short_baseline_MX1,jiang_short_baseline,MX1,5,106,1,OK,86,0,6860,328.14,308.31555555555553,4.019444444444445,3,786,23.89,62,0,82,0,83,0
delta_axis_mix,delta40_jiang_short_baseline_MX1,jiang_short_baseline,MX1,5,106,2,OK,84,0,6854,340.89222222222224,314.75,6.545277777777778,4,786,16.76,54,0,80,0,81,0
delta_axis_mix,delta40_jiang_short_baseline_MX1,jiang_short_baseline,MX1,5,107,0,OK,97,0,0,288.6622222222222,273.5388888888889,1.8783333333333334,3,786,28.0,94,0,97,0,97,0
delta_axis_mix,delta40_jiang_short_baseline_MX1,jiang_short_baseline,MX1,5,107,1,OK,97,0,0,286.81888888888886,274.88,1.1230555555555555,2,786,26.18,92,0,95,0,96,0
delta_axis_mix,delta40_jiang_short_baseline_MX1,jiang_short_baseline,MX1,5,107,2,OK,97,0,0,287.1088888888889,273.00111111111113,2.332222222222222,3,786,31.6,92,0,96,0,97,0
delta_axis_mix,delta40_jiang_short_baseline_MX1,jiang_short_baseline,MX1,5,108,0,OK,94,0,1611,344.04333333333335,311.12888888888887,6.671666666666667,6,786,28.86,90,0,93,0,94,0
delta_axis_mix,delta40_jiang_short_baseline_MX1,jiang_short_baseline,MX1,5,108,1,OK,97,0,0,335.32,307.3277777777778,5.852222222222222,5,786,23.09,88,0,93,0,94,0
delta_axis_mix,delta40_jiang_short_baseline_MX1,jiang_short_baseline,MX1,5,108,2,OK,97,0,0,334.6511111111111,308.4811111111111,5.660277777777778,5,786,21.46,91,0,94,0,95,0
delta_axis_mix,delta40_jiang_short_baseline_MX1,jiang_short_baseline,MX1,5,109,0,OK,97,0,0,296.72555555555556,288.2888888888889,1.9805555555555556,2,786,29.3,91,0,96,0,97,0
delta_axis_mix,delta40_jiang_short_baseline_MX1,jiang_short_baseline,MX1,5,109,1,OK,97,0,0,297.1711111111111,286.19,1.6825,2,786,30.98,92,0,97,0,97,0
delta_axis_mix,delta40_jiang_short_baseline_MX1,jiang_short_baseline,MX1,5,109,2,OK,97,0,0,302.18888888888887,290.93888888888887,1.5447222222222223,2,786,25.79,92,0,97,0,97,0
delta_axis_mix,delta40_jiang_short_baseline_MX1,jiang_short_baseline,MX1,5,110,0,OK,94,0,3080,326.48,299.86333333333334,3.2508333333333335,5,786,33.93,82,0,89,0,91,0
delta_axis_mix,delta40_jiang_short_baseline_MX1,jiang_short_baseline,MX1,5,110,1,OK,91,0,6303,331.5366666666667,304.24666666666667,3.9827777777777778,5,786,21.65,80,0,90,0,90,0
delta_axis_mix,delta40_jiang_short_baseline_MX1,jiang_short_baseline,MX1,5,110,2,OK,94,0,5299,327.5155555555556,301.4433333333333,3.2269444444444444,5,786,23.4,84,0,91,0,93,0
delta_axis_mix,delta40_jiang_short_baseline_MX1,jiang_short_baseline,MX1,5,111,0,OK,93,0,3079,322.58,301.34777777777776,2.339166666666667,4,786,33.79,82,0,93,0,93,0
delta_axis_mix,delta40_jiang_short_baseline_MX1,jiang_short_baseline,MX1,5,111,1,OK,93,0,4638,333.3333333333333,307.9555555555556,4.639166666666667,5,786,18.09,86,0,90,0,93,0
delta_axis_mix,delta40_jiang_short_baseline_MX1,jiang_short_baseline,MX1,5,111,2,OK,95,0,3079,325.72222222222223,303.3388888888889,2.11,4,786,23.13,85,0,92,0,95,0
delta_axis_mix,delta40_jiang_short_baseline_MX1,jiang_short_baseline,MX1,5,112,0,OK,65,3,33056,367.68444444444447,330.6877777777778,12.440277777777778,6,786,25.87,53,8,58,5,60,4
delta_axis_mix,delta40_jiang_short_baseline_MX1,jiang_short_baseline,MX1,5,112,1,OK,68,2,26986,379.1377777777778,341.2366666666667,14.784444444444444,7,786,26.94,58,8,59,5,64,2
delta_axis_mix,delta40_jiang_short_baseline_MX1,jiang_short_baseline,MX1,5,112,2,OK,78,2,44592,375.84444444444443,341.11333333333334,14.608611111111111,6,786,18.44,48,8,70,2,75,2
delta_axis_mix,delta40_jiang_short_baseline_MX1,jiang_short_baseline,MX1,5,113,0,OK,91,0,6340,322.21555555555557,303.77555555555557,3.477222222222222,3,786,26.52,75,0,86,0,88,0
delta_axis_mix,delta40_jiang_short_baseline_MX1,jiang_short_baseline,MX1,5,113,1,OK,90,0,6703,331.87,307.94555555555553,4.128055555555555,4,786,21.21,72,0,83,0,86,0
delta_axis_mix,delta40_jiang_short_baseline_MX1,jiang_short_baseline,MX1,5,113,2,OK,89,0,6429,325.1411111111111,304.0077777777778,2.9844444444444442,4,786,25.51,70,0,84,0,87,0
delta_axis_mix,delta40_jiang_short_baseline_MX1,jiang_short_baseline,MX1,5,114,0,OK,79,0,7037,340.88444444444445,311.58,5.221111111111111,5,786,25.12,48,0,68,0,78,0
delta_axis_mix,delta40_jiang_short_baseline_MX1,jiang_short_baseline,MX1,5,114,1,OK,85,0,6872,327.9111111111111,304.1088888888889,2.2447222222222223,4,786,18.53,53,0,72,0,85,0
delta_axis_mix,delta40_jiang_short_baseline_MX1,jiang_short_baseline,MX1,5,114,2,OK,82,0,6249,344.76,311.37,6.19,6,786,26.42,50,0,61,0,76,0
delta_axis_mix,delta40_jiang_short_baseline_MX1,jiang_short_baseline,MX1,5,115,0,OK,89,0,6175,356.35,313.34222222222223,10.511111111111111,8,786,26.74,75,1,75,0,85,0
delta_axis_mix,delta40_jiang_short_baseline_MX1,jiang_short_baseline,MX1,5,115,1,OK,86,0,7140,367.65444444444444,321.21666666666664,14.449444444444444,9,786,25.49,63,0,78,0,84,0
delta_axis_mix,delta40_jiang_short_baseline_MX1,jiang_short_baseline,MX1,5,115,2,OK,81,0,7032,370.40555555555557,324.37111111111113,15.881666666666666,9,786,28.41,68,1,72,0,79,0
delta_axis_mix,delta40_jiang_short_baseline_MX1,jiang_short_baseline,MX1,5,116,0,OK,86,0,6013,342.7922222222222,308.54777777777775,6.224444444444444,6,786,28.2,56,2,79,0,83,0
delta_axis_mix,delta40_jiang_short_baseline_MX1,jiang_short_baseline,MX1,5,116,1,OK,84,0,7180,352.74,314.8988888888889,9.076666666666666,7,786,21.17,64,3,67,0,80,0
delta_axis_mix,delta40_jiang_short_baseline_MX1,jiang_short_baseline,MX1,5,116,2,OK,86,0,6794,353.70666666666665,315.1611111111111,8.913611111111111,7,786,24.44,60,2,64,0,80,0
delta_axis_mix,delta40_jiang_short_baseline_MX1,jiang_short_baseline,MX1,5,117,0,OK,96,0,2254,321.1666666666667,304.1066666666667,2.562222222222222,3,786,19.26,88,0,95,0,95,0
delta_axis_mix,delta40_jiang_short_baseline_MX1,jiang_short_baseline,MX1,5,117,1,OK,96,0,329,321.6188888888889,303.5888888888889,3.0952777777777776,3,786,23.43,88,0,96,0,96,0
delta_axis_mix,delta40_jiang_short_baseline_MX1,jiang_short_baseline,MX1,5,117,2,OK,95,0,2254,321.74333333333334,304.68333333333334,2.5416666666666665,3,786,18.73,90,0,92,0,95,0
delta_axis_mix,delta40_jiang_short_baseline_MX1,jiang_short_baseline,MX1,5,118,0,OK,64,2,59792,388.25555555555553,338.5855555555556,17.06388888888889,9,786,26.21,43,7,55,3,56,3
delta_axis_mix,delta40_jiang_short_baseline_MX1,jiang_short_baseline,MX1,5,118,1,OK,59,1,28725,366.69555555555553,327.6711111111111,11.67388888888889,7,786,16.12,44,6,62,3,59,2
delta_axis_mix,delta40_jiang_short_baseline_MX1,jiang_short_baseline,MX1,5,118,2,OK,74,3,62438,358.84444444444443,327.8066666666667,10.025,6,786,28.21,29,7,49,5,64,3
delta_axis_mix,delta40_jiang_short_baseline_MX1,jiang_short_baseline,MX1,5,119,0,OK,81,0,7054,366.02555555555557,332.18,12.445833333333333,6,786,24.21,66,1,75,0,81,0
delta_axis_mix,delta40_jiang_short_baseline_MX1,jiang_short_baseline,MX1,5,119,1,OK,81,0,6972,367.9611111111111,330.1777777777778,12.91388888888889,7,786,30.22,61,1,72,0,77,0
delta_axis_mix,delta40_jiang_short_baseline_MX1,jiang_short_baseline,MX1,5,119,2,OK,84,0,7113,367.12555555555554,328.90777777777777,12.796111111111111,7,786,27.14,67,1,72,0,82,0
delta_axis_mix,delta40_jiang_short_baseline_MX1,jiang_short_baseline,MX1,5,120,0,OK,97,0,0,338.71,309.59444444444443,6.608888888888889,5,786,17.81,77,0,89,0,93,0
delta_axis_mix,delta40_jiang_short_baseline_MX1,jiang_short_baseline,MX1,5,120,1,OK,93,0,6528,333.86333333333334,309.03555555555556,7.5441666666666665,5,786,28.94,86,0,88,0,92,0
delta_axis_mix,delta40_jiang_short_baseline_MX1,jiang_short_baseline,MX1,5,120,2,OK,95,0,1913,347.9,314.4788888888889,8.776111111111112,6,786,30.87,80,0,93,0,95,0
delta_axis_mix,delta40_jiang_short_baseline_MX1,jiang_short_baseline,MX1,5,121,0,OK,97,0,0,265.72222222222223,265.72222222222223,2.383611111111111,0,786,23.89,97,0,97,0,97,0
delta_axis_mix,delta40_jiang_short_baseline_MX1,jiang_short_baseline,MX1,5,121,1,OK,97,0,0,265.55444444444447,265.55444444444447,1.1436111111111111,0,786,20.94,97,0,97,0,97,0
delta_axis_mix,delta40_jiang_short_baseline_MX1,jiang_short_baseline,MX1,5,121,2,OK,97,0,0,265.51666666666665,265.51666666666665,1.8583333333333334,0,786,20.57,97,0,97,0,97,0
delta_axis_mix,delta40_jiang_short_baseline_MX1,jiang_short_baseline,MX1,5,122,0,OK,97,0,0,282.2911111111111,282.2911111111111,2.0566666666666666,0,786,20.57,96,0,97,0,97,0
delta_axis_mix,delta40_jiang_short_baseline_MX1,jiang_short_baseline,MX1,5,122,1,OK,97,0,0,282.23777777777775,282.23777777777775,1.5394444444444444,0,786,15.8,96,0,97,0,97,0
delta_axis_mix,delta40_jiang_short_baseline_MX1,jiang_short_baseline,MX1,5,122,2,OK,97,0,0,282.1022222222222,282.1022222222222,2.033333333333333,0,786,22.96,96,0,97,0,97,0
delta_axis_mix,delta40_jiang_short_baseline_MX1,jiang_short_baseline,MX1,5,123,0,OK,93,0,5368,331.23333333333335,309.27,3.361666666666667,4,786,24.54,80,0,92,0,93,0
delta_axis_mix,delta40_jiang_short_baseline_MX1,jiang_short_baseline,MX1,5,123,1,OK,94,0,6755,329.93444444444447,306.4888888888889,3.796388888888889,4,786,15.58,81,0,93,0,94,0
delta_axis_mix,delta40_jiang_short_baseline_MX1,jiang_short_baseline,MX1,5,123,2,OK,94,0,3234,332.3211111111111,308.50555555555553,3.5452777777777778,4,786,25.11,81,0,92,0,94,0
delta_axis_mix,delta40_jiang_short_baseline_MX1,jiang_short_baseline,MX1,5,124,0,OK,88,0,7091,341.21,313.7011111111111,5.8694444444444445,5,786,25.33,76,0,79,0,86,0
delta_axis_mix,delta40_jiang_short_baseline_MX1,jiang_short_baseline,MX1,5,124,1,OK,88,0,6676,335.55444444444447,310.2322222222222,4.019166666666667,4,786,24.88,79,0,86,0,87,0
delta_axis_mix,delta40_jiang_short_baseline_MX1,jiang_short_baseline,MX1,5,124,2,OK,90,0,7099,329.48777777777775,306.4322222222222,4.0325,4,786,23.55,76,0,86,0,87,0
delta_axis_mix,delta40_jiang_short_baseline_MX1,jiang_short_baseline,MX1,5,125,0,OK,70,2,23003,386.11,322.26,17.16138888888889,12,786,35.19,56,11,65,5,65,2
delta_axis_mix,delta40_jiang_short_baseline_MX1,jiang_short_baseline,MX1,5,125,1,OK,74,3,29722,379.77777777777777,321.45666666666665,15.68,11,786,33.11,58,10,59,6,70,4
delta_axis_mix,delta40_jiang_short_baseline_MX1,jiang_short_baseline,MX1,5,125,2,OK,68,3,24980,390.62555555555554,328.97555555555556,18.654444444444444,12,786,32.88,45,11,60,5,62,5
delta_axis_mix,delta40_jiang_short_baseline_MX1,jiang_short_baseline,MX1,5,126,0,OK,78,0,7052,378.37555555555554,330.45444444444445,14.62,9,786,27.09,58,2,70,1,77,1
delta_axis_mix,delta40_jiang_short_baseline_MX1,jiang_short_baseline,MX1,5,126,1,OK,76,0,6832,375.6088888888889,330.6044444444444,13.974722222222223,8,786,25.58,62,1,63,1,75,1
delta_axis_mix,delta40_jiang_short_baseline_MX1,jiang_short_baseline,MX1,5,126,2,OK,82,0,6625,364.4011111111111,323.90555555555557,12.013333333333334,7,786,26.23,57,2,61,2,71,0
delta_axis_mix,delta40_jiang_short_baseline_MX1,jiang_short_baseline,MX1,5,127,0,OK,78,0,6747,333.8522222222222,315.1911111111111,3.496111111111111,3,786,21.86,65,0,77,0,78,0
delta_axis_mix,delta40_jiang_short_baseline_MX1,jiang_short_baseline,MX1,5,127,1,OK,81,0,6995,333.21777777777777,315.0566666666667,3.3044444444444445,3,786,18.62,68,0,77,0,79,0
delta_axis_mix,delta40_jiang_short_baseline_MX1,jiang_short_baseline,MX1,5,127,2,OK,81,0,7090,335.21,317.0488888888889,4.385555555555555,3,786,23.92,61,0,75,0,78,0
delta_axis_mix,delta40_jiang_short_baseline_MX1,jiang_short_baseline,MX1,5,128,0,OK,97,0,0,294.76666666666665,278.2633333333333,1.283611111111111,3,786,29.79,91,0,96,0,97,0
delta_axis_mix,delta40_jiang_short_baseline_MX1,jiang_short_baseline,MX1,5,128,1,OK,97,0,0,311.7477777777778,288.99555555555554,3.7669444444444444,5,786,24.26,91,0,96,0,96,0
delta_axis_mix,delta40_jiang_short_baseline_MX1,jiang_short_baseline,MX1,5,128,2,OK,97,0,0,294.8688888888889,278.1777777777778,2.0972222222222223,3,786,20.85,92,0,96,0,97,0
delta_axis_mix,delta40_jiang_short_baseline_MX1,jiang_short_baseline,MX1,5,129,0,OK,97,0,0,305.81,287.3177777777778,2.1222222222222222,3,786,32.75,90,0,96,0,96,0
delta_axis_mix,delta40_jiang_short_baseline_MX1,jiang_short_baseline,MX1,5,129,1,OK,97,0,0,309.8777777777778,287.45,1.0763888888888888,4,786,26.95,91,0,97,0,97,0
delta_axis_mix,delta40_jiang_short_baseline_MX1,jiang_short_baseline,MX1,5,129,2,OK,97,0,0,299.74111111111114,285.1022222222222,0.6675,3,786,24.93,91,0,96,0,97,0
delta_axis_mix,delta40_jiang_short_baseline_MX1,jiang_short_baseline,MX1,5,130,0,OK,89,0,7112,341.89222222222224,312.56888888888886,6.161388888888889,5,786,28.77,72,1,84,0,85,0
delta_axis_mix,delta40_jiang_short_baseline_MX1,jiang_short_baseline,MX1,5,130,1,OK,89,0,5785,351.3355555555556,317.7688888888889,8.409166666666666,6,786,18.84,70,0,85,0,89,0
delta_axis_mix,delta40_jiang_short_baseline_MX1,jiang_short_baseline,MX1,5,130,2,OK,89,0,6797,351.84,319.1311111111111,8.274166666666666,6,786,24.27,74,0,81,0,88,0
delta_axis_mix,delta40_jiang_short_baseline_MX1,jiang_short_baseline,MX1,6,101,0,OK,97,0,0,345.8511111111111,310.6922222222222,1.3044444444444445,6,786,31.15,91,0,97,0,97,0
delta_axis_mix,delta40_jiang_short_baseline_MX1,jiang_short_baseline,MX1,6,102,0,OK,93,0,3656,374.73777777777775,325.25888888888886,3.8455555555555554,9,786,27.48,88,0,92,0,92,0
delta_axis_mix,delta40_jiang_short_baseline_MX1,jiang_short_baseline,MX1,6,103,0,OK,97,0,0,340.3888888888889,300.6122222222222,2.7569444444444446,7,786,30.87,96,0,97,0,97,0
delta_axis_mix,delta40_jiang_short_baseline_MX1,jiang_short_baseline,MX1,6,104,0,OK,97,0,0,349.40555555555557,315.21777777777777,2.7291666666666665,6,786,31.42,92,0,97,0,97,0
delta_axis_mix,delta40_jiang_short_baseline_MX1,jiang_short_baseline,MX1,6,105,0,OK,97,0,0,293.0577777777778,276.1644444444444,1.926111111111111,3,786,26.71,97,0,97,0,97,0
delta_axis_mix,delta40_jiang_short_baseline_MX1,jiang_short_baseline,MX1,6,106,0,OK,96,0,1799,356.8611111111111,318.1588888888889,1.5305555555555554,7,786,31.23,92,0,96,0,96,0
delta_axis_mix,delta40_jiang_short_baseline_MX1,jiang_short_baseline,MX1,6,107,0,OK,97,0,0,290.75888888888886,270.1355555555556,0.28305555555555556,4,786,34.58,97,0,97,0,97,0
delta_axis_mix,delta40_jiang_short_baseline_MX1,jiang_short_baseline,MX1,6,108,0,OK,97,0,0,322.52222222222224,296.6,2.4619444444444443,5,786,30.18,97,0,97,0,97,0
delta_axis_mix,delta40_jiang_short_baseline_MX1,jiang_short_baseline,MX1,6,109,0,OK,97,0,0,292.16,283.8177777777778,2.1105555555555555,2,786,32.07,97,0,97,0,97,0
delta_axis_mix,delta40_jiang_short_baseline_MX1,jiang_short_baseline,MX1,6,110,0,OK,96,0,546,334.79777777777775,300.99888888888887,1.131388888888889,6,786,32.15,94,0,96,0,96,0
delta_axis_mix,delta40_jiang_short_baseline_MX1,jiang_short_baseline,MX1,6,111,0,OK,97,0,0,323.99,300.36,1.823888888888889,4,786,26.88,96,0,97,0,97,0
delta_axis_mix,delta40_jiang_short_baseline_MX1,jiang_short_baseline,MX1,6,112,0,OK,90,0,4610,394.3488888888889,341.5711111111111,4.441944444444444,9,786,33.03,79,0,88,0,88,0
delta_axis_mix,delta40_jiang_short_baseline_MX1,jiang_short_baseline,MX1,6,113,0,OK,97,0,0,337.8911111111111,308.9266666666667,1.2194444444444446,5,786,32.54,95,0,97,0,97,0
delta_axis_mix,delta40_jiang_short_baseline_MX1,jiang_short_baseline,MX1,6,114,0,OK,94,0,4783,360.4066666666667,317.56,1.3241666666666667,8,786,31.86,90,0,93,0,94,0
delta_axis_mix,delta40_jiang_short_baseline_MX1,jiang_short_baseline,MX1,6,115,0,OK,96,0,193,384.73333333333335,325.9788888888889,7.5713888888888885,11,786,32.84,93,0,96,0,96,0
delta_axis_mix,delta40_jiang_short_baseline_MX1,jiang_short_baseline,MX1,6,116,0,OK,95,0,5223,373.38666666666666,321.91555555555556,3.0405555555555557,10,786,29.89,89,0,92,0,94,0
delta_axis_mix,delta40_jiang_short_baseline_MX1,jiang_short_baseline,MX1,6,117,0,OK,97,0,0,327.5911111111111,304.44,2.41,4,786,28.79,96,0,97,0,97,0
delta_axis_mix,delta40_jiang_short_baseline_MX1,jiang_short_baseline,MX1,6,118,0,OK,87,0,6400,393.62666666666667,339.3222222222222,2.825277777777778,10,786,28.87,81,0,86,0,86,0
delta_axis_mix,delta40_jiang_short_baseline_MX1,jiang_short_baseline,MX1,6,119,0,OK,97,0,0,385.5733333333333,336.1333333333333,5.734166666666667,9,786,25.81,89,0,93,0,95,0
delta_axis_mix,delta40_jiang_short_baseline_MX1,jiang_short_baseline,MX1,6,120,0,OK,97,0,0,337.1588888888889,303.77222222222224,4.571111111111111,6,786,23.74,95,0,96,0,97,0
delta_axis_mix,delta40_jiang_short_baseline_MX1,jiang_short_baseline,MX1,6,121,0,OK,97,0,0,264.89666666666665,264.89666666666665,1.313611111111111,0,786,23.51,97,0,97,0,97,0
delta_axis_mix,delta40_jiang_short_baseline_MX1,jiang_short_baseline,MX1,6,122,0,OK,97,0,0,278.23333333333335,278.23333333333335,0.9927777777777778,0,786,22.02,97,0,97,0,97,0
delta_axis_mix,delta40_jiang_short_baseline_MX1,jiang_short_baseline,MX1,6,123,0,OK,97,0,0,334.62,304.9533333333333,2.1355555555555554,5,786,33.34,96,0,97,0,97,0
delta_axis_mix,delta40_jiang_short_baseline_MX1,jiang_short_baseline,MX1,6,124,0,OK,97,0,0,338.78333333333336,304.4788888888889,1.2222222222222223,6,786,34.2,93,0,97,0,97,0
delta_axis_mix,delta40_jiang_short_baseline_MX1,jiang_short_baseline,MX1,6,125,0,OK,89,0,5297,412.31666666666666,333.31666666666666,9.761666666666667,15,786,26.54,72,0,86,0,87,0
delta_axis_mix,delta40_jiang_short_baseline_MX1,jiang_short_baseline,MX1,6,126,0,OK,94,0,6995,382.3855555555556,330.6877777777778,7.033611111111111,9,786,40.82,87,0,92,0,93,0
delta_axis_mix,delta40_jiang_short_baseline_MX1,jiang_short_baseline,MX1,6,127,0,OK,93,0,2980,342.06555555555553,316.53777777777776,2.655,4,786,28.88,91,0,93,0,93,0
delta_axis_mix,delta40_jiang_short_baseline_MX1,jiang_short_baseline,MX1,6,128,0,OK,97,0,0,290.5444444444444,274.1355555555556,0.7194444444444444,3,786,32.79,97,0,97,0,97,0
delta_axis_mix,delta40_jiang_short_baseline_MX1,jiang_short_baseline,MX1,6,129,0,OK,97,0,0,294.9844444444444,279.91333333333336,1.2983333333333333,3,786,30.06,97,0,97,0,97,0
delta_axis_mix,delta40_jiang_short_baseline_MX1,jiang_short_baseline,MX1,6,130,0,OK,97,0,0,364.38666666666666,320.7888888888889,2.301388888888889,8,786,34.74,93,0,96,0,97,0
delta_axis_mix,delta40_jiang_short_baseline_MX1,jiang_short_baseline,MX1,7,101,0,OK,97,0,0,349.37555555555554,312.23777777777775,0.8411111111111111,7,786,33.77,97,0,97,0,97,0
delta_axis_mix,delta40_jiang_short_baseline_MX1,jiang_short_baseline,MX1,7,102,0,OK,97,0,0,353.6622222222222,309.52777777777777,3.7830555555555554,8,786,38.15,96,0,96,0,97,0
delta_axis_mix,delta40_jiang_short_baseline_MX1,jiang_short_baseline,MX1,7,103,0,OK,97,0,0,341.71666666666664,299.0155555555556,2.1508333333333334,8,786,32.94,97,0,97,0,97,0
delta_axis_mix,delta40_jiang_short_baseline_MX1,jiang_short_baseline,MX1,7,104,0,OK,97,0,0,335.74444444444447,302.13444444444445,1.4638888888888888,6,786,25.8,97,0,97,0,97,0
delta_axis_mix,delta40_jiang_short_baseline_MX1,jiang_short_baseline,MX1,7,105,0,OK,97,0,0,284.23333333333335,272.3822222222222,1.5811111111111111,2,786,20.54,97,0,97,0,97,0
delta_axis_mix,delta40_jiang_short_baseline_MX1,jiang_short_baseline,MX1,7,106,0,OK,97,0,0,341.8722222222222,307.40222222222224,1.235,6,786,32.87,97,0,97,0,97,0
delta_axis_mix,delta40_jiang_short_baseline_MX1,jiang_short_baseline,MX1,7,107,0,OK,97,0,0,281.88444444444445,267.2911111111111,0.7280555555555556,3,786,29.4,97,0,97,0,97,0
delta_axis_mix,delta40_jiang_short_baseline_MX1,jiang_short_baseline,MX1,7,108,0,OK,97,0,0,323.22,297.0155555555556,1.5391666666666666,5,786,23.74,97,0,97,0,97,0
delta_axis_mix,delta40_jiang_short_baseline_MX1,jiang_short_baseline,MX1,7,109,0,OK,97,0,0,289.2911111111111,279.75666666666666,1.6655555555555555,2,786,23.03,97,0,97,0,97,0
delta_axis_mix,delta40_jiang_short_baseline_MX1,jiang_short_baseline,MX1,7,110,0,OK,97,0,0,324.24555555555554,292.04555555555555,2.237222222222222,6,786,35.71,97,0,97,0,97,0
delta_axis_mix,delta40_jiang_short_baseline_MX1,jiang_short_baseline,MX1,7,111,0,OK,97,0,0,322.4111111111111,296.4144444444444,1.3080555555555555,5,786,35.11,97,0,97,0,97,0
delta_axis_mix,delta40_jiang_short_baseline_MX1,jiang_short_baseline,MX1,7,112,0,OK,97,0,0,407.05,344.8333333333333,2.2930555555555556,11,786,25.19,94,0,95,0,96,0
delta_axis_mix,delta40_jiang_short_baseline_MX1,jiang_short_baseline,MX1,7,113,0,OK,97,0,0,316.88444444444445,292.3622222222222,1.3391666666666666,4,786,24.7,97,0,97,0,97,0
delta_axis_mix,delta40_jiang_short_baseline_MX1,jiang_short_baseline,MX1,7,114,0,OK,97,0,0,341.79,301.9122222222222,1.8430555555555554,7,786,24.41,97,0,97,0,97,0
delta_axis_mix,delta40_jiang_short_baseline_MX1,jiang_short_baseline,MX1,7,115,0,OK,97,0,0,356.27222222222224,303.5188888888889,3.1044444444444443,10,786,32.07,97,0,97,0,97,0
delta_axis_mix,delta40_jiang_short_baseline_MX1,jiang_short_baseline,MX1,7,116,0,OK,96,0,550,378.6066666666667,325.1711111111111,2.5436111111111113,10,786,30.4,95,0,96,0,96,0
delta_axis_mix,delta40_jiang_short_baseline_MX1,jiang_short_baseline,MX1,7,117,0,OK,97,0,0,327.52777777777777,299.52444444444444,1.488888888888889,5,786,22.27,97,0,97,0,97,0
delta_axis_mix,delta40_jiang_short_baseline_MX1,jiang_short_baseline,MX1,7,118,0,OK,96,0,844,400.6088888888889,339.97777777777776,1.1530555555555555,11,786,32.14,95,0,96,0,96,0
delta_axis_mix,delta40_jiang_short_baseline_MX1,jiang_short_baseline,MX1,7,119,0,OK,97,0,0,377.6222222222222,326.1122222222222,2.2830555555555554,10,786,32.98,97,0,97,0,97,0
delta_axis_mix,delta40_jiang_short_baseline_MX1,jiang_short_baseline,MX1,7,120,0,OK,97,0,0,324.52444444444444,296.00333333333333,2.986666666666667,5,786,34.5,97,0,97,0,97,0
delta_axis_mix,delta40_jiang_short_baseline_MX1,jiang_short_baseline,MX1,7,121,0,OK,97,0,0,263.3522222222222,263.3522222222222,1.2013888888888888,0,786,24.81,97,0,97,0,97,0
delta_axis_mix,delta40_jiang_short_baseline_MX1,jiang_short_baseline,MX1,7,122,0,OK,97,0,0,278.1122222222222,278.1122222222222,1.4777777777777779,0,786,24.39,97,0,97,0,97,0
delta_axis_mix,delta40_jiang_short_baseline_MX1,jiang_short_baseline,MX1,7,123,0,OK,97,0,0,333.3977777777778,305.4122222222222,1.5052777777777777,5,786,25.6,97,0,97,0,97,0
delta_axis_mix,delta40_jiang_short_baseline_MX1,jiang_short_baseline,MX1,7,124,0,OK,97,0,0,337.0855555555556,299.31444444444446,1.5386111111111112,7,786,31.26,97,0,97,0,97,0
delta_axis_mix,delta40_jiang_short_baseline_MX1,jiang_short_baseline,MX1,7,125,0,OK,96,0,876,433.12666666666667,340.96,4.6825,18,786,45.95,90,0,94,0,95,0
delta_axis_mix,delta40_jiang_short_baseline_MX1,jiang_short_baseline,MX1,7,126,0,OK,97,0,0,389.42555555555555,328.13444444444445,4.560555555555555,11,786,42.78,96,0,97,0,97,0
delta_axis_mix,delta40_jiang_short_baseline_MX1,jiang_short_baseline,MX1,7,127,0,OK,97,0,0,338.34444444444443,309.3722222222222,1.5563888888888888,5,786,26.77,97,0,97,0,97,0
delta_axis_mix,delta40_jiang_short_baseline_MX1,jiang_short_baseline,MX1,7,128,0,OK,97,0,0,295.1311111111111,278.6277777777778,1.4602777777777778,3,786,27.35,97,0,97,0,97,0
delta_axis_mix,delta40_jiang_short_baseline_MX1,jiang_short_baseline,MX1,7,129,0,OK,97,0,0,287.74111111111114,275.0177777777778,1.0291666666666666,2,786,23.03,97,0,97,0,97,0
delta_axis_mix,delta40_jiang_short_baseline_MX1,jiang_short_baseline,MX1,7,130,0,OK,97,0,0,340.12666666666667,301.94,1.0733333333333333,7,786,31.47,97,0,97,0,97,0
