study,series,cell,family,K,seed,j,status,on_time,n_over,max_tard_s,crew_veh_h,crew_team_h,after_h,n_coop,iters,wall_s,cp0_on,cp0_over,cp100_on,cp100_over,cp300_on,cp300_over
robust,jiang_short_baseline_200,jiang_short_baseline,200,10,101,0,OK,97,0,0,559.4466666666667,353.95444444444445,2.817222222222222,61,786,54.36,97,0,97,0,97,0
robust,jiang_short_baseline_200,jiang_short_baseline,200,10,102,0,OK,97,0,0,557.4377777777778,352.90777777777777,4.980555555555555,60,786,57.5,97,0,97,0,97,0
robust,jiang_short_baseline_200,jiang_short_baseline,200,10,103,0,OK,97,0,0,561.66,348.68888888888887,2.3780555555555556,64,786,64.26,97,0,97,0,97,0
robust,jiang_short_baseline_200,jiang_short_baseline,200,10,104,0,OK,97,0,0,540.8266666666667,352.80555555555554,2.2397222222222224,56,786,64.37,97,0,97,0,97,0
robust,jiang_short_baseline_200,jiang_short_baseline,200,10,105,0,OK,97,0,0,498.69444444444446,323.55444444444447,3.7205555555555554,51,786,54.04,97,0,97,0,97,0
robust,jiang_short_baseline_200,jiang_short_baseline,200,10,106,0,OK,97,0,0,542.5066666666667,351.07666666666665,0.76,57,786,51.2,97,0,97,0,97,0
robust,jiang_short_baseline_200,jiang_short_baseline,200,10,107,0,OK,97,0,0,495.9244444444444,320.5911111111111,1.8655555555555556,55,786,46.9,97,0,97,0,97,0
robust,jiang_short_baseline_200,jiang_short_baseline,200,10,108,0,OK,97,0,0,539.0433333333333,343.5366666666667,2.5708333333333333,60,786,51.21,97,0,97,0,97,0
robust,jiang_short_baseline_200,jiang_short_baseline,200,10,109,0,OK,97,0,0,515.2055555555555,333.1044444444444,1.5527777777777778,58,786,60.1,97,0,97,0,97,0
robust,jiang_short_baseline_200,jiang_short_baseline,200,10,110,0,OK,97,0,0,534.6544444444445,339.4211111111111,2.7777777777777777,62,786,63.78,97,0,97,0,97,0
robust,jiang_short_baseline_200,jiang_short_baseline,200,10,111,0,OK,97,0,0,540.2633333333333,343.71777777777777,3.4625,60,786,50.92,97,0,97,0,97,0
robust,jiang_short_baseline_200,jiang_short_baseline,200,10,112,0,OK,97,0,0,603.2355555555556,389.16555555555556,2.8047222222222223,59,786,62.26,97,0,97,0,97,0
robust,jiang_short_baseline_200,jiang_short_baseline,200,10,113,0,OK,97,0,0,527.55,342.95222222222225,3.285,56,786,53.69,97,0,97,0,97,0
robust,jiang_short_baseline_200,jiang_short_baseline,200,10,114,0,OK,97,0,0,541.49,346.7088888888889,3.986666666666667,58,786,57.28,97,0,97,0,97,0
robust,jiang_short_baseline_200,jiang_short_baseline,200,10,115,0,OK,97,0,0,535.5844444444444,338.2344444444444,3.175,57,786,57.28,97,0,97,0,97,0
robust,jiang_short_baseline_200,jiang_short_baseline,200,10,116,0,OK,97,0,0,571.21,355.1766666666667,4.791388888888889,64,786,65.56,97,0,97,0,97,0
robust,jiang_short_baseline_200,jiang_short_baseline,200,10,117,0,OK,97,0,0,556.3522222222222,352.88,5.4625,60,786,59.76,97,0,97,0,97,0
robust,jiang_short_baseline_200,jiang_short_baseline,200,10,118,0,OK,97,0,0,552.4344444444445,358.67,2.3008333333333333,57,786,51.58,97,0,97,0,97,0
robust,jiang_short_baseline_200,jiang_short_baseline,200,10,119,0,OK,97,0,0,569.5955555555555,363.8466666666667,3.6927777777777777,60,786,56.46,97,0,97,0,97,0
robust,jiang_short_baseline_200,jiang_short_baseline,200,10,120,0,OK,97,0,0,528.5722222222222,336.3877777777778,3.648888888888889,52,786,60.28,97,0,97,0,97,0
robust,jiang_short_baseline_200,jiang_short_baseline,200,10,121,0,OK,97,0,0,481.73,319.24555555555554,1.5605555555555555,52,786,52.54,97,0,97,0,97,0
robust,jiang_short_baseline_200,jiang_short_baseline,200,10,122,0,OK,97,0,0,513.4011111111112,339.45444444444445,1.7444444444444445,54,786,58.57,97,0,97,0,97,0
robust,jiang_short_baseline_200,jiang_short_baseline,200,10,123,0,OK,97,0,0,532.6,344.50111111111113,0.9413888888888889,55,786,58.98,97,0,97,0,97,0
robust,jiang_short_baseline_200,jiang_short_baseline,200,10,124,0,OK,97,0,0,555.9122222222222,352.0188888888889,2.1358333333333333,61,786,49.68,97,0,97,0,97,0
robust,jiang_short_baseline_200,jiang_short_baseline,200,10,125,0,OK,97,0,0,562.4855555555556,340.81,5.418055555555555,70,786,50.05,97,0,97,0,97,0
robust,jiang_short_baseline_200,jiang_short_baseline,200,10,126,0,OK,97,0,0,565.8011111111111,358.9433333333333,5.017777777777778,60,786,57.42,97,0,97,0,97,0
robust,jiang_short_baseline_200,jiang_short_baseline,200,10,127,0,OK,97,0,0,559.77,363.2011111111111,2.5755555555555554,56,786,55.68,97,0,97,0,97,0
robust,jiang_short_baseline_200,jiang_short_baseline,200,10,128,0,OK,97,0,0,470.09444444444443,311.15222222222224,1.5238888888888888,51,786,55.22,97,0,97,0,97,0
robust,jiang_short_baseline_200,jiang_short_baseline,200,10,129,0,OK,97,0,0,494.48555555555555,324.49,1.4316666666666666,54,786,63.5,97,0,97,0,97,0
robust,jiang_short_baseline_200,jiang_short_baseline,200,10,130,0,OK,97,0,0,546.2933333333333,348.37444444444446,0.1825,60,786,56.86,97,0,97,0,97,0
robust,jiang_short_baseline_200,jiang_short_baseline,200,11,101,0,OK,97,0,0,553.0577777777778,347.56555555555553,2.71,61,786,77.42,97,0,97,0,97,0
robust,jiang_short_baseline_200,jiang_short_baseline,200,11,102,0,OK,97,0,0,552.4811111111111,347.9511111111111,2.5516666666666667,60,786,62.86,97,0,97,0,97,0
robust,jiang_short_baseline_200,jiang_short_baseline,200,11,103,0,OK,97,0,0,555.1811111111111,342.21,2.408333333333333,64,786,66.86,97,0,97,0,97,0
robust,jiang_short_baseline_200,jiang_short_baseline,200,11,104,0,OK,97,0,0,534.6533333333333,346.6322222222222,1.3383333333333334,56,786,55.44,97,0,97,0,97,0
robust,jiang_short_baseline_200,jiang_short_baseline,200,11,105,0,OK,97,0,0,494.32444444444445,319.18444444444447,1.885,51,786,55.99,97,0,97,0,97,0
robust,jiang_short_baseline_200,jiang_short_baseline,200,11,106,0,OK,97,0,0,538.1888888888889,346.75888888888886,1.5105555555555557,57,786,60.15,97,0,97,0,97,0
robust,jiang_short_baseline_200,jiang_short_baseline,200,11,107,0,OK,97,0,0,492.39444444444445,317.06111111111113,1.3783333333333334,55,786,52.41,97,0,97,0,97,0
robust,jiang_short_baseline_200,jiang_short_baseline,200,11,108,0,OK,97,0,0,532.9966666666667,337.49,0.23666666666666666,60,786,59.06,97,0,97,0,97,0
robust,jiang_short_baseline_200,jiang_short_baseline,200,11,109,0,OK,97,0,0,510.9844444444444,328.8833333333333,0.28888888888888886,58,786,56.82,97,0,97,0,97,0
robust,jiang_short_baseline_200,jiang_short_baseline,200,11,110,0,OK,97,0,0,528.1411111111111,332.90777777777777,2.3291666666666666,62,786,64.2,97,0,97,0,97,0
robust,jiang_short_baseline_200,jiang_short_baseline,200,11,111,0,OK,97,0,0,533.1955555555555,336.65,2.361388888888889,60,786,62.22,97,0,97,0,97,0
robust,jiang_short_baseline_200,jiang_short_baseline,200,11,112,0,OK,97,0,0,582.3677777777777,368.29777777777775,2.6141666666666667,59,786,66.63,97,0,97,0,97,0
robust,jiang_short_baseline_200,jiang_short_baseline,200,11,113,0,OK,97,0,0,522.7355555555556,338.1377777777778,2.6219444444444444,56,786,59.15,97,0,97,0,97,0
robust,jiang_short_baseline_200,jiang_short_baseline,200,11,114,0,OK,97,0,0,537.8833333333333,343.1022222222222,0.21194444444444444,58,786,65.79,97,0,97,0,97,0
robust,jiang_short_baseline_200,jiang_short_baseline,200,11,115,0,OK,97,0,0,530.8855555555556,333.53555555555556,4.351666666666667,57,786,72.15,97,0,97,0,97,0
robust,jiang_short_baseline_200,jiang_short_baseline,200,11,116,0,OK,97,0,0,562.2055555555555,346.1722222222222,4.2219444444444445,64,786,68.99,97,0,97,0,97,0
robust,jiang_short_baseline_200,jiang_short_baseline,200,11,117,0,OK,97,0,0,550.3666666666667,346.89444444444445,3.1375,60,786,63.66,97,0,97,0,97,0
robust,jiang_short_baseline_200,jiang_short_baseline,200,11,118,0,OK,97,0,0,544.64,350.87555555555554,2.819722222222222,57,786,64.41,97,0,97,0,97,0
robust,jiang_short_baseline_200,jiang_short_baseline,200,11,119,0,OK,97,0,0,562.2588888888889,356.51,3.346388888888889,60,786,61.26,97,0,97,0,97,0
robust,jiang_short_baseline_200,jiang_short_baseline,200,11,120,0,OK,97,0,0,524.3622222222223,332.1777777777778,2.6927777777777777,52,786,78.89,97,0,97,0,97,0
robust,jiang_short_baseline_200,jiang_short_baseline,200,11,121,0,OK,97,0,0,480.03333333333336,317.5488888888889,1.1944444444444444,52,786,66.27,97,0,97,0,97,0
robust,jiang_short_baseline_200,jiang_short_baseline,200,11,122,0,OK,97,0,0,508.8288888888889,334.8822222222222,1.4683333333333333,54,786,62.66,97,0,97,0,97,0
robust,jiang_short_baseline_200,jiang_short_baseline,200,11,123,0,OK,97,0,0,527.8633333333333,339.76444444444445,1.5616666666666668,55,786,49.17,97,0,97,0,97,0
robust,jiang_short_baseline_200,jiang_short_baseline,200,11,124,0,OK,97,0,0,549.1222222222223,345.2288888888889,0.8461111111111111,61,786,71.1,97,0,97,0,97,0
robust,jiang_short_baseline_200,jiang_short_baseline,200,11,125,0,OK,97,0,0,555.79,334.1144444444444,1.7175,70,786,80.33,97,0,97,0,97,0
robust,jiang_short_baseline_200,jiang_short_baseline,200,11,126,0,OK,97,0,0,554.2722222222222,347.4144444444444,3.115,60,786,89.02,97,0,97,0,97,0
robust,jiang_short_baseline_200,jiang_short_baseline,200,11,127,0,OK,97,0,0,555.5077777777777,358.93888888888887,5.496666666666667,56,786,78.59,97,0,97,0,97,0
robust,jiang_short_baseline_200,jiang_short_baseline,200,11,128,0,OK,97,0,0,469.8466666666667,310.90444444444444,0.28944444444444445,51,786,74.98,97,0,97,0,97,0
robust,jiang_short_baseline_200,jiang_short_baseline,200,11,129,0,OK,97,0,0,490.08,320.08444444444444,0.8297222222222222,54,786,66.77,97,0,97,0,97,0
robust,jiang_short_baseline_200,jiang_short_baseline,200,11,130,0,OK,97,0,0,539.2444444444444,341.3255555555556,0.6847222222222222,60,786,72.48,97,0,97,0,97,0
robust,jiang_short_baseline_250,jiang_short_baseline,250,8,101,0,OK,97,0,0,428.24555555555554,322.41777777777776,1.0852777777777778,31,786,29.57,97,0,97,0,97,0
robust,jiang_short_baseline_250,jiang_short_baseline,250,8,102,0,OK,97,0,0,440.7611111111111,318.54333333333335,1.6722222222222223,38,786,39.94,97,0,97,0,97,0
robust,jiang_short_baseline_250,jiang_short_baseline,250,8,103,0,OK,97,0,0,454.41333333333336,324.14222222222224,3.2294444444444443,39,786,41.03,97,0,97,0,97,0
robust,jiang_short_baseline_250,jiang_short_baseline,250,8,104,0,OK,97,0,0,442.61,326.8511111111111,2.0725,36,786,40.74,97,0,97,0,97,0
robust,jiang_short_baseline_250,jiang_short_baseline,250,8,105,0,OK,97,0,0,396.27,298.48555555555555,3.5613888888888887,30,786,32.07,97,0,97,0,97,0
robust,jiang_short_baseline_250,jiang_short_baseline,250,8,106,0,OK,97,0,0,449.3611111111111,331.1977777777778,1.0897222222222223,35,786,39.22,97,0,97,0,97,0
robust,jiang_short_baseline_250,jiang_short_baseline,250,8,107,0,OK,97,0,0,380.1566666666667,287.25333333333333,1.0602777777777779,30,786,32.82,97,0,97,0,97,0
robust,jiang_short_baseline_250,jiang_short_baseline,250,8,108,0,OK,97,0,0,429.3211111111111,318.8988888888889,2.8561111111111113,34,786,39.66,97,0,97,0,97,0
robust,jiang_short_baseline_250,jiang_short_baseline,250,8,109,0,OK,97,0,0,407.98777777777775,309.79,1.6991666666666667,32,786,34.95,97,0,97,0,97,0
robust,jiang_short_baseline_250,jiang_short_baseline,250,8,110,0,OK,97,0,0,428.8255555555556,310.8411111111111,2.368333333333333,36,786,41.99,97,0,97,0,97,0
robust,jiang_short_baseline_250,jiang_short_baseline,250,8,111,0,OK,97,0,0,433.1822222222222,319.81555555555553,2.5355555555555553,35,786,34.84,97,0,97,0,97,0
robust,jiang_short_baseline_250,jiang_short_baseline,250,8,112,0,OK,97,0,0,492.99,359.5755555555556,3.7055555555555557,38,786,41.0,97,0,97,0,97,0
robust,jiang_short_baseline_250,jiang_short_baseline,250,8,113,0,OK,97,0,0,432.12888888888887,323.4288888888889,1.2533333333333334,33,786,36.92,97,0,97,0,97,0
robust,jiang_short_baseline_250,jiang_short_baseline,250,8,114,0,OK,97,0,0,435.99111111111114,326.6011111111111,0.9847222222222223,34,786,40.03,97,0,97,0,97,0
robust,jiang_short_baseline_250,jiang_short_baseline,250,8,115,0,OK,97,0,0,431.19444444444446,316.13,1.9408333333333334,38,786,44.3,97,0,97,0,97,0
robust,jiang_short_baseline_250,jiang_short_baseline,250,8,116,0,OK,97,0,0,432.43666666666667,316.3822222222222,2.200833333333333,36,786,39.74,97,0,97,0,97,0
robust,jiang_short_baseline_250,jiang_short_baseline,250,8,117,0,OK,97,0,0,411.1122222222222,316.97,2.15,28,786,30.17,97,0,97,0,97,0
robust,jiang_short_baseline_250,jiang_short_baseline,250,8,118,0,OK,97,0,0,469.7077777777778,344.64,0.8008333333333333,37,786,36.78,97,0,97,0,97,0
robust,jiang_short_baseline_250,jiang_short_baseline,250,8,119,0,OK,97,0,0,445.13666666666666,332.9322222222222,3.26,34,786,36.96,97,0,97,0,97,0
robust,jiang_short_baseline_250,jiang_short_baseline,250,8,120,0,OK,97,0,0,405.3088888888889,306.77444444444444,2.7286111111111113,30,786,34.61,97,0,97,0,97,0
robust,jiang_short_baseline_250,jiang_short_baseline,250,8,121,0,OK,97,0,0,352.6511111111111,286.6355555555556,1.971111111111111,22,786,30.33,97,0,97,0,97,0
robust,jiang_short_baseline_250,jiang_short_baseline,250,8,122,0,OK,97,0,0,386.4866666666667,307.7366666666667,1.3472222222222223,24,786,32.22,97,0,97,0,97,0
robust,jiang_short_baseline_250,jiang_short_baseline,250,8,123,0,OK,97,0,0,406.1477777777778,311.2922222222222,1.1258333333333332,27,786,29.18,97,0,97,0,97,0
robust,jiang_short_baseline_250,jiang_short_baseline,250,8,124,0,OK,97,0,0,396.83,307.22222222222223,1.0583333333333333,26,786,33.03,97,0,97,0,97,0
robust,jiang_short_baseline_250,jiang_short_baseline,250,8,125,0,OK,97,0,0,469.1011111111111,322.7811111111111,4.166111111111111,47,786,48.15,97,0,97,0,97,0
robust,jiang_short_baseline_250,jiang_short_baseline,250,8,126,0,OK,97,0,0,451.00333333333333,326.65777777777777,5.0725,37,786,41.41,97,0,97,0,97,0
robust,jiang_short_baseline_250,jiang_short_baseline,250,8,127,0,OK,97,0,0,410.8644444444444,322.1011111111111,1.2552777777777777,26,786,25.97,97,0,97,0,97,0
robust,jiang_short_baseline_250,jiang_short_baseline,250,8,128,0,OK,97,0,0,397.58444444444444,294.35555555555555,0.8288888888888889,34,786,37.59,97,0,97,0,97,0
robust,jiang_short_baseline_250,jiang_short_baseline,250,8,129,0,OK,97,0,0,401.39,301.48333333333335,1.2425,32,786,38.39,97,0,97,0,97,0
robust,jiang_short_baseline_250,jiang_short_baseline,250,8,130,0,OK,97,0,0,436.1355555555556,319.37333333333333,2.051111111111111,35,786,38.59,97,0,97,0,97,0
robust,jiang_short_baseline_250,jiang_short_baseline,250,9,101,0,OK,97,0,0,421.4577777777778,315.63,1.6705555555555556,31,786,29.37,97,0,97,0,97,0
robust,jiang_short_baseline_250,jiang_short_baseline,250,9,102,0,OK,97,0,0,441.1311111111111,318.91333333333336,2.3025,38,786,45.38,97,0,97,0,97,0
robust,jiang_short_baseline_250,jiang_short_baseline,250,9,103,0,OK,97,0,0,447.8222222222222,317.5511111111111,1.7336111111111112,39,786,52.41,97,0,97,0,97,0
robust,jiang_short_baseline_250,jiang_short_baseline,250,9,104,0,OK,97,0,0,439.96666666666664,324.2077777777778,2.191666666666667,36,786,36.29,97,0,97,0,97,0
robust,jiang_short_baseline_250,jiang_short_baseline,250,9,105,0,OK,97,0,0,393.18444444444447,295.4,1.0222222222222221,30,786,32.41,97,0,97,0,97,0
robust,jiang_short_baseline_250,jiang_short_baseline,250,9,106,0,OK,97,0,0,442.9511111111111,324.78777777777776,1.2075,35,786,42.39,97,0,97,0,97,0
robust,jiang_short_baseline_250,jiang_short_baseline,250,9,107,0,OK,97,0,0,378.93666666666667,286.03333333333336,2.8441666666666667,30,786,40.64,97,0,97,0,97,0
robust,jiang_short_baseline_250,jiang_short_baseline,250,9,108,0,OK,97,0,0,422.59222222222223,312.17,1.843611111111111,34,786,36.9,97,0,97,0,97,0
robust,jiang_short_baseline_250,jiang_short_baseline,250,9,109,0,OK,97,0,0,402.75555555555553,304.5577777777778,1.2938888888888889,32,786,47.75,97,0,97,0,97,0
robust,jiang_short_baseline_250,jiang_short_baseline,250,9,110,0,OK,97,0,0,428.2422222222222,310.2577777777778,1.4572222222222222,36,786,33.43,97,0,97,0,97,0
robust,jiang_short_baseline_250,jiang_short_baseline,250,9,111,0,OK,97,0,0,427.62333333333333,314.25666666666666,1.1075,35,786,46.06,97,0,97,0,97,0
robust,jiang_short_baseline_250,jiang_short_baseline,250,9,112,0,OK,97,0,0,478.35777777777776,344.9433333333333,2.165,38,786,51.97,97,0,97,0,97,0
robust,jiang_short_baseline_250,jiang_short_baseline,250,9,113,0,OK,97,0,0,424.8066666666667,316.1066666666667,2.673611111111111,33,786,44.68,97,0,97,0,97,0
robust,jiang_short_baseline_250,jiang_short_baseline,250,9,114,0,OK,97,0,0,428.75555555555553,319.36555555555555,0.7147222222222223,34,786,40.2,97,0,97,0,97,0
robust,jiang_short_baseline_250,jiang_short_baseline,250,9,115,0,OK,97,0,0,423.4166666666667,308.3522222222222,3.132222222222222,38,786,46.13,97,0,97,0,97,0
robust,jiang_short_baseline_250,jiang_short_baseline,250,9,116,0,OK,97,0,0,426.92333333333335,310.8688888888889,2.6,36,786,40.11,97,0,97,0,97,0
robust,jiang_short_baseline_250,jiang_short_baseline,250,9,117,0,OK,97,0,0,407.84222222222223,313.7,1.6955555555555555,28,786,34.77,97,0,97,0,97,0
robust,jiang_short_baseline_250,jiang_short_baseline,250,9,118,0,OK,97,0,0,457.53,332.46222222222224,0.9386111111111111,37,786,41.8,97,0,97,0,97,0
robust,jiang_short_baseline_250,jiang_short_baseline,250,9,119,0,OK,97,0,0,442.40444444444444,330.2,2.3958333333333335,34,786,43.16,97,0,97,0,97,0
robust,jiang_short_baseline_250,jiang_short_baseline,250,9,120,0,OK,97,0,0,407.1455555555556,308.6111111111111,1.013611111111111,30,786,41.47,97,0,97,0,97,0
robust,jiang_short_baseline_250,jiang_short_baseline,250,9,121,0,OK,97,0,0,350.8488888888889,284.8333333333333,0.6288888888888889,22,786,33.19,97,0,97,0,97,0
robust,jiang_short_baseline_250,jiang_short_baseline,250,9,122,0,OK,97,0,0,383.62,304.87,0.31722222222222224,24,786,39.42,97,0,97,0,97,0
robust,jiang_short_baseline_250,jiang_short_baseline,250,9,123,0,OK,97,0,0,402.44,307.58444444444444,0.9816666666666667,27,786,26.62,97,0,97,0,97,0
robust,jiang_short_baseline_250,jiang_short_baseline,250,9,124,0,OK,97,0,0,393.04555555555555,303.4377777777778,1.683888888888889,26,786,28.62,97,0,97,0,97,0
robust,jiang_short_baseline_250,jiang_short_baseline,250,9,125,0,OK,97,0,0,464.2911111111111,317.9711111111111,2.3694444444444445,47,786,58.09,97,0,97,0,97,0
robust,jiang_short_baseline_250,jiang_short_baseline,250,9,126,0,OK,97,0,0,449.39,325.0444444444444,4.088333333333333,37,786,40.83,97,0,97,0,97,0
robust,jiang_short_baseline_250,jiang_short_baseline,250,9,127,0,OK,97,0,0,407.01666666666665,318.25333333333333,1.3780555555555556,26,786,36.23,97,0,97,0,97,0
robust,jiang_short_baseline_250,jiang_short_baseline,250,9,128,0,OK,97,0,0,395.93888888888887,292.71,1.7894444444444444,34,786,41.04,97,0,97,0,97,0
robust,jiang_short_baseline_250,jiang_short_baseline,250,9,129,0,OK,97,0,0,397.8611111111111,297.95444444444445,0.835,32,786,42.23,97,0,97,0,97,0
robust,jiang_short_baseline_250,jiang_short_baseline,250,9,130,0,OK,97,0,0,435.2888888888889,318.52666666666664,0.37722222222222224,35,786,42.6,97,0,97,0,97,0
robust,jiang_short_baseline_270,jiang_short_baseline,270,8,101,0,OK,97,0,0,404.3688888888889,313.0755555555556,0.5602777777777778,27,786,29.69,97,0,97,0,97,0
robust,jiang_short_baseline_270,jiang_short_baseline,270,8,102,0,OK,97,0,0,414.71222222222224,316.37111111111113,3.9369444444444444,31,786,30.07,97,0,97,0,97,0
robust,jiang_short_baseline_270,jiang_short_baseline,270,8,103,0,OK,97,0,0,406.00666666666666,306.24888888888887,2.227222222222222,30,786,36.25,97,0,97,0,97,0
robust,jiang_short_baseline_270,jiang_short_baseline,270,8,104,0,OK,97,0,0,412.8066666666667,316.1588888888889,1.2369444444444444,30,786,34.74,97,0,97,0,97,0
robust,jiang_short_baseline_270,jiang_short_baseline,270,8,105,0,OK,97,0,0,355.10333333333335,286.1111111111111,1.5538888888888889,21,786,28.34,97,0,97,0,97,0
robust,jiang_short_baseline_270,jiang_short_baseline,270,8,106,0,OK,97,0,0,399.8988888888889,314.79555555555555,1.2347222222222223,24,786,34.51,97,0,97,0,97,0
robust,jiang_short_baseline_270,jiang_short_baseline,270,8,107,0,OK,97,0,0,357.01666666666665,281.4844444444444,1.123888888888889,24,786,30.19,97,0,97,0,97,0
robust,jiang_short_baseline_270,jiang_short_baseline,270,8,108,0,OK,97,0,0,388.4211111111111,304.67,1.6494444444444445,25,786,31.67,97,0,97,0,97,0
robust,jiang_short_baseline_270,jiang_short_baseline,270,8,109,0,OK,97,0,0,377.8855555555556,299.48,1.0666666666666667,26,786,32.35,97,0,97,0,97,0
robust,jiang_short_baseline_270,jiang_short_baseline,270,8,110,0,OK,97,0,0,388.35333333333335,297.21,2.151111111111111,28,786,38.35,97,0,97,0,97,0
robust,jiang_short_baseline_270,jiang_short_baseline,270,8,111,0,OK,97,0,0,390.8977777777778,304.87555555555554,1.9041666666666666,27,786,35.87,97,0,97,0,97,0
robust,jiang_short_baseline_270,jiang_short_baseline,270,8,112,0,OK,97,0,0,443.6355555555556,335.84444444444443,1.6144444444444443,31,786,37.82,97,0,97,0,97,0
robust,jiang_short_baseline_270,jiang_short_baseline,270,8,113,0,OK,97,0,0,394.81666666666666,308.4322222222222,0.595,26,786,37.61,97,0,97,0,97,0
robust,jiang_short_baseline_270,jiang_short_baseline,270,8,114,0,OK,97,0,0,398.72777777777776,308.05333333333334,0.9619444444444445,28,786,30.28,97,0,97,0,97,0
robust,jiang_short_baseline_270,jiang_short_baseline,270,8,115,0,OK,97,0,0,412.27555555555557,309.73333333333335,2.023888888888889,34,786,40.88,97,0,97,0,97,0
robust,jiang_short_baseline_270,jiang_short_baseline,270,8,116,0,OK,97,0,0,414.50444444444446,309.1744444444444,3.0555555555555554,33,786,40.79,97,0,97,0,97,0
robust,jiang_short_baseline_270,jiang_short_baseline,270,8,117,0,OK,97,0,0,387.3544444444444,309.8011111111111,2.4191666666666665,23,786,35.06,97,0,97,0,97,0
robust,jiang_short_baseline_270,jiang_short_baseline,270,8,118,0,OK,97,0,0,430.15777777777777,327.5855555555556,1.4994444444444444,31,786,36.56,97,0,97,0,97,0
robust,jiang_short_baseline_270,jiang_short_baseline,270,8,119,0,OK,97,0,0,427.07666666666665,327.29555555555555,3.112222222222222,30,786,41.5,97,0,97,0,97,0
robust,jiang_short_baseline_270,jiang_short_baseline,270,8,120,0,OK,97,0,0,389.6877777777778,304.2733333333333,1.5525,26,786,35.35,97,0,97,0,97,0
robust,jiang_short_baseline_270,jiang_short_baseline,270,8,121,0,OK,97,0,0,316.7344444444444,276.6588888888889,0.625,13,786,18.61,97,0,97,0,97,0
robust,jiang_short_baseline_270,jiang_short_baseline,270,8,122,0,OK,97,0,0,343.20222222222225,294.6922222222222,0.2877777777777778,15,786,26.95,97,0,97,0,97,0
robust,jiang_short_baseline_270,jiang_short_baseline,270,8,123,0,OK,97,0,0,394.2911111111111,306.82444444444445,1.198611111111111,24,786,36.03,97,0,97,0,97,0
robust,jiang_short_baseline_270,jiang_short_baseline,270,8,124,0,OK,97,0,0,391.4144444444444,304.08222222222224,1.0583333333333333,25,786,40.87,97,0,97,0,97,0
robust,jiang_short_baseline_270,jiang_short_baseline,270,8,125,0,OK,97,0,0,442.8722222222222,313.4633333333333,2.7383333333333333,42,786,53.26,97,0,97,0,97,0
robust,jiang_short_baseline_270,jiang_short_baseline,270,8,126,0,OK,97,0,0,431.8377777777778,322.7322222222222,3.328888888888889,32,786,40.86,97,0,97,0,97,0
robust,jiang_short_baseline_270,jiang_short_baseline,270,8,127,0,OK,97,0,0,398.0722222222222,317.81444444444446,1.4536111111111112,23,786,35.61,97,0,97,0,97,0
robust,jiang_short_baseline_270,jiang_short_baseline,270,8,128,0,OK,97,0,0,363.5111111111111,285.86333333333334,0.905,25,786,30.5,97,0,97,0,97,0
robust,jiang_short_baseline_270,jiang_short_baseline,270,8,129,0,OK,97,0,0,363.74555555555554,289.49666666666667,0.2986111111111111,23,786,35.11,97,0,97,0,97,0
robust,jiang_short_baseline_270,jiang_short_baseline,270,8,130,0,OK,97,0,0,407.4288888888889,309.6122222222222,0.8586111111111111,30,786,39.74,97,0,97,0,97,0
robust,jiang_short_baseline_270,jiang_short_baseline,270,9,101,0,OK,97,0,0,400.64,309.3466666666667,0.615,27,786,29.36,97,0,97,0,97,0
robust,jiang_short_baseline_270,jiang_short_baseline,270,9,102,0,OK,97,0,0,406.2888888888889,307.9477777777778,2.678611111111111,31,786,43.18,97,0,97,0,97,0
robust,jiang_short_baseline_270,jiang_short_baseline,270,9,103,0,OK,97,0,0,403.9477777777778,304.19,1.431111111111111,30,786,45.14,97,0,97,0,97,0
robust,jiang_short_baseline_270,jiang_short_baseline,270,9,104,0,OK,97,0,0,410.8677777777778,314.22,1.7052777777777777,30,786,28.88,97,0,97,0,97,0
robust,jiang_short_baseline_270,jiang_short_baseline,270,9,105,0,OK,97,0,0,354.22777777777776,285.23555555555555,1.8158333333333334,21,786,34.52,97,0,97,0,97,0
robust,jiang_short_baseline_270,jiang_short_baseline,270,9,106,0,OK,97,0,0,394.47222222222223,309.3688888888889,1.8408333333333333,24,786,38.57,97,0,97,0,97,0
robust,jiang_short_baseline_270,jiang_short_baseline,270,9,107,0,OK,97,0,0,355.66333333333336,280.1311111111111,1.15,24,786,36.61,97,0,97,0,97,0
robust,jiang_short_baseline_270,jiang_short_baseline,270,9,108,0,OK,97,0,0,386.1877777777778,302.43666666666667,1.5483333333333333,25,786,33.93,97,0,97,0,97,0
robust,jiang_short_baseline_270,jiang_short_baseline,270,9,109,0,OK,97,0,0,374.74,296.33444444444444,0.9986111111111111,26,786,41.16,97,0,97,0,97,0
robust,jiang_short_baseline_270,jiang_short_baseline,270,9,110,0,OK,97,0,0,388.74444444444447,297.6011111111111,0.6338888888888888,28,786,42.8,97,0,97,0,97,0
robust,jiang_short_baseline_270,jiang_short_baseline,270,9,111,0,OK,97,0,0,389.05,303.02777777777777,1.0438888888888889,27,786,35.37,97,0,97,0,97,0
robust,jiang_short_baseline_270,jiang_short_baseline,270,9,112,0,OK,97,0,0,439.72777777777776,331.93666666666667,1.0369444444444444,31,786,49.11,97,0,97,0,97,0
robust,jiang_short_baseline_270,jiang_short_baseline,270,9,113,0,OK,97,0,0,391.4866666666667,305.1022222222222,0.7783333333333333,26,786,43.09,97,0,97,0,97,0
robust,jiang_short_baseline_270,jiang_short_baseline,270,9,114,0,OK,97,0,0,396.8588888888889,306.18444444444447,0.0,28,786,31.89,97,0,97,0,97,0
robust,jiang_short_baseline_270,jiang_short_baseline,270,9,115,0,OK,97,0,0,407.9922222222222,305.45,2.0858333333333334,34,786,42.17,97,0,97,0,97,0
robust,jiang_short_baseline_270,jiang_short_baseline,270,9,116,0,OK,97,0,0,416.31,310.98,1.458611111111111,33,786,45.76,97,0,97,0,97,0
robust,jiang_short_baseline_270,jiang_short_baseline,270,9,117,0,OK,97,0,0,382.9166666666667,305.36333333333334,1.5091666666666668,23,786,40.68,97,0,97,0,97,0
robust,jiang_short_baseline_270,jiang_short_baseline,270,9,118,0,OK,97,0,0,426.0855555555556,323.5133333333333,1.3566666666666667,31,786,41.22,97,0,97,0,97,0
robust,jiang_short_baseline_270,jiang_short_baseline,270,9,119,0,OK,97,0,0,423.6777777777778,323.89666666666665,2.1669444444444443,30,786,37.11,97,0,97,0,97,0
robust,jiang_short_baseline_270,jiang_short_baseline,270,9,120,0,OK,97,0,0,389.5466666666667,304.1322222222222,0.5341666666666667,26,786,37.57,97,0,97,0,97,0
robust,jiang_short_baseline_270,jiang_short_baseline,270,9,121,0,OK,97,0,0,314.68888888888887,274.61333333333334,0.9611111111111111,13,786,28.35,97,0,97,0,97,0
robust,jiang_short_baseline_270,jiang_short_baseline,270,9,122,0,OK,97,0,0,340.46444444444444,291.95444444444445,0.885,15,786,21.2,97,0,97,0,97,0
robust,jiang_short_baseline_270,jiang_short_baseline,270,9,123,0,OK,97,0,0,391.12,303.6533333333333,0.8530555555555556,24,786,31.3,97,0,97,0,97,0
robust,jiang_short_baseline_270,jiang_short_baseline,270,9,124,0,OK,97,0,0,390.49444444444447,303.1622222222222,1.7361111111111112,25,786,30.07,97,0,97,0,97,0
robust,jiang_short_baseline_270,jiang_short_baseline,270,9,125,0,OK,97,0,0,438.9688888888889,309.56,1.245,42,786,54.25,97,0,97,0,97,0
robust,jiang_short_baseline_270,jiang_short_baseline,270,9,126,0,OK,97,0,0,427.7944444444444,318.68888888888887,2.2316666666666665,32,786,42.44,97,0,97,0,97,0
robust,jiang_short_baseline_270,jiang_short_baseline,270,9,127,0,OK,97,0,0,397.25,316.9922222222222,0.6808333333333333,23,786,35.72,97,0,97,0,97,0
robust,jiang_short_baseline_270,jiang_short_baseline,270,9,128,0,OK,97,0,0,362.0588888888889,284.4111111111111,0.9433333333333334,25,786,32.11,97,0,97,0,97,0
robust,jiang_short_baseline_270,jiang_short_baseline,270,9,129,0,OK,97,0,0,361.65222222222224,287.4033333333333,0.9205555555555556,23,786,30.52,97,0,97,0,97,0
robust,jiang_short_baseline_270,jiang_short_baseline,270,9,130,0,OK,97,0,0,406.10555555555555,308.2888888888889,0.0,30,786,32.81,97,0,97,0,97,0
robust,jiang_short_baseline_300,jiang_short_baseline,300,7,101,0,OK,97,0,0,350.73,298.9922222222222,0.7763888888888889,15,786,27.53,97,0,97,0,97,0
robust,jiang_short_baseline_300,jiang_short_baseline,300,7,102,0,OK,97,0,0,326.18888888888887,288.6411111111111,0.39694444444444443,12,786,25.75,97,0,97,0,97,0
robust,jiang_short_baseline_300,jiang_short_baseline,300,7,103,0,OK,97,0,0,337.93444444444447,286.30333333333334,1.408611111111111,15,786,26.76,97,0,97,0,97,0
robust,jiang_short_baseline_300,jiang_short_baseline,300,7,104,0,OK,97,0,0,338.85333333333335,295.5022222222222,1.6694444444444445,13,786,21.84,97,0,97,0,97,0
robust,jiang_short_baseline_300,jiang_short_baseline,300,7,105,0,OK,97,0,0,304.23,274.1166666666667,1.2744444444444445,11,786,22.4,97,0,97,0,97,0
robust,jiang_short_baseline_300,jiang_short_baseline,300,7,106,0,OK,97,0,0,337.9611111111111,297.60555555555555,1.1958333333333333,11,786,25.5,97,0,97,0,97,0
robust,jiang_short_baseline_300,jiang_short_baseline,300,7,107,0,OK,97,0,0,291.21444444444444,265.18666666666667,1.0116666666666667,9,786,22.57,97,0,97,0,97,0
robust,jiang_short_baseline_300,jiang_short_baseline,300,7,108,0,OK,97,0,0,316.2366666666667,284.81666666666666,0.8519444444444444,9,786,23.85,97,0,97,0,97,0
robust,jiang_short_baseline_300,jiang_short_baseline,300,7,109,0,OK,97,0,0,324.87,283.43111111111114,1.0363888888888888,14,786,31.7,97,0,97,0,97,0
robust,jiang_short_baseline_300,jiang_short_baseline,300,7,110,0,OK,97,0,0,304.1144444444444,277.7788888888889,0.3325,8,786,22.46,97,0,97,0,97,0
robust,jiang_short_baseline_300,jiang_short_baseline,300,7,111,0,OK,97,0,0,324.17,287.0488888888889,0.7655555555555555,11,786,25.52,97,0,97,0,97,0
robust,jiang_short_baseline_300,jiang_short_baseline,300,7,112,0,OK,97,0,0,352.71666666666664,310.77555555555557,2.091388888888889,12,786,25.74,97,0,97,0,97,0
robust,jiang_short_baseline_300,jiang_short_baseline,300,7,113,0,OK,97,0,0,325.7788888888889,290.5988888888889,1.656388888888889,11,786,25.69,97,0,97,0,97,0
robust,jiang_short_baseline_300,jiang_short_baseline,300,7,114,0,OK,97,0,0,331.3411111111111,290.2811111111111,0.5363888888888889,13,786,29.93,97,0,97,0,97,0
robust,jiang_short_baseline_300,jiang_short_baseline,300,7,115,0,OK,97,0,0,373.81555555555553,298.65444444444444,1.6458333333333333,25,786,41.56,97,0,97,0,97,0
robust,jiang_short_baseline_300,jiang_short_baseline,300,7,116,0,OK,97,0,0,333.15,289.1611111111111,1.6441666666666668,14,786,25.83,97,0,97,0,97,0
robust,jiang_short_baseline_300,jiang_short_baseline,300,7,117,0,OK,97,0,0,315.77666666666664,289.52777777777777,1.4991666666666668,8,786,27.18,97,0,97,0,97,0
robust,jiang_short_baseline_300,jiang_short_baseline,300,7,118,0,OK,97,0,0,373.0733333333333,313.9144444444444,1.1958333333333333,18,786,27.99,97,0,97,0,97,0
robust,jiang_short_baseline_300,jiang_short_baseline,300,7,119,0,OK,97,0,0,356.83,308.2922222222222,0.6052777777777778,15,786,33.04,97,0,97,0,97,0
robust,jiang_short_baseline_300,jiang_short_baseline,300,7,120,0,OK,97,0,0,348.1977777777778,294.9866666666667,0.7494444444444445,16,786,26.4,97,0,97,0,97,0
robust,jiang_short_baseline_300,jiang_short_baseline,300,7,121,0,OK,97,0,0,279.99333333333334,266.44444444444446,0.7402777777777778,4,786,21.04,97,0,97,0,97,0
robust,jiang_short_baseline_300,jiang_short_baseline,300,7,122,0,OK,97,0,0,306.3855555555556,284.08444444444444,0.7541666666666667,7,786,22.75,97,0,97,0,97,0
robust,jiang_short_baseline_300,jiang_short_baseline,300,7,123,0,OK,97,0,0,320.69666666666666,286.6144444444444,0.9566666666666667,9,786,23.76,97,0,97,0,97,0
robust,jiang_short_baseline_300,jiang_short_baseline,300,7,124,0,OK,97,0,0,342.27444444444444,293.34777777777776,1.8366666666666667,14,786,25.86,97,0,97,0,97,0
robust,jiang_short_baseline_300,jiang_short_baseline,300,7,125,0,OK,97,0,0,346.8388888888889,285.3911111111111,1.1172222222222221,20,786,29.87,97,0,97,0,97,0
robust,jiang_short_baseline_300,jiang_short_baseline,300,7,126,0,OK,97,0,0,311.04,286.1511111111111,0.7983333333333333,7,786,23.53,97,0,97,0,97,0
robust,jiang_short_baseline_300,jiang_short_baseline,300,7,127,0,OK,97,0,0,346.59222222222223,305.58666666666664,0.4686111111111111,12,786,22.75,97,0,97,0,97,0
robust,jiang_short_baseline_300,jiang_short_baseline,300,7,128,0,OK,97,0,0,303.05555555555554,269.5366666666667,1.8891666666666667,10,786,23.5,97,0,97,0,97,0
robust,jiang_short_baseline_300,jiang_short_baseline,300,7,129,0,OK,97,0,0,300.53,274.89,1.3366666666666667,8,786,21.98,97,0,97,0,97,0
robust,jiang_short_baseline_300,jiang_short_baseline,300,7,130,0,OK,97,0,0,331.4144444444444,288.73777777777775,0.37972222222222224,13,786,20.13,97,0,97,0,97,0
robust,jiang_short_baseline_300,jiang_short_baseline,300,8,101,0,OK,97,0,0,347.4066666666667,295.6688888888889,0.36694444444444446,15,786,28.69,97,0,97,0,97,0
robust,jiang_short_baseline_300,jiang_short_baseline,300,8,102,0,OK,97,0,0,324.85333333333335,287.30555555555554,1.0202777777777778,12,786,26.03,97,0,97,0,97,0
robust,jiang_short_baseline_300,jiang_short_baseline,300,8,103,0,OK,97,0,0,337.62888888888887,285.9977777777778,0.5419444444444445,15,786,20.93,97,0,97,0,97,0
robust,jiang_short_baseline_300,jiang_short_baseline,300,8,104,0,OK,97,0,0,335.57444444444445,292.22333333333336,0.8680555555555556,13,786,27.7,97,0,97,0,97,0
robust,jiang_short_baseline_300,jiang_short_baseline,300,8,105,0,OK,97,0,0,303.3544444444444,273.24111111111114,1.2413888888888889,11,786,25.12,97,0,97,0,97,0
robust,jiang_short_baseline_300,jiang_short_baseline,300,8,106,0,OK,97,0,0,337.58444444444444,297.2288888888889,1.5475,11,786,23.63,97,0,97,0,97,0
robust,jiang_short_baseline_300,jiang_short_baseline,300,8,107,0,OK,97,0,0,289.8411111111111,263.81333333333333,0.31416666666666665,9,786,22.15,97,0,97,0,97,0
robust,jiang_short_baseline_300,jiang_short_baseline,300,8,108,0,OK,97,0,0,315.56111111111113,284.1411111111111,2.183333333333333,9,786,22.96,97,0,97,0,97,0
robust,jiang_short_baseline_300,jiang_short_baseline,300,8,109,0,OK,97,0,0,324.68666666666667,283.2477777777778,0.42388888888888887,14,786,25.86,97,0,97,0,97,0
robust,jiang_short_baseline_300,jiang_short_baseline,300,8,110,0,OK,97,0,0,303.00333333333333,276.66777777777776,0.9383333333333334,8,786,20.18,97,0,97,0,97,0
robust,jiang_short_baseline_300,jiang_short_baseline,300,8,111,0,OK,97,0,0,322.8933333333333,285.77222222222224,0.7308333333333333,11,786,21.32,97,0,97,0,97,0
robust,jiang_short_baseline_300,jiang_short_baseline,300,8,112,0,OK,97,0,0,350.1177777777778,308.1766666666667,1.2675,12,786,19.51,97,0,97,0,97,0
robust,jiang_short_baseline_300,jiang_short_baseline,300,8,113,0,OK,97,0,0,323.0711111111111,287.8911111111111,1.8083333333333333,11,786,18.26,97,0,97,0,97,0
robust,jiang_short_baseline_300,jiang_short_baseline,300,8,114,0,OK,97,0,0,329.1766666666667,288.1166666666667,0.47833333333333333,13,786,24.05,97,0,97,0,97,0
robust,jiang_short_baseline_300,jiang_short_baseline,300,8,115,0,OK,97,0,0,371.43666666666667,296.27555555555557,2.4138888888888888,25,786,35.05,97,0,97,0,97,0
robust,jiang_short_baseline_300,jiang_short_baseline,300,8,116,0,OK,97,0,0,332.75111111111113,288.76222222222225,1.2633333333333334,14,786,26.34,97,0,97,0,97,0
robust,jiang_short_baseline_300,jiang_short_baseline,300,8,117,0,OK,97,0,0,314.61,288.3611111111111,2.5058333333333334,8,786,21.9,97,0,97,0,97,0
robust,jiang_short_baseline_300,jiang_short_baseline,300,8,118,0,OK,97,0,0,366.5877777777778,307.4288888888889,1.0875,18,786,24.15,97,0,97,0,97,0
robust,jiang_short_baseline_300,jiang_short_baseline,300,8,119,0,OK,97,0,0,353.7922222222222,305.25444444444446,0.4975,15,786,26.68,97,0,97,0,97,0
robust,jiang_short_baseline_300,jiang_short_baseline,300,8,120,0,OK,97,0,0,346.9688888888889,293.7577777777778,1.5055555555555555,16,786,29.21,97,0,97,0,97,0
robust,jiang_short_baseline_300,jiang_short_baseline,300,8,121,0,OK,97,0,0,279.99666666666667,266.4477777777778,1.3286111111111112,4,786,15.86,97,0,97,0,97,0
robust,jiang_short_baseline_300,jiang_short_baseline,300,8,122,0,OK,97,0,0,304.4244444444444,282.12333333333333,1.4783333333333333,7,786,19.91,97,0,97,0,97,0
robust,jiang_short_baseline_300,jiang_short_baseline,300,8,123,0,OK,97,0,0,320.3688888888889,286.2866666666667,1.4136111111111112,9,786,24.43,97,0,97,0,97,0
robust,jiang_short_baseline_300,jiang_short_baseline,300,8,124,0,OK,97,0,0,338.3066666666667,289.38,1.0580555555555555,14,786,25.42,97,0,97,0,97,0
robust,jiang_short_baseline_300,jiang_short_baseline,300,8,125,0,OK,97,0,0,345.83444444444444,284.38666666666666,1.4752777777777777,20,786,29.85,97,0,97,0,97,0
robust,jiang_short_baseline_300,jiang_short_baseline,300,8,126,0,OK,97,0,0,309.14666666666665,284.2577777777778,0.7902777777777777,7,786,20.89,97,0,97,0,97,0
robust,jiang_short_baseline_300,jiang_short_baseline,300,8,127,0,OK,97,0,0,344.1933333333333,303.1877777777778,1.3147222222222221,12,786,20.3,97,0,97,0,97,0
robust,jiang_short_baseline_300,jiang_short_baseline,300,8,128,0,OK,97,0,0,303.7322222222222,270.2133333333333,0.04055555555555555,10,786,17.12,97,0,97,0,97,0
robust,jiang_short_baseline_300,jiang_short_baseline,300,8,129,0,OK,97,0,0,297.8022222222222,272.1622222222222,0.12583333333333332,8,786,20.99,97,0,97,0,97,0
robust,jiang_short_baseline_300,jiang_short_baseline,300,8,130,0,OK,97,0,0,329.5111111111111,286.83444444444444,0.5572222222222222,13,786,26.54,97,0,97,0,97,0
robust,jiang_short_baseline_325,jiang_short_baseline,325,7,101,0,OK,97,0,0,335.3688888888889,293.91777777777776,0.7763888888888889,12,786,24.59,97,0,97,0,97,0
robust,jiang_short_baseline_325,jiang_short_baseline,325,7,102,0,OK,97,0,0,311.61555555555555,283.86333333333334,1.5416666666666667,9,786,24.05,97,0,97,0,97,0
robust,jiang_short_baseline_325,jiang_short_baseline,325,7,103,0,OK,97,0,0,319.69,281.50555555555553,1.1872222222222222,11,786,24.79,97,0,97,0,97,0
robust,jiang_short_baseline_325,jiang_short_baseline,325,7,104,0,OK,97,0,0,329.65444444444444,292.5288888888889,1.9619444444444445,11,786,26.54,97,0,97,0,97,0
robust,jiang_short_baseline_325,jiang_short_baseline,325,7,105,0,OK,97,0,0,300.85555555555555,274.2988888888889,1.3288888888888888,10,786,25.05,97,0,97,0,97,0
robust,jiang_short_baseline_325,jiang_short_baseline,325,7,106,0,OK,97,0,0,321.3411111111111,293.4688888888889,0.4761111111111111,8,786,22.38,97,0,97,0,97,0
robust,jiang_short_baseline_325,jiang_short_baseline,325,7,107,0,OK,97,0,0,286.2677777777778,263.26222222222225,1.0280555555555555,8,786,23.05,97,0,97,0,97,0
robust,jiang_short_baseline_325,jiang_short_baseline,325,7,108,0,OK,97,0,0,316.2366666666667,284.81666666666666,0.8519444444444444,9,786,23.98,97,0,97,0,97,0
robust,jiang_short_baseline_325,jiang_short_baseline,325,7,109,0,OK,97,0,0,316.27444444444444,282.92,1.4602777777777778,11,786,22.37,97,0,97,0,97,0
robust,jiang_short_baseline_325,jiang_short_baseline,325,7,110,0,OK,97,0,0,284.98777777777775,272.5422222222222,1.4580555555555557,4,786,18.16,97,0,97,0,97,0
robust,jiang_short_baseline_325,jiang_short_baseline,325,7,111,0,OK,97,0,0,318.15222222222224,285.0911111111111,1.7944444444444445,10,786,21.99,97,0,97,0,97,0
robust,jiang_short_baseline_325,jiang_short_baseline,325,7,112,0,OK,97,0,0,336.84777777777776,307.14444444444445,1.4525,8,786,18.01,97,0,97,0,97,0
robust,jiang_short_baseline_325,jiang_short_baseline,325,7,113,0,OK,97,0,0,320.37333333333333,288.71666666666664,0.41805555555555557,10,786,22.11,97,0,97,0,97,0
robust,jiang_short_baseline_325,jiang_short_baseline,325,7,114,0,OK,97,0,0,322.94666666666666,287.41777777777776,0.9447222222222222,11,786,22.27,97,0,97,0,97,0
robust,jiang_short_baseline_325,jiang_short_baseline,325,7,115,0,OK,97,0,0,353.6688888888889,289.59444444444443,1.8691666666666666,21,786,27.87,97,0,97,0,97,0
robust,jiang_short_baseline_325,jiang_short_baseline,325,7,116,0,OK,97,0,0,322.94555555555553,288.02444444444444,1.6816666666666666,11,786,21.43,97,0,97,0,97,0
robust,jiang_short_baseline_325,jiang_short_baseline,325,7,117,0,OK,97,0,0,312.14666666666665,288.1988888888889,0.5486111111111112,7,786,19.14,97,0,97,0,97,0
robust,jiang_short_baseline_325,jiang_short_baseline,325,7,118,0,OK,97,0,0,347.97444444444443,303.8433333333333,1.1391666666666667,13,786,24.72,97,0,97,0,97,0
robust,jiang_short_baseline_325,jiang_short_baseline,325,7,119,0,OK,97,0,0,346.16333333333336,304.9922222222222,2.1816666666666666,13,786,22.67,97,0,97,0,97,0
robust,jiang_short_baseline_325,jiang_short_baseline,325,7,120,0,OK,97,0,0,330.52666666666664,291.01444444444445,2.3930555555555557,12,786,23.38,97,0,97,0,97,0
robust,jiang_short_baseline_325,jiang_short_baseline,325,7,121,0,OK,97,0,0,279.99333333333334,266.44444444444446,0.7402777777777778,4,786,15.73,97,0,97,0,97,0
robust,jiang_short_baseline_325,jiang_short_baseline,325,7,122,0,OK,97,0,0,296.8522222222222,282.0933333333333,0.9602777777777778,5,786,18.27,97,0,97,0,97,0
robust,jiang_short_baseline_325,jiang_short_baseline,325,7,123,0,OK,97,0,0,315.6711111111111,285.81555555555553,1.6433333333333333,8,786,18.94,97,0,97,0,97,0
robust,jiang_short_baseline_325,jiang_short_baseline,325,7,124,0,OK,97,0,0,320.7311111111111,285.90444444444444,0.1811111111111111,10,786,18.89,97,0,97,0,97,0
robust,jiang_short_baseline_325,jiang_short_baseline,325,7,125,0,OK,97,0,0,311.75888888888886,275.57444444444445,0.7488888888888889,12,786,20.5,97,0,97,0,97,0
robust,jiang_short_baseline_325,jiang_short_baseline,325,7,126,0,OK,97,0,0,311.04,286.1511111111111,0.7983333333333333,7,786,19.15,97,0,97,0,97,0
robust,jiang_short_baseline_325,jiang_short_baseline,325,7,127,0,OK,97,0,0,338.9088888888889,303.91,0.43222222222222223,10,786,23.65,97,0,97,0,97,0
robust,jiang_short_baseline_325,jiang_short_baseline,325,7,128,0,OK,97,0,0,300.63,270.7211111111111,0.9466666666666667,9,786,21.74,97,0,97,0,97,0
robust,jiang_short_baseline_325,jiang_short_baseline,325,7,129,0,OK,97,0,0,293.8122222222222,271.9633333333333,2.223611111111111,7,786,19.17,97,0,97,0,97,0
robust,jiang_short_baseline_325,jiang_short_baseline,325,7,130,0,OK,97,0,0,313.8822222222222,285.0722222222222,1.0847222222222221,9,786,24.48,97,0,97,0,97,0
robust,jiang_short_baseline_325,jiang_short_baseline,325,8,101,0,OK,97,0,0,334.63444444444445,293.18333333333334,0.13777777777777778,12,786,26.08,97,0,97,0,97,0
robust,jiang_short_baseline_325,jiang_short_baseline,325,8,102,0,OK,97,0,0,310.9844444444444,283.2322222222222,0.11555555555555555,9,786,23.44,97,0,97,0,97,0
robust,jiang_short_baseline_325,jiang_short_baseline,325,8,103,0,OK,97,0,0,317.9166666666667,279.7322222222222,1.6333333333333333,11,786,19.18,97,0,97,0,97,0
robust,jiang_short_baseline_325,jiang_short_baseline,325,8,104,0,OK,97,0,0,327.87333333333333,290.7477777777778,0.5513888888888889,11,786,25.03,97,0,97,0,97,0
robust,jiang_short_baseline_325,jiang_short_baseline,325,8,105,0,OK,97,0,0,297.70666666666665,271.15,1.2580555555555555,10,786,19.5,97,0,97,0,97,0
robust,jiang_short_baseline_325,jiang_short_baseline,325,8,106,0,OK,97,0,0,318.72333333333336,290.8511111111111,1.3680555555555556,8,786,23.32,97,0,97,0,97,0
robust,jiang_short_baseline_325,jiang_short_baseline,325,8,107,0,OK,97,0,0,285.8955555555556,262.89,0.8622222222222222,8,786,22.99,97,0,97,0,97,0
robust,jiang_short_baseline_325,jiang_short_baseline,325,8,108,0,OK,97,0,0,315.56111111111113,284.1411111111111,2.183333333333333,9,786,21.74,97,0,97,0,97,0
robust,jiang_short_baseline_325,jiang_short_baseline,325,8,109,0,OK,97,0,0,312.44,279.0855555555556,0.8330555555555555,11,786,24.73,97,0,97,0,97,0
robust,jiang_short_baseline_325,jiang_short_baseline,325,8,110,0,OK,97,0,0,284.47,272.02444444444444,0.21694444444444444,4,786,17.63,97,0,97,0,97,0
robust,jiang_short_baseline_325,jiang_short_baseline,325,8,111,0,OK,97,0,0,316.05555555555554,282.99444444444447,1.8358333333333334,10,786,16.6,97,0,97,0,97,0
robust,jiang_short_baseline_325,jiang_short_baseline,325,8,112,0,OK,97,0,0,332.55444444444447,302.8511111111111,1.0780555555555555,8,786,21.66,97,0,97,0,97,0
robust,jiang_short_baseline_325,jiang_short_baseline,325,8,113,0,OK,97,0,0,317.1666666666667,285.51,0.9913888888888889,10,786,18.99,97,0,97,0,97,0
robust,jiang_short_baseline_325,jiang_short_baseline,325,8,114,0,OK,97,0,0,321.5444444444444,286.0155555555556,0.7991666666666667,11,786,25.5,97,0,97,0,97,0
robust,jiang_short_baseline_325,jiang_short_baseline,325,8,115,0,OK,97,0,0,353.7911111111111,289.71666666666664,2.0230555555555556,21,786,28.68,97,0,97,0,97,0
robust,jiang_short_baseline_325,jiang_short_baseline,325,8,116,0,OK,97,0,0,320.54,285.6188888888889,1.4708333333333334,11,786,26.37,97,0,97,0,97,0
robust,jiang_short_baseline_325,jiang_short_baseline,325,8,117,0,OK,97,0,0,312.1411111111111,288.1933333333333,2.7908333333333335,7,786,16.86,97,0,97,0,97,0
robust,jiang_short_baseline_325,jiang_short_baseline,325,8,118,0,OK,97,0,0,345.52222222222224,301.3911111111111,0.9766666666666667,13,786,23.6,97,0,97,0,97,0
robust,jiang_short_baseline_325,jiang_short_baseline,325,8,119,0,OK,97,0,0,343.26666666666665,302.09555555555556,0.23305555555555554,13,786,25.21,97,0,97,0,97,0
robust,jiang_short_baseline_325,jiang_short_baseline,325,8,120,0,OK,97,0,0,328.74555555555554,289.23333333333335,0.03027777777777778,12,786,26.64,97,0,97,0,97,0
robust,jiang_short_baseline_325,jiang_short_baseline,325,8,121,0,OK,97,0,0,279.99666666666667,266.4477777777778,1.3286111111111112,4,786,16.98,97,0,97,0,97,0
robust,jiang_short_baseline_325,jiang_short_baseline,325,8,122,0,OK,97,0,0,296.29555555555555,281.5366666666667,0.5530555555555555,5,786,15.09,97,0,97,0,97,0
robust,jiang_short_baseline_325,jiang_short_baseline,325,8,123,0,OK,97,0,0,314.13,284.27444444444444,0.9816666666666667,8,786,20.72,97,0,97,0,97,0
robust,jiang_short_baseline_325,jiang_short_baseline,325,8,124,0,OK,97,0,0,319.5133333333333,284.68666666666667,1.5772222222222223,10,786,24.67,97,0,97,0,97,0
robust,jiang_short_baseline_325,jiang_short_baseline,325,8,125,0,OK,97,0,0,310.56888888888886,274.38444444444445,0.8169444444444445,12,786,28.88,97,0,97,0,97,0
robust,jiang_short_baseline_325,jiang_short_baseline,325,8,126,0,OK,97,0,0,309.14666666666665,284.2577777777778,0.7902777777777777,7,786,22.34,97,0,97,0,97,0
robust,jiang_short_baseline_325,jiang_short_baseline,325,8,127,0,OK,97,0,0,335.95444444444445,300.9555555555556,1.2538888888888888,10,786,25.49,97,0,97,0,97,0
robust,jiang_short_baseline_325,jiang_short_baseline,325,8,128,0,OK,97,0,0,299.57,269.6611111111111,0.28833333333333333,9,786,23.74,97,0,97,0,97,0
robust,jiang_short_baseline_325,jiang_short_baseline,325,8,129,0,OK,97,0,0,293.6722222222222,271.8233333333333,1.5227777777777778,7,786,22.2,97,0,97,0,97,0
robust,jiang_short_baseline_325,jiang_short_baseline,325,8,130,0,OK,97,0,0,311.87,283.06,0.43,9,786,21.21,97,0,97,0,97,0
robust,jiang_short_baseline_380,jiang_short_baseline,380,6,101,0,OK,97,0,0,302.90222222222224,285.04333333333335,1.1408333333333334,5,786,21.39,97,0,97,0,97,0
robust,jiang_short_baseline_380,jiang_short_baseline,380,6,102,0,OK,97,0,0,308.4977777777778,283.25444444444446,1.5994444444444444,8,786,26.49,97,0,97,0,97,0
robust,jiang_short_baseline_380,jiang_short_baseline,380,6,103,0,OK,97,0,0,302.6511111111111,277.50444444444446,1.2697222222222222,7,786,23.9,97,0,97,0,97,0
robust,jiang_short_baseline_380,jiang_short_baseline,380,6,104,0,OK,97,0,0,301.28333333333336,284.93666666666667,1.5269444444444444,5,786,20.84,97,0,97,0,97,0
robust,jiang_short_baseline_380,jiang_short_baseline,380,6,105,0,OK,97,0,0,291.25444444444446,271.6011111111111,1.2938888888888889,7,786,23.66,97,0,97,0,97,0
robust,jiang_short_baseline_380,jiang_short_baseline,380,6,106,0,OK,97,0,0,290.71666666666664,284.4411111111111,0.9647222222222223,2,786,16.02,97,0,97,0,97,0
robust,jiang_short_baseline_380,jiang_short_baseline,380,6,107,0,OK,97,0,0,271.1688888888889,258.75111111111113,1.6372222222222221,4,786,14.5,97,0,97,0,97,0
robust,jiang_short_baseline_380,jiang_short_baseline,380,6,108,0,OK,97,0,0,279.7888888888889,275.2888888888889,0.3844444444444444,1,786,17.06,97,0,97,0,97,0
robust,jiang_short_baseline_380,jiang_short_baseline,380,6,109,0,OK,97,0,0,288.02222222222224,275.16333333333336,0.8205555555555556,4,786,16.85,97,0,97,0,97,0
robust,jiang_short_baseline_380,jiang_short_baseline,380,6,110,0,OK,97,0,0,276.56888888888886,270.50333333333333,1.3069444444444445,2,786,18.55,97,0,97,0,97,0
robust,jiang_short_baseline_380,jiang_short_baseline,380,6,111,0,OK,97,0,0,295.94666666666666,279.25111111111113,2.8475,5,786,20.9,97,0,97,0,97,0
robust,jiang_short_baseline_380,jiang_short_baseline,380,6,112,0,OK,97,0,0,313.02444444444444,299.49111111111114,1.2833333333333334,4,786,20.14,97,0,97,0,97,0
robust,jiang_short_baseline_380,jiang_short_baseline,380,6,113,0,OK,97,0,0,303.8177777777778,285.3333333333333,0.9436111111111111,6,786,23.36,97,0,97,0,97,0
robust,jiang_short_baseline_380,jiang_short_baseline,380,6,114,0,OK,97,0,0,300.3977777777778,282.1355555555556,1.495,6,786,15.65,97,0,97,0,97,0
robust,jiang_short_baseline_380,jiang_short_baseline,380,6,115,0,OK,97,0,0,327.38,283.7655555555556,1.0225,14,786,27.66,97,0,97,0,97,0
robust,jiang_short_baseline_380,jiang_short_baseline,380,6,116,0,OK,97,0,0,312.6766666666667,285.7477777777778,2.6619444444444444,8,786,22.62,97,0,97,0,97,0
robust,jiang_short_baseline_380,jiang_short_baseline,380,6,117,0,OK,97,0,0,289.8666666666667,284.13444444444445,2.1016666666666666,2,786,16.46,97,0,97,0,97,0
robust,jiang_short_baseline_380,jiang_short_baseline,380,6,118,0,OK,97,0,0,330.41555555555556,298.99333333333334,0.9877777777777778,9,786,21.56,97,0,97,0,97,0
robust,jiang_short_baseline_380,jiang_short_baseline,380,6,119,0,OK,97,0,0,318.0444444444444,295.8511111111111,1.2925,7,786,23.67,97,0,97,0,97,0
robust,jiang_short_baseline_380,jiang_short_baseline,380,6,120,0,OK,97,0,0,317.4088888888889,288.3888888888889,0.17833333333333334,8,786,21.23,97,0,97,0,97,0
robust,jiang_short_baseline_380,jiang_short_baseline,380,6,121,0,OK,97,0,0,277.5911111111111,266.6333333333333,1.8855555555555557,3,786,17.04,97,0,97,0,97,0
robust,jiang_short_baseline_380,jiang_short_baseline,380,6,122,0,OK,97,0,0,288.47,280.14222222222224,1.5427777777777778,3,786,15.64,97,0,97,0,97,0
robust,jiang_short_baseline_380,jiang_short_baseline,380,6,123,0,OK,97,0,0,307.93666666666667,284.63444444444445,1.3841666666666668,6,786,19.31,97,0,97,0,97,0
robust,jiang_short_baseline_380,jiang_short_baseline,380,6,124,0,OK,97,0,0,293.5522222222222,278.6066666666667,1.4497222222222221,4,786,19.14,97,0,97,0,97,0
robust,jiang_short_baseline_380,jiang_short_baseline,380,6,125,0,OK,97,0,0,297.28,272.67333333333335,1.13,8,786,23.19,97,0,97,0,97,0
robust,jiang_short_baseline_380,jiang_short_baseline,380,6,126,0,OK,97,0,0,288.43333333333334,280.99888888888887,1.3383333333333334,2,786,16.98,97,0,97,0,97,0
robust,jiang_short_baseline_380,jiang_short_baseline,380,6,127,0,OK,97,0,0,312.22777777777776,296.0233333333333,1.0744444444444445,5,786,21.29,97,0,97,0,97,0
robust,jiang_short_baseline_380,jiang_short_baseline,380,6,128,0,OK,97,0,0,272.6566666666667,263.37888888888887,0.7086111111111111,3,786,17.07,97,0,97,0,97,0
robust,jiang_short_baseline_380,jiang_short_baseline,380,6,129,0,OK,97,0,0,282.12444444444446,269.3544444444444,0.5822222222222222,4,786,20.98,97,0,97,0,97,0
robust,jiang_short_baseline_380,jiang_short_baseline,380,6,130,0,OK,97,0,0,297.20444444444445,280.04,0.3813888888888889,5,786,19.36,97,0,97,0,97,0
robust,jiang_short_baseline_380,jiang_short_baseline,380,7,101,0,OK,97,0,0,300.00666666666666,282.1477777777778,0.24722222222222223,5,786,16.46,97,0,97,0,97,0
robust,jiang_short_baseline_380,jiang_short_baseline,380,7,102,0,OK,97,0,0,307.8222222222222,282.5788888888889,1.471111111111111,8,786,18.8,97,0,97,0,97,0
robust,jiang_short_baseline_380,jiang_short_baseline,380,7,103,0,OK,97,0,0,300.9033333333333,275.75666666666666,0.4066666666666667,7,786,17.01,97,0,97,0,97,0
robust,jiang_short_baseline_380,jiang_short_baseline,380,7,104,0,OK,97,0,0,299.5566666666667,283.21,0.31916666666666665,5,786,19.13,97,0,97,0,97,0
robust,jiang_short_baseline_380,jiang_short_baseline,380,7,105,0,OK,97,0,0,289.95222222222225,270.2988888888889,1.1263888888888889,7,786,16.84,97,0,97,0,97,0
robust,jiang_short_baseline_380,jiang_short_baseline,380,7,106,0,OK,97,0,0,290.29,284.01444444444445,0.20027777777777778,2,786,16.89,97,0,97,0,97,0
robust,jiang_short_baseline_380,jiang_short_baseline,380,7,107,0,OK,97,0,0,269.76444444444445,257.3466666666667,1.2955555555555556,4,786,17.61,97,0,97,0,97,0
robust,jiang_short_baseline_380,jiang_short_baseline,380,7,108,0,OK,97,0,0,279.10555555555555,274.60555555555555,0.04527777777777778,1,786,13.27,97,0,97,0,97,0
robust,jiang_short_baseline_380,jiang_short_baseline,380,7,109,0,OK,97,0,0,287.15555555555557,274.2966666666667,0.5577777777777778,4,786,16.55,97,0,97,0,97,0
robust,jiang_short_baseline_380,jiang_short_baseline,380,7,110,0,OK,97,0,0,275.9555555555556,269.89,0.0,2,786,14.83,97,0,97,0,97,0
robust,jiang_short_baseline_380,jiang_short_baseline,380,7,111,0,OK,97,0,0,296.32444444444445,279.62888888888887,2.0233333333333334,5,786,18.85,97,0,97,0,97,0
robust,jiang_short_baseline_380,jiang_short_baseline,380,7,112,0,OK,97,0,0,312.60333333333335,299.07,1.8388888888888888,4,786,18.69,97,0,97,0,97,0
robust,jiang_short_baseline_380,jiang_short_baseline,380,7,113,0,OK,97,0,0,301.6111111111111,283.12666666666667,0.9311111111111111,6,786,20.19,97,0,97,0,97,0
robust,jiang_short_baseline_380,jiang_short_baseline,380,7,114,0,OK,97,0,0,297.8522222222222,279.59,0.8852777777777778,6,786,16.63,97,0,97,0,97,0
robust,jiang_short_baseline_380,jiang_short_baseline,380,7,115,0,OK,97,0,0,327.49888888888887,283.88444444444445,1.0155555555555555,14,786,22.07,97,0,97,0,97,0
robust,jiang_short_baseline_380,jiang_short_baseline,380,7,116,0,OK,97,0,0,310.9588888888889,284.03,0.8266666666666667,8,786,23.56,97,0,97,0,97,0
robust,jiang_short_baseline_380,jiang_short_baseline,380,7,117,0,OK,97,0,0,287.63666666666666,281.90444444444444,0.6669444444444445,2,786,14.0,97,0,97,0,97,0
robust,jiang_short_baseline_380,jiang_short_baseline,380,7,118,0,OK,97,0,0,328.48555555555555,297.06333333333333,1.3608333333333333,9,786,20.2,97,0,97,0,97,0
robust,jiang_short_baseline_380,jiang_short_baseline,380,7,119,0,OK,97,0,0,315.37111111111113,293.1777777777778,0.6933333333333334,7,786,21.77,97,0,97,0,97,0
robust,jiang_short_baseline_380,jiang_short_baseline,380,7,120,0,OK,97,0,0,314.40555555555557,285.3855555555556,0.3525,8,786,22.34,97,0,97,0,97,0
robust,jiang_short_baseline_380,jiang_short_baseline,380,7,121,0,OK,97,0,0,276.8077777777778,265.85,2.031111111111111,3,786,18.23,97,0,97,0,97,0
robust,jiang_short_baseline_380,jiang_short_baseline,380,7,122,0,OK,97,0,0,287.80333333333334,279.47555555555556,0.9883333333333333,3,786,12.89,97,0,97,0,97,0
robust,jiang_short_baseline_380,jiang_short_baseline,380,7,123,0,OK,97,0,0,306.63666666666666,283.33444444444444,0.815,6,786,21.24,97,0,97,0,97,0
robust,jiang_short_baseline_380,jiang_short_baseline,380,7,124,0,OK,97,0,0,292.7577777777778,277.8122222222222,0.029166666666666667,4,786,16.63,97,0,97,0,97,0
robust,jiang_short_baseline_380,jiang_short_baseline,380,7,125,0,OK,97,0,0,293.7711111111111,269.1644444444444,0.9347222222222222,8,786,18.26,97,0,97,0,97,0
robust,jiang_short_baseline_380,jiang_short_baseline,380,7,126,0,OK,97,0,0,287.11555555555555,279.68111111111114,0.8969444444444444,2,786,13.45,97,0,97,0,97,0
robust,jiang_short_baseline_380,jiang_short_baseline,380,7,127,0,OK,97,0,0,311.1277777777778,294.92333333333335,1.5705555555555555,5,786,20.03,97,0,97,0,97,0
robust,jiang_short_baseline_380,jiang_short_baseline,380,7,128,0,OK,97,0,0,271.00888888888886,261.7311111111111,1.1891666666666667,3,786,17.44,97,0,97,0,97,0
robust,jiang_short_baseline_380,jiang_short_baseline,380,7,129,0,OK,97,0,0,280.7944444444444,268.02444444444444,1.6405555555555555,4,786,14.56,97,0,97,0,97,0
robust,jiang_short_baseline_380,jiang_short_baseline,380,7,130,0,OK,97,0,0,293.4277777777778,276.2633333333333,0.5866666666666667,5,786,21.11,97,0,97,0,97,0
robust,jiang_short_baseline_425,jiang_short_baseline,425,6,101,0,OK,97,0,0,278.41333333333336,278.41333333333336,0.7205555555555555,0,786,14.53,97,0,97,0,97,0
robust,jiang_short_baseline_425,jiang_short_baseline,425,6,102,0,OK,97,0,0,283.7,275.8077777777778,1.3975,2,786,13.86,97,0,97,0,97,0
robust,jiang_short_baseline_425,jiang_short_baseline,425,6,103,0,OK,97,0,0,273.02777777777777,269.01,1.5038888888888888,1,786,11.5,97,0,97,0,97,0
robust,jiang_short_baseline_425,jiang_short_baseline,425,6,104,0,OK,97,0,0,286.7611111111111,281.5911111111111,0.6588888888888889,2,786,16.03,97,0,97,0,97,0
robust,jiang_short_baseline_425,jiang_short_baseline,425,6,105,0,OK,97,0,0,273.3977777777778,264.8011111111111,2.112222222222222,3,786,20.39,97,0,97,0,97,0
robust,jiang_short_baseline_425,jiang_short_baseline,425,6,106,0,OK,97,0,0,286.4922222222222,283.2888888888889,1.2441666666666666,1,786,17.38,97,0,97,0,97,0
robust,jiang_short_baseline_425,jiang_short_baseline,425,6,107,0,OK,97,0,0,258.18555555555554,255.46555555555557,0.8794444444444445,1,786,15.16,97,0,97,0,97,0
robust,jiang_short_baseline_425,jiang_short_baseline,425,6,108,0,OK,97,0,0,273.6822222222222,273.6822222222222,2.6908333333333334,0,786,14.26,97,0,97,0,97,0
robust,jiang_short_baseline_425,jiang_short_baseline,425,6,109,0,OK,97,0,0,270.14,270.14,0.6608333333333334,0,786,17.08,97,0,97,0,97,0
robust,jiang_short_baseline_425,jiang_short_baseline,425,6,110,0,OK,97,0,0,268.99333333333334,268.99333333333334,1.0577777777777777,0,786,14.56,97,0,97,0,97,0
robust,jiang_short_baseline_425,jiang_short_baseline,425,6,111,0,OK,97,0,0,271.47777777777776,271.47777777777776,0.29555555555555557,0,786,15.13,97,0,97,0,97,0
robust,jiang_short_baseline_425,jiang_short_baseline,425,6,112,0,OK,97,0,0,306.2033333333333,297.7988888888889,1.3730555555555555,2,786,14.86,97,0,97,0,97,0
robust,jiang_short_baseline_425,jiang_short_baseline,425,6,113,0,OK,97,0,0,281.7733333333333,279.1788888888889,1.1247222222222222,1,786,15.11,97,0,97,0,97,0
robust,jiang_short_baseline_425,jiang_short_baseline,425,6,114,0,OK,97,0,0,284.28222222222223,278.0566666666667,2.0269444444444447,2,786,18.07,97,0,97,0,97,0
robust,jiang_short_baseline_425,jiang_short_baseline,425,6,115,0,OK,97,0,0,294.43555555555554,276.6433333333333,1.2316666666666667,6,786,19.83,97,0,97,0,97,0
robust,jiang_short_baseline_425,jiang_short_baseline,425,6,116,0,OK,97,0,0,276.92555555555555,273.7677777777778,1.7622222222222221,1,786,15.13,97,0,97,0,97,0
robust,jiang_short_baseline_425,jiang_short_baseline,425,6,117,0,OK,97,0,0,281.0622222222222,281.0622222222222,1.4969444444444444,0,786,15.48,97,0,97,0,97,0
robust,jiang_short_baseline_425,jiang_short_baseline,425,6,118,0,OK,97,0,0,285.6644444444444,285.6644444444444,0.7063888888888888,0,786,15.6,97,0,97,0,97,0
robust,jiang_short_baseline_425,jiang_short_baseline,425,6,119,0,OK,97,0,0,294.65444444444444,289.0188888888889,1.0911111111111111,2,786,16.22,97,0,97,0,97,0
robust,jiang_short_baseline_425,jiang_short_baseline,425,6,120,0,OK,97,0,0,297.6277777777778,281.37444444444446,0.495,4,786,20.34,97,0,97,0,97,0
robust,jiang_short_baseline_425,jiang_short_baseline,425,6,121,0,OK,97,0,0,263.0833333333333,263.0833333333333,1.6388888888888888,0,786,14.61,97,0,97,0,97,0
robust,jiang_short_baseline_425,jiang_short_baseline,425,6,122,0,OK,97,0,0,276.3288888888889,276.3288888888889,1.6447222222222222,0,786,14.07,97,0,97,0,97,0
robust,jiang_short_baseline_425,jiang_short_baseline,425,6,123,0,OK,97,0,0,286.26222222222225,278.7677777777778,1.3611111111111112,2,786,14.27,97,0,97,0,97,0
robust,jiang_short_baseline_425,jiang_short_baseline,425,6,124,0,OK,97,0,0,278.39222222222224,274.52444444444444,0.8286111111111111,1,786,16.39,97,0,97,0,97,0
robust,jiang_short_baseline_425,jiang_short_baseline,425,6,125,0,OK,97,0,0,265.40777777777777,262.34777777777776,0.48583333333333334,1,786,13.24,97,0,97,0,97,0
robust,jiang_short_baseline_425,jiang_short_baseline,425,6,126,0,OK,97,0,0,283.6911111111111,279.9533333333333,1.2269444444444444,1,786,15.55,97,0,97,0,97,0
robust,jiang_short_baseline_425,jiang_short_baseline,425,6,127,0,OK,97,0,0,302.0722222222222,293.0711111111111,1.8666666666666667,3,786,15.23,97,0,97,0,97,0
robust,jiang_short_baseline_425,jiang_short_baseline,425,6,128,0,OK,97,0,0,258.89666666666665,258.89666666666665,0.7383333333333333,0,786,14.73,97,0,97,0,97,0
robust,jiang_short_baseline_425,jiang_short_baseline,425,6,129,0,OK,97,0,0,263.8066666666667,263.8066666666667,0.3238888888888889,0,786,12.15,97,0,97,0,97,0
robust,jiang_short_baseline_425,jiang_short_baseline,425,6,130,0,OK,97,0,0,277.9488888888889,275.4088888888889,0.8005555555555556,1,786,15.9,97,0,97,0,97,0
robust,jiang_short_baseline_425,jiang_short_baseline,425,7,101,0,OK,97,0,0,277.0511111111111,277.0511111111111,0.76,0,786,16.36,97,0,97,0,97,0
robust,jiang_short_baseline_425,jiang_short_baseline,425,7,102,0,OK,97,0,0,281.8911111111111,273.99888888888887,0.5075,2,786,16.92,97,0,97,0,97,0
robust,jiang_short_baseline_425,jiang_short_baseline,425,7,103,0,OK,97,0,0,271.3666666666667,267.3488888888889,1.853888888888889,1,786,12.85,97,0,97,0,97,0
robust,jiang_short_baseline_425,jiang_short_baseline,425,7,104,0,OK,97,0,0,285.7088888888889,280.5388888888889,0.36972222222222223,2,786,16.1,97,0,97,0,97,0
robust,jiang_short_baseline_425,jiang_short_baseline,425,7,105,0,OK,97,0,0,272.7011111111111,264.1044444444444,0.6213888888888889,3,786,15.9,97,0,97,0,97,0
robust,jiang_short_baseline_425,jiang_short_baseline,425,7,106,0,OK,97,0,0,286.12555555555554,282.9222222222222,0.4022222222222222,1,786,14.19,97,0,97,0,97,0
robust,jiang_short_baseline_425,jiang_short_baseline,425,7,107,0,OK,97,0,0,256.37555555555554,253.65555555555557,1.4633333333333334,1,786,16.18,97,0,97,0,97,0
robust,jiang_short_baseline_425,jiang_short_baseline,425,7,108,0,OK,97,0,0,273.54333333333335,273.54333333333335,0.05138888888888889,0,786,13.11,97,0,97,0,97,0
robust,jiang_short_baseline_425,jiang_short_baseline,425,7,109,0,OK,97,0,0,269.29777777777775,269.29777777777775,0.2936111111111111,0,786,14.29,97,0,97,0,97,0
robust,jiang_short_baseline_425,jiang_short_baseline,425,7,110,0,OK,97,0,0,267.6877777777778,267.6877777777778,1.6388888888888888,0,786,12.25,97,0,97,0,97,0
robust,jiang_short_baseline_425,jiang_short_baseline,425,7,111,0,OK,97,0,0,272.9322222222222,272.9322222222222,1.0863888888888888,0,786,13.37,97,0,97,0,97,0
robust,jiang_short_baseline_425,jiang_short_baseline,425,7,112,0,OK,97,0,0,304.2988888888889,295.89444444444445,1.0919444444444444,2,786,18.0,97,0,97,0,97,0
robust,jiang_short_baseline_425,jiang_short_baseline,425,7,113,0,OK,97,0,0,279.2655555555556,276.6711111111111,0.2786111111111111,1,786,15.47,97,0,97,0,97,0
robust,jiang_short_baseline_425,jiang_short_baseline,425,7,114,0,OK,97,0,0,283.1722222222222,276.94666666666666,0.77,2,786,17.8,97,0,97,0,97,0
robust,jiang_short_baseline_425,jiang_short_baseline,425,7,115,0,OK,97,0,0,292.46,274.66777777777776,1.7522222222222221,6,786,21.55,97,0,97,0,97,0
robust,jiang_short_baseline_425,jiang_short_baseline,425,7,116,0,OK,97,0,0,276.3355555555556,273.1777777777778,1.0244444444444445,1,786,15.36,97,0,97,0,97,0
robust,jiang_short_baseline_425,jiang_short_baseline,425,7,117,0,OK,97,0,0,280.1455555555556,280.1455555555556,0.08277777777777778,0,786,12.69,97,0,97,0,97,0
robust,jiang_short_baseline_425,jiang_short_baseline,425,7,118,0,OK,97,0,0,283.77444444444444,283.77444444444444,0.5872222222222222,0,786,15.37,97,0,97,0,97,0
robust,jiang_short_baseline_425,jiang_short_baseline,425,7,119,0,OK,97,0,0,293.1511111111111,287.5155555555556,1.0641666666666667,2,786,16.23,97,0,97,0,97,0
robust,jiang_short_baseline_425,jiang_short_baseline,425,7,120,0,OK,97,0,0,296.0911111111111,279.8377777777778,1.6083333333333334,4,786,19.3,97,0,97,0,97,0
robust,jiang_short_baseline_425,jiang_short_baseline,425,7,121,0,OK,97,0,0,263.3411111111111,263.3411111111111,1.3369444444444445,0,786,15.32,97,0,97,0,97,0
robust,jiang_short_baseline_425,jiang_short_baseline,425,7,122,0,OK,97,0,0,276.04,276.04,0.49527777777777776,0,786,15.32,97,0,97,0,97,0
robust,jiang_short_baseline_425,jiang_short_baseline,425,7,123,0,OK,97,0,0,286.0411111111111,278.5466666666667,1.5719444444444444,2,786,14.69,97,0,97,0,97,0
robust,jiang_short_baseline_425,jiang_short_baseline,425,7,124,0,OK,97,0,0,277.32444444444445,273.45666666666665,0.04666666666666667,1,786,15.89,97,0,97,0,97,0
robust,jiang_short_baseline_425,jiang_short_baseline,425,7,125,0,OK,97,0,0,263.94,260.88,0.6280555555555556,1,786,16.58,97,0,97,0,97,0
robust,jiang_short_baseline_425,jiang_short_baseline,425,7,126,0,OK,97,0,0,281.19444444444446,277.45666666666665,1.613888888888889,1,786,13.15,97,0,97,0,97,0
robust,jiang_short_baseline_425,jiang_short_baseline,425,7,127,0,OK,97,0,0,300.4555555555556,291.45444444444445,1.8444444444444446,3,786,18.92,97,0,97,0,97,0
robust,jiang_short_baseline_425,jiang_short_baseline,425,7,128,0,OK,97,0,0,258.31666666666666,258.31666666666666,1.6341666666666668,0,786,14.46,97,0,97,0,97,0
robust,jiang_short_baseline_425,jiang_short_baseline,425,7,129,0,OK,97,0,0,263.27,263.27,0.6630555555555555,0,786,13.02,97,0,97,0,97,0
robust,jiang_short_baseline_425,jiang_short_baseline,425,7,130,0,OK,97,0,0,274.8822222222222,272.34222222222223,0.3088888888888889,1,786,17.45,97,0,97,0,97,0
robust,jiang_short_baseline_500,jiang_short_baseline,500,6,101,0,OK,97,0,0,278.41333333333336,278.41333333333336,0.7205555555555555,0,786,10.54,97,0,97,0,97,0
robust,jiang_short_baseline_500,jiang_short_baseline,500,6,102,0,OK,97,0,0,271.61555555555555,271.61555555555555,1.5752777777777778,0,786,14.72,97,0,97,0,97,0
robust,jiang_short_baseline_500,jiang_short_baseline,500,6,103,0,OK,97,0,0,267.89,267.89,1.44,0,786,13.01,97,0,97,0,97,0
robust,jiang_short_baseline_500,jiang_short_baseline,500,6,104,0,OK,97,0,0,278.1988888888889,278.1988888888889,0.28805555555555556,0,786,13.08,97,0,97,0,97,0
robust,jiang_short_baseline_500,jiang_short_baseline,500,6,105,0,OK,97,0,0,261.5855555555556,261.5855555555556,2.233888888888889,0,786,14.66,97,0,97,0,97,0
robust,jiang_short_baseline_500,jiang_short_baseline,500,6,106,0,OK,97,0,0,281.1311111111111,281.1311111111111,1.3394444444444444,0,786,14.17,97,0,97,0,97,0
robust,jiang_short_baseline_500,jiang_short_baseline,500,6,107,0,OK,97,0,0,253.51,253.51,0.6263888888888889,0,786,16.03,97,0,97,0,97,0
robust,jiang_short_baseline_500,jiang_short_baseline,500,6,108,0,OK,97,0,0,273.6822222222222,273.6822222222222,2.6908333333333334,0,786,14.94,97,0,97,0,97,0
robust,jiang_short_baseline_500,jiang_short_baseline,500,6,109,0,OK,97,0,0,270.14,270.14,0.6608333333333334,0,786,14.67,97,0,97,0,97,0
robust,jiang_short_baseline_500,jiang_short_baseline,500,6,110,0,OK,97,0,0,268.99333333333334,268.99333333333334,1.0577777777777777,0,786,12.67,97,0,97,0,97,0
robust,jiang_short_baseline_500,jiang_short_baseline,500,6,111,0,OK,97,0,0,271.47777777777776,271.47777777777776,0.29555555555555557,0,786,11.12,97,0,97,0,97,0
robust,jiang_short_baseline_500,jiang_short_baseline,500,6,112,0,OK,97,0,0,295.61,295.61,2.0302777777777776,0,786,12.26,97,0,97,0,97,0
robust,jiang_short_baseline_500,jiang_short_baseline,500,6,113,0,OK,97,0,0,276.30555555555554,276.30555555555554,1.1861111111111111,0,786,16.06,97,0,97,0,97,0
robust,jiang_short_baseline_500,jiang_short_baseline,500,6,114,0,OK,97,0,0,275.41777777777776,275.41777777777776,0.9288888888888889,0,786,12.49,97,0,97,0,97,0
robust,jiang_short_baseline_500,jiang_short_baseline,500,6,115,0,OK,97,0,0,269.41555555555556,269.41555555555556,1.6444444444444444,0,786,11.32,97,0,97,0,97,0
robust,jiang_short_baseline_500,jiang_short_baseline,500,6,116,0,OK,97,0,0,272.72777777777776,272.72777777777776,1.7663888888888888,0,786,17.15,97,0,97,0,97,0
robust,jiang_short_baseline_500,jiang_short_baseline,500,6,117,0,OK,97,0,0,281.0622222222222,281.0622222222222,1.4969444444444444,0,786,14.37,97,0,97,0,97,0
robust,jiang_short_baseline_500,jiang_short_baseline,500,6,118,0,OK,97,0,0,285.6644444444444,285.6644444444444,0.7063888888888888,0,786,14.28,97,0,97,0,97,0
robust,jiang_short_baseline_500,jiang_short_baseline,500,6,119,0,OK,97,0,0,286.81666666666666,286.81666666666666,0.8827777777777778,0,786,12.8,97,0,97,0,97,0
robust,jiang_short_baseline_500,jiang_short_baseline,500,6,120,0,OK,97,0,0,275.5155555555556,275.5155555555556,0.8972222222222223,0,786,16.54,97,0,97,0,97,0
robust,jiang_short_baseline_500,jiang_short_baseline,500,6,121,0,OK,97,0,0,263.0833333333333,263.0833333333333,1.6388888888888888,0,786,15.6,97,0,97,0,97,0
robust,jiang_short_baseline_500,jiang_short_baseline,500,6,122,0,OK,97,0,0,276.3288888888889,276.3288888888889,1.6447222222222222,0,786,13.09,97,0,97,0,97,0
robust,jiang_short_baseline_500,jiang_short_baseline,500,6,123,0,OK,97,0,0,277.12,277.12,1.3683333333333334,0,786,13.77,97,0,97,0,97,0
robust,jiang_short_baseline_500,jiang_short_baseline,500,6,124,0,OK,97,0,0,273.84,273.84,1.8580555555555556,0,786,15.77,97,0,97,0,97,0
robust,jiang_short_baseline_500,jiang_short_baseline,500,6,125,0,OK,97,0,0,260.4244444444444,260.4244444444444,0.4666666666666667,0,786,15.82,97,0,97,0,97,0
robust,jiang_short_baseline_500,jiang_short_baseline,500,6,126,0,OK,97,0,0,277.9422222222222,277.9422222222222,1.0555555555555556,0,786,16.11,97,0,97,0,97,0
robust,jiang_short_baseline_500,jiang_short_baseline,500,6,127,0,OK,97,0,0,288.3488888888889,288.3488888888889,1.446388888888889,0,786,11.81,97,0,97,0,97,0
robust,jiang_short_baseline_500,jiang_short_baseline,500,6,128,0,OK,97,0,0,258.89666666666665,258.89666666666665,0.7383333333333333,0,786,15.27,97,0,97,0,97,0
robust,jiang_short_baseline_500,jiang_short_baseline,500,6,129,0,OK,97,0,0,263.8066666666667,263.8066666666667,0.3238888888888889,0,786,14.18,97,0,97,0,97,0
robust,jiang_short_baseline_500,jiang_short_baseline,500,6,130,0,OK,97,0,0,271.48777777777775,271.48777777777775,0.3441666666666667,0,786,16.25,97,0,97,0,97,0
robust,jiang_short_baseline_500,jiang_short_baseline,500,7,101,0,OK,97,0,0,277.0511111111111,277.0511111111111,0.76,0,786,11.86,97,0,97,0,97,0
robust,jiang_short_baseline_500,jiang_short_baseline,500,7,102,0,OK,97,0,0,271.3566666666667,271.3566666666667,0.21138888888888888,0,786,14.44,97,0,97,0,97,0
robust,jiang_short_baseline_500,jiang_short_baseline,500,7,103,0,OK,97,0,0,267.8611111111111,267.8611111111111,1.011388888888889,0,786,12.95,97,0,97,0,97,0
robust,jiang_short_baseline_500,jiang_short_baseline,500,7,104,0,OK,97,0,0,277.63444444444445,277.63444444444445,0.445,0,786,12.89,97,0,97,0,97,0
robust,jiang_short_baseline_500,jiang_short_baseline,500,7,105,0,OK,97,0,0,261.3855555555556,261.3855555555556,1.2355555555555555,0,786,16.0,97,0,97,0,97,0
robust,jiang_short_baseline_500,jiang_short_baseline,500,7,106,0,OK,97,0,0,281.31666666666666,281.31666666666666,1.1613888888888888,0,786,11.25,97,0,97,0,97,0
robust,jiang_short_baseline_500,jiang_short_baseline,500,7,107,0,OK,97,0,0,254.03333333333333,254.03333333333333,1.2158333333333333,0,786,12.1,97,0,97,0,97,0
robust,jiang_short_baseline_500,jiang_short_baseline,500,7,108,0,OK,97,0,0,273.54333333333335,273.54333333333335,0.05138888888888889,0,786,13.93,97,0,97,0,97,0
robust,jiang_short_baseline_500,jiang_short_baseline,500,7,109,0,OK,97,0,0,269.29777777777775,269.29777777777775,0.2936111111111111,0,786,14.3,97,0,97,0,97,0
robust,jiang_short_baseline_500,jiang_short_baseline,500,7,110,0,OK,97,0,0,267.6877777777778,267.6877777777778,1.6388888888888888,0,786,16.43,97,0,97,0,97,0
robust,jiang_short_baseline_500,jiang_short_baseline,500,7,111,0,OK,97,0,0,272.9322222222222,272.9322222222222,1.0863888888888888,0,786,15.84,97,0,97,0,97,0
robust,jiang_short_baseline_500,jiang_short_baseline,500,7,112,0,OK,97,0,0,291.6322222222222,291.6322222222222,1.2727777777777778,0,786,16.06,97,0,97,0,97,0
robust,jiang_short_baseline_500,jiang_short_baseline,500,7,113,0,OK,97,0,0,275.0677777777778,275.0677777777778,0.0,0,786,12.56,97,0,97,0,97,0
robust,jiang_short_baseline_500,jiang_short_baseline,500,7,114,0,OK,97,0,0,275.41555555555556,275.41555555555556,0.9586111111111111,0,786,15.12,97,0,97,0,97,0
robust,jiang_short_baseline_500,jiang_short_baseline,500,7,115,0,OK,97,0,0,267.97444444444443,267.97444444444443,1.6030555555555555,0,786,14.53,97,0,97,0,97,0
robust,jiang_short_baseline_500,jiang_short_baseline,500,7,116,0,OK,97,0,0,272.15,272.15,1.673888888888889,0,786,13.08,97,0,97,0,97,0
robust,jiang_short_baseline_500,jiang_short_baseline,500,7,117,0,OK,97,0,0,280.1455555555556,280.1455555555556,0.08277777777777778,0,786,15.81,97,0,97,0,97,0
robust,jiang_short_baseline_500,jiang_short_baseline,500,7,118,0,OK,97,0,0,283.77444444444444,283.77444444444444,0.5872222222222222,0,786,13.6,97,0,97,0,97,0
robust,jiang_short_baseline_500,jiang_short_baseline,500,7,119,0,OK,97,0,0,285.24555555555554,285.24555555555554,1.6197222222222223,0,786,15.6,97,0,97,0,97,0
robust,jiang_short_baseline_500,jiang_short_baseline,500,7,120,0,OK,97,0,0,274.5711111111111,274.5711111111111,1.083888888888889,0,786,14.01,97,0,97,0,97,0
robust,jiang_short_baseline_500,jiang_short_baseline,500,7,121,0,OK,97,0,0,263.3411111111111,263.3411111111111,1.3369444444444445,0,786,13.52,97,0,97,0,97,0
robust,jiang_short_baseline_500,jiang_short_baseline,500,7,122,0,OK,97,0,0,276.04,276.04,0.49527777777777776,0,786,14.46,97,0,97,0,97,0
robust,jiang_short_baseline_500,jiang_short_baseline,500,7,123,0,OK,97,0,0,277.08666666666664,277.08666666666664,0.5602777777777778,0,786,15.16,97,0,97,0,97,0
robust,jiang_short_baseline_500,jiang_short_baseline,500,7,124,0,OK,97,0,0,272.64666666666665,272.64666666666665,1.2372222222222222,0,786,12.92,97,0,97,0,97,0
robust,jiang_short_baseline_500,jiang_short_baseline,500,7,125,0,OK,97,0,0,260.18,260.18,0.7208333333333333,0,786,13.84,97,0,97,0,97,0
robust,jiang_short_baseline_500,jiang_short_baseline,500,7,126,0,OK,97,0,0,277.52555555555557,277.52555555555557,0.8091666666666667,0,786,14.47,97,0,97,0,97,0
robust,jiang_short_baseline_500,jiang_short_baseline,500,7,127,0,OK,97,0,0,287.59444444444443,287.59444444444443,1.1836111111111112,0,786,14.1,97,0,97,0,97,0
robust,jiang_short_baseline_500,jiang_short_baseline,500,7,128,0,OK,97,0,0,258.31666666666666,258.31666666666666,1.6341666666666668,0,786,14.97,97,0,97,0,97,0
robust,jiang_short_baseline_500,jiang_short_baseline,500,7,129,0,OK,97,0,0,263.27,263.27,0.6630555555555555,0,786,15.35,97,0,97,0,97,0
robust,jiang_short_baseline_500,jiang_short_baseline,500,7,130,0,OK,97,0,0,271.00444444444446,271.00444444444446,0.3638888888888889,0,786,11.25,97,0,97,0,97,0
robust,jiang_short_baseline_550,jiang_short_baseline,550,6,101,0,OK,97,0,0,278.41333333333336,278.41333333333336,0.7205555555555555,0,786,15.3,97,0,97,0,97,0
robust,jiang_short_baseline_550,jiang_short_baseline,550,6,102,0,OK,97,0,0,271.61555555555555,271.61555555555555,1.5752777777777778,0,786,15.82,97,0,97,0,97,0
robust,jiang_short_baseline_550,jiang_short_baseline,550,6,103,0,OK,97,0,0,267.89,267.89,1.44,0,786,15.89,97,0,97,0,97,0
robust,jiang_short_baseline_550,jiang_short_baseline,550,6,104,0,OK,97,0,0,278.1988888888889,278.1988888888889,0.28805555555555556,0,786,15.8,97,0,97,0,97,0
robust,jiang_short_baseline_550,jiang_short_baseline,550,6,105,0,OK,97,0,0,261.5855555555556,261.5855555555556,2.233888888888889,0,786,15.21,97,0,97,0,97,0
robust,jiang_short_baseline_550,jiang_short_baseline,550,6,106,0,OK,97,0,0,281.1311111111111,281.1311111111111,1.3394444444444444,0,786,15.37,97,0,97,0,97,0
robust,jiang_short_baseline_550,jiang_short_baseline,550,6,107,0,OK,97,0,0,253.51,253.51,0.6263888888888889,0,786,17.51,97,0,97,0,97,0
robust,jiang_short_baseline_550,jiang_short_baseline,550,6,108,0,OK,97,0,0,273.6822222222222,273.6822222222222,2.6908333333333334,0,786,13.72,97,0,97,0,97,0
robust,jiang_short_baseline_550,jiang_short_baseline,550,6,109,0,OK,97,0,0,270.14,270.14,0.6608333333333334,0,786,16.12,97,0,97,0,97,0
robust,jiang_short_baseline_550,jiang_short_baseline,550,6,110,0,OK,97,0,0,268.99333333333334,268.99333333333334,1.0577777777777777,0,786,15.64,97,0,97,0,97,0
robust,jiang_short_baseline_550,jiang_short_baseline,550,6,111,0,OK,97,0,0,271.47777777777776,271.47777777777776,0.29555555555555557,0,786,15.22,97,0,97,0,97,0
robust,jiang_short_baseline_550,jiang_short_baseline,550,6,112,0,OK,97,0,0,295.61,295.61,2.0302777777777776,0,786,15.82,97,0,97,0,97,0
robust,jiang_short_baseline_550,jiang_short_baseline,550,6,113,0,OK,97,0,0,276.30555555555554,276.30555555555554,1.1861111111111111,0,786,15.91,97,0,97,0,97,0
robust,jiang_short_baseline_550,jiang_short_baseline,550,6,114,0,OK,97,0,0,275.41777777777776,275.41777777777776,0.9288888888888889,0,786,14.9,97,0,97,0,97,0
robust,jiang_short_baseline_550,jiang_short_baseline,550,6,115,0,OK,97,0,0,269.41555555555556,269.41555555555556,1.6444444444444444,0,786,14.8,97,0,97,0,97,0
robust,jiang_short_baseline_550,jiang_short_baseline,550,6,116,0,OK,97,0,0,272.72777777777776,272.72777777777776,1.7663888888888888,0,786,14.84,97,0,97,0,97,0
robust,jiang_short_baseline_550,jiang_short_baseline,550,6,117,0,OK,97,0,0,281.0622222222222,281.0622222222222,1.4969444444444444,0,786,16.36,97,0,97,0,97,0
robust,jiang_short_baseline_550,jiang_short_baseline,550,6,118,0,OK,97,0,0,285.6644444444444,285.6644444444444,0.7063888888888888,0,786,16.14,97,0,97,0,97,0
robust,jiang_short_baseline_550,jiang_short_baseline,550,6,119,0,OK,97,0,0,286.81666666666666,286.81666666666666,0.8827777777777778,0,786,11.12,97,0,97,0,97,0
robust,jiang_short_baseline_550,jiang_short_baseline,550,6,120,0,OK,97,0,0,275.5155555555556,275.5155555555556,0.8972222222222223,0,786,14.07,97,0,97,0,97,0
robust,jiang_short_baseline_550,jiang_short_baseline,550,6,121,0,OK,97,0,0,263.0833333333333,263.0833333333333,1.6388888888888888,0,786,12.37,97,0,97,0,97,0
robust,jiang_short_baseline_550,jiang_short_baseline,550,6,122,0,OK,97,0,0,276.3288888888889,276.3288888888889,1.6447222222222222,0,786,13.83,97,0,97,0,97,0
robust,jiang_short_baseline_550,jiang_short_baseline,550,6,123,0,OK,97,0,0,277.12,277.12,1.3683333333333334,0,786,14.3,97,0,97,0,97,0
robust,jiang_short_baseline_550,jiang_short_baseline,550,6,124,0,OK,97,0,0,273.84,273.84,1.8580555555555556,0,786,16.2,97,0,97,0,97,0
robust,jiang_short_baseline_550,jiang_short_baseline,550,6,125,0,OK,97,0,0,260.4244444444444,260.4244444444444,0.4666666666666667,0,786,12.36,97,0,97,0,97,0
robust,jiang_short_baseline_550,jiang_short_baseline,550,6,126,0,OK,97,0,0,277.9422222222222,277.9422222222222,1.0555555555555556,0,786,16.14,97,0,97,0,97,0
robust,jiang_short_baseline_550,jiang_short_baseline,550,6,127,0,OK,97,0,0,288.3488888888889,288.3488888888889,1.446388888888889,0,786,15.44,97,0,97,0,97,0
robust,jiang_short_baseline_550,jiang_short_baseline,550,6,128,0,OK,97,0,0,258.89666666666665,258.89666666666665,0.7383333333333333,0,786,14.92,97,0,97,0,97,0
robust,jiang_short_baseline_550,jiang_short_baseline,550,6,129,0,OK,97,0,0,263.8066666666667,263.8066666666667,0.3238888888888889,0,786,15.0,97,0,97,0,97,0
robust,jiang_short_baseline_550,jiang_short_baseline,550,6,130,0,OK,97,0,0,271.48777777777775,271.48777777777775,0.3441666666666667,0,786,16.5,97,0,97,0,97,0
robust,jiang_short_baseline_550,jiang_short_baseline,550,7,101,0,OK,97,0,0,277.0511111111111,277.0511111111111,0.76,0,786,14.61,97,0,97,0,97,0
robust,jiang_short_baseline_550,jiang_short_baseline,550,7,102,0,OK,97,0,0,271.3566666666667,271.3566666666667,0.21138888888888888,0,786,16.09,97,0,97,0,97,0
robust,jiang_short_baseline_550,jiang_short_baseline,550,7,103,0,OK,97,0,0,267.8611111111111,267.8611111111111,1.011388888888889,0,786,13.45,97,0,97,0,97,0
robust,jiang_short_baseline_550,jiang_short_baseline,550,7,104,0,OK,97,0,0,277.63444444444445,277.63444444444445,0.445,0,786,15.59,97,0,97,0,97,0
robust,jiang_short_baseline_550,jiang_short_baseline,550,7,105,0,OK,97,0,0,261.3855555555556,261.3855555555556,1.2355555555555555,0,786,11.99,97,0,97,0,97,0
robust,jiang_short_baseline_550,jiang_short_baseline,550,7,106,0,OK,97,0,0,281.31666666666666,281.31666666666666,1.1613888888888888,0,786,14.21,97,0,97,0,97,0
robust,jiang_short_baseline_550,jiang_short_baseline,550,7,107,0,OK,97,0,0,254.03333333333333,254.03333333333333,1.2158333333333333,0,786,11.26,97,0,97,0,97,0
robust,jiang_short_baseline_550,jiang_short_baseline,550,7,108,0,OK,97,0,0,273.54333333333335,273.54333333333335,0.05138888888888889,0,786,13.77,97,0,97,0,97,0
robust,jiang_short_baseline_550,jiang_short_baseline,550,7,109,0,OK,97,0,0,269.29777777777775,269.29777777777775,0.2936111111111111,0,786,11.46,97,0,97,0,97,0
robust,jiang_short_baseline_550,jiang_short_baseline,550,7,110,0,OK,97,0,0,267.6877777777778,267.6877777777778,1.6388888888888888,0,786,16.17,97,0,97,0,97,0
robust,jiang_short_baseline_550,jiang_short_baseline,550,7,111,0,OK,97,0,0,272.9322222222222,272.9322222222222,1.0863888888888888,0,786,14.66,97,0,97,0,97,0
robust,jiang_short_baseline_550,jiang_short_baseline,550,7,112,0,OK,97,0,0,291.6322222222222,291.6322222222222,1.2727777777777778,0,786,16.29,97,0,97,0,97,0
robust,jiang_short_baseline_550,jiang_short_baseline,550,7,113,0,OK,97,0,0,275.0677777777778,275.0677777777778,0.0,0,786,15.05,97,0,97,0,97,0
robust,jiang_short_baseline_550,jiang_short_baseline,550,7,114,0,OK,97,0,0,275.41555555555556,275.41555555555556,0.9586111111111111,0,786,12.94,97,0,97,0,97,0
robust,jiang_short_baseline_550,jiang_short_baseline,550,7,115,0,OK,97,0,0,267.97444444444443,267.97444444444443,1.6030555555555555,0,786,16.76,97,0,97,0,97,0
robust,jiang_short_baseline_550,jiang_short_baseline,550,7,116,0,OK,97,0,0,272.15,272.15,1.673888888888889,0,786,15.48,97,0,97,0,97,0
robust,jiang_short_baseline_550,jiang_short_baseline,550,7,117,0,OK,97,0,0,280.1455555555556,280.1455555555556,0.08277777777777778,0,786,13.93,97,0,97,0,97,0
robust,jiang_short_baseline_550,jiang_short_baseline,550,7,118,0,OK,97,0,0,283.77444444444444,283.77444444444444,0.5872222222222222,0,786,9.79,97,0,97,0,97,0
robust,jiang_short_baseline_550,jiang_short_baseline,550,7,119,0,OK,97,0,0,285.24555555555554,285.24555555555554,1.6197222222222223,0,786,14.51,97,0,97,0,97,0
robust,jiang_short_baseline_550,jiang_short_baseline,550,7,120,0,OK,97,0,0,274.5711111111111,274.5711111111111,1.083888888888889,0,786,14.7,97,0,97,0,97,0
robust,jiang_short_baseline_550,jiang_short_baseline,550,7,121,0,OK,97,0,0,263.3411111111111,263.3411111111111,1.3369444444444445,0,786,15.29,97,0,97,0,97,0
robust,jiang_short_baseline_550,jiang_short_baseline,550,7,122,0,OK,97,0,0,276.04,276.04,0.49527777777777776,0,786,13.73,97,0,97,0,97,0
robust,jiang_short_baseline_550,jiang_short_baseline,550,7,123,0,OK,97,0,0,277.08666666666664,277.08666666666664,0.5602777777777778,0,786,12.56,97,0,97,0,97,0
robust,jiang_short_baseline_550,jiang_short_baseline,550,7,124,0,OK,97,0,0,272.64666666666665,272.64666666666665,1.2372222222222222,0,786,15.4,97,0,97,0,97,0
robust,jiang_short_baseline_550,jiang_short_baseline,550,7,125,0,OK,97,0,0,260.18,260.18,0.7208333333333333,0,786,16.66,97,0,97,0,97,0
robust,jiang_short_baseline_550,jiang_short_baseline,550,7,126,0,OK,97,0,0,277.52555555555557,277.52555555555557,0.8091666666666667,0,786,13.97,97,0,97,0,97,0
robust,jiang_short_baseline_550,jiang_short_baseline,550,7,127,0,OK,97,0,0,287.59444444444443,287.59444444444443,1.1836111111111112,0,786,15.32,97,0,97,0,97,0
robust,jiang_short_baseline_550,jiang_short_baseline,550,7,128,0,OK,97,0,0,258.31666666666666,258.31666666666666,1.6341666666666668,0,786,13.76,97,0,97,0,97,0
robust,jiang_short_baseline_550,jiang_short_baseline,550,7,129,0,OK,97,0,0,263.27,263.27,0.6630555555555555,0,786,9.74,97,0,97,0,97,0
robust,jiang_short_baseline_550,jiang_short_baseline,550,7,130,0,OK,97,0,0,271.00444444444446,271.00444444444446,0.3638888888888889,0,786,12.65,97,0,97,0,97,0
robust,jiang_short_baseline_MX1,jiang_short_baseline,MX1,6,101,0,OK,97,0,0,320.8088888888889,296.8855555555556,0.4502777777777778,8,786,26.88,97,0,97,0,97,0
robust,jiang_short_baseline_MX1,jiang_short_baseline,MX1,6,102,0,OK,97,0,0,321.04333333333335,289.78,2.8316666666666666,9,786,27.18,97,0,97,0,97,0
robust,jiang_short_baseline_MX1,jiang_short_baseline,MX1,6,103,0,OK,97,0,0,309.96666666666664,285.3777777777778,1.9313888888888888,8,786,24.63,97,0,97,0,97,0
robust,jiang_short_baseline_MX1,jiang_short_baseline,MX1,6,104,0,OK,97,0,0,319.4811111111111,293.42333333333335,2.0033333333333334,8,786,31.52,97,0,97,0,97,0
robust,jiang_short_baseline_MX1,jiang_short_baseline,MX1,6,105,0,OK,97,0,0,279.9377777777778,270.0311111111111,1.3022222222222222,3,786,26.87,97,0,97,0,97,0
robust,jiang_short_baseline_MX1,jiang_short_baseline,MX1,6,106,0,OK,97,0,0,315.43666666666667,293.9711111111111,0.8525,6,786,30.23,97,0,97,0,97,0
robust,jiang_short_baseline_MX1,jiang_short_baseline,MX1,6,107,0,OK,97,0,0,276.6177777777778,266.0877777777778,0.8097222222222222,3,786,22.95,97,0,97,0,97,0
robust,jiang_short_baseline_MX1,jiang_short_baseline,MX1,6,108,0,OK,97,0,0,302.27666666666664,286.78555555555556,1.3622222222222222,5,786,28.64,97,0,97,0,97,0
robust,jiang_short_baseline_MX1,jiang_short_baseline,MX1,6,109,0,OK,97,0,0,281.4322222222222,277.09,2.622777777777778,2,786,28.67,97,0,97,0,97,0
robust,jiang_short_baseline_MX1,jiang_short_baseline,MX1,6,110,0,OK,97,0,0,309.75333333333333,283.5722222222222,1.8816666666666666,8,786,27.57,97,0,97,0,97,0
robust,jiang_short_baseline_MX1,jiang_short_baseline,MX1,6,111,0,OK,97,0,0,303.6088888888889,286.85333333333335,2.4133333333333336,5,786,29.56,97,0,97,0,97,0
robust,jiang_short_baseline_MX1,jiang_short_baseline,MX1,6,112,0,OK,97,0,0,364.56666666666666,322.9222222222222,2.211388888888889,11,786,32.21,94,0,97,0,97,0
robust,jiang_short_baseline_MX1,jiang_short_baseline,MX1,6,113,0,OK,97,0,0,307.3666666666667,289.3855555555556,1.038888888888889,6,786,25.08,97,0,97,0,97,0
robust,jiang_short_baseline_MX1,jiang_short_baseline,MX1,6,114,0,OK,97,0,0,314.4,288.82,1.5602777777777779,7,786,27.01,97,0,97,0,97,0
robust,jiang_short_baseline_MX1,jiang_short_baseline,MX1,6,115,0,OK,97,0,0,323.34555555555556,286.9066666666667,4.340833333333333,12,786,32.05,97,0,97,0,97,0
robust,jiang_short_baseline_MX1,jiang_short_baseline,MX1,6,116,0,OK,97,0,0,322.7922222222222,288.34,2.545,10,786,34.12,97,0,97,0,97,0
robust,jiang_short_baseline_MX1,jiang_short_baseline,MX1,6,117,0,OK,97,0,0,307.37888888888887,293.2211111111111,1.4036111111111111,3,786,21.93,97,0,97,0,97,0
robust,jiang_short_baseline_MX1,jiang_short_baseline,MX1,6,118,0,OK,97,0,0,355.0422222222222,315.81111111111113,1.8191666666666666,11,786,26.24,97,0,97,0,97,0
robust,jiang_short_baseline_MX1,jiang_short_baseline,MX1,6,119,0,OK,97,0,0,338.5577777777778,308.91777777777776,2.351111111111111,9,786,27.68,97,0,97,0,97,0
robust,jiang_short_baseline_MX1,jiang_short_baseline,MX1,6,120,0,OK,97,0,0,304.2088888888889,286.24666666666667,1.6791666666666667,5,786,28.76,97,0,97,0,97,0
robust,jiang_short_baseline_MX1,jiang_short_baseline,MX1,6,121,0,OK,97,0,0,263.5588888888889,263.5588888888889,0.8575,0,786,16.2,97,0,97,0,97,0
robust,jiang_short_baseline_MX1,jiang_short_baseline,MX1,6,122,0,OK,97,0,0,277.64666666666665,277.64666666666665,0.5458333333333333,0,786,18.86,97,0,97,0,97,0
robust,jiang_short_baseline_MX1,jiang_short_baseline,MX1,6,123,0,OK,97,0,0,311.72222222222223,291.03555555555556,1.9558333333333333,6,786,23.9,97,0,97,0,97,0
robust,jiang_short_baseline_MX1,jiang_short_baseline,MX1,6,124,0,OK,97,0,0,311.18333333333334,288.87888888888887,2.035277777777778,6,786,26.49,97,0,97,0,97,0
robust,jiang_short_baseline_MX1,jiang_short_baseline,MX1,6,125,0,OK,97,0,0,352.52,291.9822222222222,3.370277777777778,18,786,36.13,94,0,96,0,97,0
robust,jiang_short_baseline_MX1,jiang_short_baseline,MX1,6,126,0,OK,97,0,0,347.15222222222224,311.00888888888886,4.163055555555555,10,786,32.16,96,0,97,0,97,0
robust,jiang_short_baseline_MX1,jiang_short_baseline,MX1,6,127,0,OK,97,0,0,324.1744444444444,301.29777777777775,1.6063888888888889,6,786,24.02,97,0,97,0,97,0
robust,jiang_short_baseline_MX1,jiang_short_baseline,MX1,6,128,0,OK,97,0,0,277.00888888888886,267.8522222222222,0.6491666666666667,3,786,24.51,97,0,97,0,97,0
robust,jiang_short_baseline_MX1,jiang_short_baseline,MX1,6,129,0,OK,97,0,0,281.76666666666665,272.69555555555553,0.2411111111111111,3,786,26.67,97,0,97,0,97,0
robust,jiang_short_baseline_MX1,jiang_short_baseline,MX1,6,130,0,OK,97,0,0,317.0511111111111,291.0288888888889,1.6575,8,786,33.53,97,0,97,0,97,0
robust,jiang_short_baseline_MX1,jiang_short_baseline,MX1,7,101,0,OK,97,0,0,319.1688888888889,295.56666666666666,1.6477777777777778,7,786,28.73,97,0,97,0,97,0
robust,jiang_short_baseline_MX1,jiang_short_baseline,MX1,7,102,0,OK,97,0,0,323.04777777777775,291.4811111111111,2.9652777777777777,9,786,27.73,97,0,97,0,97,0
robust,jiang_short_baseline_MX1,jiang_short_baseline,MX1,7,103,0,OK,97,0,0,312.6788888888889,283.8377777777778,1.488611111111111,8,786,27.01,97,0,97,0,97,0
robust,jiang_short_baseline_MX1,jiang_short_baseline,MX1,7,104,0,OK,97,0,0,321.18555555555554,292.9977777777778,1.4530555555555555,8,786,26.15,97,0,97,0,97,0
robust,jiang_short_baseline_MX1,jiang_short_baseline,MX1,7,105,0,OK,97,0,0,278.58666666666664,268.4111111111111,1.1741666666666666,3,786,23.76,97,0,97,0,97,0
robust,jiang_short_baseline_MX1,jiang_short_baseline,MX1,7,106,0,OK,97,0,0,315.66333333333336,294.57666666666665,2.4275,5,786,27.2,97,0,97,0,97,0
robust,jiang_short_baseline_MX1,jiang_short_baseline,MX1,7,107,0,OK,97,0,0,271.8911111111111,262.7677777777778,1.1955555555555555,3,786,24.0,97,0,97,0,97,0
robust,jiang_short_baseline_MX1,jiang_short_baseline,MX1,7,108,0,OK,97,0,0,302.33,287.1766666666667,1.8541666666666667,5,786,27.54,97,0,97,0,97,0
robust,jiang_short_baseline_MX1,jiang_short_baseline,MX1,7,109,0,OK,97,0,0,285.4166666666667,277.18888888888887,2.198888888888889,3,786,24.0,97,0,97,0,97,0
robust,jiang_short_baseline_MX1,jiang_short_baseline,MX1,7,110,0,OK,97,0,0,304.03333333333336,282.3777777777778,0.9730555555555556,6,786,29.42,97,0,97,0,97,0
robust,jiang_short_baseline_MX1,jiang_short_baseline,MX1,7,111,0,OK,97,0,0,302.5233333333333,287.39444444444445,1.8375,5,786,29.41,97,0,97,0,97,0
robust,jiang_short_baseline_MX1,jiang_short_baseline,MX1,7,112,0,OK,97,0,0,345.85777777777776,310.30444444444447,2.29,9,786,31.63,97,0,97,0,97,0
robust,jiang_short_baseline_MX1,jiang_short_baseline,MX1,7,113,0,OK,97,0,0,301.73555555555555,285.2133333333333,1.5525,4,786,28.46,97,0,97,0,97,0
robust,jiang_short_baseline_MX1,jiang_short_baseline,MX1,7,114,0,OK,97,0,0,313.36,286.6977777777778,1.4655555555555555,7,786,27.21,97,0,97,0,97,0
robust,jiang_short_baseline_MX1,jiang_short_baseline,MX1,7,115,0,OK,97,0,0,318.9033333333333,284.29777777777775,2.386388888888889,11,786,25.53,97,0,97,0,97,0
robust,jiang_short_baseline_MX1,jiang_short_baseline,MX1,7,116,0,OK,97,0,0,323.62555555555554,290.8288888888889,2.1780555555555554,10,786,24.54,97,0,97,0,97,0
robust,jiang_short_baseline_MX1,jiang_short_baseline,MX1,7,117,0,OK,97,0,0,306.18888888888887,290.2711111111111,2.223888888888889,5,786,27.71,97,0,97,0,97,0
robust,jiang_short_baseline_MX1,jiang_short_baseline,MX1,7,118,0,OK,97,0,0,340.0,304.9422222222222,0.7080555555555555,10,786,28.66,97,0,97,0,97,0
robust,jiang_short_baseline_MX1,jiang_short_baseline,MX1,7,119,0,OK,97,0,0,330.43333333333334,301.9633333333333,1.4372222222222222,9,786,28.27,97,0,97,0,97,0
robust,jiang_short_baseline_MX1,jiang_short_baseline,MX1,7,120,0,OK,97,0,0,303.8433333333333,284.9811111111111,1.6225,6,786,29.44,97,0,97,0,97,0
robust,jiang_short_baseline_MX1,jiang_short_baseline,MX1,7,121,0,OK,97,0,0,262.54777777777775,262.54777777777775,1.5108333333333333,0,786,21.28,97,0,97,0,97,0
robust,jiang_short_baseline_MX1,jiang_short_baseline,MX1,7,122,0,OK,97,0,0,277.68444444444447,277.68444444444447,1.2325,0,786,21.88,97,0,97,0,97,0
robust,jiang_short_baseline_MX1,jiang_short_baseline,MX1,7,123,0,OK,97,0,0,309.4288888888889,288.9611111111111,2.3658333333333332,6,786,22.82,97,0,97,0,97,0
robust,jiang_short_baseline_MX1,jiang_short_baseline,MX1,7,124,0,OK,97,0,0,308.96555555555557,286.52444444444444,1.2583333333333333,6,786,19.54,97,0,97,0,97,0
robust,jiang_short_baseline_MX1,jiang_short_baseline,MX1,7,125,0,OK,97,0,0,335.95222222222225,281.5888888888889,2.8705555555555557,17,786,38.71,97,0,97,0,97,0
robust,jiang_short_baseline_MX1,jiang_short_baseline,MX1,7,126,0,OK,97,0,0,330.9411111111111,297.00888888888886,2.3558333333333334,10,786,27.14,97,0,97,0,97,0
robust,jiang_short_baseline_MX1,jiang_short_baseline,MX1,7,127,0,OK,97,0,0,315.77555555555557,296.91333333333336,2.390277777777778,5,786,22.66,97,0,97,0,97,0
robust,jiang_short_baseline_MX1,jiang_short_baseline,MX1,7,128,0,OK,97,0,0,275.06111111111113,265.18666666666667,1.1088888888888888,3,786,26.05,97,0,97,0,97,0
robust,jiang_short_baseline_MX1,jiang_short_baseline,MX1,7,129,0,OK,97,0,0,280.72444444444443,271.3522222222222,0.925,3,786,21.82,97,0,97,0,97,0
robust,jiang_short_baseline_MX1,jiang_short_baseline,MX1,7,130,0,OK,97,0,0,314.94666666666666,289.7477777777778,1.2952777777777778,8,786,30.43,97,0,97,0,97,0
robust,jiang_short_baseline_MX2,jiang_short_baseline,MX2,6,101,0,OK,97,0,0,286.5755555555556,282.0488888888889,0.8952777777777777,1,786,20.17,97,0,97,0,97,0
robust,jiang_short_baseline_MX2,jiang_short_baseline,MX2,6,102,0,OK,97,0,0,280.10777777777776,277.4288888888889,1.8233333333333333,1,786,19.65,97,0,97,0,97,0
robust,jiang_short_baseline_MX2,jiang_short_baseline,MX2,6,103,0,OK,97,0,0,269.2311111111111,269.2311111111111,1.8452777777777778,0,786,17.89,97,0,97,0,97,0
robust,jiang_short_baseline_MX2,jiang_short_baseline,MX2,6,104,0,OK,97,0,0,280.13444444444445,280.13444444444445,0.77,0,786,19.24,97,0,97,0,97,0
robust,jiang_short_baseline_MX2,jiang_short_baseline,MX2,6,105,0,OK,97,0,0,263.38666666666666,263.38666666666666,2.067222222222222,0,786,20.04,97,0,97,0,97,0
robust,jiang_short_baseline_MX2,jiang_short_baseline,MX2,6,106,0,OK,97,0,0,284.0,284.0,0.1438888888888889,0,786,20.68,97,0,97,0,97,0
robust,jiang_short_baseline_MX2,jiang_short_baseline,MX2,6,107,0,OK,97,0,0,255.07222222222222,255.07222222222222,2.424166666666667,0,786,19.81,97,0,97,0,97,0
robust,jiang_short_baseline_MX2,jiang_short_baseline,MX2,6,108,0,OK,97,0,0,276.62555555555554,276.62555555555554,1.3244444444444445,0,786,20.48,97,0,97,0,97,0
robust,jiang_short_baseline_MX2,jiang_short_baseline,MX2,6,109,0,OK,97,0,0,271.1611111111111,271.1611111111111,1.3791666666666667,0,786,18.34,97,0,97,0,97,0
robust,jiang_short_baseline_MX2,jiang_short_baseline,MX2,6,110,0,OK,97,0,0,270.8388888888889,270.8388888888889,1.6969444444444444,0,786,24.06,97,0,97,0,97,0
robust,jiang_short_baseline_MX2,jiang_short_baseline,MX2,6,111,0,OK,97,0,0,275.87111111111113,275.87111111111113,1.1975,0,786,20.61,97,0,97,0,97,0
robust,jiang_short_baseline_MX2,jiang_short_baseline,MX2,6,112,0,OK,97,0,0,298.87333333333333,298.87333333333333,1.741111111111111,0,786,23.78,97,0,97,0,97,0
robust,jiang_short_baseline_MX2,jiang_short_baseline,MX2,6,113,0,OK,97,0,0,278.9822222222222,278.9822222222222,0.8327777777777777,0,786,18.08,97,0,97,0,97,0
robust,jiang_short_baseline_MX2,jiang_short_baseline,MX2,6,114,0,OK,97,0,0,276.86333333333334,276.86333333333334,1.8644444444444443,0,786,21.13,97,0,97,0,97,0
robust,jiang_short_baseline_MX2,jiang_short_baseline,MX2,6,115,0,OK,97,0,0,273.29555555555555,273.29555555555555,2.641111111111111,0,786,24.51,97,0,97,0,97,0
robust,jiang_short_baseline_MX2,jiang_short_baseline,MX2,6,116,0,OK,97,0,0,280.81888888888886,276.6566666666667,2.2805555555555554,1,786,22.77,97,0,97,0,97,0
robust,jiang_short_baseline_MX2,jiang_short_baseline,MX2,6,117,0,OK,97,0,0,282.7077777777778,282.7077777777778,3.1355555555555554,0,786,14.41,97,0,97,0,97,0
robust,jiang_short_baseline_MX2,jiang_short_baseline,MX2,6,118,0,OK,97,0,0,295.4588888888889,291.88444444444445,0.9791666666666666,1,786,18.62,97,0,97,0,97,0
robust,jiang_short_baseline_MX2,jiang_short_baseline,MX2,6,119,0,OK,97,0,0,290.31,290.31,1.3602777777777777,0,786,21.15,97,0,97,0,97,0
robust,jiang_short_baseline_MX2,jiang_short_baseline,MX2,6,120,0,OK,97,0,0,277.7077777777778,277.7077777777778,2.1461111111111113,0,786,18.57,97,0,97,0,97,0
robust,jiang_short_baseline_MX2,jiang_short_baseline,MX2,6,121,0,OK,97,0,0,262.93888888888887,262.93888888888887,1.6083333333333334,0,786,14.72,97,0,97,0,97,0
robust,jiang_short_baseline_MX2,jiang_short_baseline,MX2,6,122,0,OK,97,0,0,278.3622222222222,278.3622222222222,2.4097222222222223,0,786,18.77,97,0,97,0,97,0
robust,jiang_short_baseline_MX2,jiang_short_baseline,MX2,6,123,0,OK,97,0,0,276.40222222222224,276.40222222222224,1.5972222222222223,0,786,20.28,97,0,97,0,97,0
robust,jiang_short_baseline_MX2,jiang_short_baseline,MX2,6,124,0,OK,97,0,0,275.10555555555555,275.10555555555555,1.3372222222222223,0,786,20.16,97,0,97,0,97,0
robust,jiang_short_baseline_MX2,jiang_short_baseline,MX2,6,125,0,OK,97,0,0,269.5077777777778,266.54777777777775,2.0180555555555557,1,786,23.7,97,0,97,0,97,0
robust,jiang_short_baseline_MX2,jiang_short_baseline,MX2,6,126,0,OK,97,0,0,285.5233333333333,285.5233333333333,2.4541666666666666,0,786,23.06,97,0,97,0,97,0
robust,jiang_short_baseline_MX2,jiang_short_baseline,MX2,6,127,0,OK,97,0,0,288.69,288.69,1.1208333333333333,0,786,23.07,97,0,97,0,97,0
robust,jiang_short_baseline_MX2,jiang_short_baseline,MX2,6,128,0,OK,97,0,0,259.93111111111114,259.93111111111114,1.8958333333333333,0,786,19.27,97,0,97,0,97,0
robust,jiang_short_baseline_MX2,jiang_short_baseline,MX2,6,129,0,OK,97,0,0,266.1388888888889,266.1388888888889,2.7205555555555554,0,786,21.83,97,0,97,0,97,0
robust,jiang_short_baseline_MX2,jiang_short_baseline,MX2,6,130,0,OK,97,0,0,277.0622222222222,277.0622222222222,1.3575,0,786,18.58,97,0,97,0,97,0
robust,jiang_short_baseline_MX2,jiang_short_baseline,MX2,7,101,0,OK,97,0,0,288.50111111111113,284.2611111111111,0.6886111111111111,1,786,22.41,97,0,97,0,97,0
robust,jiang_short_baseline_MX2,jiang_short_baseline,MX2,7,102,0,OK,97,0,0,280.09777777777776,277.22777777777776,1.3177777777777777,1,786,21.12,97,0,97,0,97,0
robust,jiang_short_baseline_MX2,jiang_short_baseline,MX2,7,103,0,OK,97,0,0,269.2677777777778,269.2677777777778,2.6105555555555555,0,786,14.16,97,0,97,0,97,0
robust,jiang_short_baseline_MX2,jiang_short_baseline,MX2,7,104,0,OK,97,0,0,281.2811111111111,281.2811111111111,1.948888888888889,0,786,21.03,97,0,97,0,97,0
robust,jiang_short_baseline_MX2,jiang_short_baseline,MX2,7,105,0,OK,97,0,0,263.47777777777776,263.47777777777776,2.1344444444444446,0,786,20.4,97,0,97,0,97,0
robust,jiang_short_baseline_MX2,jiang_short_baseline,MX2,7,106,0,OK,97,0,0,283.27555555555557,283.27555555555557,1.8563888888888889,0,786,22.52,97,0,97,0,97,0
robust,jiang_short_baseline_MX2,jiang_short_baseline,MX2,7,107,0,OK,97,0,0,255.20444444444445,255.20444444444445,1.1372222222222221,0,786,16.57,97,0,97,0,97,0
robust,jiang_short_baseline_MX2,jiang_short_baseline,MX2,7,108,0,OK,97,0,0,275.33,275.33,2.151111111111111,0,786,16.37,97,0,97,0,97,0
robust,jiang_short_baseline_MX2,jiang_short_baseline,MX2,7,109,0,OK,97,0,0,269.7711111111111,269.7711111111111,1.2880555555555555,0,786,19.98,97,0,97,0,97,0
robust,jiang_short_baseline_MX2,jiang_short_baseline,MX2,7,110,0,OK,97,0,0,270.0211111111111,270.0211111111111,1.3069444444444445,0,786,22.33,97,0,97,0,97,0
robust,jiang_short_baseline_MX2,jiang_short_baseline,MX2,7,111,0,OK,97,0,0,275.1922222222222,275.1922222222222,1.2302777777777778,0,786,21.34,97,0,97,0,97,0
robust,jiang_short_baseline_MX2,jiang_short_baseline,MX2,7,112,0,OK,97,0,0,299.2422222222222,299.2422222222222,2.214166666666667,0,786,25.26,97,0,97,0,97,0
robust,jiang_short_baseline_MX2,jiang_short_baseline,MX2,7,113,0,OK,97,0,0,277.27,277.27,1.626111111111111,0,786,19.67,97,0,97,0,97,0
robust,jiang_short_baseline_MX2,jiang_short_baseline,MX2,7,114,0,OK,97,0,0,275.31333333333333,275.31333333333333,0.6694444444444444,0,786,22.43,97,0,97,0,97,0
robust,jiang_short_baseline_MX2,jiang_short_baseline,MX2,7,115,0,OK,97,0,0,271.0966666666667,271.0966666666667,2.1591666666666667,0,786,25.07,97,0,97,0,97,0
robust,jiang_short_baseline_MX2,jiang_short_baseline,MX2,7,116,0,OK,97,0,0,278.81888888888886,275.6611111111111,2.507222222222222,1,786,23.21,97,0,97,0,97,0
robust,jiang_short_baseline_MX2,jiang_short_baseline,MX2,7,117,0,OK,97,0,0,282.71444444444444,282.71444444444444,1.7694444444444444,0,786,19.07,97,0,97,0,97,0
robust,jiang_short_baseline_MX2,jiang_short_baseline,MX2,7,118,0,OK,97,0,0,293.66,289.90777777777777,1.6941666666666666,1,786,21.32,97,0,97,0,97,0
robust,jiang_short_baseline_MX2,jiang_short_baseline,MX2,7,119,0,OK,97,0,0,290.1355555555556,290.1355555555556,2.0025,0,786,18.78,97,0,97,0,97,0
robust,jiang_short_baseline_MX2,jiang_short_baseline,MX2,7,120,0,OK,97,0,0,275.86,275.86,1.586111111111111,0,786,22.43,97,0,97,0,97,0
robust,jiang_short_baseline_MX2,jiang_short_baseline,MX2,7,121,0,OK,97,0,0,263.76,263.76,0.6566666666666666,0,786,17.65,97,0,97,0,97,0
robust,jiang_short_baseline_MX2,jiang_short_baseline,MX2,7,122,0,OK,97,0,0,276.5155555555556,276.5155555555556,0.30833333333333335,0,786,18.64,97,0,97,0,97,0
robust,jiang_short_baseline_MX2,jiang_short_baseline,MX2,7,123,0,OK,97,0,0,277.11555555555555,277.11555555555555,1.1580555555555556,0,786,19.96,97,0,97,0,97,0
robust,jiang_short_baseline_MX2,jiang_short_baseline,MX2,7,124,0,OK,97,0,0,275.61,275.61,1.7433333333333334,0,786,18.05,97,0,97,0,97,0
robust,jiang_short_baseline_MX2,jiang_short_baseline,MX2,7,125,0,OK,97,0,0,270.4011111111111,265.8388888888889,2.511111111111111,1,786,25.11,97,0,97,0,97,0
robust,jiang_short_baseline_MX2,jiang_short_baseline,MX2,7,126,0,OK,97,0,0,282.7522222222222,282.7522222222222,3.3366666666666664,0,786,21.3,97,0,97,0,97,0
robust,jiang_short_baseline_MX2,jiang_short_baseline,MX2,7,127,0,OK,97,0,0,289.3833333333333,289.3833333333333,0.37972222222222224,0,786,18.07,97,0,97,0,97,0
robust,jiang_short_baseline_MX2,jiang_short_baseline,MX2,7,128,0,OK,97,0,0,259.26666666666665,259.26666666666665,0.9447222222222222,0,786,20.0,97,0,97,0,97,0
robust,jiang_short_baseline_MX2,jiang_short_baseline,MX2,7,129,0,OK,97,0,0,264.1644444444444,264.1644444444444,1.481111111111111,0,786,20.27,97,0,97,0,97,0
robust,jiang_short_baseline_MX2,jiang_short_baseline,MX2,7,130,0,OK,97,0,0,273.0722222222222,273.0722222222222,0.4216666666666667,0,786,20.68,97,0,97,0,97,0
robust,jiang_massdep_baseline_200,jiang_massdep_baseline,200,14,101,0,OK,97,0,0,826.4166666666666,511.71444444444444,4.720277777777778,61,786,44.01,96,0,96,0,96,0
robust,jiang_massdep_baseline_200,jiang_massdep_baseline,200,14,102,0,OK,97,0,0,825.2677777777777,502.71222222222224,6.082222222222223,60,786,48.34,97,0,97,0,97,0
robust,jiang_massdep_baseline_200,jiang_massdep_baseline,200,14,103,0,OK,97,0,0,822.1744444444445,492.38444444444445,5.525277777777778,64,786,47.08,97,0,97,0,97,0
robust,jiang_massdep_baseline_200,jiang_massdep_baseline,200,14,104,0,OK,97,0,0,774.3788888888889,476.1566666666667,3.4305555555555554,56,786,42.4,97,0,97,0,97,0
robust,jiang_massdep_baseline_200,jiang_massdep_baseline,200,14,105,0,OK,97,0,0,723.0766666666667,443.8811111111111,3.671666666666667,51,786,36.92,97,0,97,0,97,0
robust,jiang_massdep_baseline_200,jiang_massdep_baseline,200,14,106,0,OK,97,0,0,780.1733333333333,483.66,2.6933333333333334,57,786,45.64,97,0,97,0,97,0
robust,jiang_massdep_baseline_200,jiang_massdep_baseline,200,14,107,0,OK,97,0,0,724.6911111111111,446.08,2.515277777777778,55,786,39.33,97,0,97,0,97,0
robust,jiang_massdep_baseline_200,jiang_massdep_baseline,200,14,108,0,OK,97,0,0,767.2855555555556,466.09777777777776,5.4158333333333335,60,786,46.75,97,0,97,0,97,0
robust,jiang_massdep_baseline_200,jiang_massdep_baseline,200,14,109,0,OK,97,0,0,736.5366666666666,450.96777777777777,3.9027777777777777,58,786,37.61,97,0,97,0,97,0
robust,jiang_massdep_baseline_200,jiang_massdep_baseline,200,14,110,0,OK,97,0,0,783.3211111111111,476.6355555555556,5.2747222222222225,62,786,44.35,97,0,97,0,97,0
robust,jiang_massdep_baseline_200,jiang_massdep_baseline,200,14,111,0,OK,97,0,0,784.7344444444444,476.3177777777778,5.9688888888888885,60,786,49.88,97,0,97,0,97,0
robust,jiang_massdep_baseline_200,jiang_massdep_baseline,200,14,112,0,OK,95,0,3752,853.8655555555556,521.7344444444444,4.087777777777778,59,786,48.91,94,0,94,0,94,0
robust,jiang_massdep_baseline_200,jiang_massdep_baseline,200,14,113,0,OK,97,0,0,764.4433333333334,473.6611111111111,3.6008333333333336,56,786,41.37,97,0,97,0,97,0
robust,jiang_massdep_baseline_200,jiang_massdep_baseline,200,14,114,0,OK,97,0,0,799.4933333333333,489.55555555555554,3.0191666666666666,58,786,41.46,97,0,97,0,97,0
robust,jiang_massdep_baseline_200,jiang_massdep_baseline,200,14,115,0,OK,95,0,428,835.2677777777777,498.71666666666664,10.587222222222222,57,786,48.87,95,0,95,0,95,0
robust,jiang_massdep_baseline_200,jiang_massdep_baseline,200,14,116,0,OK,96,0,1980,854.9466666666667,515.33,4.243055555555555,64,786,51.02,96,0,96,0,96,0
robust,jiang_massdep_baseline_200,jiang_massdep_baseline,200,14,117,0,OK,97,0,0,794.2977777777778,485.9188888888889,2.6544444444444446,60,786,48.2,97,0,97,0,97,0
robust,jiang_massdep_baseline_200,jiang_massdep_baseline,200,14,118,0,OK,97,0,0,788.1688888888889,487.5488888888889,5.151666666666666,57,786,44.37,97,0,97,0,97,0
robust,jiang_massdep_baseline_200,jiang_massdep_baseline,200,14,119,0,OK,97,0,0,836.6,513.0166666666667,4.434444444444445,60,786,46.48,97,0,97,0,97,0
robust,jiang_massdep_baseline_200,jiang_massdep_baseline,200,14,120,0,OK,97,0,0,766.9377777777778,465.71222222222224,4.746666666666667,52,786,43.53,97,0,97,0,97,0
robust,jiang_massdep_baseline_200,jiang_massdep_baseline,200,14,121,0,OK,97,0,0,686.2233333333334,435.36555555555555,3.226111111111111,52,786,37.32,97,0,97,0,97,0
robust,jiang_massdep_baseline_200,jiang_massdep_baseline,200,14,122,0,OK,97,0,0,720.2855555555556,454.03444444444443,2.042222222222222,54,786,44.12,97,0,97,0,97,0
robust,jiang_massdep_baseline_200,jiang_massdep_baseline,200,14,123,0,OK,97,0,0,766.9244444444445,473.1066666666667,3.1527777777777777,55,786,40.61,97,0,97,0,97,0
robust,jiang_massdep_baseline_200,jiang_massdep_baseline,200,14,124,0,OK,97,0,0,800.8377777777778,484.50444444444446,5.232222222222222,61,786,41.53,97,0,97,0,97,0
robust,jiang_massdep_baseline_200,jiang_massdep_baseline,200,14,125,0,OK,96,0,738,876.8344444444444,518.09,9.438333333333333,70,786,53.34,96,0,96,0,96,0
robust,jiang_massdep_baseline_200,jiang_massdep_baseline,200,14,126,0,OK,97,0,0,799.8255555555555,485.22777777777776,6.560277777777777,60,786,46.42,97,0,97,0,97,0
robust,jiang_massdep_baseline_200,jiang_massdep_baseline,200,14,127,0,OK,96,0,1610,802.28,495.9822222222222,2.111388888888889,56,786,43.89,95,0,96,0,96,0
robust,jiang_massdep_baseline_200,jiang_massdep_baseline,200,14,128,0,OK,97,0,0,682.7955555555556,431.19444444444446,1.6158333333333332,51,786,41.63,97,0,97,0,97,0
robust,jiang_massdep_baseline_200,jiang_massdep_baseline,200,14,129,0,OK,97,0,0,716.3077777777778,447.99555555555554,2.6241666666666665,54,786,45.35,97,0,97,0,97,0
robust,jiang_massdep_baseline_200,jiang_massdep_baseline,200,14,130,0,OK,97,0,0,800.1144444444444,485.84555555555556,0.38333333333333336,60,786,47.15,97,0,97,0,97,0
robust,jiang_massdep_baseline_200,jiang_massdep_baseline,200,15,101,0,OK,97,0,0,791.5711111111111,476.8688888888889,4.129166666666666,61,786,41.85,97,0,97,0,97,0
robust,jiang_massdep_baseline_200,jiang_massdep_baseline,200,15,102,0,OK,97,0,0,812.49,489.93444444444447,5.266944444444444,60,786,38.26,97,0,97,0,97,0
robust,jiang_massdep_baseline_200,jiang_massdep_baseline,200,15,103,0,OK,97,0,0,811.2533333333333,481.4633333333333,5.227222222222222,64,786,37.62,97,0,97,0,97,0
robust,jiang_massdep_baseline_200,jiang_massdep_baseline,200,15,104,0,OK,97,0,0,770.5033333333333,472.2811111111111,1.6941666666666666,56,786,38.08,97,0,97,0,97,0
robust,jiang_massdep_baseline_200,jiang_massdep_baseline,200,15,105,0,OK,97,0,0,718.2666666666667,439.0711111111111,5.618611111111111,51,786,33.49,97,0,97,0,97,0
robust,jiang_massdep_baseline_200,jiang_massdep_baseline,200,15,106,0,OK,97,0,0,770.0455555555556,473.53222222222223,1.4516666666666667,57,786,38.3,97,0,97,0,97,0
robust,jiang_massdep_baseline_200,jiang_massdep_baseline,200,15,107,0,OK,97,0,0,719.5066666666667,440.8955555555556,4.786111111111111,55,786,38.57,97,0,97,0,97,0
robust,jiang_massdep_baseline_200,jiang_massdep_baseline,200,15,108,0,OK,97,0,0,761.27,460.08222222222224,2.9891666666666667,60,786,36.91,97,0,97,0,97,0
robust,jiang_massdep_baseline_200,jiang_massdep_baseline,200,15,109,0,OK,97,0,0,734.2833333333333,448.71444444444444,1.333888888888889,58,786,40.03,97,0,97,0,97,0
robust,jiang_massdep_baseline_200,jiang_massdep_baseline,200,15,110,0,OK,97,0,0,777.8788888888889,471.1933333333333,5.336111111111111,62,786,40.51,97,0,97,0,97,0
robust,jiang_massdep_baseline_200,jiang_massdep_baseline,200,15,111,0,OK,97,0,0,779.1077777777778,470.6911111111111,5.3341666666666665,60,786,40.56,97,0,97,0,97,0
robust,jiang_massdep_baseline_200,jiang_massdep_baseline,200,15,112,0,OK,97,0,0,846.8888888888889,514.7577777777777,2.781388888888889,59,786,38.95,97,0,97,0,97,0
robust,jiang_massdep_baseline_200,jiang_massdep_baseline,200,15,113,0,OK,97,0,0,759.9811111111111,469.1988888888889,3.924166666666667,56,786,35.78,97,0,97,0,97,0
robust,jiang_massdep_baseline_200,jiang_massdep_baseline,200,15,114,0,OK,97,0,0,787.1166666666667,477.1788888888889,2.931388888888889,58,786,39.04,97,0,97,0,97,0
robust,jiang_massdep_baseline_200,jiang_massdep_baseline,200,15,115,0,OK,97,0,0,824.47,487.9188888888889,7.818611111111111,57,786,39.96,97,0,97,0,97,0
robust,jiang_massdep_baseline_200,jiang_massdep_baseline,200,15,116,0,OK,96,0,77,837.9577777777778,498.3411111111111,2.548888888888889,64,786,40.83,96,0,96,0,96,0
robust,jiang_massdep_baseline_200,jiang_massdep_baseline,200,15,117,0,OK,97,0,0,788.2955555555556,479.9166666666667,7.217222222222222,60,786,38.07,97,0,97,0,97,0
robust,jiang_massdep_baseline_200,jiang_massdep_baseline,200,15,118,0,OK,97,0,0,781.5255555555556,480.90555555555557,4.611666666666666,57,786,37.27,97,0,97,0,97,0
robust,jiang_massdep_baseline_200,jiang_massdep_baseline,200,15,119,0,OK,97,0,0,822.2766666666666,498.6933333333333,4.955277777777778,60,786,37.16,97,0,97,0,97,0
robust,jiang_massdep_baseline_200,jiang_massdep_baseline,200,15,120,0,OK,97,0,0,760.0777777777778,458.8522222222222,4.152777777777778,52,786,39.99,97,0,97,0,97,0
robust,jiang_massdep_baseline_200,jiang_massdep_baseline,200,15,121,0,OK,97,0,0,683.3922222222222,432.53444444444443,3.959722222222222,52,786,36.32,97,0,97,0,97,0
robust,jiang_massdep_baseline_200,jiang_massdep_baseline,200,15,122,0,OK,97,0,0,718.9655555555555,452.71444444444444,3.313888888888889,54,786,36.13,97,0,97,0,97,0
robust,jiang_massdep_baseline_200,jiang_massdep_baseline,200,15,123,0,OK,97,0,0,762.7588888888889,468.9411111111111,2.611111111111111,55,786,36.98,97,0,97,0,97,0
robust,jiang_massdep_baseline_200,jiang_massdep_baseline,200,15,124,0,OK,97,0,0,792.78,476.44666666666666,2.3569444444444443,61,786,37.87,97,0,97,0,97,0
robust,jiang_massdep_baseline_200,jiang_massdep_baseline,200,15,125,0,OK,97,0,0,854.5344444444445,495.79,7.776111111111111,70,786,44.77,97,0,97,0,97,0
robust,jiang_massdep_baseline_200,jiang_massdep_baseline,200,15,126,0,OK,97,0,0,790.6733333333333,476.0755555555556,7.038055555555555,60,786,41.95,97,0,97,0,97,0
robust,jiang_massdep_baseline_200,jiang_massdep_baseline,200,15,127,0,OK,97,0,0,791.6533333333333,485.35555555555555,5.0136111111111115,56,786,38.92,97,0,97,0,97,0
robust,jiang_massdep_baseline_200,jiang_massdep_baseline,200,15,128,0,OK,97,0,0,679.3844444444444,427.78333333333336,2.292777777777778,51,786,36.71,97,0,97,0,97,0
robust,jiang_massdep_baseline_200,jiang_massdep_baseline,200,15,129,0,OK,97,0,0,711.9266666666666,443.6144444444444,2.091111111111111,54,786,37.49,97,0,97,0,97,0
robust,jiang_massdep_baseline_200,jiang_massdep_baseline,200,15,130,0,OK,97,0,0,794.1722222222222,479.9033333333333,2.723333333333333,60,786,42.29,97,0,97,0,97,0
robust,jiang_massdep_baseline_200,jiang_massdep_baseline,200,16,101,0,OK,97,0,0,788.7177777777778,474.0155555555556,2.186111111111111,61,786,36.28,97,0,97,0,97,0
robust,jiang_massdep_baseline_200,jiang_massdep_baseline,200,16,102,0,OK,97,0,0,808.6788888888889,486.12333333333333,4.710555555555556,60,786,37.37,97,0,97,0,97,0
robust,jiang_massdep_baseline_200,jiang_massdep_baseline,200,16,103,0,OK,97,0,0,807.3211111111111,477.5311111111111,6.4925,64,786,32.58,97,0,97,0,97,0
robust,jiang_massdep_baseline_200,jiang_massdep_baseline,200,16,104,0,OK,97,0,0,767.0544444444445,468.83222222222224,2.9458333333333333,56,786,36.57,97,0,97,0,97,0
robust,jiang_massdep_baseline_200,jiang_massdep_baseline,200,16,105,0,OK,97,0,0,715.2966666666666,436.1011111111111,5.789166666666667,51,786,33.67,97,0,97,0,97,0
robust,jiang_massdep_baseline_200,jiang_massdep_baseline,200,16,106,0,OK,97,0,0,767.1344444444444,470.62111111111113,0.8269444444444445,57,786,33.68,97,0,97,0,97,0
robust,jiang_massdep_baseline_200,jiang_massdep_baseline,200,16,107,0,OK,97,0,0,715.2588888888889,436.6477777777778,2.368333333333333,55,786,32.66,97,0,97,0,97,0
robust,jiang_massdep_baseline_200,jiang_massdep_baseline,200,16,108,0,OK,97,0,0,758.1744444444445,456.9866666666667,2.6547222222222224,60,786,32.82,97,0,97,0,97,0
robust,jiang_massdep_baseline_200,jiang_massdep_baseline,200,16,109,0,OK,97,0,0,728.96,443.3911111111111,1.3194444444444444,58,786,32.01,97,0,97,0,97,0
robust,jiang_massdep_baseline_200,jiang_massdep_baseline,200,16,110,0,OK,97,0,0,771.92,465.2344444444444,4.439166666666667,62,786,37.17,97,0,97,0,97,0
robust,jiang_massdep_baseline_200,jiang_massdep_baseline,200,16,111,0,OK,97,0,0,776.1933333333334,467.77666666666664,2.506388888888889,60,786,33.31,97,0,97,0,97,0
robust,jiang_massdep_baseline_200,jiang_massdep_baseline,200,16,112,0,OK,97,0,0,830.2522222222223,498.12111111111113,2.6933333333333334,59,786,36.37,97,0,97,0,97,0
robust,jiang_massdep_baseline_200,jiang_massdep_baseline,200,16,113,0,OK,97,0,0,756.4722222222222,465.69,3.269722222222222,56,786,30.55,97,0,97,0,97,0
robust,jiang_massdep_baseline_200,jiang_massdep_baseline,200,16,114,0,OK,97,0,0,782.6255555555556,472.6877777777778,1.8252777777777778,58,786,39.36,97,0,97,0,97,0
robust,jiang_massdep_baseline_200,jiang_massdep_baseline,200,16,115,0,OK,97,0,0,817.5877777777778,481.0366666666667,6.820555555555556,57,786,36.56,97,0,97,0,97,0
robust,jiang_massdep_baseline_200,jiang_massdep_baseline,200,16,116,0,OK,96,0,77,830.4277777777778,490.81111111111113,2.901111111111111,64,786,33.48,96,0,96,0,96,0
robust,jiang_massdep_baseline_200,jiang_massdep_baseline,200,16,117,0,OK,97,0,0,783.9544444444444,475.5755555555556,4.772777777777778,60,786,37.06,97,0,97,0,97,0
robust,jiang_massdep_baseline_200,jiang_massdep_baseline,200,16,118,0,OK,97,0,0,777.5711111111111,476.9511111111111,4.667222222222223,57,786,34.08,97,0,97,0,97,0
robust,jiang_massdep_baseline_200,jiang_massdep_baseline,200,16,119,0,OK,97,0,0,817.09,493.50666666666666,4.046666666666667,60,786,36.93,97,0,97,0,97,0
robust,jiang_massdep_baseline_200,jiang_massdep_baseline,200,16,120,0,OK,97,0,0,757.1677777777778,455.9422222222222,3.133611111111111,52,786,35.92,97,0,97,0,97,0
robust,jiang_massdep_baseline_200,jiang_massdep_baseline,200,16,121,0,OK,97,0,0,680.3466666666667,429.4888888888889,5.138055555555556,52,786,31.74,97,0,97,0,97,0
robust,jiang_massdep_baseline_200,jiang_massdep_baseline,200,16,122,0,OK,97,0,0,716.4,450.1488888888889,2.095833333333333,54,786,31.06,97,0,97,0,97,0
robust,jiang_massdep_baseline_200,jiang_massdep_baseline,200,16,123,0,OK,97,0,0,758.2466666666667,464.4288888888889,1.1330555555555555,55,786,31.79,97,0,97,0,97,0
robust,jiang_massdep_baseline_200,jiang_massdep_baseline,200,16,124,0,OK,97,0,0,787.2766666666666,470.9433333333333,3.0527777777777776,61,786,35.73,97,0,97,0,97,0
robust,jiang_massdep_baseline_200,jiang_massdep_baseline,200,16,125,0,OK,97,0,0,843.9988888888889,485.25444444444446,5.331388888888889,70,786,39.36,97,0,97,0,97,0
robust,jiang_massdep_baseline_200,jiang_massdep_baseline,200,16,126,0,OK,97,0,0,783.3433333333334,468.74555555555554,6.151666666666666,60,786,38.05,97,0,97,0,97,0
robust,jiang_massdep_baseline_200,jiang_massdep_baseline,200,16,127,0,OK,97,0,0,785.0388888888889,478.74111111111114,3.8561111111111113,56,786,35.3,97,0,97,0,97,0
robust,jiang_massdep_baseline_200,jiang_massdep_baseline,200,16,128,0,OK,97,0,0,677.7466666666667,426.1455555555556,2.194722222222222,51,786,29.12,97,0,97,0,97,0
robust,jiang_massdep_baseline_200,jiang_massdep_baseline,200,16,129,0,OK,97,0,0,709.7822222222222,441.47,2.8919444444444444,54,786,33.67,97,0,97,0,97,0
robust,jiang_massdep_baseline_200,jiang_massdep_baseline,200,16,130,0,OK,97,0,0,787.4366666666666,473.16777777777776,1.5911111111111111,60,786,37.91,97,0,97,0,97,0
robust,jiang_massdep_baseline_250,jiang_massdep_baseline,250,12,101,0,OK,97,0,0,618.6522222222222,447.45666666666665,1.8308333333333333,31,786,35.92,97,0,97,0,97,0
robust,jiang_massdep_baseline_250,jiang_massdep_baseline,250,12,102,0,OK,96,0,841,672.1377777777777,472.62888888888887,4.594166666666666,38,786,44.87,96,0,96,0,96,0
robust,jiang_massdep_baseline_250,jiang_massdep_baseline,250,12,103,0,OK,97,0,0,666.0566666666666,458.46,5.553888888888889,39,786,40.9,97,0,97,0,97,0
robust,jiang_massdep_baseline_250,jiang_massdep_baseline,250,12,104,0,OK,97,0,0,643.8755555555556,452.9888888888889,3.402222222222222,36,786,41.99,97,0,97,0,97,0
robust,jiang_massdep_baseline_250,jiang_massdep_baseline,250,12,105,0,OK,97,0,0,578.6611111111112,417.3811111111111,3.3280555555555558,30,786,40.63,97,0,97,0,97,0
robust,jiang_massdep_baseline_250,jiang_massdep_baseline,250,12,106,0,OK,97,0,0,638.1311111111111,454.0566666666667,2.0230555555555556,35,786,36.94,97,0,97,0,97,0
robust,jiang_massdep_baseline_250,jiang_massdep_baseline,250,12,107,0,OK,97,0,0,571.2622222222222,414.8233333333333,3.0869444444444443,30,786,40.7,97,0,97,0,97,0
robust,jiang_massdep_baseline_250,jiang_massdep_baseline,250,12,108,0,OK,97,0,0,612.8366666666667,436.5911111111111,3.8016666666666667,34,786,41.85,97,0,97,0,97,0
robust,jiang_massdep_baseline_250,jiang_massdep_baseline,250,12,109,0,OK,97,0,0,589.4377777777778,426.8988888888889,0.13416666666666666,32,786,41.23,97,0,97,0,97,0
robust,jiang_massdep_baseline_250,jiang_massdep_baseline,250,12,110,0,OK,97,0,0,639.7844444444445,450.2111111111111,3.662777777777778,36,786,37.26,97,0,97,0,97,0
robust,jiang_massdep_baseline_250,jiang_massdep_baseline,250,12,111,0,OK,97,0,0,635.0944444444444,448.24666666666667,3.0530555555555554,35,786,44.85,97,0,97,0,97,0
robust,jiang_massdep_baseline_250,jiang_massdep_baseline,250,12,112,0,OK,97,0,0,693.6222222222223,482.8233333333333,3.1777777777777776,38,786,48.71,97,0,97,0,97,0
robust,jiang_massdep_baseline_250,jiang_massdep_baseline,250,12,113,0,OK,97,0,0,625.9844444444444,451.6388888888889,3.6486111111111112,33,786,40.48,97,0,97,0,97,0
robust,jiang_massdep_baseline_250,jiang_massdep_baseline,250,12,114,0,OK,97,0,0,641.0677777777778,459.0855555555556,1.9333333333333333,34,786,43.64,97,0,97,0,97,0
robust,jiang_massdep_baseline_250,jiang_massdep_baseline,250,12,115,0,OK,97,0,0,669.9855555555556,464.8177777777778,7.148611111111111,38,786,47.52,97,0,97,0,97,0
robust,jiang_massdep_baseline_250,jiang_massdep_baseline,250,12,116,0,OK,95,0,1351,666.2566666666667,473.8877777777778,3.671666666666667,36,786,40.24,95,0,95,0,95,0
robust,jiang_massdep_baseline_250,jiang_massdep_baseline,250,12,117,0,OK,97,0,0,595.4344444444445,445.63444444444445,1.7977777777777777,28,786,40.27,97,0,97,0,97,0
robust,jiang_massdep_baseline_250,jiang_massdep_baseline,250,12,118,0,OK,97,0,0,678.2377777777778,474.9377777777778,1.3633333333333333,37,786,43.75,97,0,97,0,97,0
robust,jiang_massdep_baseline_250,jiang_massdep_baseline,250,12,119,0,OK,97,0,0,657.2044444444444,472.5488888888889,5.485555555555556,34,786,47.27,97,0,97,0,97,0
robust,jiang_massdep_baseline_250,jiang_massdep_baseline,250,12,120,0,OK,97,0,0,598.4633333333334,436.93333333333334,4.3694444444444445,30,786,39.0,97,0,97,0,97,0
robust,jiang_massdep_baseline_250,jiang_massdep_baseline,250,12,121,0,OK,97,0,0,515.0033333333333,406.40444444444444,3.6702777777777778,22,786,30.05,97,0,97,0,97,0
robust,jiang_massdep_baseline_250,jiang_massdep_baseline,250,12,122,0,OK,97,0,0,546.9033333333333,422.0588888888889,2.43,24,786,36.51,97,0,97,0,97,0
robust,jiang_massdep_baseline_250,jiang_massdep_baseline,250,12,123,0,OK,97,0,0,590.6566666666666,437.9111111111111,2.0455555555555556,27,786,41.57,97,0,97,0,97,0
robust,jiang_massdep_baseline_250,jiang_massdep_baseline,250,12,124,0,OK,97,0,0,583.7744444444445,438.6988888888889,2.0408333333333335,26,786,37.44,97,0,97,0,97,0
robust,jiang_massdep_baseline_250,jiang_massdep_baseline,250,12,125,0,OK,96,0,363,743.1522222222222,499.13444444444445,5.906666666666666,47,786,47.62,96,0,96,0,96,0
robust,jiang_massdep_baseline_250,jiang_massdep_baseline,250,12,126,0,OK,97,0,0,649.0322222222222,451.41555555555556,8.432222222222222,37,786,41.42,97,0,97,0,97,0
robust,jiang_massdep_baseline_250,jiang_massdep_baseline,250,12,127,0,OK,97,0,0,592.14,448.27444444444444,2.1205555555555557,26,786,32.83,97,0,97,0,97,0
robust,jiang_massdep_baseline_250,jiang_massdep_baseline,250,12,128,0,OK,97,0,0,586.3855555555556,414.8566666666667,0.6391666666666667,34,786,38.95,97,0,97,0,97,0
robust,jiang_massdep_baseline_250,jiang_massdep_baseline,250,12,129,0,OK,97,0,0,589.1633333333333,424.74111111111114,1.0630555555555556,32,786,33.07,97,0,97,0,97,0
robust,jiang_massdep_baseline_250,jiang_massdep_baseline,250,12,130,0,OK,97,0,0,648.0422222222222,456.12,0.8211111111111111,35,786,42.24,97,0,97,0,97,0
robust,jiang_massdep_baseline_250,jiang_massdep_baseline,250,13,101,0,OK,97,0,0,613.5822222222222,442.38666666666666,2.605277777777778,31,786,35.98,97,0,97,0,97,0
robust,jiang_massdep_baseline_250,jiang_massdep_baseline,250,13,102,0,OK,97,0,0,661.9922222222223,462.48333333333335,3.466111111111111,38,786,44.24,97,0,97,0,97,0
robust,jiang_massdep_baseline_250,jiang_massdep_baseline,250,13,103,0,OK,97,0,0,662.3177777777778,454.7211111111111,2.8194444444444446,39,786,42.05,97,0,97,0,97,0
robust,jiang_massdep_baseline_250,jiang_massdep_baseline,250,13,104,0,OK,97,0,0,639.0744444444445,448.1877777777778,2.4644444444444447,36,786,35.67,97,0,97,0,97,0
robust,jiang_massdep_baseline_250,jiang_massdep_baseline,250,13,105,0,OK,97,0,0,576.1,414.82,3.875277777777778,30,786,36.2,97,0,97,0,97,0
robust,jiang_massdep_baseline_250,jiang_massdep_baseline,250,13,106,0,OK,97,0,0,636.0011111111111,451.9266666666667,0.38055555555555554,35,786,34.12,97,0,97,0,97,0
robust,jiang_massdep_baseline_250,jiang_massdep_baseline,250,13,107,0,OK,97,0,0,567.9066666666666,411.46777777777777,3.0755555555555554,30,786,33.04,97,0,97,0,97,0
robust,jiang_massdep_baseline_250,jiang_massdep_baseline,250,13,108,0,OK,97,0,0,611.2455555555556,435.0,4.825,34,786,36.5,97,0,97,0,97,0
robust,jiang_massdep_baseline_250,jiang_massdep_baseline,250,13,109,0,OK,97,0,0,587.5644444444445,425.02555555555557,1.2669444444444444,32,786,39.15,97,0,97,0,97,0
robust,jiang_massdep_baseline_250,jiang_massdep_baseline,250,13,110,0,OK,97,0,0,634.6466666666666,445.0733333333333,1.9058333333333333,36,786,33.25,97,0,97,0,97,0
robust,jiang_massdep_baseline_250,jiang_massdep_baseline,250,13,111,0,OK,97,0,0,630.17,443.3222222222222,1.971111111111111,35,786,37.04,97,0,97,0,97,0
robust,jiang_massdep_baseline_250,jiang_massdep_baseline,250,13,112,0,OK,97,0,0,687.5833333333334,476.78444444444443,2.548611111111111,38,786,33.32,97,0,97,0,97,0
robust,jiang_massdep_baseline_250,jiang_massdep_baseline,250,13,113,0,OK,97,0,0,620.8077777777778,446.46222222222224,4.003611111111111,33,786,37.88,97,0,97,0,97,0
robust,jiang_massdep_baseline_250,jiang_massdep_baseline,250,13,114,0,OK,97,0,0,634.0144444444444,452.03222222222223,0.6136111111111111,34,786,37.43,97,0,97,0,97,0
robust,jiang_massdep_baseline_250,jiang_massdep_baseline,250,13,115,0,OK,97,0,0,663.8233333333334,458.65555555555557,4.987777777777778,38,786,37.64,97,0,97,0,97,0
robust,jiang_massdep_baseline_250,jiang_massdep_baseline,250,13,116,0,OK,95,0,963,659.2411111111111,466.8722222222222,2.9,36,786,38.41,95,0,95,0,95,0
robust,jiang_massdep_baseline_250,jiang_massdep_baseline,250,13,117,0,OK,97,0,0,592.5644444444445,442.76444444444445,2.6013888888888888,28,786,33.02,97,0,97,0,97,0
robust,jiang_massdep_baseline_250,jiang_massdep_baseline,250,13,118,0,OK,97,0,0,665.4666666666667,462.1666666666667,0.05694444444444444,37,786,39.31,97,0,97,0,97,0
robust,jiang_massdep_baseline_250,jiang_massdep_baseline,250,13,119,0,OK,97,0,0,652.9944444444444,468.3388888888889,2.539722222222222,34,786,39.31,97,0,97,0,97,0
robust,jiang_massdep_baseline_250,jiang_massdep_baseline,250,13,120,0,OK,97,0,0,595.9411111111111,434.4111111111111,2.703611111111111,30,786,31.52,97,0,97,0,97,0
robust,jiang_massdep_baseline_250,jiang_massdep_baseline,250,13,121,0,OK,97,0,0,512.5988888888888,404.0,3.631388888888889,22,786,28.25,97,0,97,0,97,0
robust,jiang_massdep_baseline_250,jiang_massdep_baseline,250,13,122,0,OK,97,0,0,546.0566666666666,421.21222222222224,3.1666666666666665,24,786,33.19,97,0,97,0,97,0
robust,jiang_massdep_baseline_250,jiang_massdep_baseline,250,13,123,0,OK,97,0,0,589.8055555555555,437.06,1.225,27,786,29.07,97,0,97,0,97,0
robust,jiang_massdep_baseline_250,jiang_massdep_baseline,250,13,124,0,OK,97,0,0,581.6311111111111,436.55555555555554,2.220833333333333,26,786,28.37,97,0,97,0,97,0
robust,jiang_massdep_baseline_250,jiang_massdep_baseline,250,13,125,0,OK,97,0,0,716.7,472.6822222222222,5.066111111111111,47,786,39.65,97,0,97,0,97,0
robust,jiang_massdep_baseline_250,jiang_massdep_baseline,250,13,126,0,OK,97,0,0,642.8622222222223,445.24555555555554,7.908611111111111,37,786,39.52,97,0,97,0,97,0
robust,jiang_massdep_baseline_250,jiang_massdep_baseline,250,13,127,0,OK,97,0,0,587.4377777777778,443.5722222222222,1.6075,26,786,27.56,97,0,97,0,97,0
robust,jiang_massdep_baseline_250,jiang_massdep_baseline,250,13,128,0,OK,97,0,0,583.0833333333334,411.55444444444447,0.8658333333333333,34,786,36.27,97,0,97,0,97,0
robust,jiang_massdep_baseline_250,jiang_massdep_baseline,250,13,129,0,OK,97,0,0,586.6944444444445,422.27222222222224,0.6911111111111111,32,786,35.73,97,0,97,0,97,0
robust,jiang_massdep_baseline_250,jiang_massdep_baseline,250,13,130,0,OK,97,0,0,643.6066666666667,451.68444444444447,0.6311111111111111,35,786,36.15,97,0,97,0,97,0
robust,jiang_massdep_baseline_250,jiang_massdep_baseline,250,14,101,0,OK,97,0,0,612.1911111111111,440.99555555555554,2.0530555555555554,31,786,21.75,97,0,97,0,97,0
robust,jiang_massdep_baseline_250,jiang_massdep_baseline,250,14,102,0,OK,97,0,0,660.5177777777777,461.00888888888886,4.696666666666666,38,786,25.87,97,0,97,0,97,0
robust,jiang_massdep_baseline_250,jiang_massdep_baseline,250,14,103,0,OK,97,0,0,660.08,452.48333333333335,5.822222222222222,39,786,24.81,97,0,97,0,97,0
robust,jiang_massdep_baseline_250,jiang_massdep_baseline,250,14,104,0,OK,97,0,0,637.0111111111111,446.12444444444446,2.2019444444444445,36,786,24.3,97,0,97,0,97,0
robust,jiang_massdep_baseline_250,jiang_massdep_baseline,250,14,105,0,OK,97,0,0,573.3255555555555,412.04555555555555,5.141666666666667,30,786,24.19,97,0,97,0,97,0
robust,jiang_massdep_baseline_250,jiang_massdep_baseline,250,14,106,0,OK,97,0,0,632.0022222222223,447.9277777777778,1.3416666666666666,35,786,25.44,97,0,97,0,97,0
robust,jiang_massdep_baseline_250,jiang_massdep_baseline,250,14,107,0,OK,97,0,0,565.6622222222222,409.22333333333336,3.5944444444444446,30,786,21.27,97,0,97,0,97,0
robust,jiang_massdep_baseline_250,jiang_massdep_baseline,250,14,108,0,OK,97,0,0,608.6911111111111,432.44555555555553,2.515833333333333,34,786,25.28,97,0,97,0,97,0
robust,jiang_massdep_baseline_250,jiang_massdep_baseline,250,14,109,0,OK,97,0,0,585.8433333333334,423.30444444444447,0.6977777777777778,32,786,25.26,97,0,97,0,97,0
robust,jiang_massdep_baseline_250,jiang_massdep_baseline,250,14,110,0,OK,97,0,0,630.7155555555555,441.14222222222224,1.9,36,786,27.42,97,0,97,0,97,0
robust,jiang_massdep_baseline_250,jiang_massdep_baseline,250,14,111,0,OK,97,0,0,627.9844444444444,441.13666666666666,2.9916666666666667,35,786,19.97,97,0,97,0,97,0
robust,jiang_massdep_baseline_250,jiang_massdep_baseline,250,14,112,0,OK,97,0,0,682.0444444444445,471.24555555555554,2.091111111111111,38,786,28.04,97,0,97,0,97,0
robust,jiang_massdep_baseline_250,jiang_massdep_baseline,250,14,113,0,OK,97,0,0,617.8477777777778,443.5022222222222,4.265,33,786,23.32,97,0,97,0,97,0
robust,jiang_massdep_baseline_250,jiang_massdep_baseline,250,14,114,0,OK,97,0,0,628.9422222222222,446.96,0.5013888888888889,34,786,22.76,97,0,97,0,97,0
robust,jiang_massdep_baseline_250,jiang_massdep_baseline,250,14,115,0,OK,97,0,0,662.2755555555556,457.10777777777776,4.987777777777778,38,786,32.95,97,0,97,0,97,0
robust,jiang_massdep_baseline_250,jiang_massdep_baseline,250,14,116,0,OK,96,0,77,652.5555555555555,460.18666666666667,3.568888888888889,36,786,28.06,96,0,96,0,96,0
robust,jiang_massdep_baseline_250,jiang_massdep_baseline,250,14,117,0,OK,97,0,0,591.05,441.25,2.0230555555555556,28,786,22.15,97,0,97,0,97,0
robust,jiang_massdep_baseline_250,jiang_massdep_baseline,250,14,118,0,OK,97,0,0,661.0711111111111,457.7711111111111,0.09972222222222223,37,786,24.43,97,0,97,0,97,0
robust,jiang_massdep_baseline_250,jiang_massdep_baseline,250,14,119,0,OK,97,0,0,649.8511111111111,465.19555555555553,1.2033333333333334,34,786,27.49,97,0,97,0,97,0
robust,jiang_massdep_baseline_250,jiang_massdep_baseline,250,14,120,0,OK,97,0,0,593.9855555555556,432.4555555555556,0.9558333333333333,30,786,22.95,97,0,97,0,97,0
robust,jiang_massdep_baseline_250,jiang_massdep_baseline,250,14,121,0,OK,97,0,0,511.3833333333333,402.78444444444443,3.973611111111111,22,786,15.16,97,0,97,0,97,0
robust,jiang_massdep_baseline_250,jiang_massdep_baseline,250,14,122,0,OK,97,0,0,544.8977777777778,420.05333333333334,1.6702777777777778,24,786,20.7,97,0,97,0,97,0
robust,jiang_massdep_baseline_250,jiang_massdep_baseline,250,14,123,0,OK,97,0,0,587.25,434.50444444444446,0.8266666666666667,27,786,21.85,97,0,97,0,97,0
robust,jiang_massdep_baseline_250,jiang_massdep_baseline,250,14,124,0,OK,97,0,0,578.4933333333333,433.41777777777776,1.353888888888889,26,786,21.87,97,0,97,0,97,0
robust,jiang_massdep_baseline_250,jiang_massdep_baseline,250,14,125,0,OK,97,0,0,709.4188888888889,465.4011111111111,7.075,47,786,34.46,97,0,97,0,97,0
robust,jiang_massdep_baseline_250,jiang_massdep_baseline,250,14,126,0,OK,97,0,0,640.12,442.50333333333333,6.020833333333333,37,786,26.05,97,0,97,0,97,0
robust,jiang_massdep_baseline_250,jiang_massdep_baseline,250,14,127,0,OK,97,0,0,586.7844444444445,442.9188888888889,3.6347222222222224,26,786,24.03,97,0,97,0,97,0
robust,jiang_massdep_baseline_250,jiang_massdep_baseline,250,14,128,0,OK,97,0,0,580.9977777777777,409.4688888888889,0.44805555555555554,34,786,25.1,97,0,97,0,97,0
robust,jiang_massdep_baseline_250,jiang_massdep_baseline,250,14,129,0,OK,97,0,0,583.3833333333333,418.9611111111111,2.049166666666667,32,786,19.86,97,0,97,0,97,0
robust,jiang_massdep_baseline_250,jiang_massdep_baseline,250,14,130,0,OK,97,0,0,639.5377777777778,447.61555555555555,0.6311111111111111,35,786,25.01,97,0,97,0,97,0
robust,jiang_massdep_baseline_270,jiang_massdep_baseline,270,11,101,0,OK,97,0,0,594.28,444.5466666666667,1.3780555555555556,27,786,47.43,97,0,97,0,97,0
robust,jiang_massdep_baseline_270,jiang_massdep_baseline,270,11,102,0,OK,95,0,2228,633.2744444444445,469.96666666666664,6.711388888888889,31,786,39.02,95,0,95,0,95,0
robust,jiang_massdep_baseline_270,jiang_massdep_baseline,270,11,103,0,OK,97,0,0,611.3233333333334,449.4222222222222,4.505,30,786,52.04,97,0,97,0,97,0
robust,jiang_massdep_baseline_270,jiang_massdep_baseline,270,11,104,0,OK,97,0,0,609.3488888888888,448.23777777777775,3.727777777777778,30,786,52.91,97,0,97,0,97,0
robust,jiang_massdep_baseline_270,jiang_massdep_baseline,270,11,105,0,OK,97,0,0,524.36,407.98777777777775,2.8605555555555555,21,786,39.35,97,0,97,0,97,0
robust,jiang_massdep_baseline_270,jiang_massdep_baseline,270,11,106,0,OK,97,0,0,578.6188888888889,445.1277777777778,0.4752777777777778,24,786,40.0,97,0,97,0,97,0
robust,jiang_massdep_baseline_270,jiang_massdep_baseline,270,11,107,0,OK,97,0,0,539.1444444444444,411.0933333333333,3.3269444444444445,24,786,33.28,97,0,97,0,97,0
robust,jiang_massdep_baseline_270,jiang_massdep_baseline,270,11,108,0,OK,97,0,0,563.4322222222222,430.04333333333335,3.9455555555555555,25,786,32.32,97,0,97,0,97,0
robust,jiang_massdep_baseline_270,jiang_massdep_baseline,270,11,109,0,OK,97,0,0,554.7066666666667,422.99111111111114,1.285,26,786,47.06,97,0,97,0,97,0
robust,jiang_massdep_baseline_270,jiang_massdep_baseline,270,11,110,0,OK,97,0,0,588.3088888888889,440.22555555555556,3.0302777777777776,28,786,30.62,97,0,97,0,97,0
robust,jiang_massdep_baseline_270,jiang_massdep_baseline,270,11,111,0,OK,97,0,0,586.7688888888889,441.1477777777778,3.7066666666666666,27,786,49.04,97,0,97,0,97,0
robust,jiang_massdep_baseline_270,jiang_massdep_baseline,270,11,112,0,OK,97,0,0,646.5433333333333,473.53222222222223,3.2669444444444444,31,786,56.55,97,0,97,0,97,0
robust,jiang_massdep_baseline_270,jiang_massdep_baseline,270,11,113,0,OK,97,0,0,584.2677777777777,444.58444444444444,3.5547222222222223,26,786,39.18,97,0,97,0,97,0
robust,jiang_massdep_baseline_270,jiang_massdep_baseline,270,11,114,0,OK,97,0,0,603.4911111111111,450.8566666666667,1.1494444444444445,28,786,49.34,97,0,97,0,97,0
robust,jiang_massdep_baseline_270,jiang_massdep_baseline,270,11,115,0,OK,97,0,0,645.3522222222222,459.84444444444443,9.338611111111112,34,786,54.01,97,0,97,0,97,0
robust,jiang_massdep_baseline_270,jiang_massdep_baseline,270,11,116,0,OK,95,0,963,659.2111111111111,483.6311111111111,3.045,33,786,32.15,95,0,95,0,95,0
robust,jiang_massdep_baseline_270,jiang_massdep_baseline,270,11,117,0,OK,97,0,0,564.5977777777778,440.1933333333333,2.8233333333333333,23,786,33.02,97,0,97,0,97,0
robust,jiang_massdep_baseline_270,jiang_massdep_baseline,270,11,118,0,OK,97,0,0,638.1044444444444,468.2188888888889,0.855,31,786,34.97,97,0,97,0,97,0
robust,jiang_massdep_baseline_270,jiang_massdep_baseline,270,11,119,0,OK,97,0,0,644.2144444444444,479.6533333333333,4.733888888888889,30,786,51.77,97,0,97,0,97,0
robust,jiang_massdep_baseline_270,jiang_massdep_baseline,270,11,120,0,OK,97,0,0,576.2677777777777,434.98555555555555,4.239444444444445,26,786,48.03,97,0,97,0,97,0
robust,jiang_massdep_baseline_270,jiang_massdep_baseline,270,11,121,0,OK,97,0,0,463.3077777777778,395.6777777777778,2.1244444444444444,13,786,20.4,97,0,97,0,97,0
robust,jiang_massdep_baseline_270,jiang_massdep_baseline,270,11,122,0,OK,97,0,0,491.9011111111111,412.53333333333336,1.5216666666666667,15,786,34.83,97,0,97,0,97,0
robust,jiang_massdep_baseline_270,jiang_massdep_baseline,270,11,123,0,OK,97,0,0,576.6655555555556,436.8544444444444,1.9125,24,786,42.89,97,0,97,0,97,0
robust,jiang_massdep_baseline_270,jiang_massdep_baseline,270,11,124,0,OK,97,0,0,580.2822222222222,439.68888888888887,1.3586111111111112,25,786,40.09,97,0,97,0,97,0
robust,jiang_massdep_baseline_270,jiang_massdep_baseline,270,11,125,0,OK,94,0,5904,703.6155555555556,485.1777777777778,9.991111111111111,42,786,49.96,92,0,92,0,93,0
robust,jiang_massdep_baseline_270,jiang_massdep_baseline,270,11,126,0,OK,97,0,0,623.2477777777777,449.5722222222222,7.048055555555556,32,786,49.28,97,0,97,0,97,0
robust,jiang_massdep_baseline_270,jiang_massdep_baseline,270,11,127,0,OK,97,0,0,578.9255555555555,448.68888888888887,2.0661111111111112,23,786,42.77,97,0,97,0,97,0
robust,jiang_massdep_baseline_270,jiang_massdep_baseline,270,11,128,0,OK,97,0,0,537.0622222222222,407.25888888888886,1.1533333333333333,25,786,44.38,97,0,97,0,97,0
robust,jiang_massdep_baseline_270,jiang_massdep_baseline,270,11,129,0,OK,97,0,0,537.9088888888889,415.87,1.6647222222222222,23,786,32.98,97,0,97,0,97,0
robust,jiang_massdep_baseline_270,jiang_massdep_baseline,270,11,130,0,OK,97,0,0,615.4188888888889,451.8233333333333,2.2744444444444443,30,786,44.21,97,0,97,0,97,0
robust,jiang_massdep_baseline_270,jiang_massdep_baseline,270,12,101,0,OK,97,0,0,590.3455555555555,440.6122222222222,1.9466666666666668,27,786,33.81,97,0,97,0,97,0
robust,jiang_massdep_baseline_270,jiang_massdep_baseline,270,12,102,0,OK,97,0,0,620.8711111111111,457.56333333333333,3.6980555555555554,31,786,31.33,97,0,97,0,97,0
robust,jiang_massdep_baseline_270,jiang_massdep_baseline,270,12,103,0,OK,97,0,0,606.6055555555556,444.70444444444445,3.857222222222222,30,786,29.41,97,0,97,0,97,0
robust,jiang_massdep_baseline_270,jiang_massdep_baseline,270,12,104,0,OK,97,0,0,604.7922222222222,443.68111111111114,3.205,30,786,30.46,97,0,97,0,97,0
robust,jiang_massdep_baseline_270,jiang_massdep_baseline,270,12,105,0,OK,97,0,0,523.6977777777778,407.3255555555556,3.8025,21,786,27.6,97,0,97,0,97,0
robust,jiang_massdep_baseline_270,jiang_massdep_baseline,270,12,106,0,OK,97,0,0,571.7488888888889,438.2577777777778,0.7930555555555555,24,786,31.76,97,0,97,0,97,0
robust,jiang_massdep_baseline_270,jiang_massdep_baseline,270,12,107,0,OK,97,0,0,533.9344444444445,405.8833333333333,1.9641666666666666,24,786,28.14,97,0,97,0,97,0
robust,jiang_massdep_baseline_270,jiang_massdep_baseline,270,12,108,0,OK,97,0,0,560.4844444444444,427.09555555555556,3.8255555555555554,25,786,26.99,97,0,97,0,97,0
robust,jiang_massdep_baseline_270,jiang_massdep_baseline,270,12,109,0,OK,97,0,0,551.08,419.3644444444444,0.8469444444444445,26,786,34.26,97,0,97,0,97,0
robust,jiang_massdep_baseline_270,jiang_massdep_baseline,270,12,110,0,OK,97,0,0,583.1077777777778,435.02444444444444,1.4436111111111112,28,786,34.91,97,0,97,0,97,0
robust,jiang_massdep_baseline_270,jiang_massdep_baseline,270,12,111,0,OK,97,0,0,581.7933333333333,436.1722222222222,1.7783333333333333,27,786,35.72,97,0,97,0,97,0
robust,jiang_massdep_baseline_270,jiang_massdep_baseline,270,12,112,0,OK,97,0,0,642.5655555555555,469.55444444444447,3.655,31,786,40.38,97,0,97,0,97,0
robust,jiang_massdep_baseline_270,jiang_massdep_baseline,270,12,113,0,OK,97,0,0,580.0688888888889,440.3855555555556,2.334722222222222,26,786,32.0,97,0,97,0,97,0
robust,jiang_massdep_baseline_270,jiang_massdep_baseline,270,12,114,0,OK,97,0,0,599.1711111111111,446.5366666666667,1.5533333333333332,28,786,27.24,97,0,97,0,97,0
robust,jiang_massdep_baseline_270,jiang_massdep_baseline,270,12,115,0,OK,97,0,0,642.8944444444444,457.38666666666666,8.231388888888889,34,786,39.68,97,0,97,0,97,0
robust,jiang_massdep_baseline_270,jiang_massdep_baseline,270,12,116,0,OK,96,0,963,645.4755555555555,469.8955555555556,3.4294444444444445,33,786,35.2,96,0,96,0,96,0
robust,jiang_massdep_baseline_270,jiang_massdep_baseline,270,12,117,0,OK,97,0,0,562.8666666666667,438.46222222222224,2.5522222222222224,23,786,33.19,97,0,97,0,97,0
robust,jiang_massdep_baseline_270,jiang_massdep_baseline,270,12,118,0,OK,97,0,0,627.24,457.3544444444444,0.425,31,786,36.59,97,0,97,0,97,0
robust,jiang_massdep_baseline_270,jiang_massdep_baseline,270,12,119,0,OK,97,0,0,630.8533333333334,466.2922222222222,2.5147222222222223,30,786,38.9,97,0,97,0,97,0
robust,jiang_massdep_baseline_270,jiang_massdep_baseline,270,12,120,0,OK,97,0,0,572.2288888888888,430.94666666666666,4.383333333333334,26,786,34.82,97,0,97,0,97,0
robust,jiang_massdep_baseline_270,jiang_massdep_baseline,270,12,121,0,OK,97,0,0,463.24666666666667,395.6166666666667,2.4675,13,786,23.6,97,0,97,0,97,0
robust,jiang_massdep_baseline_270,jiang_massdep_baseline,270,12,122,0,OK,97,0,0,491.0155555555556,411.6477777777778,1.1952777777777779,15,786,20.83,97,0,97,0,97,0
robust,jiang_massdep_baseline_270,jiang_massdep_baseline,270,12,123,0,OK,97,0,0,575.6622222222222,435.8511111111111,1.6825,24,786,34.51,97,0,97,0,97,0
robust,jiang_massdep_baseline_270,jiang_massdep_baseline,270,12,124,0,OK,97,0,0,577.8577777777778,437.26444444444445,1.903888888888889,25,786,32.55,97,0,97,0,97,0
robust,jiang_massdep_baseline_270,jiang_massdep_baseline,270,12,125,0,OK,97,0,0,699.2522222222223,480.81444444444446,5.033333333333333,42,786,38.83,97,0,97,0,97,0
robust,jiang_massdep_baseline_270,jiang_massdep_baseline,270,12,126,0,OK,97,0,0,616.2288888888888,442.55333333333334,7.1883333333333335,32,786,37.31,97,0,97,0,97,0
robust,jiang_massdep_baseline_270,jiang_massdep_baseline,270,12,127,0,OK,97,0,0,573.1644444444445,442.9277777777778,1.23,23,786,30.24,97,0,97,0,97,0
robust,jiang_massdep_baseline_270,jiang_massdep_baseline,270,12,128,0,OK,97,0,0,534.2677777777777,404.46444444444444,1.568888888888889,25,786,34.48,97,0,97,0,97,0
robust,jiang_massdep_baseline_270,jiang_massdep_baseline,270,12,129,0,OK,97,0,0,534.3411111111111,412.3022222222222,0.5891666666666666,23,786,28.67,97,0,97,0,97,0
robust,jiang_massdep_baseline_270,jiang_massdep_baseline,270,12,130,0,OK,97,0,0,609.6011111111111,446.00555555555553,0.6311111111111111,30,786,35.02,97,0,97,0,97,0
robust,jiang_massdep_baseline_270,jiang_massdep_baseline,270,13,101,0,OK,97,0,0,586.6266666666667,436.8933333333333,1.1575,27,786,22.1,97,0,97,0,97,0
robust,jiang_massdep_baseline_270,jiang_massdep_baseline,270,13,102,0,OK,97,0,0,617.0744444444445,453.76666666666665,5.038055555555555,31,786,23.64,97,0,97,0,97,0
robust,jiang_massdep_baseline_270,jiang_massdep_baseline,270,13,103,0,OK,97,0,0,603.1822222222222,441.2811111111111,2.595,30,786,25.89,97,0,97,0,97,0
robust,jiang_massdep_baseline_270,jiang_massdep_baseline,270,13,104,0,OK,97,0,0,601.7666666666667,440.65555555555557,3.088888888888889,30,786,27.47,97,0,97,0,97,0
robust,jiang_massdep_baseline_270,jiang_massdep_baseline,270,13,105,0,OK,97,0,0,521.9888888888889,405.6166666666667,1.8586111111111112,21,786,21.21,97,0,97,0,97,0
robust,jiang_massdep_baseline_270,jiang_massdep_baseline,270,13,106,0,OK,97,0,0,569.9522222222222,436.4611111111111,0.9438888888888889,24,786,20.69,97,0,97,0,97,0
robust,jiang_massdep_baseline_270,jiang_massdep_baseline,270,13,107,0,OK,97,0,0,532.0577777777778,404.00666666666666,2.5077777777777777,24,786,20.78,97,0,97,0,97,0
robust,jiang_massdep_baseline_270,jiang_massdep_baseline,270,13,108,0,OK,97,0,0,558.64,425.25111111111113,3.473888888888889,25,786,23.51,97,0,97,0,97,0
robust,jiang_massdep_baseline_270,jiang_massdep_baseline,270,13,109,0,OK,97,0,0,548.7588888888889,417.04333333333335,0.5375,26,786,24.44,97,0,97,0,97,0
robust,jiang_massdep_baseline_270,jiang_massdep_baseline,270,13,110,0,OK,97,0,0,581.0088888888889,432.92555555555555,1.7791666666666666,28,786,22.89,97,0,97,0,97,0
robust,jiang_massdep_baseline_270,jiang_massdep_baseline,270,13,111,0,OK,97,0,0,579.2911111111111,433.67,1.7166666666666666,27,786,23.62,97,0,97,0,97,0
robust,jiang_massdep_baseline_270,jiang_massdep_baseline,270,13,112,0,OK,97,0,0,637.3422222222222,464.3311111111111,2.7983333333333333,31,786,22.89,97,0,97,0,97,0
robust,jiang_massdep_baseline_270,jiang_massdep_baseline,270,13,113,0,OK,97,0,0,577.4244444444445,437.74111111111114,2.86,26,786,21.75,97,0,97,0,97,0
robust,jiang_massdep_baseline_270,jiang_massdep_baseline,270,13,114,0,OK,97,0,0,594.9711111111111,442.33666666666664,2.2422222222222223,28,786,25.3,97,0,97,0,97,0
robust,jiang_massdep_baseline_270,jiang_massdep_baseline,270,13,115,0,OK,97,0,0,638.6611111111112,453.1533333333333,5.725,34,786,26.13,97,0,97,0,97,0
robust,jiang_massdep_baseline_270,jiang_massdep_baseline,270,13,116,0,OK,96,0,77,635.1733333333333,459.5933333333333,2.6422222222222222,33,786,26.84,96,0,96,0,96,0
robust,jiang_massdep_baseline_270,jiang_massdep_baseline,270,13,117,0,OK,97,0,0,559.9388888888889,435.53444444444443,3.605277777777778,23,786,22.22,97,0,97,0,97,0
robust,jiang_massdep_baseline_270,jiang_massdep_baseline,270,13,118,0,OK,97,0,0,621.81,451.9244444444444,2.5966666666666667,31,786,24.3,97,0,97,0,97,0
robust,jiang_massdep_baseline_270,jiang_massdep_baseline,270,13,119,0,OK,97,0,0,626.9844444444444,462.42333333333335,2.794722222222222,30,786,23.09,97,0,97,0,97,0
robust,jiang_massdep_baseline_270,jiang_massdep_baseline,270,13,120,0,OK,97,0,0,570.5144444444444,429.2322222222222,3.1094444444444442,26,786,23.48,97,0,97,0,97,0
robust,jiang_massdep_baseline_270,jiang_massdep_baseline,270,13,121,0,OK,97,0,0,461.62333333333333,393.99333333333334,0.2841666666666667,13,786,16.84,97,0,97,0,97,0
robust,jiang_massdep_baseline_270,jiang_massdep_baseline,270,13,122,0,OK,97,0,0,489.95,410.58222222222224,2.046388888888889,15,786,14.92,97,0,97,0,97,0
robust,jiang_massdep_baseline_270,jiang_massdep_baseline,270,13,123,0,OK,97,0,0,573.0855555555555,433.27444444444444,0.1272222222222222,24,786,17.21,97,0,97,0,97,0
robust,jiang_massdep_baseline_270,jiang_massdep_baseline,270,13,124,0,OK,97,0,0,575.66,435.06666666666666,1.7947222222222223,25,786,23.31,97,0,97,0,97,0
robust,jiang_massdep_baseline_270,jiang_massdep_baseline,270,13,125,0,OK,97,0,0,682.2788888888889,463.8411111111111,6.651388888888889,42,786,29.91,97,0,97,0,97,0
robust,jiang_massdep_baseline_270,jiang_massdep_baseline,270,13,126,0,OK,97,0,0,612.5011111111111,438.8255555555556,5.6433333333333335,32,786,20.68,97,0,97,0,97,0
robust,jiang_massdep_baseline_270,jiang_massdep_baseline,270,13,127,0,OK,97,0,0,570.8211111111111,440.58444444444444,2.4186111111111113,23,786,15.91,97,0,97,0,97,0
robust,jiang_massdep_baseline_270,jiang_massdep_baseline,270,13,128,0,OK,97,0,0,531.9866666666667,402.18333333333334,1.5241666666666667,25,786,20.7,97,0,97,0,97,0
robust,jiang_massdep_baseline_270,jiang_massdep_baseline,270,13,129,0,OK,97,0,0,532.6766666666666,410.6377777777778,0.9205555555555556,23,786,21.17,97,0,97,0,97,0
robust,jiang_massdep_baseline_270,jiang_massdep_baseline,270,13,130,0,OK,97,0,0,606.6822222222222,443.08666666666664,1.6544444444444444,30,786,26.73,97,0,97,0,97,0
robust,jiang_massdep_baseline_300,jiang_massdep_baseline,300,10,101,0,OK,97,0,0,517.4077777777778,430.5188888888889,1.5502777777777779,15,786,26.14,97,0,97,0,97,0
robust,jiang_massdep_baseline_300,jiang_massdep_baseline,300,10,102,0,OK,97,0,0,498.74111111111114,431.1666666666667,1.5869444444444445,12,786,27.8,97,0,97,0,97,0
robust,jiang_massdep_baseline_300,jiang_massdep_baseline,300,10,103,0,OK,97,0,0,517.5622222222222,430.4377777777778,2.2530555555555556,15,786,19.81,97,0,97,0,97,0
robust,jiang_massdep_baseline_300,jiang_massdep_baseline,300,10,104,0,OK,97,0,0,500.6933333333333,424.3855555555556,2.234166666666667,13,786,23.98,97,0,97,0,97,0
robust,jiang_massdep_baseline_300,jiang_massdep_baseline,300,10,105,0,OK,97,0,0,455.1877777777778,397.1788888888889,3.7225,11,786,22.02,97,0,97,0,97,0
robust,jiang_massdep_baseline_300,jiang_massdep_baseline,300,10,106,0,OK,97,0,0,493.2711111111111,429.02666666666664,0.7313888888888889,11,786,24.0,97,0,97,0,97,0
robust,jiang_massdep_baseline_300,jiang_massdep_baseline,300,10,107,0,OK,97,0,0,440.5788888888889,391.9033333333333,1.6458333333333333,9,786,22.21,97,0,97,0,97,0
robust,jiang_massdep_baseline_300,jiang_massdep_baseline,300,10,108,0,OK,97,0,0,461.84777777777776,410.6044444444444,1.5325,9,786,23.0,97,0,97,0,97,0
robust,jiang_massdep_baseline_300,jiang_massdep_baseline,300,10,109,0,OK,97,0,0,481.36555555555555,408.5422222222222,1.4191666666666667,14,786,24.43,97,0,97,0,97,0
robust,jiang_massdep_baseline_300,jiang_massdep_baseline,300,10,110,0,OK,97,0,0,457.07666666666665,413.1,0.6705555555555556,8,786,20.46,97,0,97,0,97,0
robust,jiang_massdep_baseline_300,jiang_massdep_baseline,300,10,111,0,OK,97,0,0,487.6088888888889,423.33444444444444,2.0477777777777777,11,786,23.47,97,0,97,0,97,0
robust,jiang_massdep_baseline_300,jiang_massdep_baseline,300,10,112,0,OK,97,0,0,516.8366666666667,445.8377777777778,1.8183333333333334,12,786,23.9,97,0,97,0,97,0
robust,jiang_massdep_baseline_300,jiang_massdep_baseline,300,10,113,0,OK,97,0,0,484.81333333333333,422.4633333333333,2.638888888888889,11,786,22.51,97,0,97,0,97,0
robust,jiang_massdep_baseline_300,jiang_massdep_baseline,300,10,114,0,OK,97,0,0,503.71,429.8811111111111,0.8811111111111111,13,786,23.18,97,0,97,0,97,0
robust,jiang_massdep_baseline_300,jiang_massdep_baseline,300,10,115,0,OK,97,0,0,595.1977777777778,454.9611111111111,7.418611111111111,25,786,33.7,97,0,97,0,97,0
robust,jiang_massdep_baseline_300,jiang_massdep_baseline,300,10,116,0,OK,96,0,151,520.4077777777778,442.2688888888889,2.4158333333333335,14,786,22.36,96,0,96,0,96,0
robust,jiang_massdep_baseline_300,jiang_massdep_baseline,300,10,117,0,OK,97,0,0,467.98555555555555,422.7911111111111,0.835,8,786,20.66,97,0,97,0,97,0
robust,jiang_massdep_baseline_300,jiang_massdep_baseline,300,10,118,0,OK,97,0,0,547.4477777777778,445.8977777777778,1.8511111111111112,18,786,25.01,97,0,97,0,97,0
robust,jiang_massdep_baseline_300,jiang_massdep_baseline,300,10,119,0,OK,97,0,0,532.6755555555555,448.12,3.0369444444444444,15,786,25.75,97,0,97,0,97,0
robust,jiang_massdep_baseline_300,jiang_massdep_baseline,300,10,120,0,OK,97,0,0,518.7766666666666,426.0388888888889,2.8941666666666666,16,786,26.22,97,0,97,0,97,0
robust,jiang_massdep_baseline_300,jiang_massdep_baseline,300,10,121,0,OK,97,0,0,410.8988888888889,386.2688888888889,2.6258333333333335,4,786,15.43,97,0,97,0,97,0
robust,jiang_massdep_baseline_300,jiang_massdep_baseline,300,10,122,0,OK,97,0,0,442.00333333333333,403.41,1.4441666666666666,7,786,21.3,97,0,97,0,97,0
robust,jiang_massdep_baseline_300,jiang_massdep_baseline,300,10,123,0,OK,97,0,0,476.4088888888889,418.8544444444444,2.3027777777777776,9,786,20.74,97,0,97,0,97,0
robust,jiang_massdep_baseline_300,jiang_massdep_baseline,300,10,124,0,OK,97,0,0,506.3233333333333,424.56111111111113,2.748611111111111,14,786,21.58,97,0,97,0,97,0
robust,jiang_massdep_baseline_300,jiang_massdep_baseline,300,10,125,0,OK,97,0,0,555.8955555555556,445.71444444444444,2.8741666666666665,20,786,26.51,97,0,97,0,97,0
robust,jiang_massdep_baseline_300,jiang_massdep_baseline,300,10,126,0,OK,97,0,0,454.0677777777778,412.06444444444446,1.6052777777777778,7,786,18.84,97,0,97,0,97,0
robust,jiang_massdep_baseline_300,jiang_massdep_baseline,300,10,127,0,OK,97,0,0,502.87333333333333,430.75888888888886,1.5008333333333332,12,786,23.71,97,0,97,0,97,0
robust,jiang_massdep_baseline_300,jiang_massdep_baseline,300,10,128,0,OK,97,0,0,448.12888888888887,391.34222222222223,2.0875,10,786,20.14,97,0,97,0,97,0
robust,jiang_massdep_baseline_300,jiang_massdep_baseline,300,10,129,0,OK,97,0,0,444.69444444444446,399.9511111111111,1.4225,8,786,20.54,97,0,97,0,97,0
robust,jiang_massdep_baseline_300,jiang_massdep_baseline,300,10,130,0,OK,97,0,0,502.02222222222224,428.0622222222222,1.5727777777777778,13,786,22.26,97,0,97,0,97,0
robust,jiang_massdep_baseline_300,jiang_massdep_baseline,300,11,101,0,OK,97,0,0,514.8244444444445,427.93555555555554,1.5405555555555555,15,786,33.98,97,0,97,0,97,0
robust,jiang_massdep_baseline_300,jiang_massdep_baseline,300,11,102,0,OK,97,0,0,498.37888888888887,430.80444444444447,1.693888888888889,12,786,18.98,97,0,97,0,97,0
robust,jiang_massdep_baseline_300,jiang_massdep_baseline,300,11,103,0,OK,97,0,0,512.2044444444444,425.08,0.7555555555555555,15,786,27.37,97,0,97,0,97,0
robust,jiang_massdep_baseline_300,jiang_massdep_baseline,300,11,104,0,OK,97,0,0,500.41333333333336,424.10555555555555,1.7438888888888888,13,786,22.38,97,0,97,0,97,0
robust,jiang_massdep_baseline_300,jiang_massdep_baseline,300,11,105,0,OK,97,0,0,452.94,394.93111111111114,1.1977777777777778,11,786,23.25,97,0,97,0,97,0
robust,jiang_massdep_baseline_300,jiang_massdep_baseline,300,11,106,0,OK,97,0,0,489.7266666666667,425.4822222222222,1.6433333333333333,11,786,27.28,97,0,97,0,97,0
robust,jiang_massdep_baseline_300,jiang_massdep_baseline,300,11,107,0,OK,97,0,0,439.61,390.93444444444447,1.7977777777777777,9,786,26.69,97,0,97,0,97,0
robust,jiang_massdep_baseline_300,jiang_massdep_baseline,300,11,108,0,OK,97,0,0,459.9066666666667,408.66333333333336,2.0825,9,786,20.73,97,0,97,0,97,0
robust,jiang_massdep_baseline_300,jiang_massdep_baseline,300,11,109,0,OK,97,0,0,479.8811111111111,407.0577777777778,0.0,14,786,36.3,97,0,97,0,97,0
robust,jiang_massdep_baseline_300,jiang_massdep_baseline,300,11,110,0,OK,97,0,0,455.5133333333333,411.5366666666667,0.9525,8,786,22.26,97,0,97,0,97,0
robust,jiang_massdep_baseline_300,jiang_massdep_baseline,300,11,111,0,OK,97,0,0,486.12555555555554,421.8511111111111,3.4452777777777777,11,786,29.69,97,0,97,0,97,0
robust,jiang_massdep_baseline_300,jiang_massdep_baseline,300,11,112,0,OK,97,0,0,514.9811111111111,443.9822222222222,1.69,12,786,28.74,97,0,97,0,97,0
robust,jiang_massdep_baseline_300,jiang_massdep_baseline,300,11,113,0,OK,97,0,0,482.55,420.2,3.0575,11,786,28.67,97,0,97,0,97,0
robust,jiang_massdep_baseline_300,jiang_massdep_baseline,300,11,114,0,OK,97,0,0,501.37333333333333,427.5444444444444,0.6455555555555555,13,786,29.08,97,0,97,0,97,0
robust,jiang_massdep_baseline_300,jiang_massdep_baseline,300,11,115,0,OK,97,0,0,586.0877777777778,445.8511111111111,4.371666666666667,25,786,44.16,97,0,97,0,97,0
robust,jiang_massdep_baseline_300,jiang_massdep_baseline,300,11,116,0,OK,97,0,0,514.4177777777778,436.2788888888889,1.7277777777777779,14,786,27.15,97,0,97,0,97,0
robust,jiang_massdep_baseline_300,jiang_massdep_baseline,300,11,117,0,OK,97,0,0,465.81555555555553,420.62111111111113,2.5194444444444444,8,786,30.09,97,0,97,0,97,0
robust,jiang_massdep_baseline_300,jiang_massdep_baseline,300,11,118,0,OK,97,0,0,540.2122222222222,438.6622222222222,2.2511111111111113,18,786,39.06,97,0,97,0,97,0
robust,jiang_massdep_baseline_300,jiang_massdep_baseline,300,11,119,0,OK,97,0,0,530.3211111111111,445.7655555555556,1.7997222222222222,15,786,27.93,97,0,97,0,97,0
robust,jiang_massdep_baseline_300,jiang_massdep_baseline,300,11,120,0,OK,97,0,0,514.19,421.45222222222225,2.4627777777777777,16,786,30.77,97,0,97,0,97,0
robust,jiang_massdep_baseline_300,jiang_massdep_baseline,300,11,121,0,OK,97,0,0,410.8466666666667,386.21666666666664,2.3255555555555554,4,786,15.39,97,0,97,0,97,0
robust,jiang_massdep_baseline_300,jiang_massdep_baseline,300,11,122,0,OK,97,0,0,439.0577777777778,400.46444444444444,1.4441666666666666,7,786,21.31,97,0,97,0,97,0
robust,jiang_massdep_baseline_300,jiang_massdep_baseline,300,11,123,0,OK,97,0,0,474.31444444444446,416.76,1.1527777777777777,9,786,26.25,97,0,97,0,97,0
robust,jiang_massdep_baseline_300,jiang_massdep_baseline,300,11,124,0,OK,97,0,0,503.5,421.73777777777775,1.4572222222222222,14,786,34.58,97,0,97,0,97,0
robust,jiang_massdep_baseline_300,jiang_massdep_baseline,300,11,125,0,OK,97,0,0,549.2522222222223,439.0711111111111,4.571111111111111,20,786,40.62,97,0,97,0,97,0
robust,jiang_massdep_baseline_300,jiang_massdep_baseline,300,11,126,0,OK,97,0,0,453.03555555555556,411.03222222222223,1.628611111111111,7,786,27.18,97,0,97,0,97,0
robust,jiang_massdep_baseline_300,jiang_massdep_baseline,300,11,127,0,OK,97,0,0,500.7211111111111,428.6066666666667,1.2491666666666668,12,786,28.92,97,0,97,0,97,0
robust,jiang_massdep_baseline_300,jiang_massdep_baseline,300,11,128,0,OK,97,0,0,446.8222222222222,390.03555555555556,1.6952777777777779,10,786,17.37,97,0,97,0,97,0
robust,jiang_massdep_baseline_300,jiang_massdep_baseline,300,11,129,0,OK,97,0,0,442.69666666666666,397.9533333333333,1.6222222222222222,8,786,18.51,97,0,97,0,97,0
robust,jiang_massdep_baseline_300,jiang_massdep_baseline,300,11,130,0,OK,97,0,0,498.68111111111114,424.7211111111111,1.11,13,786,34.38,97,0,97,0,97,0
robust,jiang_massdep_baseline_300,jiang_massdep_baseline,300,12,101,0,OK,97,0,0,512.5444444444445,425.65555555555557,1.4538888888888888,15,786,17.03,97,0,97,0,97,0
robust,jiang_massdep_baseline_300,jiang_massdep_baseline,300,12,102,0,OK,97,0,0,497.4766666666667,429.90222222222224,3.2397222222222224,12,786,17.41,97,0,97,0,97,0
robust,jiang_massdep_baseline_300,jiang_massdep_baseline,300,12,103,0,OK,97,0,0,510.94555555555553,423.8211111111111,1.39,15,786,17.56,97,0,97,0,97,0
robust,jiang_massdep_baseline_300,jiang_massdep_baseline,300,12,104,0,OK,97,0,0,497.84555555555556,421.53777777777776,1.9122222222222223,13,786,16.84,97,0,97,0,97,0
robust,jiang_massdep_baseline_300,jiang_massdep_baseline,300,12,105,0,OK,97,0,0,452.3955555555556,394.38666666666666,2.7666666666666666,11,786,16.89,97,0,97,0,97,0
robust,jiang_massdep_baseline_300,jiang_massdep_baseline,300,12,106,0,OK,97,0,0,488.2422222222222,423.9977777777778,0.26222222222222225,11,786,15.91,97,0,97,0,97,0
robust,jiang_massdep_baseline_300,jiang_massdep_baseline,300,12,107,0,OK,97,0,0,437.31666666666666,388.6411111111111,2.301111111111111,9,786,15.49,97,0,97,0,97,0
robust,jiang_massdep_baseline_300,jiang_massdep_baseline,300,12,108,0,OK,97,0,0,458.28444444444443,407.0411111111111,1.6869444444444444,9,786,14.81,97,0,97,0,97,0
robust,jiang_massdep_baseline_300,jiang_massdep_baseline,300,12,109,0,OK,97,0,0,478.29333333333335,405.47,0.7805555555555556,14,786,16.24,97,0,97,0,97,0
robust,jiang_massdep_baseline_300,jiang_massdep_baseline,300,12,110,0,OK,97,0,0,453.5422222222222,409.56555555555553,1.0119444444444445,8,786,14.9,97,0,97,0,97,0
robust,jiang_massdep_baseline_300,jiang_massdep_baseline,300,12,111,0,OK,97,0,0,483.9611111111111,419.68666666666667,2.4494444444444445,11,786,16.99,97,0,97,0,97,0
robust,jiang_massdep_baseline_300,jiang_massdep_baseline,300,12,112,0,OK,97,0,0,513.3,442.3011111111111,2.2205555555555554,12,786,17.71,97,0,97,0,97,0
robust,jiang_massdep_baseline_300,jiang_massdep_baseline,300,12,113,0,OK,97,0,0,481.34777777777776,418.9977777777778,2.5155555555555558,11,786,14.01,97,0,97,0,97,0
robust,jiang_massdep_baseline_300,jiang_massdep_baseline,300,12,114,0,OK,97,0,0,497.93555555555554,424.1066666666667,0.34833333333333333,13,786,16.54,97,0,97,0,97,0
robust,jiang_massdep_baseline_300,jiang_massdep_baseline,300,12,115,0,OK,97,0,0,583.7544444444444,443.5177777777778,3.825833333333333,25,786,22.8,97,0,97,0,97,0
robust,jiang_massdep_baseline_300,jiang_massdep_baseline,300,12,116,0,OK,97,0,0,512.2055555555555,434.06666666666666,1.041388888888889,14,786,19.1,97,0,97,0,97,0
robust,jiang_massdep_baseline_300,jiang_massdep_baseline,300,12,117,0,OK,97,0,0,465.3388888888889,420.14444444444445,2.7494444444444444,8,786,15.1,97,0,97,0,97,0
robust,jiang_massdep_baseline_300,jiang_massdep_baseline,300,12,118,0,OK,97,0,0,537.8411111111111,436.2911111111111,1.7530555555555556,18,786,21.9,97,0,97,0,97,0
robust,jiang_massdep_baseline_300,jiang_massdep_baseline,300,12,119,0,OK,97,0,0,526.8922222222222,442.33666666666664,0.32166666666666666,15,786,18.46,97,0,97,0,97,0
robust,jiang_massdep_baseline_300,jiang_massdep_baseline,300,12,120,0,OK,97,0,0,512.7233333333334,419.98555555555555,1.6080555555555556,16,786,20.1,97,0,97,0,97,0
robust,jiang_massdep_baseline_300,jiang_massdep_baseline,300,12,121,0,OK,97,0,0,409.9555555555556,385.3255555555556,2.3141666666666665,4,786,12.45,97,0,97,0,97,0
robust,jiang_massdep_baseline_300,jiang_massdep_baseline,300,12,122,0,OK,97,0,0,438.6911111111111,400.09777777777776,0.43194444444444446,7,786,14.12,97,0,97,0,97,0
robust,jiang_massdep_baseline_300,jiang_massdep_baseline,300,12,123,0,OK,97,0,0,472.9711111111111,415.4166666666667,0.19666666666666666,9,786,16.04,97,0,97,0,97,0
robust,jiang_massdep_baseline_300,jiang_massdep_baseline,300,12,124,0,OK,97,0,0,501.7888888888889,420.02666666666664,1.8755555555555556,14,786,15.48,97,0,97,0,97,0
robust,jiang_massdep_baseline_300,jiang_massdep_baseline,300,12,125,0,OK,97,0,0,546.0911111111111,435.91,3.1683333333333334,20,786,18.97,97,0,97,0,97,0
robust,jiang_massdep_baseline_300,jiang_massdep_baseline,300,12,126,0,OK,97,0,0,450.9277777777778,408.9244444444444,2.368888888888889,7,786,13.96,97,0,97,0,97,0
robust,jiang_massdep_baseline_300,jiang_massdep_baseline,300,12,127,0,OK,97,0,0,500.12888888888887,428.01444444444445,1.2491666666666668,12,786,17.13,97,0,97,0,97,0
robust,jiang_massdep_baseline_300,jiang_massdep_baseline,300,12,128,0,OK,97,0,0,445.65777777777777,388.87111111111113,0.7552777777777778,10,786,14.73,97,0,97,0,97,0
robust,jiang_massdep_baseline_300,jiang_massdep_baseline,300,12,129,0,OK,97,0,0,440.23555555555555,395.4922222222222,0.7486111111111111,8,786,13.85,97,0,97,0,97,0
robust,jiang_massdep_baseline_300,jiang_massdep_baseline,300,12,130,0,OK,97,0,0,496.8677777777778,422.90777777777777,1.785,13,786,13.18,97,0,97,0,97,0
robust,jiang_massdep_baseline_325,jiang_massdep_baseline,325,10,101,0,OK,97,0,0,495.67,425.00111111111113,1.18,12,786,21.93,97,0,97,0,97,0
robust,jiang_massdep_baseline_325,jiang_massdep_baseline,325,10,102,0,OK,97,0,0,478.4433333333333,427.3377777777778,1.8816666666666666,9,786,23.56,97,0,97,0,97,0
robust,jiang_massdep_baseline_325,jiang_massdep_baseline,325,10,103,0,OK,97,0,0,486.48555555555555,421.32,1.4575,11,786,22.79,97,0,97,0,97,0
robust,jiang_massdep_baseline_325,jiang_massdep_baseline,325,10,104,0,OK,97,0,0,487.53555555555556,422.46444444444444,2.625277777777778,11,786,20.35,97,0,97,0,97,0
robust,jiang_massdep_baseline_325,jiang_massdep_baseline,325,10,105,0,OK,97,0,0,448.97555555555556,396.25444444444446,2.359722222222222,10,786,17.8,97,0,97,0,97,0
robust,jiang_massdep_baseline_325,jiang_massdep_baseline,325,10,106,0,OK,97,0,0,465.00555555555553,419.6166666666667,1.2405555555555556,8,786,21.43,97,0,97,0,97,0
robust,jiang_massdep_baseline_325,jiang_massdep_baseline,325,10,107,0,OK,97,0,0,432.4588888888889,389.29333333333335,1.8794444444444445,8,786,21.84,97,0,97,0,97,0
robust,jiang_massdep_baseline_325,jiang_massdep_baseline,325,10,108,0,OK,97,0,0,461.84777777777776,410.6044444444444,1.5325,9,786,20.21,97,0,97,0,97,0
robust,jiang_massdep_baseline_325,jiang_massdep_baseline,325,10,109,0,OK,97,0,0,463.04,404.3011111111111,1.1316666666666666,11,786,22.0,97,0,97,0,97,0
robust,jiang_massdep_baseline_325,jiang_massdep_baseline,325,10,110,0,OK,97,0,0,427.7911111111111,405.9477777777778,1.2316666666666667,4,786,19.02,97,0,97,0,97,0
robust,jiang_massdep_baseline_325,jiang_massdep_baseline,325,10,111,0,OK,97,0,0,477.09555555555556,419.3677777777778,3.4902777777777776,10,786,20.28,97,0,97,0,97,0
robust,jiang_massdep_baseline_325,jiang_massdep_baseline,325,10,112,0,OK,97,0,0,490.18,440.79777777777775,1.653888888888889,8,786,22.0,97,0,97,0,97,0
robust,jiang_massdep_baseline_325,jiang_massdep_baseline,325,10,113,0,OK,97,0,0,478.3511111111111,421.09222222222223,2.638888888888889,10,786,19.74,97,0,97,0,97,0
robust,jiang_massdep_baseline_325,jiang_massdep_baseline,325,10,114,0,OK,97,0,0,488.7688888888889,425.17333333333335,1.4922222222222221,11,786,24.84,97,0,97,0,97,0
robust,jiang_massdep_baseline_325,jiang_massdep_baseline,325,10,115,0,OK,97,0,0,565.7855555555556,445.65,6.5525,21,786,26.2,97,0,97,0,97,0
robust,jiang_massdep_baseline_325,jiang_massdep_baseline,325,10,116,0,OK,97,0,0,496.85,434.35,3.385,11,786,22.96,97,0,97,0,97,0
robust,jiang_massdep_baseline_325,jiang_massdep_baseline,325,10,117,0,OK,97,0,0,460.46555555555557,420.2422222222222,2.9105555555555553,7,786,19.13,97,0,97,0,97,0
robust,jiang_massdep_baseline_325,jiang_massdep_baseline,325,10,118,0,OK,97,0,0,509.53333333333336,433.61555555555555,0.9641666666666666,13,786,20.32,97,0,97,0,97,0
robust,jiang_massdep_baseline_325,jiang_massdep_baseline,325,10,119,0,OK,97,0,0,516.5477777777778,443.1533333333333,1.7880555555555555,13,786,27.44,97,0,97,0,97,0
robust,jiang_massdep_baseline_325,jiang_massdep_baseline,325,10,120,0,OK,97,0,0,488.86333333333334,418.46,2.2625,12,786,22.33,97,0,97,0,97,0
robust,jiang_massdep_baseline_325,jiang_massdep_baseline,325,10,121,0,OK,97,0,0,410.8988888888889,386.2688888888889,2.6258333333333335,4,786,19.08,97,0,97,0,97,0
robust,jiang_massdep_baseline_325,jiang_massdep_baseline,325,10,122,0,OK,97,0,0,427.69666666666666,400.79333333333335,2.1658333333333335,5,786,20.76,97,0,97,0,97,0
robust,jiang_massdep_baseline_325,jiang_massdep_baseline,325,10,123,0,OK,97,0,0,467.5577777777778,416.4477777777778,0.7594444444444445,8,786,19.84,97,0,97,0,97,0
robust,jiang_massdep_baseline_325,jiang_massdep_baseline,325,10,124,0,OK,97,0,0,477.6166666666667,418.1477777777778,1.9644444444444444,10,786,21.44,97,0,97,0,97,0
robust,jiang_massdep_baseline_325,jiang_massdep_baseline,325,10,125,0,OK,97,0,0,495.96222222222224,427.97333333333336,2.9338888888888888,12,786,21.69,97,0,97,0,97,0
robust,jiang_massdep_baseline_325,jiang_massdep_baseline,325,10,126,0,OK,97,0,0,454.0677777777778,412.06444444444446,1.6052777777777778,7,786,20.19,97,0,97,0,97,0
robust,jiang_massdep_baseline_325,jiang_massdep_baseline,325,10,127,0,OK,97,0,0,491.3377777777778,429.4888888888889,2.5419444444444443,10,786,19.69,97,0,97,0,97,0
robust,jiang_massdep_baseline_325,jiang_massdep_baseline,325,10,128,0,OK,97,0,0,441.0966666666667,390.09777777777776,1.883888888888889,9,786,19.6,97,0,97,0,97,0
robust,jiang_massdep_baseline_325,jiang_massdep_baseline,325,10,129,0,OK,97,0,0,435.8777777777778,397.0211111111111,0.7855555555555556,7,786,19.12,97,0,97,0,97,0
robust,jiang_massdep_baseline_325,jiang_massdep_baseline,325,10,130,0,OK,97,0,0,472.00555555555553,421.1044444444444,1.5997222222222223,9,786,21.66,97,0,97,0,97,0
robust,jiang_massdep_baseline_325,jiang_massdep_baseline,325,11,101,0,OK,97,0,0,492.89444444444445,422.22555555555556,1.1905555555555556,12,786,19.58,97,0,97,0,97,0
robust,jiang_massdep_baseline_325,jiang_massdep_baseline,325,11,102,0,OK,97,0,0,478.4411111111111,427.3355555555556,0.6852777777777778,9,786,15.31,97,0,97,0,97,0
robust,jiang_massdep_baseline_325,jiang_massdep_baseline,325,11,103,0,OK,97,0,0,484.9222222222222,419.75666666666666,1.8694444444444445,11,786,16.46,97,0,97,0,97,0
robust,jiang_massdep_baseline_325,jiang_massdep_baseline,325,11,104,0,OK,97,0,0,485.8122222222222,420.74111111111114,2.5141666666666667,11,786,16.88,97,0,97,0,97,0
robust,jiang_massdep_baseline_325,jiang_massdep_baseline,325,11,105,0,OK,97,0,0,447.0311111111111,394.31,2.7327777777777778,10,786,15.32,97,0,97,0,97,0
robust,jiang_massdep_baseline_325,jiang_massdep_baseline,325,11,106,0,OK,97,0,0,464.90555555555557,419.51666666666665,0.9088888888888889,8,786,15.14,97,0,97,0,97,0
robust,jiang_massdep_baseline_325,jiang_massdep_baseline,325,11,107,0,OK,97,0,0,431.5733333333333,388.40777777777777,1.9858333333333333,8,786,13.44,97,0,97,0,97,0
robust,jiang_massdep_baseline_325,jiang_massdep_baseline,325,11,108,0,OK,97,0,0,459.9066666666667,408.66333333333336,2.0825,9,786,15.22,97,0,97,0,97,0
robust,jiang_massdep_baseline_325,jiang_massdep_baseline,325,11,109,0,OK,97,0,0,461.62333333333333,402.88444444444445,0.4925,11,786,17.83,97,0,97,0,97,0
robust,jiang_massdep_baseline_325,jiang_massdep_baseline,325,11,110,0,OK,97,0,0,427.2611111111111,405.41777777777776,0.6822222222222222,4,786,13.18,97,0,97,0,97,0
robust,jiang_massdep_baseline_325,jiang_massdep_baseline,325,11,111,0,OK,97,0,0,476.32666666666665,418.5988888888889,2.3269444444444445,10,786,16.12,97,0,97,0,97,0
robust,jiang_massdep_baseline_325,jiang_massdep_baseline,325,11,112,0,OK,97,0,0,488.2866666666667,438.90444444444444,2.0188888888888887,8,786,15.43,97,0,97,0,97,0
robust,jiang_massdep_baseline_325,jiang_massdep_baseline,325,11,113,0,OK,97,0,0,475.6533333333333,418.39444444444445,2.5155555555555558,10,786,16.81,97,0,97,0,97,0
robust,jiang_massdep_baseline_325,jiang_massdep_baseline,325,11,114,0,OK,97,0,0,486.8233333333333,423.22777777777776,0.43666666666666665,11,786,15.88,97,0,97,0,97,0
robust,jiang_massdep_baseline_325,jiang_massdep_baseline,325,11,115,0,OK,97,0,0,562.0088888888889,441.87333333333333,5.903333333333333,21,786,22.04,97,0,97,0,97,0
robust,jiang_massdep_baseline_325,jiang_massdep_baseline,325,11,116,0,OK,97,0,0,495.3255555555556,432.8255555555556,1.6119444444444444,11,786,16.81,97,0,97,0,97,0
robust,jiang_massdep_baseline_325,jiang_massdep_baseline,325,11,117,0,OK,97,0,0,459.4277777777778,419.20444444444445,2.5194444444444444,7,786,13.05,97,0,97,0,97,0
robust,jiang_massdep_baseline_325,jiang_massdep_baseline,325,11,118,0,OK,97,0,0,506.3011111111111,430.3833333333333,1.8916666666666666,13,786,17.14,97,0,97,0,97,0
robust,jiang_massdep_baseline_325,jiang_massdep_baseline,325,11,119,0,OK,97,0,0,517.1788888888889,443.78444444444443,1.4213888888888888,13,786,19.69,97,0,97,0,97,0
robust,jiang_massdep_baseline_325,jiang_massdep_baseline,325,11,120,0,OK,97,0,0,486.75444444444446,416.3511111111111,2.091666666666667,12,786,15.15,97,0,97,0,97,0
robust,jiang_massdep_baseline_325,jiang_massdep_baseline,325,11,121,0,OK,97,0,0,410.8466666666667,386.21666666666664,2.3255555555555554,4,786,11.64,97,0,97,0,97,0
robust,jiang_massdep_baseline_325,jiang_massdep_baseline,325,11,122,0,OK,97,0,0,427.94555555555553,401.0422222222222,1.1308333333333334,5,786,13.22,97,0,97,0,97,0
robust,jiang_massdep_baseline_325,jiang_massdep_baseline,325,11,123,0,OK,97,0,0,466.2677777777778,415.15777777777777,0.8986111111111111,8,786,15.27,97,0,97,0,97,0
robust,jiang_massdep_baseline_325,jiang_massdep_baseline,325,11,124,0,OK,97,0,0,474.0888888888889,414.62,1.4669444444444444,10,786,17.41,97,0,97,0,97,0
robust,jiang_massdep_baseline_325,jiang_massdep_baseline,325,11,125,0,OK,97,0,0,494.3233333333333,426.33444444444444,2.3094444444444444,12,786,18.42,97,0,97,0,97,0
robust,jiang_massdep_baseline_325,jiang_massdep_baseline,325,11,126,0,OK,97,0,0,453.03555555555556,411.03222222222223,1.628611111111111,7,786,15.75,97,0,97,0,97,0
robust,jiang_massdep_baseline_325,jiang_massdep_baseline,325,11,127,0,OK,97,0,0,489.35,427.50111111111113,2.1372222222222224,10,786,13.62,97,0,97,0,97,0
robust,jiang_massdep_baseline_325,jiang_massdep_baseline,325,11,128,0,OK,97,0,0,440.99444444444447,389.99555555555554,1.6152777777777778,9,786,16.24,97,0,97,0,97,0
robust,jiang_massdep_baseline_325,jiang_massdep_baseline,325,11,129,0,OK,97,0,0,435.60555555555555,396.74888888888887,1.2522222222222221,7,786,14.08,97,0,97,0,97,0
robust,jiang_massdep_baseline_325,jiang_massdep_baseline,325,11,130,0,OK,97,0,0,469.27222222222224,418.37111111111113,1.2697222222222222,9,786,13.85,97,0,97,0,97,0
robust,jiang_massdep_baseline_325,jiang_massdep_baseline,325,9,101,0,OK,97,0,0,498.0,427.3311111111111,1.9575,12,786,25.05,97,0,97,0,97,0
robust,jiang_massdep_baseline_325,jiang_massdep_baseline,325,9,102,0,OK,97,0,0,481.02222222222224,429.9166666666667,2.4472222222222224,9,786,21.42,97,0,97,0,97,0
robust,jiang_massdep_baseline_325,jiang_massdep_baseline,325,9,103,0,OK,97,0,0,492.47,427.30444444444447,3.4330555555555557,11,786,20.07,97,0,97,0,97,0
robust,jiang_massdep_baseline_325,jiang_massdep_baseline,325,9,104,0,OK,97,0,0,492.6322222222222,427.56111111111113,1.6855555555555555,11,786,25.57,97,0,97,0,97,0
robust,jiang_massdep_baseline_325,jiang_massdep_baseline,325,9,105,0,OK,97,0,0,449.0366666666667,396.31555555555553,2.798888888888889,10,786,20.89,97,0,97,0,97,0
robust,jiang_massdep_baseline_325,jiang_massdep_baseline,325,9,106,0,OK,96,0,22,472.9811111111111,427.59222222222223,1.1355555555555557,8,786,17.81,96,0,96,0,96,0
robust,jiang_massdep_baseline_325,jiang_massdep_baseline,325,9,107,0,OK,97,0,0,434.4377777777778,391.27222222222224,3.7177777777777776,8,786,22.47,97,0,97,0,97,0
robust,jiang_massdep_baseline_325,jiang_massdep_baseline,325,9,108,0,OK,97,0,0,465.2077777777778,413.96444444444444,1.958611111111111,9,786,23.12,97,0,97,0,97,0
robust,jiang_massdep_baseline_325,jiang_massdep_baseline,325,9,109,0,OK,97,0,0,464.17,405.43111111111114,1.136388888888889,11,786,23.24,97,0,97,0,97,0
robust,jiang_massdep_baseline_325,jiang_massdep_baseline,325,9,110,0,OK,97,0,0,430.80555555555554,408.96222222222224,0.7008333333333333,4,786,20.68,97,0,97,0,97,0
robust,jiang_massdep_baseline_325,jiang_massdep_baseline,325,9,111,0,OK,97,0,0,479.1622222222222,421.43444444444447,2.7422222222222223,10,786,24.69,97,0,97,0,97,0
robust,jiang_massdep_baseline_325,jiang_massdep_baseline,325,9,112,0,OK,97,0,0,493.56111111111113,444.1788888888889,1.9247222222222222,8,786,22.07,97,0,97,0,97,0
robust,jiang_massdep_baseline_325,jiang_massdep_baseline,325,9,113,0,OK,97,0,0,481.4488888888889,424.19,2.2725,10,786,21.1,97,0,97,0,97,0
robust,jiang_massdep_baseline_325,jiang_massdep_baseline,325,9,114,0,OK,97,0,0,492.3822222222222,428.7866666666667,1.9225,11,786,27.36,97,0,97,0,97,0
robust,jiang_massdep_baseline_325,jiang_massdep_baseline,325,9,115,0,OK,96,0,2455,580.8022222222222,460.6666666666667,10.97861111111111,21,786,28.05,95,0,95,0,96,0
robust,jiang_massdep_baseline_325,jiang_massdep_baseline,325,9,116,0,OK,96,0,151,503.1333333333333,440.6333333333333,2.425,11,786,17.97,96,0,96,0,96,0
robust,jiang_massdep_baseline_325,jiang_massdep_baseline,325,9,117,0,OK,97,0,0,462.2922222222222,422.06888888888886,2.766111111111111,7,786,24.16,97,0,97,0,97,0
robust,jiang_massdep_baseline_325,jiang_massdep_baseline,325,9,118,0,OK,97,0,0,519.0488888888889,443.1311111111111,2.8319444444444444,13,786,23.42,97,0,97,0,97,0
robust,jiang_massdep_baseline_325,jiang_massdep_baseline,325,9,119,0,OK,97,0,0,524.1655555555556,450.7711111111111,1.6388888888888888,13,786,26.73,97,0,97,0,97,0
robust,jiang_massdep_baseline_325,jiang_massdep_baseline,325,9,120,0,OK,97,0,0,494.01222222222225,423.6088888888889,3.4394444444444443,12,786,25.85,97,0,97,0,97,0
robust,jiang_massdep_baseline_325,jiang_massdep_baseline,325,9,121,0,OK,97,0,0,410.6911111111111,386.06111111111113,3.093611111111111,4,786,20.92,97,0,97,0,97,0
robust,jiang_massdep_baseline_325,jiang_massdep_baseline,325,9,122,0,OK,97,0,0,428.9211111111111,402.0177777777778,1.4166666666666667,5,786,18.36,97,0,97,0,97,0
robust,jiang_massdep_baseline_325,jiang_massdep_baseline,325,9,123,0,OK,97,0,0,470.33,419.22,2.797222222222222,8,786,21.96,97,0,97,0,97,0
robust,jiang_massdep_baseline_325,jiang_massdep_baseline,325,9,124,0,OK,97,0,0,480.91,421.4411111111111,1.0927777777777778,10,786,18.74,97,0,97,0,97,0
robust,jiang_massdep_baseline_325,jiang_massdep_baseline,325,9,125,0,OK,97,0,0,500.0111111111111,432.02222222222224,3.714166666666667,12,786,24.37,97,0,97,0,97,0
robust,jiang_massdep_baseline_325,jiang_massdep_baseline,325,9,126,0,OK,97,0,0,457.38666666666666,415.3833333333333,2.35,7,786,20.36,97,0,97,0,97,0
robust,jiang_massdep_baseline_325,jiang_massdep_baseline,325,9,127,0,OK,95,0,3974,496.06666666666666,434.21777777777777,2.3694444444444445,10,786,24.2,94,0,94,0,95,0
robust,jiang_massdep_baseline_325,jiang_massdep_baseline,325,9,128,0,OK,97,0,0,443.47777777777776,392.4788888888889,1.3072222222222223,9,786,17.69,97,0,97,0,97,0
robust,jiang_massdep_baseline_325,jiang_massdep_baseline,325,9,129,0,OK,97,0,0,437.61333333333334,398.75666666666666,1.7266666666666666,7,786,20.56,97,0,97,0,97,0
robust,jiang_massdep_baseline_325,jiang_massdep_baseline,325,9,130,0,OK,97,0,0,476.37666666666667,425.47555555555556,1.5966666666666667,9,786,15.99,97,0,97,0,97,0
robust,jiang_massdep_baseline_380,jiang_massdep_baseline,380,10,101,0,OK,97,0,0,446.09777777777776,414.3677777777778,1.1688888888888889,5,786,17.39,97,0,97,0,97,0
robust,jiang_massdep_baseline_380,jiang_massdep_baseline,380,10,102,0,OK,97,0,0,471.87555555555554,425.4533333333333,1.855,8,786,23.02,97,0,97,0,97,0
robust,jiang_massdep_baseline_380,jiang_massdep_baseline,380,10,103,0,OK,97,0,0,459.17555555555555,415.99888888888887,0.3022222222222222,7,786,22.0,97,0,97,0,97,0
robust,jiang_massdep_baseline_380,jiang_massdep_baseline,380,10,104,0,OK,97,0,0,442.89222222222224,411.87111111111113,0.9166666666666666,5,786,17.68,97,0,97,0,97,0
robust,jiang_massdep_baseline_380,jiang_massdep_baseline,380,10,105,0,OK,97,0,0,431.15555555555557,391.72555555555556,3.923611111111111,7,786,19.45,97,0,97,0,97,0
robust,jiang_massdep_baseline_380,jiang_massdep_baseline,380,10,106,0,OK,97,0,0,422.49888888888887,410.46444444444444,2.237222222222222,2,786,13.63,97,0,97,0,97,0
robust,jiang_massdep_baseline_380,jiang_massdep_baseline,380,10,107,0,OK,97,0,0,408.31333333333333,384.49666666666667,1.6047222222222222,4,786,16.41,97,0,97,0,97,0
robust,jiang_massdep_baseline_380,jiang_massdep_baseline,380,10,108,0,OK,97,0,0,408.21444444444444,401.0888888888889,2.2602777777777776,1,786,16.95,97,0,97,0,97,0
robust,jiang_massdep_baseline_380,jiang_massdep_baseline,380,10,109,0,OK,97,0,0,418.2711111111111,394.75666666666666,1.3386111111111112,4,786,15.96,97,0,97,0,97,0
robust,jiang_massdep_baseline_380,jiang_massdep_baseline,380,10,110,0,OK,97,0,0,414.70222222222225,404.03222222222223,1.0141666666666667,2,786,15.81,97,0,97,0,97,0
robust,jiang_massdep_baseline_380,jiang_massdep_baseline,380,10,111,0,OK,97,0,0,441.8433333333333,412.02444444444444,3.3733333333333335,5,786,19.7,97,0,97,0,97,0
robust,jiang_massdep_baseline_380,jiang_massdep_baseline,380,10,112,0,OK,97,0,0,457.0833333333333,432.13,1.5530555555555556,4,786,16.37,97,0,97,0,97,0
robust,jiang_massdep_baseline_380,jiang_massdep_baseline,380,10,113,0,OK,97,0,0,451.4122222222222,416.12666666666667,0.7891666666666667,6,786,19.68,97,0,97,0,97,0
robust,jiang_massdep_baseline_380,jiang_massdep_baseline,380,10,114,0,OK,97,0,0,454.21,418.9411111111111,1.708888888888889,6,786,18.4,97,0,97,0,97,0
robust,jiang_massdep_baseline_380,jiang_massdep_baseline,380,10,115,0,OK,97,0,0,517.3622222222223,434.08444444444444,3.8247222222222224,14,786,23.7,97,0,97,0,97,0
robust,jiang_massdep_baseline_380,jiang_massdep_baseline,380,10,116,0,OK,97,0,0,477.0755555555556,428.9422222222222,2.6969444444444446,8,786,18.13,97,0,97,0,97,0
robust,jiang_massdep_baseline_380,jiang_massdep_baseline,380,10,117,0,OK,97,0,0,426.40555555555557,415.11333333333334,1.841388888888889,2,786,11.32,97,0,97,0,97,0
robust,jiang_massdep_baseline_380,jiang_massdep_baseline,380,10,118,0,OK,97,0,0,481.49333333333334,427.31,1.8394444444444444,9,786,20.58,97,0,97,0,97,0
robust,jiang_massdep_baseline_380,jiang_massdep_baseline,380,10,119,0,OK,97,0,0,477.87666666666667,436.1377777777778,2.9897222222222224,7,786,21.72,97,0,97,0,97,0
robust,jiang_massdep_baseline_380,jiang_massdep_baseline,380,10,120,0,OK,97,0,0,463.16555555555556,412.17333333333335,0.3616666666666667,8,786,20.97,97,0,97,0,97,0
robust,jiang_massdep_baseline_380,jiang_massdep_baseline,380,10,121,0,OK,97,0,0,404.70444444444445,385.3611111111111,1.7941666666666667,3,786,9.74,97,0,97,0,97,0
robust,jiang_massdep_baseline_380,jiang_massdep_baseline,380,10,122,0,OK,97,0,0,414.85333333333335,398.9144444444444,1.7372222222222222,3,786,17.38,97,0,97,0,97,0
robust,jiang_massdep_baseline_380,jiang_massdep_baseline,380,10,123,0,OK,97,0,0,452.7011111111111,413.4166666666667,0.6786111111111112,6,786,21.09,97,0,97,0,97,0
robust,jiang_massdep_baseline_380,jiang_massdep_baseline,380,10,124,0,OK,97,0,0,435.0177777777778,408.6322222222222,1.4169444444444443,4,786,16.93,97,0,97,0,97,0
robust,jiang_massdep_baseline_380,jiang_massdep_baseline,380,10,125,0,OK,97,0,0,469.0788888888889,422.12666666666667,3.120833333333333,8,786,18.16,97,0,97,0,97,0
robust,jiang_massdep_baseline_380,jiang_massdep_baseline,380,10,126,0,OK,97,0,0,417.98,405.02777777777777,1.7486111111111111,2,786,18.43,97,0,97,0,97,0
robust,jiang_massdep_baseline_380,jiang_massdep_baseline,380,10,127,0,OK,97,0,0,452.2133333333333,420.16555555555556,1.5025,5,786,16.43,97,0,97,0,97,0
robust,jiang_massdep_baseline_380,jiang_massdep_baseline,380,10,128,0,OK,97,0,0,399.6433333333333,382.78333333333336,1.8230555555555557,3,786,17.94,97,0,97,0,97,0
robust,jiang_massdep_baseline_380,jiang_massdep_baseline,380,10,129,0,OK,97,0,0,417.8177777777778,394.1022222222222,0.6127777777777778,4,786,18.9,97,0,97,0,97,0
robust,jiang_massdep_baseline_380,jiang_massdep_baseline,380,10,130,0,OK,97,0,0,444.67,414.62,0.9086111111111111,5,786,15.75,97,0,97,0,97,0
robust,jiang_massdep_baseline_380,jiang_massdep_baseline,380,11,101,0,OK,97,0,0,442.9488888888889,411.2188888888889,0.8491666666666666,5,786,12.59,97,0,97,0,97,0
robust,jiang_massdep_baseline_380,jiang_massdep_baseline,380,11,102,0,OK,97,0,0,471.5966666666667,425.1744444444444,2.1141666666666667,8,786,14.68,97,0,97,0,97,0
robust,jiang_massdep_baseline_380,jiang_massdep_baseline,380,11,103,0,OK,97,0,0,458.1,414.92333333333335,2.7525,7,786,14.15,97,0,97,0,97,0
robust,jiang_massdep_baseline_380,jiang_massdep_baseline,380,11,104,0,OK,97,0,0,442.2733333333333,411.2522222222222,1.9455555555555555,5,786,14.31,97,0,97,0,97,0
robust,jiang_massdep_baseline_380,jiang_massdep_baseline,380,11,105,0,OK,97,0,0,430.37888888888887,390.9488888888889,2.316388888888889,7,786,13.69,97,0,97,0,97,0
robust,jiang_massdep_baseline_380,jiang_massdep_baseline,380,11,106,0,OK,97,0,0,422.3077777777778,410.2733333333333,0.9797222222222223,2,786,11.02,97,0,97,0,97,0
robust,jiang_massdep_baseline_380,jiang_massdep_baseline,380,11,107,0,OK,97,0,0,406.6722222222222,382.85555555555555,1.7633333333333334,4,786,15.49,97,0,97,0,97,0
robust,jiang_massdep_baseline_380,jiang_massdep_baseline,380,11,108,0,OK,97,0,0,407.45666666666665,400.3311111111111,0.9925,1,786,10.94,97,0,97,0,97,0
robust,jiang_massdep_baseline_380,jiang_massdep_baseline,380,11,109,0,OK,97,0,0,419.02444444444444,395.51,1.1316666666666666,4,786,14.13,97,0,97,0,97,0
robust,jiang_massdep_baseline_380,jiang_massdep_baseline,380,11,110,0,OK,97,0,0,413.9811111111111,403.31111111111113,0.43833333333333335,2,786,11.84,97,0,97,0,97,0
robust,jiang_massdep_baseline_380,jiang_massdep_baseline,380,11,111,0,OK,97,0,0,439.7655555555556,409.94666666666666,1.3291666666666666,5,786,13.27,97,0,97,0,97,0
robust,jiang_massdep_baseline_380,jiang_massdep_baseline,380,11,112,0,OK,97,0,0,456.36333333333334,431.41,0.9397222222222222,4,786,13.27,97,0,97,0,97,0
robust,jiang_massdep_baseline_380,jiang_massdep_baseline,380,11,113,0,OK,97,0,0,449.2211111111111,413.93555555555554,1.5763888888888888,6,786,15.31,97,0,97,0,97,0
robust,jiang_massdep_baseline_380,jiang_massdep_baseline,380,11,114,0,OK,97,0,0,452.32666666666665,417.0577777777778,1.5647222222222221,6,786,11.87,97,0,97,0,97,0
robust,jiang_massdep_baseline_380,jiang_massdep_baseline,380,11,115,0,OK,97,0,0,514.6633333333333,431.3855555555556,3.330277777777778,14,786,19.23,97,0,97,0,97,0
robust,jiang_massdep_baseline_380,jiang_massdep_baseline,380,11,116,0,OK,97,0,0,476.16333333333336,428.03,2.7255555555555557,8,786,16.44,97,0,97,0,97,0
robust,jiang_massdep_baseline_380,jiang_massdep_baseline,380,11,117,0,OK,97,0,0,426.02222222222224,414.73,2.887777777777778,2,786,11.21,97,0,97,0,97,0
robust,jiang_massdep_baseline_380,jiang_massdep_baseline,380,11,118,0,OK,97,0,0,477.2322222222222,423.0488888888889,2.8722222222222222,9,786,15.66,97,0,97,0,97,0
robust,jiang_massdep_baseline_380,jiang_massdep_baseline,380,11,119,0,OK,97,0,0,474.57666666666665,432.8377777777778,2.4280555555555554,7,786,15.44,97,0,97,0,97,0
robust,jiang_massdep_baseline_380,jiang_massdep_baseline,380,11,120,0,OK,97,0,0,462.13444444444445,411.14222222222224,3.156111111111111,8,786,13.8,97,0,97,0,97,0
robust,jiang_massdep_baseline_380,jiang_massdep_baseline,380,11,121,0,OK,97,0,0,404.0133333333333,384.67,1.7872222222222223,3,786,9.27,97,0,97,0,97,0
robust,jiang_massdep_baseline_380,jiang_massdep_baseline,380,11,122,0,OK,97,0,0,414.31888888888886,398.38,1.3547222222222222,3,786,11.6,97,0,97,0,97,0
robust,jiang_massdep_baseline_380,jiang_massdep_baseline,380,11,123,0,OK,97,0,0,451.65777777777777,412.37333333333333,0.0,6,786,15.01,97,0,97,0,97,0
robust,jiang_massdep_baseline_380,jiang_massdep_baseline,380,11,124,0,OK,97,0,0,432.96555555555557,406.58,0.8891666666666667,4,786,13.03,97,0,97,0,97,0
robust,jiang_massdep_baseline_380,jiang_massdep_baseline,380,11,125,0,OK,97,0,0,467.4844444444444,420.53222222222223,2.3605555555555555,8,786,15.43,97,0,97,0,97,0
robust,jiang_massdep_baseline_380,jiang_massdep_baseline,380,11,126,0,OK,97,0,0,417.0411111111111,404.0888888888889,1.0266666666666666,2,786,11.48,97,0,97,0,97,0
robust,jiang_massdep_baseline_380,jiang_massdep_baseline,380,11,127,0,OK,97,0,0,451.49,419.4422222222222,1.6172222222222221,5,786,14.84,97,0,97,0,97,0
robust,jiang_massdep_baseline_380,jiang_massdep_baseline,380,11,128,0,OK,97,0,0,398.7633333333333,381.9033333333333,1.1977777777777778,3,786,11.03,97,0,97,0,97,0
robust,jiang_massdep_baseline_380,jiang_massdep_baseline,380,11,129,0,OK,97,0,0,416.1355555555556,392.42,1.5241666666666667,4,786,11.31,97,0,97,0,97,0
robust,jiang_massdep_baseline_380,jiang_massdep_baseline,380,11,130,0,OK,97,0,0,445.03,414.98,0.22583333333333333,5,786,14.69,97,0,97,0,97,0
robust,jiang_massdep_baseline_380,jiang_massdep_baseline,380,9,101,0,OK,97,0,0,448.2688888888889,416.5388888888889,1.955,5,786,21.86,97,0,97,0,97,0
robust,jiang_massdep_baseline_380,jiang_massdep_baseline,380,9,102,0,OK,97,0,0,474.14,427.71777777777777,2.205,8,786,25.66,97,0,97,0,97,0
robust,jiang_massdep_baseline_380,jiang_massdep_baseline,380,9,103,0,OK,97,0,0,460.64,417.4633333333333,1.7772222222222223,7,786,26.09,97,0,97,0,97,0
robust,jiang_massdep_baseline_380,jiang_massdep_baseline,380,9,104,0,OK,97,0,0,444.33666666666664,413.31555555555553,2.62,5,786,23.39,97,0,97,0,97,0
robust,jiang_massdep_baseline_380,jiang_massdep_baseline,380,9,105,0,OK,97,0,0,433.09444444444443,393.6644444444444,2.7794444444444446,7,786,16.26,97,0,97,0,97,0
robust,jiang_massdep_baseline_380,jiang_massdep_baseline,380,9,106,0,OK,97,0,0,424.41555555555556,412.3811111111111,2.3497222222222223,2,786,19.09,97,0,97,0,97,0
robust,jiang_massdep_baseline_380,jiang_massdep_baseline,380,9,107,0,OK,97,0,0,410.23333333333335,386.4166666666667,0.775,4,786,14.36,97,0,97,0,97,0
robust,jiang_massdep_baseline_380,jiang_massdep_baseline,380,9,108,0,OK,97,0,0,409.95444444444445,402.8288888888889,2.5494444444444446,1,786,19.82,97,0,97,0,97,0
robust,jiang_massdep_baseline_380,jiang_massdep_baseline,380,9,109,0,OK,97,0,0,419.34222222222223,395.8277777777778,0.5869444444444445,4,786,24.05,97,0,97,0,97,0
robust,jiang_massdep_baseline_380,jiang_massdep_baseline,380,9,110,0,OK,97,0,0,415.42,404.75,0.8166666666666667,2,786,21.77,97,0,97,0,97,0
robust,jiang_massdep_baseline_380,jiang_massdep_baseline,380,9,111,0,OK,97,0,0,441.89222222222224,412.0733333333333,3.5677777777777777,5,786,21.68,97,0,97,0,97,0
robust,jiang_massdep_baseline_380,jiang_massdep_baseline,380,9,112,0,OK,97,0,0,460.49111111111114,435.53777777777776,2.4380555555555556,4,786,18.0,97,0,97,0,97,0
robust,jiang_massdep_baseline_380,jiang_massdep_baseline,380,9,113,0,OK,97,0,0,453.7366666666667,418.4511111111111,2.0894444444444447,6,786,13.4,97,0,97,0,97,0
robust,jiang_massdep_baseline_380,jiang_massdep_baseline,380,9,114,0,OK,97,0,0,454.82444444444445,419.55555555555554,0.86,6,786,24.63,97,0,97,0,97,0
robust,jiang_massdep_baseline_380,jiang_massdep_baseline,380,9,115,0,OK,97,0,0,521.5411111111111,438.2633333333333,4.925,14,786,29.59,97,0,97,0,97,0
robust,jiang_massdep_baseline_380,jiang_massdep_baseline,380,9,116,0,OK,97,0,0,478.32666666666665,430.1933333333333,3.701388888888889,8,786,18.41,97,0,97,0,97,0
robust,jiang_massdep_baseline_380,jiang_massdep_baseline,380,9,117,0,OK,97,0,0,426.50666666666666,415.21444444444444,2.7775,2,786,19.58,97,0,97,0,97,0
robust,jiang_massdep_baseline_380,jiang_massdep_baseline,380,9,118,0,OK,97,0,0,484.31888888888886,430.1355555555556,1.445,9,786,21.42,97,0,97,0,97,0
robust,jiang_massdep_baseline_380,jiang_massdep_baseline,380,9,119,0,OK,97,0,0,479.81555555555553,438.07666666666665,3.6330555555555555,7,786,16.46,97,0,97,0,97,0
robust,jiang_massdep_baseline_380,jiang_massdep_baseline,380,9,120,0,OK,97,0,0,465.4866666666667,414.49444444444447,1.7083333333333333,8,786,21.32,97,0,97,0,97,0
robust,jiang_massdep_baseline_380,jiang_massdep_baseline,380,9,121,0,OK,97,0,0,404.3388888888889,384.99555555555554,2.5861111111111112,3,786,21.41,97,0,97,0,97,0
robust,jiang_massdep_baseline_380,jiang_massdep_baseline,380,9,122,0,OK,97,0,0,415.9211111111111,399.9822222222222,1.9925,3,786,19.55,97,0,97,0,97,0
robust,jiang_massdep_baseline_380,jiang_massdep_baseline,380,9,123,0,OK,97,0,0,453.6744444444444,414.39,1.4766666666666666,6,786,20.65,97,0,97,0,97,0
robust,jiang_massdep_baseline_380,jiang_massdep_baseline,380,9,124,0,OK,97,0,0,435.84222222222223,409.45666666666665,1.8397222222222223,4,786,20.98,97,0,97,0,97,0
robust,jiang_massdep_baseline_380,jiang_massdep_baseline,380,9,125,0,OK,97,0,0,472.75,425.79777777777775,4.725555555555555,8,786,23.83,97,0,97,0,97,0
robust,jiang_massdep_baseline_380,jiang_massdep_baseline,380,9,126,0,OK,97,0,0,419.9244444444444,406.97222222222223,1.1683333333333332,2,786,19.1,97,0,97,0,97,0
robust,jiang_massdep_baseline_380,jiang_massdep_baseline,380,9,127,0,OK,97,0,0,454.17333333333335,422.12555555555554,2.049722222222222,5,786,17.78,97,0,97,0,97,0
robust,jiang_massdep_baseline_380,jiang_massdep_baseline,380,9,128,0,OK,97,0,0,399.52222222222224,382.6622222222222,1.8347222222222221,3,786,17.99,97,0,97,0,97,0
robust,jiang_massdep_baseline_380,jiang_massdep_baseline,380,9,129,0,OK,97,0,0,417.5877777777778,393.8722222222222,2.154166666666667,4,786,19.83,97,0,97,0,97,0
robust,jiang_massdep_baseline_380,jiang_massdep_baseline,380,9,130,0,OK,97,0,0,447.66555555555556,417.61555555555555,1.5905555555555555,5,786,16.83,97,0,97,0,97,0
robust,jiang_massdep_baseline_425,jiang_massdep_baseline,425,10,101,0,OK,97,0,0,408.06444444444446,408.06444444444446,0.7886111111111112,0,786,11.75,97,0,97,0,97,0
robust,jiang_massdep_baseline_425,jiang_massdep_baseline,425,10,102,0,OK,97,0,0,429.92555555555555,416.2288888888889,1.4525,2,786,11.46,97,0,97,0,97,0
robust,jiang_massdep_baseline_425,jiang_massdep_baseline,425,10,103,0,OK,97,0,0,413.18333333333334,406.1122222222222,0.6047222222222223,1,786,12.46,97,0,97,0,97,0
robust,jiang_massdep_baseline_425,jiang_massdep_baseline,425,10,104,0,OK,97,0,0,420.7033333333333,409.4866666666667,1.163888888888889,2,786,11.12,97,0,97,0,97,0
robust,jiang_massdep_baseline_425,jiang_massdep_baseline,425,10,105,0,OK,97,0,0,405.87888888888887,387.8977777777778,2.3377777777777777,3,786,12.49,97,0,97,0,97,0
robust,jiang_massdep_baseline_425,jiang_massdep_baseline,425,10,106,0,OK,97,0,0,416.7422222222222,410.53,1.6263888888888889,1,786,13.0,97,0,97,0,97,0
robust,jiang_massdep_baseline_425,jiang_massdep_baseline,425,10,107,0,OK,97,0,0,386.3566666666667,380.6433333333333,0.3427777777777778,1,786,13.28,97,0,97,0,97,0
robust,jiang_massdep_baseline_425,jiang_massdep_baseline,425,10,108,0,OK,97,0,0,399.59222222222223,399.59222222222223,0.9397222222222222,0,786,10.96,97,0,97,0,97,0
robust,jiang_massdep_baseline_425,jiang_massdep_baseline,425,10,109,0,OK,97,0,0,390.9477777777778,390.9477777777778,1.4561111111111111,0,786,10.0,97,0,97,0,97,0
robust,jiang_massdep_baseline_425,jiang_massdep_baseline,425,10,110,0,OK,97,0,0,401.3288888888889,401.3288888888889,2.3533333333333335,0,786,12.16,97,0,97,0,97,0
robust,jiang_massdep_baseline_425,jiang_massdep_baseline,425,10,111,0,OK,97,0,0,405.47333333333336,405.47333333333336,2.327777777777778,0,786,12.13,97,0,97,0,97,0
robust,jiang_massdep_baseline_425,jiang_massdep_baseline,425,10,112,0,OK,97,0,0,447.1377777777778,432.18333333333334,1.2780555555555555,2,786,13.09,97,0,97,0,97,0
robust,jiang_massdep_baseline_425,jiang_massdep_baseline,425,10,113,0,OK,97,0,0,415.4422222222222,409.7366666666667,1.751111111111111,1,786,12.22,97,0,97,0,97,0
robust,jiang_massdep_baseline_425,jiang_massdep_baseline,425,10,114,0,OK,97,0,0,427.0111111111111,414.4166666666667,2.118333333333333,2,786,13.3,97,0,97,0,97,0
robust,jiang_massdep_baseline_425,jiang_massdep_baseline,425,10,115,0,OK,97,0,0,460.77777777777777,424.49666666666667,2.3119444444444444,6,786,14.32,97,0,97,0,97,0
robust,jiang_massdep_baseline_425,jiang_massdep_baseline,425,10,116,0,OK,97,0,0,424.41,417.9811111111111,1.8597222222222223,1,786,11.33,97,0,97,0,97,0
robust,jiang_massdep_baseline_425,jiang_massdep_baseline,425,10,117,0,OK,97,0,0,412.3822222222222,412.3822222222222,2.91,0,786,11.22,97,0,97,0,97,0
robust,jiang_massdep_baseline_425,jiang_massdep_baseline,425,10,118,0,OK,97,0,0,412.2788888888889,412.2788888888889,1.1816666666666666,0,786,11.49,97,0,97,0,97,0
robust,jiang_massdep_baseline_425,jiang_massdep_baseline,425,10,119,0,OK,97,0,0,438.52777777777777,426.84,1.7738888888888888,2,786,11.74,97,0,97,0,97,0
robust,jiang_massdep_baseline_425,jiang_massdep_baseline,425,10,120,0,OK,97,0,0,435.0566666666667,407.17333333333335,0.5483333333333333,4,786,14.58,97,0,97,0,97,0
robust,jiang_massdep_baseline_425,jiang_massdep_baseline,425,10,121,0,OK,97,0,0,380.50555555555553,380.50555555555553,1.8275,0,786,12.7,97,0,97,0,97,0
robust,jiang_massdep_baseline_425,jiang_massdep_baseline,425,10,122,0,OK,97,0,0,396.2133333333333,396.2133333333333,0.8108333333333333,0,786,12.0,97,0,97,0,97,0
robust,jiang_massdep_baseline_425,jiang_massdep_baseline,425,10,123,0,OK,97,0,0,420.36555555555555,407.4611111111111,1.9336111111111112,2,786,11.02,97,0,97,0,97,0
robust,jiang_massdep_baseline_425,jiang_massdep_baseline,425,10,124,0,OK,97,0,0,411.1222222222222,404.0722222222222,0.9127777777777778,1,786,13.65,97,0,97,0,97,0
robust,jiang_massdep_baseline_425,jiang_massdep_baseline,425,10,125,0,OK,97,0,0,418.3811111111111,411.9633333333333,2.273888888888889,1,786,11.73,97,0,97,0,97,0
robust,jiang_massdep_baseline_425,jiang_massdep_baseline,425,10,126,0,OK,97,0,0,410.99333333333334,404.18111111111114,1.7375,1,786,12.15,97,0,97,0,97,0
robust,jiang_massdep_baseline_425,jiang_massdep_baseline,425,10,127,0,OK,97,0,0,436.87888888888887,417.7577777777778,1.918611111111111,3,786,11.26,97,0,97,0,97,0
robust,jiang_massdep_baseline_425,jiang_massdep_baseline,425,10,128,0,OK,97,0,0,380.0022222222222,380.0022222222222,1.9255555555555555,0,786,9.64,97,0,97,0,97,0
robust,jiang_massdep_baseline_425,jiang_massdep_baseline,425,10,129,0,OK,97,0,0,386.3466666666667,386.3466666666667,0.9508333333333333,0,786,11.07,97,0,97,0,97,0
robust,jiang_massdep_baseline_425,jiang_massdep_baseline,425,10,130,0,OK,97,0,0,414.2655555555556,408.86,0.9883333333333333,1,786,9.77,97,0,97,0,97,0
robust,jiang_massdep_baseline_425,jiang_massdep_baseline,425,8,101,0,OK,97,0,0,409.71777777777777,409.71777777777777,1.6369444444444445,0,786,17.15,97,0,97,0,97,0
robust,jiang_massdep_baseline_425,jiang_massdep_baseline,425,8,102,0,OK,97,0,0,432.6355555555556,418.93888888888887,1.3941666666666668,2,786,19.55,97,0,97,0,97,0
robust,jiang_massdep_baseline_425,jiang_massdep_baseline,425,8,103,0,OK,97,0,0,414.6933333333333,407.6222222222222,2.6013888888888888,1,786,19.1,97,0,97,0,97,0
robust,jiang_massdep_baseline_425,jiang_massdep_baseline,425,8,104,0,OK,97,0,0,424.68666666666667,413.47,2.258888888888889,2,786,18.58,97,0,97,0,97,0
robust,jiang_massdep_baseline_425,jiang_massdep_baseline,425,8,105,0,OK,97,0,0,407.0,389.0188888888889,1.8877777777777778,3,786,21.05,97,0,97,0,97,0
robust,jiang_massdep_baseline_425,jiang_massdep_baseline,425,8,106,0,OK,97,0,0,417.48777777777775,411.27555555555557,1.3441666666666667,1,786,14.39,97,0,97,0,97,0
robust,jiang_massdep_baseline_425,jiang_massdep_baseline,425,8,107,0,OK,97,0,0,386.94,381.2266666666667,2.4588888888888887,1,786,18.89,97,0,97,0,97,0
robust,jiang_massdep_baseline_425,jiang_massdep_baseline,425,8,108,0,OK,97,0,0,402.1122222222222,402.1122222222222,2.540277777777778,0,786,14.39,97,0,97,0,97,0
robust,jiang_massdep_baseline_425,jiang_massdep_baseline,425,8,109,0,OK,97,0,0,393.79333333333335,393.79333333333335,1.7608333333333333,0,786,16.46,97,0,97,0,97,0
robust,jiang_massdep_baseline_425,jiang_massdep_baseline,425,8,110,0,OK,97,0,0,403.22444444444443,403.22444444444443,2.0125,0,786,16.48,97,0,97,0,97,0
robust,jiang_massdep_baseline_425,jiang_massdep_baseline,425,8,111,0,OK,97,0,0,406.18333333333334,406.18333333333334,2.6555555555555554,0,786,14.91,97,0,97,0,97,0
robust,jiang_massdep_baseline_425,jiang_massdep_baseline,425,8,112,0,OK,97,0,0,449.0966666666667,434.14222222222224,2.5383333333333336,2,786,17.06,97,0,97,0,97,0
robust,jiang_massdep_baseline_425,jiang_massdep_baseline,425,8,113,0,OK,97,0,0,417.5488888888889,411.8433333333333,2.9644444444444447,1,786,15.4,97,0,97,0,97,0
robust,jiang_massdep_baseline_425,jiang_massdep_baseline,425,8,114,0,OK,97,0,0,428.4511111111111,415.8566666666667,1.113611111111111,2,786,17.58,97,0,97,0,97,0
robust,jiang_massdep_baseline_425,jiang_massdep_baseline,425,8,115,0,OK,97,0,0,463.05333333333334,426.77222222222224,3.578611111111111,6,786,21.02,97,0,97,0,97,0
robust,jiang_massdep_baseline_425,jiang_massdep_baseline,425,8,116,0,OK,97,0,0,426.28777777777776,419.8588888888889,3.868333333333333,1,786,18.17,97,0,97,0,97,0
robust,jiang_massdep_baseline_425,jiang_massdep_baseline,425,8,117,0,OK,97,0,0,415.05333333333334,415.05333333333334,2.3794444444444443,0,786,13.38,97,0,97,0,97,0
robust,jiang_massdep_baseline_425,jiang_massdep_baseline,425,8,118,0,OK,97,0,0,414.9555555555556,414.9555555555556,1.5186111111111111,0,786,15.35,97,0,97,0,97,0
robust,jiang_massdep_baseline_425,jiang_massdep_baseline,425,8,119,0,OK,97,0,0,443.60333333333335,431.91555555555556,1.1616666666666666,2,786,16.35,97,0,97,0,97,0
robust,jiang_massdep_baseline_425,jiang_massdep_baseline,425,8,120,0,OK,97,0,0,439.13,411.24666666666667,2.517777777777778,4,786,14.45,97,0,97,0,97,0
robust,jiang_massdep_baseline_425,jiang_massdep_baseline,425,8,121,0,OK,97,0,0,383.10777777777776,383.10777777777776,3.2058333333333335,0,786,15.77,97,0,97,0,97,0
robust,jiang_massdep_baseline_425,jiang_massdep_baseline,425,8,122,0,OK,97,0,0,395.73,395.73,1.443888888888889,0,786,14.55,97,0,97,0,97,0
robust,jiang_massdep_baseline_425,jiang_massdep_baseline,425,8,123,0,OK,97,0,0,420.8211111111111,407.9166666666667,2.223611111111111,2,786,16.11,97,0,97,0,97,0
robust,jiang_massdep_baseline_425,jiang_massdep_baseline,425,8,124,0,OK,97,0,0,413.9188888888889,406.8688888888889,2.1991666666666667,1,786,15.19,97,0,97,0,97,0
robust,jiang_massdep_baseline_425,jiang_massdep_baseline,425,8,125,0,OK,97,0,0,422.91555555555556,416.4977777777778,3.45,1,786,16.63,97,0,97,0,97,0
robust,jiang_massdep_baseline_425,jiang_massdep_baseline,425,8,126,0,OK,97,0,0,415.90444444444444,409.09222222222223,1.4669444444444444,1,786,17.07,97,0,97,0,97,0
robust,jiang_massdep_baseline_425,jiang_massdep_baseline,425,8,127,0,OK,97,0,0,438.9244444444444,419.80333333333334,2.359166666666667,3,786,18.59,97,0,97,0,97,0
robust,jiang_massdep_baseline_425,jiang_massdep_baseline,425,8,128,0,OK,97,0,0,380.7966666666667,380.7966666666667,2.0275,0,786,16.78,97,0,97,0,97,0
robust,jiang_massdep_baseline_425,jiang_massdep_baseline,425,8,129,0,OK,97,0,0,388.8177777777778,388.8177777777778,1.9122222222222223,0,786,13.49,97,0,97,0,97,0
robust,jiang_massdep_baseline_425,jiang_massdep_baseline,425,8,130,0,OK,97,0,0,417.3311111111111,411.92555555555555,0.9019444444444444,1,786,18.07,97,0,97,0,97,0
robust,jiang_massdep_baseline_425,jiang_massdep_baseline,425,9,101,0,OK,97,0,0,408.36,408.36,0.5433333333333333,0,786,13.89,97,0,97,0,97,0
robust,jiang_massdep_baseline_425,jiang_massdep_baseline,425,9,102,0,OK,97,0,0,431.07,417.37333333333333,2.917777777777778,2,786,21.87,97,0,97,0,97,0
robust,jiang_massdep_baseline_425,jiang_massdep_baseline,425,9,103,0,OK,97,0,0,414.1388888888889,407.0677777777778,2.716111111111111,1,786,16.82,97,0,97,0,97,0
robust,jiang_massdep_baseline_425,jiang_massdep_baseline,425,9,104,0,OK,97,0,0,422.52222222222224,411.30555555555554,1.4019444444444444,2,786,17.21,97,0,97,0,97,0
robust,jiang_massdep_baseline_425,jiang_massdep_baseline,425,9,105,0,OK,97,0,0,406.4811111111111,388.5,1.4336111111111112,3,786,15.78,97,0,97,0,97,0
robust,jiang_massdep_baseline_425,jiang_massdep_baseline,425,9,106,0,OK,97,0,0,415.3466666666667,409.13444444444445,1.455,1,786,15.5,97,0,97,0,97,0
robust,jiang_massdep_baseline_425,jiang_massdep_baseline,425,9,107,0,OK,97,0,0,386.79555555555555,381.08222222222224,1.8283333333333334,1,786,15.86,97,0,97,0,97,0
robust,jiang_massdep_baseline_425,jiang_massdep_baseline,425,9,108,0,OK,97,0,0,400.8011111111111,400.8011111111111,1.1588888888888889,0,786,11.14,97,0,97,0,97,0
robust,jiang_massdep_baseline_425,jiang_massdep_baseline,425,9,109,0,OK,97,0,0,392.3277777777778,392.3277777777778,0.245,0,786,13.86,97,0,97,0,97,0
robust,jiang_massdep_baseline_425,jiang_massdep_baseline,425,9,110,0,OK,97,0,0,403.4111111111111,403.4111111111111,0.7441666666666666,0,786,18.06,97,0,97,0,97,0
robust,jiang_massdep_baseline_425,jiang_massdep_baseline,425,9,111,0,OK,97,0,0,405.8522222222222,405.8522222222222,1.7691666666666668,0,786,16.14,97,0,97,0,97,0
robust,jiang_massdep_baseline_425,jiang_massdep_baseline,425,9,112,0,OK,97,0,0,448.5488888888889,433.59444444444443,1.0675,2,786,20.12,97,0,97,0,97,0
robust,jiang_massdep_baseline_425,jiang_massdep_baseline,425,9,113,0,OK,97,0,0,416.6311111111111,410.92555555555555,2.5525,1,786,20.28,97,0,97,0,97,0
robust,jiang_massdep_baseline_425,jiang_massdep_baseline,425,9,114,0,OK,97,0,0,426.73777777777775,414.1433333333333,2.0008333333333335,2,786,20.31,97,0,97,0,97,0
robust,jiang_massdep_baseline_425,jiang_massdep_baseline,425,9,115,0,OK,97,0,0,459.5988888888889,423.3177777777778,2.9433333333333334,6,786,20.9,97,0,97,0,97,0
robust,jiang_massdep_baseline_425,jiang_massdep_baseline,425,9,116,0,OK,97,0,0,424.8888888888889,418.46,2.7383333333333333,1,786,18.17,97,0,97,0,97,0
robust,jiang_massdep_baseline_425,jiang_massdep_baseline,425,9,117,0,OK,97,0,0,413.6766666666667,413.6766666666667,1.3997222222222223,0,786,17.05,97,0,97,0,97,0
robust,jiang_massdep_baseline_425,jiang_massdep_baseline,425,9,118,0,OK,97,0,0,413.4211111111111,413.4211111111111,1.8752777777777778,0,786,11.11,97,0,97,0,97,0
robust,jiang_massdep_baseline_425,jiang_massdep_baseline,425,9,119,0,OK,97,0,0,440.8822222222222,429.19444444444446,1.9252777777777779,2,786,14.3,97,0,97,0,97,0
robust,jiang_massdep_baseline_425,jiang_massdep_baseline,425,9,120,0,OK,97,0,0,434.87555555555554,406.9922222222222,2.713888888888889,4,786,17.34,97,0,97,0,97,0
robust,jiang_massdep_baseline_425,jiang_massdep_baseline,425,9,121,0,OK,97,0,0,381.3411111111111,381.3411111111111,2.645,0,786,11.56,97,0,97,0,97,0
robust,jiang_massdep_baseline_425,jiang_massdep_baseline,425,9,122,0,OK,97,0,0,396.0855555555556,396.0855555555556,1.4213888888888888,0,786,18.65,97,0,97,0,97,0
robust,jiang_massdep_baseline_425,jiang_massdep_baseline,425,9,123,0,OK,97,0,0,420.91,408.00555555555553,1.6536111111111111,2,786,17.0,97,0,97,0,97,0
robust,jiang_massdep_baseline_425,jiang_massdep_baseline,425,9,124,0,OK,97,0,0,410.86555555555555,403.81555555555553,1.3525,1,786,15.59,97,0,97,0,97,0
robust,jiang_massdep_baseline_425,jiang_massdep_baseline,425,9,125,0,OK,97,0,0,420.14666666666665,413.7288888888889,2.5927777777777776,1,786,17.3,97,0,97,0,97,0
robust,jiang_massdep_baseline_425,jiang_massdep_baseline,425,9,126,0,OK,97,0,0,412.20444444444445,405.39222222222224,2.424722222222222,1,786,14.99,97,0,97,0,97,0
robust,jiang_massdep_baseline_425,jiang_massdep_baseline,425,9,127,0,OK,97,0,0,437.74333333333334,418.6222222222222,0.9763888888888889,3,786,12.2,97,0,97,0,97,0
robust,jiang_massdep_baseline_425,jiang_massdep_baseline,425,9,128,0,OK,97,0,0,381.1122222222222,381.1122222222222,1.916111111111111,0,786,15.64,97,0,97,0,97,0
robust,jiang_massdep_baseline_425,jiang_massdep_baseline,425,9,129,0,OK,97,0,0,388.71777777777777,388.71777777777777,1.4669444444444444,0,786,14.63,97,0,97,0,97,0
robust,jiang_massdep_baseline_425,jiang_massdep_baseline,425,9,130,0,OK,97,0,0,416.90222222222224,411.49666666666667,1.216388888888889,1,786,18.85,97,0,97,0,97,0
robust,jiang_massdep_baseline_500,jiang_massdep_baseline,500,10,101,0,OK,97,0,0,408.06444444444446,408.06444444444446,0.7886111111111112,0,786,10.23,97,0,97,0,97,0
robust,jiang_massdep_baseline_500,jiang_massdep_baseline,500,10,102,0,OK,97,0,0,412.72333333333336,412.72333333333336,3.076111111111111,0,786,12.18,97,0,97,0,97,0
robust,jiang_massdep_baseline_500,jiang_massdep_baseline,500,10,103,0,OK,97,0,0,404.5022222222222,404.5022222222222,1.0886111111111112,0,786,11.51,97,0,97,0,97,0
robust,jiang_massdep_baseline_500,jiang_massdep_baseline,500,10,104,0,OK,97,0,0,406.91,406.91,1.8577777777777778,0,786,9.2,97,0,97,0,97,0
robust,jiang_massdep_baseline_500,jiang_massdep_baseline,500,10,105,0,OK,97,0,0,384.0755555555556,384.0755555555556,2.1577777777777776,0,786,11.32,97,0,97,0,97,0
robust,jiang_massdep_baseline_500,jiang_massdep_baseline,500,10,106,0,OK,97,0,0,407.78444444444443,407.78444444444443,1.5397222222222222,0,786,11.87,97,0,97,0,97,0
robust,jiang_massdep_baseline_500,jiang_massdep_baseline,500,10,107,0,OK,97,0,0,379.1611111111111,379.1611111111111,1.3163888888888888,0,786,11.05,97,0,97,0,97,0
robust,jiang_massdep_baseline_500,jiang_massdep_baseline,500,10,108,0,OK,97,0,0,399.59222222222223,399.59222222222223,0.9397222222222222,0,786,12.45,97,0,97,0,97,0
robust,jiang_massdep_baseline_500,jiang_massdep_baseline,500,10,109,0,OK,97,0,0,390.9477777777778,390.9477777777778,1.4561111111111111,0,786,10.38,97,0,97,0,97,0
robust,jiang_massdep_baseline_500,jiang_massdep_baseline,500,10,110,0,OK,97,0,0,401.3288888888889,401.3288888888889,2.3533333333333335,0,786,10.99,97,0,97,0,97,0
robust,jiang_massdep_baseline_500,jiang_massdep_baseline,500,10,111,0,OK,97,0,0,405.47333333333336,405.47333333333336,2.327777777777778,0,786,10.14,97,0,97,0,97,0
robust,jiang_massdep_baseline_500,jiang_massdep_baseline,500,10,112,0,OK,97,0,0,427.2633333333333,427.2633333333333,2.028888888888889,0,786,11.36,97,0,97,0,97,0
robust,jiang_massdep_baseline_500,jiang_massdep_baseline,500,10,113,0,OK,97,0,0,408.2422222222222,408.2422222222222,3.561111111111111,0,786,10.9,97,0,97,0,97,0
robust,jiang_massdep_baseline_500,jiang_massdep_baseline,500,10,114,0,OK,97,0,0,410.2188888888889,410.2188888888889,1.3758333333333332,0,786,10.92,97,0,97,0,97,0
robust,jiang_massdep_baseline_500,jiang_massdep_baseline,500,10,115,0,OK,97,0,0,415.15444444444444,415.15444444444444,4.141666666666667,0,786,11.19,97,0,97,0,97,0
robust,jiang_massdep_baseline_500,jiang_massdep_baseline,500,10,116,0,OK,97,0,0,417.2033333333333,417.2033333333333,2.423611111111111,0,786,11.4,97,0,97,0,97,0
robust,jiang_massdep_baseline_500,jiang_massdep_baseline,500,10,117,0,OK,97,0,0,412.3822222222222,412.3822222222222,2.91,0,786,10.32,97,0,97,0,97,0
robust,jiang_massdep_baseline_500,jiang_massdep_baseline,500,10,118,0,OK,97,0,0,412.2788888888889,412.2788888888889,1.1816666666666666,0,786,11.53,97,0,97,0,97,0
robust,jiang_massdep_baseline_500,jiang_massdep_baseline,500,10,119,0,OK,97,0,0,423.87,423.87,2.834722222222222,0,786,12.26,97,0,97,0,97,0
robust,jiang_massdep_baseline_500,jiang_massdep_baseline,500,10,120,0,OK,97,0,0,401.77,401.77,2.0594444444444444,0,786,12.25,97,0,97,0,97,0
robust,jiang_massdep_baseline_500,jiang_massdep_baseline,500,10,121,0,OK,97,0,0,380.50555555555553,380.50555555555553,1.8275,0,786,11.57,97,0,97,0,97,0
robust,jiang_massdep_baseline_500,jiang_massdep_baseline,500,10,122,0,OK,97,0,0,396.2133333333333,396.2133333333333,0.8108333333333333,0,786,11.43,97,0,97,0,97,0
robust,jiang_massdep_baseline_500,jiang_massdep_baseline,500,10,123,0,OK,97,0,0,404.9111111111111,404.9111111111111,0.6608333333333334,0,786,11.69,97,0,97,0,97,0
robust,jiang_massdep_baseline_500,jiang_massdep_baseline,500,10,124,0,OK,97,0,0,402.96666666666664,402.96666666666664,1.3283333333333334,0,786,10.55,97,0,97,0,97,0
robust,jiang_massdep_baseline_500,jiang_massdep_baseline,500,10,125,0,OK,97,0,0,412.3022222222222,412.3022222222222,2.4744444444444444,0,786,11.24,97,0,97,0,97,0
robust,jiang_massdep_baseline_500,jiang_massdep_baseline,500,10,126,0,OK,97,0,0,402.6622222222222,402.6622222222222,2.4591666666666665,0,786,10.21,97,0,97,0,97,0
robust,jiang_massdep_baseline_500,jiang_massdep_baseline,500,10,127,0,OK,97,0,0,412.69555555555553,412.69555555555553,1.4977777777777779,0,786,12.2,97,0,97,0,97,0
robust,jiang_massdep_baseline_500,jiang_massdep_baseline,500,10,128,0,OK,97,0,0,380.0022222222222,380.0022222222222,1.9255555555555555,0,786,11.97,97,0,97,0,97,0
robust,jiang_massdep_baseline_500,jiang_massdep_baseline,500,10,129,0,OK,97,0,0,386.3466666666667,386.3466666666667,0.9508333333333333,0,786,10.37,97,0,97,0,97,0
robust,jiang_massdep_baseline_500,jiang_massdep_baseline,500,10,130,0,OK,97,0,0,408.49888888888887,408.49888888888887,0.9019444444444444,0,786,11.94,97,0,97,0,97,0
robust,jiang_massdep_baseline_500,jiang_massdep_baseline,500,8,101,0,OK,97,0,0,409.71777777777777,409.71777777777777,1.6369444444444445,0,786,16.07,97,0,97,0,97,0
robust,jiang_massdep_baseline_500,jiang_massdep_baseline,500,8,102,0,OK,97,0,0,414.13,414.13,2.9019444444444447,0,786,14.57,97,0,97,0,97,0
robust,jiang_massdep_baseline_500,jiang_massdep_baseline,500,8,103,0,OK,97,0,0,406.08444444444444,406.08444444444444,1.895,0,786,12.1,97,0,97,0,97,0
robust,jiang_massdep_baseline_500,jiang_massdep_baseline,500,8,104,0,OK,97,0,0,408.9111111111111,408.9111111111111,0.8505555555555555,0,786,14.92,97,0,97,0,97,0
robust,jiang_massdep_baseline_500,jiang_massdep_baseline,500,8,105,0,OK,97,0,0,384.6611111111111,384.6611111111111,2.8472222222222223,0,786,14.8,97,0,97,0,97,0
robust,jiang_massdep_baseline_500,jiang_massdep_baseline,500,8,106,0,OK,97,0,0,409.61333333333334,409.61333333333334,1.3527777777777779,0,786,17.04,97,0,97,0,97,0
robust,jiang_massdep_baseline_500,jiang_massdep_baseline,500,8,107,0,OK,97,0,0,381.1611111111111,381.1611111111111,0.8361111111111111,0,786,15.6,97,0,97,0,97,0
robust,jiang_massdep_baseline_500,jiang_massdep_baseline,500,8,108,0,OK,97,0,0,402.1122222222222,402.1122222222222,2.540277777777778,0,786,16.9,97,0,97,0,97,0
robust,jiang_massdep_baseline_500,jiang_massdep_baseline,500,8,109,0,OK,97,0,0,393.79333333333335,393.79333333333335,1.7608333333333333,0,786,15.61,97,0,97,0,97,0
robust,jiang_massdep_baseline_500,jiang_massdep_baseline,500,8,110,0,OK,97,0,0,403.22444444444443,403.22444444444443,2.0125,0,786,15.11,97,0,97,0,97,0
robust,jiang_massdep_baseline_500,jiang_massdep_baseline,500,8,111,0,OK,97,0,0,406.18333333333334,406.18333333333334,2.6555555555555554,0,786,13.64,97,0,97,0,97,0
robust,jiang_massdep_baseline_500,jiang_massdep_baseline,500,8,112,0,OK,97,0,0,429.58444444444444,429.58444444444444,3.1666666666666665,0,786,17.02,97,0,97,0,97,0
robust,jiang_massdep_baseline_500,jiang_massdep_baseline,500,8,113,0,OK,97,0,0,410.5511111111111,410.5511111111111,3.2866666666666666,0,786,12.84,97,0,97,0,97,0
robust,jiang_massdep_baseline_500,jiang_massdep_baseline,500,8,114,0,OK,97,0,0,413.46,413.46,1.378611111111111,0,786,15.54,97,0,97,0,97,0
robust,jiang_massdep_baseline_500,jiang_massdep_baseline,500,8,115,0,OK,97,0,0,415.73,415.73,3.4575,0,786,16.17,97,0,97,0,97,0
robust,jiang_massdep_baseline_500,jiang_massdep_baseline,500,8,116,0,OK,97,0,0,418.6122222222222,418.6122222222222,2.1105555555555555,0,786,14.89,97,0,97,0,97,0
robust,jiang_massdep_baseline_500,jiang_massdep_baseline,500,8,117,0,OK,97,0,0,415.05333333333334,415.05333333333334,2.3794444444444443,0,786,15.13,97,0,97,0,97,0
robust,jiang_massdep_baseline_500,jiang_massdep_baseline,500,8,118,0,OK,97,0,0,414.9555555555556,414.9555555555556,1.5186111111111111,0,786,14.92,97,0,97,0,97,0
robust,jiang_massdep_baseline_500,jiang_massdep_baseline,500,8,119,0,OK,97,0,0,426.8388888888889,426.8388888888889,1.9333333333333333,0,786,13.15,97,0,97,0,97,0
robust,jiang_massdep_baseline_500,jiang_massdep_baseline,500,8,120,0,OK,97,0,0,404.8888888888889,404.8888888888889,1.8769444444444445,0,786,14.11,97,0,97,0,97,0
robust,jiang_massdep_baseline_500,jiang_massdep_baseline,500,8,121,0,OK,97,0,0,383.10777777777776,383.10777777777776,3.2058333333333335,0,786,11.12,97,0,97,0,97,0
robust,jiang_massdep_baseline_500,jiang_massdep_baseline,500,8,122,0,OK,97,0,0,395.73,395.73,1.443888888888889,0,786,14.33,97,0,97,0,97,0
robust,jiang_massdep_baseline_500,jiang_massdep_baseline,500,8,123,0,OK,97,0,0,405.15,405.15,1.3138888888888889,0,786,13.65,97,0,97,0,97,0
robust,jiang_massdep_baseline_500,jiang_massdep_baseline,500,8,124,0,OK,97,0,0,404.5966666666667,404.5966666666667,1.3972222222222221,0,786,16.68,97,0,97,0,97,0
robust,jiang_massdep_baseline_500,jiang_massdep_baseline,500,8,125,0,OK,97,0,0,413.93444444444447,413.93444444444447,4.003888888888889,0,786,14.24,97,0,97,0,97,0
robust,jiang_massdep_baseline_500,jiang_massdep_baseline,500,8,126,0,OK,97,0,0,405.0722222222222,405.0722222222222,2.2911111111111113,0,786,13.08,97,0,97,0,97,0
robust,jiang_massdep_baseline_500,jiang_massdep_baseline,500,8,127,0,OK,97,0,0,415.97555555555556,415.97555555555556,2.3875,0,786,12.68,97,0,97,0,97,0
robust,jiang_massdep_baseline_500,jiang_massdep_baseline,500,8,128,0,OK,97,0,0,380.7966666666667,380.7966666666667,2.0275,0,786,13.11,97,0,97,0,97,0
robust,jiang_massdep_baseline_500,jiang_massdep_baseline,500,8,129,0,OK,97,0,0,388.8177777777778,388.8177777777778,1.9122222222222223,0,786,15.49,97,0,97,0,97,0
robust,jiang_massdep_baseline_500,jiang_massdep_baseline,500,8,130,0,OK,97,0,0,411.3988888888889,411.3988888888889,0.5811111111111111,0,786,15.39,97,0,97,0,97,0
robust,jiang_massdep_baseline_500,jiang_massdep_baseline,500,9,101,0,OK,97,0,0,408.36,408.36,0.5433333333333333,0,786,19.35,97,0,97,0,97,0
robust,jiang_massdep_baseline_500,jiang_massdep_baseline,500,9,102,0,OK,97,0,0,412.6333333333333,412.6333333333333,1.8847222222222222,0,786,18.36,97,0,97,0,97,0
robust,jiang_massdep_baseline_500,jiang_massdep_baseline,500,9,103,0,OK,97,0,0,404.7922222222222,404.7922222222222,1.5552777777777778,0,786,15.53,97,0,97,0,97,0
robust,jiang_massdep_baseline_500,jiang_massdep_baseline,500,9,104,0,OK,97,0,0,408.0811111111111,408.0811111111111,2.252222222222222,0,786,13.63,97,0,97,0,97,0
robust,jiang_massdep_baseline_500,jiang_massdep_baseline,500,9,105,0,OK,97,0,0,385.3488888888889,385.3488888888889,1.9172222222222222,0,786,14.35,97,0,97,0,97,0
robust,jiang_massdep_baseline_500,jiang_massdep_baseline,500,9,106,0,OK,97,0,0,409.0722222222222,409.0722222222222,1.2833333333333334,0,786,18.83,97,0,97,0,97,0
robust,jiang_massdep_baseline_500,jiang_massdep_baseline,500,9,107,0,OK,97,0,0,379.3311111111111,379.3311111111111,0.5133333333333333,0,786,13.94,97,0,97,0,97,0
robust,jiang_massdep_baseline_500,jiang_massdep_baseline,500,9,108,0,OK,97,0,0,400.8011111111111,400.8011111111111,1.1588888888888889,0,786,19.59,97,0,97,0,97,0
robust,jiang_massdep_baseline_500,jiang_massdep_baseline,500,9,109,0,OK,97,0,0,392.3277777777778,392.3277777777778,0.245,0,786,14.88,97,0,97,0,97,0
robust,jiang_massdep_baseline_500,jiang_massdep_baseline,500,9,110,0,OK,97,0,0,403.4111111111111,403.4111111111111,0.7441666666666666,0,786,15.45,97,0,97,0,97,0
robust,jiang_massdep_baseline_500,jiang_massdep_baseline,500,9,111,0,OK,97,0,0,405.8522222222222,405.8522222222222,1.7691666666666668,0,786,18.0,97,0,97,0,97,0
robust,jiang_massdep_baseline_500,jiang_massdep_baseline,500,9,112,0,OK,97,0,0,428.71777777777777,428.71777777777777,2.0,0,786,14.43,97,0,97,0,97,0
robust,jiang_massdep_baseline_500,jiang_massdep_baseline,500,9,113,0,OK,97,0,0,408.1566666666667,408.1566666666667,2.8630555555555555,0,786,18.58,97,0,97,0,97,0
robust,jiang_massdep_baseline_500,jiang_massdep_baseline,500,9,114,0,OK,97,0,0,411.1022222222222,411.1022222222222,1.6155555555555556,0,786,18.16,97,0,97,0,97,0
robust,jiang_massdep_baseline_500,jiang_massdep_baseline,500,9,115,0,OK,97,0,0,416.3877777777778,416.3877777777778,2.9877777777777776,0,786,17.62,97,0,97,0,97,0
robust,jiang_massdep_baseline_500,jiang_massdep_baseline,500,9,116,0,OK,97,0,0,416.9411111111111,416.9411111111111,2.213888888888889,0,786,20.31,97,0,97,0,97,0
robust,jiang_massdep_baseline_500,jiang_massdep_baseline,500,9,117,0,OK,97,0,0,413.6766666666667,413.6766666666667,1.3997222222222223,0,786,17.47,97,0,97,0,97,0
robust,jiang_massdep_baseline_500,jiang_massdep_baseline,500,9,118,0,OK,97,0,0,413.4211111111111,413.4211111111111,1.8752777777777778,0,786,16.7,97,0,97,0,97,0
robust,jiang_massdep_baseline_500,jiang_massdep_baseline,500,9,119,0,OK,97,0,0,426.3522222222222,426.3522222222222,2.0933333333333333,0,786,17.2,97,0,97,0,97,0
robust,jiang_massdep_baseline_500,jiang_massdep_baseline,500,9,120,0,OK,97,0,0,403.2055555555556,403.2055555555556,2.6805555555555554,0,786,19.87,97,0,97,0,97,0
robust,jiang_massdep_baseline_500,jiang_massdep_baseline,500,9,121,0,OK,97,0,0,381.3411111111111,381.3411111111111,2.645,0,786,14.24,97,0,97,0,97,0
robust,jiang_massdep_baseline_500,jiang_massdep_baseline,500,9,122,0,OK,97,0,0,396.0855555555556,396.0855555555556,1.4213888888888888,0,786,20.59,97,0,97,0,97,0
robust,jiang_massdep_baseline_500,jiang_massdep_baseline,500,9,123,0,OK,97,0,0,404.79,404.79,0.9438888888888889,0,786,13.72,97,0,97,0,97,0
robust,jiang_massdep_baseline_500,jiang_massdep_baseline,500,9,124,0,OK,97,0,0,404.4322222222222,404.4322222222222,0.3572222222222222,0,786,17.55,97,0,97,0,97,0
robust,jiang_massdep_baseline_500,jiang_massdep_baseline,500,9,125,0,OK,97,0,0,412.55444444444447,412.55444444444447,1.986388888888889,0,786,17.26,97,0,97,0,97,0
robust,jiang_massdep_baseline_500,jiang_massdep_baseline,500,9,126,0,OK,97,0,0,402.7811111111111,402.7811111111111,1.9827777777777778,0,786,13.48,97,0,97,0,97,0
robust,jiang_massdep_baseline_500,jiang_massdep_baseline,500,9,127,0,OK,97,0,0,415.0788888888889,415.0788888888889,2.2308333333333334,0,786,17.02,97,0,97,0,97,0
robust,jiang_massdep_baseline_500,jiang_massdep_baseline,500,9,128,0,OK,97,0,0,381.1122222222222,381.1122222222222,1.916111111111111,0,786,15.32,97,0,97,0,97,0
robust,jiang_massdep_baseline_500,jiang_massdep_baseline,500,9,129,0,OK,97,0,0,388.71777777777777,388.71777777777777,1.4669444444444444,0,786,14.86,97,0,97,0,97,0
robust,jiang_massdep_baseline_500,jiang_massdep_baseline,500,9,130,0,OK,97,0,0,410.34444444444443,410.34444444444443,0.6288888888888889,0,786,13.12,97,0,97,0,97,0
robust,jiang_massdep_baseline_550,jiang_massdep_baseline,550,10,101,0,OK,97,0,0,408.06444444444446,408.06444444444446,0.7886111111111112,0,786,11.88,97,0,97,0,97,0
robust,jiang_massdep_baseline_550,jiang_massdep_baseline,550,10,102,0,OK,97,0,0,412.72333333333336,412.72333333333336,3.076111111111111,0,786,10.83,97,0,97,0,97,0
robust,jiang_massdep_baseline_550,jiang_massdep_baseline,550,10,103,0,OK,97,0,0,404.5022222222222,404.5022222222222,1.0886111111111112,0,786,11.03,97,0,97,0,97,0
robust,jiang_massdep_baseline_550,jiang_massdep_baseline,550,10,104,0,OK,97,0,0,406.91,406.91,1.8577777777777778,0,786,11.24,97,0,97,0,97,0
robust,jiang_massdep_baseline_550,jiang_massdep_baseline,550,10,105,0,OK,97,0,0,384.0755555555556,384.0755555555556,2.1577777777777776,0,786,10.6,97,0,97,0,97,0
robust,jiang_massdep_baseline_550,jiang_massdep_baseline,550,10,106,0,OK,97,0,0,407.78444444444443,407.78444444444443,1.5397222222222222,0,786,12.59,97,0,97,0,97,0
robust,jiang_massdep_baseline_550,jiang_massdep_baseline,550,10,107,0,OK,97,0,0,379.1611111111111,379.1611111111111,1.3163888888888888,0,786,11.61,97,0,97,0,97,0
robust,jiang_massdep_baseline_550,jiang_massdep_baseline,550,10,108,0,OK,97,0,0,399.59222222222223,399.59222222222223,0.9397222222222222,0,786,11.32,97,0,97,0,97,0
robust,jiang_massdep_baseline_550,jiang_massdep_baseline,550,10,109,0,OK,97,0,0,390.9477777777778,390.9477777777778,1.4561111111111111,0,786,8.68,97,0,97,0,97,0
robust,jiang_massdep_baseline_550,jiang_massdep_baseline,550,10,110,0,OK,97,0,0,401.3288888888889,401.3288888888889,2.3533333333333335,0,786,11.36,97,0,97,0,97,0
robust,jiang_massdep_baseline_550,jiang_massdep_baseline,550,10,111,0,OK,97,0,0,405.47333333333336,405.47333333333336,2.327777777777778,0,786,11.54,97,0,97,0,97,0
robust,jiang_massdep_baseline_550,jiang_massdep_baseline,550,10,112,0,OK,97,0,0,427.2633333333333,427.2633333333333,2.028888888888889,0,786,11.9,97,0,97,0,97,0
robust,jiang_massdep_baseline_550,jiang_massdep_baseline,550,10,113,0,OK,97,0,0,408.2422222222222,408.2422222222222,3.561111111111111,0,786,12.4,97,0,97,0,97,0
robust,jiang_massdep_baseline_550,jiang_massdep_baseline,550,10,114,0,OK,97,0,0,410.2188888888889,410.2188888888889,1.3758333333333332,0,786,12.02,97,0,97,0,97,0
robust,jiang_massdep_baseline_550,jiang_massdep_baseline,550,10,115,0,OK,97,0,0,415.15444444444444,415.15444444444444,4.141666666666667,0,786,11.95,97,0,97,0,97,0
robust,jiang_massdep_baseline_550,jiang_massdep_baseline,550,10,116,0,OK,97,0,0,417.2033333333333,417.2033333333333,2.423611111111111,0,786,12.35,97,0,97,0,97,0
robust,jiang_massdep_baseline_550,jiang_massdep_baseline,550,10,117,0,OK,97,0,0,412.3822222222222,412.3822222222222,2.91,0,786,10.48,97,0,97,0,97,0
robust,jiang_massdep_baseline_550,jiang_massdep_baseline,550,10,118,0,OK,97,0,0,412.2788888888889,412.2788888888889,1.1816666666666666,0,786,11.54,97,0,97,0,97,0
robust,jiang_massdep_baseline_550,jiang_massdep_baseline,550,10,119,0,OK,97,0,0,423.87,423.87,2.834722222222222,0,786,10.74,97,0,97,0,97,0
robust,jiang_massdep_baseline_550,jiang_massdep_baseline,550,10,120,0,OK,97,0,0,401.77,401.77,2.0594444444444444,0,786,11.24,97,0,97,0,97,0
robust,jiang_massdep_baseline_550,jiang_massdep_baseline,550,10,121,0,OK,97,0,0,380.50555555555553,380.50555555555553,1.8275,0,786,12.87,97,0,97,0,97,0
robust,jiang_massdep_baseline_550,jiang_massdep_baseline,550,10,122,0,OK,97,0,0,396.2133333333333,396.2133333333333,0.8108333333333333,0,786,13.01,97,0,97,0,97,0
robust,jiang_massdep_baseline_550,jiang_massdep_baseline,550,10,123,0,OK,97,0,0,404.9111111111111,404.9111111111111,0.6608333333333334,0,786,11.67,97,0,97,0,97,0
robust,jiang_massdep_baseline_550,jiang_massdep_baseline,550,10,124,0,OK,97,0,0,402.96666666666664,402.96666666666664,1.3283333333333334,0,786,10.91,97,0,97,0,97,0
robust,jiang_massdep_baseline_550,jiang_massdep_baseline,550,10,125,0,OK,97,0,0,412.3022222222222,412.3022222222222,2.4744444444444444,0,786,10.66,97,0,97,0,97,0
robust,jiang_massdep_baseline_550,jiang_massdep_baseline,550,10,126,0,OK,97,0,0,402.6622222222222,402.6622222222222,2.4591666666666665,0,786,8.97,97,0,97,0,97,0
robust,jiang_massdep_baseline_550,jiang_massdep_baseline,550,10,127,0,OK,97,0,0,412.69555555555553,412.69555555555553,1.4977777777777779,0,786,11.93,97,0,97,0,97,0
robust,jiang_massdep_baseline_550,jiang_massdep_baseline,550,10,128,0,OK,97,0,0,380.0022222222222,380.0022222222222,1.9255555555555555,0,786,10.15,97,0,97,0,97,0
robust,jiang_massdep_baseline_550,jiang_massdep_baseline,550,10,129,0,OK,97,0,0,386.3466666666667,386.3466666666667,0.9508333333333333,0,786,11.78,97,0,97,0,97,0
robust,jiang_massdep_baseline_550,jiang_massdep_baseline,550,10,130,0,OK,97,0,0,408.49888888888887,408.49888888888887,0.9019444444444444,0,786,12.07,97,0,97,0,97,0
robust,jiang_massdep_baseline_550,jiang_massdep_baseline,550,8,101,0,OK,97,0,0,409.71777777777777,409.71777777777777,1.6369444444444445,0,786,14.34,97,0,97,0,97,0
robust,jiang_massdep_baseline_550,jiang_massdep_baseline,550,8,102,0,OK,97,0,0,414.13,414.13,2.9019444444444447,0,786,15.17,97,0,97,0,97,0
robust,jiang_massdep_baseline_550,jiang_massdep_baseline,550,8,103,0,OK,97,0,0,406.08444444444444,406.08444444444444,1.895,0,786,12.49,97,0,97,0,97,0
robust,jiang_massdep_baseline_550,jiang_massdep_baseline,550,8,104,0,OK,97,0,0,408.9111111111111,408.9111111111111,0.8505555555555555,0,786,15.01,97,0,97,0,97,0
robust,jiang_massdep_baseline_550,jiang_massdep_baseline,550,8,105,0,OK,97,0,0,384.6611111111111,384.6611111111111,2.8472222222222223,0,786,15.28,97,0,97,0,97,0
robust,jiang_massdep_baseline_550,jiang_massdep_baseline,550,8,106,0,OK,97,0,0,409.61333333333334,409.61333333333334,1.3527777777777779,0,786,14.62,97,0,97,0,97,0
robust,jiang_massdep_baseline_550,jiang_massdep_baseline,550,8,107,0,OK,97,0,0,381.1611111111111,381.1611111111111,0.8361111111111111,0,786,11.96,97,0,97,0,97,0
robust,jiang_massdep_baseline_550,jiang_massdep_baseline,550,8,108,0,OK,97,0,0,402.1122222222222,402.1122222222222,2.540277777777778,0,786,10.86,97,0,97,0,97,0
robust,jiang_massdep_baseline_550,jiang_massdep_baseline,550,8,109,0,OK,97,0,0,393.79333333333335,393.79333333333335,1.7608333333333333,0,786,15.0,97,0,97,0,97,0
robust,jiang_massdep_baseline_550,jiang_massdep_baseline,550,8,110,0,OK,97,0,0,403.22444444444443,403.22444444444443,2.0125,0,786,16.25,97,0,97,0,97,0
robust,jiang_massdep_baseline_550,jiang_massdep_baseline,550,8,111,0,OK,97,0,0,406.18333333333334,406.18333333333334,2.6555555555555554,0,786,15.56,97,0,97,0,97,0
robust,jiang_massdep_baseline_550,jiang_massdep_baseline,550,8,112,0,OK,97,0,0,429.58444444444444,429.58444444444444,3.1666666666666665,0,786,12.17,97,0,97,0,97,0
robust,jiang_massdep_baseline_550,jiang_massdep_baseline,550,8,113,0,OK,97,0,0,410.5511111111111,410.5511111111111,3.2866666666666666,0,786,11.45,97,0,97,0,97,0
robust,jiang_massdep_baseline_550,jiang_massdep_baseline,550,8,114,0,OK,97,0,0,413.46,413.46,1.378611111111111,0,786,16.47,97,0,97,0,97,0
robust,jiang_massdep_baseline_550,jiang_massdep_baseline,550,8,115,0,OK,97,0,0,415.73,415.73,3.4575,0,786,15.92,97,0,97,0,97,0
robust,jiang_massdep_baseline_550,jiang_massdep_baseline,550,8,116,0,OK,97,0,0,418.6122222222222,418.6122222222222,2.1105555555555555,0,786,14.81,97,0,97,0,97,0
robust,jiang_massdep_baseline_550,jiang_massdep_baseline,550,8,117,0,OK,97,0,0,415.05333333333334,415.05333333333334,2.3794444444444443,0,786,16.09,97,0,97,0,97,0
robust,jiang_massdep_baseline_550,jiang_massdep_baseline,550,8,118,0,OK,97,0,0,414.9555555555556,414.9555555555556,1.5186111111111111,0,786,15.27,97,0,97,0,97,0
robust,jiang_massdep_baseline_550,jiang_massdep_baseline,550,8,119,0,OK,97,0,0,426.8388888888889,426.8388888888889,1.9333333333333333,0,786,12.21,97,0,97,0,97,0
robust,jiang_massdep_baseline_550,jiang_massdep_baseline,550,8,120,0,OK,97,0,0,404.8888888888889,404.8888888888889,1.8769444444444445,0,786,15.11,97,0,97,0,97,0
robust,jiang_massdep_baseline_550,jiang_massdep_baseline,550,8,121,0,OK,97,0,0,383.10777777777776,383.10777777777776,3.2058333333333335,0,786,15.66,97,0,97,0,97,0
robust,jiang_massdep_baseline_550,jiang_massdep_baseline,550,8,122,0,OK,97,0,0,395.73,395.73,1.443888888888889,0,786,13.53,97,0,97,0,97,0
robust,jiang_massdep_baseline_550,jiang_massdep_baseline,550,8,123,0,OK,97,0,0,405.15,405.15,1.3138888888888889,0,786,14.58,97,0,97,0,97,0
robust,jiang_massdep_baseline_550,jiang_massdep_baseline,550,8,124,0,OK,97,0,0,404.5966666666667,404.5966666666667,1.3972222222222221,0,786,16.05,97,0,97,0,97,0
robust,jiang_massdep_baseline_550,jiang_massdep_baseline,550,8,125,0,OK,97,0,0,413.93444444444447,413.93444444444447,4.003888888888889,0,786,15.16,97,0,97,0,97,0
robust,jiang_massdep_baseline_550,jiang_massdep_baseline,550,8,126,0,OK,97,0,0,405.0722222222222,405.0722222222222,2.2911111111111113,0,786,12.4,97,0,97,0,97,0
robust,jiang_massdep_baseline_550,jiang_massdep_baseline,550,8,127,0,OK,97,0,0,415.97555555555556,415.97555555555556,2.3875,0,786,15.28,97,0,97,0,97,0
robust,jiang_massdep_baseline_550,jiang_massdep_baseline,550,8,128,0,OK,97,0,0,380.7966666666667,380.7966666666667,2.0275,0,786,15.41,97,0,97,0,97,0
robust,jiang_massdep_baseline_550,jiang_massdep_baseline,550,8,129,0,OK,97,0,0,388.8177777777778,388.8177777777778,1.9122222222222223,0,786,15.0,97,0,97,0,97,0
robust,jiang_massdep_baseline_550,jiang_massdep_baseline,550,8,130,0,OK,97,0,0,411.3988888888889,411.3988888888889,0.5811111111111111,0,786,14.58,97,0,97,0,97,0
robust,jiang_massdep_baseline_550,jiang_massdep_baseline,550,9,101,0,OK,97,0,0,408.36,408.36,0.5433333333333333,0,786,18.87,97,0,97,0,97,0
robust,jiang_massdep_baseline_550,jiang_massdep_baseline,550,9,102,0,OK,97,0,0,412.6333333333333,412.6333333333333,1.8847222222222222,0,786,18.3,97,0,97,0,97,0
robust,jiang_massdep_baseline_550,jiang_massdep_baseline,550,9,103,0,OK,97,0,0,404.7922222222222,404.7922222222222,1.5552777777777778,0,786,17.11,97,0,97,0,97,0
robust,jiang_massdep_baseline_550,jiang_massdep_baseline,550,9,104,0,OK,97,0,0,408.0811111111111,408.0811111111111,2.252222222222222,0,786,15.94,97,0,97,0,97,0
robust,jiang_massdep_baseline_550,jiang_massdep_baseline,550,9,105,0,OK,97,0,0,385.3488888888889,385.3488888888889,1.9172222222222222,0,786,17.17,97,0,97,0,97,0
robust,jiang_massdep_baseline_550,jiang_massdep_baseline,550,9,106,0,OK,97,0,0,409.0722222222222,409.0722222222222,1.2833333333333334,0,786,14.22,97,0,97,0,97,0
robust,jiang_massdep_baseline_550,jiang_massdep_baseline,550,9,107,0,OK,97,0,0,379.3311111111111,379.3311111111111,0.5133333333333333,0,786,12.81,97,0,97,0,97,0
robust,jiang_massdep_baseline_550,jiang_massdep_baseline,550,9,108,0,OK,97,0,0,400.8011111111111,400.8011111111111,1.1588888888888889,0,786,15.71,97,0,97,0,97,0
robust,jiang_massdep_baseline_550,jiang_massdep_baseline,550,9,109,0,OK,97,0,0,392.3277777777778,392.3277777777778,0.245,0,786,20.27,97,0,97,0,97,0
robust,jiang_massdep_baseline_550,jiang_massdep_baseline,550,9,110,0,OK,97,0,0,403.4111111111111,403.4111111111111,0.7441666666666666,0,786,10.62,97,0,97,0,97,0
robust,jiang_massdep_baseline_550,jiang_massdep_baseline,550,9,111,0,OK,97,0,0,405.8522222222222,405.8522222222222,1.7691666666666668,0,786,12.49,97,0,97,0,97,0
robust,jiang_massdep_baseline_550,jiang_massdep_baseline,550,9,112,0,OK,97,0,0,428.71777777777777,428.71777777777777,2.0,0,786,17.38,97,0,97,0,97,0
robust,jiang_massdep_baseline_550,jiang_massdep_baseline,550,9,113,0,OK,97,0,0,408.1566666666667,408.1566666666667,2.8630555555555555,0,786,15.1,97,0,97,0,97,0
robust,jiang_massdep_baseline_550,jiang_massdep_baseline,550,9,114,0,OK,97,0,0,411.1022222222222,411.1022222222222,1.6155555555555556,0,786,14.64,97,0,97,0,97,0
robust,jiang_massdep_baseline_550,jiang_massdep_baseline,550,9,115,0,OK,97,0,0,416.3877777777778,416.3877777777778,2.9877777777777776,0,786,18.08,97,0,97,0,97,0
robust,jiang_massdep_baseline_550,jiang_massdep_baseline,550,9,116,0,OK,97,0,0,416.9411111111111,416.9411111111111,2.213888888888889,0,786,18.02,97,0,97,0,97,0
robust,jiang_massdep_baseline_550,jiang_massdep_baseline,550,9,117,0,OK,97,0,0,413.6766666666667,413.6766666666667,1.3997222222222223,0,786,12.74,97,0,97,0,97,0
robust,jiang_massdep_baseline_550,jiang_massdep_baseline,550,9,118,0,OK,97,0,0,413.4211111111111,413.4211111111111,1.8752777777777778,0,786,13.52,97,0,97,0,97,0
robust,jiang_massdep_baseline_550,jiang_massdep_baseline,550,9,119,0,OK,97,0,0,426.3522222222222,426.3522222222222,2.0933333333333333,0,786,10.94,97,0,97,0,97,0
robust,jiang_massdep_baseline_550,jiang_massdep_baseline,550,9,120,0,OK,97,0,0,403.2055555555556,403.2055555555556,2.6805555555555554,0,786,17.29,97,0,97,0,97,0
robust,jiang_massdep_baseline_550,jiang_massdep_baseline,550,9,121,0,OK,97,0,0,381.3411111111111,381.3411111111111,2.645,0,786,15.9,97,0,97,0,97,0
robust,jiang_massdep_baseline_550,jiang_massdep_baseline,550,9,122,0,OK,97,0,0,396.0855555555556,396.0855555555556,1.4213888888888888,0,786,17.63,97,0,97,0,97,0
robust,jiang_massdep_baseline_550,jiang_massdep_baseline,550,9,123,0,OK,97,0,0,404.79,404.79,0.9438888888888889,0,786,19.79,97,0,97,0,97,0
robust,jiang_massdep_baseline_550,jiang_massdep_baseline,550,9,124,0,OK,97,0,0,404.4322222222222,404.4322222222222,0.3572222222222222,0,786,16.24,97,0,97,0,97,0
robust,jiang_massdep_baseline_550,jiang_massdep_baseline,550,9,125,0,OK,97,0,0,412.55444444444447,412.55444444444447,1.986388888888889,0,786,17.5,97,0,97,0,97,0
robust,jiang_massdep_baseline_550,jiang_massdep_baseline,550,9,126,0,OK,97,0,0,402.7811111111111,402.7811111111111,1.9827777777777778,0,786,13.55,97,0,97,0,97,0
robust,jiang_massdep_baseline_550,jiang_massdep_baseline,550,9,127,0,OK,97,0,0,415.0788888888889,415.0788888888889,2.2308333333333334,0,786,14.41,97,0,97,0,97,0
robust,jiang_massdep_baseline_550,jiang_massdep_baseline,550,9,128,0,OK,97,0,0,381.1122222222222,381.1122222222222,1.916111111111111,0,786,18.27,97,0,97,0,97,0
robust,jiang_massdep_baseline_550,jiang_massdep_baseline,550,9,129,0,OK,97,0,0,388.71777777777777,388.71777777777777,1.4669444444444444,0,786,15.5,97,0,97,0,97,0
robust,jiang_massdep_baseline_550,jiang_massdep_baseline,550,9,130,0,OK,97,0,0,410.34444444444443,410.34444444444443,0.6288888888888889,0,786,18.6,97,0,97,0,97,0
robust,jiang_massdep_baseline_MX1,jiang_massdep_baseline,MX1,10,101,0,OK,97,0,0,513.76,429.01444444444445,1.4833333333333334,15,786,30.21,97,0,97,0,97,0
robust,jiang_massdep_baseline_MX1,jiang_massdep_baseline,MX1,10,102,0,OK,97,0,0,544.9211111111111,447.42,5.245277777777778,18,786,33.64,95,0,96,0,97,0
robust,jiang_massdep_baseline_MX1,jiang_massdep_baseline,MX1,10,103,0,OK,97,0,0,527.1888888888889,435.59222222222223,3.736388888888889,17,786,32.88,97,0,97,0,97,0
robust,jiang_massdep_baseline_MX1,jiang_massdep_baseline,MX1,10,104,0,OK,97,0,0,527.6255555555556,434.3677777777778,3.4277777777777776,17,786,32.51,97,0,97,0,97,0
robust,jiang_massdep_baseline_MX1,jiang_massdep_baseline,MX1,10,105,0,OK,97,0,0,449.90777777777777,399.8411111111111,3.2094444444444443,9,786,21.35,97,0,97,0,97,0
robust,jiang_massdep_baseline_MX1,jiang_massdep_baseline,MX1,10,106,0,OK,97,0,0,500.9266666666667,432.7111111111111,0.3536111111111111,12,786,23.58,97,0,97,0,97,0
robust,jiang_massdep_baseline_MX1,jiang_massdep_baseline,MX1,10,107,0,OK,97,0,0,464.18333333333334,403.5722222222222,1.3844444444444444,12,786,29.33,97,0,97,0,97,0
robust,jiang_massdep_baseline_MX1,jiang_massdep_baseline,MX1,10,108,0,OK,97,0,0,486.44,420.7577777777778,3.3369444444444443,12,786,33.03,97,0,97,0,97,0
robust,jiang_massdep_baseline_MX1,jiang_massdep_baseline,MX1,10,109,0,OK,97,0,0,471.12666666666667,410.0411111111111,2.555277777777778,12,786,24.66,97,0,97,0,97,0
robust,jiang_massdep_baseline_MX1,jiang_massdep_baseline,MX1,10,110,0,OK,97,0,0,512.96,432.4433333333333,2.216388888888889,15,786,32.51,97,0,97,0,97,0
robust,jiang_massdep_baseline_MX1,jiang_massdep_baseline,MX1,10,111,0,OK,97,0,0,512.48,435.9066666666667,3.6286111111111112,14,786,22.26,97,0,97,0,97,0
robust,jiang_massdep_baseline_MX1,jiang_massdep_baseline,MX1,10,112,0,OK,97,0,0,567.6455555555556,460.45,1.8486111111111112,19,786,33.89,97,0,97,0,97,0
robust,jiang_massdep_baseline_MX1,jiang_massdep_baseline,MX1,10,113,0,OK,97,0,0,503.80333333333334,429.58444444444444,3.19,14,786,30.93,97,0,97,0,97,0
robust,jiang_massdep_baseline_MX1,jiang_massdep_baseline,MX1,10,114,0,OK,97,0,0,528.1977777777778,439.9211111111111,1.5558333333333334,16,786,27.82,97,0,97,0,97,0
robust,jiang_massdep_baseline_MX1,jiang_massdep_baseline,MX1,10,115,0,OK,97,0,0,564.8944444444444,449.1277777777778,7.0536111111111115,21,786,38.5,97,0,97,0,97,0
robust,jiang_massdep_baseline_MX1,jiang_massdep_baseline,MX1,10,116,0,OK,96,0,1292,593.6244444444444,470.2266666666667,2.365,23,786,37.58,96,0,96,0,96,0
robust,jiang_massdep_baseline_MX1,jiang_massdep_baseline,MX1,10,117,0,OK,97,0,0,485.40444444444444,428.78555555555556,2.9619444444444443,10,786,27.7,97,0,97,0,97,0
robust,jiang_massdep_baseline_MX1,jiang_massdep_baseline,MX1,10,118,0,OK,97,0,0,558.6977777777778,452.0422222222222,1.3166666666666667,19,786,34.06,97,0,97,0,97,0
robust,jiang_massdep_baseline_MX1,jiang_massdep_baseline,MX1,10,119,0,OK,97,0,0,557.2388888888889,458.9811111111111,2.5016666666666665,18,786,36.82,97,0,97,0,97,0
robust,jiang_massdep_baseline_MX1,jiang_massdep_baseline,MX1,10,120,0,OK,97,0,0,504.46444444444444,425.93,1.7261111111111112,15,786,30.76,97,0,97,0,97,0
robust,jiang_massdep_baseline_MX1,jiang_massdep_baseline,MX1,10,121,0,OK,97,0,0,395.8122222222222,382.6611111111111,1.8602777777777777,3,786,22.28,97,0,97,0,97,0
robust,jiang_massdep_baseline_MX1,jiang_massdep_baseline,MX1,10,122,0,OK,97,0,0,415.40222222222224,400.2422222222222,0.8219444444444445,3,786,20.98,97,0,97,0,97,0
robust,jiang_massdep_baseline_MX1,jiang_massdep_baseline,MX1,10,123,0,OK,97,0,0,498.62666666666667,425.09,2.4166666666666665,13,786,30.92,97,0,97,0,97,0
robust,jiang_massdep_baseline_MX1,jiang_massdep_baseline,MX1,10,124,0,OK,97,0,0,505.61555555555555,428.7266666666667,2.2591666666666668,14,786,33.96,97,0,97,0,97,0
robust,jiang_massdep_baseline_MX1,jiang_massdep_baseline,MX1,10,125,0,OK,95,0,2224,630.4466666666667,477.9422222222222,7.823611111111111,29,786,43.81,94,0,95,0,95,0
robust,jiang_massdep_baseline_MX1,jiang_massdep_baseline,MX1,10,126,0,OK,97,0,0,546.7622222222222,442.1333333333333,6.328611111111111,19,786,28.41,97,0,97,0,97,0
robust,jiang_massdep_baseline_MX1,jiang_massdep_baseline,MX1,10,127,0,OK,97,0,0,499.0022222222222,434.37666666666667,1.6472222222222221,11,786,26.49,97,0,97,0,97,0
robust,jiang_massdep_baseline_MX1,jiang_massdep_baseline,MX1,10,128,0,OK,97,0,0,452.7944444444444,394.3411111111111,1.2238888888888888,11,786,26.58,97,0,97,0,97,0
robust,jiang_massdep_baseline_MX1,jiang_massdep_baseline,MX1,10,129,0,OK,97,0,0,464.8388888888889,407.1977777777778,2.961388888888889,11,786,28.3,97,0,97,0,97,0
robust,jiang_massdep_baseline_MX1,jiang_massdep_baseline,MX1,10,130,0,OK,97,0,0,535.0577777777778,439.8777777777778,1.6177777777777778,18,786,30.69,97,0,97,0,97,0
robust,jiang_massdep_baseline_MX1,jiang_massdep_baseline,MX1,11,101,0,OK,97,0,0,518.2122222222222,431.6066666666667,1.4852777777777777,15,786,36.78,97,0,97,0,97,0
robust,jiang_massdep_baseline_MX1,jiang_massdep_baseline,MX1,11,102,0,OK,97,0,0,541.4966666666667,448.87666666666667,3.235,17,786,36.64,97,0,97,0,97,0
robust,jiang_massdep_baseline_MX1,jiang_massdep_baseline,MX1,11,103,0,OK,97,0,0,525.1011111111111,434.24555555555554,2.388333333333333,16,786,43.53,97,0,97,0,97,0
robust,jiang_massdep_baseline_MX1,jiang_massdep_baseline,MX1,11,104,0,OK,97,0,0,524.17,431.3644444444444,3.5719444444444446,18,786,37.16,97,0,97,0,97,0
robust,jiang_massdep_baseline_MX1,jiang_massdep_baseline,MX1,11,105,0,OK,97,0,0,449.3977777777778,400.8911111111111,2.8408333333333333,9,786,30.95,97,0,97,0,97,0
robust,jiang_massdep_baseline_MX1,jiang_massdep_baseline,MX1,11,106,0,OK,97,0,0,495.06555555555553,425.9266666666667,0.38083333333333336,12,786,33.31,97,0,97,0,97,0
robust,jiang_massdep_baseline_MX1,jiang_massdep_baseline,MX1,11,107,0,OK,97,0,0,460.03333333333336,398.44444444444446,0.8022222222222222,12,786,27.58,97,0,97,0,97,0
robust,jiang_massdep_baseline_MX1,jiang_massdep_baseline,MX1,11,108,0,OK,97,0,0,479.18333333333334,415.6566666666667,2.2094444444444443,12,786,36.58,97,0,97,0,97,0
robust,jiang_massdep_baseline_MX1,jiang_massdep_baseline,MX1,11,109,0,OK,97,0,0,468.5933333333333,408.03333333333336,1.8447222222222222,12,786,36.42,97,0,97,0,97,0
robust,jiang_massdep_baseline_MX1,jiang_massdep_baseline,MX1,11,110,0,OK,97,0,0,504.34,424.9088888888889,1.7672222222222222,15,786,26.33,97,0,97,0,97,0
robust,jiang_massdep_baseline_MX1,jiang_massdep_baseline,MX1,11,111,0,OK,97,0,0,507.45666666666665,429.74666666666667,2.386111111111111,15,786,40.01,97,0,97,0,97,0
robust,jiang_massdep_baseline_MX1,jiang_massdep_baseline,MX1,11,112,0,OK,97,0,0,571.1311111111111,459.32,1.4122222222222223,20,786,36.28,97,0,97,0,97,0
robust,jiang_massdep_baseline_MX1,jiang_massdep_baseline,MX1,11,113,0,OK,97,0,0,501.7322222222222,428.81444444444446,1.7375,13,786,27.41,97,0,97,0,97,0
robust,jiang_massdep_baseline_MX1,jiang_massdep_baseline,MX1,11,114,0,OK,97,0,0,521.8333333333334,436.73555555555555,1.4213888888888888,16,786,34.64,97,0,97,0,97,0
robust,jiang_massdep_baseline_MX1,jiang_massdep_baseline,MX1,11,115,0,OK,97,0,0,562.1277777777777,446.05444444444447,5.708055555555555,21,786,39.18,97,0,97,0,97,0
robust,jiang_massdep_baseline_MX1,jiang_massdep_baseline,MX1,11,116,0,OK,97,0,0,560.42,454.76222222222225,1.6141666666666667,20,786,33.03,96,0,96,0,97,0
robust,jiang_massdep_baseline_MX1,jiang_massdep_baseline,MX1,11,117,0,OK,97,0,0,488.2988888888889,430.1688888888889,3.776666666666667,11,786,32.75,97,0,97,0,97,0
robust,jiang_massdep_baseline_MX1,jiang_massdep_baseline,MX1,11,118,0,OK,97,0,0,550.9177777777778,443.3811111111111,2.2075,19,786,37.59,97,0,97,0,97,0
robust,jiang_massdep_baseline_MX1,jiang_massdep_baseline,MX1,11,119,0,OK,97,0,0,550.8288888888889,453.75555555555553,4.139444444444444,17,786,36.45,97,0,97,0,97,0
robust,jiang_massdep_baseline_MX1,jiang_massdep_baseline,MX1,11,120,0,OK,97,0,0,497.2366666666667,420.2288888888889,3.1775,14,786,18.15,97,0,97,0,97,0
robust,jiang_massdep_baseline_MX1,jiang_massdep_baseline,MX1,11,121,0,OK,97,0,0,397.3333333333333,383.22,2.216666666666667,3,786,23.34,97,0,97,0,97,0
robust,jiang_massdep_baseline_MX1,jiang_massdep_baseline,MX1,11,122,0,OK,97,0,0,415.08222222222224,399.9222222222222,1.4536111111111112,3,786,20.75,97,0,97,0,97,0
robust,jiang_massdep_baseline_MX1,jiang_massdep_baseline,MX1,11,123,0,OK,97,0,0,495.31111111111113,423.41,1.325,12,786,25.93,97,0,97,0,97,0
robust,jiang_massdep_baseline_MX1,jiang_massdep_baseline,MX1,11,124,0,OK,97,0,0,497.68888888888887,422.8277777777778,1.2769444444444444,13,786,28.69,97,0,97,0,97,0
robust,jiang_massdep_baseline_MX1,jiang_massdep_baseline,MX1,11,125,0,OK,97,0,0,604.1422222222222,459.50888888888886,5.2283333333333335,28,786,33.58,97,0,97,0,97,0
robust,jiang_massdep_baseline_MX1,jiang_massdep_baseline,MX1,11,126,0,OK,97,0,0,531.6166666666667,429.28555555555556,5.860277777777778,19,786,37.48,97,0,97,0,97,0
robust,jiang_massdep_baseline_MX1,jiang_massdep_baseline,MX1,11,127,0,OK,97,0,0,495.40444444444444,431.81333333333333,1.5608333333333333,11,786,30.81,97,0,97,0,97,0
robust,jiang_massdep_baseline_MX1,jiang_massdep_baseline,MX1,11,128,0,OK,97,0,0,454.38444444444445,395.8611111111111,2.258611111111111,11,786,29.18,97,0,97,0,97,0
robust,jiang_massdep_baseline_MX1,jiang_massdep_baseline,MX1,11,129,0,OK,97,0,0,460.68666666666667,404.27222222222224,1.508888888888889,11,786,27.56,97,0,97,0,97,0
robust,jiang_massdep_baseline_MX1,jiang_massdep_baseline,MX1,11,130,0,OK,97,0,0,528.5511111111111,435.98333333333335,1.5566666666666666,17,786,34.67,97,0,97,0,97,0
robust,jiang_massdep_baseline_MX1,jiang_massdep_baseline,MX1,12,101,0,OK,97,0,0,510.32444444444445,425.5311111111111,1.7702777777777778,15,786,18.93,97,0,97,0,97,0
robust,jiang_massdep_baseline_MX1,jiang_massdep_baseline,MX1,12,102,0,OK,97,0,0,536.0488888888889,439.6111111111111,3.5025,18,786,23.7,97,0,97,0,97,0
robust,jiang_massdep_baseline_MX1,jiang_massdep_baseline,MX1,12,103,0,OK,97,0,0,521.1488888888889,429.68444444444447,3.3097222222222222,17,786,23.44,97,0,97,0,97,0
robust,jiang_massdep_baseline_MX1,jiang_massdep_baseline,MX1,12,104,0,OK,97,0,0,519.8888888888889,428.61555555555555,1.6877777777777778,17,786,23.31,97,0,97,0,97,0
robust,jiang_massdep_baseline_MX1,jiang_massdep_baseline,MX1,12,105,0,OK,97,0,0,446.36555555555555,393.97333333333336,3.476111111111111,9,786,17.44,97,0,97,0,97,0
robust,jiang_massdep_baseline_MX1,jiang_massdep_baseline,MX1,12,106,0,OK,97,0,0,495.77555555555557,425.84777777777776,0.9302777777777778,12,786,21.37,97,0,97,0,97,0
robust,jiang_massdep_baseline_MX1,jiang_massdep_baseline,MX1,12,107,0,OK,97,0,0,459.74555555555554,396.7811111111111,1.7016666666666667,12,786,20.09,97,0,97,0,97,0
robust,jiang_massdep_baseline_MX1,jiang_massdep_baseline,MX1,12,108,0,OK,97,0,0,479.6477777777778,418.5077777777778,2.3041666666666667,11,786,22.09,97,0,97,0,97,0
robust,jiang_massdep_baseline_MX1,jiang_massdep_baseline,MX1,12,109,0,OK,97,0,0,468.78777777777776,408.96666666666664,1.3888888888888888,12,786,21.64,97,0,97,0,97,0
robust,jiang_massdep_baseline_MX1,jiang_massdep_baseline,MX1,12,110,0,OK,97,0,0,501.02555555555557,424.96444444444444,1.571388888888889,14,786,22.29,97,0,97,0,97,0
robust,jiang_massdep_baseline_MX1,jiang_massdep_baseline,MX1,12,111,0,OK,97,0,0,507.14222222222224,429.1122222222222,2.9616666666666664,14,786,18.49,97,0,97,0,97,0
robust,jiang_massdep_baseline_MX1,jiang_massdep_baseline,MX1,12,112,0,OK,97,0,0,565.3766666666667,456.1066666666667,0.36777777777777776,19,786,24.31,97,0,97,0,97,0
robust,jiang_massdep_baseline_MX1,jiang_massdep_baseline,MX1,12,113,0,OK,97,0,0,494.3177777777778,424.3811111111111,1.4533333333333334,13,786,20.24,97,0,97,0,97,0
robust,jiang_massdep_baseline_MX1,jiang_massdep_baseline,MX1,12,114,0,OK,97,0,0,517.6888888888889,433.0522222222222,1.6383333333333334,15,786,22.86,97,0,97,0,97,0
robust,jiang_massdep_baseline_MX1,jiang_massdep_baseline,MX1,12,115,0,OK,97,0,0,558.45,443.15,4.869166666666667,21,786,21.06,97,0,97,0,97,0
robust,jiang_massdep_baseline_MX1,jiang_massdep_baseline,MX1,12,116,0,OK,97,0,0,553.5622222222222,447.50333333333333,2.1080555555555556,20,786,26.33,97,0,97,0,97,0
robust,jiang_massdep_baseline_MX1,jiang_massdep_baseline,MX1,12,117,0,OK,97,0,0,489.2866666666667,430.4288888888889,2.788611111111111,11,786,18.29,97,0,97,0,97,0
robust,jiang_massdep_baseline_MX1,jiang_massdep_baseline,MX1,12,118,0,OK,97,0,0,547.7744444444445,443.2188888888889,1.6908333333333334,19,786,25.23,97,0,97,0,97,0
robust,jiang_massdep_baseline_MX1,jiang_massdep_baseline,MX1,12,119,0,OK,97,0,0,545.7466666666667,450.0411111111111,1.4602777777777778,17,786,22.26,97,0,97,0,97,0
robust,jiang_massdep_baseline_MX1,jiang_massdep_baseline,MX1,12,120,0,OK,97,0,0,495.5288888888889,418.6088888888889,2.653611111111111,14,786,20.38,97,0,97,0,97,0
robust,jiang_massdep_baseline_MX1,jiang_massdep_baseline,MX1,12,121,0,OK,97,0,0,395.44,382.2888888888889,1.716388888888889,3,786,14.66,97,0,97,0,97,0
robust,jiang_massdep_baseline_MX1,jiang_massdep_baseline,MX1,12,122,0,OK,97,0,0,414.3888888888889,399.2288888888889,0.7966666666666666,3,786,12.04,97,0,97,0,97,0
robust,jiang_massdep_baseline_MX1,jiang_massdep_baseline,MX1,12,123,0,OK,97,0,0,498.64,425.26444444444445,1.2280555555555555,13,786,19.3,97,0,97,0,97,0
robust,jiang_massdep_baseline_MX1,jiang_massdep_baseline,MX1,12,124,0,OK,97,0,0,501.3511111111111,423.84777777777776,1.3286111111111112,14,786,21.38,97,0,97,0,97,0
robust,jiang_massdep_baseline_MX1,jiang_massdep_baseline,MX1,12,125,0,OK,97,0,0,599.3988888888889,451.7133333333333,3.973888888888889,29,786,29.62,97,0,97,0,97,0
robust,jiang_massdep_baseline_MX1,jiang_massdep_baseline,MX1,12,126,0,OK,97,0,0,532.7433333333333,428.3544444444444,5.764722222222222,19,786,24.4,97,0,97,0,97,0
robust,jiang_massdep_baseline_MX1,jiang_massdep_baseline,MX1,12,127,0,OK,97,0,0,493.5722222222222,429.60555555555555,1.1505555555555556,11,786,19.31,97,0,97,0,97,0
robust,jiang_massdep_baseline_MX1,jiang_massdep_baseline,MX1,12,128,0,OK,97,0,0,453.09444444444443,394.6588888888889,1.6675,11,786,20.74,97,0,97,0,97,0
robust,jiang_massdep_baseline_MX1,jiang_massdep_baseline,MX1,12,129,0,OK,97,0,0,456.57,401.38666666666666,0.5077777777777778,10,786,19.11,97,0,97,0,97,0
robust,jiang_massdep_baseline_MX1,jiang_massdep_baseline,MX1,12,130,0,OK,97,0,0,527.4155555555556,431.88444444444445,0.9588888888888889,18,786,25.03,97,0,97,0,97,0
robust,jiang_massdep_baseline_MX2,jiang_massdep_baseline,MX2,10,101,0,OK,97,0,0,452.64666666666665,418.1911111111111,1.948611111111111,6,786,24.5,97,0,97,0,97,0
robust,jiang_massdep_baseline_MX2,jiang_massdep_baseline,MX2,10,102,0,OK,97,0,0,476.5311111111111,432.27222222222224,3.8513888888888888,8,786,22.3,97,0,97,0,97,0
robust,jiang_massdep_baseline_MX2,jiang_massdep_baseline,MX2,10,103,0,OK,97,0,0,451.19666666666666,417.79333333333335,1.9416666666666667,6,786,29.36,97,0,97,0,97,0
robust,jiang_massdep_baseline_MX2,jiang_massdep_baseline,MX2,10,104,0,OK,97,0,0,456.53333333333336,420.1433333333333,1.6794444444444445,7,786,24.62,97,0,97,0,97,0
robust,jiang_massdep_baseline_MX2,jiang_massdep_baseline,MX2,10,105,0,OK,97,0,0,398.3566666666667,392.06333333333333,3.299166666666667,1,786,20.2,97,0,97,0,97,0
robust,jiang_massdep_baseline_MX2,jiang_massdep_baseline,MX2,10,106,0,OK,97,0,0,442.4222222222222,419.7944444444444,0.7780555555555555,4,786,22.07,97,0,97,0,97,0
robust,jiang_massdep_baseline_MX2,jiang_massdep_baseline,MX2,10,107,0,OK,97,0,0,394.7577777777778,385.3777777777778,0.7697222222222222,2,786,18.52,97,0,97,0,97,0
robust,jiang_massdep_baseline_MX2,jiang_massdep_baseline,MX2,10,108,0,OK,97,0,0,418.1188888888889,406.98555555555555,2.0094444444444446,2,786,19.55,97,0,97,0,97,0
robust,jiang_massdep_baseline_MX2,jiang_massdep_baseline,MX2,10,109,0,OK,97,0,0,409.54,399.1377777777778,2.2527777777777778,2,786,20.18,97,0,97,0,97,0
robust,jiang_massdep_baseline_MX2,jiang_massdep_baseline,MX2,10,110,0,OK,97,0,0,448.2522222222222,416.49666666666667,2.7980555555555555,6,786,25.41,97,0,97,0,97,0
robust,jiang_massdep_baseline_MX2,jiang_massdep_baseline,MX2,10,111,0,OK,97,0,0,427.8955555555556,416.0622222222222,2.658611111111111,2,786,25.55,97,0,97,0,97,0
robust,jiang_massdep_baseline_MX2,jiang_massdep_baseline,MX2,10,112,0,OK,97,0,0,503.0022222222222,446.0522222222222,1.5419444444444443,10,786,23.06,97,0,97,0,97,0
robust,jiang_massdep_baseline_MX2,jiang_massdep_baseline,MX2,10,113,0,OK,97,0,0,431.7,415.7311111111111,1.4322222222222223,3,786,25.29,97,0,97,0,97,0
robust,jiang_massdep_baseline_MX2,jiang_massdep_baseline,MX2,10,114,0,OK,97,0,0,462.4844444444444,426.24555555555554,0.8838888888888888,6,786,23.83,97,0,97,0,97,0
robust,jiang_massdep_baseline_MX2,jiang_massdep_baseline,MX2,10,115,0,OK,97,0,0,491.4266666666667,433.5566666666667,4.415277777777778,11,786,31.6,97,0,97,0,97,0
robust,jiang_massdep_baseline_MX2,jiang_massdep_baseline,MX2,10,116,0,OK,97,0,0,490.1788888888889,441.55555555555554,2.4030555555555555,9,786,29.96,96,0,97,0,97,0
robust,jiang_massdep_baseline_MX2,jiang_massdep_baseline,MX2,10,117,0,OK,97,0,0,434.0155555555556,422.56555555555553,1.826111111111111,2,786,23.29,97,0,97,0,97,0
robust,jiang_massdep_baseline_MX2,jiang_massdep_baseline,MX2,10,118,0,OK,97,0,0,484.0566666666667,433.6222222222222,0.8258333333333333,9,786,28.67,97,0,97,0,97,0
robust,jiang_massdep_baseline_MX2,jiang_massdep_baseline,MX2,10,119,0,OK,97,0,0,483.02777777777777,441.59555555555556,2.5277777777777777,8,786,24.28,97,0,97,0,97,0
robust,jiang_massdep_baseline_MX2,jiang_massdep_baseline,MX2,10,120,0,OK,97,0,0,438.8277777777778,413.1722222222222,2.0908333333333333,5,786,28.87,97,0,97,0,97,0
robust,jiang_massdep_baseline_MX2,jiang_massdep_baseline,MX2,10,121,0,OK,97,0,0,379.72777777777776,379.72777777777776,2.8366666666666664,0,786,20.98,97,0,97,0,97,0
robust,jiang_massdep_baseline_MX2,jiang_massdep_baseline,MX2,10,122,0,OK,97,0,0,397.3388888888889,397.3388888888889,0.37305555555555553,0,786,19.81,97,0,97,0,97,0
robust,jiang_massdep_baseline_MX2,jiang_massdep_baseline,MX2,10,123,0,OK,97,0,0,426.99888888888887,413.56333333333333,1.1597222222222223,2,786,25.5,97,0,97,0,97,0
robust,jiang_massdep_baseline_MX2,jiang_massdep_baseline,MX2,10,124,0,OK,97,0,0,440.36555555555555,418.88444444444445,2.5,4,786,24.53,97,0,97,0,97,0
robust,jiang_massdep_baseline_MX2,jiang_massdep_baseline,MX2,10,125,0,OK,97,0,0,519.2611111111111,435.88,2.9827777777777778,16,786,32.42,97,0,97,0,97,0
robust,jiang_massdep_baseline_MX2,jiang_massdep_baseline,MX2,10,126,0,OK,97,0,0,467.00333333333333,421.6922222222222,3.326388888888889,9,786,25.95,97,0,97,0,97,0
robust,jiang_massdep_baseline_MX2,jiang_massdep_baseline,MX2,10,127,0,OK,97,0,0,449.96777777777777,418.7388888888889,1.811388888888889,5,786,21.67,97,0,97,0,97,0
robust,jiang_massdep_baseline_MX2,jiang_massdep_baseline,MX2,10,128,0,OK,97,0,0,395.2611111111111,385.76222222222225,1.4780555555555555,2,786,17.78,97,0,97,0,97,0
robust,jiang_massdep_baseline_MX2,jiang_massdep_baseline,MX2,10,129,0,OK,97,0,0,398.38,393.50888888888886,2.5975,1,786,26.58,97,0,97,0,97,0
robust,jiang_massdep_baseline_MX2,jiang_massdep_baseline,MX2,10,130,0,OK,97,0,0,458.33666666666664,423.9511111111111,2.495833333333333,6,786,25.44,97,0,97,0,97,0
robust,jiang_massdep_baseline_MX2,jiang_massdep_baseline,MX2,11,101,0,OK,97,0,0,452.51,418.06666666666666,0.7708333333333334,6,786,19.38,97,0,97,0,97,0
robust,jiang_massdep_baseline_MX2,jiang_massdep_baseline,MX2,11,102,0,OK,97,0,0,469.68111111111114,425.5877777777778,4.165277777777778,8,786,18.04,97,0,97,0,97,0
robust,jiang_massdep_baseline_MX2,jiang_massdep_baseline,MX2,11,103,0,OK,97,0,0,442.34555555555556,414.1988888888889,2.1491666666666664,5,786,17.71,97,0,97,0,97,0
robust,jiang_massdep_baseline_MX2,jiang_massdep_baseline,MX2,11,104,0,OK,97,0,0,451.88,419.64444444444445,2.828611111111111,6,786,20.24,97,0,97,0,97,0
robust,jiang_massdep_baseline_MX2,jiang_massdep_baseline,MX2,11,105,0,OK,97,0,0,402.12888888888887,390.5722222222222,3.0797222222222222,2,786,14.92,97,0,97,0,97,0
robust,jiang_massdep_baseline_MX2,jiang_massdep_baseline,MX2,11,106,0,OK,97,0,0,438.23777777777775,415.58222222222224,1.5466666666666666,4,786,16.75,97,0,97,0,97,0
robust,jiang_massdep_baseline_MX2,jiang_massdep_baseline,MX2,11,107,0,OK,97,0,0,399.4377777777778,383.92,0.8080555555555555,3,786,15.03,97,0,97,0,97,0
robust,jiang_massdep_baseline_MX2,jiang_massdep_baseline,MX2,11,108,0,OK,97,0,0,409.92,404.3644444444444,3.098611111111111,1,786,16.32,97,0,97,0,97,0
robust,jiang_massdep_baseline_MX2,jiang_massdep_baseline,MX2,11,109,0,OK,97,0,0,402.4266666666667,398.71222222222224,0.9758333333333333,1,786,16.61,97,0,97,0,97,0
robust,jiang_massdep_baseline_MX2,jiang_massdep_baseline,MX2,11,110,0,OK,97,0,0,440.78777777777776,413.46444444444444,1.6833333333333333,5,786,17.14,97,0,97,0,97,0
robust,jiang_massdep_baseline_MX2,jiang_massdep_baseline,MX2,11,111,0,OK,97,0,0,430.31,416.8377777777778,2.901388888888889,3,786,18.47,97,0,97,0,97,0
robust,jiang_massdep_baseline_MX2,jiang_massdep_baseline,MX2,11,112,0,OK,97,0,0,492.51222222222225,444.62444444444446,2.038611111111111,8,786,19.96,97,0,97,0,97,0
robust,jiang_massdep_baseline_MX2,jiang_massdep_baseline,MX2,11,113,0,OK,97,0,0,432.34222222222223,414.9111111111111,1.9947222222222223,4,786,17.64,97,0,97,0,97,0
robust,jiang_massdep_baseline_MX2,jiang_massdep_baseline,MX2,11,114,0,OK,97,0,0,458.8588888888889,423.76666666666665,1.4213888888888888,6,786,17.98,97,0,97,0,97,0
robust,jiang_massdep_baseline_MX2,jiang_massdep_baseline,MX2,11,115,0,OK,97,0,0,489.5522222222222,432.72222222222223,4.652222222222222,11,786,15.38,97,0,97,0,97,0
robust,jiang_massdep_baseline_MX2,jiang_massdep_baseline,MX2,11,116,0,OK,97,0,0,477.25333333333333,433.22444444444443,1.658611111111111,8,786,19.1,97,0,97,0,97,0
robust,jiang_massdep_baseline_MX2,jiang_massdep_baseline,MX2,11,117,0,OK,97,0,0,433.47444444444443,422.2077777777778,1.8875,2,786,15.72,97,0,97,0,97,0
robust,jiang_massdep_baseline_MX2,jiang_massdep_baseline,MX2,11,118,0,OK,97,0,0,474.2811111111111,429.5888888888889,0.5477777777777778,8,786,17.62,97,0,97,0,97,0
robust,jiang_massdep_baseline_MX2,jiang_massdep_baseline,MX2,11,119,0,OK,97,0,0,477.1988888888889,438.94,2.7419444444444445,7,786,17.84,97,0,97,0,97,0
robust,jiang_massdep_baseline_MX2,jiang_massdep_baseline,MX2,11,120,0,OK,97,0,0,433.6788888888889,411.3833333333333,2.7905555555555557,4,786,18.1,97,0,97,0,97,0
robust,jiang_massdep_baseline_MX2,jiang_massdep_baseline,MX2,11,121,0,OK,97,0,0,381.1622222222222,381.1622222222222,1.7666666666666666,0,786,13.48,97,0,97,0,97,0
robust,jiang_massdep_baseline_MX2,jiang_massdep_baseline,MX2,11,122,0,OK,97,0,0,394.99333333333334,394.99333333333334,0.5125,0,786,11.68,97,0,97,0,97,0
robust,jiang_massdep_baseline_MX2,jiang_massdep_baseline,MX2,11,123,0,OK,97,0,0,429.7055555555556,412.2055555555556,1.613611111111111,3,786,17.16,97,0,97,0,97,0
robust,jiang_massdep_baseline_MX2,jiang_massdep_baseline,MX2,11,124,0,OK,97,0,0,436.08,416.44555555555553,2.05,4,786,16.27,97,0,97,0,97,0
robust,jiang_massdep_baseline_MX2,jiang_massdep_baseline,MX2,11,125,0,OK,97,0,0,518.9611111111111,435.51222222222225,3.8041666666666667,16,786,21.86,97,0,97,0,97,0
robust,jiang_massdep_baseline_MX2,jiang_massdep_baseline,MX2,11,126,0,OK,97,0,0,466.66333333333336,424.96666666666664,3.466666666666667,8,786,19.79,97,0,97,0,97,0
robust,jiang_massdep_baseline_MX2,jiang_massdep_baseline,MX2,11,127,0,OK,97,0,0,451.61333333333334,423.4011111111111,2.7219444444444445,5,786,13.16,97,0,97,0,97,0
robust,jiang_massdep_baseline_MX2,jiang_massdep_baseline,MX2,11,128,0,OK,97,0,0,387.7866666666667,383.4977777777778,2.44,1,786,15.13,97,0,97,0,97,0
robust,jiang_massdep_baseline_MX2,jiang_massdep_baseline,MX2,11,129,0,OK,97,0,0,398.47555555555556,393.6044444444444,1.2894444444444444,1,786,14.65,97,0,97,0,97,0
robust,jiang_massdep_baseline_MX2,jiang_massdep_baseline,MX2,11,130,0,OK,97,0,0,456.37444444444446,423.71222222222224,1.9694444444444446,6,786,16.78,97,0,97,0,97,0
robust,jiang_massdep_baseline_MX2,jiang_massdep_baseline,MX2,9,101,0,OK,97,0,0,456.47555555555556,422.37666666666667,1.2497222222222222,6,786,24.01,97,0,97,0,97,0
robust,jiang_massdep_baseline_MX2,jiang_massdep_baseline,MX2,9,102,0,OK,97,0,0,477.19,431.96222222222224,3.714722222222222,9,786,25.0,96,0,96,0,97,0
robust,jiang_massdep_baseline_MX2,jiang_massdep_baseline,MX2,9,103,0,OK,97,0,0,442.73555555555555,415.1277777777778,2.201111111111111,5,786,29.84,97,0,97,0,97,0
robust,jiang_massdep_baseline_MX2,jiang_massdep_baseline,MX2,9,104,0,OK,97,0,0,458.4511111111111,424.30555555555554,2.3577777777777778,7,786,30.06,97,0,97,0,97,0
robust,jiang_massdep_baseline_MX2,jiang_massdep_baseline,MX2,9,105,0,OK,97,0,0,400.5777777777778,389.0211111111111,2.754166666666667,2,786,26.67,97,0,97,0,97,0
robust,jiang_massdep_baseline_MX2,jiang_massdep_baseline,MX2,9,106,0,OK,97,0,0,441.1977777777778,418.79777777777775,0.5122222222222222,4,786,28.38,97,0,97,0,97,0
robust,jiang_massdep_baseline_MX2,jiang_massdep_baseline,MX2,9,107,0,OK,97,0,0,397.87111111111113,387.6922222222222,0.3861111111111111,2,786,23.08,97,0,97,0,97,0
robust,jiang_massdep_baseline_MX2,jiang_massdep_baseline,MX2,9,108,0,OK,97,0,0,412.6711111111111,407.11555555555555,3.142777777777778,1,786,22.15,97,0,97,0,97,0
robust,jiang_massdep_baseline_MX2,jiang_massdep_baseline,MX2,9,109,0,OK,97,0,0,402.9977777777778,399.28333333333336,2.543888888888889,1,786,23.22,97,0,97,0,97,0
robust,jiang_massdep_baseline_MX2,jiang_massdep_baseline,MX2,9,110,0,OK,97,0,0,441.67333333333335,415.49666666666667,2.7075,5,786,22.86,97,0,97,0,97,0
robust,jiang_massdep_baseline_MX2,jiang_massdep_baseline,MX2,9,111,0,OK,97,0,0,432.97555555555556,418.1566666666667,1.7619444444444445,3,786,24.07,97,0,97,0,97,0
robust,jiang_massdep_baseline_MX2,jiang_massdep_baseline,MX2,9,112,0,OK,97,0,0,511.6044444444444,454.88,3.289722222222222,10,786,30.96,97,0,97,0,97,0
robust,jiang_massdep_baseline_MX2,jiang_massdep_baseline,MX2,9,113,0,OK,97,0,0,431.49888888888887,416.4922222222222,1.5138888888888888,3,786,27.02,97,0,97,0,97,0
robust,jiang_massdep_baseline_MX2,jiang_massdep_baseline,MX2,9,114,0,OK,97,0,0,463.89666666666665,427.74444444444447,1.7302777777777778,7,786,28.77,97,0,97,0,97,0
robust,jiang_massdep_baseline_MX2,jiang_massdep_baseline,MX2,9,115,0,OK,97,0,0,493.1411111111111,435.87111111111113,5.348611111111111,11,786,35.35,97,0,97,0,97,0
robust,jiang_massdep_baseline_MX2,jiang_massdep_baseline,MX2,9,116,0,OK,97,0,0,503.00333333333333,447.3511111111111,1.9761111111111112,11,786,26.26,95,0,96,0,96,0
robust,jiang_massdep_baseline_MX2,jiang_massdep_baseline,MX2,9,117,0,OK,97,0,0,436.21222222222224,421.61,3.138611111111111,3,786,23.79,97,0,97,0,97,0
robust,jiang_massdep_baseline_MX2,jiang_massdep_baseline,MX2,9,118,0,OK,97,0,0,489.37888888888887,437.97444444444443,2.7880555555555557,9,786,27.63,97,0,97,0,97,0
robust,jiang_massdep_baseline_MX2,jiang_massdep_baseline,MX2,9,119,0,OK,97,0,0,499.60777777777776,447.6666666666667,3.1302777777777777,9,786,24.8,97,0,97,0,97,0
robust,jiang_massdep_baseline_MX2,jiang_massdep_baseline,MX2,9,120,0,OK,97,0,0,435.45666666666665,413.69555555555553,2.3827777777777777,4,786,23.45,97,0,97,0,97,0
robust,jiang_massdep_baseline_MX2,jiang_massdep_baseline,MX2,9,121,0,OK,97,0,0,381.45666666666665,381.45666666666665,2.390833333333333,0,786,15.92,97,0,97,0,97,0
robust,jiang_massdep_baseline_MX2,jiang_massdep_baseline,MX2,9,122,0,OK,97,0,0,397.2577777777778,397.2577777777778,1.9758333333333333,0,786,22.11,97,0,97,0,97,0
robust,jiang_massdep_baseline_MX2,jiang_massdep_baseline,MX2,9,123,0,OK,97,0,0,431.7077777777778,414.9088888888889,1.3038888888888889,3,786,26.29,97,0,97,0,97,0
robust,jiang_massdep_baseline_MX2,jiang_massdep_baseline,MX2,9,124,0,OK,97,0,0,442.0722222222222,420.1311111111111,2.5741666666666667,4,786,21.43,97,0,97,0,97,0
robust,jiang_massdep_baseline_MX2,jiang_massdep_baseline,MX2,9,125,0,OK,97,0,0,542.9111111111112,456.37555555555554,6.071944444444444,16,786,34.03,95,0,96,0,96,0
robust,jiang_massdep_baseline_MX2,jiang_massdep_baseline,MX2,9,126,0,OK,97,0,0,471.9477777777778,424.9888888888889,4.730833333333333,9,786,30.19,97,0,97,0,97,0
robust,jiang_massdep_baseline_MX2,jiang_massdep_baseline,MX2,9,127,0,OK,97,0,0,450.21444444444444,422.8644444444444,0.8488888888888889,5,786,23.85,97,0,97,0,97,0
robust,jiang_massdep_baseline_MX2,jiang_massdep_baseline,MX2,9,128,0,OK,97,0,0,389.3677777777778,385.0788888888889,1.4836111111111112,1,786,23.1,97,0,97,0,97,0
robust,jiang_massdep_baseline_MX2,jiang_massdep_baseline,MX2,9,129,0,OK,97,0,0,400.6922222222222,395.76,2.191388888888889,1,786,16.59,97,0,97,0,97,0
robust,jiang_massdep_baseline_MX2,jiang_massdep_baseline,MX2,9,130,0,OK,97,0,0,454.25666666666666,422.7922222222222,2.2688888888888887,6,786,27.62,97,0,97,0,97,0
robust,rohcha_short_baseline_200,rohcha_short_baseline,200,16,101,0,OK,97,0,0,903.9388888888889,414.09777777777776,5.246944444444445,97,786,89.95,97,0,97,0,97,0
robust,rohcha_short_baseline_200,rohcha_short_baseline,200,16,102,0,OK,97,0,0,892.6144444444444,404.93555555555554,5.287222222222222,97,786,95.53,97,0,97,0,97,0
robust,rohcha_short_baseline_200,rohcha_short_baseline,200,16,103,0,OK,97,0,0,900.5522222222222,402.2,3.5441666666666665,97,786,93.69,97,0,97,0,97,0
robust,rohcha_short_baseline_200,rohcha_short_baseline,200,16,104,0,OK,97,0,0,885.2544444444444,411.2033333333333,2.3516666666666666,97,786,86.56,97,0,97,0,97,0
robust,rohcha_short_baseline_200,rohcha_short_baseline,200,16,105,0,OK,97,0,0,842.7433333333333,382.5022222222222,6.628611111111111,97,786,90.18,97,0,97,0,97,0
robust,rohcha_short_baseline_200,rohcha_short_baseline,200,16,106,0,OK,97,0,0,904.0244444444445,414.78777777777776,1.8141666666666667,97,786,88.53,97,0,97,0,97,0
robust,rohcha_short_baseline_200,rohcha_short_baseline,200,16,107,0,OK,97,0,0,799.43,370.09555555555556,2.615,97,786,94.51,97,0,97,0,97,0
robust,rohcha_short_baseline_200,rohcha_short_baseline,200,16,108,0,OK,97,0,0,854.8466666666667,394.3544444444444,9.830555555555556,97,786,89.43,97,0,97,0,97,0
robust,rohcha_short_baseline_200,rohcha_short_baseline,200,16,109,0,OK,97,0,0,870.1844444444445,389.30444444444447,3.1983333333333333,97,786,91.91,97,0,97,0,97,0
robust,rohcha_short_baseline_200,rohcha_short_baseline,200,16,110,0,OK,97,0,0,888.03,396.77444444444444,2.198888888888889,97,786,98.44,97,0,97,0,97,0
robust,rohcha_short_baseline_200,rohcha_short_baseline,200,16,111,0,OK,97,0,0,877.0466666666666,395.89666666666665,3.3113888888888887,97,786,84.89,97,0,97,0,97,0
robust,rohcha_short_baseline_200,rohcha_short_baseline,200,16,112,0,OK,97,0,0,943.8422222222222,436.4033333333333,4.9127777777777775,97,786,89.98,97,0,97,0,97,0
robust,rohcha_short_baseline_200,rohcha_short_baseline,200,16,113,0,OK,97,0,0,924.3666666666667,419.1533333333333,5.046666666666667,97,786,97.14,97,0,97,0,97,0
robust,rohcha_short_baseline_200,rohcha_short_baseline,200,16,114,0,OK,97,0,0,892.3088888888889,409.78777777777776,4.674722222222222,97,786,96.78,97,0,97,0,97,0
robust,rohcha_short_baseline_200,rohcha_short_baseline,200,16,115,0,OK,97,0,0,853.2955555555556,393.7477777777778,8.4425,97,786,87.87,97,0,97,0,97,0
robust,rohcha_short_baseline_200,rohcha_short_baseline,200,16,116,0,OK,97,0,0,883.9266666666666,404.9477777777778,7.547777777777778,97,786,103.8,97,0,97,0,97,0
robust,rohcha_short_baseline_200,rohcha_short_baseline,200,16,117,0,OK,97,0,0,879.8666666666667,401.6222222222222,4.77,97,786,88.67,97,0,97,0,97,0
robust,rohcha_short_baseline_200,rohcha_short_baseline,200,16,118,0,OK,97,0,0,937.8211111111111,426.74555555555554,5.885277777777778,97,786,86.89,97,0,97,0,97,0
robust,rohcha_short_baseline_200,rohcha_short_baseline,200,16,119,0,OK,97,0,0,965.7844444444445,436.4788888888889,4.615,97,786,94.36,97,0,97,0,97,0
robust,rohcha_short_baseline_200,rohcha_short_baseline,200,16,120,0,OK,97,0,0,849.02,394.30444444444447,3.2933333333333334,97,786,89.32,97,0,97,0,97,0
robust,rohcha_short_baseline_200,rohcha_short_baseline,200,16,121,0,OK,97,0,0,817.1511111111112,381.04555555555555,4.811111111111111,97,786,87.48,97,0,97,0,97,0
robust,rohcha_short_baseline_200,rohcha_short_baseline,200,16,122,0,OK,97,0,0,878.5277777777778,407.26222222222225,5.898055555555556,97,786,85.03,97,0,97,0,97,0
robust,rohcha_short_baseline_200,rohcha_short_baseline,200,16,123,0,OK,97,0,0,900.0233333333333,407.50111111111113,6.735555555555556,97,786,87.64,97,0,97,0,97,0
robust,rohcha_short_baseline_200,rohcha_short_baseline,200,16,124,0,OK,97,0,0,901.9077777777778,409.6477777777778,3.3516666666666666,97,786,86.86,97,0,97,0,97,0
robust,rohcha_short_baseline_200,rohcha_short_baseline,200,16,125,0,OK,97,0,0,885.1111111111111,391.4111111111111,8.085833333333333,97,786,98.94,97,0,97,0,97,0
robust,rohcha_short_baseline_200,rohcha_short_baseline,200,16,126,0,OK,97,0,0,909.5277777777778,414.25111111111113,5.961944444444445,97,786,96.26,97,0,97,0,97,0
robust,rohcha_short_baseline_200,rohcha_short_baseline,200,16,127,0,OK,97,0,0,929.6044444444444,427.5,6.554166666666666,97,786,89.53,97,0,97,0,97,0
robust,rohcha_short_baseline_200,rohcha_short_baseline,200,16,128,0,OK,97,0,0,854.3155555555555,382.2866666666667,3.1441666666666666,97,786,86.21,97,0,97,0,97,0
robust,rohcha_short_baseline_200,rohcha_short_baseline,200,16,129,0,OK,97,0,0,792.6611111111112,374.62666666666667,1.8383333333333334,97,786,75.2,97,0,97,0,97,0
robust,rohcha_short_baseline_200,rohcha_short_baseline,200,16,130,0,OK,97,0,0,881.5966666666667,402.7033333333333,5.599166666666667,97,786,93.43,97,0,97,0,97,0
robust,rohcha_short_baseline_200,rohcha_short_baseline,200,17,101,0,OK,97,0,0,885.9755555555555,396.13444444444445,1.7258333333333333,97,786,74.4,97,0,97,0,97,0
robust,rohcha_short_baseline_200,rohcha_short_baseline,200,17,102,0,OK,97,0,0,883.7711111111112,396.09222222222223,4.074722222222222,97,786,81.64,97,0,97,0,97,0
robust,rohcha_short_baseline_200,rohcha_short_baseline,200,17,103,0,OK,97,0,0,893.0966666666667,394.74444444444447,3.9625,97,786,80.92,97,0,97,0,97,0
robust,rohcha_short_baseline_200,rohcha_short_baseline,200,17,104,0,OK,97,0,0,882.6655555555556,408.6144444444444,4.232777777777778,97,786,82.0,97,0,97,0,97,0
robust,rohcha_short_baseline_200,rohcha_short_baseline,200,17,105,0,OK,97,0,0,835.9177777777778,375.6766666666667,4.981388888888889,97,786,81.09,97,0,97,0,97,0
robust,rohcha_short_baseline_200,rohcha_short_baseline,200,17,106,0,OK,97,0,0,896.43,407.1933333333333,1.8716666666666666,97,786,82.15,97,0,97,0,97,0
robust,rohcha_short_baseline_200,rohcha_short_baseline,200,17,107,0,OK,97,0,0,795.1755555555555,365.8411111111111,4.373333333333333,97,786,79.25,97,0,97,0,97,0
robust,rohcha_short_baseline_200,rohcha_short_baseline,200,17,108,0,OK,97,0,0,849.72,389.22777777777776,4.025833333333333,97,786,85.02,97,0,97,0,97,0
robust,rohcha_short_baseline_200,rohcha_short_baseline,200,17,109,0,OK,97,0,0,863.16,382.28,4.520833333333333,97,786,84.0,97,0,97,0,97,0
robust,rohcha_short_baseline_200,rohcha_short_baseline,200,17,110,0,OK,97,0,0,878.7566666666667,387.50111111111113,4.28,97,786,85.32,97,0,97,0,97,0
robust,rohcha_short_baseline_200,rohcha_short_baseline,200,17,111,0,OK,97,0,0,871.0633333333334,389.91333333333336,5.6975,97,786,83.84,97,0,97,0,97,0
robust,rohcha_short_baseline_200,rohcha_short_baseline,200,17,112,0,OK,97,0,0,933.8055555555555,426.3666666666667,8.539722222222222,97,786,82.56,97,0,97,0,97,0
robust,rohcha_short_baseline_200,rohcha_short_baseline,200,17,113,0,OK,97,0,0,911.2944444444445,406.0811111111111,4.534722222222222,97,786,85.27,97,0,97,0,97,0
robust,rohcha_short_baseline_200,rohcha_short_baseline,200,17,114,0,OK,97,0,0,886.1566666666666,403.6355555555556,2.408611111111111,97,786,84.45,97,0,97,0,97,0
robust,rohcha_short_baseline_200,rohcha_short_baseline,200,17,115,0,OK,97,0,0,849.4,389.8522222222222,5.514166666666667,97,786,93.38,97,0,97,0,97,0
robust,rohcha_short_baseline_200,rohcha_short_baseline,200,17,116,0,OK,97,0,0,878.0811111111111,399.1022222222222,6.960833333333333,97,786,77.71,97,0,97,0,97,0
robust,rohcha_short_baseline_200,rohcha_short_baseline,200,17,117,0,OK,97,0,0,875.8288888888889,397.58444444444444,6.342777777777778,97,786,79.49,97,0,97,0,97,0
robust,rohcha_short_baseline_200,rohcha_short_baseline,200,17,118,0,OK,97,0,0,922.8633333333333,411.78777777777776,5.570833333333334,97,786,84.01,97,0,97,0,97,0
robust,rohcha_short_baseline_200,rohcha_short_baseline,200,17,119,0,OK,97,0,0,956.3833333333333,427.0777777777778,6.110833333333333,97,786,89.59,97,0,97,0,97,0
robust,rohcha_short_baseline_200,rohcha_short_baseline,200,17,120,0,OK,97,0,0,843.0766666666667,388.3611111111111,1.0466666666666666,97,786,85.6,97,0,97,0,97,0
robust,rohcha_short_baseline_200,rohcha_short_baseline,200,17,121,0,OK,97,0,0,814.5466666666666,378.4411111111111,4.710555555555556,97,786,80.29,97,0,97,0,97,0
robust,rohcha_short_baseline_200,rohcha_short_baseline,200,17,122,0,OK,97,0,0,866.5933333333334,395.3277777777778,3.8716666666666666,97,786,80.82,97,0,97,0,97,0
robust,rohcha_short_baseline_200,rohcha_short_baseline,200,17,123,0,OK,97,0,0,895.4877777777778,402.96555555555557,6.181666666666667,97,786,86.78,97,0,97,0,97,0
robust,rohcha_short_baseline_200,rohcha_short_baseline,200,17,124,0,OK,97,0,0,890.07,397.81,2.8025,97,786,89.96,97,0,97,0,97,0
robust,rohcha_short_baseline_200,rohcha_short_baseline,200,17,125,0,OK,97,0,0,878.46,384.76,4.988333333333333,97,786,92.96,97,0,97,0,97,0
robust,rohcha_short_baseline_200,rohcha_short_baseline,200,17,126,0,OK,97,0,0,899.8588888888889,404.58222222222224,4.496666666666667,97,786,94.47,97,0,97,0,97,0
robust,rohcha_short_baseline_200,rohcha_short_baseline,200,17,127,0,OK,97,0,0,920.5144444444444,418.41,7.866388888888889,97,786,78.93,97,0,97,0,97,0
robust,rohcha_short_baseline_200,rohcha_short_baseline,200,17,128,0,OK,97,0,0,847.2566666666667,375.22777777777776,3.9280555555555554,97,786,89.22,97,0,97,0,97,0
robust,rohcha_short_baseline_200,rohcha_short_baseline,200,17,129,0,OK,97,0,0,790.5577777777778,372.5233333333333,1.9158333333333333,97,786,69.68,97,0,97,0,97,0
robust,rohcha_short_baseline_200,rohcha_short_baseline,200,17,130,0,OK,97,0,0,871.8555555555556,392.96222222222224,4.710833333333333,97,786,86.46,97,0,97,0,97,0
robust,rohcha_short_baseline_200,rohcha_short_baseline,200,18,101,0,OK,97,0,0,884.4211111111111,394.58,2.2480555555555557,97,786,71.74,97,0,97,0,97,0
robust,rohcha_short_baseline_200,rohcha_short_baseline,200,18,102,0,OK,97,0,0,881.39,393.7111111111111,3.290277777777778,97,786,84.4,97,0,97,0,97,0
robust,rohcha_short_baseline_200,rohcha_short_baseline,200,18,103,0,OK,97,0,0,887.1777777777778,388.8255555555556,4.136111111111111,97,786,84.89,97,0,97,0,97,0
robust,rohcha_short_baseline_200,rohcha_short_baseline,200,18,104,0,OK,97,0,0,876.3022222222222,402.25111111111113,0.0,97,786,64.68,97,0,97,0,97,0
robust,rohcha_short_baseline_200,rohcha_short_baseline,200,18,105,0,OK,97,0,0,830.2233333333334,369.9822222222222,5.2425,97,786,76.44,97,0,97,0,97,0
robust,rohcha_short_baseline_200,rohcha_short_baseline,200,18,106,0,OK,97,0,0,893.2533333333333,404.01666666666665,4.54,97,786,79.84,97,0,97,0,97,0
robust,rohcha_short_baseline_200,rohcha_short_baseline,200,18,107,0,OK,97,0,0,791.9444444444445,362.61,2.883888888888889,97,786,73.18,97,0,97,0,97,0
robust,rohcha_short_baseline_200,rohcha_short_baseline,200,18,108,0,OK,97,0,0,846.4811111111111,385.9888888888889,3.7152777777777777,97,786,80.39,97,0,97,0,97,0
robust,rohcha_short_baseline_200,rohcha_short_baseline,200,18,109,0,OK,97,0,0,859.1577777777778,378.27777777777777,3.3094444444444444,97,786,73.88,97,0,97,0,97,0
robust,rohcha_short_baseline_200,rohcha_short_baseline,200,18,110,0,OK,97,0,0,873.9866666666667,382.7311111111111,2.111666666666667,97,786,78.73,97,0,97,0,97,0
robust,rohcha_short_baseline_200,rohcha_short_baseline,200,18,111,0,OK,97,0,0,866.2144444444444,385.06444444444446,6.016111111111111,97,786,83.69,97,0,97,0,97,0
robust,rohcha_short_baseline_200,rohcha_short_baseline,200,18,112,0,OK,97,0,0,925.7022222222222,418.2633333333333,6.073333333333333,97,786,71.59,97,0,97,0,97,0
robust,rohcha_short_baseline_200,rohcha_short_baseline,200,18,113,0,OK,97,0,0,904.0,398.7866666666667,4.8825,97,786,84.76,97,0,97,0,97,0
robust,rohcha_short_baseline_200,rohcha_short_baseline,200,18,114,0,OK,97,0,0,879.4133333333333,396.89222222222224,2.2583333333333333,97,786,76.49,97,0,97,0,97,0
robust,rohcha_short_baseline_200,rohcha_short_baseline,200,18,115,0,OK,97,0,0,844.4822222222223,384.93444444444447,4.011666666666667,97,786,86.16,97,0,97,0,97,0
robust,rohcha_short_baseline_200,rohcha_short_baseline,200,18,116,0,OK,97,0,0,873.3055555555555,394.32666666666665,6.241666666666666,97,786,71.16,97,0,97,0,97,0
robust,rohcha_short_baseline_200,rohcha_short_baseline,200,18,117,0,OK,97,0,0,870.8233333333334,392.5788888888889,2.741111111111111,97,786,83.4,97,0,97,0,97,0
robust,rohcha_short_baseline_200,rohcha_short_baseline,200,18,118,0,OK,97,0,0,917.4133333333333,406.3377777777778,2.0383333333333336,97,786,85.92,97,0,97,0,97,0
robust,rohcha_short_baseline_200,rohcha_short_baseline,200,18,119,0,OK,97,0,0,949.7366666666667,420.43111111111114,6.0525,97,786,77.83,97,0,97,0,97,0
robust,rohcha_short_baseline_200,rohcha_short_baseline,200,18,120,0,OK,97,0,0,838.6911111111111,383.97555555555556,1.6027777777777779,97,786,68.59,97,0,97,0,97,0
robust,rohcha_short_baseline_200,rohcha_short_baseline,200,18,121,0,OK,97,0,0,809.6911111111111,373.5855555555556,2.640833333333333,97,786,67.64,97,0,97,0,97,0
robust,rohcha_short_baseline_200,rohcha_short_baseline,200,18,122,0,OK,97,0,0,864.2766666666666,393.0111111111111,3.8716666666666666,97,786,80.02,97,0,97,0,97,0
robust,rohcha_short_baseline_200,rohcha_short_baseline,200,18,123,0,OK,97,0,0,890.0844444444444,397.5622222222222,2.8580555555555556,97,786,87.58,97,0,97,0,97,0
robust,rohcha_short_baseline_200,rohcha_short_baseline,200,18,124,0,OK,97,0,0,886.1688888888889,393.9088888888889,2.4975,97,786,89.78,97,0,97,0,97,0
robust,rohcha_short_baseline_200,rohcha_short_baseline,200,18,125,0,OK,97,0,0,872.5977777777778,378.8977777777778,2.4741666666666666,97,786,83.23,97,0,97,0,97,0
robust,rohcha_short_baseline_200,rohcha_short_baseline,200,18,126,0,OK,97,0,0,891.1466666666666,395.87,2.2108333333333334,97,786,78.18,97,0,97,0,97,0
robust,rohcha_short_baseline_200,rohcha_short_baseline,200,18,127,0,OK,97,0,0,913.29,411.18555555555554,5.1369444444444445,97,786,76.81,97,0,97,0,97,0
robust,rohcha_short_baseline_200,rohcha_short_baseline,200,18,128,0,OK,97,0,0,845.0233333333333,372.99444444444447,3.1858333333333335,97,786,79.1,97,0,97,0,97,0
robust,rohcha_short_baseline_200,rohcha_short_baseline,200,18,129,0,OK,97,0,0,790.0011111111111,371.96666666666664,2.27,97,786,72.05,97,0,97,0,97,0
robust,rohcha_short_baseline_200,rohcha_short_baseline,200,18,130,0,OK,97,0,0,865.9077777777778,387.01444444444445,3.9852777777777777,97,786,81.48,97,0,97,0,97,0
robust,rohcha_short_baseline_250,rohcha_short_baseline,250,14,101,0,OK,97,0,0,798.7622222222222,405.3277777777778,5.0225,97,786,87.29,97,0,97,0,97,0
robust,rohcha_short_baseline_250,rohcha_short_baseline,250,14,102,0,OK,97,0,0,779.25,388.4766666666667,1.3911111111111112,97,786,88.49,97,0,97,0,97,0
robust,rohcha_short_baseline_250,rohcha_short_baseline,250,14,103,0,OK,97,0,0,813.4777777777778,400.8488888888889,4.230277777777777,97,786,93.78,97,0,97,0,97,0
robust,rohcha_short_baseline_250,rohcha_short_baseline,250,14,104,0,OK,97,0,0,769.4766666666667,393.76,3.4555555555555557,97,786,77.62,97,0,97,0,97,0
robust,rohcha_short_baseline_250,rohcha_short_baseline,250,14,105,0,OK,97,0,0,744.0677777777778,371.26444444444445,3.8922222222222222,97,786,95.4,97,0,97,0,97,0
robust,rohcha_short_baseline_250,rohcha_short_baseline,250,14,106,0,OK,97,0,0,770.3911111111111,393.1822222222222,3.9605555555555556,97,786,85.53,97,0,97,0,97,0
robust,rohcha_short_baseline_250,rohcha_short_baseline,250,14,107,0,OK,97,0,0,708.4766666666667,356.1877777777778,4.498333333333333,97,786,84.49,97,0,97,0,97,0
robust,rohcha_short_baseline_250,rohcha_short_baseline,250,14,108,0,OK,97,0,0,764.1077777777778,385.4288888888889,3.9305555555555554,97,786,92.6,97,0,97,0,97,0
robust,rohcha_short_baseline_250,rohcha_short_baseline,250,14,109,0,OK,97,0,0,767.6311111111111,380.68333333333334,3.8183333333333334,97,786,90.48,97,0,97,0,97,0
robust,rohcha_short_baseline_250,rohcha_short_baseline,250,14,110,0,OK,97,0,0,764.2744444444445,381.2888888888889,2.9766666666666666,97,786,78.57,97,0,97,0,97,0
robust,rohcha_short_baseline_250,rohcha_short_baseline,250,14,111,0,OK,97,0,0,782.37,384.52555555555557,5.923611111111111,97,786,91.62,97,0,97,0,97,0
robust,rohcha_short_baseline_250,rohcha_short_baseline,250,14,112,0,OK,97,0,0,823.6877777777778,424.18111111111114,6.4525,97,786,82.97,97,0,97,0,97,0
robust,rohcha_short_baseline_250,rohcha_short_baseline,250,14,113,0,OK,97,0,0,798.7833333333333,404.22777777777776,3.7641666666666667,97,786,85.68,97,0,97,0,97,0
robust,rohcha_short_baseline_250,rohcha_short_baseline,250,14,114,0,OK,97,0,0,818.6955555555555,405.66333333333336,5.158333333333333,97,786,86.84,97,0,97,0,97,0
robust,rohcha_short_baseline_250,rohcha_short_baseline,250,14,115,0,OK,97,0,0,751.9533333333334,379.45444444444445,5.052777777777778,97,786,95.74,97,0,97,0,97,0
robust,rohcha_short_baseline_250,rohcha_short_baseline,250,14,116,0,OK,97,0,0,774.4933333333333,389.53777777777776,6.256944444444445,97,786,74.91,97,0,97,0,97,0
robust,rohcha_short_baseline_250,rohcha_short_baseline,250,14,117,0,OK,97,0,0,789.9644444444444,396.2133333333333,5.477777777777778,97,786,95.79,97,0,97,0,97,0
robust,rohcha_short_baseline_250,rohcha_short_baseline,250,14,118,0,OK,97,0,0,806.1911111111111,406.4555555555556,5.415277777777778,97,786,86.41,97,0,97,0,97,0
robust,rohcha_short_baseline_250,rohcha_short_baseline,250,14,119,0,OK,97,0,0,842.2577777777777,424.56888888888886,6.138055555555556,97,786,99.68,97,0,97,0,97,0
robust,rohcha_short_baseline_250,rohcha_short_baseline,250,14,120,0,OK,97,0,0,733.5111111111111,380.6177777777778,2.762777777777778,97,786,82.06,97,0,97,0,97,0
robust,rohcha_short_baseline_250,rohcha_short_baseline,250,14,121,0,OK,97,0,0,747.6222222222223,376.69666666666666,4.281666666666666,97,786,79.38,97,0,97,0,97,0
robust,rohcha_short_baseline_250,rohcha_short_baseline,250,14,122,0,OK,97,0,0,769.9222222222222,391.81888888888886,3.582777777777778,97,786,80.35,97,0,97,0,97,0
robust,rohcha_short_baseline_250,rohcha_short_baseline,250,14,123,0,OK,97,0,0,828.7777777777778,403.50333333333333,4.389166666666667,97,786,90.01,97,0,97,0,97,0
robust,rohcha_short_baseline_250,rohcha_short_baseline,250,14,124,0,OK,97,0,0,786.2811111111112,396.7088888888889,3.7866666666666666,97,786,77.47,97,0,97,0,97,0
robust,rohcha_short_baseline_250,rohcha_short_baseline,250,14,125,0,OK,97,0,0,743.2033333333334,370.41333333333336,3.8594444444444442,97,786,87.02,97,0,97,0,97,0
robust,rohcha_short_baseline_250,rohcha_short_baseline,250,14,126,0,OK,97,0,0,799.4233333333333,404.49,3.908888888888889,97,786,89.29,97,0,97,0,97,0
robust,rohcha_short_baseline_250,rohcha_short_baseline,250,14,127,0,OK,97,0,0,826.3677777777777,414.15777777777777,3.95,97,786,85.43,97,0,97,0,97,0
robust,rohcha_short_baseline_250,rohcha_short_baseline,250,14,128,0,OK,97,0,0,765.51,378.44444444444446,0.73,97,786,100.65,97,0,97,0,97,0
robust,rohcha_short_baseline_250,rohcha_short_baseline,250,14,129,0,OK,97,0,0,715.8155555555555,367.8644444444444,1.1566666666666667,97,786,79.57,97,0,97,0,97,0
robust,rohcha_short_baseline_250,rohcha_short_baseline,250,14,130,0,OK,97,0,0,775.7733333333333,391.1566666666667,3.3847222222222224,97,786,75.23,97,0,97,0,97,0
robust,rohcha_short_baseline_250,rohcha_short_baseline,250,15,101,0,OK,97,0,0,785.8566666666667,392.4222222222222,2.930833333333333,97,786,88.07,97,0,97,0,97,0
robust,rohcha_short_baseline_250,rohcha_short_baseline,250,15,102,0,OK,97,0,0,775.4544444444444,384.68111111111114,2.3605555555555555,97,786,71.97,97,0,97,0,97,0
robust,rohcha_short_baseline_250,rohcha_short_baseline,250,15,103,0,OK,97,0,0,798.8344444444444,386.2055555555556,5.474166666666667,97,786,90.03,97,0,97,0,97,0
robust,rohcha_short_baseline_250,rohcha_short_baseline,250,15,104,0,OK,97,0,0,764.6844444444445,388.96777777777777,2.4255555555555555,97,786,66.34,97,0,97,0,97,0
robust,rohcha_short_baseline_250,rohcha_short_baseline,250,15,105,0,OK,97,0,0,739.5777777777778,366.77444444444444,3.263333333333333,97,786,80.44,97,0,97,0,97,0
robust,rohcha_short_baseline_250,rohcha_short_baseline,250,15,106,0,OK,97,0,0,764.4422222222222,387.23333333333335,2.597777777777778,97,786,75.23,97,0,97,0,97,0
robust,rohcha_short_baseline_250,rohcha_short_baseline,250,15,107,0,OK,97,0,0,705.7411111111111,353.45222222222225,4.014722222222222,97,786,81.62,97,0,97,0,97,0
robust,rohcha_short_baseline_250,rohcha_short_baseline,250,15,108,0,OK,97,0,0,758.5288888888889,379.85,3.7108333333333334,97,786,82.06,97,0,97,0,97,0
robust,rohcha_short_baseline_250,rohcha_short_baseline,250,15,109,0,OK,97,0,0,762.7411111111111,375.79333333333335,2.6463888888888887,97,786,85.86,97,0,97,0,97,0
robust,rohcha_short_baseline_250,rohcha_short_baseline,250,15,110,0,OK,97,0,0,757.0122222222222,374.02666666666664,2.4694444444444446,97,786,75.03,97,0,97,0,97,0
robust,rohcha_short_baseline_250,rohcha_short_baseline,250,15,111,0,OK,97,0,0,778.8077777777778,380.9633333333333,3.827777777777778,97,786,86.14,97,0,97,0,97,0
robust,rohcha_short_baseline_250,rohcha_short_baseline,250,15,112,0,OK,97,0,0,811.07,411.56333333333333,2.6169444444444445,97,786,78.74,97,0,97,0,97,0
robust,rohcha_short_baseline_250,rohcha_short_baseline,250,15,113,0,OK,97,0,0,787.4777777777778,392.9222222222222,4.947777777777778,97,786,88.46,97,0,97,0,97,0
robust,rohcha_short_baseline_250,rohcha_short_baseline,250,15,114,0,OK,97,0,0,809.0644444444445,396.03222222222223,5.222777777777778,97,786,79.21,97,0,97,0,97,0
robust,rohcha_short_baseline_250,rohcha_short_baseline,250,15,115,0,OK,97,0,0,750.25,377.75111111111113,3.7805555555555554,97,786,90.13,97,0,97,0,97,0
robust,rohcha_short_baseline_250,rohcha_short_baseline,250,15,116,0,OK,97,0,0,769.6355555555556,384.68,5.0055555555555555,97,786,85.84,97,0,97,0,97,0
robust,rohcha_short_baseline_250,rohcha_short_baseline,250,15,117,0,OK,97,0,0,781.1811111111111,387.43,3.053888888888889,97,786,88.97,97,0,97,0,97,0
robust,rohcha_short_baseline_250,rohcha_short_baseline,250,15,118,0,OK,97,0,0,801.1244444444444,401.3888888888889,2.54,97,786,87.02,97,0,97,0,97,0
robust,rohcha_short_baseline_250,rohcha_short_baseline,250,15,119,0,OK,97,0,0,830.6766666666666,412.98777777777775,4.5275,97,786,89.53,97,0,97,0,97,0
robust,rohcha_short_baseline_250,rohcha_short_baseline,250,15,120,0,OK,97,0,0,727.89,374.99666666666667,2.167777777777778,97,786,74.31,97,0,97,0,97,0
robust,rohcha_short_baseline_250,rohcha_short_baseline,250,15,121,0,OK,97,0,0,743.5677777777778,372.64222222222224,3.8472222222222223,97,786,82.94,97,0,97,0,97,0
robust,rohcha_short_baseline_250,rohcha_short_baseline,250,15,122,0,OK,97,0,0,766.0044444444444,387.9011111111111,5.871111111111111,97,786,81.49,97,0,97,0,97,0
robust,rohcha_short_baseline_250,rohcha_short_baseline,250,15,123,0,OK,97,0,0,820.9577777777778,395.68333333333334,3.3266666666666667,97,786,90.25,97,0,97,0,97,0
robust,rohcha_short_baseline_250,rohcha_short_baseline,250,15,124,0,OK,97,0,0,775.5077777777777,385.93555555555554,3.8075,97,786,82.96,97,0,97,0,97,0
robust,rohcha_short_baseline_250,rohcha_short_baseline,250,15,125,0,OK,97,0,0,738.0066666666667,365.21666666666664,3.9955555555555557,97,786,83.99,97,0,97,0,97,0
robust,rohcha_short_baseline_250,rohcha_short_baseline,250,15,126,0,OK,97,0,0,788.4411111111111,393.5077777777778,3.6405555555555558,97,786,80.23,97,0,97,0,97,0
robust,rohcha_short_baseline_250,rohcha_short_baseline,250,15,127,0,OK,97,0,0,821.15,408.94,4.137222222222222,97,786,82.14,97,0,97,0,97,0
robust,rohcha_short_baseline_250,rohcha_short_baseline,250,15,128,0,OK,97,0,0,753.83,366.76444444444445,3.7216666666666667,97,786,92.16,97,0,97,0,97,0
robust,rohcha_short_baseline_250,rohcha_short_baseline,250,15,129,0,OK,97,0,0,711.5,363.5488888888889,2.713888888888889,97,786,81.79,97,0,97,0,97,0
robust,rohcha_short_baseline_250,rohcha_short_baseline,250,15,130,0,OK,97,0,0,770.7455555555556,386.12888888888887,3.203611111111111,97,786,84.78,97,0,97,0,97,0
robust,rohcha_short_baseline_270,rohcha_short_baseline,270,13,101,0,OK,97,0,0,708.62,381.6688888888889,5.064722222222223,84,786,88.83,97,0,97,0,97,0
robust,rohcha_short_baseline_270,rohcha_short_baseline,270,13,102,0,OK,97,0,0,696.7444444444444,374.60555555555555,3.0433333333333334,86,786,78.87,97,0,97,0,97,0
robust,rohcha_short_baseline_270,rohcha_short_baseline,270,13,103,0,OK,97,0,0,733.8377777777778,382.31,5.853055555555556,91,786,84.82,97,0,97,0,97,0
robust,rohcha_short_baseline_270,rohcha_short_baseline,270,13,104,0,OK,97,0,0,688.5766666666667,376.6311111111111,0.8855555555555555,87,786,66.78,97,0,97,0,97,0
robust,rohcha_short_baseline_270,rohcha_short_baseline,270,13,105,0,OK,97,0,0,668.1511111111112,357.1411111111111,3.3205555555555555,85,786,85.94,97,0,97,0,97,0
robust,rohcha_short_baseline_270,rohcha_short_baseline,270,13,106,0,OK,97,0,0,699.5888888888888,379.67333333333335,1.968888888888889,87,786,86.56,97,0,97,0,97,0
robust,rohcha_short_baseline_270,rohcha_short_baseline,270,13,107,0,OK,97,0,0,637.0844444444444,344.73333333333335,2.6061111111111113,87,786,79.65,97,0,97,0,97,0
robust,rohcha_short_baseline_270,rohcha_short_baseline,270,13,108,0,OK,97,0,0,660.2144444444444,362.09777777777776,3.081111111111111,83,786,76.94,97,0,97,0,97,0
robust,rohcha_short_baseline_270,rohcha_short_baseline,270,13,109,0,OK,97,0,0,689.2188888888888,368.0077777777778,5.683333333333334,88,786,74.06,97,0,97,0,97,0
robust,rohcha_short_baseline_270,rohcha_short_baseline,270,13,110,0,OK,97,0,0,692.8533333333334,368.54777777777775,1.363888888888889,91,786,75.85,97,0,97,0,97,0
robust,rohcha_short_baseline_270,rohcha_short_baseline,270,13,111,0,OK,97,0,0,701.9011111111112,371.9111111111111,3.7019444444444445,86,786,83.6,97,0,97,0,97,0
robust,rohcha_short_baseline_270,rohcha_short_baseline,270,13,112,0,OK,97,0,0,750.6955555555555,407.4588888888889,2.285833333333333,88,786,76.99,97,0,97,0,97,0
robust,rohcha_short_baseline_270,rohcha_short_baseline,270,13,113,0,OK,97,0,0,694.0511111111111,379.13444444444445,3.39,85,786,79.12,97,0,97,0,97,0
robust,rohcha_short_baseline_270,rohcha_short_baseline,270,13,114,0,OK,97,0,0,726.2344444444444,385.76,1.2238888888888888,88,786,86.35,97,0,97,0,97,0
robust,rohcha_short_baseline_270,rohcha_short_baseline,270,13,115,0,OK,97,0,0,694.3322222222222,369.5911111111111,3.5344444444444445,87,786,98.2,97,0,97,0,97,0
robust,rohcha_short_baseline_270,rohcha_short_baseline,270,13,116,0,OK,97,0,0,685.8966666666666,372.36,4.665277777777778,89,786,89.8,97,0,97,0,97,0
robust,rohcha_short_baseline_270,rohcha_short_baseline,270,13,117,0,OK,97,0,0,672.9566666666667,368.8077777777778,2.7,82,786,79.03,97,0,97,0,97,0
robust,rohcha_short_baseline_270,rohcha_short_baseline,270,13,118,0,OK,97,0,0,736.0911111111111,393.7911111111111,5.7122222222222225,90,786,86.18,97,0,97,0,97,0
robust,rohcha_short_baseline_270,rohcha_short_baseline,270,13,119,0,OK,97,0,0,741.1588888888889,402.15222222222224,4.972777777777778,90,786,93.41,97,0,97,0,97,0
robust,rohcha_short_baseline_270,rohcha_short_baseline,270,13,120,0,OK,97,0,0,664.0344444444445,363.47222222222223,5.051111111111111,86,786,83.88,97,0,97,0,97,0
robust,rohcha_short_baseline_270,rohcha_short_baseline,270,13,121,0,OK,97,0,0,661.4888888888889,357.8877777777778,3.2275,84,786,86.11,97,0,97,0,97,0
robust,rohcha_short_baseline_270,rohcha_short_baseline,270,13,122,0,OK,97,0,0,647.1166666666667,367.82,1.4222222222222223,83,786,66.38,97,0,97,0,97,0
robust,rohcha_short_baseline_270,rohcha_short_baseline,270,13,123,0,OK,97,0,0,743.0933333333334,391.24444444444447,4.405555555555556,87,786,107.68,97,0,97,0,97,0
robust,rohcha_short_baseline_270,rohcha_short_baseline,270,13,124,0,OK,97,0,0,680.9188888888889,370.9288888888889,4.775555555555556,85,786,93.06,97,0,97,0,97,0
robust,rohcha_short_baseline_270,rohcha_short_baseline,270,13,125,0,OK,97,0,0,691.2777777777778,362.9011111111111,4.346111111111111,91,786,85.54,97,0,97,0,97,0
robust,rohcha_short_baseline_270,rohcha_short_baseline,270,13,126,0,OK,97,0,0,723.0155555555556,384.5855555555556,2.977777777777778,89,786,91.7,97,0,97,0,97,0
robust,rohcha_short_baseline_270,rohcha_short_baseline,270,13,127,0,OK,97,0,0,761.3711111111111,403.6044444444444,6.540277777777778,93,786,93.0,97,0,97,0,97,0
robust,rohcha_short_baseline_270,rohcha_short_baseline,270,13,128,0,OK,97,0,0,673.4133333333333,357.68666666666667,3.5858333333333334,88,786,90.83,97,0,97,0,97,0
robust,rohcha_short_baseline_270,rohcha_short_baseline,270,13,129,0,OK,97,0,0,650.5066666666667,354.39222222222224,0.9955555555555555,83,786,79.76,97,0,97,0,97,0
robust,rohcha_short_baseline_270,rohcha_short_baseline,270,13,130,0,OK,97,0,0,722.7477777777777,384.35333333333335,5.604722222222223,88,786,83.4,97,0,97,0,97,0
robust,rohcha_short_baseline_270,rohcha_short_baseline,270,14,101,0,OK,97,0,0,701.9477777777778,374.99666666666667,2.2319444444444443,84,786,74.11,97,0,97,0,97,0
robust,rohcha_short_baseline_270,rohcha_short_baseline,270,14,102,0,OK,97,0,0,692.5888888888888,370.45,3.1616666666666666,86,786,64.74,97,0,97,0,97,0
robust,rohcha_short_baseline_270,rohcha_short_baseline,270,14,103,0,OK,97,0,0,728.39,376.8622222222222,4.994722222222222,91,786,81.52,97,0,97,0,97,0
robust,rohcha_short_baseline_270,rohcha_short_baseline,270,14,104,0,OK,97,0,0,686.6688888888889,374.72333333333336,2.805,87,786,67.91,97,0,97,0,97,0
robust,rohcha_short_baseline_270,rohcha_short_baseline,270,14,105,0,OK,97,0,0,663.7344444444444,352.72444444444443,2.04,85,786,65.05,97,0,97,0,97,0
robust,rohcha_short_baseline_270,rohcha_short_baseline,270,14,106,0,OK,97,0,0,694.2422222222223,374.32666666666665,2.6933333333333334,87,786,82.35,97,0,97,0,97,0
robust,rohcha_short_baseline_270,rohcha_short_baseline,270,14,107,0,OK,97,0,0,632.9277777777778,340.57666666666665,2.263333333333333,87,786,63.91,97,0,97,0,97,0
robust,rohcha_short_baseline_270,rohcha_short_baseline,270,14,108,0,OK,97,0,0,657.5066666666667,359.39,2.292777777777778,83,786,63.47,97,0,97,0,97,0
robust,rohcha_short_baseline_270,rohcha_short_baseline,270,14,109,0,OK,97,0,0,683.1355555555556,361.9244444444444,0.1225,88,786,73.39,97,0,97,0,97,0
robust,rohcha_short_baseline_270,rohcha_short_baseline,270,14,110,0,OK,97,0,0,686.4122222222222,362.1066666666667,2.506111111111111,91,786,75.6,97,0,97,0,97,0
robust,rohcha_short_baseline_270,rohcha_short_baseline,270,14,111,0,OK,97,0,0,696.8366666666667,366.8466666666667,2.865,86,786,76.74,97,0,97,0,97,0
robust,rohcha_short_baseline_270,rohcha_short_baseline,270,14,112,0,OK,97,0,0,742.5744444444445,399.3377777777778,4.176666666666667,88,786,68.22,97,0,97,0,97,0
robust,rohcha_short_baseline_270,rohcha_short_baseline,270,14,113,0,OK,97,0,0,688.0022222222223,373.0855555555556,0.5744444444444444,85,786,68.3,97,0,97,0,97,0
robust,rohcha_short_baseline_270,rohcha_short_baseline,270,14,114,0,OK,97,0,0,719.7488888888889,379.27444444444444,1.7438888888888888,88,786,75.43,97,0,97,0,97,0
robust,rohcha_short_baseline_270,rohcha_short_baseline,270,14,115,0,OK,97,0,0,690.4044444444445,365.66333333333336,3.3427777777777776,87,786,68.84,97,0,97,0,97,0
robust,rohcha_short_baseline_270,rohcha_short_baseline,270,14,116,0,OK,97,0,0,680.7422222222223,367.2055555555556,3.9705555555555554,89,786,76.71,97,0,97,0,97,0
robust,rohcha_short_baseline_270,rohcha_short_baseline,270,14,117,0,OK,97,0,0,669.3788888888889,365.23,1.055,82,786,70.24,97,0,97,0,97,0
robust,rohcha_short_baseline_270,rohcha_short_baseline,270,14,118,0,OK,97,0,0,730.78,388.48,3.8141666666666665,90,786,83.99,97,0,97,0,97,0
robust,rohcha_short_baseline_270,rohcha_short_baseline,270,14,119,0,OK,97,0,0,730.8611111111111,391.8544444444444,4.295555555555556,90,786,80.07,97,0,97,0,97,0
robust,rohcha_short_baseline_270,rohcha_short_baseline,270,14,120,0,OK,97,0,0,660.7111111111111,360.1488888888889,3.471111111111111,86,786,64.07,97,0,97,0,97,0
robust,rohcha_short_baseline_270,rohcha_short_baseline,270,14,121,0,OK,97,0,0,657.7155555555555,354.1144444444444,3.7705555555555557,84,786,72.61,97,0,97,0,97,0
robust,rohcha_short_baseline_270,rohcha_short_baseline,270,14,122,0,OK,97,0,0,643.7177777777778,364.4211111111111,1.8583333333333334,83,786,70.18,97,0,97,0,97,0
robust,rohcha_short_baseline_270,rohcha_short_baseline,270,14,123,0,OK,97,0,0,732.0077777777777,380.1588888888889,3.0844444444444443,87,786,87.41,97,0,97,0,97,0
robust,rohcha_short_baseline_270,rohcha_short_baseline,270,14,124,0,OK,97,0,0,677.0533333333333,367.06333333333333,2.667777777777778,85,786,77.4,97,0,97,0,97,0
robust,rohcha_short_baseline_270,rohcha_short_baseline,270,14,125,0,OK,97,0,0,685.9588888888889,357.58222222222224,3.21,91,786,82.93,97,0,97,0,97,0
robust,rohcha_short_baseline_270,rohcha_short_baseline,270,14,126,0,OK,97,0,0,718.2633333333333,379.8333333333333,0.8361111111111111,89,786,83.63,97,0,97,0,97,0
robust,rohcha_short_baseline_270,rohcha_short_baseline,270,14,127,0,OK,97,0,0,754.25,396.48333333333335,6.459444444444444,93,786,79.3,97,0,97,0,97,0
robust,rohcha_short_baseline_270,rohcha_short_baseline,270,14,128,0,OK,97,0,0,666.4355555555555,350.7088888888889,3.3022222222222224,88,786,75.5,97,0,97,0,97,0
robust,rohcha_short_baseline_270,rohcha_short_baseline,270,14,129,0,OK,97,0,0,643.6555555555556,347.5411111111111,1.1122222222222222,83,786,69.24,97,0,97,0,97,0
robust,rohcha_short_baseline_270,rohcha_short_baseline,270,14,130,0,OK,97,0,0,714.1344444444444,375.74,4.3997222222222225,88,786,87.41,97,0,97,0,97,0
robust,rohcha_short_baseline_300,rohcha_short_baseline,300,10,101,0,OK,97,0,0,565.5633333333334,356.57,3.393611111111111,62,786,63.01,97,0,97,0,97,0
robust,rohcha_short_baseline_300,rohcha_short_baseline,300,10,102,0,OK,97,0,0,532.9266666666666,340.9555555555556,2.6475,57,786,41.01,97,0,97,0,97,0
robust,rohcha_short_baseline_300,rohcha_short_baseline,300,10,103,0,OK,97,0,0,559.5477777777778,346.46777777777777,2.957222222222222,65,786,59.64,97,0,97,0,97,0
robust,rohcha_short_baseline_300,rohcha_short_baseline,300,10,104,0,OK,97,0,0,551.5955555555555,353.7633333333333,1.26,58,786,63.79,97,0,97,0,97,0
robust,rohcha_short_baseline_300,rohcha_short_baseline,300,10,105,0,OK,97,0,0,506.18888888888887,325.05444444444447,2.970833333333333,55,786,56.02,97,0,97,0,97,0
robust,rohcha_short_baseline_300,rohcha_short_baseline,300,10,106,0,OK,97,0,0,539.2777777777778,351.78555555555556,1.3572222222222223,57,786,57.08,97,0,97,0,97,0
robust,rohcha_short_baseline_300,rohcha_short_baseline,300,10,107,0,OK,97,0,0,475.50888888888886,314.5155555555556,1.8805555555555555,53,786,58.7,97,0,97,0,97,0
robust,rohcha_short_baseline_300,rohcha_short_baseline,300,10,108,0,OK,97,0,0,502.99666666666667,332.5311111111111,2.707777777777778,53,786,51.19,97,0,97,0,97,0
robust,rohcha_short_baseline_300,rohcha_short_baseline,300,10,109,0,OK,97,0,0,539.1733333333333,339.77666666666664,3.7005555555555554,62,786,68.59,97,0,97,0,97,0
robust,rohcha_short_baseline_300,rohcha_short_baseline,300,10,110,0,OK,97,0,0,537.5544444444445,339.74111111111114,2.941666666666667,61,786,48.02,97,0,97,0,97,0
robust,rohcha_short_baseline_300,rohcha_short_baseline,300,10,111,0,OK,97,0,0,516.0977777777778,334.56111111111113,3.7311111111111113,55,786,59.68,97,0,97,0,97,0
robust,rohcha_short_baseline_300,rohcha_short_baseline,300,10,112,0,OK,97,0,0,559.1866666666666,361.75444444444446,6.7219444444444445,56,786,62.72,97,0,97,0,97,0
robust,rohcha_short_baseline_300,rohcha_short_baseline,300,10,113,0,OK,97,0,0,567.5488888888889,360.8488888888889,4.308888888888889,62,786,52.7,97,0,97,0,97,0
robust,rohcha_short_baseline_300,rohcha_short_baseline,300,10,114,0,OK,97,0,0,568.3155555555555,359.68111111111114,1.1752777777777779,63,786,64.27,97,0,97,0,97,0
robust,rohcha_short_baseline_300,rohcha_short_baseline,300,10,115,0,OK,97,0,0,513.6011111111111,333.66555555555556,2.4347222222222222,56,786,47.36,97,0,97,0,97,0
robust,rohcha_short_baseline_300,rohcha_short_baseline,300,10,116,0,OK,97,0,0,556.3566666666667,351.3988888888889,4.155555555555556,63,786,60.23,97,0,97,0,97,0
robust,rohcha_short_baseline_300,rohcha_short_baseline,300,10,117,0,OK,97,0,0,523.4922222222223,344.2988888888889,3.402222222222222,54,786,52.28,97,0,97,0,97,0
robust,rohcha_short_baseline_300,rohcha_short_baseline,300,10,118,0,OK,97,0,0,602.2177777777778,374.25444444444446,3.077777777777778,67,786,70.31,97,0,97,0,97,0
robust,rohcha_short_baseline_300,rohcha_short_baseline,300,10,119,0,OK,97,0,0,620.6511111111112,378.4166666666667,5.5216666666666665,72,786,68.64,97,0,97,0,97,0
robust,rohcha_short_baseline_300,rohcha_short_baseline,300,10,120,0,OK,97,0,0,498.02,332.18444444444447,1.5233333333333334,50,786,45.04,97,0,97,0,97,0
robust,rohcha_short_baseline_300,rohcha_short_baseline,300,10,121,0,OK,97,0,0,464.3511111111111,316.18111111111114,1.9058333333333333,48,786,46.34,97,0,97,0,97,0
robust,rohcha_short_baseline_300,rohcha_short_baseline,300,10,122,0,OK,97,0,0,539.4522222222222,350.0,3.5025,59,786,49.34,97,0,97,0,97,0
robust,rohcha_short_baseline_300,rohcha_short_baseline,300,10,123,0,OK,97,0,0,539.3344444444444,345.91333333333336,3.971111111111111,59,786,54.8,97,0,97,0,97,0
robust,rohcha_short_baseline_300,rohcha_short_baseline,300,10,124,0,OK,97,0,0,566.4944444444444,354.0188888888889,3.075833333333333,66,786,65.89,97,0,97,0,97,0
robust,rohcha_short_baseline_300,rohcha_short_baseline,300,10,125,0,OK,97,0,0,558.0733333333334,341.8622222222222,4.611111111111111,69,786,70.22,97,0,97,0,97,0
robust,rohcha_short_baseline_300,rohcha_short_baseline,300,10,126,0,OK,97,0,0,553.3022222222222,354.4188888888889,2.905,59,786,57.92,97,0,97,0,97,0
robust,rohcha_short_baseline_300,rohcha_short_baseline,300,10,127,0,OK,97,0,0,581.0855555555555,366.18888888888887,4.329444444444444,64,786,60.4,97,0,97,0,97,0
robust,rohcha_short_baseline_300,rohcha_short_baseline,300,10,128,0,OK,97,0,0,510.27555555555557,325.93111111111114,1.7261111111111112,59,786,51.75,97,0,97,0,97,0
robust,rohcha_short_baseline_300,rohcha_short_baseline,300,10,129,0,OK,97,0,0,437.95222222222225,307.18333333333334,1.6069444444444445,41,786,47.23,97,0,97,0,97,0
robust,rohcha_short_baseline_300,rohcha_short_baseline,300,10,130,0,OK,97,0,0,554.4644444444444,347.10333333333335,2.5325,62,786,61.81,97,0,97,0,97,0
robust,rohcha_short_baseline_300,rohcha_short_baseline,300,11,101,0,OK,97,0,0,553.7877777777778,344.7944444444444,1.1866666666666668,62,786,65.48,97,0,97,0,97,0
robust,rohcha_short_baseline_300,rohcha_short_baseline,300,11,102,0,OK,97,0,0,528.5655555555555,336.59444444444443,1.2236111111111112,57,786,58.66,97,0,97,0,97,0
robust,rohcha_short_baseline_300,rohcha_short_baseline,300,11,103,0,OK,97,0,0,551.9333333333333,338.85333333333335,1.423888888888889,65,786,67.25,97,0,97,0,97,0
robust,rohcha_short_baseline_300,rohcha_short_baseline,300,11,104,0,OK,97,0,0,543.6811111111111,345.8488888888889,1.333888888888889,58,786,60.02,97,0,97,0,97,0
robust,rohcha_short_baseline_300,rohcha_short_baseline,300,11,105,0,OK,97,0,0,501.0444444444444,319.91,2.515833333333333,55,786,52.94,97,0,97,0,97,0
robust,rohcha_short_baseline_300,rohcha_short_baseline,300,11,106,0,OK,97,0,0,534.4988888888889,347.00666666666666,1.69,57,786,56.09,97,0,97,0,97,0
robust,rohcha_short_baseline_300,rohcha_short_baseline,300,11,107,0,OK,97,0,0,471.4477777777778,310.45444444444445,1.0594444444444444,53,786,55.14,97,0,97,0,97,0
robust,rohcha_short_baseline_300,rohcha_short_baseline,300,11,108,0,OK,97,0,0,497.60333333333335,327.1377777777778,2.968888888888889,53,786,47.88,97,0,97,0,97,0
robust,rohcha_short_baseline_300,rohcha_short_baseline,300,11,109,0,OK,97,0,0,533.7777777777778,334.3811111111111,3.523888888888889,62,786,50.94,97,0,97,0,97,0
robust,rohcha_short_baseline_300,rohcha_short_baseline,300,11,110,0,OK,97,0,0,529.8077777777778,331.99444444444447,0.31777777777777777,61,786,58.58,97,0,97,0,97,0
robust,rohcha_short_baseline_300,rohcha_short_baseline,300,11,111,0,OK,97,0,0,512.2888888888889,330.7522222222222,2.433333333333333,55,786,48.52,97,0,97,0,97,0
robust,rohcha_short_baseline_300,rohcha_short_baseline,300,11,112,0,OK,97,0,0,553.4855555555556,356.05333333333334,3.3555555555555556,56,786,44.2,97,0,97,0,97,0
robust,rohcha_short_baseline_300,rohcha_short_baseline,300,11,113,0,OK,97,0,0,557.1533333333333,350.4533333333333,3.3055555555555554,62,786,52.71,97,0,97,0,97,0
robust,rohcha_short_baseline_300,rohcha_short_baseline,300,11,114,0,OK,97,0,0,558.9911111111111,350.3566666666667,1.7475,63,786,62.34,97,0,97,0,97,0
robust,rohcha_short_baseline_300,rohcha_short_baseline,300,11,115,0,OK,97,0,0,508.66333333333336,328.72777777777776,2.275,56,786,53.36,97,0,97,0,97,0
robust,rohcha_short_baseline_300,rohcha_short_baseline,300,11,116,0,OK,97,0,0,548.7722222222222,343.81444444444446,4.1594444444444445,63,786,65.06,97,0,97,0,97,0
robust,rohcha_short_baseline_300,rohcha_short_baseline,300,11,117,0,OK,97,0,0,517.7422222222223,338.5488888888889,0.9222222222222223,54,786,54.49,97,0,97,0,97,0
robust,rohcha_short_baseline_300,rohcha_short_baseline,300,11,118,0,OK,97,0,0,596.5111111111111,368.54777777777775,4.595555555555555,67,786,66.68,97,0,97,0,97,0
robust,rohcha_short_baseline_300,rohcha_short_baseline,300,11,119,0,OK,97,0,0,611.7911111111111,369.5566666666667,2.8205555555555555,72,786,55.83,97,0,97,0,97,0
robust,rohcha_short_baseline_300,rohcha_short_baseline,300,11,120,0,OK,97,0,0,493.4811111111111,327.6455555555556,1.2097222222222221,50,786,53.12,97,0,97,0,97,0
robust,rohcha_short_baseline_300,rohcha_short_baseline,300,11,121,0,OK,97,0,0,465.43,317.26,0.22555555555555556,48,786,41.65,97,0,97,0,97,0
robust,rohcha_short_baseline_300,rohcha_short_baseline,300,11,122,0,OK,97,0,0,536.2966666666666,346.84444444444443,1.431111111111111,59,786,54.56,97,0,97,0,97,0
robust,rohcha_short_baseline_300,rohcha_short_baseline,300,11,123,0,OK,97,0,0,536.5388888888889,343.1177777777778,2.2355555555555555,59,786,57.84,97,0,97,0,97,0
robust,rohcha_short_baseline_300,rohcha_short_baseline,300,11,124,0,OK,97,0,0,562.4022222222222,349.9266666666667,2.453333333333333,66,786,66.48,97,0,97,0,97,0
robust,rohcha_short_baseline_300,rohcha_short_baseline,300,11,125,0,OK,97,0,0,552.0622222222222,335.8511111111111,3.9905555555555554,69,786,70.67,97,0,97,0,97,0
robust,rohcha_short_baseline_300,rohcha_short_baseline,300,11,126,0,OK,97,0,0,543.0044444444444,344.12111111111113,0.6022222222222222,59,786,65.07,97,0,97,0,97,0
robust,rohcha_short_baseline_300,rohcha_short_baseline,300,11,127,0,OK,97,0,0,575.8722222222223,360.97555555555556,4.225555555555555,64,786,63.9,97,0,97,0,97,0
robust,rohcha_short_baseline_300,rohcha_short_baseline,300,11,128,0,OK,97,0,0,507.77666666666664,323.4322222222222,0.4741666666666667,59,786,60.18,97,0,97,0,97,0
robust,rohcha_short_baseline_300,rohcha_short_baseline,300,11,129,0,OK,97,0,0,438.36555555555555,307.5966666666667,2.4386111111111113,41,786,48.39,97,0,97,0,97,0
robust,rohcha_short_baseline_300,rohcha_short_baseline,300,11,130,0,OK,97,0,0,547.8533333333334,340.4922222222222,2.1036111111111113,62,786,64.06,97,0,97,0,97,0
robust,rohcha_short_baseline_325,rohcha_short_baseline,325,10,101,0,OK,97,0,0,565.5633333333334,356.57,3.393611111111111,62,786,55.97,97,0,97,0,97,0
robust,rohcha_short_baseline_325,rohcha_short_baseline,325,10,102,0,OK,97,0,0,532.9266666666666,340.9555555555556,2.6475,57,786,61.31,97,0,97,0,97,0
robust,rohcha_short_baseline_325,rohcha_short_baseline,325,10,103,0,OK,97,0,0,559.5477777777778,346.46777777777777,2.957222222222222,65,786,59.78,97,0,97,0,97,0
robust,rohcha_short_baseline_325,rohcha_short_baseline,325,10,104,0,OK,97,0,0,551.5955555555555,353.7633333333333,1.26,58,786,62.54,97,0,97,0,97,0
robust,rohcha_short_baseline_325,rohcha_short_baseline,325,10,105,0,OK,97,0,0,506.18888888888887,325.05444444444447,2.970833333333333,55,786,48.72,97,0,97,0,97,0
robust,rohcha_short_baseline_325,rohcha_short_baseline,325,10,106,0,OK,97,0,0,539.2777777777778,351.78555555555556,1.3572222222222223,57,786,59.91,97,0,97,0,97,0
robust,rohcha_short_baseline_325,rohcha_short_baseline,325,10,107,0,OK,97,0,0,475.50888888888886,314.5155555555556,1.8805555555555555,53,786,53.24,97,0,97,0,97,0
robust,rohcha_short_baseline_325,rohcha_short_baseline,325,10,108,0,OK,97,0,0,502.99666666666667,332.5311111111111,2.707777777777778,53,786,55.23,97,0,97,0,97,0
robust,rohcha_short_baseline_325,rohcha_short_baseline,325,10,109,0,OK,97,0,0,539.1733333333333,339.77666666666664,3.7005555555555554,62,786,54.95,97,0,97,0,97,0
robust,rohcha_short_baseline_325,rohcha_short_baseline,325,10,110,0,OK,97,0,0,537.5544444444445,339.74111111111114,2.941666666666667,61,786,56.61,97,0,97,0,97,0
robust,rohcha_short_baseline_325,rohcha_short_baseline,325,10,111,0,OK,97,0,0,516.0977777777778,334.56111111111113,3.7311111111111113,55,786,50.26,97,0,97,0,97,0
robust,rohcha_short_baseline_325,rohcha_short_baseline,325,10,112,0,OK,97,0,0,559.1866666666666,361.75444444444446,6.7219444444444445,56,786,58.35,97,0,97,0,97,0
robust,rohcha_short_baseline_325,rohcha_short_baseline,325,10,113,0,OK,97,0,0,567.5488888888889,360.8488888888889,4.308888888888889,62,786,58.3,97,0,97,0,97,0
robust,rohcha_short_baseline_325,rohcha_short_baseline,325,10,114,0,OK,97,0,0,568.3155555555555,359.68111111111114,1.1752777777777779,63,786,53.96,97,0,97,0,97,0
robust,rohcha_short_baseline_325,rohcha_short_baseline,325,10,115,0,OK,97,0,0,513.6011111111111,333.66555555555556,2.4347222222222222,56,786,55.75,97,0,97,0,97,0
robust,rohcha_short_baseline_325,rohcha_short_baseline,325,10,116,0,OK,97,0,0,556.3566666666667,351.3988888888889,4.155555555555556,63,786,64.83,97,0,97,0,97,0
robust,rohcha_short_baseline_325,rohcha_short_baseline,325,10,117,0,OK,97,0,0,523.4922222222223,344.2988888888889,3.402222222222222,54,786,54.07,97,0,97,0,97,0
robust,rohcha_short_baseline_325,rohcha_short_baseline,325,10,118,0,OK,97,0,0,602.2177777777778,374.25444444444446,3.077777777777778,67,786,64.14,97,0,97,0,97,0
robust,rohcha_short_baseline_325,rohcha_short_baseline,325,10,119,0,OK,97,0,0,620.6511111111112,378.4166666666667,5.5216666666666665,72,786,61.63,97,0,97,0,97,0
robust,rohcha_short_baseline_325,rohcha_short_baseline,325,10,120,0,OK,97,0,0,498.02,332.18444444444447,1.5233333333333334,50,786,47.93,97,0,97,0,97,0
robust,rohcha_short_baseline_325,rohcha_short_baseline,325,10,121,0,OK,97,0,0,464.3511111111111,316.18111111111114,1.9058333333333333,48,786,44.85,97,0,97,0,97,0
robust,rohcha_short_baseline_325,rohcha_short_baseline,325,10,122,0,OK,97,0,0,539.4522222222222,350.0,3.5025,59,786,62.16,97,0,97,0,97,0
robust,rohcha_short_baseline_325,rohcha_short_baseline,325,10,123,0,OK,97,0,0,539.3344444444444,345.91333333333336,3.971111111111111,59,786,47.68,97,0,97,0,97,0
robust,rohcha_short_baseline_325,rohcha_short_baseline,325,10,124,0,OK,97,0,0,566.4944444444444,354.0188888888889,3.075833333333333,66,786,66.72,97,0,97,0,97,0
robust,rohcha_short_baseline_325,rohcha_short_baseline,325,10,125,0,OK,97,0,0,558.0733333333334,341.8622222222222,4.611111111111111,69,786,66.93,97,0,97,0,97,0
robust,rohcha_short_baseline_325,rohcha_short_baseline,325,10,126,0,OK,97,0,0,553.3022222222222,354.4188888888889,2.905,59,786,57.0,97,0,97,0,97,0
robust,rohcha_short_baseline_325,rohcha_short_baseline,325,10,127,0,OK,97,0,0,581.0855555555555,366.18888888888887,4.329444444444444,64,786,66.09,97,0,97,0,97,0
robust,rohcha_short_baseline_325,rohcha_short_baseline,325,10,128,0,OK,97,0,0,510.27555555555557,325.93111111111114,1.7261111111111112,59,786,60.54,97,0,97,0,97,0
robust,rohcha_short_baseline_325,rohcha_short_baseline,325,10,129,0,OK,97,0,0,437.95222222222225,307.18333333333334,1.6069444444444445,41,786,40.27,97,0,97,0,97,0
robust,rohcha_short_baseline_325,rohcha_short_baseline,325,10,130,0,OK,97,0,0,554.4644444444444,347.10333333333335,2.5325,62,786,62.66,97,0,97,0,97,0
robust,rohcha_short_baseline_325,rohcha_short_baseline,325,11,101,0,OK,97,0,0,553.7877777777778,344.7944444444444,1.1866666666666668,62,786,55.98,97,0,97,0,97,0
robust,rohcha_short_baseline_325,rohcha_short_baseline,325,11,102,0,OK,97,0,0,528.5655555555555,336.59444444444443,1.2236111111111112,57,786,59.01,97,0,97,0,97,0
robust,rohcha_short_baseline_325,rohcha_short_baseline,325,11,103,0,OK,97,0,0,551.9333333333333,338.85333333333335,1.423888888888889,65,786,62.39,97,0,97,0,97,0
robust,rohcha_short_baseline_325,rohcha_short_baseline,325,11,104,0,OK,97,0,0,543.6811111111111,345.8488888888889,1.333888888888889,58,786,59.46,97,0,97,0,97,0
robust,rohcha_short_baseline_325,rohcha_short_baseline,325,11,105,0,OK,97,0,0,501.0444444444444,319.91,2.515833333333333,55,786,55.28,97,0,97,0,97,0
robust,rohcha_short_baseline_325,rohcha_short_baseline,325,11,106,0,OK,97,0,0,534.4988888888889,347.00666666666666,1.69,57,786,51.26,97,0,97,0,97,0
robust,rohcha_short_baseline_325,rohcha_short_baseline,325,11,107,0,OK,97,0,0,471.4477777777778,310.45444444444445,1.0594444444444444,53,786,51.23,97,0,97,0,97,0
robust,rohcha_short_baseline_325,rohcha_short_baseline,325,11,108,0,OK,97,0,0,497.60333333333335,327.1377777777778,2.968888888888889,53,786,57.76,97,0,97,0,97,0
robust,rohcha_short_baseline_325,rohcha_short_baseline,325,11,109,0,OK,97,0,0,533.7777777777778,334.3811111111111,3.523888888888889,62,786,52.83,97,0,97,0,97,0
robust,rohcha_short_baseline_325,rohcha_short_baseline,325,11,110,0,OK,97,0,0,529.8077777777778,331.99444444444447,0.31777777777777777,61,786,61.11,97,0,97,0,97,0
robust,rohcha_short_baseline_325,rohcha_short_baseline,325,11,111,0,OK,97,0,0,512.2888888888889,330.7522222222222,2.433333333333333,55,786,56.04,97,0,97,0,97,0
robust,rohcha_short_baseline_325,rohcha_short_baseline,325,11,112,0,OK,97,0,0,553.4855555555556,356.05333333333334,3.3555555555555556,56,786,58.14,97,0,97,0,97,0
robust,rohcha_short_baseline_325,rohcha_short_baseline,325,11,113,0,OK,97,0,0,557.1533333333333,350.4533333333333,3.3055555555555554,62,786,55.2,97,0,97,0,97,0
robust,rohcha_short_baseline_325,rohcha_short_baseline,325,11,114,0,OK,97,0,0,558.9911111111111,350.3566666666667,1.7475,63,786,50.45,97,0,97,0,97,0
robust,rohcha_short_baseline_325,rohcha_short_baseline,325,11,115,0,OK,97,0,0,508.66333333333336,328.72777777777776,2.275,56,786,50.47,97,0,97,0,97,0
robust,rohcha_short_baseline_325,rohcha_short_baseline,325,11,116,0,OK,97,0,0,548.7722222222222,343.81444444444446,4.1594444444444445,63,786,53.52,97,0,97,0,97,0
robust,rohcha_short_baseline_325,rohcha_short_baseline,325,11,117,0,OK,97,0,0,517.7422222222223,338.5488888888889,0.9222222222222223,54,786,53.55,97,0,97,0,97,0
robust,rohcha_short_baseline_325,rohcha_short_baseline,325,11,118,0,OK,97,0,0,596.5111111111111,368.54777777777775,4.595555555555555,67,786,61.72,97,0,97,0,97,0
robust,rohcha_short_baseline_325,rohcha_short_baseline,325,11,119,0,OK,97,0,0,611.7911111111111,369.5566666666667,2.8205555555555555,72,786,71.47,97,0,97,0,97,0
robust,rohcha_short_baseline_325,rohcha_short_baseline,325,11,120,0,OK,97,0,0,493.4811111111111,327.6455555555556,1.2097222222222221,50,786,50.2,97,0,97,0,97,0
robust,rohcha_short_baseline_325,rohcha_short_baseline,325,11,121,0,OK,97,0,0,465.43,317.26,0.22555555555555556,48,786,50.68,97,0,97,0,97,0
robust,rohcha_short_baseline_325,rohcha_short_baseline,325,11,122,0,OK,97,0,0,536.2966666666666,346.84444444444443,1.431111111111111,59,786,58.09,97,0,97,0,97,0
robust,rohcha_short_baseline_325,rohcha_short_baseline,325,11,123,0,OK,97,0,0,536.5388888888889,343.1177777777778,2.2355555555555555,59,786,55.32,97,0,97,0,97,0
robust,rohcha_short_baseline_325,rohcha_short_baseline,325,11,124,0,OK,97,0,0,562.4022222222222,349.9266666666667,2.453333333333333,66,786,66.94,97,0,97,0,97,0
robust,rohcha_short_baseline_325,rohcha_short_baseline,325,11,125,0,OK,97,0,0,552.0622222222222,335.8511111111111,3.9905555555555554,69,786,68.22,97,0,97,0,97,0
robust,rohcha_short_baseline_325,rohcha_short_baseline,325,11,126,0,OK,97,0,0,543.0044444444444,344.12111111111113,0.6022222222222222,59,786,54.25,97,0,97,0,97,0
robust,rohcha_short_baseline_325,rohcha_short_baseline,325,11,127,0,OK,97,0,0,575.8722222222223,360.97555555555556,4.225555555555555,64,786,74.79,97,0,97,0,97,0
robust,rohcha_short_baseline_325,rohcha_short_baseline,325,11,128,0,OK,97,0,0,507.77666666666664,323.4322222222222,0.4741666666666667,59,786,59.16,97,0,97,0,97,0
robust,rohcha_short_baseline_325,rohcha_short_baseline,325,11,129,0,OK,97,0,0,438.36555555555555,307.5966666666667,2.4386111111111113,41,786,51.29,97,0,97,0,97,0
robust,rohcha_short_baseline_325,rohcha_short_baseline,325,11,130,0,OK,97,0,0,547.8533333333334,340.4922222222222,2.1036111111111113,62,786,54.67,97,0,97,0,97,0
robust,rohcha_short_baseline_380,rohcha_short_baseline,380,10,101,0,OK,97,0,0,501.79333333333335,333.99555555555554,0.36333333333333334,50,786,47.5,97,0,97,0,97,0
robust,rohcha_short_baseline_380,rohcha_short_baseline,380,10,102,0,OK,97,0,0,502.8488888888889,331.28777777777776,1.3508333333333333,51,786,43.01,97,0,97,0,97,0
robust,rohcha_short_baseline_380,rohcha_short_baseline,380,10,103,0,OK,97,0,0,522.3388888888888,336.9266666666667,3.711388888888889,56,786,57.6,97,0,97,0,97,0
robust,rohcha_short_baseline_380,rohcha_short_baseline,380,10,104,0,OK,97,0,0,488.7866666666667,335.9555555555556,1.9361111111111111,44,786,44.06,97,0,97,0,97,0
robust,rohcha_short_baseline_380,rohcha_short_baseline,380,10,105,0,OK,97,0,0,467.2311111111111,315.15444444444444,1.206388888888889,47,786,51.92,97,0,97,0,97,0
robust,rohcha_short_baseline_380,rohcha_short_baseline,380,10,106,0,OK,97,0,0,506.04333333333335,341.0133333333333,1.1819444444444445,51,786,55.89,97,0,97,0,97,0
robust,rohcha_short_baseline_380,rohcha_short_baseline,380,10,107,0,OK,97,0,0,428.90444444444444,299.05555555555554,0.034444444444444444,42,786,49.89,97,0,97,0,97,0
robust,rohcha_short_baseline_380,rohcha_short_baseline,380,10,108,0,OK,97,0,0,462.8233333333333,320.06444444444446,2.2172222222222224,45,786,43.6,97,0,97,0,97,0
robust,rohcha_short_baseline_380,rohcha_short_baseline,380,10,109,0,OK,97,0,0,488.54777777777775,322.77444444444444,0.8633333333333333,51,786,54.47,97,0,97,0,97,0
robust,rohcha_short_baseline_380,rohcha_short_baseline,380,10,110,0,OK,97,0,0,509.2477777777778,331.2011111111111,0.28555555555555556,54,786,58.38,97,0,97,0,97,0
robust,rohcha_short_baseline_380,rohcha_short_baseline,380,10,111,0,OK,97,0,0,490.3488888888889,328.32444444444445,3.5294444444444446,49,786,34.63,97,0,97,0,97,0
robust,rohcha_short_baseline_380,rohcha_short_baseline,380,10,112,0,OK,97,0,0,527.4666666666667,353.02666666666664,3.1372222222222224,49,786,55.02,97,0,97,0,97,0
robust,rohcha_short_baseline_380,rohcha_short_baseline,380,10,113,0,OK,97,0,0,530.2888888888889,344.91,3.903888888888889,55,786,52.31,97,0,97,0,97,0
robust,rohcha_short_baseline_380,rohcha_short_baseline,380,10,114,0,OK,97,0,0,497.93,334.4422222222222,1.2691666666666668,49,786,47.54,97,0,97,0,97,0
robust,rohcha_short_baseline_380,rohcha_short_baseline,380,10,115,0,OK,97,0,0,468.7288888888889,319.61333333333334,2.636388888888889,46,786,48.13,97,0,97,0,97,0
robust,rohcha_short_baseline_380,rohcha_short_baseline,380,10,116,0,OK,97,0,0,495.82,332.5466666666667,2.77,50,786,52.16,97,0,97,0,97,0
robust,rohcha_short_baseline_380,rohcha_short_baseline,380,10,117,0,OK,97,0,0,487.04555555555555,334.16333333333336,1.8505555555555555,46,786,45.03,97,0,97,0,97,0
robust,rohcha_short_baseline_380,rohcha_short_baseline,380,10,118,0,OK,97,0,0,534.9633333333334,351.95666666666665,0.8369444444444445,54,786,54.57,97,0,97,0,97,0
robust,rohcha_short_baseline_380,rohcha_short_baseline,380,10,119,0,OK,97,0,0,566.1466666666666,363.8011111111111,3.128888888888889,60,786,58.59,97,0,97,0,97,0
robust,rohcha_short_baseline_380,rohcha_short_baseline,380,10,120,0,OK,97,0,0,454.7,319.58444444444444,0.07055555555555555,42,786,39.51,97,0,97,0,97,0
robust,rohcha_short_baseline_380,rohcha_short_baseline,380,10,121,0,OK,97,0,0,437.0888888888889,310.21,1.331388888888889,41,786,42.83,97,0,97,0,97,0
robust,rohcha_short_baseline_380,rohcha_short_baseline,380,10,122,0,OK,97,0,0,486.93444444444447,333.36333333333334,1.3844444444444444,48,786,49.25,97,0,97,0,97,0
robust,rohcha_short_baseline_380,rohcha_short_baseline,380,10,123,0,OK,97,0,0,509.6588888888889,338.1566666666667,3.015277777777778,52,786,55.68,97,0,97,0,97,0
robust,rohcha_short_baseline_380,rohcha_short_baseline,380,10,124,0,OK,97,0,0,514.3155555555555,338.9066666666667,0.965,55,786,56.29,97,0,97,0,97,0
robust,rohcha_short_baseline_380,rohcha_short_baseline,380,10,125,0,OK,97,0,0,515.5011111111111,330.1611111111111,2.4355555555555557,59,786,57.79,97,0,97,0,97,0
robust,rohcha_short_baseline_380,rohcha_short_baseline,380,10,126,0,OK,97,0,0,511.4888888888889,340.27444444444444,3.2875,51,786,49.25,97,0,97,0,97,0
robust,rohcha_short_baseline_380,rohcha_short_baseline,380,10,127,0,OK,97,0,0,524.5466666666666,348.1666666666667,4.158055555555555,51,786,43.68,97,0,97,0,97,0
robust,rohcha_short_baseline_380,rohcha_short_baseline,380,10,128,0,OK,97,0,0,484.93333333333334,319.0677777777778,3.8938888888888887,53,786,53.39,97,0,97,0,97,0
robust,rohcha_short_baseline_380,rohcha_short_baseline,380,10,129,0,OK,97,0,0,409.44666666666666,300.58222222222224,0.985,34,786,35.3,97,0,97,0,97,0
robust,rohcha_short_baseline_380,rohcha_short_baseline,380,10,130,0,OK,97,0,0,491.06,330.02777777777777,2.105,48,786,52.32,97,0,97,0,97,0
robust,rohcha_short_baseline_380,rohcha_short_baseline,380,9,101,0,OK,97,0,0,507.84,340.0422222222222,1.5158333333333334,50,786,57.56,97,0,97,0,97,0
robust,rohcha_short_baseline_380,rohcha_short_baseline,380,9,102,0,OK,97,0,0,513.5,341.93888888888887,3.133611111111111,51,786,50.0,97,0,97,0,97,0
robust,rohcha_short_baseline_380,rohcha_short_baseline,380,9,103,0,OK,97,0,0,524.8711111111111,339.4588888888889,2.8766666666666665,56,786,65.03,97,0,97,0,97,0
robust,rohcha_short_baseline_380,rohcha_short_baseline,380,9,104,0,OK,97,0,0,496.02555555555557,343.19444444444446,1.0402777777777779,44,786,54.58,97,0,97,0,97,0
robust,rohcha_short_baseline_380,rohcha_short_baseline,380,9,105,0,OK,97,0,0,473.2,321.12333333333333,2.5008333333333335,47,786,50.33,97,0,97,0,97,0
robust,rohcha_short_baseline_380,rohcha_short_baseline,380,9,106,0,OK,97,0,0,509.6488888888889,344.6188888888889,0.48777777777777775,51,786,61.56,97,0,97,0,97,0
robust,rohcha_short_baseline_380,rohcha_short_baseline,380,9,107,0,OK,97,0,0,433.7344444444444,303.8855555555556,0.7766666666666666,42,786,48.76,97,0,97,0,97,0
robust,rohcha_short_baseline_380,rohcha_short_baseline,380,9,108,0,OK,97,0,0,469.32666666666665,326.5677777777778,3.3566666666666665,45,786,57.07,97,0,97,0,97,0
robust,rohcha_short_baseline_380,rohcha_short_baseline,380,9,109,0,OK,97,0,0,498.0933333333333,332.32,2.412777777777778,51,786,53.71,97,0,97,0,97,0
robust,rohcha_short_baseline_380,rohcha_short_baseline,380,9,110,0,OK,97,0,0,524.1077777777778,346.06111111111113,0.34694444444444444,54,786,56.48,96,0,97,0,97,0
robust,rohcha_short_baseline_380,rohcha_short_baseline,380,9,111,0,OK,97,0,0,496.9511111111111,334.9266666666667,3.3466666666666667,49,786,69.01,97,0,97,0,97,0
robust,rohcha_short_baseline_380,rohcha_short_baseline,380,9,112,0,OK,97,0,0,535.1766666666666,360.7366666666667,3.531111111111111,49,786,36.61,97,0,97,0,97,0
robust,rohcha_short_baseline_380,rohcha_short_baseline,380,9,113,0,OK,97,0,0,550.1577777777778,364.7788888888889,3.3005555555555555,55,786,45.38,97,0,97,0,97,0
robust,rohcha_short_baseline_380,rohcha_short_baseline,380,9,114,0,OK,97,0,0,505.5677777777778,342.08,1.2583333333333333,49,786,46.05,97,0,97,0,97,0
robust,rohcha_short_baseline_380,rohcha_short_baseline,380,9,115,0,OK,97,0,0,474.16333333333336,325.04777777777775,3.9883333333333333,46,786,53.89,97,0,97,0,97,0
robust,rohcha_short_baseline_380,rohcha_short_baseline,380,9,116,0,OK,97,0,0,501.99666666666667,338.72333333333336,5.216388888888889,50,786,47.64,97,0,97,0,97,0
robust,rohcha_short_baseline_380,rohcha_short_baseline,380,9,117,0,OK,97,0,0,493.2011111111111,340.31888888888886,1.5275,46,786,51.34,97,0,97,0,97,0
robust,rohcha_short_baseline_380,rohcha_short_baseline,380,9,118,0,OK,97,0,0,548.5277777777778,365.5211111111111,4.458333333333333,54,786,65.92,97,0,97,0,97,0
robust,rohcha_short_baseline_380,rohcha_short_baseline,380,9,119,0,OK,95,0,1976,584.7222222222222,382.37666666666667,5.495555555555556,60,786,65.62,94,0,94,0,95,0
robust,rohcha_short_baseline_380,rohcha_short_baseline,380,9,120,0,OK,97,0,0,462.0777777777778,326.96222222222224,2.403888888888889,42,786,41.71,97,0,97,0,97,0
robust,rohcha_short_baseline_380,rohcha_short_baseline,380,9,121,0,OK,97,0,0,439.7655555555556,312.88666666666666,1.3447222222222222,41,786,45.89,97,0,97,0,97,0
robust,rohcha_short_baseline_380,rohcha_short_baseline,380,9,122,0,OK,97,0,0,490.6166666666667,337.04555555555555,2.5275,48,786,51.03,97,0,97,0,97,0
robust,rohcha_short_baseline_380,rohcha_short_baseline,380,9,123,0,OK,97,0,0,518.4466666666667,346.94444444444446,1.5086111111111111,52,786,49.82,97,0,97,0,97,0
robust,rohcha_short_baseline_380,rohcha_short_baseline,380,9,124,0,OK,97,0,0,525.3466666666667,349.9377777777778,2.8116666666666665,55,786,60.35,97,0,97,0,97,0
robust,rohcha_short_baseline_380,rohcha_short_baseline,380,9,125,0,OK,97,0,0,525.9866666666667,340.64666666666665,5.7025,59,786,42.66,97,0,97,0,97,0
robust,rohcha_short_baseline_380,rohcha_short_baseline,380,9,126,0,OK,97,0,0,520.4777777777778,349.2633333333333,3.9391666666666665,51,786,56.37,97,0,97,0,97,0
robust,rohcha_short_baseline_380,rohcha_short_baseline,380,9,127,0,OK,97,0,0,531.6088888888889,355.2288888888889,4.443888888888889,51,786,51.56,97,0,97,0,97,0
robust,rohcha_short_baseline_380,rohcha_short_baseline,380,9,128,0,OK,97,0,0,491.12444444444446,325.25888888888886,2.3827777777777777,53,786,59.27,97,0,97,0,97,0
robust,rohcha_short_baseline_380,rohcha_short_baseline,380,9,129,0,OK,97,0,0,410.70666666666665,301.84222222222223,1.4752777777777777,34,786,44.54,97,0,97,0,97,0
robust,rohcha_short_baseline_380,rohcha_short_baseline,380,9,130,0,OK,97,0,0,497.8411111111111,336.8088888888889,4.001388888888889,48,786,55.49,97,0,97,0,97,0
robust,rohcha_short_baseline_425,rohcha_short_baseline,425,10,101,0,OK,97,0,0,501.79333333333335,333.99555555555554,0.36333333333333334,50,786,57.25,97,0,97,0,97,0
robust,rohcha_short_baseline_425,rohcha_short_baseline,425,10,102,0,OK,97,0,0,502.8488888888889,331.28777777777776,1.3508333333333333,51,786,46.28,97,0,97,0,97,0
robust,rohcha_short_baseline_425,rohcha_short_baseline,425,10,103,0,OK,97,0,0,522.3388888888888,336.9266666666667,3.711388888888889,56,786,54.54,97,0,97,0,97,0
robust,rohcha_short_baseline_425,rohcha_short_baseline,425,10,104,0,OK,97,0,0,488.7866666666667,335.9555555555556,1.9361111111111111,44,786,48.67,97,0,97,0,97,0
robust,rohcha_short_baseline_425,rohcha_short_baseline,425,10,105,0,OK,97,0,0,467.2311111111111,315.15444444444444,1.206388888888889,47,786,45.42,97,0,97,0,97,0
robust,rohcha_short_baseline_425,rohcha_short_baseline,425,10,106,0,OK,97,0,0,506.04333333333335,341.0133333333333,1.1819444444444445,51,786,52.59,97,0,97,0,97,0
robust,rohcha_short_baseline_425,rohcha_short_baseline,425,10,107,0,OK,97,0,0,428.90444444444444,299.05555555555554,0.034444444444444444,42,786,43.57,97,0,97,0,97,0
robust,rohcha_short_baseline_425,rohcha_short_baseline,425,10,108,0,OK,97,0,0,462.8233333333333,320.06444444444446,2.2172222222222224,45,786,43.26,97,0,97,0,97,0
robust,rohcha_short_baseline_425,rohcha_short_baseline,425,10,109,0,OK,97,0,0,488.54777777777775,322.77444444444444,0.8633333333333333,51,786,52.26,97,0,97,0,97,0
robust,rohcha_short_baseline_425,rohcha_short_baseline,425,10,110,0,OK,97,0,0,509.2477777777778,331.2011111111111,0.28555555555555556,54,786,45.07,97,0,97,0,97,0
robust,rohcha_short_baseline_425,rohcha_short_baseline,425,10,111,0,OK,97,0,0,490.3488888888889,328.32444444444445,3.5294444444444446,49,786,53.34,97,0,97,0,97,0
robust,rohcha_short_baseline_425,rohcha_short_baseline,425,10,112,0,OK,97,0,0,527.4666666666667,353.02666666666664,3.1372222222222224,49,786,54.82,97,0,97,0,97,0
robust,rohcha_short_baseline_425,rohcha_short_baseline,425,10,113,0,OK,97,0,0,530.2888888888889,344.91,3.903888888888889,55,786,54.82,97,0,97,0,97,0
robust,rohcha_short_baseline_425,rohcha_short_baseline,425,10,114,0,OK,97,0,0,497.93,334.4422222222222,1.2691666666666668,49,786,49.63,97,0,97,0,97,0
robust,rohcha_short_baseline_425,rohcha_short_baseline,425,10,115,0,OK,97,0,0,468.7288888888889,319.61333333333334,2.636388888888889,46,786,50.04,97,0,97,0,97,0
robust,rohcha_short_baseline_425,rohcha_short_baseline,425,10,116,0,OK,97,0,0,495.82,332.5466666666667,2.77,50,786,48.5,97,0,97,0,97,0
robust,rohcha_short_baseline_425,rohcha_short_baseline,425,10,117,0,OK,97,0,0,487.04555555555555,334.16333333333336,1.8505555555555555,46,786,42.84,97,0,97,0,97,0
robust,rohcha_short_baseline_425,rohcha_short_baseline,425,10,118,0,OK,97,0,0,534.9633333333334,351.95666666666665,0.8369444444444445,54,786,56.51,97,0,97,0,97,0
robust,rohcha_short_baseline_425,rohcha_short_baseline,425,10,119,0,OK,97,0,0,566.1466666666666,363.8011111111111,3.128888888888889,60,786,51.96,97,0,97,0,97,0
robust,rohcha_short_baseline_425,rohcha_short_baseline,425,10,120,0,OK,97,0,0,454.7,319.58444444444444,0.07055555555555555,42,786,37.43,97,0,97,0,97,0
robust,rohcha_short_baseline_425,rohcha_short_baseline,425,10,121,0,OK,97,0,0,437.0888888888889,310.21,1.331388888888889,41,786,38.67,97,0,97,0,97,0
robust,rohcha_short_baseline_425,rohcha_short_baseline,425,10,122,0,OK,97,0,0,486.93444444444447,333.36333333333334,1.3844444444444444,48,786,47.8,97,0,97,0,97,0
robust,rohcha_short_baseline_425,rohcha_short_baseline,425,10,123,0,OK,97,0,0,509.6588888888889,338.1566666666667,3.015277777777778,52,786,53.41,97,0,97,0,97,0
robust,rohcha_short_baseline_425,rohcha_short_baseline,425,10,124,0,OK,97,0,0,514.3155555555555,338.9066666666667,0.965,55,786,54.19,97,0,97,0,97,0
robust,rohcha_short_baseline_425,rohcha_short_baseline,425,10,125,0,OK,97,0,0,515.5011111111111,330.1611111111111,2.4355555555555557,59,786,62.38,97,0,97,0,97,0
robust,rohcha_short_baseline_425,rohcha_short_baseline,425,10,126,0,OK,97,0,0,511.4888888888889,340.27444444444444,3.2875,51,786,47.48,97,0,97,0,97,0
robust,rohcha_short_baseline_425,rohcha_short_baseline,425,10,127,0,OK,97,0,0,524.5466666666666,348.1666666666667,4.158055555555555,51,786,56.26,97,0,97,0,97,0
robust,rohcha_short_baseline_425,rohcha_short_baseline,425,10,128,0,OK,97,0,0,484.93333333333334,319.0677777777778,3.8938888888888887,53,786,55.29,97,0,97,0,97,0
robust,rohcha_short_baseline_425,rohcha_short_baseline,425,10,129,0,OK,97,0,0,409.44666666666666,300.58222222222224,0.985,34,786,40.61,97,0,97,0,97,0
robust,rohcha_short_baseline_425,rohcha_short_baseline,425,10,130,0,OK,97,0,0,491.06,330.02777777777777,2.105,48,786,46.45,97,0,97,0,97,0
robust,rohcha_short_baseline_425,rohcha_short_baseline,425,9,101,0,OK,97,0,0,507.84,340.0422222222222,1.5158333333333334,50,786,46.57,97,0,97,0,97,0
robust,rohcha_short_baseline_425,rohcha_short_baseline,425,9,102,0,OK,97,0,0,513.5,341.93888888888887,3.133611111111111,51,786,54.32,97,0,97,0,97,0
robust,rohcha_short_baseline_425,rohcha_short_baseline,425,9,103,0,OK,97,0,0,524.8711111111111,339.4588888888889,2.8766666666666665,56,786,50.54,97,0,97,0,97,0
robust,rohcha_short_baseline_425,rohcha_short_baseline,425,9,104,0,OK,97,0,0,496.02555555555557,343.19444444444446,1.0402777777777779,44,786,55.16,97,0,97,0,97,0
robust,rohcha_short_baseline_425,rohcha_short_baseline,425,9,105,0,OK,97,0,0,473.2,321.12333333333333,2.5008333333333335,47,786,51.81,97,0,97,0,97,0
robust,rohcha_short_baseline_425,rohcha_short_baseline,425,9,106,0,OK,97,0,0,509.6488888888889,344.6188888888889,0.48777777777777775,51,786,39.0,97,0,97,0,97,0
robust,rohcha_short_baseline_425,rohcha_short_baseline,425,9,107,0,OK,97,0,0,433.7344444444444,303.8855555555556,0.7766666666666666,42,786,53.4,97,0,97,0,97,0
robust,rohcha_short_baseline_425,rohcha_short_baseline,425,9,108,0,OK,97,0,0,469.32666666666665,326.5677777777778,3.3566666666666665,45,786,35.26,97,0,97,0,97,0
robust,rohcha_short_baseline_425,rohcha_short_baseline,425,9,109,0,OK,97,0,0,498.0933333333333,332.32,2.412777777777778,51,786,56.73,97,0,97,0,97,0
robust,rohcha_short_baseline_425,rohcha_short_baseline,425,9,110,0,OK,97,0,0,524.1077777777778,346.06111111111113,0.34694444444444444,54,786,47.59,96,0,97,0,97,0
robust,rohcha_short_baseline_425,rohcha_short_baseline,425,9,111,0,OK,97,0,0,496.9511111111111,334.9266666666667,3.3466666666666667,49,786,58.3,97,0,97,0,97,0
robust,rohcha_short_baseline_425,rohcha_short_baseline,425,9,112,0,OK,97,0,0,535.1766666666666,360.7366666666667,3.531111111111111,49,786,43.31,97,0,97,0,97,0
robust,rohcha_short_baseline_425,rohcha_short_baseline,425,9,113,0,OK,97,0,0,550.1577777777778,364.7788888888889,3.3005555555555555,55,786,58.76,97,0,97,0,97,0
robust,rohcha_short_baseline_425,rohcha_short_baseline,425,9,114,0,OK,97,0,0,505.5677777777778,342.08,1.2583333333333333,49,786,43.82,97,0,97,0,97,0
robust,rohcha_short_baseline_425,rohcha_short_baseline,425,9,115,0,OK,97,0,0,474.16333333333336,325.04777777777775,3.9883333333333333,46,786,46.56,97,0,97,0,97,0
robust,rohcha_short_baseline_425,rohcha_short_baseline,425,9,116,0,OK,97,0,0,501.99666666666667,338.72333333333336,5.216388888888889,50,786,54.02,97,0,97,0,97,0
robust,rohcha_short_baseline_425,rohcha_short_baseline,425,9,117,0,OK,97,0,0,493.2011111111111,340.31888888888886,1.5275,46,786,44.97,97,0,97,0,97,0
robust,rohcha_short_baseline_425,rohcha_short_baseline,425,9,118,0,OK,97,0,0,548.5277777777778,365.5211111111111,4.458333333333333,54,786,60.69,97,0,97,0,97,0
robust,rohcha_short_baseline_425,rohcha_short_baseline,425,9,119,0,OK,95,0,1976,584.7222222222222,382.37666666666667,5.495555555555556,60,786,60.45,94,0,94,0,95,0
robust,rohcha_short_baseline_425,rohcha_short_baseline,425,9,120,0,OK,97,0,0,462.0777777777778,326.96222222222224,2.403888888888889,42,786,39.84,97,0,97,0,97,0
robust,rohcha_short_baseline_425,rohcha_short_baseline,425,9,121,0,OK,97,0,0,439.7655555555556,312.88666666666666,1.3447222222222222,41,786,43.95,97,0,97,0,97,0
robust,rohcha_short_baseline_425,rohcha_short_baseline,425,9,122,0,OK,97,0,0,490.6166666666667,337.04555555555555,2.5275,48,786,43.46,97,0,97,0,97,0
robust,rohcha_short_baseline_425,rohcha_short_baseline,425,9,123,0,OK,97,0,0,518.4466666666667,346.94444444444446,1.5086111111111111,52,786,46.58,97,0,97,0,97,0
robust,rohcha_short_baseline_425,rohcha_short_baseline,425,9,124,0,OK,97,0,0,525.3466666666667,349.9377777777778,2.8116666666666665,55,786,48.19,97,0,97,0,97,0
robust,rohcha_short_baseline_425,rohcha_short_baseline,425,9,125,0,OK,97,0,0,525.9866666666667,340.64666666666665,5.7025,59,786,47.48,97,0,97,0,97,0
robust,rohcha_short_baseline_425,rohcha_short_baseline,425,9,126,0,OK,97,0,0,520.4777777777778,349.2633333333333,3.9391666666666665,51,786,43.33,97,0,97,0,97,0
robust,rohcha_short_baseline_425,rohcha_short_baseline,425,9,127,0,OK,97,0,0,531.6088888888889,355.2288888888889,4.443888888888889,51,786,46.59,97,0,97,0,97,0
robust,rohcha_short_baseline_425,rohcha_short_baseline,425,9,128,0,OK,97,0,0,491.12444444444446,325.25888888888886,2.3827777777777777,53,786,45.93,97,0,97,0,97,0
robust,rohcha_short_baseline_425,rohcha_short_baseline,425,9,129,0,OK,97,0,0,410.70666666666665,301.84222222222223,1.4752777777777777,34,786,35.44,97,0,97,0,97,0
robust,rohcha_short_baseline_425,rohcha_short_baseline,425,9,130,0,OK,97,0,0,497.8411111111111,336.8088888888889,4.001388888888889,48,786,46.18,97,0,97,0,97,0
robust,rohcha_short_baseline_500,rohcha_short_baseline,500,7,101,0,OK,97,0,0,383.4577777777778,312.06666666666666,2.7605555555555554,21,786,36.99,97,0,97,0,97,0
robust,rohcha_short_baseline_500,rohcha_short_baseline,500,7,102,0,OK,97,0,0,374.93555555555554,300.28,1.7377777777777779,23,786,34.67,97,0,97,0,97,0
robust,rohcha_short_baseline_500,rohcha_short_baseline,500,7,103,0,OK,97,0,0,420.42,320.7311111111111,3.7375,29,786,44.39,97,0,97,0,97,0
robust,rohcha_short_baseline_500,rohcha_short_baseline,500,7,104,0,OK,97,0,0,351.43666666666667,296.94,1.116111111111111,16,786,29.11,97,0,97,0,97,0
robust,rohcha_short_baseline_500,rohcha_short_baseline,500,7,105,0,OK,97,0,0,351.73333333333335,287.09444444444443,1.086111111111111,21,786,27.84,97,0,97,0,97,0
robust,rohcha_short_baseline_500,rohcha_short_baseline,500,7,106,0,OK,97,0,0,355.43111111111114,302.4288888888889,0.49805555555555553,18,786,31.93,97,0,97,0,97,0
robust,rohcha_short_baseline_500,rohcha_short_baseline,500,7,107,0,OK,97,0,0,327.40555555555557,274.6022222222222,2.057777777777778,18,786,31.03,97,0,97,0,97,0
robust,rohcha_short_baseline_500,rohcha_short_baseline,500,7,108,0,OK,97,0,0,358.1388888888889,297.1933333333333,1.4358333333333333,20,786,28.33,97,0,97,0,97,0
robust,rohcha_short_baseline_500,rohcha_short_baseline,500,7,109,0,OK,97,0,0,367.8988888888889,296.0577777777778,2.5175,22,786,33.98,97,0,97,0,97,0
robust,rohcha_short_baseline_500,rohcha_short_baseline,500,7,110,0,OK,97,0,0,368.7944444444444,299.0177777777778,0.6705555555555556,20,786,28.94,96,0,96,0,97,0
robust,rohcha_short_baseline_500,rohcha_short_baseline,500,7,111,0,OK,97,0,0,386.03333333333336,307.31444444444446,1.6383333333333334,24,786,35.55,97,0,97,0,97,0
robust,rohcha_short_baseline_500,rohcha_short_baseline,500,7,112,0,OK,97,0,0,390.20222222222225,323.69444444444446,3.1069444444444443,19,786,26.86,97,0,97,0,97,0
robust,rohcha_short_baseline_500,rohcha_short_baseline,500,7,113,0,OK,97,0,0,383.91555555555556,309.19444444444446,2.437222222222222,22,786,30.52,97,0,97,0,97,0
robust,rohcha_short_baseline_500,rohcha_short_baseline,500,7,114,0,OK,97,0,0,417.93888888888887,323.94,1.3352777777777778,27,786,37.99,97,0,97,0,97,0
robust,rohcha_short_baseline_500,rohcha_short_baseline,500,7,115,0,OK,97,0,0,356.04555555555555,293.9788888888889,1.0708333333333333,19,786,29.36,97,0,97,0,97,0
robust,rohcha_short_baseline_500,rohcha_short_baseline,500,7,116,0,OK,97,0,0,368.32,299.07,2.4219444444444442,22,786,37.24,97,0,97,0,97,0
robust,rohcha_short_baseline_500,rohcha_short_baseline,500,7,117,0,OK,97,0,0,377.1877777777778,308.7988888888889,0.9944444444444445,21,786,34.75,97,0,97,0,97,0
robust,rohcha_short_baseline_500,rohcha_short_baseline,500,7,118,0,OK,97,0,0,393.08444444444444,321.41777777777776,1.4544444444444444,22,786,29.73,97,0,97,0,97,0
robust,rohcha_short_baseline_500,rohcha_short_baseline,500,7,119,0,OK,97,0,0,417.47777777777776,326.74888888888887,1.41,26,786,38.86,97,0,97,0,97,0
robust,rohcha_short_baseline_500,rohcha_short_baseline,500,7,120,0,OK,97,0,0,322.66,289.3666666666667,0.8852777777777778,11,786,26.04,97,0,97,0,97,0
robust,rohcha_short_baseline_500,rohcha_short_baseline,500,7,121,0,OK,97,0,0,349.14666666666665,287.4477777777778,0.9794444444444445,20,786,26.04,97,0,97,0,97,0
robust,rohcha_short_baseline_500,rohcha_short_baseline,500,7,122,0,OK,97,0,0,362.84222222222223,302.43333333333334,0.7530555555555556,20,786,34.56,97,0,97,0,97,0
robust,rohcha_short_baseline_500,rohcha_short_baseline,500,7,123,0,OK,97,0,0,428.31,324.05555555555554,3.4541666666666666,31,786,42.44,97,0,97,0,97,0
robust,rohcha_short_baseline_500,rohcha_short_baseline,500,7,124,0,OK,97,0,0,374.90222222222224,302.18111111111114,0.7122222222222222,22,786,36.15,97,0,97,0,97,0
robust,rohcha_short_baseline_500,rohcha_short_baseline,500,7,125,0,OK,97,0,0,354.7055555555556,290.27555555555557,2.048611111111111,21,786,33.56,97,0,97,0,97,0
robust,rohcha_short_baseline_500,rohcha_short_baseline,500,7,126,0,OK,97,0,0,382.45444444444445,311.5833333333333,1.3911111111111112,22,786,29.08,97,0,97,0,97,0
robust,rohcha_short_baseline_500,rohcha_short_baseline,500,7,127,0,OK,97,0,0,415.52,329.03444444444443,2.2152777777777777,26,786,35.55,97,0,97,0,97,0
robust,rohcha_short_baseline_500,rohcha_short_baseline,500,7,128,0,OK,97,0,0,378.39666666666665,297.49444444444447,1.2213888888888889,26,786,32.55,97,0,97,0,97,0
robust,rohcha_short_baseline_500,rohcha_short_baseline,500,7,129,0,OK,97,0,0,315.5888888888889,276.8077777777778,0.16027777777777777,12,786,20.41,97,0,97,0,97,0
robust,rohcha_short_baseline_500,rohcha_short_baseline,500,7,130,0,OK,97,0,0,363.73,296.97444444444443,1.7583333333333333,20,786,28.0,97,0,97,0,97,0
robust,rohcha_short_baseline_500,rohcha_short_baseline,500,8,101,0,OK,97,0,0,376.37666666666667,304.98555555555555,1.135,21,786,29.71,97,0,97,0,97,0
robust,rohcha_short_baseline_500,rohcha_short_baseline,500,8,102,0,OK,97,0,0,375.71,301.05444444444447,0.3458333333333333,23,786,29.48,97,0,97,0,97,0
robust,rohcha_short_baseline_500,rohcha_short_baseline,500,8,103,0,OK,97,0,0,409.87333333333333,310.18444444444447,1.2802777777777778,29,786,35.74,97,0,97,0,97,0
robust,rohcha_short_baseline_500,rohcha_short_baseline,500,8,104,0,OK,97,0,0,349.3177777777778,294.8211111111111,0.7,16,786,25.76,97,0,97,0,97,0
robust,rohcha_short_baseline_500,rohcha_short_baseline,500,8,105,0,OK,97,0,0,349.0233333333333,284.38444444444445,1.5155555555555555,21,786,25.66,97,0,97,0,97,0
robust,rohcha_short_baseline_500,rohcha_short_baseline,500,8,106,0,OK,97,0,0,350.81,297.8077777777778,0.8408333333333333,18,786,28.2,97,0,97,0,97,0
robust,rohcha_short_baseline_500,rohcha_short_baseline,500,8,107,0,OK,97,0,0,327.6388888888889,274.8355555555556,1.531111111111111,18,786,26.59,97,0,97,0,97,0
robust,rohcha_short_baseline_500,rohcha_short_baseline,500,8,108,0,OK,97,0,0,357.3277777777778,296.3822222222222,0.27416666666666667,20,786,26.83,97,0,97,0,97,0
robust,rohcha_short_baseline_500,rohcha_short_baseline,500,8,109,0,OK,97,0,0,364.0522222222222,292.2111111111111,0.7197222222222223,22,786,29.23,97,0,97,0,97,0
robust,rohcha_short_baseline_500,rohcha_short_baseline,500,8,110,0,OK,97,0,0,362.1122222222222,292.3355555555556,0.9272222222222222,20,786,31.09,97,0,97,0,97,0
robust,rohcha_short_baseline_500,rohcha_short_baseline,500,8,111,0,OK,97,0,0,381.4011111111111,302.6822222222222,1.196388888888889,24,786,30.45,97,0,97,0,97,0
robust,rohcha_short_baseline_500,rohcha_short_baseline,500,8,112,0,OK,97,0,0,388.1977777777778,321.69,2.2794444444444446,19,786,21.26,97,0,97,0,97,0
robust,rohcha_short_baseline_500,rohcha_short_baseline,500,8,113,0,OK,97,0,0,381.37444444444446,306.6533333333333,1.1833333333333333,22,786,30.11,97,0,97,0,97,0
robust,rohcha_short_baseline_500,rohcha_short_baseline,500,8,114,0,OK,97,0,0,405.09,311.0911111111111,1.5533333333333332,27,786,35.59,97,0,97,0,97,0
robust,rohcha_short_baseline_500,rohcha_short_baseline,500,8,115,0,OK,97,0,0,350.29333333333335,288.2266666666667,0.9555555555555556,19,786,28.34,97,0,97,0,97,0
robust,rohcha_short_baseline_500,rohcha_short_baseline,500,8,116,0,OK,97,0,0,366.9111111111111,297.6611111111111,2.2125,22,786,31.08,97,0,97,0,97,0
robust,rohcha_short_baseline_500,rohcha_short_baseline,500,8,117,0,OK,97,0,0,375.5366666666667,307.1477777777778,0.9536111111111111,21,786,32.63,97,0,97,0,97,0
robust,rohcha_short_baseline_500,rohcha_short_baseline,500,8,118,0,OK,97,0,0,383.6177777777778,311.9511111111111,0.4811111111111111,22,786,25.94,97,0,97,0,97,0
robust,rohcha_short_baseline_500,rohcha_short_baseline,500,8,119,0,OK,97,0,0,411.3,320.5711111111111,0.5263888888888889,26,786,33.56,97,0,97,0,97,0
robust,rohcha_short_baseline_500,rohcha_short_baseline,500,8,120,0,OK,97,0,0,321.01,287.71666666666664,1.6408333333333334,11,786,22.23,97,0,97,0,97,0
robust,rohcha_short_baseline_500,rohcha_short_baseline,500,8,121,0,OK,97,0,0,349.0366666666667,287.3377777777778,2.2447222222222223,20,786,31.23,97,0,97,0,97,0
robust,rohcha_short_baseline_500,rohcha_short_baseline,500,8,122,0,OK,97,0,0,359.6788888888889,299.27,1.381388888888889,20,786,31.63,97,0,97,0,97,0
robust,rohcha_short_baseline_500,rohcha_short_baseline,500,8,123,0,OK,97,0,0,417.46555555555557,313.2111111111111,1.4677777777777778,31,786,36.51,97,0,97,0,97,0
robust,rohcha_short_baseline_500,rohcha_short_baseline,500,8,124,0,OK,97,0,0,370.94666666666666,298.22555555555556,0.9766666666666667,22,786,27.35,97,0,97,0,97,0
robust,rohcha_short_baseline_500,rohcha_short_baseline,500,8,125,0,OK,97,0,0,350.04333333333335,285.61333333333334,0.7830555555555555,21,786,31.01,97,0,97,0,97,0
robust,rohcha_short_baseline_500,rohcha_short_baseline,500,8,126,0,OK,97,0,0,377.75444444444446,306.8833333333333,1.1861111111111111,22,786,30.31,97,0,97,0,97,0
robust,rohcha_short_baseline_500,rohcha_short_baseline,500,8,127,0,OK,97,0,0,405.8211111111111,319.3355555555556,1.6194444444444445,26,786,37.0,97,0,97,0,97,0
robust,rohcha_short_baseline_500,rohcha_short_baseline,500,8,128,0,OK,97,0,0,370.6688888888889,289.76666666666665,1.3791666666666667,26,786,36.58,97,0,97,0,97,0
robust,rohcha_short_baseline_500,rohcha_short_baseline,500,8,129,0,OK,97,0,0,314.93666666666667,276.15555555555557,1.3936111111111111,12,786,25.88,97,0,97,0,97,0
robust,rohcha_short_baseline_500,rohcha_short_baseline,500,8,130,0,OK,97,0,0,360.78444444444443,294.0288888888889,1.6177777777777778,20,786,27.68,97,0,97,0,97,0
robust,rohcha_short_baseline_550,rohcha_short_baseline,550,6,101,0,OK,97,0,0,278.41333333333336,278.41333333333336,0.7205555555555555,0,786,15.56,97,0,97,0,97,0
robust,rohcha_short_baseline_550,rohcha_short_baseline,550,6,102,0,OK,97,0,0,271.61555555555555,271.61555555555555,1.5752777777777778,0,786,14.43,97,0,97,0,97,0
robust,rohcha_short_baseline_550,rohcha_short_baseline,550,6,103,0,OK,97,0,0,267.89,267.89,1.44,0,786,15.34,97,0,97,0,97,0
robust,rohcha_short_baseline_550,rohcha_short_baseline,550,6,104,0,OK,97,0,0,278.1988888888889,278.1988888888889,0.28805555555555556,0,786,14.47,97,0,97,0,97,0
robust,rohcha_short_baseline_550,rohcha_short_baseline,550,6,105,0,OK,97,0,0,261.5855555555556,261.5855555555556,2.233888888888889,0,786,13.31,97,0,97,0,97,0
robust,rohcha_short_baseline_550,rohcha_short_baseline,550,6,106,0,OK,97,0,0,281.1311111111111,281.1311111111111,1.3394444444444444,0,786,15.08,97,0,97,0,97,0
robust,rohcha_short_baseline_550,rohcha_short_baseline,550,6,107,0,OK,97,0,0,253.51,253.51,0.6263888888888889,0,786,16.57,97,0,97,0,97,0
robust,rohcha_short_baseline_550,rohcha_short_baseline,550,6,108,0,OK,97,0,0,273.6822222222222,273.6822222222222,2.6908333333333334,0,786,11.91,97,0,97,0,97,0
robust,rohcha_short_baseline_550,rohcha_short_baseline,550,6,109,0,OK,97,0,0,270.14,270.14,0.6608333333333334,0,786,12.95,97,0,97,0,97,0
robust,rohcha_short_baseline_550,rohcha_short_baseline,550,6,110,0,OK,97,0,0,268.99333333333334,268.99333333333334,1.0577777777777777,0,786,14.83,97,0,97,0,97,0
robust,rohcha_short_baseline_550,rohcha_short_baseline,550,6,111,0,OK,97,0,0,271.47777777777776,271.47777777777776,0.29555555555555557,0,786,14.17,97,0,97,0,97,0
robust,rohcha_short_baseline_550,rohcha_short_baseline,550,6,112,0,OK,97,0,0,295.61,295.61,2.0302777777777776,0,786,14.81,97,0,97,0,97,0
robust,rohcha_short_baseline_550,rohcha_short_baseline,550,6,113,0,OK,97,0,0,276.30555555555554,276.30555555555554,1.1861111111111111,0,786,15.01,97,0,97,0,97,0
robust,rohcha_short_baseline_550,rohcha_short_baseline,550,6,114,0,OK,97,0,0,275.41777777777776,275.41777777777776,0.9288888888888889,0,786,14.23,97,0,97,0,97,0
robust,rohcha_short_baseline_550,rohcha_short_baseline,550,6,115,0,OK,97,0,0,269.41555555555556,269.41555555555556,1.6444444444444444,0,786,14.93,97,0,97,0,97,0
robust,rohcha_short_baseline_550,rohcha_short_baseline,550,6,116,0,OK,97,0,0,272.72777777777776,272.72777777777776,1.7663888888888888,0,786,16.61,97,0,97,0,97,0
robust,rohcha_short_baseline_550,rohcha_short_baseline,550,6,117,0,OK,97,0,0,281.0622222222222,281.0622222222222,1.4969444444444444,0,786,15.38,97,0,97,0,97,0
robust,rohcha_short_baseline_550,rohcha_short_baseline,550,6,118,0,OK,97,0,0,285.6644444444444,285.6644444444444,0.7063888888888888,0,786,10.6,97,0,97,0,97,0
robust,rohcha_short_baseline_550,rohcha_short_baseline,550,6,119,0,OK,97,0,0,286.81666666666666,286.81666666666666,0.8827777777777778,0,786,14.89,97,0,97,0,97,0
robust,rohcha_short_baseline_550,rohcha_short_baseline,550,6,120,0,OK,97,0,0,275.5155555555556,275.5155555555556,0.8972222222222223,0,786,15.64,97,0,97,0,97,0
robust,rohcha_short_baseline_550,rohcha_short_baseline,550,6,121,0,OK,97,0,0,263.0833333333333,263.0833333333333,1.6388888888888888,0,786,13.05,97,0,97,0,97,0
robust,rohcha_short_baseline_550,rohcha_short_baseline,550,6,122,0,OK,97,0,0,276.3288888888889,276.3288888888889,1.6447222222222222,0,786,13.24,97,0,97,0,97,0
robust,rohcha_short_baseline_550,rohcha_short_baseline,550,6,123,0,OK,97,0,0,277.12,277.12,1.3683333333333334,0,786,14.0,97,0,97,0,97,0
robust,rohcha_short_baseline_550,rohcha_short_baseline,550,6,124,0,OK,97,0,0,273.84,273.84,1.8580555555555556,0,786,15.67,97,0,97,0,97,0
robust,rohcha_short_baseline_550,rohcha_short_baseline,550,6,125,0,OK,97,0,0,260.4244444444444,260.4244444444444,0.4666666666666667,0,786,15.08,97,0,97,0,97,0
robust,rohcha_short_baseline_550,rohcha_short_baseline,550,6,126,0,OK,97,0,0,277.9422222222222,277.9422222222222,1.0555555555555556,0,786,14.32,97,0,97,0,97,0
robust,rohcha_short_baseline_550,rohcha_short_baseline,550,6,127,0,OK,97,0,0,288.3488888888889,288.3488888888889,1.446388888888889,0,786,15.79,97,0,97,0,97,0
robust,rohcha_short_baseline_550,rohcha_short_baseline,550,6,128,0,OK,97,0,0,258.89666666666665,258.89666666666665,0.7383333333333333,0,786,16.11,97,0,97,0,97,0
robust,rohcha_short_baseline_550,rohcha_short_baseline,550,6,129,0,OK,97,0,0,263.8066666666667,263.8066666666667,0.3238888888888889,0,786,13.62,97,0,97,0,97,0
robust,rohcha_short_baseline_550,rohcha_short_baseline,550,6,130,0,OK,97,0,0,271.48777777777775,271.48777777777775,0.3441666666666667,0,786,15.6,97,0,97,0,97,0
robust,rohcha_short_baseline_550,rohcha_short_baseline,550,7,101,0,OK,97,0,0,277.0511111111111,277.0511111111111,0.76,0,786,14.43,97,0,97,0,97,0
robust,rohcha_short_baseline_550,rohcha_short_baseline,550,7,102,0,OK,97,0,0,271.3566666666667,271.3566666666667,0.21138888888888888,0,786,15.3,97,0,97,0,97,0
robust,rohcha_short_baseline_550,rohcha_short_baseline,550,7,103,0,OK,97,0,0,267.8611111111111,267.8611111111111,1.011388888888889,0,786,15.02,97,0,97,0,97,0
robust,rohcha_short_baseline_550,rohcha_short_baseline,550,7,104,0,OK,97,0,0,277.63444444444445,277.63444444444445,0.445,0,786,15.21,97,0,97,0,97,0
robust,rohcha_short_baseline_550,rohcha_short_baseline,550,7,105,0,OK,97,0,0,261.3855555555556,261.3855555555556,1.2355555555555555,0,786,15.95,97,0,97,0,97,0
robust,rohcha_short_baseline_550,rohcha_short_baseline,550,7,106,0,OK,97,0,0,281.31666666666666,281.31666666666666,1.1613888888888888,0,786,12.15,97,0,97,0,97,0
robust,rohcha_short_baseline_550,rohcha_short_baseline,550,7,107,0,OK,97,0,0,254.03333333333333,254.03333333333333,1.2158333333333333,0,786,15.8,97,0,97,0,97,0
robust,rohcha_short_baseline_550,rohcha_short_baseline,550,7,108,0,OK,97,0,0,273.54333333333335,273.54333333333335,0.05138888888888889,0,786,14.38,97,0,97,0,97,0
robust,rohcha_short_baseline_550,rohcha_short_baseline,550,7,109,0,OK,97,0,0,269.29777777777775,269.29777777777775,0.2936111111111111,0,786,16.48,97,0,97,0,97,0
robust,rohcha_short_baseline_550,rohcha_short_baseline,550,7,110,0,OK,97,0,0,267.6877777777778,267.6877777777778,1.6388888888888888,0,786,13.43,97,0,97,0,97,0
robust,rohcha_short_baseline_550,rohcha_short_baseline,550,7,111,0,OK,97,0,0,272.9322222222222,272.9322222222222,1.0863888888888888,0,786,14.82,97,0,97,0,97,0
robust,rohcha_short_baseline_550,rohcha_short_baseline,550,7,112,0,OK,97,0,0,291.6322222222222,291.6322222222222,1.2727777777777778,0,786,16.15,97,0,97,0,97,0
robust,rohcha_short_baseline_550,rohcha_short_baseline,550,7,113,0,OK,97,0,0,275.0677777777778,275.0677777777778,0.0,0,786,14.92,97,0,97,0,97,0
robust,rohcha_short_baseline_550,rohcha_short_baseline,550,7,114,0,OK,97,0,0,275.41555555555556,275.41555555555556,0.9586111111111111,0,786,15.56,97,0,97,0,97,0
robust,rohcha_short_baseline_550,rohcha_short_baseline,550,7,115,0,OK,97,0,0,267.97444444444443,267.97444444444443,1.6030555555555555,0,786,16.63,97,0,97,0,97,0
robust,rohcha_short_baseline_550,rohcha_short_baseline,550,7,116,0,OK,97,0,0,272.15,272.15,1.673888888888889,0,786,14.0,97,0,97,0,97,0
robust,rohcha_short_baseline_550,rohcha_short_baseline,550,7,117,0,OK,97,0,0,280.1455555555556,280.1455555555556,0.08277777777777778,0,786,17.05,97,0,97,0,97,0
robust,rohcha_short_baseline_550,rohcha_short_baseline,550,7,118,0,OK,97,0,0,283.77444444444444,283.77444444444444,0.5872222222222222,0,786,12.11,97,0,97,0,97,0
robust,rohcha_short_baseline_550,rohcha_short_baseline,550,7,119,0,OK,97,0,0,285.24555555555554,285.24555555555554,1.6197222222222223,0,786,14.01,97,0,97,0,97,0
robust,rohcha_short_baseline_550,rohcha_short_baseline,550,7,120,0,OK,97,0,0,274.5711111111111,274.5711111111111,1.083888888888889,0,786,14.56,97,0,97,0,97,0
robust,rohcha_short_baseline_550,rohcha_short_baseline,550,7,121,0,OK,97,0,0,263.3411111111111,263.3411111111111,1.3369444444444445,0,786,12.04,97,0,97,0,97,0
robust,rohcha_short_baseline_550,rohcha_short_baseline,550,7,122,0,OK,97,0,0,276.04,276.04,0.49527777777777776,0,786,14.83,97,0,97,0,97,0
robust,rohcha_short_baseline_550,rohcha_short_baseline,550,7,123,0,OK,97,0,0,277.08666666666664,277.08666666666664,0.5602777777777778,0,786,14.25,97,0,97,0,97,0
robust,rohcha_short_baseline_550,rohcha_short_baseline,550,7,124,0,OK,97,0,0,272.64666666666665,272.64666666666665,1.2372222222222222,0,786,15.99,97,0,97,0,97,0
robust,rohcha_short_baseline_550,rohcha_short_baseline,550,7,125,0,OK,97,0,0,260.18,260.18,0.7208333333333333,0,786,15.77,97,0,97,0,97,0
robust,rohcha_short_baseline_550,rohcha_short_baseline,550,7,126,0,OK,97,0,0,277.52555555555557,277.52555555555557,0.8091666666666667,0,786,13.68,97,0,97,0,97,0
robust,rohcha_short_baseline_550,rohcha_short_baseline,550,7,127,0,OK,97,0,0,287.59444444444443,287.59444444444443,1.1836111111111112,0,786,15.87,97,0,97,0,97,0
robust,rohcha_short_baseline_550,rohcha_short_baseline,550,7,128,0,OK,97,0,0,258.31666666666666,258.31666666666666,1.6341666666666668,0,786,14.85,97,0,97,0,97,0
robust,rohcha_short_baseline_550,rohcha_short_baseline,550,7,129,0,OK,97,0,0,263.27,263.27,0.6630555555555555,0,786,13.74,97,0,97,0,97,0
robust,rohcha_short_baseline_550,rohcha_short_baseline,550,7,130,0,OK,97,0,0,271.00444444444446,271.00444444444446,0.3638888888888889,0,786,11.65,97,0,97,0,97,0
robust,rohcha_short_baseline_MX1,rohcha_short_baseline,MX1,11,101,0,OK,97,0,0,626.4188888888889,392.05555555555554,4.621111111111111,64,786,71.84,96,0,96,0,96,0
robust,rohcha_short_baseline_MX1,rohcha_short_baseline,MX1,11,102,0,OK,97,0,0,565.0633333333334,353.6822222222222,2.4494444444444445,59,786,72.74,97,0,97,0,97,0
robust,rohcha_short_baseline_MX1,rohcha_short_baseline,MX1,11,103,0,OK,97,0,0,604.3077777777778,368.5155555555556,2.8530555555555557,66,786,73.96,97,0,97,0,97,0
robust,rohcha_short_baseline_MX1,rohcha_short_baseline,MX1,11,104,0,OK,97,0,0,568.5588888888889,356.5177777777778,1.4647222222222223,63,786,64.07,97,0,97,0,97,0
robust,rohcha_short_baseline_MX1,rohcha_short_baseline,MX1,11,105,0,OK,97,0,0,540.9866666666667,335.0077777777778,1.4283333333333332,56,786,70.72,97,0,97,0,97,0
robust,rohcha_short_baseline_MX1,rohcha_short_baseline,MX1,11,106,0,OK,97,0,0,591.6944444444445,368.9422222222222,2.6969444444444446,63,786,75.86,97,0,97,0,97,0
robust,rohcha_short_baseline_MX1,rohcha_short_baseline,MX1,11,107,0,OK,97,0,0,514.3733333333333,319.62555555555554,2.118888888888889,58,786,63.89,97,0,97,0,97,0
robust,rohcha_short_baseline_MX1,rohcha_short_baseline,MX1,11,108,0,OK,97,0,0,535.2266666666667,341.39666666666665,1.8441666666666667,55,786,51.71,97,0,97,0,97,0
robust,rohcha_short_baseline_MX1,rohcha_short_baseline,MX1,11,109,0,OK,97,0,0,562.4211111111111,350.1933333333333,2.1552777777777776,64,786,63.85,97,0,97,0,97,0
robust,rohcha_short_baseline_MX1,rohcha_short_baseline,MX1,11,110,0,OK,97,0,0,578.8011111111111,356.7711111111111,3.4586111111111113,64,786,63.28,97,0,97,0,97,0
robust,rohcha_short_baseline_MX1,rohcha_short_baseline,MX1,11,111,0,OK,97,0,0,586.3377777777778,362.55,2.851111111111111,61,786,67.05,97,0,97,0,97,0
robust,rohcha_short_baseline_MX1,rohcha_short_baseline,MX1,11,112,0,OK,97,0,0,647.5888888888888,394.50555555555553,4.583611111111111,65,786,64.88,97,0,97,0,97,0
robust,rohcha_short_baseline_MX1,rohcha_short_baseline,MX1,11,113,0,OK,97,0,0,572.9,360.99333333333334,1.3125,60,786,69.73,97,0,97,0,97,0
robust,rohcha_short_baseline_MX1,rohcha_short_baseline,MX1,11,114,0,OK,97,0,0,612.0533333333333,372.87111111111113,4.573055555555555,63,786,68.18,97,0,97,0,97,0
robust,rohcha_short_baseline_MX1,rohcha_short_baseline,MX1,11,115,0,OK,97,0,0,577.6844444444445,359.78555555555556,2.8583333333333334,62,786,70.37,97,0,97,0,97,0
robust,rohcha_short_baseline_MX1,rohcha_short_baseline,MX1,11,116,0,OK,97,0,0,564.4466666666667,351.95222222222225,2.9975,63,786,75.05,97,0,97,0,97,0
robust,rohcha_short_baseline_MX1,rohcha_short_baseline,MX1,11,117,0,OK,97,0,0,564.5811111111111,361.0311111111111,1.4858333333333333,58,786,64.94,97,0,97,0,97,0
robust,rohcha_short_baseline_MX1,rohcha_short_baseline,MX1,11,118,0,OK,97,0,0,626.2744444444445,375.00666666666666,2.8669444444444445,67,786,68.57,97,0,97,0,97,0
robust,rohcha_short_baseline_MX1,rohcha_short_baseline,MX1,11,119,0,OK,97,0,0,633.7188888888888,387.35555555555555,4.125,65,786,79.27,97,0,97,0,97,0
robust,rohcha_short_baseline_MX1,rohcha_short_baseline,MX1,11,120,0,OK,97,0,0,562.0111111111111,353.4555555555556,2.328611111111111,63,786,52.16,97,0,97,0,97,0
robust,rohcha_short_baseline_MX1,rohcha_short_baseline,MX1,11,121,0,OK,97,0,0,534.0088888888889,333.87444444444446,2.0819444444444444,57,786,61.52,97,0,97,0,97,0
robust,rohcha_short_baseline_MX1,rohcha_short_baseline,MX1,11,122,0,OK,97,0,0,538.5844444444444,348.8388888888889,1.9572222222222222,54,786,58.83,97,0,97,0,97,0
robust,rohcha_short_baseline_MX1,rohcha_short_baseline,MX1,11,123,0,OK,97,0,0,609.0422222222222,375.04555555555555,1.8366666666666667,64,786,68.94,97,0,97,0,97,0
robust,rohcha_short_baseline_MX1,rohcha_short_baseline,MX1,11,124,0,OK,97,0,0,571.8377777777778,353.98777777777775,3.180277777777778,61,786,63.69,97,0,97,0,97,0
robust,rohcha_short_baseline_MX1,rohcha_short_baseline,MX1,11,125,0,OK,97,0,0,577.2811111111112,350.00444444444446,2.022222222222222,66,786,76.87,97,0,97,0,97,0
robust,rohcha_short_baseline_MX1,rohcha_short_baseline,MX1,11,126,0,OK,97,0,0,626.3022222222222,381.3022222222222,2.935277777777778,63,786,61.25,97,0,97,0,97,0
robust,rohcha_short_baseline_MX1,rohcha_short_baseline,MX1,11,127,0,OK,97,0,0,651.5544444444445,403.4322222222222,5.0475,70,786,69.41,96,0,96,0,97,0
robust,rohcha_short_baseline_MX1,rohcha_short_baseline,MX1,11,128,0,OK,97,0,0,540.2488888888889,331.81888888888886,2.5869444444444443,61,786,66.56,97,0,97,0,97,0
robust,rohcha_short_baseline_MX1,rohcha_short_baseline,MX1,11,129,0,OK,97,0,0,531.5944444444444,334.7688888888889,1.4466666666666668,58,786,64.33,97,0,97,0,97,0
robust,rohcha_short_baseline_MX1,rohcha_short_baseline,MX1,11,130,0,OK,97,0,0,610.36,371.22777777777776,2.388888888888889,63,786,73.61,97,0,97,0,97,0
robust,rohcha_short_baseline_MX1,rohcha_short_baseline,MX1,12,101,0,OK,97,0,0,589.5011111111111,364.8277777777778,1.8941666666666668,59,786,79.59,97,0,97,0,97,0
robust,rohcha_short_baseline_MX1,rohcha_short_baseline,MX1,12,102,0,OK,97,0,0,565.8555555555556,352.1822222222222,2.5833333333333335,61,786,79.26,97,0,97,0,97,0
robust,rohcha_short_baseline_MX1,rohcha_short_baseline,MX1,12,103,0,OK,97,0,0,594.5477777777778,354.96444444444444,2.1822222222222223,64,786,86.55,97,0,97,0,97,0
robust,rohcha_short_baseline_MX1,rohcha_short_baseline,MX1,12,104,0,OK,97,0,0,568.2411111111111,358.3611111111111,1.3869444444444445,61,786,61.59,97,0,97,0,97,0
robust,rohcha_short_baseline_MX1,rohcha_short_baseline,MX1,12,105,0,OK,97,0,0,523.6455555555556,327.74444444444447,1.628611111111111,57,786,79.66,97,0,97,0,97,0
robust,rohcha_short_baseline_MX1,rohcha_short_baseline,MX1,12,106,0,OK,97,0,0,565.0311111111112,352.28777777777776,2.0530555555555554,60,786,77.59,97,0,97,0,97,0
robust,rohcha_short_baseline_MX1,rohcha_short_baseline,MX1,12,107,0,OK,97,0,0,517.4033333333333,322.66333333333336,1.458888888888889,58,786,60.06,97,0,97,0,97,0
robust,rohcha_short_baseline_MX1,rohcha_short_baseline,MX1,12,108,0,OK,97,0,0,542.3066666666666,344.18444444444447,2.056388888888889,58,786,67.69,97,0,97,0,97,0
robust,rohcha_short_baseline_MX1,rohcha_short_baseline,MX1,12,109,0,OK,97,0,0,564.7966666666666,349.8666666666667,2.5241666666666664,63,786,73.3,97,0,97,0,97,0
robust,rohcha_short_baseline_MX1,rohcha_short_baseline,MX1,12,110,0,OK,97,0,0,563.1555555555556,343.91555555555556,1.4388888888888889,65,786,79.01,97,0,97,0,97,0
robust,rohcha_short_baseline_MX1,rohcha_short_baseline,MX1,12,111,0,OK,97,0,0,577.7777777777778,355.4411111111111,2.806111111111111,60,786,72.67,97,0,97,0,97,0
robust,rohcha_short_baseline_MX1,rohcha_short_baseline,MX1,12,112,0,OK,97,0,0,625.5611111111111,389.34222222222223,2.663611111111111,66,786,82.79,97,0,97,0,97,0
robust,rohcha_short_baseline_MX1,rohcha_short_baseline,MX1,12,113,0,OK,97,0,0,569.0033333333333,355.87666666666667,1.8166666666666667,60,786,66.8,97,0,97,0,97,0
robust,rohcha_short_baseline_MX1,rohcha_short_baseline,MX1,12,114,0,OK,97,0,0,592.0044444444444,361.33,1.8627777777777779,64,786,80.39,97,0,97,0,97,0
robust,rohcha_short_baseline_MX1,rohcha_short_baseline,MX1,12,115,0,OK,97,0,0,556.9711111111111,342.60333333333335,3.106388888888889,62,786,79.58,97,0,97,0,97,0
robust,rohcha_short_baseline_MX1,rohcha_short_baseline,MX1,12,116,0,OK,97,0,0,559.0466666666666,349.23,2.758611111111111,62,786,80.12,97,0,97,0,97,0
robust,rohcha_short_baseline_MX1,rohcha_short_baseline,MX1,12,117,0,OK,97,0,0,551.34,350.3666666666667,0.9841666666666666,57,786,66.48,97,0,97,0,97,0
robust,rohcha_short_baseline_MX1,rohcha_short_baseline,MX1,12,118,0,OK,97,0,0,611.6477777777778,376.72,1.91,66,786,88.19,97,0,97,0,97,0
robust,rohcha_short_baseline_MX1,rohcha_short_baseline,MX1,12,119,0,OK,97,0,0,612.7177777777778,369.61,4.098611111111111,66,786,88.91,97,0,97,0,97,0
robust,rohcha_short_baseline_MX1,rohcha_short_baseline,MX1,12,120,0,OK,97,0,0,547.9377777777778,345.6588888888889,2.6683333333333334,59,786,76.12,97,0,97,0,97,0
robust,rohcha_short_baseline_MX1,rohcha_short_baseline,MX1,12,121,0,OK,97,0,0,534.13,337.39,1.1469444444444445,58,786,73.35,97,0,97,0,97,0
robust,rohcha_short_baseline_MX1,rohcha_short_baseline,MX1,12,122,0,OK,97,0,0,539.2788888888889,346.1822222222222,1.485,56,786,75.89,97,0,97,0,97,0
robust,rohcha_short_baseline_MX1,rohcha_short_baseline,MX1,12,123,0,OK,97,0,0,589.3022222222222,361.68666666666667,1.5119444444444445,63,786,71.04,97,0,97,0,97,0
robust,rohcha_short_baseline_MX1,rohcha_short_baseline,MX1,12,124,0,OK,97,0,0,571.2244444444444,351.69444444444446,1.8741666666666668,60,786,80.2,97,0,97,0,97,0
robust,rohcha_short_baseline_MX1,rohcha_short_baseline,MX1,12,125,0,OK,97,0,0,562.8155555555555,342.1566666666667,1.573888888888889,64,786,86.38,97,0,97,0,97,0
robust,rohcha_short_baseline_MX1,rohcha_short_baseline,MX1,12,126,0,OK,97,0,0,600.0966666666667,360.34,2.5766666666666667,66,786,87.14,97,0,97,0,97,0
robust,rohcha_short_baseline_MX1,rohcha_short_baseline,MX1,12,127,0,OK,97,0,0,645.4711111111111,385.5877777777778,5.333055555555555,71,786,98.1,97,0,97,0,97,0
robust,rohcha_short_baseline_MX1,rohcha_short_baseline,MX1,12,128,0,OK,97,0,0,539.0433333333333,333.2344444444444,1.4202777777777778,61,786,83.26,97,0,97,0,97,0
robust,rohcha_short_baseline_MX1,rohcha_short_baseline,MX1,12,129,0,OK,97,0,0,522.1155555555556,327.16333333333336,1.5544444444444445,57,786,87.17,97,0,97,0,97,0
robust,rohcha_short_baseline_MX1,rohcha_short_baseline,MX1,12,130,0,OK,97,0,0,602.8366666666667,365.09222222222223,3.6066666666666665,64,786,85.31,97,0,97,0,97,0
robust,rohcha_short_baseline_MX2,rohcha_short_baseline,MX2,10,101,0,OK,97,0,0,473.7311111111111,330.77555555555557,1.7041666666666666,38,786,56.47,97,0,97,0,97,0
robust,rohcha_short_baseline_MX2,rohcha_short_baseline,MX2,10,102,0,OK,97,0,0,447.1355555555556,321.56888888888886,2.3805555555555555,35,786,54.52,97,0,97,0,97,0
robust,rohcha_short_baseline_MX2,rohcha_short_baseline,MX2,10,103,0,OK,97,0,0,472.50444444444446,321.1511111111111,2.248611111111111,42,786,59.46,97,0,97,0,97,0
robust,rohcha_short_baseline_MX2,rohcha_short_baseline,MX2,10,104,0,OK,97,0,0,461.86555555555555,328.6511111111111,1.8425,36,786,46.17,97,0,97,0,97,0
robust,rohcha_short_baseline_MX2,rohcha_short_baseline,MX2,10,105,0,OK,97,0,0,423.43333333333334,304.1277777777778,1.5608333333333333,32,786,51.92,97,0,97,0,97,0
robust,rohcha_short_baseline_MX2,rohcha_short_baseline,MX2,10,106,0,OK,97,0,0,467.9844444444444,330.7711111111111,2.6955555555555555,37,786,51.47,97,0,97,0,97,0
robust,rohcha_short_baseline_MX2,rohcha_short_baseline,MX2,10,107,0,OK,97,0,0,405.8955555555556,296.18111111111114,2.8505555555555557,33,786,51.93,97,0,97,0,97,0
robust,rohcha_short_baseline_MX2,rohcha_short_baseline,MX2,10,108,0,OK,97,0,0,433.9888888888889,316.7033333333333,3.2005555555555554,33,786,46.65,97,0,97,0,97,0
robust,rohcha_short_baseline_MX2,rohcha_short_baseline,MX2,10,109,0,OK,97,0,0,446.56555555555553,314.93333333333334,2.8497222222222223,37,786,53.15,97,0,97,0,97,0
robust,rohcha_short_baseline_MX2,rohcha_short_baseline,MX2,10,110,0,OK,97,0,0,457.71444444444444,320.39444444444445,2.754166666666667,37,786,54.27,97,0,97,0,97,0
robust,rohcha_short_baseline_MX2,rohcha_short_baseline,MX2,10,111,0,OK,97,0,0,449.95,322.43666666666667,3.1902777777777778,38,786,59.61,97,0,97,0,97,0
robust,rohcha_short_baseline_MX2,rohcha_short_baseline,MX2,10,112,0,OK,97,0,0,525.5733333333334,360.94666666666666,4.214722222222222,45,786,49.35,97,0,97,0,97,0
robust,rohcha_short_baseline_MX2,rohcha_short_baseline,MX2,10,113,0,OK,97,0,0,454.9122222222222,326.7988888888889,2.6638888888888888,36,786,46.46,97,0,97,0,97,0
robust,rohcha_short_baseline_MX2,rohcha_short_baseline,MX2,10,114,0,OK,97,0,0,471.6722222222222,328.25888888888886,1.8394444444444444,41,786,52.12,97,0,97,0,97,0
robust,rohcha_short_baseline_MX2,rohcha_short_baseline,MX2,10,115,0,OK,97,0,0,445.3355555555556,317.5366666666667,2.6455555555555557,37,786,53.93,97,0,97,0,97,0
robust,rohcha_short_baseline_MX2,rohcha_short_baseline,MX2,10,116,0,OK,97,0,0,449.22777777777776,320.6566666666667,3.7158333333333333,37,786,54.56,97,0,97,0,97,0
robust,rohcha_short_baseline_MX2,rohcha_short_baseline,MX2,10,117,0,OK,97,0,0,445.5566666666667,322.67333333333335,2.0933333333333333,34,786,56.91,97,0,97,0,97,0
robust,rohcha_short_baseline_MX2,rohcha_short_baseline,MX2,10,118,0,OK,97,0,0,504.14,344.78333333333336,2.6222222222222222,44,786,60.89,97,0,97,0,97,0
robust,rohcha_short_baseline_MX2,rohcha_short_baseline,MX2,10,119,0,OK,97,0,0,500.24111111111114,345.28777777777776,2.3525,42,786,50.81,97,0,97,0,97,0
robust,rohcha_short_baseline_MX2,rohcha_short_baseline,MX2,10,120,0,OK,97,0,0,449.78555555555556,321.33222222222224,2.4044444444444446,36,786,50.48,97,0,97,0,97,0
robust,rohcha_short_baseline_MX2,rohcha_short_baseline,MX2,10,121,0,OK,97,0,0,410.49888888888887,304.06111111111113,2.6577777777777776,31,786,47.38,97,0,97,0,97,0
robust,rohcha_short_baseline_MX2,rohcha_short_baseline,MX2,10,122,0,OK,97,0,0,431.22222222222223,317.6877777777778,2.4830555555555556,32,786,51.18,97,0,97,0,97,0
robust,rohcha_short_baseline_MX2,rohcha_short_baseline,MX2,10,123,0,OK,97,0,0,476.8255555555556,333.37333333333333,2.4925,40,786,56.83,97,0,97,0,97,0
robust,rohcha_short_baseline_MX2,rohcha_short_baseline,MX2,10,124,0,OK,97,0,0,441.5522222222222,320.3644444444444,2.4758333333333336,37,786,54.23,97,0,97,0,97,0
robust,rohcha_short_baseline_MX2,rohcha_short_baseline,MX2,10,125,0,OK,97,0,0,437.48777777777775,303.1688888888889,2.793888888888889,37,786,55.13,97,0,97,0,97,0
robust,rohcha_short_baseline_MX2,rohcha_short_baseline,MX2,10,126,0,OK,97,0,0,485.1588888888889,336.0411111111111,3.6619444444444444,40,786,53.99,97,0,97,0,97,0
robust,rohcha_short_baseline_MX2,rohcha_short_baseline,MX2,10,127,0,OK,97,0,0,523.0444444444445,352.22555555555556,4.525555555555556,43,786,57.05,97,0,97,0,97,0
robust,rohcha_short_baseline_MX2,rohcha_short_baseline,MX2,10,128,0,OK,97,0,0,421.14666666666665,302.1711111111111,2.439722222222222,35,786,53.89,97,0,97,0,97,0
robust,rohcha_short_baseline_MX2,rohcha_short_baseline,MX2,10,129,0,OK,97,0,0,409.8988888888889,298.1355555555556,2.2872222222222223,33,786,46.91,97,0,97,0,97,0
robust,rohcha_short_baseline_MX2,rohcha_short_baseline,MX2,10,130,0,OK,97,0,0,463.91333333333336,321.95444444444445,1.4122222222222223,41,786,66.81,97,0,97,0,97,0
robust,rohcha_short_baseline_MX2,rohcha_short_baseline,MX2,9,101,0,OK,97,0,0,477.68888888888887,339.23777777777775,3.8033333333333332,38,786,56.26,96,0,97,0,97,0
robust,rohcha_short_baseline_MX2,rohcha_short_baseline,MX2,9,102,0,OK,97,0,0,448.6611111111111,323.46666666666664,3.2286111111111113,35,786,41.44,97,0,97,0,97,0
robust,rohcha_short_baseline_MX2,rohcha_short_baseline,MX2,9,103,0,OK,97,0,0,466.94666666666666,319.12555555555554,1.9661111111111111,42,786,49.86,97,0,97,0,97,0
robust,rohcha_short_baseline_MX2,rohcha_short_baseline,MX2,9,104,0,OK,97,0,0,486.7633333333333,339.91555555555556,2.1702777777777778,37,786,43.93,96,0,97,0,97,0
robust,rohcha_short_baseline_MX2,rohcha_short_baseline,MX2,9,105,0,OK,97,0,0,427.87,306.24888888888887,2.296666666666667,34,786,40.79,97,0,97,0,97,0
robust,rohcha_short_baseline_MX2,rohcha_short_baseline,MX2,9,106,0,OK,97,0,0,481.43,336.2866666666667,2.2177777777777776,37,786,40.64,97,0,97,0,97,0
robust,rohcha_short_baseline_MX2,rohcha_short_baseline,MX2,9,107,0,OK,97,0,0,419.6588888888889,300.17555555555555,2.343888888888889,35,786,40.55,97,0,97,0,97,0
robust,rohcha_short_baseline_MX2,rohcha_short_baseline,MX2,9,108,0,OK,97,0,0,433.08666666666664,318.64,3.022777777777778,33,786,41.81,97,0,97,0,97,0
robust,rohcha_short_baseline_MX2,rohcha_short_baseline,MX2,9,109,0,OK,97,0,0,470.56333333333333,328.22,2.5194444444444444,38,786,35.11,97,0,97,0,97,0
robust,rohcha_short_baseline_MX2,rohcha_short_baseline,MX2,9,110,0,OK,97,0,0,466.37111111111113,325.1022222222222,2.258611111111111,40,786,41.09,97,0,97,0,97,0
robust,rohcha_short_baseline_MX2,rohcha_short_baseline,MX2,9,111,0,OK,97,0,0,462.68666666666667,329.65444444444444,4.101666666666667,37,786,41.84,97,0,97,0,97,0
robust,rohcha_short_baseline_MX2,rohcha_short_baseline,MX2,9,112,0,OK,97,0,0,529.8988888888889,361.30555555555554,2.7330555555555556,44,786,42.2,96,0,96,0,97,0
robust,rohcha_short_baseline_MX2,rohcha_short_baseline,MX2,9,113,0,OK,97,0,0,468.02777777777777,337.1877777777778,2.742777777777778,36,786,42.45,97,0,97,0,97,0
robust,rohcha_short_baseline_MX2,rohcha_short_baseline,MX2,9,114,0,OK,97,0,0,497.4277777777778,343.4822222222222,2.251388888888889,43,786,40.7,97,0,97,0,97,0
robust,rohcha_short_baseline_MX2,rohcha_short_baseline,MX2,9,115,0,OK,97,0,0,449.99111111111114,320.21,3.6372222222222224,39,786,45.99,97,0,97,0,97,0
robust,rohcha_short_baseline_MX2,rohcha_short_baseline,MX2,9,116,0,OK,97,0,0,459.69555555555553,326.6477777777778,3.0844444444444443,38,786,45.75,97,0,97,0,97,0
robust,rohcha_short_baseline_MX2,rohcha_short_baseline,MX2,9,117,0,OK,97,0,0,440.9033333333333,322.94444444444446,2.5322222222222224,32,786,39.85,97,0,97,0,97,0
robust,rohcha_short_baseline_MX2,rohcha_short_baseline,MX2,9,118,0,OK,97,0,0,505.9322222222222,346.89444444444445,2.4380555555555556,43,786,39.37,97,0,97,0,97,0
robust,rohcha_short_baseline_MX2,rohcha_short_baseline,MX2,9,119,0,OK,97,0,0,507.46555555555557,350.05555555555554,2.7030555555555558,41,786,32.88,97,0,97,0,97,0
robust,rohcha_short_baseline_MX2,rohcha_short_baseline,MX2,9,120,0,OK,97,0,0,450.3288888888889,324.3433333333333,2.7916666666666665,35,786,34.12,97,0,97,0,97,0
robust,rohcha_short_baseline_MX2,rohcha_short_baseline,MX2,9,121,0,OK,97,0,0,415.35333333333335,306.1766666666667,2.4330555555555557,33,786,40.59,97,0,97,0,97,0
robust,rohcha_short_baseline_MX2,rohcha_short_baseline,MX2,9,122,0,OK,97,0,0,435.70222222222225,321.54333333333335,2.055277777777778,32,786,39.11,97,0,97,0,97,0
robust,rohcha_short_baseline_MX2,rohcha_short_baseline,MX2,9,123,0,OK,97,0,0,464.51222222222225,330.0622222222222,1.9447222222222222,37,786,40.06,97,0,97,0,97,0
robust,rohcha_short_baseline_MX2,rohcha_short_baseline,MX2,9,124,0,OK,97,0,0,441.84555555555556,319.3177777777778,2.3794444444444443,35,786,42.11,97,0,97,0,97,0
robust,rohcha_short_baseline_MX2,rohcha_short_baseline,MX2,9,125,0,OK,97,0,0,444.64,312.95,2.6847222222222222,38,786,45.04,97,0,97,0,97,0
robust,rohcha_short_baseline_MX2,rohcha_short_baseline,MX2,9,126,0,OK,97,0,0,509.22444444444443,359.4277777777778,2.0302777777777776,43,786,44.32,97,0,97,0,97,0
robust,rohcha_short_baseline_MX2,rohcha_short_baseline,MX2,9,127,0,OK,95,0,6147,566.0133333333333,389.01222222222225,5.9558333333333335,49,786,48.2,94,0,94,0,95,0
robust,rohcha_short_baseline_MX2,rohcha_short_baseline,MX2,9,128,0,OK,97,0,0,430.71444444444444,308.11555555555555,2.8205555555555555,38,786,39.05,97,0,97,0,97,0
robust,rohcha_short_baseline_MX2,rohcha_short_baseline,MX2,9,129,0,OK,97,0,0,412.00666666666666,304.98555555555555,2.272222222222222,32,786,33.93,97,0,97,0,97,0
robust,rohcha_short_baseline_MX2,rohcha_short_baseline,MX2,9,130,0,OK,97,0,0,488.05333333333334,340.43111111111114,2.3775,42,786,39.27,96,0,97,0,97,0
robust,rohcha_massdep_baseline_200,rohcha_massdep_baseline,200,27,101,0,OK,95,0,2516,1623.618888888889,705.4855555555556,8.716944444444444,97,786,70.88,95,0,95,0,95,0
robust,rohcha_massdep_baseline_200,rohcha_massdep_baseline,200,27,102,0,OK,97,0,0,1610.8477777777778,690.0744444444445,10.368055555555555,97,786,63.35,96,0,97,0,97,0
robust,rohcha_massdep_baseline_200,rohcha_massdep_baseline,200,27,103,0,OK,96,0,267,1651.5922222222223,695.6688888888889,11.774722222222222,97,786,68.72,96,0,96,0,96,0
robust,rohcha_massdep_baseline_200,rohcha_massdep_baseline,200,27,104,0,OK,97,0,0,1518.118888888889,657.7366666666667,7.551388888888889,97,786,65.68,97,0,97,0,97,0
robust,rohcha_massdep_baseline_200,rohcha_massdep_baseline,200,27,105,0,OK,97,0,0,1518.9655555555555,646.5777777777778,8.983888888888888,97,786,61.53,97,0,97,0,97,0
robust,rohcha_massdep_baseline_200,rohcha_massdep_baseline,200,27,106,0,OK,96,0,4638,1609.1888888888889,692.8422222222222,6.392222222222222,97,786,67.96,96,0,96,0,96,0
robust,rohcha_massdep_baseline_200,rohcha_massdep_baseline,200,27,107,0,OK,97,0,0,1444.5133333333333,626.2377777777778,8.407222222222222,97,786,58.53,97,0,97,0,97,0
robust,rohcha_massdep_baseline_200,rohcha_massdep_baseline,200,27,108,0,OK,97,0,0,1486.4811111111112,628.43,14.144166666666667,97,786,59.41,97,0,97,0,97,0
robust,rohcha_massdep_baseline_200,rohcha_massdep_baseline,200,27,109,0,OK,97,0,0,1558.451111111111,654.4711111111111,9.091388888888888,97,786,60.84,97,0,97,0,97,0
robust,rohcha_massdep_baseline_200,rohcha_massdep_baseline,200,27,110,0,OK,92,0,3164,1609.7233333333334,673.5233333333333,7.6225,97,786,73.99,92,0,92,0,92,0
robust,rohcha_massdep_baseline_200,rohcha_massdep_baseline,200,27,111,0,OK,95,0,2508,1569.5922222222223,661.4555555555555,11.426666666666666,97,786,66.31,95,0,95,0,95,0
robust,rohcha_massdep_baseline_200,rohcha_massdep_baseline,200,27,112,0,OK,96,0,1071,1632.8366666666666,708.2677777777777,11.411111111111111,97,786,66.55,95,0,96,0,96,0
robust,rohcha_massdep_baseline_200,rohcha_massdep_baseline,200,27,113,0,OK,92,0,4121,1659.92,701.0566666666666,6.311111111111111,97,786,68.24,92,0,92,0,92,0
robust,rohcha_massdep_baseline_200,rohcha_massdep_baseline,200,27,114,0,OK,97,0,0,1586.7066666666667,678.1688888888889,8.235833333333334,97,786,67.88,97,0,97,0,97,0
robust,rohcha_massdep_baseline_200,rohcha_massdep_baseline,200,27,115,0,OK,97,0,0,1523.13,651.3811111111111,14.623055555555556,97,786,65.21,97,0,97,0,97,0
robust,rohcha_massdep_baseline_200,rohcha_massdep_baseline,200,27,116,0,OK,97,0,0,1622.628888888889,712.8455555555555,12.045,97,786,64.7,96,0,96,0,96,0
robust,rohcha_massdep_baseline_200,rohcha_massdep_baseline,200,27,117,0,OK,97,0,0,1545.7611111111112,660.2055555555555,8.152222222222223,97,786,69.13,97,0,97,0,97,0
robust,rohcha_massdep_baseline_200,rohcha_massdep_baseline,200,27,118,0,OK,94,0,1371,1654.5233333333333,702.7733333333333,9.612222222222222,97,786,67.8,94,0,94,0,94,0
robust,rohcha_massdep_baseline_200,rohcha_massdep_baseline,200,27,119,0,OK,85,0,4799,1743.3822222222223,735.1144444444444,15.110833333333334,97,786,82.44,84,0,84,0,85,0
robust,rohcha_massdep_baseline_200,rohcha_massdep_baseline,200,27,120,0,OK,97,0,0,1459.3466666666666,629.9444444444445,8.833055555555555,97,786,61.25,97,0,97,0,97,0
robust,rohcha_massdep_baseline_200,rohcha_massdep_baseline,200,27,121,0,OK,97,0,0,1445.6177777777777,624.7177777777778,4.666111111111111,97,786,62.8,97,0,97,0,97,0
robust,rohcha_massdep_baseline_200,rohcha_massdep_baseline,200,27,122,0,OK,96,0,89,1557.4033333333334,674.6122222222223,8.097777777777777,97,786,67.69,96,0,96,0,96,0
robust,rohcha_massdep_baseline_200,rohcha_massdep_baseline,200,27,123,0,OK,95,0,1186,1659.3233333333333,718.7433333333333,13.336666666666666,97,786,70.0,94,0,95,0,95,0
robust,rohcha_massdep_baseline_200,rohcha_massdep_baseline,200,27,124,0,OK,94,0,2053,1630.8133333333333,688.9755555555555,11.28,97,786,75.82,94,0,94,0,94,0
robust,rohcha_massdep_baseline_200,rohcha_massdep_baseline,200,27,125,0,OK,96,0,2247,1664.3477777777778,696.0588888888889,19.451666666666668,97,786,76.88,95,0,96,0,96,0
robust,rohcha_massdep_baseline_200,rohcha_massdep_baseline,200,27,126,0,OK,93,0,1303,1629.0344444444445,706.8622222222223,9.503333333333334,97,786,73.94,92,0,93,0,93,0
robust,rohcha_massdep_baseline_200,rohcha_massdep_baseline,200,27,127,0,OK,95,0,1095,1641.2366666666667,708.0677777777778,9.622222222222222,97,786,70.05,95,0,95,0,95,0
robust,rohcha_massdep_baseline_200,rohcha_massdep_baseline,200,27,128,0,OK,97,0,0,1577.6866666666667,673.8277777777778,9.00611111111111,97,786,62.25,96,0,96,0,96,0
robust,rohcha_massdep_baseline_200,rohcha_massdep_baseline,200,27,129,0,OK,97,0,0,1371.4744444444445,606.4544444444444,8.170555555555556,97,786,60.63,97,0,97,0,97,0
robust,rohcha_massdep_baseline_200,rohcha_massdep_baseline,200,27,130,0,OK,94,0,2354,1585.5466666666666,678.0288888888889,10.249444444444444,97,786,73.57,94,0,94,0,94,0
robust,rohcha_massdep_baseline_200,rohcha_massdep_baseline,200,28,101,0,OK,95,0,1673,1627.4077777777777,709.2744444444445,6.863611111111111,97,786,68.91,95,0,95,0,95,0
robust,rohcha_massdep_baseline_200,rohcha_massdep_baseline,200,28,102,0,OK,97,0,0,1592.5955555555556,671.8222222222222,7.681666666666667,97,786,63.91,97,0,97,0,97,0
robust,rohcha_massdep_baseline_200,rohcha_massdep_baseline,200,28,103,0,OK,97,0,0,1632.1755555555555,676.2522222222223,9.085277777777778,97,786,64.94,97,0,97,0,97,0
robust,rohcha_massdep_baseline_200,rohcha_massdep_baseline,200,28,104,0,OK,97,0,0,1503.5177777777778,643.1355555555556,6.398333333333333,97,786,61.62,97,0,97,0,97,0
robust,rohcha_massdep_baseline_200,rohcha_massdep_baseline,200,28,105,0,OK,97,0,0,1510.421111111111,638.0333333333333,9.106944444444444,97,786,63.11,97,0,97,0,97,0
robust,rohcha_massdep_baseline_200,rohcha_massdep_baseline,200,28,106,0,OK,97,0,0,1589.82,673.4733333333334,3.750277777777778,97,786,70.08,97,0,97,0,97,0
robust,rohcha_massdep_baseline_200,rohcha_massdep_baseline,200,28,107,0,OK,97,0,0,1433.9288888888889,615.6533333333333,6.433611111111111,97,786,59.43,97,0,97,0,97,0
robust,rohcha_massdep_baseline_200,rohcha_massdep_baseline,200,28,108,0,OK,97,0,0,1484.7955555555557,626.7444444444444,14.144166666666667,97,786,61.88,97,0,97,0,97,0
robust,rohcha_massdep_baseline_200,rohcha_massdep_baseline,200,28,109,0,OK,97,0,0,1544.7277777777779,640.7477777777777,7.785833333333334,97,786,63.3,97,0,97,0,97,0
robust,rohcha_massdep_baseline_200,rohcha_massdep_baseline,200,28,110,0,OK,94,0,2604,1625.9722222222222,689.7722222222222,4.658888888888889,97,786,70.94,94,0,94,0,94,0
robust,rohcha_massdep_baseline_200,rohcha_massdep_baseline,200,28,111,0,OK,97,0,0,1573.331111111111,665.1944444444445,8.185277777777777,97,786,65.85,97,0,97,0,97,0
robust,rohcha_massdep_baseline_200,rohcha_massdep_baseline,200,28,112,0,OK,97,0,0,1656.5722222222223,732.0033333333333,9.040833333333333,97,786,67.67,96,0,96,0,97,0
robust,rohcha_massdep_baseline_200,rohcha_massdep_baseline,200,28,113,0,OK,94,0,2189,1655.3022222222223,696.4388888888889,9.831666666666667,97,786,65.32,94,0,94,0,94,0
robust,rohcha_massdep_baseline_200,rohcha_massdep_baseline,200,28,114,0,OK,97,0,0,1576.2344444444445,667.6966666666667,4.039166666666667,97,786,67.05,97,0,97,0,97,0
robust,rohcha_massdep_baseline_200,rohcha_massdep_baseline,200,28,115,0,OK,97,0,0,1518.97,647.2211111111111,11.855555555555556,97,786,61.02,97,0,97,0,97,0
robust,rohcha_massdep_baseline_200,rohcha_massdep_baseline,200,28,116,0,OK,97,0,0,1582.0477777777778,672.2644444444444,7.271944444444444,97,786,63.19,97,0,97,0,97,0
robust,rohcha_massdep_baseline_200,rohcha_massdep_baseline,200,28,117,0,OK,97,0,0,1533.7944444444445,648.2388888888889,10.679166666666667,97,786,64.99,97,0,97,0,97,0
robust,rohcha_massdep_baseline_200,rohcha_massdep_baseline,200,28,118,0,OK,97,0,0,1644.921111111111,693.1711111111111,8.471111111111112,97,786,68.22,97,0,97,0,97,0
robust,rohcha_massdep_baseline_200,rohcha_massdep_baseline,200,28,119,0,OK,93,0,1000,1737.1033333333332,728.8355555555555,12.713333333333333,97,786,79.8,93,0,93,0,93,0
robust,rohcha_massdep_baseline_200,rohcha_massdep_baseline,200,28,120,0,OK,97,0,0,1454.2177777777779,624.8155555555555,8.149166666666666,97,786,61.38,97,0,97,0,97,0
robust,rohcha_massdep_baseline_200,rohcha_massdep_baseline,200,28,121,0,OK,97,0,0,1439.1922222222222,618.2922222222222,5.304166666666666,97,786,60.32,97,0,97,0,97,0
robust,rohcha_massdep_baseline_200,rohcha_massdep_baseline,200,28,122,0,OK,97,0,0,1540.6633333333334,657.8722222222223,6.827222222222222,97,786,63.97,97,0,97,0,97,0
robust,rohcha_massdep_baseline_200,rohcha_massdep_baseline,200,28,123,0,OK,97,0,0,1629.7055555555555,689.1255555555556,5.180555555555555,97,786,71.69,97,0,97,0,97,0
robust,rohcha_massdep_baseline_200,rohcha_massdep_baseline,200,28,124,0,OK,97,0,0,1611.9455555555555,670.1077777777778,12.75611111111111,97,786,69.83,97,0,97,0,97,0
robust,rohcha_massdep_baseline_200,rohcha_massdep_baseline,200,28,125,0,OK,96,0,161,1643.7611111111112,675.4722222222222,14.495833333333334,97,786,74.16,96,0,96,0,96,0
robust,rohcha_massdep_baseline_200,rohcha_massdep_baseline,200,28,126,0,OK,97,0,0,1616.3266666666666,694.1544444444445,4.925833333333333,97,786,71.38,96,0,97,0,97,0
robust,rohcha_massdep_baseline_200,rohcha_massdep_baseline,200,28,127,0,OK,97,0,0,1617.451111111111,684.2822222222222,10.41388888888889,97,786,68.58,97,0,97,0,97,0
robust,rohcha_massdep_baseline_200,rohcha_massdep_baseline,200,28,128,0,OK,97,0,0,1541.8933333333334,638.0344444444445,8.1125,97,786,65.86,97,0,97,0,97,0
robust,rohcha_massdep_baseline_200,rohcha_massdep_baseline,200,28,129,0,OK,97,0,0,1368.6577777777777,603.6377777777777,3.3986111111111112,97,786,60.52,97,0,97,0,97,0
robust,rohcha_massdep_baseline_200,rohcha_massdep_baseline,200,28,130,0,OK,95,0,470,1621.1833333333334,713.6655555555556,11.005833333333333,97,786,69.24,95,0,95,0,95,0
robust,rohcha_massdep_baseline_200,rohcha_massdep_baseline,200,29,101,0,OK,96,0,1332,1581.0311111111112,662.8977777777778,5.935833333333333,97,786,63.24,96,0,96,0,96,0
robust,rohcha_massdep_baseline_200,rohcha_massdep_baseline,200,29,102,0,OK,97,0,0,1573.29,652.5166666666667,4.780555555555556,97,786,62.66,97,0,97,0,97,0
robust,rohcha_massdep_baseline_200,rohcha_massdep_baseline,200,29,103,0,OK,97,0,0,1622.7666666666667,666.8433333333334,10.905277777777778,97,786,65.25,97,0,97,0,97,0
robust,rohcha_massdep_baseline_200,rohcha_massdep_baseline,200,29,104,0,OK,97,0,0,1502.6633333333334,642.2811111111112,3.617777777777778,97,786,66.0,97,0,97,0,97,0
robust,rohcha_massdep_baseline_200,rohcha_massdep_baseline,200,29,105,0,OK,97,0,0,1504.4722222222222,632.0844444444444,10.333055555555555,97,786,57.91,97,0,97,0,97,0
robust,rohcha_massdep_baseline_200,rohcha_massdep_baseline,200,29,106,0,OK,97,0,0,1579.328888888889,662.9822222222223,5.737222222222222,97,786,61.41,97,0,97,0,97,0
robust,rohcha_massdep_baseline_200,rohcha_massdep_baseline,200,29,107,0,OK,97,0,0,1432.6855555555555,614.41,6.6194444444444445,97,786,50.57,97,0,97,0,97,0
robust,rohcha_massdep_baseline_200,rohcha_massdep_baseline,200,29,108,0,OK,97,0,0,1478.898888888889,620.8477777777778,9.43138888888889,97,786,57.59,97,0,97,0,97,0
robust,rohcha_massdep_baseline_200,rohcha_massdep_baseline,200,29,109,0,OK,97,0,0,1535.7288888888888,631.7488888888889,6.420277777777778,97,786,59.5,97,0,97,0,97,0
robust,rohcha_massdep_baseline_200,rohcha_massdep_baseline,200,29,110,0,OK,96,0,690,1597.1766666666667,660.9766666666667,11.199722222222222,97,786,64.12,96,0,96,0,96,0
robust,rohcha_massdep_baseline_200,rohcha_massdep_baseline,200,29,111,0,OK,97,0,0,1556.9733333333334,648.8366666666667,12.890277777777778,97,786,67.18,97,0,97,0,97,0
robust,rohcha_massdep_baseline_200,rohcha_massdep_baseline,200,29,112,0,OK,97,0,0,1603.2044444444443,678.6355555555556,7.7975,97,786,60.97,97,0,97,0,97,0
robust,rohcha_massdep_baseline_200,rohcha_massdep_baseline,200,29,113,0,OK,95,0,2127,1642.648888888889,683.7855555555556,10.312777777777777,97,786,58.76,95,0,95,0,95,0
robust,rohcha_massdep_baseline_200,rohcha_massdep_baseline,200,29,114,0,OK,97,0,0,1568.7411111111112,660.2033333333334,4.538611111111111,97,786,56.39,97,0,97,0,97,0
robust,rohcha_massdep_baseline_200,rohcha_massdep_baseline,200,29,115,0,OK,97,0,0,1513.9344444444444,642.1855555555555,9.955,97,786,56.17,97,0,97,0,97,0
robust,rohcha_massdep_baseline_200,rohcha_massdep_baseline,200,29,116,0,OK,97,0,0,1570.3566666666666,660.5733333333334,5.972222222222222,97,786,64.59,97,0,97,0,97,0
robust,rohcha_massdep_baseline_200,rohcha_massdep_baseline,200,29,117,0,OK,97,0,0,1528.7444444444445,643.1888888888889,6.088333333333333,97,786,63.09,97,0,97,0,97,0
robust,rohcha_massdep_baseline_200,rohcha_massdep_baseline,200,29,118,0,OK,97,0,0,1632.1366666666668,680.3866666666667,6.6561111111111115,97,786,63.2,97,0,97,0,97,0
robust,rohcha_massdep_baseline_200,rohcha_massdep_baseline,200,29,119,0,OK,96,0,368,1740.3122222222223,732.0444444444445,7.501666666666667,97,786,67.8,96,0,96,0,96,0
robust,rohcha_massdep_baseline_200,rohcha_massdep_baseline,200,29,120,0,OK,97,0,0,1451.79,622.3877777777777,6.995833333333334,97,786,52.1,97,0,97,0,97,0
robust,rohcha_massdep_baseline_200,rohcha_massdep_baseline,200,29,121,0,OK,97,0,0,1437.1233333333332,616.2233333333334,5.304166666666666,97,786,57.65,97,0,97,0,97,0
robust,rohcha_massdep_baseline_200,rohcha_massdep_baseline,200,29,122,0,OK,97,0,0,1529.8444444444444,647.0533333333333,6.893611111111111,97,786,58.28,97,0,97,0,97,0
robust,rohcha_massdep_baseline_200,rohcha_massdep_baseline,200,29,123,0,OK,97,0,0,1610.3144444444445,669.7344444444444,10.229444444444445,97,786,60.33,97,0,97,0,97,0
robust,rohcha_massdep_baseline_200,rohcha_massdep_baseline,200,29,124,0,OK,97,0,0,1606.171111111111,664.3333333333334,6.1125,97,786,57.89,97,0,97,0,97,0
robust,rohcha_massdep_baseline_200,rohcha_massdep_baseline,200,29,125,0,OK,97,0,0,1631.2111111111112,662.9222222222222,15.702222222222222,97,786,58.76,97,0,97,0,97,0
robust,rohcha_massdep_baseline_200,rohcha_massdep_baseline,200,29,126,0,OK,97,0,0,1582.5955555555556,660.4233333333333,6.907777777777778,97,786,61.58,97,0,97,0,97,0
robust,rohcha_massdep_baseline_200,rohcha_massdep_baseline,200,29,127,0,OK,97,0,0,1605.2722222222221,672.1033333333334,11.044722222222223,97,786,62.92,97,0,97,0,97,0
robust,rohcha_massdep_baseline_200,rohcha_massdep_baseline,200,29,128,0,OK,97,0,0,1538.1233333333332,634.2644444444444,8.1125,97,786,61.87,97,0,97,0,97,0
robust,rohcha_massdep_baseline_200,rohcha_massdep_baseline,200,29,129,0,OK,97,0,0,1365.328888888889,600.3088888888889,4.7625,97,786,56.63,97,0,97,0,97,0
robust,rohcha_massdep_baseline_200,rohcha_massdep_baseline,200,29,130,0,OK,95,0,450,1626.6366666666668,719.1188888888889,7.635,97,786,66.79,95,0,95,0,95,0
robust,rohcha_massdep_baseline_250,rohcha_massdep_baseline,250,24,101,0,OK,95,0,3302,1425.2188888888888,696.7033333333334,11.678888888888888,97,786,58.31,95,0,95,0,95,0
robust,rohcha_massdep_baseline_250,rohcha_massdep_baseline,250,24,102,0,OK,96,0,781,1424.5333333333333,689.3855555555556,6.813888888888889,97,786,55.39,95,0,95,0,95,0
robust,rohcha_massdep_baseline_250,rohcha_massdep_baseline,250,24,103,0,OK,96,0,1733,1473.2722222222221,691.48,9.949444444444444,97,786,63.39,95,0,95,0,96,0
robust,rohcha_massdep_baseline_250,rohcha_massdep_baseline,250,24,104,0,OK,97,0,0,1308.5433333333333,632.9066666666666,4.977222222222222,97,786,56.29,97,0,97,0,97,0
robust,rohcha_massdep_baseline_250,rohcha_massdep_baseline,250,24,105,0,OK,97,0,0,1325.7211111111112,625.2144444444444,6.6875,97,786,57.03,97,0,97,0,97,0
robust,rohcha_massdep_baseline_250,rohcha_massdep_baseline,250,24,106,0,OK,97,0,0,1344.7833333333333,647.1511111111112,4.4127777777777775,97,786,57.22,97,0,97,0,97,0
robust,rohcha_massdep_baseline_250,rohcha_massdep_baseline,250,24,107,0,OK,97,0,0,1273.3877777777777,609.2622222222222,6.279722222222222,97,786,55.73,97,0,97,0,97,0
robust,rohcha_massdep_baseline_250,rohcha_massdep_baseline,250,24,108,0,OK,97,0,0,1318.62,622.7255555555555,6.822222222222222,97,786,57.69,97,0,97,0,97,0
robust,rohcha_massdep_baseline_250,rohcha_massdep_baseline,250,24,109,0,OK,97,0,0,1348.6944444444443,627.7533333333333,7.151666666666666,97,786,53.32,97,0,97,0,97,0
robust,rohcha_massdep_baseline_250,rohcha_massdep_baseline,250,24,110,0,OK,94,0,4845,1394.1377777777777,677.5977777777778,4.34,97,786,60.79,94,0,94,0,94,0
robust,rohcha_massdep_baseline_250,rohcha_massdep_baseline,250,24,111,0,OK,96,0,441,1399.6833333333334,656.2733333333333,11.350833333333334,97,786,56.25,96,0,96,0,96,0
robust,rohcha_massdep_baseline_250,rohcha_massdep_baseline,250,24,112,0,OK,96,0,825,1403.5155555555555,680.9966666666667,6.100555555555555,97,786,53.6,96,0,96,0,96,0
robust,rohcha_massdep_baseline_250,rohcha_massdep_baseline,250,24,113,0,OK,95,0,2899,1425.401111111111,685.7655555555556,7.067222222222222,97,786,58.02,95,0,95,0,95,0
robust,rohcha_massdep_baseline_250,rohcha_massdep_baseline,250,24,114,0,OK,96,0,386,1444.51,673.85,6.256388888888889,97,786,58.07,96,0,96,0,96,0
robust,rohcha_massdep_baseline_250,rohcha_massdep_baseline,250,24,115,0,OK,97,0,0,1336.901111111111,638.2911111111111,7.157222222222222,97,786,52.26,97,0,97,0,97,0
robust,rohcha_massdep_baseline_250,rohcha_massdep_baseline,250,24,116,0,OK,97,0,0,1386.2611111111112,658.42,4.144444444444445,97,786,57.76,97,0,97,0,97,0
robust,rohcha_massdep_baseline_250,rohcha_massdep_baseline,250,24,117,0,OK,97,0,0,1363.67,642.7177777777778,6.295555555555556,97,786,57.81,97,0,97,0,97,0
robust,rohcha_massdep_baseline_250,rohcha_massdep_baseline,250,24,118,0,OK,97,0,0,1407.8977777777777,670.4988888888889,11.33361111111111,97,786,54.74,97,0,97,0,97,0
robust,rohcha_massdep_baseline_250,rohcha_massdep_baseline,250,24,119,0,OK,92,0,4119,1506.0977777777778,720.9366666666666,6.5216666666666665,97,786,64.07,92,0,92,0,92,0
robust,rohcha_massdep_baseline_250,rohcha_massdep_baseline,250,24,120,0,OK,97,0,0,1244.04,613.93,7.622777777777777,97,786,53.17,97,0,97,0,97,0
robust,rohcha_massdep_baseline_250,rohcha_massdep_baseline,250,24,121,0,OK,97,0,0,1303.7333333333333,616.6811111111111,6.578333333333333,97,786,51.29,97,0,97,0,97,0
robust,rohcha_massdep_baseline_250,rohcha_massdep_baseline,250,24,122,0,OK,97,0,0,1340.7977777777778,641.17,6.631111111111111,97,786,52.39,97,0,97,0,97,0
robust,rohcha_massdep_baseline_250,rohcha_massdep_baseline,250,24,123,0,OK,95,0,1668,1537.631111111111,732.3266666666667,14.645,97,786,64.8,94,0,94,0,94,0
robust,rohcha_massdep_baseline_250,rohcha_massdep_baseline,250,24,124,0,OK,97,0,0,1401.8577777777778,666.6822222222222,7.372222222222222,97,786,55.3,97,0,97,0,97,0
robust,rohcha_massdep_baseline_250,rohcha_massdep_baseline,250,24,125,0,OK,97,0,0,1368.5577777777778,645.8533333333334,10.855555555555556,97,786,58.24,97,0,97,0,97,0
robust,rohcha_massdep_baseline_250,rohcha_massdep_baseline,250,24,126,0,OK,97,0,0,1394.6255555555556,664.85,3.62,97,786,59.9,97,0,97,0,97,0
robust,rohcha_massdep_baseline_250,rohcha_massdep_baseline,250,24,127,0,OK,94,0,1104,1454.2233333333334,689.2722222222222,7.072777777777778,97,786,63.76,94,0,94,0,94,0
robust,rohcha_massdep_baseline_250,rohcha_massdep_baseline,250,24,128,0,OK,96,0,151,1379.5477777777778,645.0211111111112,5.093333333333334,97,786,58.47,96,0,96,0,96,0
robust,rohcha_massdep_baseline_250,rohcha_massdep_baseline,250,24,129,0,OK,97,0,0,1218.1566666666668,594.4522222222222,2.9316666666666666,97,786,53.92,97,0,97,0,97,0
robust,rohcha_massdep_baseline_250,rohcha_massdep_baseline,250,24,130,0,OK,95,0,1217,1405.9322222222222,685.7977777777778,8.747222222222222,97,786,59.62,95,0,95,0,95,0
robust,rohcha_massdep_baseline_250,rohcha_massdep_baseline,250,25,101,0,OK,95,0,2692,1424.888888888889,696.3733333333333,7.929444444444444,97,786,59.4,95,0,95,0,95,0
robust,rohcha_massdep_baseline_250,rohcha_massdep_baseline,250,25,102,0,OK,97,0,0,1394.6866666666667,659.5388888888889,5.052777777777778,97,786,56.05,97,0,97,0,97,0
robust,rohcha_massdep_baseline_250,rohcha_massdep_baseline,250,25,103,0,OK,97,0,0,1446.8755555555556,665.0833333333334,10.842222222222222,97,786,59.33,97,0,97,0,97,0
robust,rohcha_massdep_baseline_250,rohcha_massdep_baseline,250,25,104,0,OK,97,0,0,1305.9866666666667,630.35,5.573888888888889,97,786,57.03,97,0,97,0,97,0
robust,rohcha_massdep_baseline_250,rohcha_massdep_baseline,250,25,105,0,OK,97,0,0,1320.34,619.8333333333334,3.048888888888889,97,786,53.28,97,0,97,0,97,0
robust,rohcha_massdep_baseline_250,rohcha_massdep_baseline,250,25,106,0,OK,97,0,0,1341.0011111111112,643.3688888888889,5.225,97,786,56.0,97,0,97,0,97,0
robust,rohcha_massdep_baseline_250,rohcha_massdep_baseline,250,25,107,0,OK,97,0,0,1268.6366666666668,604.5111111111111,3.906111111111111,97,786,51.09,97,0,97,0,97,0
robust,rohcha_massdep_baseline_250,rohcha_massdep_baseline,250,25,108,0,OK,97,0,0,1314.2255555555555,618.3311111111111,7.958611111111111,97,786,54.27,97,0,97,0,97,0
robust,rohcha_massdep_baseline_250,rohcha_massdep_baseline,250,25,109,0,OK,97,0,0,1344.9933333333333,624.0522222222222,6.852777777777778,97,786,50.1,97,0,97,0,97,0
robust,rohcha_massdep_baseline_250,rohcha_massdep_baseline,250,25,110,0,OK,95,0,2324,1365.878888888889,649.3388888888888,5.625555555555556,97,786,55.43,95,0,95,0,95,0
robust,rohcha_massdep_baseline_250,rohcha_massdep_baseline,250,25,111,0,OK,97,0,0,1394.4977777777779,651.0877777777778,6.307777777777778,97,786,58.83,97,0,97,0,97,0
robust,rohcha_massdep_baseline_250,rohcha_massdep_baseline,250,25,112,0,OK,97,0,0,1394.3644444444444,671.8455555555555,6.508333333333334,97,786,51.87,97,0,97,0,97,0
robust,rohcha_massdep_baseline_250,rohcha_massdep_baseline,250,25,113,0,OK,96,0,2035,1420.4377777777777,680.8022222222222,6.439444444444445,97,786,56.85,96,0,96,0,96,0
robust,rohcha_massdep_baseline_250,rohcha_massdep_baseline,250,25,114,0,OK,97,0,0,1434.94,664.28,5.8469444444444445,97,786,57.98,97,0,97,0,97,0
robust,rohcha_massdep_baseline_250,rohcha_massdep_baseline,250,25,115,0,OK,97,0,0,1333.878888888889,635.2688888888889,10.735555555555555,97,786,52.98,97,0,97,0,97,0
robust,rohcha_massdep_baseline_250,rohcha_massdep_baseline,250,25,116,0,OK,97,0,0,1379.34,651.4988888888889,6.345555555555555,97,786,53.63,97,0,97,0,97,0
robust,rohcha_massdep_baseline_250,rohcha_massdep_baseline,250,25,117,0,OK,97,0,0,1356.9055555555556,635.9533333333334,7.931666666666667,97,786,54.03,97,0,97,0,97,0
robust,rohcha_massdep_baseline_250,rohcha_massdep_baseline,250,25,118,0,OK,97,0,0,1401.1233333333332,663.7244444444444,6.062222222222222,97,786,54.45,97,0,97,0,97,0
robust,rohcha_massdep_baseline_250,rohcha_massdep_baseline,250,25,119,0,OK,97,0,0,1486.598888888889,701.4377777777778,7.592777777777778,97,786,57.4,97,0,97,0,97,0
robust,rohcha_massdep_baseline_250,rohcha_massdep_baseline,250,25,120,0,OK,97,0,0,1239.8277777777778,609.7177777777778,4.2283333333333335,97,786,53.99,97,0,97,0,97,0
robust,rohcha_massdep_baseline_250,rohcha_massdep_baseline,250,25,121,0,OK,97,0,0,1301.6888888888889,614.6366666666667,5.681666666666667,97,786,51.39,97,0,97,0,97,0
robust,rohcha_massdep_baseline_250,rohcha_massdep_baseline,250,25,122,0,OK,97,0,0,1334.7522222222221,635.1244444444444,7.783888888888889,97,786,53.47,97,0,97,0,97,0
robust,rohcha_massdep_baseline_250,rohcha_massdep_baseline,250,25,123,0,OK,97,0,0,1509.148888888889,703.8444444444444,9.127222222222223,97,786,59.42,96,0,96,0,96,0
robust,rohcha_massdep_baseline_250,rohcha_massdep_baseline,250,25,124,0,OK,97,0,0,1386.0655555555556,650.89,4.558333333333334,97,786,57.87,97,0,97,0,97,0
robust,rohcha_massdep_baseline_250,rohcha_massdep_baseline,250,25,125,0,OK,97,0,0,1361.36,638.6555555555556,10.502222222222223,97,786,57.36,97,0,97,0,97,0
robust,rohcha_massdep_baseline_250,rohcha_massdep_baseline,250,25,126,0,OK,97,0,0,1384.0322222222221,654.2566666666667,5.925,97,786,55.23,97,0,97,0,97,0
robust,rohcha_massdep_baseline_250,rohcha_massdep_baseline,250,25,127,0,OK,97,0,0,1438.0255555555555,673.0744444444445,7.277777777777778,97,786,65.15,97,0,97,0,97,0
robust,rohcha_massdep_baseline_250,rohcha_massdep_baseline,250,25,128,0,OK,97,0,0,1362.411111111111,627.8844444444444,4.506666666666667,97,786,51.99,97,0,97,0,97,0
robust,rohcha_massdep_baseline_250,rohcha_massdep_baseline,250,25,129,0,OK,97,0,0,1215.2788888888888,591.5744444444445,5.147222222222222,97,786,52.86,97,0,97,0,97,0
robust,rohcha_massdep_baseline_250,rohcha_massdep_baseline,250,25,130,0,OK,96,0,1332,1373.691111111111,653.5566666666666,5.746666666666667,97,786,58.08,96,0,96,0,96,0
robust,rohcha_massdep_baseline_250,rohcha_massdep_baseline,250,26,101,0,OK,95,0,986,1434.4444444444443,705.9288888888889,6.234166666666667,97,786,54.66,95,0,95,0,95,0
robust,rohcha_massdep_baseline_250,rohcha_massdep_baseline,250,26,102,0,OK,97,0,0,1378.94,643.7922222222222,4.591111111111111,97,786,55.73,97,0,97,0,97,0
robust,rohcha_massdep_baseline_250,rohcha_massdep_baseline,250,26,103,0,OK,97,0,0,1438.368888888889,656.5766666666667,3.148888888888889,97,786,52.39,97,0,97,0,97,0
robust,rohcha_massdep_baseline_250,rohcha_massdep_baseline,250,26,104,0,OK,97,0,0,1302.4255555555555,626.7888888888889,5.501666666666667,97,786,50.43,97,0,97,0,97,0
robust,rohcha_massdep_baseline_250,rohcha_massdep_baseline,250,26,105,0,OK,97,0,0,1316.4555555555555,615.9488888888889,10.466944444444444,97,786,48.21,97,0,97,0,97,0
robust,rohcha_massdep_baseline_250,rohcha_massdep_baseline,250,26,106,0,OK,97,0,0,1334.2566666666667,636.6244444444444,3.7511111111111113,97,786,54.72,97,0,97,0,97,0
robust,rohcha_massdep_baseline_250,rohcha_massdep_baseline,250,26,107,0,OK,97,0,0,1263.9322222222222,599.8066666666666,5.898333333333333,97,786,52.48,97,0,97,0,97,0
robust,rohcha_massdep_baseline_250,rohcha_massdep_baseline,250,26,108,0,OK,97,0,0,1311.2344444444445,615.34,9.91638888888889,97,786,48.77,97,0,97,0,97,0
robust,rohcha_massdep_baseline_250,rohcha_massdep_baseline,250,26,109,0,OK,97,0,0,1340.1855555555555,619.2444444444444,4.488333333333333,97,786,53.97,97,0,97,0,97,0
robust,rohcha_massdep_baseline_250,rohcha_massdep_baseline,250,26,110,0,OK,96,0,690,1360.641111111111,644.1011111111111,8.705833333333333,97,786,53.94,96,0,96,0,96,0
robust,rohcha_massdep_baseline_250,rohcha_massdep_baseline,250,26,111,0,OK,97,0,0,1385.2844444444445,641.8744444444444,5.711111111111111,97,786,50.12,97,0,97,0,97,0
robust,rohcha_massdep_baseline_250,rohcha_massdep_baseline,250,26,112,0,OK,97,0,0,1388.868888888889,666.35,7.323611111111111,97,786,46.55,97,0,97,0,97,0
robust,rohcha_massdep_baseline_250,rohcha_massdep_baseline,250,26,113,0,OK,96,0,754,1397.43,657.7944444444445,9.179444444444444,97,786,54.62,96,0,96,0,96,0
robust,rohcha_massdep_baseline_250,rohcha_massdep_baseline,250,26,114,0,OK,97,0,0,1426.6955555555555,656.0355555555556,4.8125,97,786,55.1,97,0,97,0,97,0
robust,rohcha_massdep_baseline_250,rohcha_massdep_baseline,250,26,115,0,OK,97,0,0,1331.0855555555556,632.4755555555555,9.090555555555556,97,786,53.15,97,0,97,0,97,0
robust,rohcha_massdep_baseline_250,rohcha_massdep_baseline,250,26,116,0,OK,97,0,0,1373.16,645.3188888888889,3.6566666666666667,97,786,49.78,97,0,97,0,97,0
robust,rohcha_massdep_baseline_250,rohcha_massdep_baseline,250,26,117,0,OK,97,0,0,1352.0622222222223,631.11,5.797777777777778,97,786,56.65,97,0,97,0,97,0
robust,rohcha_massdep_baseline_250,rohcha_massdep_baseline,250,26,118,0,OK,97,0,0,1397.0777777777778,659.6788888888889,7.906944444444444,97,786,50.64,97,0,97,0,97,0
robust,rohcha_massdep_baseline_250,rohcha_massdep_baseline,250,26,119,0,OK,97,0,0,1470.5422222222223,685.3811111111111,9.695555555555556,97,786,51.36,97,0,97,0,97,0
robust,rohcha_massdep_baseline_250,rohcha_massdep_baseline,250,26,120,0,OK,97,0,0,1238.1355555555556,608.0255555555556,4.2283333333333335,97,786,47.78,97,0,97,0,97,0
robust,rohcha_massdep_baseline_250,rohcha_massdep_baseline,250,26,121,0,OK,97,0,0,1296.4288888888889,609.3766666666667,3.608888888888889,97,786,50.54,97,0,97,0,97,0
robust,rohcha_massdep_baseline_250,rohcha_massdep_baseline,250,26,122,0,OK,97,0,0,1333.7188888888888,634.0911111111111,7.783888888888889,97,786,51.84,97,0,97,0,97,0
robust,rohcha_massdep_baseline_250,rohcha_massdep_baseline,250,26,123,0,OK,97,0,0,1465.5922222222223,660.2877777777778,10.053055555555556,97,786,52.94,97,0,97,0,97,0
robust,rohcha_massdep_baseline_250,rohcha_massdep_baseline,250,26,124,0,OK,97,0,0,1381.361111111111,646.1855555555555,5.157777777777778,97,786,48.75,97,0,97,0,97,0
robust,rohcha_massdep_baseline_250,rohcha_massdep_baseline,250,26,125,0,OK,97,0,0,1358.7811111111112,636.0766666666667,10.695277777777777,97,786,51.03,97,0,97,0,97,0
robust,rohcha_massdep_baseline_250,rohcha_massdep_baseline,250,26,126,0,OK,97,0,0,1372.2666666666667,642.4911111111111,5.844444444444444,97,786,55.49,97,0,97,0,97,0
robust,rohcha_massdep_baseline_250,rohcha_massdep_baseline,250,26,127,0,OK,97,0,0,1428.8944444444444,663.9433333333334,7.040277777777778,97,786,52.03,97,0,97,0,97,0
robust,rohcha_massdep_baseline_250,rohcha_massdep_baseline,250,26,128,0,OK,97,0,0,1355.681111111111,621.1544444444445,2.8855555555555554,97,786,54.92,97,0,97,0,97,0
robust,rohcha_massdep_baseline_250,rohcha_massdep_baseline,250,26,129,0,OK,97,0,0,1213.4255555555555,589.7211111111111,4.725,97,786,49.11,97,0,97,0,97,0
robust,rohcha_massdep_baseline_250,rohcha_massdep_baseline,250,26,130,0,OK,96,0,142,1367.2666666666667,647.1322222222223,4.152777777777778,97,786,53.84,96,0,96,0,96,0
robust,rohcha_massdep_baseline_270,rohcha_massdep_baseline,270,22,101,0,OK,95,0,3542,1299.4577777777777,684.2155555555555,9.274722222222222,84,786,53.51,95,0,95,0,95,0
robust,rohcha_massdep_baseline_270,rohcha_massdep_baseline,270,22,102,0,OK,97,0,0,1249.5111111111112,638.1677777777778,5.833888888888889,86,786,50.69,97,0,97,0,97,0
robust,rohcha_massdep_baseline_270,rohcha_massdep_baseline,270,22,103,0,OK,96,0,782,1338.4988888888888,667.9455555555555,12.206944444444444,91,786,55.51,96,0,96,0,96,0
robust,rohcha_massdep_baseline_270,rohcha_massdep_baseline,270,22,104,0,OK,97,0,0,1179.1066666666666,617.8722222222223,5.2675,87,786,46.15,97,0,97,0,97,0
robust,rohcha_massdep_baseline_270,rohcha_massdep_baseline,270,22,105,0,OK,97,0,0,1202.0311111111112,609.9144444444445,7.7525,85,786,48.05,97,0,97,0,97,0
robust,rohcha_massdep_baseline_270,rohcha_massdep_baseline,270,22,106,0,OK,97,0,0,1233.3344444444444,634.7577777777777,3.3855555555555554,87,786,53.72,97,0,97,0,97,0
robust,rohcha_massdep_baseline_270,rohcha_massdep_baseline,270,22,107,0,OK,97,0,0,1146.7833333333333,595.2611111111111,6.136666666666667,87,786,48.23,97,0,97,0,97,0
robust,rohcha_massdep_baseline_270,rohcha_massdep_baseline,270,22,108,0,OK,97,0,0,1159.6066666666666,604.6922222222222,5.475555555555555,83,786,46.15,97,0,97,0,97,0
robust,rohcha_massdep_baseline_270,rohcha_massdep_baseline,270,22,109,0,OK,97,0,0,1224.1833333333334,621.7722222222222,7.738888888888889,88,786,50.91,97,0,97,0,97,0
robust,rohcha_massdep_baseline_270,rohcha_massdep_baseline,270,22,110,0,OK,96,0,4889,1255.7811111111112,643.41,5.610555555555556,91,786,48.01,96,0,96,0,96,0
robust,rohcha_massdep_baseline_270,rohcha_massdep_baseline,270,22,111,0,OK,96,0,1984,1279.628888888889,652.6611111111112,4.256111111111111,86,786,53.84,96,0,96,0,96,0
robust,rohcha_massdep_baseline_270,rohcha_massdep_baseline,270,22,112,0,OK,97,0,0,1296.89,677.2433333333333,9.529722222222222,88,786,50.37,97,0,97,0,97,0
robust,rohcha_massdep_baseline_270,rohcha_massdep_baseline,270,22,113,0,OK,96,0,2035,1258.94,663.5822222222222,7.4575,85,786,46.15,96,0,96,0,96,0
robust,rohcha_massdep_baseline_270,rohcha_massdep_baseline,270,22,114,0,OK,97,0,0,1292.4444444444443,653.7188888888888,5.557777777777778,88,786,50.17,97,0,97,0,97,0
robust,rohcha_massdep_baseline_270,rohcha_massdep_baseline,270,22,115,0,OK,97,0,0,1243.31,631.1444444444444,8.979722222222222,87,786,52.63,97,0,97,0,97,0
robust,rohcha_massdep_baseline_270,rohcha_massdep_baseline,270,22,116,0,OK,97,0,0,1237.9988888888888,641.9677777777778,4.484444444444445,89,786,48.1,97,0,97,0,97,0
robust,rohcha_massdep_baseline_270,rohcha_massdep_baseline,270,22,117,0,OK,97,0,0,1188.9522222222222,620.9955555555556,7.2747222222222225,82,786,46.47,97,0,97,0,97,0
robust,rohcha_massdep_baseline_270,rohcha_massdep_baseline,270,22,118,0,OK,97,0,0,1296.43,663.69,6.463333333333333,90,786,49.27,97,0,97,0,97,0
robust,rohcha_massdep_baseline_270,rohcha_massdep_baseline,270,22,119,0,OK,96,0,4026,1337.1866666666667,700.7255555555555,7.62,90,786,51.58,95,0,95,0,95,0
robust,rohcha_massdep_baseline_270,rohcha_massdep_baseline,270,22,120,0,OK,97,0,0,1142.4711111111112,600.5177777777777,6.651666666666666,86,786,48.13,97,0,97,0,97,0
robust,rohcha_massdep_baseline_270,rohcha_massdep_baseline,270,22,121,0,OK,97,0,0,1169.9644444444446,600.5255555555556,5.438055555555556,84,786,42.27,97,0,97,0,97,0
robust,rohcha_massdep_baseline_270,rohcha_massdep_baseline,270,22,122,0,OK,97,0,0,1137.06,616.6266666666667,5.9094444444444445,83,786,43.82,97,0,97,0,97,0
robust,rohcha_massdep_baseline_270,rohcha_massdep_baseline,270,22,123,0,OK,93,0,2874,1348.2033333333334,672.9433333333334,4.751944444444445,87,786,52.24,92,0,93,0,93,0
robust,rohcha_massdep_baseline_270,rohcha_massdep_baseline,270,22,124,0,OK,97,0,0,1229.7844444444445,639.4144444444445,3.8855555555555554,85,786,47.0,97,0,97,0,97,0
robust,rohcha_massdep_baseline_270,rohcha_massdep_baseline,270,22,125,0,OK,97,0,0,1282.08,644.0522222222222,6.8902777777777775,91,786,50.19,97,0,97,0,97,0
robust,rohcha_massdep_baseline_270,rohcha_massdep_baseline,270,22,126,0,OK,96,0,364,1278.6533333333334,647.9988888888889,6.605,89,786,51.86,96,0,96,0,96,0
robust,rohcha_massdep_baseline_270,rohcha_massdep_baseline,270,22,127,0,OK,94,0,2696,1336.568888888889,677.64,11.203611111111112,93,786,52.89,94,0,94,0,94,0
robust,rohcha_massdep_baseline_270,rohcha_massdep_baseline,270,22,128,0,OK,97,0,0,1214.5,615.2033333333334,4.569444444444445,88,786,50.66,97,0,97,0,97,0
robust,rohcha_massdep_baseline_270,rohcha_massdep_baseline,270,22,129,0,OK,97,0,0,1119.2822222222221,582.0322222222222,3.756666666666667,83,786,45.99,97,0,97,0,97,0
robust,rohcha_massdep_baseline_270,rohcha_massdep_baseline,270,22,130,0,OK,94,0,4113,1312.55,674.4444444444445,11.656944444444445,88,786,53.3,94,0,94,0,94,0
robust,rohcha_massdep_baseline_270,rohcha_massdep_baseline,270,23,101,0,OK,95,0,2097,1283.2611111111112,668.0188888888889,7.3436111111111115,84,786,52.32,95,0,95,0,95,0
robust,rohcha_massdep_baseline_270,rohcha_massdep_baseline,270,23,102,0,OK,97,0,0,1241.9577777777777,630.6144444444444,5.365,86,786,50.8,97,0,97,0,97,0
robust,rohcha_massdep_baseline_270,rohcha_massdep_baseline,270,23,103,0,OK,97,0,0,1319.1633333333334,648.61,7.4366666666666665,91,786,51.89,97,0,97,0,97,0
robust,rohcha_massdep_baseline_270,rohcha_massdep_baseline,270,23,104,0,OK,97,0,0,1176.8211111111111,615.5866666666667,4.968055555555556,87,786,51.46,97,0,97,0,97,0
robust,rohcha_massdep_baseline_270,rohcha_massdep_baseline,270,23,105,0,OK,97,0,0,1196.3466666666666,604.23,4.435,85,786,51.74,97,0,97,0,97,0
robust,rohcha_massdep_baseline_270,rohcha_massdep_baseline,270,23,106,0,OK,97,0,0,1227.9444444444443,629.3677777777777,5.457777777777777,87,786,53.22,97,0,97,0,97,0
robust,rohcha_massdep_baseline_270,rohcha_massdep_baseline,270,23,107,0,OK,97,0,0,1143.4522222222222,591.93,6.179444444444444,87,786,46.87,97,0,97,0,97,0
robust,rohcha_massdep_baseline_270,rohcha_massdep_baseline,270,23,108,0,OK,97,0,0,1155.121111111111,600.2066666666667,8.142222222222221,83,786,46.44,97,0,97,0,97,0
robust,rohcha_massdep_baseline_270,rohcha_massdep_baseline,270,23,109,0,OK,97,0,0,1217.7255555555555,615.3144444444445,6.736666666666666,88,786,49.32,97,0,97,0,97,0
robust,rohcha_massdep_baseline_270,rohcha_massdep_baseline,270,23,110,0,OK,96,0,671,1247.74,635.3688888888889,5.066111111111111,91,786,50.07,96,0,96,0,96,0
robust,rohcha_massdep_baseline_270,rohcha_massdep_baseline,270,23,111,0,OK,97,0,0,1265.8722222222223,638.9044444444445,5.623333333333333,86,786,52.13,97,0,97,0,97,0
robust,rohcha_massdep_baseline_270,rohcha_massdep_baseline,270,23,112,0,OK,97,0,0,1279.1844444444444,659.5377777777778,6.075,88,786,50.68,97,0,97,0,97,0
robust,rohcha_massdep_baseline_270,rohcha_massdep_baseline,270,23,113,0,OK,96,0,1674,1240.2344444444445,644.8766666666667,6.487777777777778,85,786,49.49,96,0,96,0,96,0
robust,rohcha_massdep_baseline_270,rohcha_massdep_baseline,270,23,114,0,OK,97,0,0,1281.8722222222223,643.1466666666666,6.409722222222222,88,786,54.1,97,0,97,0,97,0
robust,rohcha_massdep_baseline_270,rohcha_massdep_baseline,270,23,115,0,OK,97,0,0,1235.4377777777777,623.2722222222222,9.427777777777777,87,786,51.09,97,0,97,0,97,0
robust,rohcha_massdep_baseline_270,rohcha_massdep_baseline,270,23,116,0,OK,97,0,0,1230.3444444444444,634.3133333333334,6.8277777777777775,89,786,48.72,97,0,97,0,97,0
robust,rohcha_massdep_baseline_270,rohcha_massdep_baseline,270,23,117,0,OK,97,0,0,1184.7366666666667,616.78,4.052777777777778,82,786,50.24,97,0,97,0,97,0
robust,rohcha_massdep_baseline_270,rohcha_massdep_baseline,270,23,118,0,OK,97,0,0,1286.4255555555555,653.6855555555555,7.371666666666667,90,786,51.58,97,0,97,0,97,0
robust,rohcha_massdep_baseline_270,rohcha_massdep_baseline,270,23,119,0,OK,97,0,0,1310.6044444444444,674.1433333333333,5.938055555555556,90,786,53.5,97,0,97,0,97,0
robust,rohcha_massdep_baseline_270,rohcha_massdep_baseline,270,23,120,0,OK,97,0,0,1141.1644444444444,599.2111111111111,6.651666666666666,86,786,51.08,97,0,97,0,97,0
robust,rohcha_massdep_baseline_270,rohcha_massdep_baseline,270,23,121,0,OK,97,0,0,1167.2088888888889,597.77,7.299166666666666,84,786,48.86,97,0,97,0,97,0
robust,rohcha_massdep_baseline_270,rohcha_massdep_baseline,270,23,122,0,OK,97,0,0,1134.341111111111,613.9077777777778,5.773333333333333,83,786,45.21,97,0,97,0,97,0
robust,rohcha_massdep_baseline_270,rohcha_massdep_baseline,270,23,123,0,OK,96,0,848,1331.3244444444445,656.0644444444445,5.852777777777778,87,786,56.02,96,0,96,0,96,0
robust,rohcha_massdep_baseline_270,rohcha_massdep_baseline,270,23,124,0,OK,97,0,0,1221.05,630.68,4.1075,85,786,50.0,97,0,97,0,97,0
robust,rohcha_massdep_baseline_270,rohcha_massdep_baseline,270,23,125,0,OK,97,0,0,1273.0611111111111,635.0333333333333,11.163611111111111,91,786,51.3,97,0,97,0,97,0
robust,rohcha_massdep_baseline_270,rohcha_massdep_baseline,270,23,126,0,OK,97,0,0,1270.9033333333334,640.2488888888889,5.567777777777778,89,786,48.92,97,0,97,0,97,0
robust,rohcha_massdep_baseline_270,rohcha_massdep_baseline,270,23,127,0,OK,97,0,0,1323.1977777777777,664.2688888888889,7.793055555555555,93,786,53.93,97,0,97,0,97,0
robust,rohcha_massdep_baseline_270,rohcha_massdep_baseline,270,23,128,0,OK,97,0,0,1211.2255555555555,611.9288888888889,4.280555555555556,88,786,49.51,97,0,97,0,97,0
robust,rohcha_massdep_baseline_270,rohcha_massdep_baseline,270,23,129,0,OK,97,0,0,1114.4033333333334,577.1533333333333,4.663055555555555,83,786,46.77,97,0,97,0,97,0
robust,rohcha_massdep_baseline_270,rohcha_massdep_baseline,270,23,130,0,OK,95,0,2252,1289.94,651.8344444444444,7.3822222222222225,88,786,54.47,95,0,95,0,95,0
robust,rohcha_massdep_baseline_270,rohcha_massdep_baseline,270,24,101,0,OK,95,0,1896,1309.7088888888889,694.4666666666667,5.869722222222222,84,786,49.09,95,0,95,0,95,0
robust,rohcha_massdep_baseline_270,rohcha_massdep_baseline,270,24,102,0,OK,97,0,0,1237.671111111111,626.3277777777778,2.5655555555555556,86,786,47.39,97,0,97,0,97,0
robust,rohcha_massdep_baseline_270,rohcha_massdep_baseline,270,24,103,0,OK,97,0,0,1316.371111111111,645.8177777777778,4.006666666666667,91,786,45.9,97,0,97,0,97,0
robust,rohcha_massdep_baseline_270,rohcha_massdep_baseline,270,24,104,0,OK,97,0,0,1173.6755555555555,612.4411111111111,4.1194444444444445,87,786,43.29,97,0,97,0,97,0
robust,rohcha_massdep_baseline_270,rohcha_massdep_baseline,270,24,105,0,OK,97,0,0,1194.0044444444445,601.8877777777777,4.5713888888888885,85,786,45.61,97,0,97,0,97,0
robust,rohcha_massdep_baseline_270,rohcha_massdep_baseline,270,24,106,0,OK,97,0,0,1223.4877777777779,624.9111111111112,3.6294444444444443,87,786,48.82,97,0,97,0,97,0
robust,rohcha_massdep_baseline_270,rohcha_massdep_baseline,270,24,107,0,OK,97,0,0,1139.8877777777777,588.3655555555556,4.266111111111111,87,786,43.86,97,0,97,0,97,0
robust,rohcha_massdep_baseline_270,rohcha_massdep_baseline,270,24,108,0,OK,97,0,0,1152.0288888888888,597.1144444444444,6.946666666666666,83,786,45.62,97,0,97,0,97,0
robust,rohcha_massdep_baseline_270,rohcha_massdep_baseline,270,24,109,0,OK,97,0,0,1212.18,609.7688888888889,6.2188888888888885,88,786,46.36,97,0,97,0,97,0
robust,rohcha_massdep_baseline_270,rohcha_massdep_baseline,270,24,110,0,OK,96,0,626,1246.2388888888888,633.8677777777777,6.02,91,786,48.61,96,0,96,0,96,0
robust,rohcha_massdep_baseline_270,rohcha_massdep_baseline,270,24,111,0,OK,97,0,0,1257.6788888888889,630.7111111111111,8.786111111111111,86,786,49.35,97,0,97,0,97,0
robust,rohcha_massdep_baseline_270,rohcha_massdep_baseline,270,24,112,0,OK,97,0,0,1274.4266666666667,654.78,8.116944444444444,88,786,45.14,97,0,97,0,97,0
robust,rohcha_massdep_baseline_270,rohcha_massdep_baseline,270,24,113,0,OK,97,0,0,1229.5211111111112,634.1633333333333,7.058888888888889,85,786,38.78,97,0,97,0,97,0
robust,rohcha_massdep_baseline_270,rohcha_massdep_baseline,270,24,114,0,OK,97,0,0,1276.18,637.4544444444444,4.395,88,786,47.62,97,0,97,0,97,0
robust,rohcha_massdep_baseline_270,rohcha_massdep_baseline,270,24,115,0,OK,97,0,0,1232.858888888889,620.6933333333334,11.863888888888889,87,786,46.34,97,0,97,0,97,0
robust,rohcha_massdep_baseline_270,rohcha_massdep_baseline,270,24,116,0,OK,97,0,0,1227.341111111111,631.31,3.4394444444444443,89,786,43.36,97,0,97,0,97,0
robust,rohcha_massdep_baseline_270,rohcha_massdep_baseline,270,24,117,0,OK,97,0,0,1180.7866666666666,612.83,3.886111111111111,82,786,40.57,97,0,97,0,97,0
robust,rohcha_massdep_baseline_270,rohcha_massdep_baseline,270,24,118,0,OK,97,0,0,1283.4611111111112,650.7211111111111,3.762777777777778,90,786,50.98,97,0,97,0,97,0
robust,rohcha_massdep_baseline_270,rohcha_massdep_baseline,270,24,119,0,OK,97,0,0,1303.2066666666667,666.7455555555556,7.194444444444445,90,786,43.95,97,0,97,0,97,0
robust,rohcha_massdep_baseline_270,rohcha_massdep_baseline,270,24,120,0,OK,97,0,0,1138.1788888888889,596.2255555555555,5.308888888888889,86,786,47.57,97,0,97,0,97,0
robust,rohcha_massdep_baseline_270,rohcha_massdep_baseline,270,24,121,0,OK,97,0,0,1165.1155555555556,595.6766666666666,7.299166666666666,84,786,45.57,97,0,97,0,97,0
robust,rohcha_massdep_baseline_270,rohcha_massdep_baseline,270,24,122,0,OK,97,0,0,1133.081111111111,612.6477777777778,3.6816666666666666,83,786,43.74,97,0,97,0,97,0
robust,rohcha_massdep_baseline_270,rohcha_massdep_baseline,270,24,123,0,OK,97,0,0,1322.89,647.63,5.6658333333333335,87,786,52.7,97,0,97,0,97,0
robust,rohcha_massdep_baseline_270,rohcha_massdep_baseline,270,24,124,0,OK,97,0,0,1217.0544444444445,626.6844444444445,4.1075,85,786,38.65,97,0,97,0,97,0
robust,rohcha_massdep_baseline_270,rohcha_massdep_baseline,270,24,125,0,OK,97,0,0,1265.9966666666667,627.9688888888888,7.47,91,786,50.06,97,0,97,0,97,0
robust,rohcha_massdep_baseline_270,rohcha_massdep_baseline,270,24,126,0,OK,97,0,0,1262.1977777777777,631.5433333333333,5.406666666666666,89,786,48.94,97,0,97,0,97,0
robust,rohcha_massdep_baseline_270,rohcha_massdep_baseline,270,24,127,0,OK,97,0,0,1317.0955555555556,658.1666666666666,9.427222222222222,93,786,45.15,97,0,97,0,97,0
robust,rohcha_massdep_baseline_270,rohcha_massdep_baseline,270,24,128,0,OK,97,0,0,1205.608888888889,606.3122222222222,6.038333333333333,88,786,45.01,97,0,97,0,97,0
robust,rohcha_massdep_baseline_270,rohcha_massdep_baseline,270,24,129,0,OK,97,0,0,1114.318888888889,577.0688888888889,5.415,83,786,44.77,97,0,97,0,97,0
robust,rohcha_massdep_baseline_270,rohcha_massdep_baseline,270,24,130,0,OK,95,0,470,1321.39,683.2844444444445,6.539444444444444,88,786,47.54,95,0,95,0,95,0
robust,rohcha_massdep_baseline_300,rohcha_massdep_baseline,300,18,101,0,OK,94,0,1896,1037.7755555555555,631.5122222222222,6.4494444444444445,62,786,36.38,94,0,94,0,94,0
robust,rohcha_massdep_baseline_300,rohcha_massdep_baseline,300,18,102,0,OK,97,0,0,976.2811111111112,599.4133333333333,4.214166666666666,57,786,34.27,97,0,97,0,97,0
robust,rohcha_massdep_baseline_300,rohcha_massdep_baseline,300,18,103,0,OK,97,0,0,1045.8055555555557,621.6211111111111,5.5275,65,786,38.3,97,0,97,0,97,0
robust,rohcha_massdep_baseline_300,rohcha_massdep_baseline,300,18,104,0,OK,97,0,0,960.6877777777778,590.5044444444444,4.730555555555555,58,786,35.16,97,0,97,0,97,0
robust,rohcha_massdep_baseline_300,rohcha_massdep_baseline,300,18,105,0,OK,97,0,0,936.4855555555556,577.9266666666666,5.954722222222222,55,786,34.03,97,0,97,0,97,0
robust,rohcha_massdep_baseline_300,rohcha_massdep_baseline,300,18,106,0,OK,97,0,0,975.2922222222222,601.9066666666666,2.305,57,786,36.42,97,0,97,0,97,0
robust,rohcha_massdep_baseline_300,rohcha_massdep_baseline,300,18,107,0,OK,97,0,0,887.6566666666666,559.13,5.244722222222222,53,786,31.3,97,0,97,0,97,0
robust,rohcha_massdep_baseline_300,rohcha_massdep_baseline,300,18,108,0,OK,97,0,0,912.2011111111111,573.9388888888889,5.273888888888889,53,786,30.96,97,0,97,0,97,0
robust,rohcha_massdep_baseline_300,rohcha_massdep_baseline,300,18,109,0,OK,97,0,0,983.8277777777778,591.7177777777778,6.783888888888889,62,786,36.58,97,0,97,0,97,0
robust,rohcha_massdep_baseline_300,rohcha_massdep_baseline,300,18,110,0,OK,95,0,2324,1009.5533333333333,614.3466666666667,2.897222222222222,61,786,35.32,95,0,95,0,95,0
robust,rohcha_massdep_baseline_300,rohcha_massdep_baseline,300,18,111,0,OK,97,0,0,959.9922222222223,598.5188888888889,6.611111111111111,55,786,34.19,97,0,97,0,97,0
robust,rohcha_massdep_baseline_300,rohcha_massdep_baseline,300,18,112,0,OK,97,0,0,992.04,616.4011111111112,6.278333333333333,56,786,34.79,97,0,97,0,97,0
robust,rohcha_massdep_baseline_300,rohcha_massdep_baseline,300,18,113,0,OK,94,0,2242,1053.7666666666667,644.0144444444444,2.0641666666666665,62,786,38.18,94,0,94,0,94,0
robust,rohcha_massdep_baseline_300,rohcha_massdep_baseline,300,18,114,0,OK,97,0,0,1028.081111111111,621.3088888888889,2.4055555555555554,63,786,36.34,97,0,97,0,97,0
robust,rohcha_massdep_baseline_300,rohcha_massdep_baseline,300,18,115,0,OK,97,0,0,948.3366666666667,588.7577777777777,8.552777777777777,56,786,33.08,97,0,97,0,97,0
robust,rohcha_massdep_baseline_300,rohcha_massdep_baseline,300,18,116,0,OK,97,0,0,1021.6322222222223,617.62,5.3,63,786,34.38,97,0,97,0,97,0
robust,rohcha_massdep_baseline_300,rohcha_massdep_baseline,300,18,117,0,OK,97,0,0,945.2811111111112,591.8866666666667,3.6372222222222224,54,786,32.37,97,0,97,0,97,0
robust,rohcha_massdep_baseline_300,rohcha_massdep_baseline,300,18,118,0,OK,97,0,0,1070.7066666666667,635.7988888888889,4.1722222222222225,67,786,37.78,97,0,97,0,97,0
robust,rohcha_massdep_baseline_300,rohcha_massdep_baseline,300,18,119,0,OK,93,0,2189,1143.12,670.8088888888889,9.9025,72,786,37.07,93,0,93,0,93,0
robust,rohcha_massdep_baseline_300,rohcha_massdep_baseline,300,18,120,0,OK,97,0,0,889.4444444444445,570.2444444444444,4.681111111111111,50,786,30.6,97,0,97,0,97,0
robust,rohcha_massdep_baseline_300,rohcha_massdep_baseline,300,18,121,0,OK,97,0,0,865.0744444444445,561.5266666666666,3.629166666666667,48,786,29.8,97,0,97,0,97,0
robust,rohcha_massdep_baseline_300,rohcha_massdep_baseline,300,18,122,0,OK,97,0,0,976.17,601.5077777777777,4.489166666666667,59,786,35.48,97,0,97,0,97,0
robust,rohcha_massdep_baseline_300,rohcha_massdep_baseline,300,18,123,0,OK,97,0,0,1006.1488888888889,614.39,6.312777777777778,59,786,35.45,97,0,97,0,97,0
robust,rohcha_massdep_baseline_300,rohcha_massdep_baseline,300,18,124,0,OK,97,0,0,1048.1622222222222,626.8522222222222,7.8997222222222225,66,786,37.68,97,0,97,0,97,0
robust,rohcha_massdep_baseline_300,rohcha_massdep_baseline,300,18,125,0,OK,96,0,213,1065.4733333333334,624.6155555555556,10.75611111111111,69,786,39.71,96,0,96,0,96,0
robust,rohcha_massdep_baseline_300,rohcha_massdep_baseline,300,18,126,0,OK,97,0,0,993.92,606.7188888888888,1.7330555555555556,59,786,35.95,97,0,97,0,97,0
robust,rohcha_massdep_baseline_300,rohcha_massdep_baseline,300,18,127,0,OK,97,0,0,1040.5077777777778,626.1911111111111,8.70861111111111,64,786,35.84,97,0,97,0,97,0
robust,rohcha_massdep_baseline_300,rohcha_massdep_baseline,300,18,128,0,OK,97,0,0,955.1711111111111,582.6711111111111,4.083055555555555,59,786,36.86,97,0,97,0,97,0
robust,rohcha_massdep_baseline_300,rohcha_massdep_baseline,300,18,129,0,OK,97,0,0,802.0511111111111,541.3755555555556,2.9563888888888887,41,786,26.43,97,0,97,0,97,0
robust,rohcha_massdep_baseline_300,rohcha_massdep_baseline,300,18,130,0,OK,95,0,804,1059.2188888888888,652.3422222222222,4.738333333333333,62,786,35.82,95,0,95,0,95,0
robust,rohcha_massdep_baseline_300,rohcha_massdep_baseline,300,19,101,0,OK,95,0,971,1031.0922222222223,624.8288888888889,4.463333333333333,62,786,37.38,95,0,95,0,95,0
robust,rohcha_massdep_baseline_300,rohcha_massdep_baseline,300,19,102,0,OK,97,0,0,972.1022222222222,595.2344444444444,1.6391666666666667,57,786,35.42,97,0,97,0,97,0
robust,rohcha_massdep_baseline_300,rohcha_massdep_baseline,300,19,103,0,OK,97,0,0,1035.9588888888889,611.7744444444445,5.1241666666666665,65,786,38.92,97,0,97,0,97,0
robust,rohcha_massdep_baseline_300,rohcha_massdep_baseline,300,19,104,0,OK,97,0,0,956.3444444444444,586.1611111111112,4.555,58,786,37.02,97,0,97,0,97,0
robust,rohcha_massdep_baseline_300,rohcha_massdep_baseline,300,19,105,0,OK,97,0,0,933.2288888888888,574.67,4.160555555555556,55,786,34.28,97,0,97,0,97,0
robust,rohcha_massdep_baseline_300,rohcha_massdep_baseline,300,19,106,0,OK,97,0,0,971.86,598.4744444444444,3.3177777777777777,57,786,36.91,97,0,97,0,97,0
robust,rohcha_massdep_baseline_300,rohcha_massdep_baseline,300,19,107,0,OK,97,0,0,884.5044444444444,555.9777777777778,1.698611111111111,53,786,31.75,97,0,97,0,97,0
robust,rohcha_massdep_baseline_300,rohcha_massdep_baseline,300,19,108,0,OK,97,0,0,910.2833333333333,572.0211111111112,5.790555555555556,53,786,33.51,97,0,97,0,97,0
robust,rohcha_massdep_baseline_300,rohcha_massdep_baseline,300,19,109,0,OK,97,0,0,977.31,585.2,3.0544444444444445,62,786,38.61,97,0,97,0,97,0
robust,rohcha_massdep_baseline_300,rohcha_massdep_baseline,300,19,110,0,OK,96,0,690,1002.0733333333334,606.8666666666667,4.858055555555556,61,786,36.52,96,0,96,0,96,0
robust,rohcha_massdep_baseline_300,rohcha_massdep_baseline,300,19,111,0,OK,97,0,0,954.0566666666666,592.5833333333334,4.161111111111111,55,786,32.7,97,0,97,0,97,0
robust,rohcha_massdep_baseline_300,rohcha_massdep_baseline,300,19,112,0,OK,97,0,0,986.9722222222222,611.3333333333334,4.842777777777778,56,786,34.78,97,0,97,0,97,0
robust,rohcha_massdep_baseline_300,rohcha_massdep_baseline,300,19,113,0,OK,96,0,1731,1040.6544444444444,630.9022222222222,3.155,62,786,37.91,96,0,96,0,96,0
robust,rohcha_massdep_baseline_300,rohcha_massdep_baseline,300,19,114,0,OK,97,0,0,1018.7777777777778,612.0055555555556,2.4419444444444443,63,786,39.04,97,0,97,0,97,0
robust,rohcha_massdep_baseline_300,rohcha_massdep_baseline,300,19,115,0,OK,97,0,0,946.3444444444444,586.7655555555556,6.022777777777778,56,786,35.12,97,0,97,0,97,0
robust,rohcha_massdep_baseline_300,rohcha_massdep_baseline,300,19,116,0,OK,97,0,0,1011.8377777777778,607.8255555555555,5.578611111111111,63,786,38.61,97,0,97,0,97,0
robust,rohcha_massdep_baseline_300,rohcha_massdep_baseline,300,19,117,0,OK,97,0,0,941.8555555555556,588.4611111111111,2.6341666666666668,54,786,33.73,97,0,97,0,97,0
robust,rohcha_massdep_baseline_300,rohcha_massdep_baseline,300,19,118,0,OK,97,0,0,1063.7855555555554,628.8777777777777,5.201944444444444,67,786,41.43,97,0,97,0,97,0
robust,rohcha_massdep_baseline_300,rohcha_massdep_baseline,300,19,119,0,OK,97,0,0,1131.0477777777778,658.7366666666667,4.919444444444444,72,786,40.21,97,0,97,0,97,0
robust,rohcha_massdep_baseline_300,rohcha_massdep_baseline,300,19,120,0,OK,97,0,0,886.9844444444444,567.7844444444445,3.04,50,786,32.46,97,0,97,0,97,0
robust,rohcha_massdep_baseline_300,rohcha_massdep_baseline,300,19,121,0,OK,97,0,0,862.63,559.0822222222222,4.579722222222222,48,786,31.6,97,0,97,0,97,0
robust,rohcha_massdep_baseline_300,rohcha_massdep_baseline,300,19,122,0,OK,97,0,0,971.7788888888889,597.1166666666667,4.224444444444444,59,786,37.18,97,0,97,0,97,0
robust,rohcha_massdep_baseline_300,rohcha_massdep_baseline,300,19,123,0,OK,97,0,0,999.3911111111111,607.6322222222223,3.11,59,786,36.47,97,0,97,0,97,0
robust,rohcha_massdep_baseline_300,rohcha_massdep_baseline,300,19,124,0,OK,97,0,0,1035.3444444444444,614.0344444444445,3.8933333333333335,66,786,41.12,97,0,97,0,97,0
robust,rohcha_massdep_baseline_300,rohcha_massdep_baseline,300,19,125,0,OK,96,0,157,1058.201111111111,617.3433333333334,9.605555555555556,69,786,42.55,96,0,96,0,96,0
robust,rohcha_massdep_baseline_300,rohcha_massdep_baseline,300,19,126,0,OK,97,0,0,985.8055555555555,598.6044444444444,4.2683333333333335,59,786,34.63,97,0,97,0,97,0
robust,rohcha_massdep_baseline_300,rohcha_massdep_baseline,300,19,127,0,OK,97,0,0,1033.4733333333334,619.1566666666666,8.787222222222223,64,786,36.01,97,0,97,0,97,0
robust,rohcha_massdep_baseline_300,rohcha_massdep_baseline,300,19,128,0,OK,97,0,0,953.2777777777778,580.7777777777778,4.083055555555555,59,786,38.28,97,0,97,0,97,0
robust,rohcha_massdep_baseline_300,rohcha_massdep_baseline,300,19,129,0,OK,97,0,0,800.4544444444444,539.7788888888889,2.9330555555555557,41,786,28.83,97,0,97,0,97,0
robust,rohcha_massdep_baseline_300,rohcha_massdep_baseline,300,19,130,0,OK,96,0,470,1034.8822222222223,628.0055555555556,2.7725,62,786,41.32,96,0,96,0,96,0
robust,rohcha_massdep_baseline_300,rohcha_massdep_baseline,300,20,101,0,OK,95,0,386,1028.8466666666666,622.5833333333334,3.1755555555555555,62,786,38.02,95,0,95,0,95,0
robust,rohcha_massdep_baseline_300,rohcha_massdep_baseline,300,20,102,0,OK,97,0,0,968.0466666666666,591.1788888888889,1.0655555555555556,57,786,30.01,97,0,97,0,97,0
robust,rohcha_massdep_baseline_300,rohcha_massdep_baseline,300,20,103,0,OK,97,0,0,1033.1255555555556,608.9411111111111,7.523333333333333,65,786,37.11,97,0,97,0,97,0
robust,rohcha_massdep_baseline_300,rohcha_massdep_baseline,300,20,104,0,OK,97,0,0,953.9255555555555,583.7422222222223,3.245,58,786,28.7,97,0,97,0,97,0
robust,rohcha_massdep_baseline_300,rohcha_massdep_baseline,300,20,105,0,OK,97,0,0,931.0866666666667,572.5277777777778,4.774444444444445,55,786,29.41,97,0,97,0,97,0
robust,rohcha_massdep_baseline_300,rohcha_massdep_baseline,300,20,106,0,OK,97,0,0,968.8811111111111,595.4955555555556,1.5433333333333332,57,786,28.4,97,0,97,0,97,0
robust,rohcha_massdep_baseline_300,rohcha_massdep_baseline,300,20,107,0,OK,97,0,0,882.3455555555555,553.8188888888889,3.288611111111111,53,786,26.14,97,0,97,0,97,0
robust,rohcha_massdep_baseline_300,rohcha_massdep_baseline,300,20,108,0,OK,97,0,0,907.9388888888889,569.6766666666666,8.531666666666666,53,786,30.88,97,0,97,0,97,0
robust,rohcha_massdep_baseline_300,rohcha_massdep_baseline,300,20,109,0,OK,97,0,0,974.19,582.08,3.484166666666667,62,786,35.45,97,0,97,0,97,0
robust,rohcha_massdep_baseline_300,rohcha_massdep_baseline,300,20,110,0,OK,96,0,26,999.92,604.7133333333334,2.6591666666666667,61,786,33.07,96,0,96,0,96,0
robust,rohcha_massdep_baseline_300,rohcha_massdep_baseline,300,20,111,0,OK,97,0,0,951.5911111111111,590.1177777777777,7.174444444444444,55,786,33.73,97,0,97,0,97,0
robust,rohcha_massdep_baseline_300,rohcha_massdep_baseline,300,20,112,0,OK,97,0,0,983.3577777777778,607.7188888888888,4.7122222222222225,56,786,30.06,97,0,97,0,97,0
robust,rohcha_massdep_baseline_300,rohcha_massdep_baseline,300,20,113,0,OK,96,0,1322,1034.5166666666667,624.7644444444444,4.526388888888889,62,786,34.38,96,0,96,0,96,0
robust,rohcha_massdep_baseline_300,rohcha_massdep_baseline,300,20,114,0,OK,97,0,0,1013.9433333333334,607.1711111111111,2.3433333333333333,63,786,32.83,97,0,97,0,97,0
robust,rohcha_massdep_baseline_300,rohcha_massdep_baseline,300,20,115,0,OK,97,0,0,943.2677777777777,583.6888888888889,6.063888888888889,56,786,29.08,97,0,97,0,97,0
robust,rohcha_massdep_baseline_300,rohcha_massdep_baseline,300,20,116,0,OK,97,0,0,1008.96,604.9477777777778,6.7316666666666665,63,786,34.15,97,0,97,0,97,0
robust,rohcha_massdep_baseline_300,rohcha_massdep_baseline,300,20,117,0,OK,97,0,0,939.2444444444444,585.85,4.348333333333334,54,786,30.68,97,0,97,0,97,0
robust,rohcha_massdep_baseline_300,rohcha_massdep_baseline,300,20,118,0,OK,97,0,0,1058.5333333333333,623.6255555555556,1.2933333333333332,67,786,37.22,97,0,97,0,97,0
robust,rohcha_massdep_baseline_300,rohcha_massdep_baseline,300,20,119,0,OK,97,0,0,1115.1,642.7888888888889,6.425277777777778,72,786,36.86,97,0,97,0,97,0
robust,rohcha_massdep_baseline_300,rohcha_massdep_baseline,300,20,120,0,OK,97,0,0,884.83,565.63,7.286666666666667,50,786,27.58,97,0,97,0,97,0
robust,rohcha_massdep_baseline_300,rohcha_massdep_baseline,300,20,121,0,OK,97,0,0,860.1655555555556,556.6177777777777,2.2263888888888888,48,786,23.3,97,0,97,0,97,0
robust,rohcha_massdep_baseline_300,rohcha_massdep_baseline,300,20,122,0,OK,97,0,0,969.2633333333333,594.6011111111111,6.026388888888889,59,786,33.2,97,0,97,0,97,0
robust,rohcha_massdep_baseline_300,rohcha_massdep_baseline,300,20,123,0,OK,97,0,0,995.58,603.8211111111111,2.795,59,786,34.86,97,0,97,0,97,0
robust,rohcha_massdep_baseline_300,rohcha_massdep_baseline,300,20,124,0,OK,97,0,0,1031.0344444444445,609.7244444444444,5.360833333333333,66,786,34.19,97,0,97,0,97,0
robust,rohcha_massdep_baseline_300,rohcha_massdep_baseline,300,20,125,0,OK,97,0,0,1049.338888888889,608.4811111111111,7.556666666666667,69,786,34.01,97,0,97,0,97,0
robust,rohcha_massdep_baseline_300,rohcha_massdep_baseline,300,20,126,0,OK,97,0,0,981.0222222222222,593.8211111111111,0.8486111111111111,59,786,34.89,97,0,97,0,97,0
robust,rohcha_massdep_baseline_300,rohcha_massdep_baseline,300,20,127,0,OK,97,0,0,1030.4755555555555,616.1588888888889,7.644444444444445,64,786,33.29,97,0,97,0,97,0
robust,rohcha_massdep_baseline_300,rohcha_massdep_baseline,300,20,128,0,OK,97,0,0,951.1244444444444,578.6244444444444,4.083055555555555,59,786,31.5,97,0,97,0,97,0
robust,rohcha_massdep_baseline_300,rohcha_massdep_baseline,300,20,129,0,OK,97,0,0,798.7433333333333,538.0677777777778,4.031944444444444,41,786,24.91,97,0,97,0,97,0
robust,rohcha_massdep_baseline_300,rohcha_massdep_baseline,300,20,130,0,OK,97,0,0,1010.2766666666666,603.4,3.471111111111111,62,786,35.39,97,0,97,0,97,0
robust,rohcha_massdep_baseline_325,rohcha_massdep_baseline,325,18,101,0,OK,94,0,1896,1037.7755555555555,631.5122222222222,6.4494444444444445,62,786,34.9,94,0,94,0,94,0
robust,rohcha_massdep_baseline_325,rohcha_massdep_baseline,325,18,102,0,OK,97,0,0,976.2811111111112,599.4133333333333,4.214166666666666,57,786,35.41,97,0,97,0,97,0
robust,rohcha_massdep_baseline_325,rohcha_massdep_baseline,325,18,103,0,OK,97,0,0,1045.8055555555557,621.6211111111111,5.5275,65,786,38.65,97,0,97,0,97,0
robust,rohcha_massdep_baseline_325,rohcha_massdep_baseline,325,18,104,0,OK,97,0,0,960.6877777777778,590.5044444444444,4.730555555555555,58,786,36.25,97,0,97,0,97,0
robust,rohcha_massdep_baseline_325,rohcha_massdep_baseline,325,18,105,0,OK,97,0,0,936.4855555555556,577.9266666666666,5.954722222222222,55,786,33.27,97,0,97,0,97,0
robust,rohcha_massdep_baseline_325,rohcha_massdep_baseline,325,18,106,0,OK,97,0,0,975.2922222222222,601.9066666666666,2.305,57,786,35.84,97,0,97,0,97,0
robust,rohcha_massdep_baseline_325,rohcha_massdep_baseline,325,18,107,0,OK,97,0,0,887.6566666666666,559.13,5.244722222222222,53,786,31.91,97,0,97,0,97,0
robust,rohcha_massdep_baseline_325,rohcha_massdep_baseline,325,18,108,0,OK,97,0,0,912.2011111111111,573.9388888888889,5.273888888888889,53,786,31.68,97,0,97,0,97,0
robust,rohcha_massdep_baseline_325,rohcha_massdep_baseline,325,18,109,0,OK,97,0,0,983.8277777777778,591.7177777777778,6.783888888888889,62,786,35.99,97,0,97,0,97,0
robust,rohcha_massdep_baseline_325,rohcha_massdep_baseline,325,18,110,0,OK,95,0,2324,1009.5533333333333,614.3466666666667,2.897222222222222,61,786,35.54,95,0,95,0,95,0
robust,rohcha_massdep_baseline_325,rohcha_massdep_baseline,325,18,111,0,OK,97,0,0,959.9922222222223,598.5188888888889,6.611111111111111,55,786,33.96,97,0,97,0,97,0
robust,rohcha_massdep_baseline_325,rohcha_massdep_baseline,325,18,112,0,OK,97,0,0,992.04,616.4011111111112,6.278333333333333,56,786,34.38,97,0,97,0,97,0
robust,rohcha_massdep_baseline_325,rohcha_massdep_baseline,325,18,113,0,OK,94,0,2242,1053.7666666666667,644.0144444444444,2.0641666666666665,62,786,36.96,94,0,94,0,94,0
robust,rohcha_massdep_baseline_325,rohcha_massdep_baseline,325,18,114,0,OK,97,0,0,1028.081111111111,621.3088888888889,2.4055555555555554,63,786,36.66,97,0,97,0,97,0
robust,rohcha_massdep_baseline_325,rohcha_massdep_baseline,325,18,115,0,OK,97,0,0,948.3366666666667,588.7577777777777,8.552777777777777,56,786,33.08,97,0,97,0,97,0
robust,rohcha_massdep_baseline_325,rohcha_massdep_baseline,325,18,116,0,OK,97,0,0,1021.6322222222223,617.62,5.3,63,786,34.71,97,0,97,0,97,0
robust,rohcha_massdep_baseline_325,rohcha_massdep_baseline,325,18,117,0,OK,97,0,0,945.2811111111112,591.8866666666667,3.6372222222222224,54,786,33.18,97,0,97,0,97,0
robust,rohcha_massdep_baseline_325,rohcha_massdep_baseline,325,18,118,0,OK,97,0,0,1070.7066666666667,635.7988888888889,4.1722222222222225,67,786,36.79,97,0,97,0,97,0
robust,rohcha_massdep_baseline_325,rohcha_massdep_baseline,325,18,119,0,OK,93,0,2189,1143.12,670.8088888888889,9.9025,72,786,36.99,93,0,93,0,93,0
robust,rohcha_massdep_baseline_325,rohcha_massdep_baseline,325,18,120,0,OK,97,0,0,889.4444444444445,570.2444444444444,4.681111111111111,50,786,29.47,97,0,97,0,97,0
robust,rohcha_massdep_baseline_325,rohcha_massdep_baseline,325,18,121,0,OK,97,0,0,865.0744444444445,561.5266666666666,3.629166666666667,48,786,30.85,97,0,97,0,97,0
robust,rohcha_massdep_baseline_325,rohcha_massdep_baseline,325,18,122,0,OK,97,0,0,976.17,601.5077777777777,4.489166666666667,59,786,34.26,97,0,97,0,97,0
robust,rohcha_massdep_baseline_325,rohcha_massdep_baseline,325,18,123,0,OK,97,0,0,1006.1488888888889,614.39,6.312777777777778,59,786,36.13,97,0,97,0,97,0
robust,rohcha_massdep_baseline_325,rohcha_massdep_baseline,325,18,124,0,OK,97,0,0,1048.1622222222222,626.8522222222222,7.8997222222222225,66,786,36.76,97,0,97,0,97,0
robust,rohcha_massdep_baseline_325,rohcha_massdep_baseline,325,18,125,0,OK,96,0,213,1065.4733333333334,624.6155555555556,10.75611111111111,69,786,40.23,96,0,96,0,96,0
robust,rohcha_massdep_baseline_325,rohcha_massdep_baseline,325,18,126,0,OK,97,0,0,993.92,606.7188888888888,1.7330555555555556,59,786,36.04,97,0,97,0,97,0
robust,rohcha_massdep_baseline_325,rohcha_massdep_baseline,325,18,127,0,OK,97,0,0,1040.5077777777778,626.1911111111111,8.70861111111111,64,786,37.7,97,0,97,0,97,0
robust,rohcha_massdep_baseline_325,rohcha_massdep_baseline,325,18,128,0,OK,97,0,0,955.1711111111111,582.6711111111111,4.083055555555555,59,786,36.08,97,0,97,0,97,0
robust,rohcha_massdep_baseline_325,rohcha_massdep_baseline,325,18,129,0,OK,97,0,0,802.0511111111111,541.3755555555556,2.9563888888888887,41,786,27.57,97,0,97,0,97,0
robust,rohcha_massdep_baseline_325,rohcha_massdep_baseline,325,18,130,0,OK,95,0,804,1059.2188888888888,652.3422222222222,4.738333333333333,62,786,35.93,95,0,95,0,95,0
robust,rohcha_massdep_baseline_325,rohcha_massdep_baseline,325,19,101,0,OK,95,0,971,1031.0922222222223,624.8288888888889,4.463333333333333,62,786,38.19,95,0,95,0,95,0
robust,rohcha_massdep_baseline_325,rohcha_massdep_baseline,325,19,102,0,OK,97,0,0,972.1022222222222,595.2344444444444,1.6391666666666667,57,786,37.15,97,0,97,0,97,0
robust,rohcha_massdep_baseline_325,rohcha_massdep_baseline,325,19,103,0,OK,97,0,0,1035.9588888888889,611.7744444444445,5.1241666666666665,65,786,42.28,97,0,97,0,97,0
robust,rohcha_massdep_baseline_325,rohcha_massdep_baseline,325,19,104,0,OK,97,0,0,956.3444444444444,586.1611111111112,4.555,58,786,36.1,97,0,97,0,97,0
robust,rohcha_massdep_baseline_325,rohcha_massdep_baseline,325,19,105,0,OK,97,0,0,933.2288888888888,574.67,4.160555555555556,55,786,35.66,97,0,97,0,97,0
robust,rohcha_massdep_baseline_325,rohcha_massdep_baseline,325,19,106,0,OK,97,0,0,971.86,598.4744444444444,3.3177777777777777,57,786,33.29,97,0,97,0,97,0
robust,rohcha_massdep_baseline_325,rohcha_massdep_baseline,325,19,107,0,OK,97,0,0,884.5044444444444,555.9777777777778,1.698611111111111,53,786,34.46,97,0,97,0,97,0
robust,rohcha_massdep_baseline_325,rohcha_massdep_baseline,325,19,108,0,OK,97,0,0,910.2833333333333,572.0211111111112,5.790555555555556,53,786,32.94,97,0,97,0,97,0
robust,rohcha_massdep_baseline_325,rohcha_massdep_baseline,325,19,109,0,OK,97,0,0,977.31,585.2,3.0544444444444445,62,786,39.91,97,0,97,0,97,0
robust,rohcha_massdep_baseline_325,rohcha_massdep_baseline,325,19,110,0,OK,96,0,690,1002.0733333333334,606.8666666666667,4.858055555555556,61,786,37.17,96,0,96,0,96,0
robust,rohcha_massdep_baseline_325,rohcha_massdep_baseline,325,19,111,0,OK,97,0,0,954.0566666666666,592.5833333333334,4.161111111111111,55,786,33.8,97,0,97,0,97,0
robust,rohcha_massdep_baseline_325,rohcha_massdep_baseline,325,19,112,0,OK,97,0,0,986.9722222222222,611.3333333333334,4.842777777777778,56,786,37.38,97,0,97,0,97,0
robust,rohcha_massdep_baseline_325,rohcha_massdep_baseline,325,19,113,0,OK,96,0,1731,1040.6544444444444,630.9022222222222,3.155,62,786,41.14,96,0,96,0,96,0
robust,rohcha_massdep_baseline_325,rohcha_massdep_baseline,325,19,114,0,OK,97,0,0,1018.7777777777778,612.0055555555556,2.4419444444444443,63,786,38.7,97,0,97,0,97,0
robust,rohcha_massdep_baseline_325,rohcha_massdep_baseline,325,19,115,0,OK,97,0,0,946.3444444444444,586.7655555555556,6.022777777777778,56,786,37.64,97,0,97,0,97,0
robust,rohcha_massdep_baseline_325,rohcha_massdep_baseline,325,19,116,0,OK,97,0,0,1011.8377777777778,607.8255555555555,5.578611111111111,63,786,37.15,97,0,97,0,97,0
robust,rohcha_massdep_baseline_325,rohcha_massdep_baseline,325,19,117,0,OK,97,0,0,941.8555555555556,588.4611111111111,2.6341666666666668,54,786,37.96,97,0,97,0,97,0
robust,rohcha_massdep_baseline_325,rohcha_massdep_baseline,325,19,118,0,OK,97,0,0,1063.7855555555554,628.8777777777777,5.201944444444444,67,786,41.49,97,0,97,0,97,0
robust,rohcha_massdep_baseline_325,rohcha_massdep_baseline,325,19,119,0,OK,97,0,0,1131.0477777777778,658.7366666666667,4.919444444444444,72,786,41.26,97,0,97,0,97,0
robust,rohcha_massdep_baseline_325,rohcha_massdep_baseline,325,19,120,0,OK,97,0,0,886.9844444444444,567.7844444444445,3.04,50,786,36.88,97,0,97,0,97,0
robust,rohcha_massdep_baseline_325,rohcha_massdep_baseline,325,19,121,0,OK,97,0,0,862.63,559.0822222222222,4.579722222222222,48,786,32.83,97,0,97,0,97,0
robust,rohcha_massdep_baseline_325,rohcha_massdep_baseline,325,19,122,0,OK,97,0,0,971.7788888888889,597.1166666666667,4.224444444444444,59,786,42.22,97,0,97,0,97,0
robust,rohcha_massdep_baseline_325,rohcha_massdep_baseline,325,19,123,0,OK,97,0,0,999.3911111111111,607.6322222222223,3.11,59,786,36.98,97,0,97,0,97,0
robust,rohcha_massdep_baseline_325,rohcha_massdep_baseline,325,19,124,0,OK,97,0,0,1035.3444444444444,614.0344444444445,3.8933333333333335,66,786,39.46,97,0,97,0,97,0
robust,rohcha_massdep_baseline_325,rohcha_massdep_baseline,325,19,125,0,OK,96,0,157,1058.201111111111,617.3433333333334,9.605555555555556,69,786,41.98,96,0,96,0,96,0
robust,rohcha_massdep_baseline_325,rohcha_massdep_baseline,325,19,126,0,OK,97,0,0,985.8055555555555,598.6044444444444,4.2683333333333335,59,786,36.37,97,0,97,0,97,0
robust,rohcha_massdep_baseline_325,rohcha_massdep_baseline,325,19,127,0,OK,97,0,0,1033.4733333333334,619.1566666666666,8.787222222222223,64,786,40.99,97,0,97,0,97,0
robust,rohcha_massdep_baseline_325,rohcha_massdep_baseline,325,19,128,0,OK,97,0,0,953.2777777777778,580.7777777777778,4.083055555555555,59,786,36.03,97,0,97,0,97,0
robust,rohcha_massdep_baseline_325,rohcha_massdep_baseline,325,19,129,0,OK,97,0,0,800.4544444444444,539.7788888888889,2.9330555555555557,41,786,26.06,97,0,97,0,97,0
robust,rohcha_massdep_baseline_325,rohcha_massdep_baseline,325,19,130,0,OK,96,0,470,1034.8822222222223,628.0055555555556,2.7725,62,786,41.39,96,0,96,0,96,0
robust,rohcha_massdep_baseline_325,rohcha_massdep_baseline,325,20,101,0,OK,95,0,386,1028.8466666666666,622.5833333333334,3.1755555555555555,62,786,37.15,95,0,95,0,95,0
robust,rohcha_massdep_baseline_325,rohcha_massdep_baseline,325,20,102,0,OK,97,0,0,968.0466666666666,591.1788888888889,1.0655555555555556,57,786,31.07,97,0,97,0,97,0
robust,rohcha_massdep_baseline_325,rohcha_massdep_baseline,325,20,103,0,OK,97,0,0,1033.1255555555556,608.9411111111111,7.523333333333333,65,786,26.25,97,0,97,0,97,0
robust,rohcha_massdep_baseline_325,rohcha_massdep_baseline,325,20,104,0,OK,97,0,0,953.9255555555555,583.7422222222223,3.245,58,786,28.38,97,0,97,0,97,0
robust,rohcha_massdep_baseline_325,rohcha_massdep_baseline,325,20,105,0,OK,97,0,0,931.0866666666667,572.5277777777778,4.774444444444445,55,786,32.83,97,0,97,0,97,0
robust,rohcha_massdep_baseline_325,rohcha_massdep_baseline,325,20,106,0,OK,97,0,0,968.8811111111111,595.4955555555556,1.5433333333333332,57,786,32.5,97,0,97,0,97,0
robust,rohcha_massdep_baseline_325,rohcha_massdep_baseline,325,20,107,0,OK,97,0,0,882.3455555555555,553.8188888888889,3.288611111111111,53,786,28.46,97,0,97,0,97,0
robust,rohcha_massdep_baseline_325,rohcha_massdep_baseline,325,20,108,0,OK,97,0,0,907.9388888888889,569.6766666666666,8.531666666666666,53,786,30.03,97,0,97,0,97,0
robust,rohcha_massdep_baseline_325,rohcha_massdep_baseline,325,20,109,0,OK,97,0,0,974.19,582.08,3.484166666666667,62,786,32.19,97,0,97,0,97,0
robust,rohcha_massdep_baseline_325,rohcha_massdep_baseline,325,20,110,0,OK,96,0,26,999.92,604.7133333333334,2.6591666666666667,61,786,34.62,96,0,96,0,96,0
robust,rohcha_massdep_baseline_325,rohcha_massdep_baseline,325,20,111,0,OK,97,0,0,951.5911111111111,590.1177777777777,7.174444444444444,55,786,32.33,97,0,97,0,97,0
robust,rohcha_massdep_baseline_325,rohcha_massdep_baseline,325,20,112,0,OK,97,0,0,983.3577777777778,607.7188888888888,4.7122222222222225,56,786,28.62,97,0,97,0,97,0
robust,rohcha_massdep_baseline_325,rohcha_massdep_baseline,325,20,113,0,OK,96,0,1322,1034.5166666666667,624.7644444444444,4.526388888888889,62,786,35.17,96,0,96,0,96,0
robust,rohcha_massdep_baseline_325,rohcha_massdep_baseline,325,20,114,0,OK,97,0,0,1013.9433333333334,607.1711111111111,2.3433333333333333,63,786,37.04,97,0,97,0,97,0
robust,rohcha_massdep_baseline_325,rohcha_massdep_baseline,325,20,115,0,OK,97,0,0,943.2677777777777,583.6888888888889,6.063888888888889,56,786,30.81,97,0,97,0,97,0
robust,rohcha_massdep_baseline_325,rohcha_massdep_baseline,325,20,116,0,OK,97,0,0,1008.96,604.9477777777778,6.7316666666666665,63,786,33.61,97,0,97,0,97,0
robust,rohcha_massdep_baseline_325,rohcha_massdep_baseline,325,20,117,0,OK,97,0,0,939.2444444444444,585.85,4.348333333333334,54,786,33.07,97,0,97,0,97,0
robust,rohcha_massdep_baseline_325,rohcha_massdep_baseline,325,20,118,0,OK,97,0,0,1058.5333333333333,623.6255555555556,1.2933333333333332,67,786,37.68,97,0,97,0,97,0
robust,rohcha_massdep_baseline_325,rohcha_massdep_baseline,325,20,119,0,OK,97,0,0,1115.1,642.7888888888889,6.425277777777778,72,786,39.74,97,0,97,0,97,0
robust,rohcha_massdep_baseline_325,rohcha_massdep_baseline,325,20,120,0,OK,97,0,0,884.83,565.63,7.286666666666667,50,786,28.21,97,0,97,0,97,0
robust,rohcha_massdep_baseline_325,rohcha_massdep_baseline,325,20,121,0,OK,97,0,0,860.1655555555556,556.6177777777777,2.2263888888888888,48,786,28.68,97,0,97,0,97,0
robust,rohcha_massdep_baseline_325,rohcha_massdep_baseline,325,20,122,0,OK,97,0,0,969.2633333333333,594.6011111111111,6.026388888888889,59,786,35.29,97,0,97,0,97,0
robust,rohcha_massdep_baseline_325,rohcha_massdep_baseline,325,20,123,0,OK,97,0,0,995.58,603.8211111111111,2.795,59,786,32.19,97,0,97,0,97,0
robust,rohcha_massdep_baseline_325,rohcha_massdep_baseline,325,20,124,0,OK,97,0,0,1031.0344444444445,609.7244444444444,5.360833333333333,66,786,33.92,97,0,97,0,97,0
robust,rohcha_massdep_baseline_325,rohcha_massdep_baseline,325,20,125,0,OK,97,0,0,1049.338888888889,608.4811111111111,7.556666666666667,69,786,35.68,97,0,97,0,97,0
robust,rohcha_massdep_baseline_325,rohcha_massdep_baseline,325,20,126,0,OK,97,0,0,981.0222222222222,593.8211111111111,0.8486111111111111,59,786,32.87,97,0,97,0,97,0
robust,rohcha_massdep_baseline_325,rohcha_massdep_baseline,325,20,127,0,OK,97,0,0,1030.4755555555555,616.1588888888889,7.644444444444445,64,786,33.09,97,0,97,0,97,0
robust,rohcha_massdep_baseline_325,rohcha_massdep_baseline,325,20,128,0,OK,97,0,0,951.1244444444444,578.6244444444444,4.083055555555555,59,786,30.05,97,0,97,0,97,0
robust,rohcha_massdep_baseline_325,rohcha_massdep_baseline,325,20,129,0,OK,97,0,0,798.7433333333333,538.0677777777778,4.031944444444444,41,786,26.74,97,0,97,0,97,0
robust,rohcha_massdep_baseline_325,rohcha_massdep_baseline,325,20,130,0,OK,97,0,0,1010.2766666666666,603.4,3.471111111111111,62,786,34.45,97,0,97,0,97,0
robust,rohcha_massdep_baseline_380,rohcha_massdep_baseline,380,17,101,0,OK,96,0,732,960.58,622.9233333333333,4.475,50,786,29.49,96,0,96,0,96,0
robust,rohcha_massdep_baseline_380,rohcha_massdep_baseline,380,17,102,0,OK,97,0,0,939.7444444444444,597.1111111111111,4.67,51,786,33.55,97,0,97,0,97,0
robust,rohcha_massdep_baseline_380,rohcha_massdep_baseline,380,17,103,0,OK,97,0,0,986.97,612.4222222222222,6.931666666666667,56,786,33.68,97,0,97,0,97,0
robust,rohcha_massdep_baseline_380,rohcha_massdep_baseline,380,17,104,0,OK,97,0,0,870.5333333333333,577.9177777777778,3.2255555555555557,44,786,29.89,97,0,97,0,97,0
robust,rohcha_massdep_baseline_380,rohcha_massdep_baseline,380,17,105,0,OK,97,0,0,880.37,571.0988888888888,4.906666666666666,47,786,32.03,97,0,97,0,97,0
robust,rohcha_massdep_baseline_380,rohcha_massdep_baseline,380,17,106,0,OK,97,0,0,939.2077777777778,602.2833333333333,1.3383333333333334,51,786,33.8,97,0,97,0,97,0
robust,rohcha_massdep_baseline_380,rohcha_massdep_baseline,380,17,107,0,OK,97,0,0,817.2422222222223,546.9,4.307222222222222,42,786,27.59,97,0,97,0,97,0
robust,rohcha_massdep_baseline_380,rohcha_massdep_baseline,380,17,108,0,OK,97,0,0,856.3322222222222,563.9177777777778,6.041388888888889,45,786,30.33,97,0,97,0,97,0
robust,rohcha_massdep_baseline_380,rohcha_massdep_baseline,380,17,109,0,OK,97,0,0,911.5822222222222,579.0088888888889,3.631666666666667,51,786,27.72,97,0,97,0,97,0
robust,rohcha_massdep_baseline_380,rohcha_massdep_baseline,380,17,110,0,OK,95,0,4292,964.9344444444445,607.1788888888889,4.056111111111111,54,786,32.47,95,0,95,0,95,0
robust,rohcha_massdep_baseline_380,rohcha_massdep_baseline,380,17,111,0,OK,96,0,601,925.2355555555556,598.0511111111111,5.261388888888889,49,786,27.01,96,0,96,0,96,0
robust,rohcha_massdep_baseline_380,rohcha_massdep_baseline,380,17,112,0,OK,97,0,0,944.0522222222222,607.8122222222222,6.551666666666667,49,786,28.47,97,0,97,0,97,0
robust,rohcha_massdep_baseline_380,rohcha_massdep_baseline,380,17,113,0,OK,95,0,3311,991.5944444444444,618.5344444444445,6.256666666666667,55,786,31.37,95,0,95,0,95,0
robust,rohcha_massdep_baseline_380,rohcha_massdep_baseline,380,17,114,0,OK,97,0,0,925.9988888888889,598.8111111111111,2.7644444444444445,49,786,29.64,97,0,97,0,97,0
robust,rohcha_massdep_baseline_380,rohcha_massdep_baseline,380,17,115,0,OK,97,0,0,882.8933333333333,577.7066666666667,5.788888888888889,46,786,30.12,97,0,97,0,97,0
robust,rohcha_massdep_baseline_380,rohcha_massdep_baseline,380,17,116,0,OK,97,0,0,929.3377777777778,598.9688888888888,6.232222222222222,50,786,33.01,97,0,97,0,97,0
robust,rohcha_massdep_baseline_380,rohcha_massdep_baseline,380,17,117,0,OK,97,0,0,894.5233333333333,587.0077777777777,3.4980555555555557,46,786,32.08,97,0,97,0,97,0
robust,rohcha_massdep_baseline_380,rohcha_massdep_baseline,380,17,118,0,OK,97,0,0,977.8077777777778,616.9411111111111,4.364722222222222,54,786,34.32,97,0,97,0,97,0
robust,rohcha_massdep_baseline_380,rohcha_massdep_baseline,380,17,119,0,OK,94,0,3598,1057.0955555555556,653.3777777777777,5.519444444444445,60,786,35.14,94,0,94,0,94,0
robust,rohcha_massdep_baseline_380,rohcha_massdep_baseline,380,17,120,0,OK,97,0,0,828.7888888888889,559.0211111111112,6.556111111111111,42,786,30.21,97,0,97,0,97,0
robust,rohcha_massdep_baseline_380,rohcha_massdep_baseline,380,17,121,0,OK,97,0,0,819.4477777777778,553.8466666666667,3.1555555555555554,41,786,30.01,97,0,97,0,97,0
robust,rohcha_massdep_baseline_380,rohcha_massdep_baseline,380,17,122,0,OK,97,0,0,897.42,586.2922222222222,4.714722222222222,48,786,31.96,97,0,97,0,97,0
robust,rohcha_massdep_baseline_380,rohcha_massdep_baseline,380,17,123,0,OK,97,0,0,961.5377777777778,609.3455555555555,4.056111111111111,52,786,34.07,97,0,97,0,97,0
robust,rohcha_massdep_baseline_380,rohcha_massdep_baseline,380,17,124,0,OK,97,0,0,966.6888888888889,608.47,7.033611111111111,55,786,34.6,97,0,97,0,97,0
robust,rohcha_massdep_baseline_380,rohcha_massdep_baseline,380,17,125,0,OK,96,0,173,1006.3511111111111,620.9177777777778,9.227777777777778,59,786,36.08,96,0,96,0,96,0
robust,rohcha_massdep_baseline_380,rohcha_massdep_baseline,380,17,126,0,OK,97,0,0,941.2444444444444,600.2077777777778,4.6594444444444445,51,786,31.78,97,0,97,0,97,0
robust,rohcha_massdep_baseline_380,rohcha_massdep_baseline,380,17,127,0,OK,97,0,0,957.8366666666667,611.9433333333334,6.136388888888889,51,786,32.98,97,0,97,0,97,0
robust,rohcha_massdep_baseline_380,rohcha_massdep_baseline,380,17,128,0,OK,97,0,0,916.0844444444444,577.3333333333334,3.1844444444444444,53,786,35.9,97,0,97,0,97,0
robust,rohcha_massdep_baseline_380,rohcha_massdep_baseline,380,17,129,0,OK,97,0,0,755.4277777777778,533.3477777777778,3.0469444444444442,34,786,25.39,97,0,97,0,97,0
robust,rohcha_massdep_baseline_380,rohcha_massdep_baseline,380,17,130,0,OK,96,0,804,943.4588888888889,616.8688888888889,4.398888888888889,48,786,30.66,96,0,96,0,96,0
robust,rohcha_massdep_baseline_380,rohcha_massdep_baseline,380,18,101,0,OK,97,0,0,932.1477777777778,594.4911111111111,1.1822222222222223,50,786,29.88,97,0,97,0,97,0
robust,rohcha_massdep_baseline_380,rohcha_massdep_baseline,380,18,102,0,OK,97,0,0,934.3144444444445,591.6811111111111,2.0183333333333335,51,786,30.64,97,0,97,0,97,0
robust,rohcha_massdep_baseline_380,rohcha_massdep_baseline,380,18,103,0,OK,97,0,0,979.7633333333333,605.2155555555555,5.826666666666667,56,786,32.87,97,0,97,0,97,0
robust,rohcha_massdep_baseline_380,rohcha_massdep_baseline,380,18,104,0,OK,97,0,0,867.6455555555556,575.03,1.4608333333333334,44,786,28.5,97,0,97,0,97,0
robust,rohcha_massdep_baseline_380,rohcha_massdep_baseline,380,18,105,0,OK,97,0,0,876.6677777777778,567.3966666666666,4.932777777777778,47,786,31.47,97,0,97,0,97,0
robust,rohcha_massdep_baseline_380,rohcha_massdep_baseline,380,18,106,0,OK,97,0,0,931.6388888888889,594.7144444444444,2.774722222222222,51,786,34.39,97,0,97,0,97,0
robust,rohcha_massdep_baseline_380,rohcha_massdep_baseline,380,18,107,0,OK,97,0,0,815.26,544.9177777777778,4.307222222222222,42,786,26.46,97,0,97,0,97,0
robust,rohcha_massdep_baseline_380,rohcha_massdep_baseline,380,18,108,0,OK,97,0,0,854.8322222222222,562.4177777777778,8.481111111111112,45,786,28.26,97,0,97,0,97,0
robust,rohcha_massdep_baseline_380,rohcha_massdep_baseline,380,18,109,0,OK,97,0,0,907.8266666666667,575.2533333333333,3.318888888888889,51,786,31.53,97,0,97,0,97,0
robust,rohcha_massdep_baseline_380,rohcha_massdep_baseline,380,18,110,0,OK,95,0,1204,964.2511111111111,606.4955555555556,2.0702777777777777,54,786,36.68,95,0,95,0,95,0
robust,rohcha_massdep_baseline_380,rohcha_massdep_baseline,380,18,111,0,OK,97,0,0,915.2166666666667,588.0322222222222,5.660555555555556,49,786,28.4,97,0,97,0,97,0
robust,rohcha_massdep_baseline_380,rohcha_massdep_baseline,380,18,112,0,OK,97,0,0,939.7955555555556,603.5555555555555,4.262222222222222,49,786,31.67,97,0,97,0,97,0
robust,rohcha_massdep_baseline_380,rohcha_massdep_baseline,380,18,113,0,OK,96,0,413,988.8055555555555,615.7455555555556,6.559444444444445,55,786,33.03,96,0,96,0,96,0
robust,rohcha_massdep_baseline_380,rohcha_massdep_baseline,380,18,114,0,OK,97,0,0,921.3366666666667,594.1488888888889,2.0991666666666666,49,786,31.05,97,0,97,0,97,0
robust,rohcha_massdep_baseline_380,rohcha_massdep_baseline,380,18,115,0,OK,97,0,0,881.6533333333333,576.4666666666667,5.788888888888889,46,786,29.41,97,0,97,0,97,0
robust,rohcha_massdep_baseline_380,rohcha_massdep_baseline,380,18,116,0,OK,97,0,0,923.3233333333334,592.9544444444444,4.560555555555555,50,786,29.75,97,0,97,0,97,0
robust,rohcha_massdep_baseline_380,rohcha_massdep_baseline,380,18,117,0,OK,97,0,0,888.9277777777778,581.4122222222222,2.107222222222222,46,786,29.34,97,0,97,0,97,0
robust,rohcha_massdep_baseline_380,rohcha_massdep_baseline,380,18,118,0,OK,97,0,0,971.9288888888889,611.0622222222222,4.061388888888889,54,786,33.63,97,0,97,0,97,0
robust,rohcha_massdep_baseline_380,rohcha_massdep_baseline,380,18,119,0,OK,97,0,0,1045.0711111111111,641.3533333333334,6.1466666666666665,60,786,34.95,97,0,97,0,97,0
robust,rohcha_massdep_baseline_380,rohcha_massdep_baseline,380,18,120,0,OK,97,0,0,827.0833333333334,557.3155555555555,7.286666666666667,42,786,28.06,97,0,97,0,97,0
robust,rohcha_massdep_baseline_380,rohcha_massdep_baseline,380,18,121,0,OK,97,0,0,816.4411111111111,550.84,3.1555555555555554,41,786,26.61,97,0,97,0,97,0
robust,rohcha_massdep_baseline_380,rohcha_massdep_baseline,380,18,122,0,OK,97,0,0,895.4066666666666,584.2788888888889,3.777222222222222,48,786,32.04,97,0,97,0,97,0
robust,rohcha_massdep_baseline_380,rohcha_massdep_baseline,380,18,123,0,OK,97,0,0,954.8911111111111,602.6988888888889,3.0683333333333334,52,786,34.49,97,0,97,0,97,0
robust,rohcha_massdep_baseline_380,rohcha_massdep_baseline,380,18,124,0,OK,97,0,0,962.1,603.8811111111111,3.765833333333333,55,786,33.83,97,0,97,0,97,0
robust,rohcha_massdep_baseline_380,rohcha_massdep_baseline,380,18,125,0,OK,96,0,37,999.6644444444445,614.2311111111111,7.7844444444444445,59,786,36.68,96,0,96,0,96,0
robust,rohcha_massdep_baseline_380,rohcha_massdep_baseline,380,18,126,0,OK,97,0,0,935.2633333333333,594.2266666666667,5.011111111111111,51,786,31.56,97,0,97,0,97,0
robust,rohcha_massdep_baseline_380,rohcha_massdep_baseline,380,18,127,0,OK,97,0,0,950.8322222222222,604.9388888888889,5.555833333333333,51,786,30.8,97,0,97,0,97,0
robust,rohcha_massdep_baseline_380,rohcha_massdep_baseline,380,18,128,0,OK,97,0,0,914.2388888888889,575.4877777777778,3.6475,53,786,33.11,97,0,97,0,97,0
robust,rohcha_massdep_baseline_380,rohcha_massdep_baseline,380,18,129,0,OK,97,0,0,755.2211111111111,533.1411111111111,3.226111111111111,34,786,25.71,97,0,97,0,97,0
robust,rohcha_massdep_baseline_380,rohcha_massdep_baseline,380,18,130,0,OK,96,0,470,922.1355555555556,595.5455555555556,5.5225,48,786,30.93,96,0,96,0,96,0
robust,rohcha_massdep_baseline_380,rohcha_massdep_baseline,380,19,101,0,OK,97,0,0,926.8655555555556,589.2088888888889,1.3711111111111112,50,786,29.21,97,0,97,0,97,0
robust,rohcha_massdep_baseline_380,rohcha_massdep_baseline,380,19,102,0,OK,97,0,0,930.1111111111111,587.4777777777778,1.9088888888888889,51,786,30.9,97,0,97,0,97,0
robust,rohcha_massdep_baseline_380,rohcha_massdep_baseline,380,19,103,0,OK,97,0,0,976.82,602.2722222222222,5.648611111111111,56,786,30.76,97,0,97,0,97,0
robust,rohcha_massdep_baseline_380,rohcha_massdep_baseline,380,19,104,0,OK,97,0,0,866.0733333333334,573.4577777777778,2.113888888888889,44,786,29.82,97,0,97,0,97,0
robust,rohcha_massdep_baseline_380,rohcha_massdep_baseline,380,19,105,0,OK,97,0,0,874.3855555555556,565.1144444444444,3.616388888888889,47,786,26.58,97,0,97,0,97,0
robust,rohcha_massdep_baseline_380,rohcha_massdep_baseline,380,19,106,0,OK,97,0,0,928.4011111111112,591.4766666666667,1.2330555555555556,51,786,30.86,97,0,97,0,97,0
robust,rohcha_massdep_baseline_380,rohcha_massdep_baseline,380,19,107,0,OK,97,0,0,814.2588888888889,543.9166666666666,4.061944444444444,42,786,26.47,97,0,97,0,97,0
robust,rohcha_massdep_baseline_380,rohcha_massdep_baseline,380,19,108,0,OK,97,0,0,852.6522222222222,560.2377777777778,7.6177777777777775,45,786,28.21,97,0,97,0,97,0
robust,rohcha_massdep_baseline_380,rohcha_massdep_baseline,380,19,109,0,OK,97,0,0,904.15,571.5766666666667,3.1033333333333335,51,786,31.0,97,0,97,0,97,0
robust,rohcha_massdep_baseline_380,rohcha_massdep_baseline,380,19,110,0,OK,96,0,690,955.6077777777778,597.8522222222222,3.3786111111111112,54,786,31.32,96,0,96,0,96,0
robust,rohcha_massdep_baseline_380,rohcha_massdep_baseline,380,19,111,0,OK,97,0,0,911.0122222222222,583.8277777777778,4.9475,49,786,31.14,97,0,97,0,97,0
robust,rohcha_massdep_baseline_380,rohcha_massdep_baseline,380,19,112,0,OK,97,0,0,936.7744444444445,600.5344444444445,4.7122222222222225,49,786,32.31,97,0,97,0,97,0
robust,rohcha_massdep_baseline_380,rohcha_massdep_baseline,380,19,113,0,OK,96,0,395,984.2222222222222,611.1622222222222,7.4075,55,786,33.63,96,0,96,0,96,0
robust,rohcha_massdep_baseline_380,rohcha_massdep_baseline,380,19,114,0,OK,97,0,0,918.5733333333334,591.3855555555556,2.0991666666666666,49,786,28.99,97,0,97,0,97,0
robust,rohcha_massdep_baseline_380,rohcha_massdep_baseline,380,19,115,0,OK,97,0,0,879.7377777777778,574.5511111111111,5.788888888888889,46,786,21.69,97,0,97,0,97,0
robust,rohcha_massdep_baseline_380,rohcha_massdep_baseline,380,19,116,0,OK,97,0,0,921.29,590.9211111111111,2.578888888888889,50,786,30.73,97,0,97,0,97,0
robust,rohcha_massdep_baseline_380,rohcha_massdep_baseline,380,19,117,0,OK,97,0,0,886.9166666666666,579.4011111111112,1.5822222222222222,46,786,28.78,97,0,97,0,97,0
robust,rohcha_massdep_baseline_380,rohcha_massdep_baseline,380,19,118,0,OK,97,0,0,967.22,606.3533333333334,5.129444444444444,54,786,29.3,97,0,97,0,97,0
robust,rohcha_massdep_baseline_380,rohcha_massdep_baseline,380,19,119,0,OK,97,0,0,1034.7488888888888,631.0311111111112,3.476111111111111,60,786,35.05,97,0,97,0,97,0
robust,rohcha_massdep_baseline_380,rohcha_massdep_baseline,380,19,120,0,OK,97,0,0,825.7988888888889,556.0311111111112,5.980555555555555,42,786,26.77,97,0,97,0,97,0
robust,rohcha_massdep_baseline_380,rohcha_massdep_baseline,380,19,121,0,OK,97,0,0,814.4266666666666,548.8255555555555,3.3066666666666666,41,786,27.0,97,0,97,0,97,0
robust,rohcha_massdep_baseline_380,rohcha_massdep_baseline,380,19,122,0,OK,97,0,0,893.1655555555556,582.0377777777778,4.04,48,786,29.72,97,0,97,0,97,0
robust,rohcha_massdep_baseline_380,rohcha_massdep_baseline,380,19,123,0,OK,97,0,0,951.3922222222222,599.2,3.0183333333333335,52,786,30.18,97,0,97,0,97,0
robust,rohcha_massdep_baseline_380,rohcha_massdep_baseline,380,19,124,0,OK,97,0,0,957.4233333333333,599.2044444444444,3.124722222222222,55,786,31.0,97,0,97,0,97,0
robust,rohcha_massdep_baseline_380,rohcha_massdep_baseline,380,19,125,0,OK,97,0,0,987.5055555555556,602.0722222222222,8.363333333333333,59,786,30.65,97,0,97,0,97,0
robust,rohcha_massdep_baseline_380,rohcha_massdep_baseline,380,19,126,0,OK,97,0,0,929.6455555555556,588.6088888888889,1.586111111111111,51,786,25.84,97,0,97,0,97,0
robust,rohcha_massdep_baseline_380,rohcha_massdep_baseline,380,19,127,0,OK,97,0,0,949.0722222222222,603.1788888888889,5.555833333333333,51,786,34.36,97,0,97,0,97,0
robust,rohcha_massdep_baseline_380,rohcha_massdep_baseline,380,19,128,0,OK,97,0,0,911.0622222222222,572.3111111111111,4.771388888888889,53,786,31.81,97,0,97,0,97,0
robust,rohcha_massdep_baseline_380,rohcha_massdep_baseline,380,19,129,0,OK,97,0,0,753.4511111111111,531.3711111111111,3.226111111111111,34,786,18.11,97,0,97,0,97,0
robust,rohcha_massdep_baseline_380,rohcha_massdep_baseline,380,19,130,0,OK,97,0,0,920.4366666666666,593.8466666666667,3.868333333333333,48,786,26.93,97,0,97,0,97,0
robust,rohcha_massdep_baseline_425,rohcha_massdep_baseline,425,17,101,0,OK,96,0,732,960.58,622.9233333333333,4.475,50,786,27.66,96,0,96,0,96,0
robust,rohcha_massdep_baseline_425,rohcha_massdep_baseline,425,17,102,0,OK,97,0,0,939.7444444444444,597.1111111111111,4.67,51,786,34.31,97,0,97,0,97,0
robust,rohcha_massdep_baseline_425,rohcha_massdep_baseline,425,17,103,0,OK,97,0,0,986.97,612.4222222222222,6.931666666666667,56,786,36.72,97,0,97,0,97,0
robust,rohcha_massdep_baseline_425,rohcha_massdep_baseline,425,17,104,0,OK,97,0,0,870.5333333333333,577.9177777777778,3.2255555555555557,44,786,29.31,97,0,97,0,97,0
robust,rohcha_massdep_baseline_425,rohcha_massdep_baseline,425,17,105,0,OK,97,0,0,880.37,571.0988888888888,4.906666666666666,47,786,33.03,97,0,97,0,97,0
robust,rohcha_massdep_baseline_425,rohcha_massdep_baseline,425,17,106,0,OK,97,0,0,939.2077777777778,602.2833333333333,1.3383333333333334,51,786,33.47,97,0,97,0,97,0
robust,rohcha_massdep_baseline_425,rohcha_massdep_baseline,425,17,107,0,OK,97,0,0,817.2422222222223,546.9,4.307222222222222,42,786,27.33,97,0,97,0,97,0
robust,rohcha_massdep_baseline_425,rohcha_massdep_baseline,425,17,108,0,OK,97,0,0,856.3322222222222,563.9177777777778,6.041388888888889,45,786,28.96,97,0,97,0,97,0
robust,rohcha_massdep_baseline_425,rohcha_massdep_baseline,425,17,109,0,OK,97,0,0,911.5822222222222,579.0088888888889,3.631666666666667,51,786,33.69,97,0,97,0,97,0
robust,rohcha_massdep_baseline_425,rohcha_massdep_baseline,425,17,110,0,OK,95,0,4292,964.9344444444445,607.1788888888889,4.056111111111111,54,786,36.8,95,0,95,0,95,0
robust,rohcha_massdep_baseline_425,rohcha_massdep_baseline,425,17,111,0,OK,96,0,601,925.2355555555556,598.0511111111111,5.261388888888889,49,786,33.55,96,0,96,0,96,0
robust,rohcha_massdep_baseline_425,rohcha_massdep_baseline,425,17,112,0,OK,97,0,0,944.0522222222222,607.8122222222222,6.551666666666667,49,786,34.03,97,0,97,0,97,0
robust,rohcha_massdep_baseline_425,rohcha_massdep_baseline,425,17,113,0,OK,95,0,3311,991.5944444444444,618.5344444444445,6.256666666666667,55,786,34.17,95,0,95,0,95,0
robust,rohcha_massdep_baseline_425,rohcha_massdep_baseline,425,17,114,0,OK,97,0,0,925.9988888888889,598.8111111111111,2.7644444444444445,49,786,32.14,97,0,97,0,97,0
robust,rohcha_massdep_baseline_425,rohcha_massdep_baseline,425,17,115,0,OK,97,0,0,882.8933333333333,577.7066666666667,5.788888888888889,46,786,30.12,97,0,97,0,97,0
robust,rohcha_massdep_baseline_425,rohcha_massdep_baseline,425,17,116,0,OK,97,0,0,929.3377777777778,598.9688888888888,6.232222222222222,50,786,32.96,97,0,97,0,97,0
robust,rohcha_massdep_baseline_425,rohcha_massdep_baseline,425,17,117,0,OK,97,0,0,894.5233333333333,587.0077777777777,3.4980555555555557,46,786,32.93,97,0,97,0,97,0
robust,rohcha_massdep_baseline_425,rohcha_massdep_baseline,425,17,118,0,OK,97,0,0,977.8077777777778,616.9411111111111,4.364722222222222,54,786,37.96,97,0,97,0,97,0
robust,rohcha_massdep_baseline_425,rohcha_massdep_baseline,425,17,119,0,OK,94,0,3598,1057.0955555555556,653.3777777777777,5.519444444444445,60,786,37.86,94,0,94,0,94,0
robust,rohcha_massdep_baseline_425,rohcha_massdep_baseline,425,17,120,0,OK,97,0,0,828.7888888888889,559.0211111111112,6.556111111111111,42,786,30.5,97,0,97,0,97,0
robust,rohcha_massdep_baseline_425,rohcha_massdep_baseline,425,17,121,0,OK,97,0,0,819.4477777777778,553.8466666666667,3.1555555555555554,41,786,31.39,97,0,97,0,97,0
robust,rohcha_massdep_baseline_425,rohcha_massdep_baseline,425,17,122,0,OK,97,0,0,897.42,586.2922222222222,4.714722222222222,48,786,33.08,97,0,97,0,97,0
robust,rohcha_massdep_baseline_425,rohcha_massdep_baseline,425,17,123,0,OK,97,0,0,961.5377777777778,609.3455555555555,4.056111111111111,52,786,36.78,97,0,97,0,97,0
robust,rohcha_massdep_baseline_425,rohcha_massdep_baseline,425,17,124,0,OK,97,0,0,966.6888888888889,608.47,7.033611111111111,55,786,36.94,97,0,97,0,97,0
robust,rohcha_massdep_baseline_425,rohcha_massdep_baseline,425,17,125,0,OK,96,0,173,1006.3511111111111,620.9177777777778,9.227777777777778,59,786,36.44,96,0,96,0,96,0
robust,rohcha_massdep_baseline_425,rohcha_massdep_baseline,425,17,126,0,OK,97,0,0,941.2444444444444,600.2077777777778,4.6594444444444445,51,786,35.01,97,0,97,0,97,0
robust,rohcha_massdep_baseline_425,rohcha_massdep_baseline,425,17,127,0,OK,97,0,0,957.8366666666667,611.9433333333334,6.136388888888889,51,786,35.49,97,0,97,0,97,0
robust,rohcha_massdep_baseline_425,rohcha_massdep_baseline,425,17,128,0,OK,97,0,0,916.0844444444444,577.3333333333334,3.1844444444444444,53,786,33.85,97,0,97,0,97,0
robust,rohcha_massdep_baseline_425,rohcha_massdep_baseline,425,17,129,0,OK,97,0,0,755.4277777777778,533.3477777777778,3.0469444444444442,34,786,27.01,97,0,97,0,97,0
robust,rohcha_massdep_baseline_425,rohcha_massdep_baseline,425,17,130,0,OK,96,0,804,943.4588888888889,616.8688888888889,4.398888888888889,48,786,31.23,96,0,96,0,96,0
robust,rohcha_massdep_baseline_425,rohcha_massdep_baseline,425,18,101,0,OK,97,0,0,932.1477777777778,594.4911111111111,1.1822222222222223,50,786,29.61,97,0,97,0,97,0
robust,rohcha_massdep_baseline_425,rohcha_massdep_baseline,425,18,102,0,OK,97,0,0,934.3144444444445,591.6811111111111,2.0183333333333335,51,786,29.73,97,0,97,0,97,0
robust,rohcha_massdep_baseline_425,rohcha_massdep_baseline,425,18,103,0,OK,97,0,0,979.7633333333333,605.2155555555555,5.826666666666667,56,786,31.93,97,0,97,0,97,0
robust,rohcha_massdep_baseline_425,rohcha_massdep_baseline,425,18,104,0,OK,97,0,0,867.6455555555556,575.03,1.4608333333333334,44,786,28.53,97,0,97,0,97,0
robust,rohcha_massdep_baseline_425,rohcha_massdep_baseline,425,18,105,0,OK,97,0,0,876.6677777777778,567.3966666666666,4.932777777777778,47,786,30.52,97,0,97,0,97,0
robust,rohcha_massdep_baseline_425,rohcha_massdep_baseline,425,18,106,0,OK,97,0,0,931.6388888888889,594.7144444444444,2.774722222222222,51,786,33.87,97,0,97,0,97,0
robust,rohcha_massdep_baseline_425,rohcha_massdep_baseline,425,18,107,0,OK,97,0,0,815.26,544.9177777777778,4.307222222222222,42,786,27.88,97,0,97,0,97,0
robust,rohcha_massdep_baseline_425,rohcha_massdep_baseline,425,18,108,0,OK,97,0,0,854.8322222222222,562.4177777777778,8.481111111111112,45,786,27.29,97,0,97,0,97,0
robust,rohcha_massdep_baseline_425,rohcha_massdep_baseline,425,18,109,0,OK,97,0,0,907.8266666666667,575.2533333333333,3.318888888888889,51,786,30.94,97,0,97,0,97,0
robust,rohcha_massdep_baseline_425,rohcha_massdep_baseline,425,18,110,0,OK,95,0,1204,964.2511111111111,606.4955555555556,2.0702777777777777,54,786,35.98,95,0,95,0,95,0
robust,rohcha_massdep_baseline_425,rohcha_massdep_baseline,425,18,111,0,OK,97,0,0,915.2166666666667,588.0322222222222,5.660555555555556,49,786,29.73,97,0,97,0,97,0
robust,rohcha_massdep_baseline_425,rohcha_massdep_baseline,425,18,112,0,OK,97,0,0,939.7955555555556,603.5555555555555,4.262222222222222,49,786,31.23,97,0,97,0,97,0
robust,rohcha_massdep_baseline_425,rohcha_massdep_baseline,425,18,113,0,OK,96,0,413,988.8055555555555,615.7455555555556,6.559444444444445,55,786,35.32,96,0,96,0,96,0
robust,rohcha_massdep_baseline_425,rohcha_massdep_baseline,425,18,114,0,OK,97,0,0,921.3366666666667,594.1488888888889,2.0991666666666666,49,786,31.38,97,0,97,0,97,0
robust,rohcha_massdep_baseline_425,rohcha_massdep_baseline,425,18,115,0,OK,97,0,0,881.6533333333333,576.4666666666667,5.788888888888889,46,786,28.34,97,0,97,0,97,0
robust,rohcha_massdep_baseline_425,rohcha_massdep_baseline,425,18,116,0,OK,97,0,0,923.3233333333334,592.9544444444444,4.560555555555555,50,786,29.29,97,0,97,0,97,0
robust,rohcha_massdep_baseline_425,rohcha_massdep_baseline,425,18,117,0,OK,97,0,0,888.9277777777778,581.4122222222222,2.107222222222222,46,786,27.61,97,0,97,0,97,0
robust,rohcha_massdep_baseline_425,rohcha_massdep_baseline,425,18,118,0,OK,97,0,0,971.9288888888889,611.0622222222222,4.061388888888889,54,786,33.45,97,0,97,0,97,0
robust,rohcha_massdep_baseline_425,rohcha_massdep_baseline,425,18,119,0,OK,97,0,0,1045.0711111111111,641.3533333333334,6.1466666666666665,60,786,36.84,97,0,97,0,97,0
robust,rohcha_massdep_baseline_425,rohcha_massdep_baseline,425,18,120,0,OK,97,0,0,827.0833333333334,557.3155555555555,7.286666666666667,42,786,27.66,97,0,97,0,97,0
robust,rohcha_massdep_baseline_425,rohcha_massdep_baseline,425,18,121,0,OK,97,0,0,816.4411111111111,550.84,3.1555555555555554,41,786,26.4,97,0,97,0,97,0
robust,rohcha_massdep_baseline_425,rohcha_massdep_baseline,425,18,122,0,OK,97,0,0,895.4066666666666,584.2788888888889,3.777222222222222,48,786,31.58,97,0,97,0,97,0
robust,rohcha_massdep_baseline_425,rohcha_massdep_baseline,425,18,123,0,OK,97,0,0,954.8911111111111,602.6988888888889,3.0683333333333334,52,786,32.62,97,0,97,0,97,0
robust,rohcha_massdep_baseline_425,rohcha_massdep_baseline,425,18,124,0,OK,97,0,0,962.1,603.8811111111111,3.765833333333333,55,786,33.86,97,0,97,0,97,0
robust,rohcha_massdep_baseline_425,rohcha_massdep_baseline,425,18,125,0,OK,96,0,37,999.6644444444445,614.2311111111111,7.7844444444444445,59,786,36.17,96,0,96,0,96,0
robust,rohcha_massdep_baseline_425,rohcha_massdep_baseline,425,18,126,0,OK,97,0,0,935.2633333333333,594.2266666666667,5.011111111111111,51,786,31.56,97,0,97,0,97,0
robust,rohcha_massdep_baseline_425,rohcha_massdep_baseline,425,18,127,0,OK,97,0,0,950.8322222222222,604.9388888888889,5.555833333333333,51,786,29.73,97,0,97,0,97,0
robust,rohcha_massdep_baseline_425,rohcha_massdep_baseline,425,18,128,0,OK,97,0,0,914.2388888888889,575.4877777777778,3.6475,53,786,33.32,97,0,97,0,97,0
robust,rohcha_massdep_baseline_425,rohcha_massdep_baseline,425,18,129,0,OK,97,0,0,755.2211111111111,533.1411111111111,3.226111111111111,34,786,25.31,97,0,97,0,97,0
robust,rohcha_massdep_baseline_425,rohcha_massdep_baseline,425,18,130,0,OK,96,0,470,922.1355555555556,595.5455555555556,5.5225,48,786,29.24,96,0,96,0,96,0
robust,rohcha_massdep_baseline_425,rohcha_massdep_baseline,425,19,101,0,OK,97,0,0,926.8655555555556,589.2088888888889,1.3711111111111112,50,786,27.0,97,0,97,0,97,0
robust,rohcha_massdep_baseline_425,rohcha_massdep_baseline,425,19,102,0,OK,97,0,0,930.1111111111111,587.4777777777778,1.9088888888888889,51,786,31.21,97,0,97,0,97,0
robust,rohcha_massdep_baseline_425,rohcha_massdep_baseline,425,19,103,0,OK,97,0,0,976.82,602.2722222222222,5.648611111111111,56,786,31.78,97,0,97,0,97,0
robust,rohcha_massdep_baseline_425,rohcha_massdep_baseline,425,19,104,0,OK,97,0,0,866.0733333333334,573.4577777777778,2.113888888888889,44,786,28.09,97,0,97,0,97,0
robust,rohcha_massdep_baseline_425,rohcha_massdep_baseline,425,19,105,0,OK,97,0,0,874.3855555555556,565.1144444444444,3.616388888888889,47,786,29.24,97,0,97,0,97,0
robust,rohcha_massdep_baseline_425,rohcha_massdep_baseline,425,19,106,0,OK,97,0,0,928.4011111111112,591.4766666666667,1.2330555555555556,51,786,31.68,97,0,97,0,97,0
robust,rohcha_massdep_baseline_425,rohcha_massdep_baseline,425,19,107,0,OK,97,0,0,814.2588888888889,543.9166666666666,4.061944444444444,42,786,27.6,97,0,97,0,97,0
robust,rohcha_massdep_baseline_425,rohcha_massdep_baseline,425,19,108,0,OK,97,0,0,852.6522222222222,560.2377777777778,7.6177777777777775,45,786,26.42,97,0,97,0,97,0
robust,rohcha_massdep_baseline_425,rohcha_massdep_baseline,425,19,109,0,OK,97,0,0,904.15,571.5766666666667,3.1033333333333335,51,786,29.38,97,0,97,0,97,0
robust,rohcha_massdep_baseline_425,rohcha_massdep_baseline,425,19,110,0,OK,96,0,690,955.6077777777778,597.8522222222222,3.3786111111111112,54,786,34.49,96,0,96,0,96,0
robust,rohcha_massdep_baseline_425,rohcha_massdep_baseline,425,19,111,0,OK,97,0,0,911.0122222222222,583.8277777777778,4.9475,49,786,25.24,97,0,97,0,97,0
robust,rohcha_massdep_baseline_425,rohcha_massdep_baseline,425,19,112,0,OK,97,0,0,936.7744444444445,600.5344444444445,4.7122222222222225,49,786,31.48,97,0,97,0,97,0
robust,rohcha_massdep_baseline_425,rohcha_massdep_baseline,425,19,113,0,OK,96,0,395,984.2222222222222,611.1622222222222,7.4075,55,786,32.23,96,0,96,0,96,0
robust,rohcha_massdep_baseline_425,rohcha_massdep_baseline,425,19,114,0,OK,97,0,0,918.5733333333334,591.3855555555556,2.0991666666666666,49,786,29.6,97,0,97,0,97,0
robust,rohcha_massdep_baseline_425,rohcha_massdep_baseline,425,19,115,0,OK,97,0,0,879.7377777777778,574.5511111111111,5.788888888888889,46,786,26.81,97,0,97,0,97,0
robust,rohcha_massdep_baseline_425,rohcha_massdep_baseline,425,19,116,0,OK,97,0,0,921.29,590.9211111111111,2.578888888888889,50,786,27.77,97,0,97,0,97,0
robust,rohcha_massdep_baseline_425,rohcha_massdep_baseline,425,19,117,0,OK,97,0,0,886.9166666666666,579.4011111111112,1.5822222222222222,46,786,30.46,97,0,97,0,97,0
robust,rohcha_massdep_baseline_425,rohcha_massdep_baseline,425,19,118,0,OK,97,0,0,967.22,606.3533333333334,5.129444444444444,54,786,35.22,97,0,97,0,97,0
robust,rohcha_massdep_baseline_425,rohcha_massdep_baseline,425,19,119,0,OK,97,0,0,1034.7488888888888,631.0311111111112,3.476111111111111,60,786,34.16,97,0,97,0,97,0
robust,rohcha_massdep_baseline_425,rohcha_massdep_baseline,425,19,120,0,OK,97,0,0,825.7988888888889,556.0311111111112,5.980555555555555,42,786,27.91,97,0,97,0,97,0
robust,rohcha_massdep_baseline_425,rohcha_massdep_baseline,425,19,121,0,OK,97,0,0,814.4266666666666,548.8255555555555,3.3066666666666666,41,786,23.36,97,0,97,0,97,0
robust,rohcha_massdep_baseline_425,rohcha_massdep_baseline,425,19,122,0,OK,97,0,0,893.1655555555556,582.0377777777778,4.04,48,786,28.59,97,0,97,0,97,0
robust,rohcha_massdep_baseline_425,rohcha_massdep_baseline,425,19,123,0,OK,97,0,0,951.3922222222222,599.2,3.0183333333333335,52,786,31.96,97,0,97,0,97,0
robust,rohcha_massdep_baseline_425,rohcha_massdep_baseline,425,19,124,0,OK,97,0,0,957.4233333333333,599.2044444444444,3.124722222222222,55,786,28.91,97,0,97,0,97,0
robust,rohcha_massdep_baseline_425,rohcha_massdep_baseline,425,19,125,0,OK,97,0,0,987.5055555555556,602.0722222222222,8.363333333333333,59,786,34.78,97,0,97,0,97,0
robust,rohcha_massdep_baseline_425,rohcha_massdep_baseline,425,19,126,0,OK,97,0,0,929.6455555555556,588.6088888888889,1.586111111111111,51,786,27.21,97,0,97,0,97,0
robust,rohcha_massdep_baseline_425,rohcha_massdep_baseline,425,19,127,0,OK,97,0,0,949.0722222222222,603.1788888888889,5.555833333333333,51,786,29.81,97,0,97,0,97,0
robust,rohcha_massdep_baseline_425,rohcha_massdep_baseline,425,19,128,0,OK,97,0,0,911.0622222222222,572.3111111111111,4.771388888888889,53,786,31.24,97,0,97,0,97,0
robust,rohcha_massdep_baseline_425,rohcha_massdep_baseline,425,19,129,0,OK,97,0,0,753.4511111111111,531.3711111111111,3.226111111111111,34,786,23.42,97,0,97,0,97,0
robust,rohcha_massdep_baseline_425,rohcha_massdep_baseline,425,19,130,0,OK,97,0,0,920.4366666666666,593.8466666666667,3.868333333333333,48,786,28.88,97,0,97,0,97,0
robust,rohcha_massdep_baseline_500,rohcha_massdep_baseline,500,13,101,0,OK,95,0,3647,730.6222222222223,582.5833333333334,6.55,21,786,31.77,95,0,95,0,95,0
robust,rohcha_massdep_baseline_500,rohcha_massdep_baseline,500,13,102,0,OK,95,0,2371,738.3544444444444,581.3466666666667,2.8,23,786,33.4,95,0,95,0,95,0
robust,rohcha_massdep_baseline_500,rohcha_massdep_baseline,500,13,103,0,OK,96,0,2664,805.6655555555556,605.2488888888889,5.1130555555555555,29,786,33.48,95,0,95,0,95,0
robust,rohcha_massdep_baseline_500,rohcha_massdep_baseline,500,13,104,0,OK,97,0,0,652.7355555555556,544.8655555555556,2.986666666666667,16,786,25.85,97,0,97,0,97,0
robust,rohcha_massdep_baseline_500,rohcha_massdep_baseline,500,13,105,0,OK,97,0,0,680.3322222222222,542.9422222222222,4.796111111111111,21,786,27.19,97,0,97,0,97,0
robust,rohcha_massdep_baseline_500,rohcha_massdep_baseline,500,13,106,0,OK,97,0,0,679.1022222222222,560.8922222222222,1.7327777777777778,18,786,28.67,97,0,97,0,97,0
robust,rohcha_massdep_baseline_500,rohcha_massdep_baseline,500,13,107,0,OK,97,0,0,639.57,523.3777777777777,2.977222222222222,18,786,26.44,97,0,97,0,97,0
robust,rohcha_massdep_baseline_500,rohcha_massdep_baseline,500,13,108,0,OK,97,0,0,672.63,542.3722222222223,3.5030555555555556,20,786,22.99,97,0,97,0,97,0
robust,rohcha_massdep_baseline_500,rohcha_massdep_baseline,500,13,109,0,OK,97,0,0,702.8988888888889,553.3644444444444,2.591388888888889,22,786,26.79,97,0,97,0,97,0
robust,rohcha_massdep_baseline_500,rohcha_massdep_baseline,500,13,110,0,OK,94,0,4965,700.9433333333334,562.8477777777778,3.5966666666666667,20,786,28.74,94,0,94,0,94,0
robust,rohcha_massdep_baseline_500,rohcha_massdep_baseline,500,13,111,0,OK,97,0,0,731.6022222222222,569.1444444444444,2.176388888888889,24,786,34.03,97,0,97,0,97,0
robust,rohcha_massdep_baseline_500,rohcha_massdep_baseline,500,13,112,0,OK,97,0,0,716.7766666666666,582.5866666666667,5.073611111111111,19,786,25.53,97,0,97,0,97,0
robust,rohcha_massdep_baseline_500,rohcha_massdep_baseline,500,13,113,0,OK,95,0,1935,738.2211111111111,584.3888888888889,3.1038888888888887,22,786,23.99,95,0,95,0,95,0
robust,rohcha_massdep_baseline_500,rohcha_massdep_baseline,500,13,114,0,OK,97,0,0,771.7788888888889,582.4688888888888,3.843611111111111,27,786,29.17,97,0,97,0,97,0
robust,rohcha_massdep_baseline_500,rohcha_massdep_baseline,500,13,115,0,OK,97,0,0,682.69,550.6422222222222,4.069444444444445,19,786,23.4,97,0,97,0,97,0
robust,rohcha_massdep_baseline_500,rohcha_massdep_baseline,500,13,116,0,OK,97,0,0,719.0322222222222,570.6055555555556,4.508055555555556,22,786,27.61,97,0,97,0,97,0
robust,rohcha_massdep_baseline_500,rohcha_massdep_baseline,500,13,117,0,OK,97,0,0,706.35,563.4377777777778,2.5388888888888888,21,786,27.61,97,0,97,0,97,0
robust,rohcha_massdep_baseline_500,rohcha_massdep_baseline,500,13,118,0,OK,97,0,0,726.8966666666666,580.3811111111111,3.1822222222222223,22,786,29.16,97,0,97,0,97,0
robust,rohcha_massdep_baseline_500,rohcha_massdep_baseline,500,13,119,0,OK,97,0,0,794.6488888888889,614.0377777777778,3.7344444444444442,26,786,31.44,96,0,97,0,97,0
robust,rohcha_massdep_baseline_500,rohcha_massdep_baseline,500,13,120,0,OK,97,0,0,598.2944444444445,527.8188888888889,2.9758333333333336,11,786,22.12,97,0,97,0,97,0
robust,rohcha_massdep_baseline_500,rohcha_massdep_baseline,500,13,121,0,OK,97,0,0,666.5022222222223,534.7488888888889,3.667222222222222,20,786,28.87,97,0,97,0,97,0
robust,rohcha_massdep_baseline_500,rohcha_massdep_baseline,500,13,122,0,OK,97,0,0,684.8088888888889,556.8444444444444,4.2619444444444445,20,786,30.17,97,0,97,0,97,0
robust,rohcha_massdep_baseline_500,rohcha_massdep_baseline,500,13,123,0,OK,95,0,3477,827.7366666666667,610.82,6.370555555555556,31,786,38.26,94,0,94,0,95,0
robust,rohcha_massdep_baseline_500,rohcha_massdep_baseline,500,13,124,0,OK,97,0,0,726.03,574.4733333333334,3.5838888888888887,22,786,27.86,97,0,97,0,97,0
robust,rohcha_massdep_baseline_500,rohcha_massdep_baseline,500,13,125,0,OK,97,0,0,702.4966666666667,562.6477777777778,5.860555555555556,21,786,28.26,97,0,97,0,97,0
robust,rohcha_massdep_baseline_500,rohcha_massdep_baseline,500,13,126,0,OK,97,0,0,717.8622222222223,569.2222222222222,2.6277777777777778,22,786,27.75,97,0,97,0,97,0
robust,rohcha_massdep_baseline_500,rohcha_massdep_baseline,500,13,127,0,OK,95,0,1379,777.7533333333333,600.0777777777778,3.28,26,786,25.36,95,0,95,0,95,0
robust,rohcha_massdep_baseline_500,rohcha_massdep_baseline,500,13,128,0,OK,97,0,0,736.1011111111111,566.6822222222222,1.3427777777777778,26,786,27.42,96,0,97,0,97,0
robust,rohcha_massdep_baseline_500,rohcha_massdep_baseline,500,13,129,0,OK,97,0,0,591.64,510.87555555555554,2.7219444444444445,12,786,22.43,97,0,97,0,97,0
robust,rohcha_massdep_baseline_500,rohcha_massdep_baseline,500,13,130,0,OK,97,0,0,709.9544444444444,570.7477777777777,2.585,20,786,26.77,97,0,97,0,97,0
robust,rohcha_massdep_baseline_500,rohcha_massdep_baseline,500,14,101,0,OK,96,0,3207,720.6077777777778,572.5688888888889,4.0425,21,786,28.24,96,0,96,0,96,0
robust,rohcha_massdep_baseline_500,rohcha_massdep_baseline,500,14,102,0,OK,96,0,273,730.7366666666667,573.7288888888888,1.9352777777777779,23,786,29.31,96,0,96,0,96,0
robust,rohcha_massdep_baseline_500,rohcha_massdep_baseline,500,14,103,0,OK,97,0,0,787.3955555555556,586.9788888888888,2.1033333333333335,29,786,35.18,97,0,97,0,97,0
robust,rohcha_massdep_baseline_500,rohcha_massdep_baseline,500,14,104,0,OK,97,0,0,651.0033333333333,543.1333333333333,2.566666666666667,16,786,24.4,97,0,97,0,97,0
robust,rohcha_massdep_baseline_500,rohcha_massdep_baseline,500,14,105,0,OK,97,0,0,677.2033333333334,539.8133333333334,2.5902777777777777,21,786,28.17,97,0,97,0,97,0
robust,rohcha_massdep_baseline_500,rohcha_massdep_baseline,500,14,106,0,OK,97,0,0,675.2355555555556,557.0255555555556,1.0041666666666667,18,786,27.37,97,0,97,0,97,0
robust,rohcha_massdep_baseline_500,rohcha_massdep_baseline,500,14,107,0,OK,97,0,0,637.9855555555556,521.7933333333333,2.2133333333333334,18,786,23.32,97,0,97,0,97,0
robust,rohcha_massdep_baseline_500,rohcha_massdep_baseline,500,14,108,0,OK,97,0,0,671.2711111111112,541.0133333333333,3.955277777777778,20,786,26.96,97,0,97,0,97,0
robust,rohcha_massdep_baseline_500,rohcha_massdep_baseline,500,14,109,0,OK,97,0,0,699.9133333333333,550.3788888888889,1.7227777777777777,22,786,27.31,97,0,97,0,97,0
robust,rohcha_massdep_baseline_500,rohcha_massdep_baseline,500,14,110,0,OK,95,0,2324,710.0211111111112,571.9255555555555,2.0908333333333333,20,786,23.92,95,0,95,0,95,0
robust,rohcha_massdep_baseline_500,rohcha_massdep_baseline,500,14,111,0,OK,97,0,0,727.4633333333334,565.0055555555556,2.3105555555555557,24,786,28.39,97,0,97,0,97,0
robust,rohcha_massdep_baseline_500,rohcha_massdep_baseline,500,14,112,0,OK,97,0,0,710.6211111111111,576.4311111111111,5.387222222222222,19,786,25.85,97,0,97,0,97,0
robust,rohcha_massdep_baseline_500,rohcha_massdep_baseline,500,14,113,0,OK,96,0,526,728.1066666666667,574.2744444444445,3.9297222222222223,22,786,24.41,96,0,96,0,96,0
robust,rohcha_massdep_baseline_500,rohcha_massdep_baseline,500,14,114,0,OK,97,0,0,766.1933333333334,576.8833333333333,2.6622222222222223,27,786,29.26,97,0,97,0,97,0
robust,rohcha_massdep_baseline_500,rohcha_massdep_baseline,500,14,115,0,OK,97,0,0,679.5866666666667,547.5388888888889,3.221111111111111,19,786,23.67,97,0,97,0,97,0
robust,rohcha_massdep_baseline_500,rohcha_massdep_baseline,500,14,116,0,OK,97,0,0,712.9244444444445,564.4977777777777,3.9786111111111113,22,786,25.66,97,0,97,0,97,0
robust,rohcha_massdep_baseline_500,rohcha_massdep_baseline,500,14,117,0,OK,97,0,0,700.9433333333334,558.0311111111112,2.377222222222222,21,786,24.73,97,0,97,0,97,0
robust,rohcha_massdep_baseline_500,rohcha_massdep_baseline,500,14,118,0,OK,97,0,0,722.9766666666667,576.4611111111111,3.0330555555555554,22,786,26.73,97,0,97,0,97,0
robust,rohcha_massdep_baseline_500,rohcha_massdep_baseline,500,14,119,0,OK,97,0,0,784.7611111111111,604.15,2.3222222222222224,26,786,29.31,97,0,97,0,97,0
robust,rohcha_massdep_baseline_500,rohcha_massdep_baseline,500,14,120,0,OK,97,0,0,595.7922222222222,525.3166666666667,4.386111111111111,11,786,20.27,97,0,97,0,97,0
robust,rohcha_massdep_baseline_500,rohcha_massdep_baseline,500,14,121,0,OK,97,0,0,664.2777777777778,532.5244444444445,3.667222222222222,20,786,23.45,97,0,97,0,97,0
robust,rohcha_massdep_baseline_500,rohcha_massdep_baseline,500,14,122,0,OK,97,0,0,681.7411111111111,553.7766666666666,3.2280555555555557,20,786,25.0,97,0,97,0,97,0
robust,rohcha_massdep_baseline_500,rohcha_massdep_baseline,500,14,123,0,OK,97,0,0,806.5222222222222,589.6055555555556,5.798611111111111,31,786,31.85,97,0,97,0,97,0
robust,rohcha_massdep_baseline_500,rohcha_massdep_baseline,500,14,124,0,OK,97,0,0,722.1655555555556,570.6088888888889,1.3841666666666668,22,786,31.09,97,0,97,0,97,0
robust,rohcha_massdep_baseline_500,rohcha_massdep_baseline,500,14,125,0,OK,97,0,0,699.8088888888889,559.96,5.906944444444444,21,786,25.42,97,0,97,0,97,0
robust,rohcha_massdep_baseline_500,rohcha_massdep_baseline,500,14,126,0,OK,97,0,0,712.0566666666666,563.4166666666666,0.7177777777777777,22,786,26.36,97,0,97,0,97,0
robust,rohcha_massdep_baseline_500,rohcha_massdep_baseline,500,14,127,0,OK,97,0,0,761.4722222222222,583.7966666666666,5.8261111111111115,26,786,31.82,97,0,97,0,97,0
robust,rohcha_massdep_baseline_500,rohcha_massdep_baseline,500,14,128,0,OK,97,0,0,720.1266666666667,550.7077777777778,1.7975,26,786,28.62,97,0,97,0,97,0
robust,rohcha_massdep_baseline_500,rohcha_massdep_baseline,500,14,129,0,OK,97,0,0,588.93,508.16555555555556,1.8441666666666667,12,786,20.45,97,0,97,0,97,0
robust,rohcha_massdep_baseline_500,rohcha_massdep_baseline,500,14,130,0,OK,97,0,0,703.65,564.4433333333334,2.3169444444444443,20,786,24.51,97,0,97,0,97,0
robust,rohcha_massdep_baseline_500,rohcha_massdep_baseline,500,15,101,0,OK,96,0,670,715.64,567.6011111111111,2.625,21,786,20.77,96,0,96,0,96,0
robust,rohcha_massdep_baseline_500,rohcha_massdep_baseline,500,15,102,0,OK,97,0,0,722.1255555555556,565.1177777777777,0.18138888888888888,23,786,20.91,97,0,97,0,97,0
robust,rohcha_massdep_baseline_500,rohcha_massdep_baseline,500,15,103,0,OK,97,0,0,779.1255555555556,578.7088888888889,1.3566666666666667,29,786,23.57,97,0,97,0,97,0
robust,rohcha_massdep_baseline_500,rohcha_massdep_baseline,500,15,104,0,OK,97,0,0,649.6277777777777,541.7577777777777,2.2713888888888887,16,786,16.65,97,0,97,0,97,0
robust,rohcha_massdep_baseline_500,rohcha_massdep_baseline,500,15,105,0,OK,97,0,0,675.7711111111112,538.3811111111111,3.189722222222222,21,786,20.84,97,0,97,0,97,0
robust,rohcha_massdep_baseline_500,rohcha_massdep_baseline,500,15,106,0,OK,97,0,0,672.7155555555555,554.5055555555556,2.173888888888889,18,786,18.92,97,0,97,0,97,0
robust,rohcha_massdep_baseline_500,rohcha_massdep_baseline,500,15,107,0,OK,97,0,0,636.3477777777778,520.1555555555556,3.378888888888889,18,786,15.84,97,0,97,0,97,0
robust,rohcha_massdep_baseline_500,rohcha_massdep_baseline,500,15,108,0,OK,97,0,0,670.0855555555555,539.8277777777778,5.418888888888889,20,786,20.94,97,0,97,0,97,0
robust,rohcha_massdep_baseline_500,rohcha_massdep_baseline,500,15,109,0,OK,97,0,0,696.4688888888888,546.9344444444445,2.792777777777778,22,786,20.79,97,0,97,0,97,0
robust,rohcha_massdep_baseline_500,rohcha_massdep_baseline,500,15,110,0,OK,96,0,1787,695.6711111111111,557.5755555555555,2.496111111111111,20,786,18.99,96,0,96,0,96,0
robust,rohcha_massdep_baseline_500,rohcha_massdep_baseline,500,15,111,0,OK,97,0,0,724.2,561.7422222222223,2.375277777777778,24,786,19.75,97,0,97,0,97,0
robust,rohcha_massdep_baseline_500,rohcha_massdep_baseline,500,15,112,0,OK,97,0,0,708.7688888888889,574.5788888888889,5.39,19,786,20.04,97,0,97,0,97,0
robust,rohcha_massdep_baseline_500,rohcha_massdep_baseline,500,15,113,0,OK,96,0,395,725.3188888888889,571.4866666666667,4.138055555555556,22,786,19.29,96,0,96,0,96,0
robust,rohcha_massdep_baseline_500,rohcha_massdep_baseline,500,15,114,0,OK,97,0,0,761.9333333333333,572.6233333333333,1.7480555555555555,27,786,23.78,97,0,97,0,97,0
robust,rohcha_massdep_baseline_500,rohcha_massdep_baseline,500,15,115,0,OK,97,0,0,677.5211111111112,545.4733333333334,2.6394444444444445,19,786,17.24,97,0,97,0,97,0
robust,rohcha_massdep_baseline_500,rohcha_massdep_baseline,500,15,116,0,OK,97,0,0,710.9933333333333,562.5666666666667,5.5025,22,786,17.56,97,0,97,0,97,0
robust,rohcha_massdep_baseline_500,rohcha_massdep_baseline,500,15,117,0,OK,97,0,0,698.2555555555556,555.3433333333334,2.770277777777778,21,786,20.27,97,0,97,0,97,0
robust,rohcha_massdep_baseline_500,rohcha_massdep_baseline,500,15,118,0,OK,97,0,0,718.5944444444444,572.0788888888889,3.7955555555555556,22,786,18.41,97,0,97,0,97,0
robust,rohcha_massdep_baseline_500,rohcha_massdep_baseline,500,15,119,0,OK,97,0,0,779.57,598.9588888888889,4.801388888888889,26,786,21.37,97,0,97,0,97,0
robust,rohcha_massdep_baseline_500,rohcha_massdep_baseline,500,15,120,0,OK,97,0,0,594.4788888888888,524.0033333333333,1.6927777777777777,11,786,15.19,97,0,97,0,97,0
robust,rohcha_massdep_baseline_500,rohcha_massdep_baseline,500,15,121,0,OK,97,0,0,661.87,530.1166666666667,3.3244444444444445,20,786,19.39,97,0,97,0,97,0
robust,rohcha_massdep_baseline_500,rohcha_massdep_baseline,500,15,122,0,OK,97,0,0,681.0866666666667,553.1222222222223,2.299722222222222,20,786,20.6,97,0,97,0,97,0
robust,rohcha_massdep_baseline_500,rohcha_massdep_baseline,500,15,123,0,OK,97,0,0,797.3711111111111,580.4544444444444,5.636666666666667,31,786,25.45,97,0,97,0,97,0
robust,rohcha_massdep_baseline_500,rohcha_massdep_baseline,500,15,124,0,OK,97,0,0,719.2933333333333,567.7366666666667,2.5416666666666665,22,786,19.41,97,0,97,0,97,0
robust,rohcha_massdep_baseline_500,rohcha_massdep_baseline,500,15,125,0,OK,97,0,0,698.2955555555556,558.4466666666667,2.128888888888889,21,786,18.14,97,0,97,0,97,0
robust,rohcha_massdep_baseline_500,rohcha_massdep_baseline,500,15,126,0,OK,97,0,0,708.0788888888889,559.4388888888889,1.9861111111111112,22,786,20.48,97,0,97,0,97,0
robust,rohcha_massdep_baseline_500,rohcha_massdep_baseline,500,15,127,0,OK,97,0,0,756.5,578.8244444444445,5.598611111111111,26,786,23.14,97,0,97,0,97,0
robust,rohcha_massdep_baseline_500,rohcha_massdep_baseline,500,15,128,0,OK,97,0,0,718.1688888888889,548.75,2.6919444444444443,26,786,19.11,97,0,97,0,97,0
robust,rohcha_massdep_baseline_500,rohcha_massdep_baseline,500,15,129,0,OK,97,0,0,586.5311111111112,505.76666666666665,1.423888888888889,12,786,13.46,97,0,97,0,97,0
robust,rohcha_massdep_baseline_500,rohcha_massdep_baseline,500,15,130,0,OK,97,0,0,698.7533333333333,559.5466666666666,0.8933333333333333,20,786,19.92,97,0,97,0,97,0
robust,rohcha_massdep_baseline_550,rohcha_massdep_baseline,550,10,101,0,OK,97,0,0,541.7122222222222,541.7122222222222,2.0541666666666667,0,786,9.18,97,0,97,0,97,0
robust,rohcha_massdep_baseline_550,rohcha_massdep_baseline,550,10,102,0,OK,97,0,0,539.1522222222222,539.1522222222222,2.456111111111111,0,786,16.46,97,0,97,0,97,0
robust,rohcha_massdep_baseline_550,rohcha_massdep_baseline,550,10,103,0,OK,97,0,0,539.9944444444444,539.9944444444444,3.8930555555555557,0,786,16.28,97,0,97,0,97,0
robust,rohcha_massdep_baseline_550,rohcha_massdep_baseline,550,10,104,0,OK,97,0,0,527.6255555555556,527.6255555555556,1.7955555555555556,0,786,15.98,97,0,97,0,97,0
robust,rohcha_massdep_baseline_550,rohcha_massdep_baseline,550,10,105,0,OK,97,0,0,519.3722222222223,519.3722222222223,2.63,0,786,16.99,97,0,97,0,97,0
robust,rohcha_massdep_baseline_550,rohcha_massdep_baseline,550,10,106,0,OK,97,0,0,540.0055555555556,540.0055555555556,2.055277777777778,0,786,17.83,97,0,97,0,97,0
robust,rohcha_massdep_baseline_550,rohcha_massdep_baseline,550,10,107,0,OK,97,0,0,505.1977777777778,505.1977777777778,3.3319444444444444,0,786,14.51,97,0,97,0,97,0
robust,rohcha_massdep_baseline_550,rohcha_massdep_baseline,550,10,108,0,OK,97,0,0,523.27,523.27,3.0555555555555554,0,786,16.97,97,0,97,0,97,0
robust,rohcha_massdep_baseline_550,rohcha_massdep_baseline,550,10,109,0,OK,97,0,0,528.0188888888889,528.0188888888889,3.0766666666666667,0,786,17.13,97,0,97,0,97,0
robust,rohcha_massdep_baseline_550,rohcha_massdep_baseline,550,10,110,0,OK,97,0,0,537.1777777777778,537.1777777777778,2.1036111111111113,0,786,13.44,97,0,97,0,97,0
robust,rohcha_massdep_baseline_550,rohcha_massdep_baseline,550,10,111,0,OK,97,0,0,537.9022222222222,537.9022222222222,4.877222222222223,0,786,17.33,97,0,97,0,97,0
robust,rohcha_massdep_baseline_550,rohcha_massdep_baseline,550,10,112,0,OK,97,0,0,555.3266666666667,555.3266666666667,3.830277777777778,0,786,16.25,97,0,97,0,97,0
robust,rohcha_massdep_baseline_550,rohcha_massdep_baseline,550,10,113,0,OK,97,0,0,547.8222222222222,547.8222222222222,3.35,0,786,15.73,97,0,97,0,97,0
robust,rohcha_massdep_baseline_550,rohcha_massdep_baseline,550,10,114,0,OK,97,0,0,542.4577777777778,542.4577777777778,1.8083333333333333,0,786,16.61,97,0,97,0,97,0
robust,rohcha_massdep_baseline_550,rohcha_massdep_baseline,550,10,115,0,OK,97,0,0,529.0066666666667,529.0066666666667,3.767777777777778,0,786,16.54,97,0,97,0,97,0
robust,rohcha_massdep_baseline_550,rohcha_massdep_baseline,550,10,116,0,OK,97,0,0,540.1366666666667,540.1366666666667,4.550277777777778,0,786,17.47,97,0,97,0,97,0
robust,rohcha_massdep_baseline_550,rohcha_massdep_baseline,550,10,117,0,OK,97,0,0,535.9966666666667,535.9966666666667,3.621111111111111,0,786,16.88,97,0,97,0,97,0
robust,rohcha_massdep_baseline_550,rohcha_massdep_baseline,550,10,118,0,OK,97,0,0,552.2255555555555,552.2255555555555,3.1433333333333335,0,786,10.88,97,0,97,0,97,0
robust,rohcha_massdep_baseline_550,rohcha_massdep_baseline,550,10,119,0,OK,97,0,0,572.6455555555556,572.6455555555556,3.1105555555555555,0,786,16.25,97,0,97,0,97,0
robust,rohcha_massdep_baseline_550,rohcha_massdep_baseline,550,10,120,0,OK,97,0,0,518.7344444444444,518.7344444444444,2.683611111111111,0,786,16.13,97,0,97,0,97,0
robust,rohcha_massdep_baseline_550,rohcha_massdep_baseline,550,10,121,0,OK,97,0,0,511.9244444444444,511.9244444444444,2.792777777777778,0,786,16.49,97,0,97,0,97,0
robust,rohcha_massdep_baseline_550,rohcha_massdep_baseline,550,10,122,0,OK,97,0,0,535.0022222222223,535.0022222222223,2.091666666666667,0,786,16.47,97,0,97,0,97,0
robust,rohcha_massdep_baseline_550,rohcha_massdep_baseline,550,10,123,0,OK,97,0,0,548.6788888888889,548.6788888888889,2.6347222222222224,0,786,15.56,97,0,97,0,97,0
robust,rohcha_massdep_baseline_550,rohcha_massdep_baseline,550,10,124,0,OK,97,0,0,545.0022222222223,545.0022222222223,3.4944444444444445,0,786,15.08,97,0,97,0,97,0
robust,rohcha_massdep_baseline_550,rohcha_massdep_baseline,550,10,125,0,OK,97,0,0,538.5211111111112,538.5211111111112,3.3475,0,786,15.18,97,0,97,0,97,0
robust,rohcha_massdep_baseline_550,rohcha_massdep_baseline,550,10,126,0,OK,97,0,0,540.2111111111111,540.2111111111111,2.643611111111111,0,786,16.38,97,0,97,0,97,0
robust,rohcha_massdep_baseline_550,rohcha_massdep_baseline,550,10,127,0,OK,97,0,0,554.0966666666667,554.0966666666667,3.8916666666666666,0,786,15.99,97,0,97,0,97,0
robust,rohcha_massdep_baseline_550,rohcha_massdep_baseline,550,10,128,0,OK,97,0,0,520.17,520.17,2.4191666666666665,0,786,16.05,97,0,97,0,97,0
robust,rohcha_massdep_baseline_550,rohcha_massdep_baseline,550,10,129,0,OK,97,0,0,498.1311111111111,498.1311111111111,3.1555555555555554,0,786,11.72,97,0,97,0,97,0
robust,rohcha_massdep_baseline_550,rohcha_massdep_baseline,550,10,130,0,OK,97,0,0,539.6077777777778,539.6077777777778,1.8511111111111112,0,786,17.11,97,0,97,0,97,0
robust,rohcha_massdep_baseline_550,rohcha_massdep_baseline,550,11,101,0,OK,97,0,0,538.9911111111111,538.9911111111111,1.7566666666666666,0,786,16.38,97,0,97,0,97,0
robust,rohcha_massdep_baseline_550,rohcha_massdep_baseline,550,11,102,0,OK,97,0,0,537.72,537.72,1.7938888888888889,0,786,13.38,97,0,97,0,97,0
robust,rohcha_massdep_baseline_550,rohcha_massdep_baseline,550,11,103,0,OK,97,0,0,538.4477777777778,538.4477777777778,2.424166666666667,0,786,14.98,97,0,97,0,97,0
robust,rohcha_massdep_baseline_550,rohcha_massdep_baseline,550,11,104,0,OK,97,0,0,526.9833333333333,526.9833333333333,2.4,0,786,15.74,97,0,97,0,97,0
robust,rohcha_massdep_baseline_550,rohcha_massdep_baseline,550,11,105,0,OK,97,0,0,517.4477777777778,517.4477777777778,2.0525,0,786,13.4,97,0,97,0,97,0
robust,rohcha_massdep_baseline_550,rohcha_massdep_baseline,550,11,106,0,OK,97,0,0,537.2744444444445,537.2744444444445,1.56,0,786,16.16,97,0,97,0,97,0
robust,rohcha_massdep_baseline_550,rohcha_massdep_baseline,550,11,107,0,OK,97,0,0,503.1222222222222,503.1222222222222,1.1869444444444444,0,786,15.15,97,0,97,0,97,0
robust,rohcha_massdep_baseline_550,rohcha_massdep_baseline,550,11,108,0,OK,97,0,0,521.3244444444445,521.3244444444445,2.683333333333333,0,786,16.32,97,0,97,0,97,0
robust,rohcha_massdep_baseline_550,rohcha_massdep_baseline,550,11,109,0,OK,97,0,0,526.0977777777778,526.0977777777778,1.8375,0,786,17.23,97,0,97,0,97,0
robust,rohcha_massdep_baseline_550,rohcha_massdep_baseline,550,11,110,0,OK,97,0,0,534.8411111111111,534.8411111111111,1.2041666666666666,0,786,14.99,97,0,97,0,97,0
robust,rohcha_massdep_baseline_550,rohcha_massdep_baseline,550,11,111,0,OK,97,0,0,536.3777777777777,536.3777777777777,3.4158333333333335,0,786,15.16,97,0,97,0,97,0
robust,rohcha_massdep_baseline_550,rohcha_massdep_baseline,550,11,112,0,OK,97,0,0,551.0322222222222,551.0322222222222,2.5147222222222223,0,786,15.85,97,0,97,0,97,0
robust,rohcha_massdep_baseline_550,rohcha_massdep_baseline,550,11,113,0,OK,97,0,0,543.5244444444445,543.5244444444445,2.9883333333333333,0,786,11.82,97,0,97,0,97,0
robust,rohcha_massdep_baseline_550,rohcha_massdep_baseline,550,11,114,0,OK,97,0,0,541.13,541.13,1.8083333333333333,0,786,15.51,97,0,97,0,97,0
robust,rohcha_massdep_baseline_550,rohcha_massdep_baseline,550,11,115,0,OK,97,0,0,527.0555555555555,527.0555555555555,4.451388888888889,0,786,14.97,97,0,97,0,97,0
robust,rohcha_massdep_baseline_550,rohcha_massdep_baseline,550,11,116,0,OK,97,0,0,540.2344444444444,540.2344444444444,3.910277777777778,0,786,15.35,97,0,97,0,97,0
robust,rohcha_massdep_baseline_550,rohcha_massdep_baseline,550,11,117,0,OK,97,0,0,534.1255555555556,534.1255555555556,3.8780555555555556,0,786,14.18,97,0,97,0,97,0
robust,rohcha_massdep_baseline_550,rohcha_massdep_baseline,550,11,118,0,OK,97,0,0,550.7955555555556,550.7955555555556,3.4325,0,786,15.27,97,0,97,0,97,0
robust,rohcha_massdep_baseline_550,rohcha_massdep_baseline,550,11,119,0,OK,97,0,0,568.4322222222222,568.4322222222222,4.394166666666667,0,786,15.73,97,0,97,0,97,0
robust,rohcha_massdep_baseline_550,rohcha_massdep_baseline,550,11,120,0,OK,97,0,0,516.8288888888889,516.8288888888889,4.494722222222222,0,786,10.34,97,0,97,0,97,0
robust,rohcha_massdep_baseline_550,rohcha_massdep_baseline,550,11,121,0,OK,97,0,0,510.46555555555557,510.46555555555557,3.1933333333333334,0,786,14.38,97,0,97,0,97,0
robust,rohcha_massdep_baseline_550,rohcha_massdep_baseline,550,11,122,0,OK,97,0,0,532.8611111111111,532.8611111111111,3.066388888888889,0,786,14.9,97,0,97,0,97,0
robust,rohcha_massdep_baseline_550,rohcha_massdep_baseline,550,11,123,0,OK,97,0,0,546.3055555555555,546.3055555555555,1.4855555555555555,0,786,13.45,97,0,97,0,97,0
robust,rohcha_massdep_baseline_550,rohcha_massdep_baseline,550,11,124,0,OK,97,0,0,542.41,542.41,3.37,0,786,13.96,97,0,97,0,97,0
robust,rohcha_massdep_baseline_550,rohcha_massdep_baseline,550,11,125,0,OK,97,0,0,537.7966666666666,537.7966666666666,3.761111111111111,0,786,15.49,97,0,97,0,97,0
robust,rohcha_massdep_baseline_550,rohcha_massdep_baseline,550,11,126,0,OK,97,0,0,537.5644444444445,537.5644444444445,1.5766666666666667,0,786,13.91,97,0,97,0,97,0
robust,rohcha_massdep_baseline_550,rohcha_massdep_baseline,550,11,127,0,OK,97,0,0,552.8522222222222,552.8522222222222,3.3802777777777777,0,786,14.53,97,0,97,0,97,0
robust,rohcha_massdep_baseline_550,rohcha_massdep_baseline,550,11,128,0,OK,97,0,0,520.7077777777778,520.7077777777778,1.2127777777777777,0,786,16.7,97,0,97,0,97,0
robust,rohcha_massdep_baseline_550,rohcha_massdep_baseline,550,11,129,0,OK,97,0,0,497.83444444444444,497.83444444444444,2.457222222222222,0,786,12.59,97,0,97,0,97,0
robust,rohcha_massdep_baseline_550,rohcha_massdep_baseline,550,11,130,0,OK,97,0,0,537.35,537.35,1.0752777777777778,0,786,16.23,97,0,97,0,97,0
robust,rohcha_massdep_baseline_550,rohcha_massdep_baseline,550,12,101,0,OK,97,0,0,536.9233333333333,536.9233333333333,1.8755555555555556,0,786,12.12,97,0,97,0,97,0
robust,rohcha_massdep_baseline_550,rohcha_massdep_baseline,550,12,102,0,OK,97,0,0,536.8111111111111,536.8111111111111,1.6769444444444443,0,786,10.69,97,0,97,0,97,0
robust,rohcha_massdep_baseline_550,rohcha_massdep_baseline,550,12,103,0,OK,97,0,0,538.53,538.53,1.4116666666666666,0,786,10.05,97,0,97,0,97,0
robust,rohcha_massdep_baseline_550,rohcha_massdep_baseline,550,12,104,0,OK,97,0,0,525.6433333333333,525.6433333333333,2.2641666666666667,0,786,10.21,97,0,97,0,97,0
robust,rohcha_massdep_baseline_550,rohcha_massdep_baseline,550,12,105,0,OK,97,0,0,516.5022222222223,516.5022222222223,1.8897222222222223,0,786,10.5,97,0,97,0,97,0
robust,rohcha_massdep_baseline_550,rohcha_massdep_baseline,550,12,106,0,OK,97,0,0,536.2433333333333,536.2433333333333,1.4852777777777777,0,786,11.02,97,0,97,0,97,0
robust,rohcha_massdep_baseline_550,rohcha_massdep_baseline,550,12,107,0,OK,97,0,0,501.81888888888886,501.81888888888886,3.1544444444444446,0,786,10.86,97,0,97,0,97,0
robust,rohcha_massdep_baseline_550,rohcha_massdep_baseline,550,12,108,0,OK,97,0,0,519.6022222222222,519.6022222222222,3.0997222222222223,0,786,10.0,97,0,97,0,97,0
robust,rohcha_massdep_baseline_550,rohcha_massdep_baseline,550,12,109,0,OK,97,0,0,524.3466666666667,524.3466666666667,1.7769444444444444,0,786,10.51,97,0,97,0,97,0
robust,rohcha_massdep_baseline_550,rohcha_massdep_baseline,550,12,110,0,OK,97,0,0,534.0155555555556,534.0155555555556,0.9086111111111111,0,786,10.99,97,0,97,0,97,0
robust,rohcha_massdep_baseline_550,rohcha_massdep_baseline,550,12,111,0,OK,97,0,0,534.2655555555556,534.2655555555556,3.4844444444444442,0,786,11.11,97,0,97,0,97,0
robust,rohcha_massdep_baseline_550,rohcha_massdep_baseline,550,12,112,0,OK,97,0,0,550.3055555555555,550.3055555555555,1.8252777777777778,0,786,10.6,97,0,97,0,97,0
robust,rohcha_massdep_baseline_550,rohcha_massdep_baseline,550,12,113,0,OK,97,0,0,541.6322222222223,541.6322222222223,3.7775,0,786,11.33,97,0,97,0,97,0
robust,rohcha_massdep_baseline_550,rohcha_massdep_baseline,550,12,114,0,OK,97,0,0,539.31,539.31,1.2466666666666666,0,786,9.06,97,0,97,0,97,0
robust,rohcha_massdep_baseline_550,rohcha_massdep_baseline,550,12,115,0,OK,97,0,0,525.9688888888888,525.9688888888888,3.811111111111111,0,786,11.31,97,0,97,0,97,0
robust,rohcha_massdep_baseline_550,rohcha_massdep_baseline,550,12,116,0,OK,97,0,0,538.5622222222222,538.5622222222222,3.2333333333333334,0,786,11.52,97,0,97,0,97,0
robust,rohcha_massdep_baseline_550,rohcha_massdep_baseline,550,12,117,0,OK,97,0,0,533.0944444444444,533.0944444444444,2.1486111111111112,0,786,10.77,97,0,97,0,97,0
robust,rohcha_massdep_baseline_550,rohcha_massdep_baseline,550,12,118,0,OK,97,0,0,548.4111111111112,548.4111111111112,2.8475,0,786,8.3,97,0,97,0,97,0
robust,rohcha_massdep_baseline_550,rohcha_massdep_baseline,550,12,119,0,OK,97,0,0,567.1311111111111,567.1311111111111,3.8916666666666666,0,786,9.52,97,0,97,0,97,0
robust,rohcha_massdep_baseline_550,rohcha_massdep_baseline,550,12,120,0,OK,97,0,0,515.3066666666666,515.3066666666666,2.4675,0,786,10.15,97,0,97,0,97,0
robust,rohcha_massdep_baseline_550,rohcha_massdep_baseline,550,12,121,0,OK,97,0,0,509.64222222222224,509.64222222222224,2.3991666666666664,0,786,10.24,97,0,97,0,97,0
robust,rohcha_massdep_baseline_550,rohcha_massdep_baseline,550,12,122,0,OK,97,0,0,531.1188888888889,531.1188888888889,2.7025,0,786,10.03,97,0,97,0,97,0
robust,rohcha_massdep_baseline_550,rohcha_massdep_baseline,550,12,123,0,OK,97,0,0,545.3522222222222,545.3522222222222,1.7216666666666667,0,786,9.87,97,0,97,0,97,0
robust,rohcha_massdep_baseline_550,rohcha_massdep_baseline,550,12,124,0,OK,97,0,0,542.0288888888889,542.0288888888889,2.9763888888888888,0,786,7.97,97,0,97,0,97,0
robust,rohcha_massdep_baseline_550,rohcha_massdep_baseline,550,12,125,0,OK,97,0,0,536.0288888888889,536.0288888888889,4.211944444444445,0,786,11.19,97,0,97,0,97,0
robust,rohcha_massdep_baseline_550,rohcha_massdep_baseline,550,12,126,0,OK,97,0,0,535.6911111111111,535.6911111111111,1.3469444444444445,0,786,9.52,97,0,97,0,97,0
robust,rohcha_massdep_baseline_550,rohcha_massdep_baseline,550,12,127,0,OK,97,0,0,551.7433333333333,551.7433333333333,3.1305555555555555,0,786,10.48,97,0,97,0,97,0
robust,rohcha_massdep_baseline_550,rohcha_massdep_baseline,550,12,128,0,OK,97,0,0,520.1533333333333,520.1533333333333,1.2597222222222222,0,786,9.98,97,0,97,0,97,0
robust,rohcha_massdep_baseline_550,rohcha_massdep_baseline,550,12,129,0,OK,97,0,0,496.9766666666667,496.9766666666667,2.553888888888889,0,786,9.61,97,0,97,0,97,0
robust,rohcha_massdep_baseline_550,rohcha_massdep_baseline,550,12,130,0,OK,97,0,0,534.5411111111111,534.5411111111111,0.8194444444444444,0,786,10.74,97,0,97,0,97,0
robust,rohcha_massdep_baseline_MX1,rohcha_massdep_baseline,MX1,20,101,0,OK,95,0,3015,1173.0733333333333,645.3755555555556,9.089166666666667,73,786,50.48,95,0,95,0,95,0
robust,rohcha_massdep_baseline_MX1,rohcha_massdep_baseline,MX1,20,102,0,OK,97,0,0,1179.37,654.26,7.150555555555556,75,786,51.57,97,0,97,0,97,0
robust,rohcha_massdep_baseline_MX1,rohcha_massdep_baseline,MX1,20,103,0,OK,96,0,6570,1249.4244444444444,663.1488888888889,8.157222222222222,79,786,55.98,96,0,96,0,96,0
robust,rohcha_massdep_baseline_MX1,rohcha_massdep_baseline,MX1,20,104,0,OK,97,0,0,1095.1666666666667,613.0177777777777,2.915277777777778,74,786,47.11,97,0,97,0,97,0
robust,rohcha_massdep_baseline_MX1,rohcha_massdep_baseline,MX1,20,105,0,OK,97,0,0,1096.8466666666666,624.0755555555555,1.9613888888888888,73,786,47.89,97,0,97,0,97,0
robust,rohcha_massdep_baseline_MX1,rohcha_massdep_baseline,MX1,20,106,0,OK,97,0,0,1169.5522222222223,659.8055555555555,5.0969444444444445,76,786,46.79,96,0,96,0,96,0
robust,rohcha_massdep_baseline_MX1,rohcha_massdep_baseline,MX1,20,107,0,OK,97,0,0,1050.1166666666666,595.5577777777778,3.7869444444444444,75,786,48.12,97,0,97,0,97,0
robust,rohcha_massdep_baseline_MX1,rohcha_massdep_baseline,MX1,20,108,0,OK,97,0,0,1058.9466666666667,607.4277777777778,6.940555555555555,71,786,45.58,97,0,97,0,97,0
robust,rohcha_massdep_baseline_MX1,rohcha_massdep_baseline,MX1,20,109,0,OK,97,0,0,1143.2377777777779,632.6022222222222,8.658333333333333,75,786,49.46,96,0,97,0,97,0
robust,rohcha_massdep_baseline_MX1,rohcha_massdep_baseline,MX1,20,110,0,OK,96,0,4595,1174.8833333333334,663.8033333333333,5.713611111111111,79,786,53.11,95,0,95,0,95,0
robust,rohcha_massdep_baseline_MX1,rohcha_massdep_baseline,MX1,20,111,0,OK,95,0,6301,1210.2233333333334,660.5355555555556,9.084722222222222,74,786,57.63,95,0,95,0,95,0
robust,rohcha_massdep_baseline_MX1,rohcha_massdep_baseline,MX1,20,112,0,OK,96,0,2632,1226.421111111111,683.3122222222222,8.76361111111111,75,786,52.02,96,0,96,0,96,0
robust,rohcha_massdep_baseline_MX1,rohcha_massdep_baseline,MX1,20,113,0,OK,96,0,2035,1159.8666666666666,647.9577777777778,7.269166666666667,73,786,50.46,96,0,96,0,96,0
robust,rohcha_massdep_baseline_MX1,rohcha_massdep_baseline,MX1,20,114,0,OK,96,0,2486,1208.3466666666666,648.8844444444444,7.451666666666667,77,786,52.19,96,0,96,0,96,0
robust,rohcha_massdep_baseline_MX1,rohcha_massdep_baseline,MX1,20,115,0,OK,97,0,0,1150.4077777777777,623.87,9.598888888888888,74,786,51.29,97,0,97,0,97,0
robust,rohcha_massdep_baseline_MX1,rohcha_massdep_baseline,MX1,20,116,0,OK,97,0,0,1141.8022222222223,641.1722222222222,3.9363888888888887,78,786,49.89,97,0,97,0,97,0
robust,rohcha_massdep_baseline_MX1,rohcha_massdep_baseline,MX1,20,117,0,OK,97,0,0,1074.9822222222222,619.7711111111112,4.1725,71,786,47.51,97,0,97,0,97,0
robust,rohcha_massdep_baseline_MX1,rohcha_massdep_baseline,MX1,20,118,0,OK,97,0,0,1222.7022222222222,668.9977777777777,7.1002777777777775,77,786,49.78,97,0,97,0,97,0
robust,rohcha_massdep_baseline_MX1,rohcha_massdep_baseline,MX1,20,119,0,OK,95,0,5872,1215.0755555555556,676.4077777777778,10.431944444444444,79,786,52.17,95,0,95,0,95,0
robust,rohcha_massdep_baseline_MX1,rohcha_massdep_baseline,MX1,20,120,0,OK,97,0,0,1053.3722222222223,600.1755555555555,4.750555555555556,74,786,48.36,97,0,97,0,97,0
robust,rohcha_massdep_baseline_MX1,rohcha_massdep_baseline,MX1,20,121,0,OK,97,0,0,1062.8133333333333,590.2011111111111,5.461944444444445,72,786,47.64,97,0,97,0,97,0
robust,rohcha_massdep_baseline_MX1,rohcha_massdep_baseline,MX1,20,122,0,OK,97,0,0,1047.2155555555555,611.5944444444444,6.5275,71,786,45.11,97,0,97,0,97,0
robust,rohcha_massdep_baseline_MX1,rohcha_massdep_baseline,MX1,20,123,0,OK,93,0,2722,1239.2744444444445,681.2822222222222,7.278888888888889,77,786,53.06,92,0,92,0,92,0
robust,rohcha_massdep_baseline_MX1,rohcha_massdep_baseline,MX1,20,124,0,OK,97,0,0,1130.0622222222223,639.12,4.4686111111111115,73,786,43.48,97,0,97,0,97,0
robust,rohcha_massdep_baseline_MX1,rohcha_massdep_baseline,MX1,20,125,0,OK,97,0,0,1197.4777777777779,644.4633333333334,8.39638888888889,79,786,51.18,97,0,97,0,97,0
robust,rohcha_massdep_baseline_MX1,rohcha_massdep_baseline,MX1,20,126,0,OK,95,0,1892,1190.951111111111,659.7111111111111,5.927777777777778,78,786,52.19,93,0,94,0,95,0
robust,rohcha_massdep_baseline_MX1,rohcha_massdep_baseline,MX1,20,127,0,OK,94,0,6214,1243.0322222222221,687.0144444444444,10.585277777777778,82,786,52.53,93,0,93,0,94,0
robust,rohcha_massdep_baseline_MX1,rohcha_massdep_baseline,MX1,20,128,0,OK,97,0,0,1114.1422222222222,623.5433333333333,5.108055555555556,76,786,46.15,97,0,97,0,97,0
robust,rohcha_massdep_baseline_MX1,rohcha_massdep_baseline,MX1,20,129,0,OK,97,0,0,1017.8033333333333,593.9288888888889,2.8538888888888887,71,786,44.61,97,0,97,0,97,0
robust,rohcha_massdep_baseline_MX1,rohcha_massdep_baseline,MX1,20,130,0,OK,94,0,3460,1221.0188888888888,682.4533333333334,9.557777777777778,77,786,51.24,93,0,93,0,94,0
robust,rohcha_massdep_baseline_MX1,rohcha_massdep_baseline,MX1,21,101,0,OK,95,0,2579,1156.5133333333333,636.4288888888889,7.317222222222222,73,786,49.06,95,0,95,0,95,0
robust,rohcha_massdep_baseline_MX1,rohcha_massdep_baseline,MX1,21,102,0,OK,97,0,0,1137.5655555555556,631.5466666666666,5.247222222222222,74,786,45.88,97,0,97,0,97,0
robust,rohcha_massdep_baseline_MX1,rohcha_massdep_baseline,MX1,21,103,0,OK,97,0,0,1217.12,651.5644444444445,5.871944444444445,80,786,49.18,97,0,97,0,97,0
robust,rohcha_massdep_baseline_MX1,rohcha_massdep_baseline,MX1,21,104,0,OK,97,0,0,1084.2688888888888,621.2911111111111,4.129722222222222,75,786,44.98,97,0,97,0,97,0
robust,rohcha_massdep_baseline_MX1,rohcha_massdep_baseline,MX1,21,105,0,OK,97,0,0,1098.7022222222222,605.6077777777778,3.213888888888889,72,786,47.0,97,0,97,0,97,0
robust,rohcha_massdep_baseline_MX1,rohcha_massdep_baseline,MX1,21,106,0,OK,97,0,0,1124.2211111111112,623.8833333333333,3.8080555555555557,75,786,45.72,97,0,97,0,97,0
robust,rohcha_massdep_baseline_MX1,rohcha_massdep_baseline,MX1,21,107,0,OK,97,0,0,1040.0044444444445,582.5355555555556,4.0633333333333335,75,786,43.7,97,0,97,0,97,0
robust,rohcha_massdep_baseline_MX1,rohcha_massdep_baseline,MX1,21,108,0,OK,97,0,0,1048.0233333333333,604.3011111111111,4.1738888888888885,71,786,43.75,97,0,97,0,97,0
robust,rohcha_massdep_baseline_MX1,rohcha_massdep_baseline,MX1,21,109,0,OK,97,0,0,1122.3844444444444,618.5033333333333,5.639444444444444,76,786,47.19,97,0,97,0,97,0
robust,rohcha_massdep_baseline_MX1,rohcha_massdep_baseline,MX1,21,110,0,OK,96,0,680,1158.4811111111112,632.4244444444445,5.6433333333333335,79,786,51.77,96,0,96,0,96,0
robust,rohcha_massdep_baseline_MX1,rohcha_massdep_baseline,MX1,21,111,0,OK,97,0,0,1139.1233333333332,630.2344444444444,4.278888888888889,75,786,48.85,97,0,97,0,97,0
robust,rohcha_massdep_baseline_MX1,rohcha_massdep_baseline,MX1,21,112,0,OK,97,0,0,1183.108888888889,667.4988888888889,5.227222222222222,76,786,47.01,97,0,97,0,97,0
robust,rohcha_massdep_baseline_MX1,rohcha_massdep_baseline,MX1,21,113,0,OK,96,0,1217,1154.1233333333332,663.5,3.463611111111111,74,786,46.84,96,0,96,0,96,0
robust,rohcha_massdep_baseline_MX1,rohcha_massdep_baseline,MX1,21,114,0,OK,97,0,0,1188.3433333333332,645.9366666666666,5.070277777777778,77,786,50.32,97,0,97,0,97,0
robust,rohcha_massdep_baseline_MX1,rohcha_massdep_baseline,MX1,21,115,0,OK,97,0,0,1113.3477777777778,620.9277777777778,8.016944444444444,75,786,48.32,97,0,97,0,97,0
robust,rohcha_massdep_baseline_MX1,rohcha_massdep_baseline,MX1,21,116,0,OK,97,0,0,1136.901111111111,631.2766666666666,7.626388888888889,78,786,46.4,97,0,97,0,97,0
robust,rohcha_massdep_baseline_MX1,rohcha_massdep_baseline,MX1,21,117,0,OK,97,0,0,1085.5044444444445,622.5177777777777,3.0172222222222222,70,786,45.26,97,0,97,0,97,0
robust,rohcha_massdep_baseline_MX1,rohcha_massdep_baseline,MX1,21,118,0,OK,97,0,0,1185.1722222222222,657.8933333333333,3.4963888888888888,79,786,48.69,97,0,97,0,97,0
robust,rohcha_massdep_baseline_MX1,rohcha_massdep_baseline,MX1,21,119,0,OK,96,0,1647,1231.418888888889,677.5377777777778,5.041944444444445,79,786,46.51,96,0,96,0,96,0
robust,rohcha_massdep_baseline_MX1,rohcha_massdep_baseline,MX1,21,120,0,OK,97,0,0,1043.7833333333333,594.3011111111111,7.589722222222222,73,786,45.52,97,0,97,0,97,0
robust,rohcha_massdep_baseline_MX1,rohcha_massdep_baseline,MX1,21,121,0,OK,97,0,0,1055.1422222222222,592.5377777777778,5.750277777777778,72,786,45.08,97,0,97,0,97,0
robust,rohcha_massdep_baseline_MX1,rohcha_massdep_baseline,MX1,21,122,0,OK,97,0,0,1046.21,610.5888888888888,7.514722222222222,71,786,41.51,97,0,97,0,97,0
robust,rohcha_massdep_baseline_MX1,rohcha_massdep_baseline,MX1,21,123,0,OK,96,0,1553,1252.9444444444443,672.0255555555556,4.751944444444445,75,786,55.6,96,0,96,0,96,0
robust,rohcha_massdep_baseline_MX1,rohcha_massdep_baseline,MX1,21,124,0,OK,97,0,0,1119.3633333333332,632.9388888888889,0.8147222222222222,74,786,48.84,97,0,97,0,97,0
robust,rohcha_massdep_baseline_MX1,rohcha_massdep_baseline,MX1,21,125,0,OK,97,0,0,1170.3433333333332,632.4033333333333,8.19138888888889,80,786,45.4,97,0,97,0,97,0
robust,rohcha_massdep_baseline_MX1,rohcha_massdep_baseline,MX1,21,126,0,OK,97,0,0,1201.96,662.5455555555556,4.397777777777778,78,786,48.92,96,0,96,0,97,0
robust,rohcha_massdep_baseline_MX1,rohcha_massdep_baseline,MX1,21,127,0,OK,96,0,816,1263.7033333333334,681.8144444444445,9.095833333333333,81,786,53.45,96,0,96,0,96,0
robust,rohcha_massdep_baseline_MX1,rohcha_massdep_baseline,MX1,21,128,0,OK,97,0,0,1107.31,616.6677777777778,3.04,76,786,47.33,97,0,97,0,97,0
robust,rohcha_massdep_baseline_MX1,rohcha_massdep_baseline,MX1,21,129,0,OK,97,0,0,1017.8011111111111,578.1133333333333,4.4511111111111115,70,786,45.82,97,0,97,0,97,0
robust,rohcha_massdep_baseline_MX1,rohcha_massdep_baseline,MX1,21,130,0,OK,96,0,4491,1227.9066666666668,680.0488888888889,6.3125,77,786,53.57,95,0,95,0,95,0
robust,rohcha_massdep_baseline_MX1,rohcha_massdep_baseline,MX1,22,101,0,OK,96,0,2097,1173.5322222222221,655.12,4.704722222222222,73,786,47.2,96,0,96,0,96,0
robust,rohcha_massdep_baseline_MX1,rohcha_massdep_baseline,MX1,22,102,0,OK,97,0,0,1127.7622222222221,622.1655555555556,5.635833333333333,74,786,43.91,97,0,97,0,97,0
robust,rohcha_massdep_baseline_MX1,rohcha_massdep_baseline,MX1,22,103,0,OK,97,0,0,1213.6266666666668,636.1233333333333,5.25,79,786,46.97,97,0,97,0,97,0
robust,rohcha_massdep_baseline_MX1,rohcha_massdep_baseline,MX1,22,104,0,OK,97,0,0,1073.4877777777779,614.7711111111112,1.7130555555555556,76,786,43.36,97,0,97,0,97,0
robust,rohcha_massdep_baseline_MX1,rohcha_massdep_baseline,MX1,22,105,0,OK,97,0,0,1077.3122222222223,602.5677777777778,2.1155555555555554,72,786,44.19,97,0,97,0,97,0
robust,rohcha_massdep_baseline_MX1,rohcha_massdep_baseline,MX1,22,106,0,OK,97,0,0,1120.2966666666666,619.9588888888889,3.470833333333333,75,786,45.92,97,0,97,0,97,0
robust,rohcha_massdep_baseline_MX1,rohcha_massdep_baseline,MX1,22,107,0,OK,97,0,0,1036.1333333333334,589.23,3.924722222222222,74,786,41.11,97,0,97,0,97,0
robust,rohcha_massdep_baseline_MX1,rohcha_massdep_baseline,MX1,22,108,0,OK,97,0,0,1049.6144444444444,594.1666666666666,7.684444444444445,71,786,42.33,97,0,97,0,97,0
robust,rohcha_massdep_baseline_MX1,rohcha_massdep_baseline,MX1,22,109,0,OK,97,0,0,1102.7666666666667,613.6377777777777,3.4691666666666667,75,786,43.62,97,0,97,0,97,0
robust,rohcha_massdep_baseline_MX1,rohcha_massdep_baseline,MX1,22,110,0,OK,96,0,328,1168.2166666666667,627.6011111111111,6.605277777777777,78,786,47.01,96,0,96,0,96,0
robust,rohcha_massdep_baseline_MX1,rohcha_massdep_baseline,MX1,22,111,0,OK,97,0,0,1123.9388888888889,631.0788888888889,3.078888888888889,75,786,41.49,97,0,97,0,97,0
robust,rohcha_massdep_baseline_MX1,rohcha_massdep_baseline,MX1,22,112,0,OK,97,0,0,1170.1533333333334,657.2488888888889,4.114166666666667,76,786,47.41,97,0,97,0,97,0
robust,rohcha_massdep_baseline_MX1,rohcha_massdep_baseline,MX1,22,113,0,OK,97,0,0,1128.3533333333332,629.8488888888888,3.933333333333333,74,786,40.76,97,0,97,0,97,0
robust,rohcha_massdep_baseline_MX1,rohcha_massdep_baseline,MX1,22,114,0,OK,97,0,0,1171.7633333333333,644.5066666666667,1.8597222222222223,78,786,49.05,97,0,97,0,97,0
robust,rohcha_massdep_baseline_MX1,rohcha_massdep_baseline,MX1,22,115,0,OK,97,0,0,1124.5,614.3388888888888,6.523611111111111,75,786,44.83,97,0,97,0,97,0
robust,rohcha_massdep_baseline_MX1,rohcha_massdep_baseline,MX1,22,116,0,OK,97,0,0,1113.2822222222221,635.0777777777778,3.9916666666666667,78,786,42.16,97,0,97,0,97,0
robust,rohcha_massdep_baseline_MX1,rohcha_massdep_baseline,MX1,22,117,0,OK,97,0,0,1077.0155555555555,609.3566666666667,3.865,70,786,42.58,97,0,97,0,97,0
robust,rohcha_massdep_baseline_MX1,rohcha_massdep_baseline,MX1,22,118,0,OK,97,0,0,1178.6944444444443,651.9477777777778,5.697777777777778,79,786,46.74,97,0,97,0,97,0
robust,rohcha_massdep_baseline_MX1,rohcha_massdep_baseline,MX1,22,119,0,OK,97,0,0,1212.8877777777777,674.2155555555555,3.4383333333333335,78,786,45.29,97,0,97,0,97,0
robust,rohcha_massdep_baseline_MX1,rohcha_massdep_baseline,MX1,22,120,0,OK,97,0,0,1044.67,591.7466666666667,7.125277777777778,74,786,41.62,97,0,97,0,97,0
robust,rohcha_massdep_baseline_MX1,rohcha_massdep_baseline,MX1,22,121,0,OK,97,0,0,1047.07,596.7477777777777,2.476111111111111,72,786,41.83,97,0,97,0,97,0
robust,rohcha_massdep_baseline_MX1,rohcha_massdep_baseline,MX1,22,122,0,OK,97,0,0,1044.848888888889,607.0588888888889,7.042222222222223,71,786,43.47,97,0,97,0,97,0
robust,rohcha_massdep_baseline_MX1,rohcha_massdep_baseline,MX1,22,123,0,OK,97,0,0,1210.4788888888888,647.3144444444445,1.4675,75,786,43.87,97,0,97,0,97,0
robust,rohcha_massdep_baseline_MX1,rohcha_massdep_baseline,MX1,22,124,0,OK,97,0,0,1117.078888888889,624.0911111111111,2.6638888888888888,74,786,45.48,97,0,97,0,97,0
robust,rohcha_massdep_baseline_MX1,rohcha_massdep_baseline,MX1,22,125,0,OK,97,0,0,1161.9388888888889,623.9988888888889,8.371944444444445,80,786,48.0,97,0,97,0,97,0
robust,rohcha_massdep_baseline_MX1,rohcha_massdep_baseline,MX1,22,126,0,OK,97,0,0,1159.6044444444444,637.9144444444445,3.608611111111111,77,786,45.04,97,0,97,0,97,0
robust,rohcha_massdep_baseline_MX1,rohcha_massdep_baseline,MX1,22,127,0,OK,97,0,0,1212.7511111111112,660.7277777777778,4.6325,81,786,52.3,97,0,97,0,97,0
robust,rohcha_massdep_baseline_MX1,rohcha_massdep_baseline,MX1,22,128,0,OK,97,0,0,1082.8544444444444,607.0344444444445,2.9008333333333334,76,786,46.01,97,0,97,0,97,0
robust,rohcha_massdep_baseline_MX1,rohcha_massdep_baseline,MX1,22,129,0,OK,97,0,0,1011.7122222222222,581.06,2.3158333333333334,71,786,41.56,97,0,97,0,97,0
robust,rohcha_massdep_baseline_MX1,rohcha_massdep_baseline,MX1,22,130,0,OK,96,0,142,1213.2833333333333,669.6011111111111,3.5741666666666667,76,786,46.62,96,0,96,0,96,0
robust,rohcha_massdep_baseline_MX2,rohcha_massdep_baseline,MX2,18,101,0,OK,95,0,3816,1067.0622222222223,641.7233333333334,6.8575,62,786,44.76,94,0,94,0,95,0
robust,rohcha_massdep_baseline_MX2,rohcha_massdep_baseline,MX2,18,102,0,OK,97,0,0,1064.77,634.0422222222222,5.569444444444445,62,786,46.25,96,0,97,0,97,0
robust,rohcha_massdep_baseline_MX2,rohcha_massdep_baseline,MX2,18,103,0,OK,95,0,3606,1142.9288888888889,656.3766666666667,10.639166666666666,67,786,51.35,92,0,93,0,95,0
robust,rohcha_massdep_baseline_MX2,rohcha_massdep_baseline,MX2,18,104,0,OK,97,0,0,995.3233333333334,612.0666666666667,4.449722222222222,63,786,42.5,97,0,97,0,97,0
robust,rohcha_massdep_baseline_MX2,rohcha_massdep_baseline,MX2,18,105,0,OK,97,0,0,993.8411111111111,607.4911111111111,4.371666666666667,60,786,43.39,97,0,97,0,97,0
robust,rohcha_massdep_baseline_MX2,rohcha_massdep_baseline,MX2,18,106,0,OK,96,0,139,1057.2888888888888,650.4055555555556,2.77,62,786,44.33,95,0,96,0,96,0
robust,rohcha_massdep_baseline_MX2,rohcha_massdep_baseline,MX2,18,107,0,OK,97,0,0,961.2922222222222,598.1088888888889,3.431388888888889,63,786,43.54,97,0,97,0,97,0
robust,rohcha_massdep_baseline_MX2,rohcha_massdep_baseline,MX2,18,108,0,OK,97,0,0,957.0877777777778,590.2588888888889,5.4880555555555555,58,786,41.47,97,0,97,0,97,0
robust,rohcha_massdep_baseline_MX2,rohcha_massdep_baseline,MX2,18,109,0,OK,97,0,0,1069.5188888888888,626.7677777777777,9.112222222222222,65,786,44.55,96,0,96,0,97,0
robust,rohcha_massdep_baseline_MX2,rohcha_massdep_baseline,MX2,18,110,0,OK,95,0,4071,1093.42,642.0066666666667,6.160555555555556,67,786,45.66,94,0,94,0,95,0
robust,rohcha_massdep_baseline_MX2,rohcha_massdep_baseline,MX2,18,111,0,OK,95,0,2312,1066.1422222222222,643.3633333333333,7.4366666666666665,62,786,45.53,94,0,94,0,95,0
robust,rohcha_massdep_baseline_MX2,rohcha_massdep_baseline,MX2,18,112,0,OK,95,0,4638,1121.26,660.6833333333333,10.650555555555556,65,786,45.24,95,0,95,0,95,0
robust,rohcha_massdep_baseline_MX2,rohcha_massdep_baseline,MX2,18,113,0,OK,96,0,5950,1074.9122222222222,636.9233333333333,7.116388888888889,62,786,42.9,96,0,96,0,96,0
robust,rohcha_massdep_baseline_MX2,rohcha_massdep_baseline,MX2,18,114,0,OK,95,0,939,1118.6244444444444,662.5233333333333,6.662222222222222,65,786,48.09,94,0,94,0,94,0
robust,rohcha_massdep_baseline_MX2,rohcha_massdep_baseline,MX2,18,115,0,OK,97,0,0,1060.1777777777777,634.63,5.434444444444445,64,786,43.88,96,0,97,0,97,0
robust,rohcha_massdep_baseline_MX2,rohcha_massdep_baseline,MX2,18,116,0,OK,96,0,501,1075.9444444444443,660.4266666666666,5.299166666666666,66,786,43.63,95,0,95,0,96,0
robust,rohcha_massdep_baseline_MX2,rohcha_massdep_baseline,MX2,18,117,0,OK,97,0,0,1022.9511111111111,617.07,6.900555555555556,59,786,42.25,97,0,97,0,97,0
robust,rohcha_massdep_baseline_MX2,rohcha_massdep_baseline,MX2,18,118,0,OK,94,0,2951,1148.1944444444443,668.4011111111112,8.444722222222222,67,786,48.15,93,0,93,0,94,0
robust,rohcha_massdep_baseline_MX2,rohcha_massdep_baseline,MX2,18,119,0,OK,91,0,6575,1135.6722222222222,671.3777777777777,5.27,69,786,48.0,89,0,91,0,91,0
robust,rohcha_massdep_baseline_MX2,rohcha_massdep_baseline,MX2,18,120,0,OK,97,0,0,952.4955555555556,593.1244444444444,4.219444444444444,61,786,44.1,97,0,97,0,97,0
robust,rohcha_massdep_baseline_MX2,rohcha_massdep_baseline,MX2,18,121,0,OK,97,0,0,983.7044444444444,593.2133333333334,5.188888888888889,59,786,42.25,97,0,97,0,97,0
robust,rohcha_massdep_baseline_MX2,rohcha_massdep_baseline,MX2,18,122,0,OK,97,0,0,967.86,605.9733333333334,4.5247222222222225,59,786,41.8,97,0,97,0,97,0
robust,rohcha_massdep_baseline_MX2,rohcha_massdep_baseline,MX2,18,123,0,OK,94,0,5131,1139.6677777777777,655.5788888888889,9.054166666666667,64,786,47.6,92,0,92,0,92,0
robust,rohcha_massdep_baseline_MX2,rohcha_massdep_baseline,MX2,18,124,0,OK,97,0,0,1091.3433333333332,656.21,6.23,61,786,41.56,96,0,96,0,97,0
robust,rohcha_massdep_baseline_MX2,rohcha_massdep_baseline,MX2,18,125,0,OK,96,0,161,1094.1633333333334,639.8033333333333,7.418333333333333,67,786,46.88,95,0,95,0,95,0
robust,rohcha_massdep_baseline_MX2,rohcha_massdep_baseline,MX2,18,126,0,OK,93,0,2354,1093.658888888889,655.1788888888889,4.935,67,786,49.5,90,0,91,0,93,0
robust,rohcha_massdep_baseline_MX2,rohcha_massdep_baseline,MX2,18,127,0,OK,90,0,5465,1108.4644444444446,660.6766666666666,10.365,70,786,47.07,87,0,88,0,90,0
robust,rohcha_massdep_baseline_MX2,rohcha_massdep_baseline,MX2,18,128,0,OK,96,0,117,1041.2966666666666,610.4866666666667,3.9469444444444446,63,786,43.91,96,0,96,0,96,0
robust,rohcha_massdep_baseline_MX2,rohcha_massdep_baseline,MX2,18,129,0,OK,97,0,0,921.1144444444444,579.1422222222222,4.103055555555556,58,786,42.07,97,0,97,0,97,0
robust,rohcha_massdep_baseline_MX2,rohcha_massdep_baseline,MX2,18,130,0,OK,94,0,1959,1093.9688888888888,647.8011111111111,11.759722222222223,67,786,47.28,93,0,93,0,94,0
robust,rohcha_massdep_baseline_MX2,rohcha_massdep_baseline,MX2,19,101,0,OK,96,0,4515,1120.1322222222223,659.8688888888889,8.987222222222222,61,786,49.26,95,0,95,0,95,0
robust,rohcha_massdep_baseline_MX2,rohcha_massdep_baseline,MX2,19,102,0,OK,97,0,0,1046.5733333333333,622.6855555555555,6.235833333333333,62,786,48.97,97,0,97,0,97,0
robust,rohcha_massdep_baseline_MX2,rohcha_massdep_baseline,MX2,19,103,0,OK,97,0,0,1154.3266666666666,656.4255555555555,6.2725,66,786,51.88,97,0,97,0,97,0
robust,rohcha_massdep_baseline_MX2,rohcha_massdep_baseline,MX2,19,104,0,OK,97,0,0,999.9533333333334,603.9355555555555,4.025555555555556,63,786,41.03,97,0,97,0,97,0
robust,rohcha_massdep_baseline_MX2,rohcha_massdep_baseline,MX2,19,105,0,OK,97,0,0,1003.6622222222222,599.0855555555555,3.5833333333333335,60,786,49.71,97,0,97,0,97,0
robust,rohcha_massdep_baseline_MX2,rohcha_massdep_baseline,MX2,19,106,0,OK,97,0,0,1021.9188888888889,621.7877777777778,3.2994444444444446,63,786,49.2,97,0,97,0,97,0
robust,rohcha_massdep_baseline_MX2,rohcha_massdep_baseline,MX2,19,107,0,OK,97,0,0,956.4744444444444,580.5477777777778,5.204722222222222,61,786,47.6,97,0,97,0,97,0
robust,rohcha_massdep_baseline_MX2,rohcha_massdep_baseline,MX2,19,108,0,OK,97,0,0,951.5433333333333,593.9111111111112,5.256944444444445,59,786,41.68,97,0,97,0,97,0
robust,rohcha_massdep_baseline_MX2,rohcha_massdep_baseline,MX2,19,109,0,OK,97,0,0,1018.3566666666667,613.1977777777778,6.200833333333334,63,786,49.13,97,0,97,0,97,0
robust,rohcha_massdep_baseline_MX2,rohcha_massdep_baseline,MX2,19,110,0,OK,96,0,671,1091.7344444444445,646.71,6.3025,67,786,46.19,96,0,96,0,96,0
robust,rohcha_massdep_baseline_MX2,rohcha_massdep_baseline,MX2,19,111,0,OK,97,0,0,1033.64,623.5911111111111,4.771388888888889,64,786,46.6,97,0,97,0,97,0
robust,rohcha_massdep_baseline_MX2,rohcha_massdep_baseline,MX2,19,112,0,OK,97,0,0,1097.2066666666667,647.9022222222222,5.286944444444444,66,786,44.38,97,0,97,0,97,0
robust,rohcha_massdep_baseline_MX2,rohcha_massdep_baseline,MX2,19,113,0,OK,96,0,208,1069.2811111111112,639.7777777777778,3.24,61,786,43.95,96,0,96,0,96,0
robust,rohcha_massdep_baseline_MX2,rohcha_massdep_baseline,MX2,19,114,0,OK,97,0,0,1110.5677777777778,646.0488888888889,3.0011111111111113,64,786,43.11,97,0,97,0,97,0
robust,rohcha_massdep_baseline_MX2,rohcha_massdep_baseline,MX2,19,115,0,OK,97,0,0,1037.2688888888888,608.78,7.8566666666666665,63,786,45.62,97,0,97,0,97,0
robust,rohcha_massdep_baseline_MX2,rohcha_massdep_baseline,MX2,19,116,0,OK,97,0,0,1045.1344444444444,631.4633333333334,5.243055555555555,66,786,44.39,97,0,97,0,97,0
robust,rohcha_massdep_baseline_MX2,rohcha_massdep_baseline,MX2,19,117,0,OK,97,0,0,1004.6866666666666,612.6166666666667,3.0119444444444445,58,786,46.52,97,0,97,0,97,0
robust,rohcha_massdep_baseline_MX2,rohcha_massdep_baseline,MX2,19,118,0,OK,97,0,0,1103.7177777777779,643.4822222222223,4.398888888888889,66,786,46.47,97,0,97,0,97,0
robust,rohcha_massdep_baseline_MX2,rohcha_massdep_baseline,MX2,19,119,0,OK,95,0,5116,1138.5111111111112,663.8111111111111,4.065833333333333,66,786,42.59,95,0,95,0,95,0
robust,rohcha_massdep_baseline_MX2,rohcha_massdep_baseline,MX2,19,120,0,OK,97,0,0,958.7144444444444,593.3333333333334,3.6547222222222224,61,786,44.4,97,0,97,0,97,0
robust,rohcha_massdep_baseline_MX2,rohcha_massdep_baseline,MX2,19,121,0,OK,97,0,0,934.6888888888889,583.0733333333334,3.238611111111111,62,786,44.64,97,0,97,0,97,0
robust,rohcha_massdep_baseline_MX2,rohcha_massdep_baseline,MX2,19,122,0,OK,97,0,0,964.9322222222222,603.2188888888888,4.7555555555555555,59,786,42.05,97,0,97,0,97,0
robust,rohcha_massdep_baseline_MX2,rohcha_massdep_baseline,MX2,19,123,0,OK,97,0,0,1118.48,649.76,3.3922222222222222,63,786,51.27,96,0,97,0,97,0
robust,rohcha_massdep_baseline_MX2,rohcha_massdep_baseline,MX2,19,124,0,OK,97,0,0,1024.7155555555555,623.6055555555556,4.5725,62,786,42.81,97,0,97,0,97,0
robust,rohcha_massdep_baseline_MX2,rohcha_massdep_baseline,MX2,19,125,0,OK,97,0,0,1073.7888888888888,623.2611111111111,7.108611111111111,66,786,46.27,97,0,97,0,97,0
robust,rohcha_massdep_baseline_MX2,rohcha_massdep_baseline,MX2,19,126,0,OK,96,0,1221,1080.4022222222222,631.4811111111111,5.528333333333333,64,786,48.02,95,0,96,0,96,0
robust,rohcha_massdep_baseline_MX2,rohcha_massdep_baseline,MX2,19,127,0,OK,95,0,1184,1131.3922222222222,653.64,6.428055555555556,69,786,46.54,95,0,95,0,95,0
robust,rohcha_massdep_baseline_MX2,rohcha_massdep_baseline,MX2,19,128,0,OK,97,0,0,1020.4533333333334,607.2155555555555,2.0213888888888887,65,786,43.4,97,0,97,0,97,0
robust,rohcha_massdep_baseline_MX2,rohcha_massdep_baseline,MX2,19,129,0,OK,97,0,0,924.9011111111112,567.82,3.8525,58,786,45.12,97,0,97,0,97,0
robust,rohcha_massdep_baseline_MX2,rohcha_massdep_baseline,MX2,19,130,0,OK,96,0,2705,1100.4911111111112,652.2088888888889,6.082222222222223,67,786,46.8,95,0,96,0,96,0
robust,rohcha_massdep_baseline_MX2,rohcha_massdep_baseline,MX2,20,101,0,OK,96,0,2447,1111.8822222222223,640.4177777777778,3.6969444444444446,63,786,47.33,96,0,96,0,96,0
robust,rohcha_massdep_baseline_MX2,rohcha_massdep_baseline,MX2,20,102,0,OK,97,0,0,1018.7788888888889,611.6722222222222,5.146944444444444,61,786,42.14,97,0,97,0,97,0
robust,rohcha_massdep_baseline_MX2,rohcha_massdep_baseline,MX2,20,103,0,OK,97,0,0,1081.4755555555555,632.4955555555556,6.51,67,786,46.52,97,0,97,0,97,0
robust,rohcha_massdep_baseline_MX2,rohcha_massdep_baseline,MX2,20,104,0,OK,97,0,0,978.5188888888889,603.0155555555556,2.4191666666666665,63,786,40.96,97,0,97,0,97,0
robust,rohcha_massdep_baseline_MX2,rohcha_massdep_baseline,MX2,20,105,0,OK,97,0,0,975.8255555555555,589.3388888888888,1.9608333333333334,61,786,48.43,97,0,97,0,97,0
robust,rohcha_massdep_baseline_MX2,rohcha_massdep_baseline,MX2,20,106,0,OK,97,0,0,1002.8533333333334,615.71,2.4980555555555557,61,786,41.06,97,0,97,0,97,0
robust,rohcha_massdep_baseline_MX2,rohcha_massdep_baseline,MX2,20,107,0,OK,97,0,0,944.2522222222223,575.7122222222222,4.485833333333333,61,786,41.24,97,0,97,0,97,0
robust,rohcha_massdep_baseline_MX2,rohcha_massdep_baseline,MX2,20,108,0,OK,97,0,0,946.5488888888889,589.9044444444445,3.2516666666666665,58,786,33.66,97,0,97,0,97,0
robust,rohcha_massdep_baseline_MX2,rohcha_massdep_baseline,MX2,20,109,0,OK,97,0,0,1016.7622222222222,609.1277777777777,2.5675,65,786,41.6,97,0,97,0,97,0
robust,rohcha_massdep_baseline_MX2,rohcha_massdep_baseline,MX2,20,110,0,OK,97,0,0,1052.0577777777778,622.1744444444445,2.883888888888889,67,786,45.23,97,0,97,0,97,0
robust,rohcha_massdep_baseline_MX2,rohcha_massdep_baseline,MX2,20,111,0,OK,97,0,0,1001.8322222222222,608.6288888888889,4.759444444444444,64,786,40.11,97,0,97,0,97,0
robust,rohcha_massdep_baseline_MX2,rohcha_massdep_baseline,MX2,20,112,0,OK,97,0,0,1083.4455555555555,639.8977777777778,6.858333333333333,64,786,40.83,97,0,97,0,97,0
robust,rohcha_massdep_baseline_MX2,rohcha_massdep_baseline,MX2,20,113,0,OK,97,0,0,1009.3777777777777,621.1122222222223,3.2491666666666665,63,786,41.57,97,0,97,0,97,0
robust,rohcha_massdep_baseline_MX2,rohcha_massdep_baseline,MX2,20,114,0,OK,97,0,0,1070.3166666666666,625.5844444444444,4.010277777777778,65,786,47.97,97,0,97,0,97,0
robust,rohcha_massdep_baseline_MX2,rohcha_massdep_baseline,MX2,20,115,0,OK,97,0,0,1016.7911111111111,617.0255555555556,4.684166666666667,64,786,45.37,97,0,97,0,97,0
robust,rohcha_massdep_baseline_MX2,rohcha_massdep_baseline,MX2,20,116,0,OK,97,0,0,1035.5644444444445,619.3155555555555,6.977222222222222,66,786,45.29,97,0,97,0,97,0
robust,rohcha_massdep_baseline_MX2,rohcha_massdep_baseline,MX2,20,117,0,OK,97,0,0,974.04,608.1433333333333,3.0805555555555557,58,786,41.55,97,0,97,0,97,0
robust,rohcha_massdep_baseline_MX2,rohcha_massdep_baseline,MX2,20,118,0,OK,97,0,0,1091.0633333333333,647.1788888888889,3.6844444444444444,69,786,39.89,97,0,97,0,97,0
robust,rohcha_massdep_baseline_MX2,rohcha_massdep_baseline,MX2,20,119,0,OK,97,0,0,1142.3033333333333,670.1577777777778,3.3144444444444443,67,786,43.67,97,0,97,0,97,0
robust,rohcha_massdep_baseline_MX2,rohcha_massdep_baseline,MX2,20,120,0,OK,97,0,0,951.0811111111111,587.2144444444444,2.6391666666666667,61,786,40.4,97,0,97,0,97,0
robust,rohcha_massdep_baseline_MX2,rohcha_massdep_baseline,MX2,20,121,0,OK,97,0,0,936.1333333333333,583.7611111111111,2.2908333333333335,60,786,39.04,97,0,97,0,97,0
robust,rohcha_massdep_baseline_MX2,rohcha_massdep_baseline,MX2,20,122,0,OK,97,0,0,962.1644444444445,601.2066666666667,3.4305555555555554,59,786,40.54,97,0,97,0,97,0
robust,rohcha_massdep_baseline_MX2,rohcha_massdep_baseline,MX2,20,123,0,OK,97,0,0,1113.4522222222222,643.8533333333334,3.1244444444444444,63,786,43.06,97,0,97,0,97,0
robust,rohcha_massdep_baseline_MX2,rohcha_massdep_baseline,MX2,20,124,0,OK,97,0,0,1016.62,615.51,4.1975,62,786,43.31,97,0,97,0,97,0
robust,rohcha_massdep_baseline_MX2,rohcha_massdep_baseline,MX2,20,125,0,OK,97,0,0,1056.9255555555555,627.9666666666667,5.509444444444444,68,786,41.51,97,0,97,0,97,0
robust,rohcha_massdep_baseline_MX2,rohcha_massdep_baseline,MX2,20,126,0,OK,97,0,0,1076.4277777777777,629.8766666666667,5.322222222222222,65,786,47.46,97,0,97,0,97,0
robust,rohcha_massdep_baseline_MX2,rohcha_massdep_baseline,MX2,20,127,0,OK,97,0,0,1115.24,652.8511111111111,4.5225,70,786,44.0,97,0,97,0,97,0
robust,rohcha_massdep_baseline_MX2,rohcha_massdep_baseline,MX2,20,128,0,OK,97,0,0,987.79,597.1311111111111,4.3175,65,786,45.78,97,0,97,0,97,0
robust,rohcha_massdep_baseline_MX2,rohcha_massdep_baseline,MX2,20,129,0,OK,97,0,0,911.3111111111111,570.1377777777777,2.516111111111111,59,786,41.75,97,0,97,0,97,0
robust,rohcha_massdep_baseline_MX2,rohcha_massdep_baseline,MX2,20,130,0,OK,96,0,142,1103.888888888889,644.3233333333334,3.0805555555555557,66,786,43.53,95,0,95,0,96,0
robust,liu_short_baseline_200,liu_short_baseline,200,13,101,0,OK,97,0,0,697.9855555555556,375.9422222222222,3.218888888888889,97,786,69.68,97,0,97,0,97,0
robust,liu_short_baseline_200,liu_short_baseline,200,13,102,0,OK,97,0,0,688.2788888888889,372.1611111111111,2.9611111111111112,97,786,89.38,97,0,97,0,97,0
robust,liu_short_baseline_200,liu_short_baseline,200,13,103,0,OK,97,0,0,675.88,362.94,2.8194444444444446,97,786,79.39,97,0,97,0,97,0
robust,liu_short_baseline_200,liu_short_baseline,200,13,104,0,OK,97,0,0,702.2288888888888,381.00888888888886,2.1372222222222224,97,786,69.82,97,0,97,0,97,0
robust,liu_short_baseline_200,liu_short_baseline,200,13,105,0,OK,97,0,0,663.7677777777777,355.60333333333335,3.0555555555555554,97,786,66.87,97,0,97,0,97,0
robust,liu_short_baseline_200,liu_short_baseline,200,13,106,0,OK,97,0,0,706.1722222222222,381.96555555555557,0.7422222222222222,97,786,81.73,97,0,97,0,97,0
robust,liu_short_baseline_200,liu_short_baseline,200,13,107,0,OK,97,0,0,647.0655555555555,347.58,3.1016666666666666,97,786,75.29,97,0,97,0,97,0
robust,liu_short_baseline_200,liu_short_baseline,200,13,108,0,OK,97,0,0,690.0377777777778,372.30444444444447,3.2994444444444446,97,786,82.78,97,0,97,0,97,0
robust,liu_short_baseline_200,liu_short_baseline,200,13,109,0,OK,97,0,0,679.7644444444444,364.65777777777777,3.562777777777778,97,786,84.12,97,0,97,0,97,0
robust,liu_short_baseline_200,liu_short_baseline,200,13,110,0,OK,97,0,0,673.6733333333333,360.46444444444444,2.3666666666666667,97,786,82.29,97,0,97,0,97,0
robust,liu_short_baseline_200,liu_short_baseline,200,13,111,0,OK,97,0,0,683.5977777777778,364.47222222222223,2.3577777777777778,97,786,72.47,97,0,97,0,97,0
robust,liu_short_baseline_200,liu_short_baseline,200,13,112,0,OK,97,0,0,735.7944444444445,402.79555555555555,4.618333333333333,97,786,81.46,97,0,97,0,97,0
robust,liu_short_baseline_200,liu_short_baseline,200,13,113,0,OK,97,0,0,696.0288888888889,376.19444444444446,3.667777777777778,97,786,82.35,97,0,97,0,97,0
robust,liu_short_baseline_200,liu_short_baseline,200,13,114,0,OK,97,0,0,696.1833333333333,377.15,2.171666666666667,97,786,84.1,97,0,97,0,97,0
robust,liu_short_baseline_200,liu_short_baseline,200,13,115,0,OK,97,0,0,676.9311111111111,366.49888888888887,4.275555555555556,97,786,83.9,97,0,97,0,97,0
robust,liu_short_baseline_200,liu_short_baseline,200,13,116,0,OK,97,0,0,689.4055555555556,373.7,3.9477777777777776,97,786,85.37,97,0,97,0,97,0
robust,liu_short_baseline_200,liu_short_baseline,200,13,117,0,OK,97,0,0,697.9711111111111,372.6088888888889,2.8505555555555557,97,786,66.81,97,0,97,0,97,0
robust,liu_short_baseline_200,liu_short_baseline,200,13,118,0,OK,97,0,0,712.57,384.50111111111113,3.888888888888889,97,786,77.51,97,0,97,0,97,0
robust,liu_short_baseline_200,liu_short_baseline,200,13,119,0,OK,97,0,0,716.7511111111111,389.7911111111111,4.123333333333333,97,786,81.56,97,0,97,0,97,0
robust,liu_short_baseline_200,liu_short_baseline,200,13,120,0,OK,97,0,0,690.5644444444445,370.96444444444444,3.7127777777777777,97,786,83.52,97,0,97,0,97,0
robust,liu_short_baseline_200,liu_short_baseline,200,13,121,0,OK,97,0,0,667.3922222222222,358.16555555555556,3.2616666666666667,97,786,82.32,97,0,97,0,97,0
robust,liu_short_baseline_200,liu_short_baseline,200,13,122,0,OK,97,0,0,691.3877777777777,373.6933333333333,4.573888888888889,97,786,76.98,97,0,97,0,97,0
robust,liu_short_baseline_200,liu_short_baseline,200,13,123,0,OK,97,0,0,695.6277777777777,374.60777777777776,6.252222222222223,97,786,82.62,97,0,97,0,97,0
robust,liu_short_baseline_200,liu_short_baseline,200,13,124,0,OK,97,0,0,688.7688888888889,371.91777777777776,2.125,97,786,75.37,97,0,97,0,97,0
robust,liu_short_baseline_200,liu_short_baseline,200,13,125,0,OK,97,0,0,660.9111111111112,352.5511111111111,5.096666666666667,97,786,83.54,97,0,97,0,97,0
robust,liu_short_baseline_200,liu_short_baseline,200,13,126,0,OK,97,0,0,702.7422222222223,378.68,1.7572222222222222,97,786,78.39,97,0,97,0,97,0
robust,liu_short_baseline_200,liu_short_baseline,200,13,127,0,OK,97,0,0,718.6344444444444,392.91,4.883333333333334,97,786,65.21,97,0,97,0,97,0
robust,liu_short_baseline_200,liu_short_baseline,200,13,128,0,OK,97,0,0,657.2733333333333,351.11,5.858888888888889,97,786,77.57,97,0,97,0,97,0
robust,liu_short_baseline_200,liu_short_baseline,200,13,129,0,OK,97,0,0,668.01,358.84,1.6805555555555556,97,786,74.11,97,0,97,0,97,0
robust,liu_short_baseline_200,liu_short_baseline,200,13,130,0,OK,97,0,0,688.75,370.8888888888889,2.487222222222222,97,786,84.7,97,0,97,0,97,0
robust,liu_short_baseline_200,liu_short_baseline,200,14,101,0,OK,97,0,0,693.41,371.3666666666667,1.3066666666666666,97,786,80.05,97,0,97,0,97,0
robust,liu_short_baseline_200,liu_short_baseline,200,14,102,0,OK,97,0,0,685.5033333333333,369.3855555555556,3.527222222222222,97,786,71.89,97,0,97,0,97,0
robust,liu_short_baseline_200,liu_short_baseline,200,14,103,0,OK,97,0,0,673.9433333333334,361.00333333333333,4.095555555555555,97,786,79.42,97,0,97,0,97,0
robust,liu_short_baseline_200,liu_short_baseline,200,14,104,0,OK,97,0,0,697.2011111111111,375.9811111111111,2.3233333333333333,97,786,67.47,97,0,97,0,97,0
robust,liu_short_baseline_200,liu_short_baseline,200,14,105,0,OK,97,0,0,658.3211111111111,350.1566666666667,3.6905555555555556,97,786,75.42,97,0,97,0,97,0
robust,liu_short_baseline_200,liu_short_baseline,200,14,106,0,OK,97,0,0,701.6766666666666,377.47,2.3444444444444446,97,786,69.79,97,0,97,0,97,0
robust,liu_short_baseline_200,liu_short_baseline,200,14,107,0,OK,97,0,0,644.3422222222222,344.8566666666667,3.2144444444444447,97,786,74.43,97,0,97,0,97,0
robust,liu_short_baseline_200,liu_short_baseline,200,14,108,0,OK,97,0,0,682.7644444444444,365.0311111111111,4.547777777777778,97,786,75.23,97,0,97,0,97,0
robust,liu_short_baseline_200,liu_short_baseline,200,14,109,0,OK,97,0,0,674.9366666666666,359.83,2.7133333333333334,97,786,74.89,97,0,97,0,97,0
robust,liu_short_baseline_200,liu_short_baseline,200,14,110,0,OK,97,0,0,668.5933333333334,355.38444444444445,2.787777777777778,97,786,74.19,97,0,97,0,97,0
robust,liu_short_baseline_200,liu_short_baseline,200,14,111,0,OK,97,0,0,680.8333333333334,361.7077777777778,2.1816666666666666,97,786,70.13,97,0,97,0,97,0
robust,liu_short_baseline_200,liu_short_baseline,200,14,112,0,OK,97,0,0,722.5622222222222,389.56333333333333,3.142777777777778,97,786,67.39,97,0,97,0,97,0
robust,liu_short_baseline_200,liu_short_baseline,200,14,113,0,OK,97,0,0,689.1844444444445,369.35,2.707222222222222,97,786,67.18,97,0,97,0,97,0
robust,liu_short_baseline_200,liu_short_baseline,200,14,114,0,OK,97,0,0,688.8011111111111,369.7677777777778,2.31,97,786,62.37,97,0,97,0,97,0
robust,liu_short_baseline_200,liu_short_baseline,200,14,115,0,OK,97,0,0,675.3688888888889,364.93666666666667,3.75,97,786,77.0,97,0,97,0,97,0
robust,liu_short_baseline_200,liu_short_baseline,200,14,116,0,OK,97,0,0,684.0288888888889,368.3233333333333,4.833888888888889,97,786,82.18,97,0,97,0,97,0
robust,liu_short_baseline_200,liu_short_baseline,200,14,117,0,OK,97,0,0,696.4633333333334,371.1011111111111,4.582222222222223,97,786,74.63,97,0,97,0,97,0
robust,liu_short_baseline_200,liu_short_baseline,200,14,118,0,OK,97,0,0,705.7422222222223,377.67333333333335,3.241111111111111,97,786,74.94,97,0,97,0,97,0
robust,liu_short_baseline_200,liu_short_baseline,200,14,119,0,OK,97,0,0,711.6455555555556,384.68555555555554,2.901666666666667,97,786,70.55,97,0,97,0,97,0
robust,liu_short_baseline_200,liu_short_baseline,200,14,120,0,OK,97,0,0,686.6,367.0,3.272777777777778,97,786,73.73,97,0,97,0,97,0
robust,liu_short_baseline_200,liu_short_baseline,200,14,121,0,OK,97,0,0,666.6355555555556,357.4088888888889,5.8116666666666665,97,786,73.74,97,0,97,0,97,0
robust,liu_short_baseline_200,liu_short_baseline,200,14,122,0,OK,97,0,0,691.0377777777778,373.3433333333333,3.445,97,786,73.49,97,0,97,0,97,0
robust,liu_short_baseline_200,liu_short_baseline,200,14,123,0,OK,97,0,0,691.5788888888889,370.5588888888889,0.9444444444444444,97,786,73.49,97,0,97,0,97,0
robust,liu_short_baseline_200,liu_short_baseline,200,14,124,0,OK,97,0,0,686.7133333333334,369.8622222222222,3.1527777777777777,97,786,59.64,97,0,97,0,97,0
robust,liu_short_baseline_200,liu_short_baseline,200,14,125,0,OK,97,0,0,657.8155555555555,349.4555555555556,2.388333333333333,97,786,76.48,97,0,97,0,97,0
robust,liu_short_baseline_200,liu_short_baseline,200,14,126,0,OK,97,0,0,694.3366666666667,370.27444444444444,1.876111111111111,97,786,75.35,97,0,97,0,97,0
robust,liu_short_baseline_200,liu_short_baseline,200,14,127,0,OK,97,0,0,712.5811111111111,386.8566666666667,4.747777777777777,97,786,66.4,97,0,97,0,97,0
robust,liu_short_baseline_200,liu_short_baseline,200,14,128,0,OK,97,0,0,655.5,349.33666666666664,2.0727777777777776,97,786,68.87,97,0,97,0,97,0
robust,liu_short_baseline_200,liu_short_baseline,200,14,129,0,OK,97,0,0,664.7911111111111,355.62111111111113,3.8455555555555554,97,786,74.91,97,0,97,0,97,0
robust,liu_short_baseline_200,liu_short_baseline,200,14,130,0,OK,97,0,0,683.8711111111111,366.01,1.6872222222222222,97,786,68.15,97,0,97,0,97,0
robust,liu_short_baseline_250,liu_short_baseline,250,10,101,0,OK,97,0,0,598.5088888888889,368.97,2.5869444444444443,71,786,66.72,97,0,97,0,97,0
robust,liu_short_baseline_250,liu_short_baseline,250,10,102,0,OK,97,0,0,580.2977777777778,359.4144444444444,3.7044444444444444,67,786,72.88,97,0,97,0,97,0
robust,liu_short_baseline_250,liu_short_baseline,250,10,103,0,OK,97,0,0,534.8177777777778,339.16555555555556,3.798611111111111,60,786,53.14,97,0,97,0,97,0
robust,liu_short_baseline_250,liu_short_baseline,250,10,104,0,OK,97,0,0,560.6611111111112,355.96222222222224,1.4297222222222221,61,786,52.35,97,0,97,0,97,0
robust,liu_short_baseline_250,liu_short_baseline,250,10,105,0,OK,97,0,0,558.8866666666667,343.1877777777778,3.4133333333333336,69,786,67.09,97,0,97,0,97,0
robust,liu_short_baseline_250,liu_short_baseline,250,10,106,0,OK,97,0,0,576.8333333333334,361.38666666666666,4.842777777777778,65,786,69.75,97,0,97,0,97,0
robust,liu_short_baseline_250,liu_short_baseline,250,10,107,0,OK,97,0,0,521.6711111111111,327.47222222222223,1.4980555555555555,62,786,54.65,97,0,97,0,97,0
robust,liu_short_baseline_250,liu_short_baseline,250,10,108,0,OK,97,0,0,569.9244444444445,355.1988888888889,2.8777777777777778,65,786,68.43,97,0,97,0,97,0
robust,liu_short_baseline_250,liu_short_baseline,250,10,109,0,OK,97,0,0,561.0033333333333,346.6988888888889,2.9763888888888888,65,786,56.73,97,0,97,0,97,0
robust,liu_short_baseline_250,liu_short_baseline,250,10,110,0,OK,97,0,0,558.1122222222223,346.5566666666667,1.3291666666666666,65,786,68.67,97,0,97,0,97,0
robust,liu_short_baseline_250,liu_short_baseline,250,10,111,0,OK,97,0,0,594.1355555555556,363.08666666666664,3.472777777777778,69,786,64.41,97,0,97,0,97,0
robust,liu_short_baseline_250,liu_short_baseline,250,10,112,0,OK,96,0,910,646.8366666666667,408.8022222222222,4.9816666666666665,69,786,73.21,96,0,96,0,96,0
robust,liu_short_baseline_250,liu_short_baseline,250,10,113,0,OK,97,0,0,591.3133333333334,364.06666666666666,5.444444444444445,70,786,66.92,97,0,97,0,97,0
robust,liu_short_baseline_250,liu_short_baseline,250,10,114,0,OK,97,0,0,535.2855555555556,346.2266666666667,1.8325,56,786,56.26,97,0,97,0,97,0
robust,liu_short_baseline_250,liu_short_baseline,250,10,115,0,OK,97,0,0,544.4166666666666,340.80333333333334,3.3430555555555554,63,786,66.37,97,0,97,0,97,0
robust,liu_short_baseline_250,liu_short_baseline,250,10,116,0,OK,97,0,0,570.0722222222222,357.7077777777778,3.7794444444444446,66,786,51.56,97,0,97,0,97,0
robust,liu_short_baseline_250,liu_short_baseline,250,10,117,0,OK,97,0,0,563.0233333333333,354.1322222222222,6.3438888888888885,62,786,65.38,97,0,97,0,97,0
robust,liu_short_baseline_250,liu_short_baseline,250,10,118,0,OK,97,0,0,565.36,358.5511111111111,3.8566666666666665,59,786,40.46,97,0,97,0,97,0
robust,liu_short_baseline_250,liu_short_baseline,250,10,119,0,OK,97,0,0,578.3355555555555,369.6588888888889,1.5363888888888888,62,786,50.7,97,0,97,0,97,0
robust,liu_short_baseline_250,liu_short_baseline,250,10,120,0,OK,97,0,0,595.3533333333334,360.7922222222222,2.303888888888889,71,786,49.51,97,0,97,0,97,0
robust,liu_short_baseline_250,liu_short_baseline,250,10,121,0,OK,97,0,0,545.0744444444445,339.32444444444445,3.5636111111111113,64,786,64.01,97,0,97,0,97,0
robust,liu_short_baseline_250,liu_short_baseline,250,10,122,0,OK,97,0,0,542.6466666666666,348.12888888888887,2.9988888888888887,61,786,68.73,97,0,97,0,97,0
robust,liu_short_baseline_250,liu_short_baseline,250,10,123,0,OK,97,0,0,601.8777777777777,365.1988888888889,2.245833333333333,73,786,80.77,97,0,97,0,97,0
robust,liu_short_baseline_250,liu_short_baseline,250,10,124,0,OK,97,0,0,574.4544444444444,359.51666666666665,1.9622222222222223,66,786,67.3,97,0,97,0,97,0
robust,liu_short_baseline_250,liu_short_baseline,250,10,125,0,OK,97,0,0,534.2477777777777,333.31,2.02,64,786,65.66,97,0,97,0,97,0
robust,liu_short_baseline_250,liu_short_baseline,250,10,126,0,OK,97,0,0,564.7944444444445,356.58222222222224,1.495,61,786,49.55,97,0,97,0,97,0
robust,liu_short_baseline_250,liu_short_baseline,250,10,127,0,OK,97,0,0,574.8855555555556,368.2711111111111,2.158333333333333,60,786,52.98,97,0,97,0,97,0
robust,liu_short_baseline_250,liu_short_baseline,250,10,128,0,OK,97,0,0,521.4933333333333,328.5,2.8155555555555556,61,786,60.44,97,0,97,0,97,0
robust,liu_short_baseline_250,liu_short_baseline,250,10,129,0,OK,97,0,0,548.1788888888889,340.46222222222224,1.3819444444444444,65,786,65.75,97,0,97,0,97,0
robust,liu_short_baseline_250,liu_short_baseline,250,10,130,0,OK,97,0,0,609.7744444444445,370.43555555555554,5.051666666666667,73,786,76.45,97,0,97,0,97,0
robust,liu_short_baseline_250,liu_short_baseline,250,11,101,0,OK,97,0,0,583.4066666666666,353.8677777777778,2.0619444444444444,71,786,71.69,97,0,97,0,97,0
robust,liu_short_baseline_250,liu_short_baseline,250,11,102,0,OK,97,0,0,572.5922222222222,351.7088888888889,1.9825,67,786,57.74,97,0,97,0,97,0
robust,liu_short_baseline_250,liu_short_baseline,250,11,103,0,OK,97,0,0,527.9966666666667,332.34444444444443,4.036666666666667,60,786,62.13,97,0,97,0,97,0
robust,liu_short_baseline_250,liu_short_baseline,250,11,104,0,OK,97,0,0,552.0344444444445,347.3355555555556,0.9752777777777778,61,786,62.81,97,0,97,0,97,0
robust,liu_short_baseline_250,liu_short_baseline,250,11,105,0,OK,97,0,0,552.7955555555556,337.0966666666667,5.5488888888888885,69,786,64.07,97,0,97,0,97,0
robust,liu_short_baseline_250,liu_short_baseline,250,11,106,0,OK,97,0,0,568.6944444444445,353.2477777777778,3.6769444444444446,65,786,64.01,97,0,97,0,97,0
robust,liu_short_baseline_250,liu_short_baseline,250,11,107,0,OK,97,0,0,516.8333333333334,322.63444444444445,1.7977777777777777,62,786,56.48,97,0,97,0,97,0
robust,liu_short_baseline_250,liu_short_baseline,250,11,108,0,OK,97,0,0,563.8633333333333,349.1377777777778,4.320555555555556,65,786,61.21,97,0,97,0,97,0
robust,liu_short_baseline_250,liu_short_baseline,250,11,109,0,OK,97,0,0,556.8255555555555,342.5211111111111,0.6925,65,786,60.55,97,0,97,0,97,0
robust,liu_short_baseline_250,liu_short_baseline,250,11,110,0,OK,97,0,0,552.8033333333333,341.2477777777778,2.085,65,786,49.84,97,0,97,0,97,0
robust,liu_short_baseline_250,liu_short_baseline,250,11,111,0,OK,97,0,0,580.6211111111111,349.5722222222222,2.0277777777777777,69,786,60.89,97,0,97,0,97,0
robust,liu_short_baseline_250,liu_short_baseline,250,11,112,0,OK,97,0,0,617.4566666666667,379.4222222222222,1.7458333333333333,69,786,57.89,97,0,97,0,97,0
robust,liu_short_baseline_250,liu_short_baseline,250,11,113,0,OK,97,0,0,581.6833333333333,354.43666666666667,3.765277777777778,70,786,63.87,97,0,97,0,97,0
robust,liu_short_baseline_250,liu_short_baseline,250,11,114,0,OK,97,0,0,529.5788888888889,340.52,3.701388888888889,56,786,51.98,97,0,97,0,97,0
robust,liu_short_baseline_250,liu_short_baseline,250,11,115,0,OK,97,0,0,540.0211111111112,336.40777777777777,2.4805555555555556,63,786,56.31,97,0,97,0,97,0
robust,liu_short_baseline_250,liu_short_baseline,250,11,116,0,OK,97,0,0,561.4077777777778,349.04333333333335,3.83,66,786,61.68,97,0,97,0,97,0
robust,liu_short_baseline_250,liu_short_baseline,250,11,117,0,OK,97,0,0,555.7488888888889,346.85777777777776,1.3972222222222221,62,786,60.81,97,0,97,0,97,0
robust,liu_short_baseline_250,liu_short_baseline,250,11,118,0,OK,97,0,0,559.2844444444445,352.47555555555556,4.4911111111111115,59,786,56.42,97,0,97,0,97,0
robust,liu_short_baseline_250,liu_short_baseline,250,11,119,0,OK,97,0,0,564.66,355.98333333333335,1.5527777777777778,62,786,54.78,97,0,97,0,97,0
robust,liu_short_baseline_250,liu_short_baseline,250,11,120,0,OK,97,0,0,589.2811111111112,354.72,2.871111111111111,71,786,70.74,97,0,97,0,97,0
robust,liu_short_baseline_250,liu_short_baseline,250,11,121,0,OK,97,0,0,540.0744444444445,334.32444444444445,2.359722222222222,64,786,68.21,97,0,97,0,97,0
robust,liu_short_baseline_250,liu_short_baseline,250,11,122,0,OK,97,0,0,538.1066666666667,343.5888888888889,1.9022222222222223,61,786,63.66,97,0,97,0,97,0
robust,liu_short_baseline_250,liu_short_baseline,250,11,123,0,OK,97,0,0,593.7522222222223,357.0733333333333,0.0,73,786,71.29,97,0,97,0,97,0
robust,liu_short_baseline_250,liu_short_baseline,250,11,124,0,OK,97,0,0,565.2211111111111,350.28333333333336,0.5761111111111111,66,786,61.82,97,0,97,0,97,0
robust,liu_short_baseline_250,liu_short_baseline,250,11,125,0,OK,97,0,0,530.7444444444444,329.8066666666667,2.0725,64,786,61.73,97,0,97,0,97,0
robust,liu_short_baseline_250,liu_short_baseline,250,11,126,0,OK,97,0,0,558.2666666666667,350.05444444444447,1.0994444444444444,61,786,55.94,97,0,97,0,97,0
robust,liu_short_baseline_250,liu_short_baseline,250,11,127,0,OK,97,0,0,568.1122222222223,361.4977777777778,2.5530555555555554,60,786,58.2,97,0,97,0,97,0
robust,liu_short_baseline_250,liu_short_baseline,250,11,128,0,OK,97,0,0,515.4177777777778,322.4244444444444,0.07333333333333333,61,786,60.1,97,0,97,0,97,0
robust,liu_short_baseline_250,liu_short_baseline,250,11,129,0,OK,97,0,0,541.6155555555556,333.8988888888889,2.3633333333333333,65,786,48.93,97,0,97,0,97,0
robust,liu_short_baseline_250,liu_short_baseline,250,11,130,0,OK,97,0,0,595.5777777777778,356.2388888888889,2.843888888888889,73,786,68.43,97,0,97,0,97,0
robust,liu_short_baseline_270,liu_short_baseline,270,10,101,0,OK,97,0,0,569.5866666666667,358.3433333333333,2.462222222222222,66,786,52.69,97,0,97,0,97,0
robust,liu_short_baseline_270,liu_short_baseline,270,10,102,0,OK,97,0,0,535.1777777777778,343.27777777777777,1.2969444444444445,60,786,62.81,97,0,97,0,97,0
robust,liu_short_baseline_270,liu_short_baseline,270,10,103,0,OK,97,0,0,517.7844444444445,334.48777777777775,3.868888888888889,56,786,53.69,97,0,97,0,97,0
robust,liu_short_baseline_270,liu_short_baseline,270,10,104,0,OK,97,0,0,545.9611111111111,351.4811111111111,2.0947222222222224,58,786,56.84,97,0,97,0,97,0
robust,liu_short_baseline_270,liu_short_baseline,270,10,105,0,OK,97,0,0,548.0011111111111,338.0588888888889,0.9213888888888889,67,786,69.29,97,0,97,0,97,0
robust,liu_short_baseline_270,liu_short_baseline,270,10,106,0,OK,97,0,0,550.3566666666667,353.03333333333336,2.711388888888889,59,786,61.25,97,0,97,0,97,0
robust,liu_short_baseline_270,liu_short_baseline,270,10,107,0,OK,97,0,0,506.7477777777778,321.82,2.4694444444444446,59,786,54.09,97,0,97,0,97,0
robust,liu_short_baseline_270,liu_short_baseline,270,10,108,0,OK,97,0,0,553.2944444444445,349.61555555555555,4.811388888888889,62,786,54.04,97,0,97,0,97,0
robust,liu_short_baseline_270,liu_short_baseline,270,10,109,0,OK,97,0,0,551.3211111111111,344.63444444444445,3.7330555555555556,63,786,40.06,97,0,97,0,97,0
robust,liu_short_baseline_270,liu_short_baseline,270,10,110,0,OK,97,0,0,542.0955555555555,342.18,0.7788888888888889,62,786,54.78,97,0,97,0,97,0
robust,liu_short_baseline_270,liu_short_baseline,270,10,111,0,OK,97,0,0,577.4511111111111,354.4588888888889,3.272222222222222,67,786,52.94,97,0,97,0,97,0
robust,liu_short_baseline_270,liu_short_baseline,270,10,112,0,OK,97,0,0,639.1377777777777,403.2477777777778,3.8691666666666666,68,786,58.57,97,0,97,0,97,0
robust,liu_short_baseline_270,liu_short_baseline,270,10,113,0,OK,97,0,0,581.8833333333333,360.6144444444444,3.6783333333333332,68,786,54.63,97,0,97,0,97,0
robust,liu_short_baseline_270,liu_short_baseline,270,10,114,0,OK,97,0,0,514.1455555555556,339.52555555555557,3.631666666666667,52,786,49.89,97,0,97,0,97,0
robust,liu_short_baseline_270,liu_short_baseline,270,10,115,0,OK,97,0,0,531.0788888888889,339.1744444444444,4.039722222222222,60,786,43.8,97,0,97,0,97,0
robust,liu_short_baseline_270,liu_short_baseline,270,10,116,0,OK,97,0,0,541.9844444444444,347.49,4.086111111111111,61,786,57.7,97,0,97,0,97,0
robust,liu_short_baseline_270,liu_short_baseline,270,10,117,0,OK,97,0,0,553.6466666666666,352.00888888888886,4.205,60,786,41.96,97,0,97,0,97,0
robust,liu_short_baseline_270,liu_short_baseline,270,10,118,0,OK,97,0,0,547.8077777777778,353.0855555555556,5.003888888888889,55,786,45.05,97,0,97,0,97,0
robust,liu_short_baseline_270,liu_short_baseline,270,10,119,0,OK,97,0,0,554.5266666666666,359.34222222222223,3.1216666666666666,58,786,58.52,97,0,97,0,97,0
robust,liu_short_baseline_270,liu_short_baseline,270,10,120,0,OK,97,0,0,560.3322222222222,351.06333333333333,2.433333333333333,63,786,54.17,97,0,97,0,97,0
robust,liu_short_baseline_270,liu_short_baseline,270,10,121,0,OK,97,0,0,537.0777777777778,337.8666666666667,2.0755555555555554,61,786,53.8,97,0,97,0,97,0
robust,liu_short_baseline_270,liu_short_baseline,270,10,122,0,OK,97,0,0,536.7811111111112,346.1922222222222,2.3722222222222222,60,786,61.05,97,0,97,0,97,0
robust,liu_short_baseline_270,liu_short_baseline,270,10,123,0,OK,97,0,0,599.7722222222222,366.09777777777776,2.4975,72,786,72.89,97,0,97,0,97,0
robust,liu_short_baseline_270,liu_short_baseline,270,10,124,0,OK,97,0,0,558.3877777777777,352.8877777777778,1.1905555555555556,63,786,54.52,97,0,97,0,97,0
robust,liu_short_baseline_270,liu_short_baseline,270,10,125,0,OK,97,0,0,513.5,327.8211111111111,1.5741666666666667,60,786,54.16,97,0,97,0,97,0
robust,liu_short_baseline_270,liu_short_baseline,270,10,126,0,OK,97,0,0,564.7944444444445,356.58222222222224,1.495,61,786,61.54,97,0,97,0,97,0
robust,liu_short_baseline_270,liu_short_baseline,270,10,127,0,OK,97,0,0,557.9644444444444,360.9088888888889,1.9655555555555555,57,786,64.0,97,0,97,0,97,0
robust,liu_short_baseline_270,liu_short_baseline,270,10,128,0,OK,97,0,0,516.4555555555555,326.15,2.2530555555555556,60,786,65.73,97,0,97,0,97,0
robust,liu_short_baseline_270,liu_short_baseline,270,10,129,0,OK,97,0,0,534.0544444444445,336.9844444444444,1.255,62,786,53.76,97,0,97,0,97,0
robust,liu_short_baseline_270,liu_short_baseline,270,10,130,0,OK,97,0,0,607.7844444444445,374.3955555555556,4.868333333333333,71,786,64.16,97,0,97,0,97,0
robust,liu_short_baseline_270,liu_short_baseline,270,11,101,0,OK,97,0,0,560.4766666666667,349.23333333333335,0.7530555555555556,66,786,53.73,97,0,97,0,97,0
robust,liu_short_baseline_270,liu_short_baseline,270,11,102,0,OK,97,0,0,530.5822222222222,338.6822222222222,3.593888888888889,60,786,60.97,97,0,97,0,97,0
robust,liu_short_baseline_270,liu_short_baseline,270,11,103,0,OK,97,0,0,511.95,328.6533333333333,0.6488888888888888,56,786,57.9,97,0,97,0,97,0
robust,liu_short_baseline_270,liu_short_baseline,270,11,104,0,OK,97,0,0,539.0166666666667,344.5366666666667,0.9133333333333333,58,786,64.47,97,0,97,0,97,0
robust,liu_short_baseline_270,liu_short_baseline,270,11,105,0,OK,97,0,0,543.2455555555556,333.30333333333334,2.1061111111111113,67,786,57.23,97,0,97,0,97,0
robust,liu_short_baseline_270,liu_short_baseline,270,11,106,0,OK,97,0,0,543.8522222222222,346.5288888888889,2.2263888888888888,59,786,56.11,97,0,97,0,97,0
robust,liu_short_baseline_270,liu_short_baseline,270,11,107,0,OK,97,0,0,503.3288888888889,318.4011111111111,0.7813888888888889,59,786,59.08,97,0,97,0,97,0
robust,liu_short_baseline_270,liu_short_baseline,270,11,108,0,OK,97,0,0,545.8877777777777,342.2088888888889,5.221388888888889,62,786,49.87,97,0,97,0,97,0
robust,liu_short_baseline_270,liu_short_baseline,270,11,109,0,OK,97,0,0,545.5677777777778,338.8811111111111,1.1983333333333333,63,786,68.42,97,0,97,0,97,0
robust,liu_short_baseline_270,liu_short_baseline,270,11,110,0,OK,97,0,0,536.22,336.30444444444447,3.3244444444444445,62,786,55.11,97,0,97,0,97,0
robust,liu_short_baseline_270,liu_short_baseline,270,11,111,0,OK,97,0,0,568.9811111111111,345.9888888888889,3.4980555555555557,67,786,53.67,97,0,97,0,97,0
robust,liu_short_baseline_270,liu_short_baseline,270,11,112,0,OK,97,0,0,613.9688888888888,378.0788888888889,5.248055555555555,68,786,65.53,97,0,97,0,97,0
robust,liu_short_baseline_270,liu_short_baseline,270,11,113,0,OK,97,0,0,573.7688888888889,352.5,3.671111111111111,68,786,69.73,97,0,97,0,97,0
robust,liu_short_baseline_270,liu_short_baseline,270,11,114,0,OK,97,0,0,507.87888888888887,333.25888888888886,0.7875,52,786,55.25,97,0,97,0,97,0
robust,liu_short_baseline_270,liu_short_baseline,270,11,115,0,OK,97,0,0,524.4688888888888,332.56444444444446,0.8077777777777778,60,786,57.89,97,0,97,0,97,0
robust,liu_short_baseline_270,liu_short_baseline,270,11,116,0,OK,97,0,0,536.9733333333334,342.4788888888889,1.1619444444444444,61,786,68.37,97,0,97,0,97,0
robust,liu_short_baseline_270,liu_short_baseline,270,11,117,0,OK,97,0,0,547.4855555555556,345.84777777777776,1.5466666666666666,60,786,55.33,97,0,97,0,97,0
robust,liu_short_baseline_270,liu_short_baseline,270,11,118,0,OK,97,0,0,540.01,345.28777777777776,0.8216666666666667,55,786,52.94,97,0,97,0,97,0
robust,liu_short_baseline_270,liu_short_baseline,270,11,119,0,OK,97,0,0,545.7144444444444,350.53,3.9611111111111112,58,786,53.68,97,0,97,0,97,0
robust,liu_short_baseline_270,liu_short_baseline,270,11,120,0,OK,97,0,0,555.2211111111111,345.95222222222225,1.073888888888889,63,786,68.33,97,0,97,0,97,0
robust,liu_short_baseline_270,liu_short_baseline,270,11,121,0,OK,97,0,0,529.4044444444445,330.1933333333333,5.0475,61,786,51.5,97,0,97,0,97,0
robust,liu_short_baseline_270,liu_short_baseline,270,11,122,0,OK,97,0,0,534.1811111111111,343.59222222222223,1.9491666666666667,60,786,59.81,97,0,97,0,97,0
robust,liu_short_baseline_270,liu_short_baseline,270,11,123,0,OK,97,0,0,591.2344444444444,357.56,0.5844444444444444,72,786,63.91,97,0,97,0,97,0
robust,liu_short_baseline_270,liu_short_baseline,270,11,124,0,OK,97,0,0,552.6222222222223,347.1222222222222,0.245,63,786,64.45,97,0,97,0,97,0
robust,liu_short_baseline_270,liu_short_baseline,270,11,125,0,OK,97,0,0,510.7788888888889,325.1,2.1238888888888887,60,786,52.69,97,0,97,0,97,0
robust,liu_short_baseline_270,liu_short_baseline,270,11,126,0,OK,97,0,0,558.2666666666667,350.05444444444447,1.0994444444444444,61,786,53.63,97,0,97,0,97,0
robust,liu_short_baseline_270,liu_short_baseline,270,11,127,0,OK,97,0,0,555.1722222222222,358.1166666666667,2.488888888888889,57,786,63.84,97,0,97,0,97,0
robust,liu_short_baseline_270,liu_short_baseline,270,11,128,0,OK,97,0,0,510.98555555555555,320.68,1.308888888888889,60,786,59.41,97,0,97,0,97,0
robust,liu_short_baseline_270,liu_short_baseline,270,11,129,0,OK,97,0,0,529.0088888888889,331.93888888888887,0.6733333333333333,62,786,58.61,97,0,97,0,97,0
robust,liu_short_baseline_270,liu_short_baseline,270,11,130,0,OK,97,0,0,590.1944444444445,356.80555555555554,3.167777777777778,71,786,66.95,97,0,97,0,97,0
robust,liu_short_baseline_300,liu_short_baseline,300,10,101,0,OK,97,0,0,494.16333333333336,333.98555555555555,2.15,50,786,53.18,97,0,97,0,97,0
robust,liu_short_baseline_300,liu_short_baseline,300,10,102,0,OK,97,0,0,452.92333333333335,321.2477777777778,0.5225,42,786,47.71,97,0,97,0,97,0
robust,liu_short_baseline_300,liu_short_baseline,300,10,103,0,OK,97,0,0,449.8677777777778,316.3255555555556,1.8466666666666667,41,786,47.13,97,0,97,0,97,0
robust,liu_short_baseline_300,liu_short_baseline,300,10,104,0,OK,97,0,0,455.81666666666666,323.22,0.5475,39,786,42.77,97,0,97,0,97,0
robust,liu_short_baseline_300,liu_short_baseline,300,10,105,0,OK,97,0,0,448.9111111111111,311.3777777777778,1.8997222222222223,44,786,37.87,97,0,97,0,97,0
robust,liu_short_baseline_300,liu_short_baseline,300,10,106,0,OK,97,0,0,468.97555555555556,327.91,0.4727777777777778,42,786,38.04,97,0,97,0,97,0
robust,liu_short_baseline_300,liu_short_baseline,300,10,107,0,OK,97,0,0,437.76,303.57666666666665,1.4377777777777778,43,786,36.75,97,0,97,0,97,0
robust,liu_short_baseline_300,liu_short_baseline,300,10,108,0,OK,97,0,0,452.12555555555554,318.6777777777778,1.0580555555555555,39,786,41.21,97,0,97,0,97,0
robust,liu_short_baseline_300,liu_short_baseline,300,10,109,0,OK,97,0,0,444.98777777777775,314.24,0.49583333333333335,39,786,38.88,97,0,97,0,97,0
robust,liu_short_baseline_300,liu_short_baseline,300,10,110,0,OK,97,0,0,431.21666666666664,310.1644444444444,0.0,36,786,34.03,97,0,97,0,97,0
robust,liu_short_baseline_300,liu_short_baseline,300,10,111,0,OK,97,0,0,477.3688888888889,324.77444444444444,2.341111111111111,45,786,40.41,97,0,97,0,97,0
robust,liu_short_baseline_300,liu_short_baseline,300,10,112,0,OK,97,0,0,509.8777777777778,350.92555555555555,3.2016666666666667,47,786,49.95,97,0,97,0,97,0
robust,liu_short_baseline_300,liu_short_baseline,300,10,113,0,OK,97,0,0,481.2944444444444,329.43,2.7408333333333332,46,786,44.16,97,0,97,0,97,0
robust,liu_short_baseline_300,liu_short_baseline,300,10,114,0,OK,97,0,0,437.04555555555555,316.30555555555554,1.5125,36,786,40.98,97,0,97,0,97,0
robust,liu_short_baseline_300,liu_short_baseline,300,10,115,0,OK,97,0,0,455.23555555555555,316.30555555555554,0.9894444444444445,43,786,40.77,97,0,97,0,97,0
robust,liu_short_baseline_300,liu_short_baseline,300,10,116,0,OK,97,0,0,463.55444444444447,324.0622222222222,2.7816666666666667,45,786,42.58,97,0,97,0,97,0
robust,liu_short_baseline_300,liu_short_baseline,300,10,117,0,OK,97,0,0,459.4866666666667,325.2922222222222,1.6027777777777779,41,786,37.78,97,0,97,0,97,0
robust,liu_short_baseline_300,liu_short_baseline,300,10,118,0,OK,97,0,0,454.3644444444444,326.85333333333335,0.020277777777777777,36,786,41.85,97,0,97,0,97,0
robust,liu_short_baseline_300,liu_short_baseline,300,10,119,0,OK,97,0,0,461.8722222222222,329.20222222222225,2.585,39,786,43.21,97,0,97,0,97,0
robust,liu_short_baseline_300,liu_short_baseline,300,10,120,0,OK,97,0,0,469.38666666666666,326.08666666666664,0.6616666666666666,44,786,55.42,97,0,97,0,97,0
robust,liu_short_baseline_300,liu_short_baseline,300,10,121,0,OK,97,0,0,461.68333333333334,313.2655555555556,3.2475,45,786,42.61,97,0,97,0,97,0
robust,liu_short_baseline_300,liu_short_baseline,300,10,122,0,OK,97,0,0,477.75,328.12444444444446,0.7566666666666667,46,786,52.92,97,0,97,0,97,0
robust,liu_short_baseline_300,liu_short_baseline,300,10,123,0,OK,97,0,0,512.02,338.3833333333333,1.0947222222222222,54,786,48.34,97,0,97,0,97,0
robust,liu_short_baseline_300,liu_short_baseline,300,10,124,0,OK,97,0,0,449.7344444444444,321.62111111111113,0.6666666666666666,39,786,42.82,97,0,97,0,97,0
robust,liu_short_baseline_300,liu_short_baseline,300,10,125,0,OK,97,0,0,463.5588888888889,313.69555555555553,1.0955555555555556,48,786,55.05,97,0,97,0,97,0
robust,liu_short_baseline_300,liu_short_baseline,300,10,126,0,OK,97,0,0,470.8888888888889,327.5411111111111,1.2152777777777777,42,786,36.98,97,0,97,0,97,0
robust,liu_short_baseline_300,liu_short_baseline,300,10,127,0,OK,97,0,0,475.21777777777777,337.62666666666667,0.35833333333333334,40,786,49.29,97,0,97,0,97,0
robust,liu_short_baseline_300,liu_short_baseline,300,10,128,0,OK,97,0,0,442.7944444444444,305.0388888888889,2.4683333333333333,44,786,45.69,97,0,97,0,97,0
robust,liu_short_baseline_300,liu_short_baseline,300,10,129,0,OK,97,0,0,444.1588888888889,310.2988888888889,1.2772222222222223,42,786,48.88,97,0,97,0,97,0
robust,liu_short_baseline_300,liu_short_baseline,300,10,130,0,OK,97,0,0,511.6433333333333,338.8877777777778,1.9872222222222222,53,786,43.66,97,0,97,0,97,0
robust,liu_short_baseline_300,liu_short_baseline,300,9,101,0,OK,97,0,0,501.6744444444444,341.49666666666667,0.47805555555555557,50,786,36.98,97,0,97,0,97,0
robust,liu_short_baseline_300,liu_short_baseline,300,9,102,0,OK,97,0,0,455.21222222222224,323.5366666666667,2.4105555555555553,42,786,42.95,97,0,97,0,97,0
robust,liu_short_baseline_300,liu_short_baseline,300,9,103,0,OK,97,0,0,452.0877777777778,318.54555555555555,2.7575,41,786,40.19,97,0,97,0,97,0
robust,liu_short_baseline_300,liu_short_baseline,300,9,104,0,OK,97,0,0,460.26222222222225,327.66555555555556,0.8538888888888889,39,786,41.03,97,0,97,0,97,0
robust,liu_short_baseline_300,liu_short_baseline,300,9,105,0,OK,97,0,0,453.9711111111111,316.4377777777778,2.6216666666666666,44,786,43.2,97,0,97,0,97,0
robust,liu_short_baseline_300,liu_short_baseline,300,9,106,0,OK,97,0,0,472.5877777777778,331.52222222222224,2.2983333333333333,42,786,39.44,97,0,97,0,97,0
robust,liu_short_baseline_300,liu_short_baseline,300,9,107,0,OK,97,0,0,439.00444444444446,304.8211111111111,1.1736111111111112,43,786,42.92,97,0,97,0,97,0
robust,liu_short_baseline_300,liu_short_baseline,300,9,108,0,OK,97,0,0,457.9144444444444,324.46666666666664,0.7047222222222222,39,786,36.55,97,0,97,0,97,0
robust,liu_short_baseline_300,liu_short_baseline,300,9,109,0,OK,97,0,0,448.95,318.20222222222225,0.8266666666666667,39,786,37.76,97,0,97,0,97,0
robust,liu_short_baseline_300,liu_short_baseline,300,9,110,0,OK,97,0,0,435.29777777777775,314.24555555555554,0.0,36,786,36.94,97,0,97,0,97,0
robust,liu_short_baseline_300,liu_short_baseline,300,9,111,0,OK,97,0,0,480.9122222222222,328.3177777777778,1.0691666666666666,45,786,36.95,97,0,97,0,97,0
robust,liu_short_baseline_300,liu_short_baseline,300,9,112,0,OK,97,0,0,517.5177777777777,358.56555555555553,2.0241666666666664,47,786,43.99,97,0,97,0,97,0
robust,liu_short_baseline_300,liu_short_baseline,300,9,113,0,OK,97,0,0,486.78333333333336,334.9188888888889,0.8808333333333334,46,786,41.03,97,0,97,0,97,0
robust,liu_short_baseline_300,liu_short_baseline,300,9,114,0,OK,97,0,0,435.81111111111113,315.0711111111111,2.2319444444444443,36,786,34.35,97,0,97,0,97,0
robust,liu_short_baseline_300,liu_short_baseline,300,9,115,0,OK,97,0,0,458.8,319.87,2.069166666666667,43,786,37.33,97,0,97,0,97,0
robust,liu_short_baseline_300,liu_short_baseline,300,9,116,0,OK,97,0,0,468.4166666666667,328.9244444444444,3.372777777777778,45,786,39.59,97,0,97,0,97,0
robust,liu_short_baseline_300,liu_short_baseline,300,9,117,0,OK,97,0,0,462.9866666666667,328.7922222222222,3.502222222222222,41,786,41.59,97,0,97,0,97,0
robust,liu_short_baseline_300,liu_short_baseline,300,9,118,0,OK,97,0,0,459.06,331.5488888888889,2.328333333333333,36,786,35.4,97,0,97,0,97,0
robust,liu_short_baseline_300,liu_short_baseline,300,9,119,0,OK,97,0,0,467.4411111111111,334.7711111111111,2.924722222222222,39,786,39.77,97,0,97,0,97,0
robust,liu_short_baseline_300,liu_short_baseline,300,9,120,0,OK,97,0,0,477.0,333.7,3.0877777777777777,44,786,44.32,97,0,97,0,97,0
robust,liu_short_baseline_300,liu_short_baseline,300,9,121,0,OK,97,0,0,465.38444444444445,316.96666666666664,3.370277777777778,45,786,43.04,97,0,97,0,97,0
robust,liu_short_baseline_300,liu_short_baseline,300,9,122,0,OK,97,0,0,484.8222222222222,335.19666666666666,1.093888888888889,46,786,30.85,97,0,97,0,97,0
robust,liu_short_baseline_300,liu_short_baseline,300,9,123,0,OK,97,0,0,517.9455555555555,344.3088888888889,2.542222222222222,54,786,49.66,97,0,97,0,97,0
robust,liu_short_baseline_300,liu_short_baseline,300,9,124,0,OK,97,0,0,454.0155555555556,325.90222222222224,0.0,39,786,36.69,97,0,97,0,97,0
robust,liu_short_baseline_300,liu_short_baseline,300,9,125,0,OK,97,0,0,468.06666666666666,318.2033333333333,0.6855555555555556,48,786,40.07,97,0,97,0,97,0
robust,liu_short_baseline_300,liu_short_baseline,300,9,126,0,OK,97,0,0,476.97777777777776,333.63,0.7016666666666667,42,786,41.36,97,0,97,0,97,0
robust,liu_short_baseline_300,liu_short_baseline,300,9,127,0,OK,97,0,0,478.6388888888889,341.04777777777775,1.893888888888889,40,786,36.83,97,0,97,0,97,0
robust,liu_short_baseline_300,liu_short_baseline,300,9,128,0,OK,97,0,0,445.61333333333334,307.85777777777776,2.0183333333333335,44,786,35.77,97,0,97,0,97,0
robust,liu_short_baseline_300,liu_short_baseline,300,9,129,0,OK,97,0,0,443.93888888888887,310.0788888888889,1.0177777777777777,42,786,41.97,97,0,97,0,97,0
robust,liu_short_baseline_300,liu_short_baseline,300,9,130,0,OK,97,0,0,518.4277777777778,345.6722222222222,1.5775,53,786,43.27,97,0,97,0,97,0
robust,liu_short_baseline_325,liu_short_baseline,325,10,101,0,OK,97,0,0,475.22555555555556,329.78,1.4755555555555555,45,786,45.53,97,0,97,0,97,0
robust,liu_short_baseline_325,liu_short_baseline,325,10,102,0,OK,97,0,0,428.6377777777778,314.22777777777776,0.15083333333333335,36,786,42.51,97,0,97,0,97,0
robust,liu_short_baseline_325,liu_short_baseline,325,10,103,0,OK,97,0,0,427.07666666666665,308.1566666666667,1.6772222222222222,36,786,43.38,97,0,97,0,97,0
robust,liu_short_baseline_325,liu_short_baseline,325,10,104,0,OK,97,0,0,447.71,318.5288888888889,0.9944444444444445,38,786,50.07,97,0,97,0,97,0
robust,liu_short_baseline_325,liu_short_baseline,325,10,105,0,OK,97,0,0,420.60777777777776,303.2422222222222,2.0780555555555558,38,786,33.28,97,0,97,0,97,0
robust,liu_short_baseline_325,liu_short_baseline,325,10,106,0,OK,97,0,0,443.34222222222223,318.06111111111113,0.051666666666666666,37,786,41.4,97,0,97,0,97,0
robust,liu_short_baseline_325,liu_short_baseline,325,10,107,0,OK,97,0,0,427.02777777777777,299.97222222222223,2.131111111111111,41,786,45.37,97,0,97,0,97,0
robust,liu_short_baseline_325,liu_short_baseline,325,10,108,0,OK,97,0,0,446.95444444444445,320.39666666666665,1.9355555555555555,37,786,30.85,97,0,97,0,97,0
robust,liu_short_baseline_325,liu_short_baseline,325,10,109,0,OK,97,0,0,422.58222222222224,308.3377777777778,0.9005555555555556,34,786,32.93,97,0,97,0,97,0
robust,liu_short_baseline_325,liu_short_baseline,325,10,110,0,OK,97,0,0,423.01666666666665,308.52777777777777,1.3658333333333332,34,786,35.44,97,0,97,0,97,0
robust,liu_short_baseline_325,liu_short_baseline,325,10,111,0,OK,97,0,0,443.49444444444447,315.3955555555556,1.0566666666666666,38,786,44.67,97,0,97,0,97,0
robust,liu_short_baseline_325,liu_short_baseline,325,10,112,0,OK,97,0,0,476.94444444444446,341.6533333333333,0.5861111111111111,41,786,31.54,97,0,97,0,97,0
robust,liu_short_baseline_325,liu_short_baseline,325,10,113,0,OK,97,0,0,469.31111111111113,326.0077777777778,1.9513888888888888,43,786,44.07,97,0,97,0,97,0
robust,liu_short_baseline_325,liu_short_baseline,325,10,114,0,OK,97,0,0,424.9411111111111,311.37111111111113,0.2961111111111111,34,786,23.37,97,0,97,0,97,0
robust,liu_short_baseline_325,liu_short_baseline,325,10,115,0,OK,97,0,0,440.51666666666665,312.9633333333333,0.7386111111111111,39,786,34.04,97,0,97,0,97,0
robust,liu_short_baseline_325,liu_short_baseline,325,10,116,0,OK,97,0,0,443.98777777777775,319.45,0.0,41,786,39.09,97,0,97,0,97,0
robust,liu_short_baseline_325,liu_short_baseline,325,10,117,0,OK,97,0,0,448.80555555555554,322.3933333333333,1.6027777777777779,39,786,38.7,97,0,97,0,97,0
robust,liu_short_baseline_325,liu_short_baseline,325,10,118,0,OK,97,0,0,420.3811111111111,316.6511111111111,2.292222222222222,29,786,34.0,97,0,97,0,97,0
robust,liu_short_baseline_325,liu_short_baseline,325,10,119,0,OK,97,0,0,445.83,325.5677777777778,0.09833333333333333,36,786,47.67,97,0,97,0,97,0
robust,liu_short_baseline_325,liu_short_baseline,325,10,120,0,OK,97,0,0,462.25444444444446,324.7577777777778,3.2752777777777777,42,786,46.56,97,0,97,0,97,0
robust,liu_short_baseline_325,liu_short_baseline,325,10,121,0,OK,97,0,0,436.03,306.69555555555553,0.7383333333333333,40,786,39.55,97,0,97,0,97,0
robust,liu_short_baseline_325,liu_short_baseline,325,10,122,0,OK,97,0,0,473.3855555555556,328.12555555555554,2.641388888888889,45,786,51.43,97,0,97,0,97,0
robust,liu_short_baseline_325,liu_short_baseline,325,10,123,0,OK,97,0,0,470.18,325.89666666666665,1.1083333333333334,45,786,49.69,97,0,97,0,97,0
robust,liu_short_baseline_325,liu_short_baseline,325,10,124,0,OK,97,0,0,430.2733333333333,314.5811111111111,0.4955555555555556,35,786,37.44,97,0,97,0,97,0
robust,liu_short_baseline_325,liu_short_baseline,325,10,125,0,OK,97,0,0,445.3811111111111,307.6933333333333,0.6169444444444444,44,786,36.58,97,0,97,0,97,0
robust,liu_short_baseline_325,liu_short_baseline,325,10,126,0,OK,97,0,0,443.93,319.88,1.0375,36,786,44.47,97,0,97,0,97,0
robust,liu_short_baseline_325,liu_short_baseline,325,10,127,0,OK,97,0,0,457.6644444444444,332.57666666666665,2.09,36,786,41.64,97,0,97,0,97,0
robust,liu_short_baseline_325,liu_short_baseline,325,10,128,0,OK,97,0,0,425.1722222222222,299.7088888888889,1.146111111111111,40,786,34.37,97,0,97,0,97,0
robust,liu_short_baseline_325,liu_short_baseline,325,10,129,0,OK,97,0,0,432.9977777777778,307.6022222222222,0.6669444444444445,39,786,38.26,97,0,97,0,97,0
robust,liu_short_baseline_325,liu_short_baseline,325,10,130,0,OK,97,0,0,482.9211111111111,330.41555555555556,0.8891666666666667,47,786,37.39,97,0,97,0,97,0
robust,liu_short_baseline_325,liu_short_baseline,325,9,101,0,OK,97,0,0,479.8388888888889,334.3933333333333,1.855,45,786,45.36,97,0,97,0,97,0
robust,liu_short_baseline_325,liu_short_baseline,325,9,102,0,OK,97,0,0,430.9322222222222,316.52222222222224,1.3016666666666667,36,786,30.05,97,0,97,0,97,0
robust,liu_short_baseline_325,liu_short_baseline,325,9,103,0,OK,97,0,0,432.19666666666666,313.27666666666664,0.9336111111111111,36,786,36.05,97,0,97,0,97,0
robust,liu_short_baseline_325,liu_short_baseline,325,9,104,0,OK,97,0,0,453.97,324.7888888888889,1.7202777777777778,38,786,36.6,97,0,97,0,97,0
robust,liu_short_baseline_325,liu_short_baseline,325,9,105,0,OK,97,0,0,422.93111111111114,305.56555555555553,2.8855555555555554,38,786,29.21,97,0,97,0,97,0
robust,liu_short_baseline_325,liu_short_baseline,325,9,106,0,OK,97,0,0,446.1588888888889,320.8777777777778,0.5244444444444445,37,786,35.43,97,0,97,0,97,0
robust,liu_short_baseline_325,liu_short_baseline,325,9,107,0,OK,97,0,0,431.5177777777778,304.46222222222224,0.0,41,786,39.95,97,0,97,0,97,0
robust,liu_short_baseline_325,liu_short_baseline,325,9,108,0,OK,97,0,0,449.27555555555557,322.71777777777777,3.07,37,786,37.19,97,0,97,0,97,0
robust,liu_short_baseline_325,liu_short_baseline,325,9,109,0,OK,97,0,0,424.4866666666667,310.2422222222222,2.965,34,786,34.45,97,0,97,0,97,0
robust,liu_short_baseline_325,liu_short_baseline,325,9,110,0,OK,97,0,0,424.2077777777778,309.7188888888889,0.14,34,786,25.15,97,0,97,0,97,0
robust,liu_short_baseline_325,liu_short_baseline,325,9,111,0,OK,97,0,0,446.33,318.2311111111111,0.6411111111111111,38,786,38.47,97,0,97,0,97,0
robust,liu_short_baseline_325,liu_short_baseline,325,9,112,0,OK,97,0,0,481.62444444444446,346.3333333333333,2.0655555555555556,41,786,40.07,97,0,97,0,97,0
robust,liu_short_baseline_325,liu_short_baseline,325,9,113,0,OK,97,0,0,474.74555555555554,331.4422222222222,2.606388888888889,43,786,42.35,97,0,97,0,97,0
robust,liu_short_baseline_325,liu_short_baseline,325,9,114,0,OK,97,0,0,425.91,312.34,1.4,34,786,32.86,97,0,97,0,97,0
robust,liu_short_baseline_325,liu_short_baseline,325,9,115,0,OK,97,0,0,441.7944444444444,314.24111111111114,2.0855555555555556,39,786,40.2,97,0,97,0,97,0
robust,liu_short_baseline_325,liu_short_baseline,325,9,116,0,OK,97,0,0,448.8333333333333,324.29555555555555,2.5722222222222224,41,786,44.06,97,0,97,0,97,0
robust,liu_short_baseline_325,liu_short_baseline,325,9,117,0,OK,97,0,0,452.41555555555556,326.00333333333333,2.0,39,786,41.52,97,0,97,0,97,0
robust,liu_short_baseline_325,liu_short_baseline,325,9,118,0,OK,97,0,0,421.59222222222223,317.8622222222222,1.2438888888888888,29,786,34.09,97,0,97,0,97,0
robust,liu_short_baseline_325,liu_short_baseline,325,9,119,0,OK,97,0,0,450.0366666666667,329.77444444444444,3.78,36,786,34.35,97,0,97,0,97,0
robust,liu_short_baseline_325,liu_short_baseline,325,9,120,0,OK,97,0,0,467.66777777777776,330.1711111111111,2.6133333333333333,42,786,44.38,97,0,97,0,97,0
robust,liu_short_baseline_325,liu_short_baseline,325,9,121,0,OK,97,0,0,437.34444444444443,308.01,3.2619444444444445,40,786,37.35,97,0,97,0,97,0
robust,liu_short_baseline_325,liu_short_baseline,325,9,122,0,OK,97,0,0,474.90555555555557,329.6455555555556,1.8783333333333334,45,786,44.49,97,0,97,0,97,0
robust,liu_short_baseline_325,liu_short_baseline,325,9,123,0,OK,97,0,0,476.33666666666664,332.05333333333334,1.5152777777777777,45,786,49.66,97,0,97,0,97,0
robust,liu_short_baseline_325,liu_short_baseline,325,9,124,0,OK,97,0,0,433.0811111111111,317.3888888888889,0.42333333333333334,35,786,43.22,97,0,97,0,97,0
robust,liu_short_baseline_325,liu_short_baseline,325,9,125,0,OK,97,0,0,450.6788888888889,312.99111111111114,2.3769444444444443,44,786,47.63,97,0,97,0,97,0
robust,liu_short_baseline_325,liu_short_baseline,325,9,126,0,OK,97,0,0,446.74333333333334,322.6933333333333,1.2113888888888888,36,786,42.22,97,0,97,0,97,0
robust,liu_short_baseline_325,liu_short_baseline,325,9,127,0,OK,97,0,0,459.78,334.6922222222222,0.4061111111111111,36,786,43.75,97,0,97,0,97,0
robust,liu_short_baseline_325,liu_short_baseline,325,9,128,0,OK,97,0,0,427.8211111111111,302.35777777777776,1.655,40,786,36.38,97,0,97,0,97,0
robust,liu_short_baseline_325,liu_short_baseline,325,9,129,0,OK,97,0,0,432.6111111111111,307.21555555555557,1.07,39,786,38.86,97,0,97,0,97,0
robust,liu_short_baseline_325,liu_short_baseline,325,9,130,0,OK,97,0,0,489.58666666666664,337.0811111111111,1.2794444444444444,47,786,44.52,97,0,97,0,97,0
robust,liu_short_baseline_380,liu_short_baseline,380,7,101,0,OK,97,0,0,374.45666666666665,308.88444444444445,0.5983333333333334,21,786,30.9,97,0,97,0,97,0
robust,liu_short_baseline_380,liu_short_baseline,380,7,102,0,OK,97,0,0,356.9088888888889,298.28777777777776,1.8880555555555556,19,786,29.53,97,0,97,0,97,0
robust,liu_short_baseline_380,liu_short_baseline,380,7,103,0,OK,97,0,0,348.8355555555556,290.6377777777778,2.051111111111111,19,786,28.17,97,0,97,0,97,0
robust,liu_short_baseline_380,liu_short_baseline,380,7,104,0,OK,97,0,0,354.0622222222222,299.9277777777778,0.8911111111111111,16,786,27.95,97,0,97,0,97,0
robust,liu_short_baseline_380,liu_short_baseline,380,7,105,0,OK,97,0,0,357.06,291.56111111111113,2.1730555555555555,22,786,35.74,97,0,97,0,97,0
robust,liu_short_baseline_380,liu_short_baseline,380,7,106,0,OK,97,0,0,355.4066666666667,298.3277777777778,1.28,17,786,30.7,97,0,97,0,97,0
robust,liu_short_baseline_380,liu_short_baseline,380,7,107,0,OK,97,0,0,350.95,280.57444444444445,1.2522222222222221,23,786,31.58,97,0,97,0,97,0
robust,liu_short_baseline_380,liu_short_baseline,380,7,108,0,OK,97,0,0,373.17333333333335,304.42,1.1325,19,786,29.59,97,0,97,0,97,0
robust,liu_short_baseline_380,liu_short_baseline,380,7,109,0,OK,97,0,0,355.2922222222222,293.56333333333333,0.6283333333333333,18,786,27.07,97,0,97,0,97,0
robust,liu_short_baseline_380,liu_short_baseline,380,7,110,0,OK,97,0,0,369.31666666666666,297.76444444444445,0.6436111111111111,21,786,29.41,97,0,97,0,97,0
robust,liu_short_baseline_380,liu_short_baseline,380,7,111,0,OK,97,0,0,336.5711111111111,289.28777777777776,1.0775,14,786,24.94,97,0,97,0,97,0
robust,liu_short_baseline_380,liu_short_baseline,380,7,112,0,OK,97,0,0,398.9033333333333,322.8988888888889,3.926388888888889,23,786,32.57,97,0,97,0,97,0
robust,liu_short_baseline_380,liu_short_baseline,380,7,113,0,OK,97,0,0,381.3622222222222,308.81888888888886,0.6386111111111111,22,786,34.82,97,0,97,0,97,0
robust,liu_short_baseline_380,liu_short_baseline,380,7,114,0,OK,97,0,0,325.2311111111111,287.78,0.4047222222222222,11,786,23.93,97,0,97,0,97,0
robust,liu_short_baseline_380,liu_short_baseline,380,7,115,0,OK,97,0,0,345.8288888888889,289.2311111111111,1.3902777777777777,17,786,29.33,97,0,97,0,97,0
robust,liu_short_baseline_380,liu_short_baseline,380,7,116,0,OK,97,0,0,380.1166666666667,307.8666666666667,2.3755555555555556,25,786,34.08,97,0,97,0,97,0
robust,liu_short_baseline_380,liu_short_baseline,380,7,117,0,OK,97,0,0,337.4166666666667,297.31,1.7325,12,786,27.82,97,0,97,0,97,0
robust,liu_short_baseline_380,liu_short_baseline,380,7,118,0,OK,97,0,0,378.66333333333336,312.2344444444444,0.3302777777777778,18,786,30.51,97,0,97,0,97,0
robust,liu_short_baseline_380,liu_short_baseline,380,7,119,0,OK,97,0,0,373.01666666666665,310.6566666666667,1.1688888888888889,19,786,33.34,97,0,97,0,97,0
robust,liu_short_baseline_380,liu_short_baseline,380,7,120,0,OK,97,0,0,370.63444444444445,302.78333333333336,0.7027777777777777,20,786,36.07,97,0,97,0,97,0
robust,liu_short_baseline_380,liu_short_baseline,380,7,121,0,OK,97,0,0,333.99555555555554,283.65222222222224,2.553611111111111,16,786,26.42,97,0,97,0,97,0
robust,liu_short_baseline_380,liu_short_baseline,380,7,122,0,OK,97,0,0,383.1788888888889,310.0366666666667,2.0716666666666668,23,786,37.2,97,0,97,0,97,0
robust,liu_short_baseline_380,liu_short_baseline,380,7,123,0,OK,97,0,0,388.75111111111113,309.83444444444444,1.2719444444444445,24,786,32.16,97,0,97,0,97,0
robust,liu_short_baseline_380,liu_short_baseline,380,7,124,0,OK,97,0,0,393.6455555555556,312.2288888888889,0.2797222222222222,24,786,30.67,97,0,97,0,97,0
robust,liu_short_baseline_380,liu_short_baseline,380,7,125,0,OK,97,0,0,367.07444444444445,292.28444444444443,1.2058333333333333,24,786,29.67,97,0,97,0,97,0
robust,liu_short_baseline_380,liu_short_baseline,380,7,126,0,OK,97,0,0,371.8666666666667,306.3688888888889,0.6919444444444445,19,786,34.01,97,0,97,0,97,0
robust,liu_short_baseline_380,liu_short_baseline,380,7,127,0,OK,97,0,0,368.82,311.1488888888889,1.4325,17,786,28.48,97,0,97,0,97,0
robust,liu_short_baseline_380,liu_short_baseline,380,7,128,0,OK,97,0,0,322.5877777777778,276.59777777777776,1.3180555555555555,15,786,30.23,97,0,97,0,97,0
robust,liu_short_baseline_380,liu_short_baseline,380,7,129,0,OK,97,0,0,328.24444444444447,280.83666666666664,1.131388888888889,15,786,25.42,97,0,97,0,97,0
robust,liu_short_baseline_380,liu_short_baseline,380,7,130,0,OK,97,0,0,378.5988888888889,306.54,1.6075,22,786,34.81,97,0,97,0,97,0
robust,liu_short_baseline_380,liu_short_baseline,380,8,101,0,OK,97,0,0,369.31888888888886,303.74666666666667,1.1108333333333333,21,786,27.56,97,0,97,0,97,0
robust,liu_short_baseline_380,liu_short_baseline,380,8,102,0,OK,97,0,0,353.84222222222223,295.2211111111111,0.8283333333333334,19,786,29.55,97,0,97,0,97,0
robust,liu_short_baseline_380,liu_short_baseline,380,8,103,0,OK,97,0,0,348.9166666666667,290.7188888888889,2.1508333333333334,19,786,28.74,97,0,97,0,97,0
robust,liu_short_baseline_380,liu_short_baseline,380,8,104,0,OK,97,0,0,350.40777777777777,296.2733333333333,0.5611111111111111,16,786,21.92,97,0,97,0,97,0
robust,liu_short_baseline_380,liu_short_baseline,380,8,105,0,OK,97,0,0,352.1355555555556,286.63666666666666,1.04,22,786,26.67,97,0,97,0,97,0
robust,liu_short_baseline_380,liu_short_baseline,380,8,106,0,OK,97,0,0,354.02777777777777,296.9488888888889,1.5630555555555556,17,786,24.86,97,0,97,0,97,0
robust,liu_short_baseline_380,liu_short_baseline,380,8,107,0,OK,97,0,0,353.04,282.6644444444444,1.3211111111111111,23,786,29.1,97,0,97,0,97,0
robust,liu_short_baseline_380,liu_short_baseline,380,8,108,0,OK,97,0,0,367.6877777777778,298.93444444444447,0.9227777777777778,19,786,21.6,97,0,97,0,97,0
robust,liu_short_baseline_380,liu_short_baseline,380,8,109,0,OK,97,0,0,350.9533333333333,289.22444444444443,0.6077777777777778,18,786,29.05,97,0,97,0,97,0
robust,liu_short_baseline_380,liu_short_baseline,380,8,110,0,OK,97,0,0,364.2344444444444,292.6822222222222,1.1108333333333333,21,786,34.54,97,0,97,0,97,0
robust,liu_short_baseline_380,liu_short_baseline,380,8,111,0,OK,97,0,0,336.69666666666666,289.41333333333336,1.8602777777777777,14,786,21.25,97,0,97,0,97,0
robust,liu_short_baseline_380,liu_short_baseline,380,8,112,0,OK,97,0,0,398.5077777777778,322.50333333333333,1.3205555555555555,23,786,27.01,97,0,97,0,97,0
robust,liu_short_baseline_380,liu_short_baseline,380,8,113,0,OK,97,0,0,376.18888888888887,303.6455555555556,0.40444444444444444,22,786,31.25,97,0,97,0,97,0
robust,liu_short_baseline_380,liu_short_baseline,380,8,114,0,OK,97,0,0,323.15444444444444,285.7033333333333,1.3322222222222222,11,786,23.2,97,0,97,0,97,0
robust,liu_short_baseline_380,liu_short_baseline,380,8,115,0,OK,97,0,0,344.1122222222222,287.51444444444445,2.076388888888889,17,786,26.66,97,0,97,0,97,0
robust,liu_short_baseline_380,liu_short_baseline,380,8,116,0,OK,97,0,0,372.98777777777775,300.73777777777775,1.9680555555555554,25,786,37.36,97,0,97,0,97,0
robust,liu_short_baseline_380,liu_short_baseline,380,8,117,0,OK,97,0,0,334.53444444444443,294.4277777777778,0.9733333333333334,12,786,20.26,97,0,97,0,97,0
robust,liu_short_baseline_380,liu_short_baseline,380,8,118,0,OK,97,0,0,374.13,307.7011111111111,2.154166666666667,18,786,25.24,97,0,97,0,97,0
robust,liu_short_baseline_380,liu_short_baseline,380,8,119,0,OK,97,0,0,368.7055555555556,306.34555555555556,1.14,19,786,24.62,97,0,97,0,97,0
robust,liu_short_baseline_380,liu_short_baseline,380,8,120,0,OK,97,0,0,367.6822222222222,299.8311111111111,0.11583333333333333,20,786,26.97,97,0,97,0,97,0
robust,liu_short_baseline_380,liu_short_baseline,380,8,121,0,OK,97,0,0,329.35555555555555,279.01222222222225,2.9980555555555557,16,786,26.24,97,0,97,0,97,0
robust,liu_short_baseline_380,liu_short_baseline,380,8,122,0,OK,97,0,0,380.0155555555556,306.87333333333333,0.5663888888888889,23,786,23.14,97,0,97,0,97,0
robust,liu_short_baseline_380,liu_short_baseline,380,8,123,0,OK,97,0,0,381.4211111111111,302.50444444444446,0.7413888888888889,24,786,30.76,97,0,97,0,97,0
robust,liu_short_baseline_380,liu_short_baseline,380,8,124,0,OK,97,0,0,384.9788888888889,303.5622222222222,0.7575,24,786,33.92,97,0,97,0,97,0
robust,liu_short_baseline_380,liu_short_baseline,380,8,125,0,OK,97,0,0,362.08,287.29,1.1269444444444445,24,786,35.68,97,0,97,0,97,0
robust,liu_short_baseline_380,liu_short_baseline,380,8,126,0,OK,97,0,0,365.85555555555555,300.35777777777776,0.2738888888888889,19,786,25.06,97,0,97,0,97,0
robust,liu_short_baseline_380,liu_short_baseline,380,8,127,0,OK,97,0,0,366.5211111111111,308.85,1.8666666666666667,17,786,21.83,97,0,97,0,97,0
robust,liu_short_baseline_380,liu_short_baseline,380,8,128,0,OK,97,0,0,319.5311111111111,273.5411111111111,0.6486111111111111,15,786,25.85,97,0,97,0,97,0
robust,liu_short_baseline_380,liu_short_baseline,380,8,129,0,OK,97,0,0,327.42333333333335,280.0155555555556,0.5086111111111111,15,786,28.52,97,0,97,0,97,0
robust,liu_short_baseline_380,liu_short_baseline,380,8,130,0,OK,97,0,0,370.6511111111111,298.59222222222223,0.5794444444444444,22,786,32.57,97,0,97,0,97,0
robust,liu_short_baseline_425,liu_short_baseline,425,6,101,0,OK,97,0,0,278.41333333333336,278.41333333333336,0.7205555555555555,0,786,14.5,97,0,97,0,97,0
robust,liu_short_baseline_425,liu_short_baseline,425,6,102,0,OK,97,0,0,271.61555555555555,271.61555555555555,1.5752777777777778,0,786,15.49,97,0,97,0,97,0
robust,liu_short_baseline_425,liu_short_baseline,425,6,103,0,OK,97,0,0,267.89,267.89,1.44,0,786,16.53,97,0,97,0,97,0
robust,liu_short_baseline_425,liu_short_baseline,425,6,104,0,OK,97,0,0,278.1988888888889,278.1988888888889,0.28805555555555556,0,786,10.58,97,0,97,0,97,0
robust,liu_short_baseline_425,liu_short_baseline,425,6,105,0,OK,97,0,0,261.5855555555556,261.5855555555556,2.233888888888889,0,786,16.68,97,0,97,0,97,0
robust,liu_short_baseline_425,liu_short_baseline,425,6,106,0,OK,97,0,0,281.1311111111111,281.1311111111111,1.3394444444444444,0,786,16.82,97,0,97,0,97,0
robust,liu_short_baseline_425,liu_short_baseline,425,6,107,0,OK,97,0,0,253.51,253.51,0.6263888888888889,0,786,16.56,97,0,97,0,97,0
robust,liu_short_baseline_425,liu_short_baseline,425,6,108,0,OK,97,0,0,273.6822222222222,273.6822222222222,2.6908333333333334,0,786,15.28,97,0,97,0,97,0
robust,liu_short_baseline_425,liu_short_baseline,425,6,109,0,OK,97,0,0,270.14,270.14,0.6608333333333334,0,786,12.83,97,0,97,0,97,0
robust,liu_short_baseline_425,liu_short_baseline,425,6,110,0,OK,97,0,0,268.99333333333334,268.99333333333334,1.0577777777777777,0,786,15.78,97,0,97,0,97,0
robust,liu_short_baseline_425,liu_short_baseline,425,6,111,0,OK,97,0,0,271.47777777777776,271.47777777777776,0.29555555555555557,0,786,10.93,97,0,97,0,97,0
robust,liu_short_baseline_425,liu_short_baseline,425,6,112,0,OK,97,0,0,295.61,295.61,2.0302777777777776,0,786,14.94,97,0,97,0,97,0
robust,liu_short_baseline_425,liu_short_baseline,425,6,113,0,OK,97,0,0,276.30555555555554,276.30555555555554,1.1861111111111111,0,786,13.02,97,0,97,0,97,0
robust,liu_short_baseline_425,liu_short_baseline,425,6,114,0,OK,97,0,0,275.41777777777776,275.41777777777776,0.9288888888888889,0,786,14.88,97,0,97,0,97,0
robust,liu_short_baseline_425,liu_short_baseline,425,6,115,0,OK,97,0,0,269.41555555555556,269.41555555555556,1.6444444444444444,0,786,14.03,97,0,97,0,97,0
robust,liu_short_baseline_425,liu_short_baseline,425,6,116,0,OK,97,0,0,272.72777777777776,272.72777777777776,1.7663888888888888,0,786,13.16,97,0,97,0,97,0
robust,liu_short_baseline_425,liu_short_baseline,425,6,117,0,OK,97,0,0,281.0622222222222,281.0622222222222,1.4969444444444444,0,786,15.57,97,0,97,0,97,0
robust,liu_short_baseline_425,liu_short_baseline,425,6,118,0,OK,97,0,0,285.6644444444444,285.6644444444444,0.7063888888888888,0,786,15.49,97,0,97,0,97,0
robust,liu_short_baseline_425,liu_short_baseline,425,6,119,0,OK,97,0,0,286.81666666666666,286.81666666666666,0.8827777777777778,0,786,14.71,97,0,97,0,97,0
robust,liu_short_baseline_425,liu_short_baseline,425,6,120,0,OK,97,0,0,275.5155555555556,275.5155555555556,0.8972222222222223,0,786,16.57,97,0,97,0,97,0
robust,liu_short_baseline_425,liu_short_baseline,425,6,121,0,OK,97,0,0,263.0833333333333,263.0833333333333,1.6388888888888888,0,786,13.44,97,0,97,0,97,0
robust,liu_short_baseline_425,liu_short_baseline,425,6,122,0,OK,97,0,0,276.3288888888889,276.3288888888889,1.6447222222222222,0,786,10.33,97,0,97,0,97,0
robust,liu_short_baseline_425,liu_short_baseline,425,6,123,0,OK,97,0,0,277.12,277.12,1.3683333333333334,0,786,14.44,97,0,97,0,97,0
robust,liu_short_baseline_425,liu_short_baseline,425,6,124,0,OK,97,0,0,273.84,273.84,1.8580555555555556,0,786,15.26,97,0,97,0,97,0
robust,liu_short_baseline_425,liu_short_baseline,425,6,125,0,OK,97,0,0,260.4244444444444,260.4244444444444,0.4666666666666667,0,786,16.23,97,0,97,0,97,0
robust,liu_short_baseline_425,liu_short_baseline,425,6,126,0,OK,97,0,0,277.9422222222222,277.9422222222222,1.0555555555555556,0,786,14.89,97,0,97,0,97,0
robust,liu_short_baseline_425,liu_short_baseline,425,6,127,0,OK,97,0,0,288.3488888888889,288.3488888888889,1.446388888888889,0,786,16.6,97,0,97,0,97,0
robust,liu_short_baseline_425,liu_short_baseline,425,6,128,0,OK,97,0,0,258.89666666666665,258.89666666666665,0.7383333333333333,0,786,12.85,97,0,97,0,97,0
robust,liu_short_baseline_425,liu_short_baseline,425,6,129,0,OK,97,0,0,263.8066666666667,263.8066666666667,0.3238888888888889,0,786,15.17,97,0,97,0,97,0
robust,liu_short_baseline_425,liu_short_baseline,425,6,130,0,OK,97,0,0,271.48777777777775,271.48777777777775,0.3441666666666667,0,786,16.37,97,0,97,0,97,0
robust,liu_short_baseline_425,liu_short_baseline,425,7,101,0,OK,97,0,0,277.0511111111111,277.0511111111111,0.76,0,786,17.09,97,0,97,0,97,0
robust,liu_short_baseline_425,liu_short_baseline,425,7,102,0,OK,97,0,0,271.3566666666667,271.3566666666667,0.21138888888888888,0,786,15.0,97,0,97,0,97,0
robust,liu_short_baseline_425,liu_short_baseline,425,7,103,0,OK,97,0,0,267.8611111111111,267.8611111111111,1.011388888888889,0,786,15.51,97,0,97,0,97,0
robust,liu_short_baseline_425,liu_short_baseline,425,7,104,0,OK,97,0,0,277.63444444444445,277.63444444444445,0.445,0,786,15.31,97,0,97,0,97,0
robust,liu_short_baseline_425,liu_short_baseline,425,7,105,0,OK,97,0,0,261.3855555555556,261.3855555555556,1.2355555555555555,0,786,15.09,97,0,97,0,97,0
robust,liu_short_baseline_425,liu_short_baseline,425,7,106,0,OK,97,0,0,281.31666666666666,281.31666666666666,1.1613888888888888,0,786,12.29,97,0,97,0,97,0
robust,liu_short_baseline_425,liu_short_baseline,425,7,107,0,OK,97,0,0,254.03333333333333,254.03333333333333,1.2158333333333333,0,786,15.97,97,0,97,0,97,0
robust,liu_short_baseline_425,liu_short_baseline,425,7,108,0,OK,97,0,0,273.54333333333335,273.54333333333335,0.05138888888888889,0,786,14.41,97,0,97,0,97,0
robust,liu_short_baseline_425,liu_short_baseline,425,7,109,0,OK,97,0,0,269.29777777777775,269.29777777777775,0.2936111111111111,0,786,14.86,97,0,97,0,97,0
robust,liu_short_baseline_425,liu_short_baseline,425,7,110,0,OK,97,0,0,267.6877777777778,267.6877777777778,1.6388888888888888,0,786,15.5,97,0,97,0,97,0
robust,liu_short_baseline_425,liu_short_baseline,425,7,111,0,OK,97,0,0,272.9322222222222,272.9322222222222,1.0863888888888888,0,786,15.77,97,0,97,0,97,0
robust,liu_short_baseline_425,liu_short_baseline,425,7,112,0,OK,97,0,0,291.6322222222222,291.6322222222222,1.2727777777777778,0,786,11.64,97,0,97,0,97,0
robust,liu_short_baseline_425,liu_short_baseline,425,7,113,0,OK,97,0,0,275.0677777777778,275.0677777777778,0.0,0,786,14.96,97,0,97,0,97,0
robust,liu_short_baseline_425,liu_short_baseline,425,7,114,0,OK,97,0,0,275.41555555555556,275.41555555555556,0.9586111111111111,0,786,14.62,97,0,97,0,97,0
robust,liu_short_baseline_425,liu_short_baseline,425,7,115,0,OK,97,0,0,267.97444444444443,267.97444444444443,1.6030555555555555,0,786,15.22,97,0,97,0,97,0
robust,liu_short_baseline_425,liu_short_baseline,425,7,116,0,OK,97,0,0,272.15,272.15,1.673888888888889,0,786,15.65,97,0,97,0,97,0
robust,liu_short_baseline_425,liu_short_baseline,425,7,117,0,OK,97,0,0,280.1455555555556,280.1455555555556,0.08277777777777778,0,786,14.99,97,0,97,0,97,0
robust,liu_short_baseline_425,liu_short_baseline,425,7,118,0,OK,97,0,0,283.77444444444444,283.77444444444444,0.5872222222222222,0,786,12.3,97,0,97,0,97,0
robust,liu_short_baseline_425,liu_short_baseline,425,7,119,0,OK,97,0,0,285.24555555555554,285.24555555555554,1.6197222222222223,0,786,12.98,97,0,97,0,97,0
robust,liu_short_baseline_425,liu_short_baseline,425,7,120,0,OK,97,0,0,274.5711111111111,274.5711111111111,1.083888888888889,0,786,13.07,97,0,97,0,97,0
robust,liu_short_baseline_425,liu_short_baseline,425,7,121,0,OK,97,0,0,263.3411111111111,263.3411111111111,1.3369444444444445,0,786,15.31,97,0,97,0,97,0
robust,liu_short_baseline_425,liu_short_baseline,425,7,122,0,OK,97,0,0,276.04,276.04,0.49527777777777776,0,786,15.18,97,0,97,0,97,0
robust,liu_short_baseline_425,liu_short_baseline,425,7,123,0,OK,97,0,0,277.08666666666664,277.08666666666664,0.5602777777777778,0,786,13.0,97,0,97,0,97,0
robust,liu_short_baseline_425,liu_short_baseline,425,7,124,0,OK,97,0,0,272.64666666666665,272.64666666666665,1.2372222222222222,0,786,15.75,97,0,97,0,97,0
robust,liu_short_baseline_425,liu_short_baseline,425,7,125,0,OK,97,0,0,260.18,260.18,0.7208333333333333,0,786,14.89,97,0,97,0,97,0
robust,liu_short_baseline_425,liu_short_baseline,425,7,126,0,OK,97,0,0,277.52555555555557,277.52555555555557,0.8091666666666667,0,786,14.33,97,0,97,0,97,0
robust,liu_short_baseline_425,liu_short_baseline,425,7,127,0,OK,97,0,0,287.59444444444443,287.59444444444443,1.1836111111111112,0,786,15.58,97,0,97,0,97,0
robust,liu_short_baseline_425,liu_short_baseline,425,7,128,0,OK,97,0,0,258.31666666666666,258.31666666666666,1.6341666666666668,0,786,10.78,97,0,97,0,97,0
robust,liu_short_baseline_425,liu_short_baseline,425,7,129,0,OK,97,0,0,263.27,263.27,0.6630555555555555,0,786,15.48,97,0,97,0,97,0
robust,liu_short_baseline_425,liu_short_baseline,425,7,130,0,OK,97,0,0,271.00444444444446,271.00444444444446,0.3638888888888889,0,786,15.42,97,0,97,0,97,0
robust,liu_short_baseline_500,liu_short_baseline,500,6,101,0,OK,97,0,0,278.41333333333336,278.41333333333336,0.7205555555555555,0,786,10.31,97,0,97,0,97,0
robust,liu_short_baseline_500,liu_short_baseline,500,6,102,0,OK,97,0,0,271.61555555555555,271.61555555555555,1.5752777777777778,0,786,15.05,97,0,97,0,97,0
robust,liu_short_baseline_500,liu_short_baseline,500,6,103,0,OK,97,0,0,267.89,267.89,1.44,0,786,16.53,97,0,97,0,97,0
robust,liu_short_baseline_500,liu_short_baseline,500,6,104,0,OK,97,0,0,278.1988888888889,278.1988888888889,0.28805555555555556,0,786,14.39,97,0,97,0,97,0
robust,liu_short_baseline_500,liu_short_baseline,500,6,105,0,OK,97,0,0,261.5855555555556,261.5855555555556,2.233888888888889,0,786,14.83,97,0,97,0,97,0
robust,liu_short_baseline_500,liu_short_baseline,500,6,106,0,OK,97,0,0,281.1311111111111,281.1311111111111,1.3394444444444444,0,786,16.51,97,0,97,0,97,0
robust,liu_short_baseline_500,liu_short_baseline,500,6,107,0,OK,97,0,0,253.51,253.51,0.6263888888888889,0,786,16.31,97,0,97,0,97,0
robust,liu_short_baseline_500,liu_short_baseline,500,6,108,0,OK,97,0,0,273.6822222222222,273.6822222222222,2.6908333333333334,0,786,15.69,97,0,97,0,97,0
robust,liu_short_baseline_500,liu_short_baseline,500,6,109,0,OK,97,0,0,270.14,270.14,0.6608333333333334,0,786,15.58,97,0,97,0,97,0
robust,liu_short_baseline_500,liu_short_baseline,500,6,110,0,OK,97,0,0,268.99333333333334,268.99333333333334,1.0577777777777777,0,786,11.99,97,0,97,0,97,0
robust,liu_short_baseline_500,liu_short_baseline,500,6,111,0,OK,97,0,0,271.47777777777776,271.47777777777776,0.29555555555555557,0,786,10.72,97,0,97,0,97,0
robust,liu_short_baseline_500,liu_short_baseline,500,6,112,0,OK,97,0,0,295.61,295.61,2.0302777777777776,0,786,12.73,97,0,97,0,97,0
robust,liu_short_baseline_500,liu_short_baseline,500,6,113,0,OK,97,0,0,276.30555555555554,276.30555555555554,1.1861111111111111,0,786,14.72,97,0,97,0,97,0
robust,liu_short_baseline_500,liu_short_baseline,500,6,114,0,OK,97,0,0,275.41777777777776,275.41777777777776,0.9288888888888889,0,786,14.55,97,0,97,0,97,0
robust,liu_short_baseline_500,liu_short_baseline,500,6,115,0,OK,97,0,0,269.41555555555556,269.41555555555556,1.6444444444444444,0,786,13.58,97,0,97,0,97,0
robust,liu_short_baseline_500,liu_short_baseline,500,6,116,0,OK,97,0,0,272.72777777777776,272.72777777777776,1.7663888888888888,0,786,13.47,97,0,97,0,97,0
robust,liu_short_baseline_500,liu_short_baseline,500,6,117,0,OK,97,0,0,281.0622222222222,281.0622222222222,1.4969444444444444,0,786,12.03,97,0,97,0,97,0
robust,liu_short_baseline_500,liu_short_baseline,500,6,118,0,OK,97,0,0,285.6644444444444,285.6644444444444,0.7063888888888888,0,786,13.8,97,0,97,0,97,0
robust,liu_short_baseline_500,liu_short_baseline,500,6,119,0,OK,97,0,0,286.81666666666666,286.81666666666666,0.8827777777777778,0,786,11.12,97,0,97,0,97,0
robust,liu_short_baseline_500,liu_short_baseline,500,6,120,0,OK,97,0,0,275.5155555555556,275.5155555555556,0.8972222222222223,0,786,15.0,97,0,97,0,97,0
robust,liu_short_baseline_500,liu_short_baseline,500,6,121,0,OK,97,0,0,263.0833333333333,263.0833333333333,1.6388888888888888,0,786,12.79,97,0,97,0,97,0
robust,liu_short_baseline_500,liu_short_baseline,500,6,122,0,OK,97,0,0,276.3288888888889,276.3288888888889,1.6447222222222222,0,786,13.52,97,0,97,0,97,0
robust,liu_short_baseline_500,liu_short_baseline,500,6,123,0,OK,97,0,0,277.12,277.12,1.3683333333333334,0,786,13.14,97,0,97,0,97,0
robust,liu_short_baseline_500,liu_short_baseline,500,6,124,0,OK,97,0,0,273.84,273.84,1.8580555555555556,0,786,12.86,97,0,97,0,97,0
robust,liu_short_baseline_500,liu_short_baseline,500,6,125,0,OK,97,0,0,260.4244444444444,260.4244444444444,0.4666666666666667,0,786,15.84,97,0,97,0,97,0
robust,liu_short_baseline_500,liu_short_baseline,500,6,126,0,OK,97,0,0,277.9422222222222,277.9422222222222,1.0555555555555556,0,786,15.03,97,0,97,0,97,0
robust,liu_short_baseline_500,liu_short_baseline,500,6,127,0,OK,97,0,0,288.3488888888889,288.3488888888889,1.446388888888889,0,786,15.25,97,0,97,0,97,0
robust,liu_short_baseline_500,liu_short_baseline,500,6,128,0,OK,97,0,0,258.89666666666665,258.89666666666665,0.7383333333333333,0,786,14.74,97,0,97,0,97,0
robust,liu_short_baseline_500,liu_short_baseline,500,6,129,0,OK,97,0,0,263.8066666666667,263.8066666666667,0.3238888888888889,0,786,10.89,97,0,97,0,97,0
robust,liu_short_baseline_500,liu_short_baseline,500,6,130,0,OK,97,0,0,271.48777777777775,271.48777777777775,0.3441666666666667,0,786,15.03,97,0,97,0,97,0
robust,liu_short_baseline_500,liu_short_baseline,500,7,101,0,OK,97,0,0,277.0511111111111,277.0511111111111,0.76,0,786,15.83,97,0,97,0,97,0
robust,liu_short_baseline_500,liu_short_baseline,500,7,102,0,OK,97,0,0,271.3566666666667,271.3566666666667,0.21138888888888888,0,786,16.12,97,0,97,0,97,0
robust,liu_short_baseline_500,liu_short_baseline,500,7,103,0,OK,97,0,0,267.8611111111111,267.8611111111111,1.011388888888889,0,786,13.99,97,0,97,0,97,0
robust,liu_short_baseline_500,liu_short_baseline,500,7,104,0,OK,97,0,0,277.63444444444445,277.63444444444445,0.445,0,786,15.2,97,0,97,0,97,0
robust,liu_short_baseline_500,liu_short_baseline,500,7,105,0,OK,97,0,0,261.3855555555556,261.3855555555556,1.2355555555555555,0,786,13.3,97,0,97,0,97,0
robust,liu_short_baseline_500,liu_short_baseline,500,7,106,0,OK,97,0,0,281.31666666666666,281.31666666666666,1.1613888888888888,0,786,11.56,97,0,97,0,97,0
robust,liu_short_baseline_500,liu_short_baseline,500,7,107,0,OK,97,0,0,254.03333333333333,254.03333333333333,1.2158333333333333,0,786,15.32,97,0,97,0,97,0
robust,liu_short_baseline_500,liu_short_baseline,500,7,108,0,OK,97,0,0,273.54333333333335,273.54333333333335,0.05138888888888889,0,786,10.65,97,0,97,0,97,0
robust,liu_short_baseline_500,liu_short_baseline,500,7,109,0,OK,97,0,0,269.29777777777775,269.29777777777775,0.2936111111111111,0,786,15.98,97,0,97,0,97,0
robust,liu_short_baseline_500,liu_short_baseline,500,7,110,0,OK,97,0,0,267.6877777777778,267.6877777777778,1.6388888888888888,0,786,14.84,97,0,97,0,97,0
robust,liu_short_baseline_500,liu_short_baseline,500,7,111,0,OK,97,0,0,272.9322222222222,272.9322222222222,1.0863888888888888,0,786,16.18,97,0,97,0,97,0
robust,liu_short_baseline_500,liu_short_baseline,500,7,112,0,OK,97,0,0,291.6322222222222,291.6322222222222,1.2727777777777778,0,786,16.23,97,0,97,0,97,0
robust,liu_short_baseline_500,liu_short_baseline,500,7,113,0,OK,97,0,0,275.0677777777778,275.0677777777778,0.0,0,786,13.4,97,0,97,0,97,0
robust,liu_short_baseline_500,liu_short_baseline,500,7,114,0,OK,97,0,0,275.41555555555556,275.41555555555556,0.9586111111111111,0,786,11.88,97,0,97,0,97,0
robust,liu_short_baseline_500,liu_short_baseline,500,7,115,0,OK,97,0,0,267.97444444444443,267.97444444444443,1.6030555555555555,0,786,15.2,97,0,97,0,97,0
robust,liu_short_baseline_500,liu_short_baseline,500,7,116,0,OK,97,0,0,272.15,272.15,1.673888888888889,0,786,15.7,97,0,97,0,97,0
robust,liu_short_baseline_500,liu_short_baseline,500,7,117,0,OK,97,0,0,280.1455555555556,280.1455555555556,0.08277777777777778,0,786,14.22,97,0,97,0,97,0
robust,liu_short_baseline_500,liu_short_baseline,500,7,118,0,OK,97,0,0,283.77444444444444,283.77444444444444,0.5872222222222222,0,786,14.75,97,0,97,0,97,0
robust,liu_short_baseline_500,liu_short_baseline,500,7,119,0,OK,97,0,0,285.24555555555554,285.24555555555554,1.6197222222222223,0,786,14.36,97,0,97,0,97,0
robust,liu_short_baseline_500,liu_short_baseline,500,7,120,0,OK,97,0,0,274.5711111111111,274.5711111111111,1.083888888888889,0,786,13.76,97,0,97,0,97,0
robust,liu_short_baseline_500,liu_short_baseline,500,7,121,0,OK,97,0,0,263.3411111111111,263.3411111111111,1.3369444444444445,0,786,12.13,97,0,97,0,97,0
robust,liu_short_baseline_500,liu_short_baseline,500,7,122,0,OK,97,0,0,276.04,276.04,0.49527777777777776,0,786,11.3,97,0,97,0,97,0
robust,liu_short_baseline_500,liu_short_baseline,500,7,123,0,OK,97,0,0,277.08666666666664,277.08666666666664,0.5602777777777778,0,786,15.31,97,0,97,0,97,0
robust,liu_short_baseline_500,liu_short_baseline,500,7,124,0,OK,97,0,0,272.64666666666665,272.64666666666665,1.2372222222222222,0,786,14.72,97,0,97,0,97,0
robust,liu_short_baseline_500,liu_short_baseline,500,7,125,0,OK,97,0,0,260.18,260.18,0.7208333333333333,0,786,13.4,97,0,97,0,97,0
robust,liu_short_baseline_500,liu_short_baseline,500,7,126,0,OK,97,0,0,277.52555555555557,277.52555555555557,0.8091666666666667,0,786,13.28,97,0,97,0,97,0
robust,liu_short_baseline_500,liu_short_baseline,500,7,127,0,OK,97,0,0,287.59444444444443,287.59444444444443,1.1836111111111112,0,786,14.09,97,0,97,0,97,0
robust,liu_short_baseline_500,liu_short_baseline,500,7,128,0,OK,97,0,0,258.31666666666666,258.31666666666666,1.6341666666666668,0,786,14.74,97,0,97,0,97,0
robust,liu_short_baseline_500,liu_short_baseline,500,7,129,0,OK,97,0,0,263.27,263.27,0.6630555555555555,0,786,14.06,97,0,97,0,97,0
robust,liu_short_baseline_500,liu_short_baseline,500,7,130,0,OK,97,0,0,271.00444444444446,271.00444444444446,0.3638888888888889,0,786,11.61,97,0,97,0,97,0
robust,liu_short_baseline_550,liu_short_baseline,550,6,101,0,OK,97,0,0,278.41333333333336,278.41333333333336,0.7205555555555555,0,786,14.37,97,0,97,0,97,0
robust,liu_short_baseline_550,liu_short_baseline,550,6,102,0,OK,97,0,0,271.61555555555555,271.61555555555555,1.5752777777777778,0,786,13.09,97,0,97,0,97,0
robust,liu_short_baseline_550,liu_short_baseline,550,6,103,0,OK,97,0,0,267.89,267.89,1.44,0,786,13.81,97,0,97,0,97,0
robust,liu_short_baseline_550,liu_short_baseline,550,6,104,0,OK,97,0,0,278.1988888888889,278.1988888888889,0.28805555555555556,0,786,15.62,97,0,97,0,97,0
robust,liu_short_baseline_550,liu_short_baseline,550,6,105,0,OK,97,0,0,261.5855555555556,261.5855555555556,2.233888888888889,0,786,15.27,97,0,97,0,97,0
robust,liu_short_baseline_550,liu_short_baseline,550,6,106,0,OK,97,0,0,281.1311111111111,281.1311111111111,1.3394444444444444,0,786,16.13,97,0,97,0,97,0
robust,liu_short_baseline_550,liu_short_baseline,550,6,107,0,OK,97,0,0,253.51,253.51,0.6263888888888889,0,786,15.56,97,0,97,0,97,0
robust,liu_short_baseline_550,liu_short_baseline,550,6,108,0,OK,97,0,0,273.6822222222222,273.6822222222222,2.6908333333333334,0,786,13.52,97,0,97,0,97,0
robust,liu_short_baseline_550,liu_short_baseline,550,6,109,0,OK,97,0,0,270.14,270.14,0.6608333333333334,0,786,14.29,97,0,97,0,97,0
robust,liu_short_baseline_550,liu_short_baseline,550,6,110,0,OK,97,0,0,268.99333333333334,268.99333333333334,1.0577777777777777,0,786,14.72,97,0,97,0,97,0
robust,liu_short_baseline_550,liu_short_baseline,550,6,111,0,OK,97,0,0,271.47777777777776,271.47777777777776,0.29555555555555557,0,786,11.89,97,0,97,0,97,0
robust,liu_short_baseline_550,liu_short_baseline,550,6,112,0,OK,97,0,0,295.61,295.61,2.0302777777777776,0,786,14.02,97,0,97,0,97,0
robust,liu_short_baseline_550,liu_short_baseline,550,6,113,0,OK,97,0,0,276.30555555555554,276.30555555555554,1.1861111111111111,0,786,14.62,97,0,97,0,97,0
robust,liu_short_baseline_550,liu_short_baseline,550,6,114,0,OK,97,0,0,275.41777777777776,275.41777777777776,0.9288888888888889,0,786,14.61,97,0,97,0,97,0
robust,liu_short_baseline_550,liu_short_baseline,550,6,115,0,OK,97,0,0,269.41555555555556,269.41555555555556,1.6444444444444444,0,786,16.37,97,0,97,0,97,0
robust,liu_short_baseline_550,liu_short_baseline,550,6,116,0,OK,97,0,0,272.72777777777776,272.72777777777776,1.7663888888888888,0,786,16.46,97,0,97,0,97,0
robust,liu_short_baseline_550,liu_short_baseline,550,6,117,0,OK,97,0,0,281.0622222222222,281.0622222222222,1.4969444444444444,0,786,12.94,97,0,97,0,97,0
robust,liu_short_baseline_550,liu_short_baseline,550,6,118,0,OK,97,0,0,285.6644444444444,285.6644444444444,0.7063888888888888,0,786,13.6,97,0,97,0,97,0
robust,liu_short_baseline_550,liu_short_baseline,550,6,119,0,OK,97,0,0,286.81666666666666,286.81666666666666,0.8827777777777778,0,786,10.95,97,0,97,0,97,0
robust,liu_short_baseline_550,liu_short_baseline,550,6,120,0,OK,97,0,0,275.5155555555556,275.5155555555556,0.8972222222222223,0,786,14.64,97,0,97,0,97,0
robust,liu_short_baseline_550,liu_short_baseline,550,6,121,0,OK,97,0,0,263.0833333333333,263.0833333333333,1.6388888888888888,0,786,10.72,97,0,97,0,97,0
robust,liu_short_baseline_550,liu_short_baseline,550,6,122,0,OK,97,0,0,276.3288888888889,276.3288888888889,1.6447222222222222,0,786,13.86,97,0,97,0,97,0
robust,liu_short_baseline_550,liu_short_baseline,550,6,123,0,OK,97,0,0,277.12,277.12,1.3683333333333334,0,786,12.8,97,0,97,0,97,0
robust,liu_short_baseline_550,liu_short_baseline,550,6,124,0,OK,97,0,0,273.84,273.84,1.8580555555555556,0,786,14.29,97,0,97,0,97,0
robust,liu_short_baseline_550,liu_short_baseline,550,6,125,0,OK,97,0,0,260.4244444444444,260.4244444444444,0.4666666666666667,0,786,14.64,97,0,97,0,97,0
robust,liu_short_baseline_550,liu_short_baseline,550,6,126,0,OK,97,0,0,277.9422222222222,277.9422222222222,1.0555555555555556,0,786,15.17,97,0,97,0,97,0
robust,liu_short_baseline_550,liu_short_baseline,550,6,127,0,OK,97,0,0,288.3488888888889,288.3488888888889,1.446388888888889,0,786,14.38,97,0,97,0,97,0
robust,liu_short_baseline_550,liu_short_baseline,550,6,128,0,OK,97,0,0,258.89666666666665,258.89666666666665,0.7383333333333333,0,786,11.36,97,0,97,0,97,0
robust,liu_short_baseline_550,liu_short_baseline,550,6,129,0,OK,97,0,0,263.8066666666667,263.8066666666667,0.3238888888888889,0,786,12.96,97,0,97,0,97,0
robust,liu_short_baseline_550,liu_short_baseline,550,6,130,0,OK,97,0,0,271.48777777777775,271.48777777777775,0.3441666666666667,0,786,12.64,97,0,97,0,97,0
robust,liu_short_baseline_550,liu_short_baseline,550,7,101,0,OK,97,0,0,277.0511111111111,277.0511111111111,0.76,0,786,13.91,97,0,97,0,97,0
robust,liu_short_baseline_550,liu_short_baseline,550,7,102,0,OK,97,0,0,271.3566666666667,271.3566666666667,0.21138888888888888,0,786,12.8,97,0,97,0,97,0
robust,liu_short_baseline_550,liu_short_baseline,550,7,103,0,OK,97,0,0,267.8611111111111,267.8611111111111,1.011388888888889,0,786,11.63,97,0,97,0,97,0
robust,liu_short_baseline_550,liu_short_baseline,550,7,104,0,OK,97,0,0,277.63444444444445,277.63444444444445,0.445,0,786,14.11,97,0,97,0,97,0
robust,liu_short_baseline_550,liu_short_baseline,550,7,105,0,OK,97,0,0,261.3855555555556,261.3855555555556,1.2355555555555555,0,786,11.65,97,0,97,0,97,0
robust,liu_short_baseline_550,liu_short_baseline,550,7,106,0,OK,97,0,0,281.31666666666666,281.31666666666666,1.1613888888888888,0,786,10.64,97,0,97,0,97,0
robust,liu_short_baseline_550,liu_short_baseline,550,7,107,0,OK,97,0,0,254.03333333333333,254.03333333333333,1.2158333333333333,0,786,13.25,97,0,97,0,97,0
robust,liu_short_baseline_550,liu_short_baseline,550,7,108,0,OK,97,0,0,273.54333333333335,273.54333333333335,0.05138888888888889,0,786,11.01,97,0,97,0,97,0
robust,liu_short_baseline_550,liu_short_baseline,550,7,109,0,OK,97,0,0,269.29777777777775,269.29777777777775,0.2936111111111111,0,786,15.24,97,0,97,0,97,0
robust,liu_short_baseline_550,liu_short_baseline,550,7,110,0,OK,97,0,0,267.6877777777778,267.6877777777778,1.6388888888888888,0,786,14.11,97,0,97,0,97,0
robust,liu_short_baseline_550,liu_short_baseline,550,7,111,0,OK,97,0,0,272.9322222222222,272.9322222222222,1.0863888888888888,0,786,16.06,97,0,97,0,97,0
robust,liu_short_baseline_550,liu_short_baseline,550,7,112,0,OK,97,0,0,291.6322222222222,291.6322222222222,1.2727777777777778,0,786,13.48,97,0,97,0,97,0
robust,liu_short_baseline_550,liu_short_baseline,550,7,113,0,OK,97,0,0,275.0677777777778,275.0677777777778,0.0,0,786,10.34,97,0,97,0,97,0
robust,liu_short_baseline_550,liu_short_baseline,550,7,114,0,OK,97,0,0,275.41555555555556,275.41555555555556,0.9586111111111111,0,786,13.87,97,0,97,0,97,0
robust,liu_short_baseline_550,liu_short_baseline,550,7,115,0,OK,97,0,0,267.97444444444443,267.97444444444443,1.6030555555555555,0,786,13.3,97,0,97,0,97,0
robust,liu_short_baseline_550,liu_short_baseline,550,7,116,0,OK,97,0,0,272.15,272.15,1.673888888888889,0,786,16.3,97,0,97,0,97,0
robust,liu_short_baseline_550,liu_short_baseline,550,7,117,0,OK,97,0,0,280.1455555555556,280.1455555555556,0.08277777777777778,0,786,15.95,97,0,97,0,97,0
robust,liu_short_baseline_550,liu_short_baseline,550,7,118,0,OK,97,0,0,283.77444444444444,283.77444444444444,0.5872222222222222,0,786,14.9,97,0,97,0,97,0
robust,liu_short_baseline_550,liu_short_baseline,550,7,119,0,OK,97,0,0,285.24555555555554,285.24555555555554,1.6197222222222223,0,786,13.79,97,0,97,0,97,0
robust,liu_short_baseline_550,liu_short_baseline,550,7,120,0,OK,97,0,0,274.5711111111111,274.5711111111111,1.083888888888889,0,786,13.67,97,0,97,0,97,0
robust,liu_short_baseline_550,liu_short_baseline,550,7,121,0,OK,97,0,0,263.3411111111111,263.3411111111111,1.3369444444444445,0,786,14.11,97,0,97,0,97,0
robust,liu_short_baseline_550,liu_short_baseline,550,7,122,0,OK,97,0,0,276.04,276.04,0.49527777777777776,0,786,15.03,97,0,97,0,97,0
robust,liu_short_baseline_550,liu_short_baseline,550,7,123,0,OK,97,0,0,277.08666666666664,277.08666666666664,0.5602777777777778,0,786,13.51,97,0,97,0,97,0
robust,liu_short_baseline_550,liu_short_baseline,550,7,124,0,OK,97,0,0,272.64666666666665,272.64666666666665,1.2372222222222222,0,786,14.87,97,0,97,0,97,0
robust,liu_short_baseline_550,liu_short_baseline,550,7,125,0,OK,97,0,0,260.18,260.18,0.7208333333333333,0,786,11.52,97,0,97,0,97,0
robust,liu_short_baseline_550,liu_short_baseline,550,7,126,0,OK,97,0,0,277.52555555555557,277.52555555555557,0.8091666666666667,0,786,14.84,97,0,97,0,97,0
robust,liu_short_baseline_550,liu_short_baseline,550,7,127,0,OK,97,0,0,287.59444444444443,287.59444444444443,1.1836111111111112,0,786,14.47,97,0,97,0,97,0
robust,liu_short_baseline_550,liu_short_baseline,550,7,128,0,OK,97,0,0,258.31666666666666,258.31666666666666,1.6341666666666668,0,786,14.7,97,0,97,0,97,0
robust,liu_short_baseline_550,liu_short_baseline,550,7,129,0,OK,97,0,0,263.27,263.27,0.6630555555555555,0,786,16.0,97,0,97,0,97,0
robust,liu_short_baseline_550,liu_short_baseline,550,7,130,0,OK,97,0,0,271.00444444444446,271.00444444444446,0.3638888888888889,0,786,16.34,97,0,97,0,97,0
robust,liu_short_baseline_MX1,liu_short_baseline,MX1,10,101,0,OK,97,0,0,458.49333333333334,324.7677777777778,1.5666666666666667,41,786,46.43,97,0,97,0,97,0
robust,liu_short_baseline_MX1,liu_short_baseline,MX1,10,102,0,OK,97,0,0,426.6644444444444,316.2422222222222,1.4433333333333334,33,786,46.6,97,0,97,0,97,0
robust,liu_short_baseline_MX1,liu_short_baseline,MX1,10,103,0,OK,97,0,0,410.93333333333334,306.4222222222222,1.461111111111111,30,786,43.75,97,0,97,0,97,0
robust,liu_short_baseline_MX1,liu_short_baseline,MX1,10,104,0,OK,97,0,0,434.6477777777778,319.44,1.2652777777777777,31,786,30.75,97,0,97,0,97,0
robust,liu_short_baseline_MX1,liu_short_baseline,MX1,10,105,0,OK,97,0,0,442.6611111111111,311.08444444444444,1.6158333333333332,41,786,51.86,97,0,97,0,97,0
robust,liu_short_baseline_MX1,liu_short_baseline,MX1,10,106,0,OK,97,0,0,448.2011111111111,326.8522222222222,1.2491666666666668,36,786,35.73,97,0,97,0,97,0
robust,liu_short_baseline_MX1,liu_short_baseline,MX1,10,107,0,OK,97,0,0,403.04,293.9633333333333,1.3469444444444445,33,786,44.02,97,0,97,0,97,0
robust,liu_short_baseline_MX1,liu_short_baseline,MX1,10,108,0,OK,97,0,0,444.62555555555554,319.52,1.5825,36,786,41.22,97,0,97,0,97,0
robust,liu_short_baseline_MX1,liu_short_baseline,MX1,10,109,0,OK,97,0,0,447.1566666666667,318.93666666666667,1.9844444444444445,39,786,48.21,97,0,97,0,97,0
robust,liu_short_baseline_MX1,liu_short_baseline,MX1,10,110,0,OK,97,0,0,431.8722222222222,311.72222222222223,1.5586111111111112,35,786,39.15,97,0,97,0,97,0
robust,liu_short_baseline_MX1,liu_short_baseline,MX1,10,111,0,OK,97,0,0,468.71222222222224,322.4377777777778,1.0752777777777778,42,786,42.52,97,0,97,0,97,0
robust,liu_short_baseline_MX1,liu_short_baseline,MX1,10,112,0,OK,97,0,0,523.4844444444444,362.4,2.5169444444444444,45,786,44.63,97,0,97,0,97,0
robust,liu_short_baseline_MX1,liu_short_baseline,MX1,10,113,0,OK,97,0,0,474.65777777777777,330.06444444444446,1.466388888888889,43,786,50.99,97,0,97,0,97,0
robust,liu_short_baseline_MX1,liu_short_baseline,MX1,10,114,0,OK,97,0,0,406.20444444444445,309.8911111111111,1.4841666666666666,27,786,40.84,97,0,97,0,97,0
robust,liu_short_baseline_MX1,liu_short_baseline,MX1,10,115,0,OK,97,0,0,424.68333333333334,313.5233333333333,1.4013888888888888,33,786,43.75,97,0,97,0,97,0
robust,liu_short_baseline_MX1,liu_short_baseline,MX1,10,116,0,OK,97,0,0,435.34,318.1322222222222,2.2980555555555555,36,786,38.87,97,0,97,0,97,0
robust,liu_short_baseline_MX1,liu_short_baseline,MX1,10,117,0,OK,97,0,0,452.0966666666667,326.52222222222224,1.631388888888889,38,786,45.81,97,0,97,0,97,0
robust,liu_short_baseline_MX1,liu_short_baseline,MX1,10,118,0,OK,97,0,0,449.78222222222223,329.5933333333333,1.4866666666666666,34,786,44.22,97,0,97,0,97,0
robust,liu_short_baseline_MX1,liu_short_baseline,MX1,10,119,0,OK,97,0,0,449.68888888888887,330.38666666666666,1.1688888888888889,35,786,35.13,97,0,97,0,97,0
robust,liu_short_baseline_MX1,liu_short_baseline,MX1,10,120,0,OK,97,0,0,458.93333333333334,327.3977777777778,1.3330555555555557,38,786,46.76,97,0,97,0,97,0
robust,liu_short_baseline_MX1,liu_short_baseline,MX1,10,121,0,OK,97,0,0,425.6688888888889,307.0488888888889,1.871388888888889,35,786,37.82,97,0,97,0,97,0
robust,liu_short_baseline_MX1,liu_short_baseline,MX1,10,122,0,OK,97,0,0,434.03555555555556,319.3233333333333,1.385,37,786,47.84,97,0,97,0,97,0
robust,liu_short_baseline_MX1,liu_short_baseline,MX1,10,123,0,OK,97,0,0,498.2966666666667,340.0488888888889,1.1194444444444445,48,786,35.4,97,0,97,0,97,0
robust,liu_short_baseline_MX1,liu_short_baseline,MX1,10,124,0,OK,97,0,0,458.28444444444443,328.0966666666667,1.3469444444444445,40,786,44.81,97,0,97,0,97,0
robust,liu_short_baseline_MX1,liu_short_baseline,MX1,10,125,0,OK,97,0,0,408.1911111111111,302.0422222222222,1.4366666666666668,33,786,39.02,97,0,97,0,97,0
robust,liu_short_baseline_MX1,liu_short_baseline,MX1,10,126,0,OK,97,0,0,461.3688888888889,328.52555555555557,1.2966666666666666,38,786,45.41,97,0,97,0,97,0
robust,liu_short_baseline_MX1,liu_short_baseline,MX1,10,127,0,OK,97,0,0,457.75333333333333,332.63,1.2230555555555556,35,786,44.44,97,0,97,0,97,0
robust,liu_short_baseline_MX1,liu_short_baseline,MX1,10,128,0,OK,97,0,0,401.75,294.4277777777778,2.7005555555555554,32,786,36.31,97,0,97,0,97,0
robust,liu_short_baseline_MX1,liu_short_baseline,MX1,10,129,0,OK,97,0,0,427.49444444444447,309.58666666666664,2.278611111111111,36,786,33.72,97,0,97,0,97,0
robust,liu_short_baseline_MX1,liu_short_baseline,MX1,10,130,0,OK,97,0,0,485.1355555555556,329.25555555555553,1.5097222222222222,45,786,50.18,97,0,97,0,97,0
robust,liu_short_baseline_MX1,liu_short_baseline,MX1,9,101,0,OK,97,0,0,468.1911111111111,332.12111111111113,1.6583333333333334,41,786,40.55,97,0,97,0,97,0
robust,liu_short_baseline_MX1,liu_short_baseline,MX1,9,102,0,OK,97,0,0,425.43666666666667,312.1388888888889,1.2838888888888889,35,786,36.32,97,0,97,0,97,0
robust,liu_short_baseline_MX1,liu_short_baseline,MX1,9,103,0,OK,97,0,0,412.6644444444444,307.47555555555556,2.0144444444444445,31,786,40.81,97,0,97,0,97,0
robust,liu_short_baseline_MX1,liu_short_baseline,MX1,9,104,0,OK,97,0,0,441.16777777777776,326.5422222222222,1.34,31,786,33.11,97,0,97,0,97,0
robust,liu_short_baseline_MX1,liu_short_baseline,MX1,9,105,0,OK,97,0,0,450.50111111111113,319.1566666666667,2.8133333333333335,42,786,44.0,97,0,97,0,97,0
robust,liu_short_baseline_MX1,liu_short_baseline,MX1,9,106,0,OK,97,0,0,442.8588888888889,324.15222222222224,1.8811111111111112,35,786,45.08,97,0,97,0,97,0
robust,liu_short_baseline_MX1,liu_short_baseline,MX1,9,107,0,OK,97,0,0,406.1333333333333,298.8377777777778,1.476388888888889,33,786,39.87,97,0,97,0,97,0
robust,liu_short_baseline_MX1,liu_short_baseline,MX1,9,108,0,OK,97,0,0,449.9711111111111,323.91333333333336,2.785833333333333,38,786,36.51,97,0,97,0,97,0
robust,liu_short_baseline_MX1,liu_short_baseline,MX1,9,109,0,OK,97,0,0,457.1877777777778,326.64666666666665,2.3066666666666666,39,786,40.56,97,0,97,0,97,0
robust,liu_short_baseline_MX1,liu_short_baseline,MX1,9,110,0,OK,97,0,0,434.82,314.8077777777778,1.7197222222222222,36,786,47.23,97,0,97,0,97,0
robust,liu_short_baseline_MX1,liu_short_baseline,MX1,9,111,0,OK,97,0,0,480.1066666666667,332.1455555555556,2.6191666666666666,44,786,43.85,97,0,97,0,97,0
robust,liu_short_baseline_MX1,liu_short_baseline,MX1,9,112,0,OK,97,0,0,530.2855555555556,368.89666666666665,3.693611111111111,45,786,42.45,97,0,97,0,97,0
robust,liu_short_baseline_MX1,liu_short_baseline,MX1,9,113,0,OK,97,0,0,485.16555555555556,339.38,3.983888888888889,44,786,38.07,97,0,97,0,97,0
robust,liu_short_baseline_MX1,liu_short_baseline,MX1,9,114,0,OK,97,0,0,410.2788888888889,312.88444444444445,2.7894444444444444,26,786,34.55,97,0,97,0,97,0
robust,liu_short_baseline_MX1,liu_short_baseline,MX1,9,115,0,OK,97,0,0,426.94666666666666,312.9533333333333,1.3547222222222222,34,786,40.38,97,0,97,0,97,0
robust,liu_short_baseline_MX1,liu_short_baseline,MX1,9,116,0,OK,97,0,0,434.4033333333333,318.2388888888889,2.242777777777778,36,786,37.86,97,0,97,0,97,0
robust,liu_short_baseline_MX1,liu_short_baseline,MX1,9,117,0,OK,97,0,0,456.3988888888889,329.6711111111111,1.3688888888888888,37,786,28.54,97,0,97,0,97,0
robust,liu_short_baseline_MX1,liu_short_baseline,MX1,9,118,0,OK,97,0,0,452.32,330.6455555555556,1.2580555555555555,33,786,38.03,97,0,97,0,97,0
robust,liu_short_baseline_MX1,liu_short_baseline,MX1,9,119,0,OK,97,0,0,447.6222222222222,331.3377777777778,1.7633333333333334,33,786,36.07,97,0,97,0,97,0
robust,liu_short_baseline_MX1,liu_short_baseline,MX1,9,120,0,OK,97,0,0,458.1922222222222,326.62444444444446,1.9252777777777779,38,786,38.88,97,0,97,0,97,0
robust,liu_short_baseline_MX1,liu_short_baseline,MX1,9,121,0,OK,97,0,0,429.7733333333333,308.6177777777778,2.5755555555555554,36,786,36.14,97,0,97,0,97,0
robust,liu_short_baseline_MX1,liu_short_baseline,MX1,9,122,0,OK,97,0,0,432.44666666666666,321.0288888888889,1.7127777777777777,34,786,39.75,97,0,97,0,97,0
robust,liu_short_baseline_MX1,liu_short_baseline,MX1,9,123,0,OK,97,0,0,497.9433333333333,341.3466666666667,1.0777777777777777,47,786,41.72,97,0,97,0,97,0
robust,liu_short_baseline_MX1,liu_short_baseline,MX1,9,124,0,OK,97,0,0,457.3622222222222,330.9111111111111,1.5872222222222223,37,786,40.21,97,0,97,0,97,0
robust,liu_short_baseline_MX1,liu_short_baseline,MX1,9,125,0,OK,97,0,0,408.13,300.77444444444444,3.016111111111111,33,786,32.93,97,0,97,0,97,0
robust,liu_short_baseline_MX1,liu_short_baseline,MX1,9,126,0,OK,97,0,0,476.1822222222222,340.60555555555555,1.0475,40,786,39.11,97,0,97,0,97,0
robust,liu_short_baseline_MX1,liu_short_baseline,MX1,9,127,0,OK,97,0,0,465.08666666666664,344.0022222222222,1.8972222222222221,34,786,39.55,97,0,97,0,97,0
robust,liu_short_baseline_MX1,liu_short_baseline,MX1,9,128,0,OK,97,0,0,414.0733333333333,303.26444444444445,1.9144444444444444,34,786,31.04,97,0,97,0,97,0
robust,liu_short_baseline_MX1,liu_short_baseline,MX1,9,129,0,OK,97,0,0,433.2133333333333,312.30333333333334,0.9541666666666667,37,786,45.7,97,0,97,0,97,0
robust,liu_short_baseline_MX1,liu_short_baseline,MX1,9,130,0,OK,97,0,0,492.4811111111111,335.6355555555556,2.33,46,786,49.89,97,0,97,0,97,0
robust,liu_short_baseline_MX2,liu_short_baseline,MX2,7,101,0,OK,97,0,0,364.2611111111111,306.20222222222225,1.8111111111111111,18,786,30.51,97,0,97,0,97,0
robust,liu_short_baseline_MX2,liu_short_baseline,MX2,7,102,0,OK,97,0,0,330.49555555555554,291.22,1.8691666666666666,12,786,30.94,97,0,97,0,97,0
robust,liu_short_baseline_MX2,liu_short_baseline,MX2,7,103,0,OK,97,0,0,322.1111111111111,289.3933333333333,2.816666666666667,10,786,29.55,97,0,97,0,97,0
robust,liu_short_baseline_MX2,liu_short_baseline,MX2,7,104,0,OK,97,0,0,356.0777777777778,303.9433333333333,1.3858333333333333,15,786,33.14,97,0,97,0,97,0
robust,liu_short_baseline_MX2,liu_short_baseline,MX2,7,105,0,OK,97,0,0,345.91777777777776,292.04333333333335,2.696388888888889,18,786,32.73,97,0,97,0,97,0
robust,liu_short_baseline_MX2,liu_short_baseline,MX2,7,106,0,OK,97,0,0,349.4533333333333,306.3377777777778,2.9491666666666667,11,786,33.59,97,0,97,0,97,0
robust,liu_short_baseline_MX2,liu_short_baseline,MX2,7,107,0,OK,97,0,0,307.72333333333336,271.3488888888889,2.2558333333333334,11,786,30.19,97,0,97,0,97,0
robust,liu_short_baseline_MX2,liu_short_baseline,MX2,7,108,0,OK,97,0,0,353.2011111111111,301.39222222222224,2.8536111111111113,14,786,27.38,97,0,97,0,97,0
robust,liu_short_baseline_MX2,liu_short_baseline,MX2,7,109,0,OK,97,0,0,353.55444444444447,298.04333333333335,2.8994444444444443,15,786,32.92,97,0,97,0,97,0
robust,liu_short_baseline_MX2,liu_short_baseline,MX2,7,110,0,OK,97,0,0,340.43888888888887,292.8077777777778,3.069166666666667,13,786,30.28,97,0,97,0,97,0
robust,liu_short_baseline_MX2,liu_short_baseline,MX2,7,111,0,OK,97,0,0,380.24555555555554,307.24666666666667,1.8402777777777777,21,786,31.5,96,0,97,0,97,0
robust,liu_short_baseline_MX2,liu_short_baseline,MX2,7,112,0,OK,97,0,0,440.0133333333333,348.5711111111111,4.070277777777778,25,786,37.34,92,0,96,0,96,0
robust,liu_short_baseline_MX2,liu_short_baseline,MX2,7,113,0,OK,97,0,0,379.7633333333333,311.5711111111111,3.9069444444444446,19,786,32.97,97,0,97,0,97,0
robust,liu_short_baseline_MX2,liu_short_baseline,MX2,7,114,0,OK,97,0,0,325.27555555555557,294.1922222222222,2.589722222222222,8,786,24.9,97,0,97,0,97,0
robust,liu_short_baseline_MX2,liu_short_baseline,MX2,7,115,0,OK,97,0,0,331.6744444444444,290.11555555555555,1.8397222222222223,12,786,33.91,97,0,97,0,97,0
robust,liu_short_baseline_MX2,liu_short_baseline,MX2,7,116,0,OK,97,0,0,334.36,291.02,2.852222222222222,11,786,31.53,97,0,97,0,97,0
robust,liu_short_baseline_MX2,liu_short_baseline,MX2,7,117,0,OK,97,0,0,360.72333333333336,309.0988888888889,2.7194444444444446,15,786,31.36,97,0,97,0,97,0
robust,liu_short_baseline_MX2,liu_short_baseline,MX2,7,118,0,OK,97,0,0,352.8855555555556,307.5777777777778,2.879166666666667,12,786,23.44,97,0,97,0,97,0
robust,liu_short_baseline_MX2,liu_short_baseline,MX2,7,119,0,OK,97,0,0,356.3688888888889,310.28444444444443,2.4208333333333334,13,786,31.4,97,0,97,0,97,0
robust,liu_short_baseline_MX2,liu_short_baseline,MX2,7,120,0,OK,97,0,0,366.95666666666665,308.78777777777776,2.3344444444444443,17,786,32.84,97,0,97,0,97,0
robust,liu_short_baseline_MX2,liu_short_baseline,MX2,7,121,0,OK,97,0,0,328.7966666666667,283.85333333333335,2.3419444444444446,13,786,30.88,97,0,97,0,97,0
robust,liu_short_baseline_MX2,liu_short_baseline,MX2,7,122,0,OK,97,0,0,332.99333333333334,297.77555555555557,2.716666666666667,10,786,26.69,97,0,97,0,97,0
robust,liu_short_baseline_MX2,liu_short_baseline,MX2,7,123,0,OK,97,0,0,400.84777777777776,317.13,1.7430555555555556,25,786,29.05,97,0,97,0,97,0
robust,liu_short_baseline_MX2,liu_short_baseline,MX2,7,124,0,OK,97,0,0,363.2922222222222,304.7922222222222,3.226111111111111,16,786,28.18,97,0,97,0,97,0
robust,liu_short_baseline_MX2,liu_short_baseline,MX2,7,125,0,OK,97,0,0,318.9977777777778,284.83444444444444,2.941666666666667,10,786,31.68,97,0,97,0,97,0
robust,liu_short_baseline_MX2,liu_short_baseline,MX2,7,126,0,OK,97,0,0,363.8544444444444,305.6988888888889,1.8119444444444444,15,786,33.44,97,0,97,0,97,0
robust,liu_short_baseline_MX2,liu_short_baseline,MX2,7,127,0,OK,97,0,0,368.2133333333333,316.15,2.2116666666666664,14,786,23.62,97,0,97,0,97,0
robust,liu_short_baseline_MX2,liu_short_baseline,MX2,7,128,0,OK,97,0,0,322.64444444444445,280.56444444444446,2.196388888888889,12,786,31.17,97,0,97,0,97,0
robust,liu_short_baseline_MX2,liu_short_baseline,MX2,7,129,0,OK,97,0,0,334.6511111111111,286.6477777777778,3.0477777777777777,14,786,31.5,97,0,97,0,97,0
robust,liu_short_baseline_MX2,liu_short_baseline,MX2,7,130,0,OK,97,0,0,403.93444444444447,319.03333333333336,2.7311111111111113,23,786,34.36,94,0,97,0,97,0
robust,liu_short_baseline_MX2,liu_short_baseline,MX2,8,101,0,OK,97,0,0,366.5411111111111,304.1622222222222,0.6413888888888889,18,786,30.67,97,0,97,0,97,0
robust,liu_short_baseline_MX2,liu_short_baseline,MX2,8,102,0,OK,97,0,0,329.9633333333333,289.83,1.6769444444444443,12,786,32.31,97,0,97,0,97,0
robust,liu_short_baseline_MX2,liu_short_baseline,MX2,8,103,0,OK,97,0,0,317.54,285.49,3.3394444444444447,10,786,29.95,97,0,97,0,97,0
robust,liu_short_baseline_MX2,liu_short_baseline,MX2,8,104,0,OK,97,0,0,350.44,302.92555555555555,1.6133333333333333,14,786,33.73,97,0,97,0,97,0
robust,liu_short_baseline_MX2,liu_short_baseline,MX2,8,105,0,OK,97,0,0,345.5733333333333,292.19666666666666,2.51,17,786,32.54,97,0,97,0,97,0
robust,liu_short_baseline_MX2,liu_short_baseline,MX2,8,106,0,OK,97,0,0,349.8822222222222,302.0777777777778,2.441666666666667,12,786,32.67,97,0,97,0,97,0
robust,liu_short_baseline_MX2,liu_short_baseline,MX2,8,107,0,OK,97,0,0,313.8822222222222,274.34,2.2605555555555554,11,786,33.01,97,0,97,0,97,0
robust,liu_short_baseline_MX2,liu_short_baseline,MX2,8,108,0,OK,97,0,0,348.00555555555553,298.8677777777778,2.5505555555555555,14,786,26.82,97,0,97,0,97,0
robust,liu_short_baseline_MX2,liu_short_baseline,MX2,8,109,0,OK,97,0,0,350.45222222222225,294.93333333333334,3.292222222222222,15,786,31.47,97,0,97,0,97,0
robust,liu_short_baseline_MX2,liu_short_baseline,MX2,8,110,0,OK,97,0,0,342.07,291.68111111111114,1.575,14,786,33.59,97,0,97,0,97,0
robust,liu_short_baseline_MX2,liu_short_baseline,MX2,8,111,0,OK,97,0,0,375.06444444444446,305.8511111111111,2.773888888888889,20,786,36.48,97,0,97,0,97,0
robust,liu_short_baseline_MX2,liu_short_baseline,MX2,8,112,0,OK,97,0,0,414.0077777777778,329.3666666666667,2.807777777777778,23,786,35.81,97,0,97,0,97,0
robust,liu_short_baseline_MX2,liu_short_baseline,MX2,8,113,0,OK,97,0,0,373.77666666666664,309.0911111111111,3.5555555555555554,18,786,28.04,97,0,97,0,97,0
robust,liu_short_baseline_MX2,liu_short_baseline,MX2,8,114,0,OK,97,0,0,322.6911111111111,291.7388888888889,2.9516666666666667,8,786,22.83,97,0,97,0,97,0
robust,liu_short_baseline_MX2,liu_short_baseline,MX2,8,115,0,OK,97,0,0,333.1533333333333,291.3522222222222,1.9297222222222221,13,786,29.38,97,0,97,0,97,0
robust,liu_short_baseline_MX2,liu_short_baseline,MX2,8,116,0,OK,97,0,0,343.3688888888889,295.93444444444447,3.1233333333333335,14,786,33.21,97,0,97,0,97,0
robust,liu_short_baseline_MX2,liu_short_baseline,MX2,8,117,0,OK,97,0,0,366.8388888888889,310.33,3.516111111111111,16,786,33.69,97,0,97,0,97,0
robust,liu_short_baseline_MX2,liu_short_baseline,MX2,8,118,0,OK,97,0,0,344.3911111111111,302.7077777777778,3.234722222222222,11,786,31.9,97,0,97,0,97,0
robust,liu_short_baseline_MX2,liu_short_baseline,MX2,8,119,0,OK,97,0,0,350.31333333333333,305.7677777777778,2.4941666666666666,11,786,30.62,97,0,97,0,97,0
robust,liu_short_baseline_MX2,liu_short_baseline,MX2,8,120,0,OK,97,0,0,355.4611111111111,299.5155555555556,2.68,15,786,26.98,97,0,97,0,97,0
robust,liu_short_baseline_MX2,liu_short_baseline,MX2,8,121,0,OK,97,0,0,328.04333333333335,284.67,2.8075,12,786,19.26,97,0,97,0,97,0
robust,liu_short_baseline_MX2,liu_short_baseline,MX2,8,122,0,OK,97,0,0,336.3222222222222,296.8855555555556,2.4266666666666667,11,786,32.04,97,0,97,0,97,0
robust,liu_short_baseline_MX2,liu_short_baseline,MX2,8,123,0,OK,97,0,0,390.42555555555555,309.7922222222222,1.5552777777777778,24,786,28.16,97,0,97,0,97,0
robust,liu_short_baseline_MX2,liu_short_baseline,MX2,8,124,0,OK,97,0,0,359.58666666666664,304.05555555555554,2.2777777777777777,15,786,29.13,97,0,97,0,97,0
robust,liu_short_baseline_MX2,liu_short_baseline,MX2,8,125,0,OK,97,0,0,314.24888888888887,276.91777777777776,2.638888888888889,11,786,27.92,97,0,97,0,97,0
robust,liu_short_baseline_MX2,liu_short_baseline,MX2,8,126,0,OK,97,0,0,365.49,304.98,1.37,17,786,33.87,97,0,97,0,97,0
robust,liu_short_baseline_MX2,liu_short_baseline,MX2,8,127,0,OK,97,0,0,363.7733333333333,314.4244444444444,2.680833333333333,14,786,33.31,97,0,97,0,97,0
robust,liu_short_baseline_MX2,liu_short_baseline,MX2,8,128,0,OK,97,0,0,315.0777777777778,276.6877777777778,2.2558333333333334,11,786,28.66,97,0,97,0,97,0
robust,liu_short_baseline_MX2,liu_short_baseline,MX2,8,129,0,OK,97,0,0,328.18444444444447,282.79555555555555,1.7069444444444444,13,786,29.57,97,0,97,0,97,0
robust,liu_short_baseline_MX2,liu_short_baseline,MX2,8,130,0,OK,97,0,0,392.4533333333333,307.4844444444444,1.1141666666666667,24,786,27.73,97,0,97,0,97,0
robust,liu_massdep_baseline_200,liu_massdep_baseline,200,19,101,0,OK,94,0,1597,1117.2822222222221,597.5388888888889,8.052222222222222,97,786,43.47,94,0,94,0,94,0
robust,liu_massdep_baseline_200,liu_massdep_baseline,200,19,102,0,OK,96,0,571,1092.9933333333333,580.2866666666666,7.903888888888889,97,786,45.39,96,0,96,0,96,0
robust,liu_massdep_baseline_200,liu_massdep_baseline,200,19,103,0,OK,97,0,0,1058.02,556.3044444444445,5.987222222222222,97,786,51.36,97,0,97,0,97,0
robust,liu_massdep_baseline_200,liu_massdep_baseline,200,19,104,0,OK,97,0,0,1074.598888888889,567.1388888888889,5.957777777777777,97,786,44.5,97,0,97,0,97,0
robust,liu_massdep_baseline_200,liu_massdep_baseline,200,19,105,0,OK,97,0,0,1066.2211111111112,559.2444444444444,7.067222222222222,97,786,45.26,97,0,97,0,97,0
robust,liu_massdep_baseline_200,liu_massdep_baseline,200,19,106,0,OK,96,0,171,1092.8944444444444,578.3322222222222,6.607222222222222,97,786,47.8,96,0,96,0,96,0
robust,liu_massdep_baseline_200,liu_massdep_baseline,200,19,107,0,OK,97,0,0,1045.9355555555555,550.3755555555556,7.6722222222222225,97,786,47.53,97,0,97,0,97,0
robust,liu_massdep_baseline_200,liu_massdep_baseline,200,19,108,0,OK,97,0,0,1068.628888888889,560.2122222222222,5.985,97,786,43.15,97,0,97,0,97,0
robust,liu_massdep_baseline_200,liu_massdep_baseline,200,19,109,0,OK,97,0,0,1054.871111111111,551.5044444444444,5.6177777777777775,97,786,43.52,97,0,97,0,97,0
robust,liu_massdep_baseline_200,liu_massdep_baseline,200,19,110,0,OK,97,0,0,1105.2277777777779,597.91,4.987222222222222,97,786,45.66,96,0,97,0,97,0
robust,liu_massdep_baseline_200,liu_massdep_baseline,200,19,111,0,OK,96,0,222,1096.391111111111,577.6322222222223,6.350555555555555,97,786,48.97,96,0,96,0,96,0
robust,liu_massdep_baseline_200,liu_massdep_baseline,200,19,112,0,OK,93,0,2186,1162.78,630.8244444444445,8.891111111111112,97,786,48.57,93,0,93,0,93,0
robust,liu_massdep_baseline_200,liu_massdep_baseline,200,19,113,0,OK,96,0,341,1102.7844444444445,582.9344444444445,11.564444444444444,97,786,46.7,96,0,96,0,96,0
robust,liu_massdep_baseline_200,liu_massdep_baseline,200,19,114,0,OK,97,0,0,1075.0333333333333,569.19,7.126111111111111,97,786,46.25,97,0,97,0,97,0
robust,liu_massdep_baseline_200,liu_massdep_baseline,200,19,115,0,OK,97,0,0,1075.2677777777778,568.3722222222223,8.852222222222222,97,786,47.53,97,0,97,0,97,0
robust,liu_massdep_baseline_200,liu_massdep_baseline,200,19,116,0,OK,97,0,0,1096.81,580.4288888888889,7.125,97,786,46.96,97,0,97,0,97,0
robust,liu_massdep_baseline_200,liu_massdep_baseline,200,19,117,0,OK,97,0,0,1087.2311111111112,569.3777777777777,6.107777777777778,97,786,44.36,97,0,97,0,97,0
robust,liu_massdep_baseline_200,liu_massdep_baseline,200,19,118,0,OK,97,0,0,1085.6233333333332,573.7,9.463333333333333,97,786,44.72,97,0,97,0,97,0
robust,liu_massdep_baseline_200,liu_massdep_baseline,200,19,119,0,OK,96,0,1411,1114.7522222222221,593.4155555555556,5.963888888888889,97,786,48.11,96,0,96,0,96,0
robust,liu_massdep_baseline_200,liu_massdep_baseline,200,19,120,0,OK,97,0,0,1085.3033333333333,571.6755555555555,6.307777777777778,97,786,44.68,97,0,97,0,97,0
robust,liu_massdep_baseline_200,liu_massdep_baseline,200,19,121,0,OK,97,0,0,1058.4644444444446,556.2322222222223,6.399444444444445,97,786,45.95,97,0,97,0,97,0
robust,liu_massdep_baseline_200,liu_massdep_baseline,200,19,122,0,OK,97,0,0,1088.8077777777778,576.2977777777778,6.903888888888889,97,786,43.98,97,0,97,0,97,0
robust,liu_massdep_baseline_200,liu_massdep_baseline,200,19,123,0,OK,97,0,0,1142.0566666666666,615.7422222222223,7.857222222222222,97,786,45.69,96,0,96,0,96,0
robust,liu_massdep_baseline_200,liu_massdep_baseline,200,19,124,0,OK,97,0,0,1083.2533333333333,571.3277777777778,6.463333333333333,97,786,46.06,97,0,97,0,97,0
robust,liu_massdep_baseline_200,liu_massdep_baseline,200,19,125,0,OK,97,0,0,1062.64,555.4111111111112,8.207777777777778,97,786,47.94,97,0,97,0,97,0
robust,liu_massdep_baseline_200,liu_massdep_baseline,200,19,126,0,OK,97,0,0,1084.9344444444444,572.9588888888889,7.525555555555556,97,786,47.74,97,0,97,0,97,0
robust,liu_massdep_baseline_200,liu_massdep_baseline,200,19,127,0,OK,97,0,0,1103.058888888889,589.8766666666667,9.812777777777777,97,786,45.91,97,0,97,0,97,0
robust,liu_massdep_baseline_200,liu_massdep_baseline,200,19,128,0,OK,97,0,0,1036.861111111111,541.8066666666666,3.9455555555555555,97,786,46.76,97,0,97,0,97,0
robust,liu_massdep_baseline_200,liu_massdep_baseline,200,19,129,0,OK,97,0,0,1061.5144444444445,558.7344444444444,5.1561111111111115,97,786,44.58,97,0,97,0,97,0
robust,liu_massdep_baseline_200,liu_massdep_baseline,200,19,130,0,OK,97,0,0,1138.6844444444444,613.6833333333333,8.945555555555556,97,786,46.65,94,0,95,0,96,0
robust,liu_massdep_baseline_200,liu_massdep_baseline,200,20,101,0,OK,97,0,0,1116.8122222222223,597.0688888888889,4.327222222222222,97,786,44.98,96,0,97,0,97,0
robust,liu_massdep_baseline_200,liu_massdep_baseline,200,20,102,0,OK,97,0,0,1079.2,566.4933333333333,4.351111111111111,97,786,43.36,97,0,97,0,97,0
robust,liu_massdep_baseline_200,liu_massdep_baseline,200,20,103,0,OK,97,0,0,1054.1977777777777,552.4822222222223,6.358333333333333,97,786,43.63,97,0,97,0,97,0
robust,liu_massdep_baseline_200,liu_massdep_baseline,200,20,104,0,OK,97,0,0,1067.7711111111112,560.3111111111111,6.9222222222222225,97,786,44.4,97,0,97,0,97,0
robust,liu_massdep_baseline_200,liu_massdep_baseline,200,20,105,0,OK,97,0,0,1059.51,552.5333333333333,6.5472222222222225,97,786,44.58,97,0,97,0,97,0
robust,liu_massdep_baseline_200,liu_massdep_baseline,200,20,106,0,OK,97,0,0,1080.1766666666667,565.6144444444444,6.705,97,786,45.21,97,0,97,0,97,0
robust,liu_massdep_baseline_200,liu_massdep_baseline,200,20,107,0,OK,97,0,0,1038.8677777777777,543.3077777777778,7.213888888888889,97,786,45.81,97,0,97,0,97,0
robust,liu_massdep_baseline_200,liu_massdep_baseline,200,20,108,0,OK,97,0,0,1061.6,553.1833333333333,6.597777777777778,97,786,41.27,97,0,97,0,97,0
robust,liu_massdep_baseline_200,liu_massdep_baseline,200,20,109,0,OK,97,0,0,1047.6722222222222,544.3055555555555,5.0377777777777775,97,786,45.43,97,0,97,0,97,0
robust,liu_massdep_baseline_200,liu_massdep_baseline,200,20,110,0,OK,97,0,0,1063.1377777777777,555.82,3.328888888888889,97,786,44.85,97,0,97,0,97,0
robust,liu_massdep_baseline_200,liu_massdep_baseline,200,20,111,0,OK,97,0,0,1082.06,563.3011111111111,10.554444444444444,97,786,41.69,97,0,97,0,97,0
robust,liu_massdep_baseline_200,liu_massdep_baseline,200,20,112,0,OK,97,0,0,1128.0233333333333,596.0677777777778,6.52,97,786,43.61,97,0,97,0,97,0
robust,liu_massdep_baseline_200,liu_massdep_baseline,200,20,113,0,OK,97,0,0,1095.2066666666667,575.3566666666667,8.908333333333333,97,786,44.64,97,0,97,0,97,0
robust,liu_massdep_baseline_200,liu_massdep_baseline,200,20,114,0,OK,97,0,0,1065.1577777777777,559.3144444444445,4.941111111111111,97,786,46.62,97,0,97,0,97,0
robust,liu_massdep_baseline_200,liu_massdep_baseline,200,20,115,0,OK,97,0,0,1071.45,564.5544444444445,6.0072222222222225,97,786,46.69,97,0,97,0,97,0
robust,liu_massdep_baseline_200,liu_massdep_baseline,200,20,116,0,OK,97,0,0,1090.111111111111,573.73,9.302222222222222,97,786,42.66,97,0,97,0,97,0
robust,liu_massdep_baseline_200,liu_massdep_baseline,200,20,117,0,OK,97,0,0,1082.7377777777779,564.8844444444444,7.163888888888889,97,786,43.46,97,0,97,0,97,0
robust,liu_massdep_baseline_200,liu_massdep_baseline,200,20,118,0,OK,97,0,0,1077.2044444444443,565.2811111111112,9.368333333333334,97,786,40.87,97,0,97,0,97,0
robust,liu_massdep_baseline_200,liu_massdep_baseline,200,20,119,0,OK,97,0,0,1106.4711111111112,585.1344444444444,5.572777777777778,97,786,43.48,97,0,97,0,97,0
robust,liu_massdep_baseline_200,liu_massdep_baseline,200,20,120,0,OK,97,0,0,1075.6777777777777,562.05,7.556666666666667,97,786,45.31,97,0,97,0,97,0
robust,liu_massdep_baseline_200,liu_massdep_baseline,200,20,121,0,OK,97,0,0,1054.0444444444445,551.8122222222222,6.947222222222222,97,786,45.6,97,0,97,0,97,0
robust,liu_massdep_baseline_200,liu_massdep_baseline,200,20,122,0,OK,97,0,0,1080.0711111111111,567.5611111111111,5.589444444444444,97,786,44.92,97,0,97,0,97,0
robust,liu_massdep_baseline_200,liu_massdep_baseline,200,20,123,0,OK,97,0,0,1103.3866666666668,577.0722222222222,4.677777777777778,97,786,41.42,97,0,97,0,97,0
robust,liu_massdep_baseline_200,liu_massdep_baseline,200,20,124,0,OK,97,0,0,1075.4244444444444,563.4988888888889,5.87,97,786,40.63,97,0,97,0,97,0
robust,liu_massdep_baseline_200,liu_massdep_baseline,200,20,125,0,OK,97,0,0,1059.3744444444444,552.1455555555556,8.570555555555556,97,786,45.7,97,0,97,0,97,0
robust,liu_massdep_baseline_200,liu_massdep_baseline,200,20,126,0,OK,97,0,0,1074.7866666666666,562.8111111111111,5.3566666666666665,97,786,45.93,97,0,97,0,97,0
robust,liu_massdep_baseline_200,liu_massdep_baseline,200,20,127,0,OK,97,0,0,1089.6233333333332,576.4411111111111,7.580555555555556,97,786,45.27,97,0,97,0,97,0
robust,liu_massdep_baseline_200,liu_massdep_baseline,200,20,128,0,OK,97,0,0,1031.5133333333333,536.4588888888889,4.033888888888889,97,786,48.44,97,0,97,0,97,0
robust,liu_massdep_baseline_200,liu_massdep_baseline,200,20,129,0,OK,97,0,0,1048.9611111111112,546.1811111111111,5.2716666666666665,97,786,45.2,97,0,97,0,97,0
robust,liu_massdep_baseline_200,liu_massdep_baseline,200,20,130,0,OK,97,0,0,1101.2266666666667,576.2255555555555,4.847222222222222,97,786,43.39,97,0,97,0,97,0
robust,liu_massdep_baseline_200,liu_massdep_baseline,200,21,101,0,OK,97,0,0,1150.03,630.2866666666666,4.559444444444445,97,786,46.8,96,0,96,0,96,0
robust,liu_massdep_baseline_200,liu_massdep_baseline,200,21,102,0,OK,97,0,0,1080.4822222222222,567.7755555555556,5.387222222222222,97,786,44.66,97,0,97,0,97,0
robust,liu_massdep_baseline_200,liu_massdep_baseline,200,21,103,0,OK,97,0,0,1053.0533333333333,551.3377777777778,6.04,97,786,45.86,97,0,97,0,97,0
robust,liu_massdep_baseline_200,liu_massdep_baseline,200,21,104,0,OK,97,0,0,1065.0877777777778,557.6277777777777,4.489444444444445,97,786,40.25,97,0,97,0,97,0
robust,liu_massdep_baseline_200,liu_massdep_baseline,200,21,105,0,OK,97,0,0,1056.6377777777777,549.6611111111112,4.595,97,786,38.69,97,0,97,0,97,0
robust,liu_massdep_baseline_200,liu_massdep_baseline,200,21,106,0,OK,97,0,0,1079.108888888889,564.5466666666666,6.705,97,786,44.68,97,0,97,0,97,0
robust,liu_massdep_baseline_200,liu_massdep_baseline,200,21,107,0,OK,97,0,0,1036.7366666666667,541.1766666666666,6.045555555555556,97,786,47.2,97,0,97,0,97,0
robust,liu_massdep_baseline_200,liu_massdep_baseline,200,21,108,0,OK,97,0,0,1061.8211111111111,553.4044444444445,8.716111111111111,97,786,43.73,97,0,97,0,97,0
robust,liu_massdep_baseline_200,liu_massdep_baseline,200,21,109,0,OK,97,0,0,1044.681111111111,541.3144444444445,3.4066666666666667,97,786,48.89,97,0,97,0,97,0
robust,liu_massdep_baseline_200,liu_massdep_baseline,200,21,110,0,OK,97,0,0,1061.9144444444444,554.5966666666667,3.328888888888889,97,786,42.67,97,0,97,0,97,0
robust,liu_massdep_baseline_200,liu_massdep_baseline,200,21,111,0,OK,97,0,0,1080.381111111111,561.6222222222223,5.408888888888889,97,786,44.1,97,0,97,0,97,0
robust,liu_massdep_baseline_200,liu_massdep_baseline,200,21,112,0,OK,97,0,0,1127.3977777777777,595.4422222222222,4.9494444444444445,97,786,43.03,97,0,97,0,97,0
robust,liu_massdep_baseline_200,liu_massdep_baseline,200,21,113,0,OK,97,0,0,1092.8722222222223,573.0222222222222,7.176666666666667,97,786,48.05,97,0,97,0,97,0
robust,liu_massdep_baseline_200,liu_massdep_baseline,200,21,114,0,OK,97,0,0,1063.0177777777778,557.1744444444445,6.323333333333333,97,786,45.03,97,0,97,0,97,0
robust,liu_massdep_baseline_200,liu_massdep_baseline,200,21,115,0,OK,97,0,0,1068.7111111111112,561.8155555555555,6.405555555555556,97,786,41.99,97,0,97,0,97,0
robust,liu_massdep_baseline_200,liu_massdep_baseline,200,21,116,0,OK,97,0,0,1087.351111111111,570.97,7.632777777777778,97,786,44.39,97,0,97,0,97,0
robust,liu_massdep_baseline_200,liu_massdep_baseline,200,21,117,0,OK,97,0,0,1081.9388888888889,564.0855555555555,6.017222222222222,97,786,48.71,97,0,97,0,97,0
robust,liu_massdep_baseline_200,liu_massdep_baseline,200,21,118,0,OK,97,0,0,1074.2277777777779,562.3044444444445,4.257777777777778,97,786,44.58,97,0,97,0,97,0
robust,liu_massdep_baseline_200,liu_massdep_baseline,200,21,119,0,OK,97,0,0,1104.601111111111,583.2644444444444,4.934444444444445,97,786,45.8,97,0,97,0,97,0
robust,liu_massdep_baseline_200,liu_massdep_baseline,200,21,120,0,OK,97,0,0,1074.7922222222223,561.1644444444445,4.7316666666666665,97,786,44.77,97,0,97,0,97,0
robust,liu_massdep_baseline_200,liu_massdep_baseline,200,21,121,0,OK,97,0,0,1051.4933333333333,549.2611111111111,8.975555555555555,97,786,40.99,97,0,97,0,97,0
robust,liu_massdep_baseline_200,liu_massdep_baseline,200,21,122,0,OK,97,0,0,1079.1677777777777,566.6577777777778,5.589444444444444,97,786,46.99,97,0,97,0,97,0
robust,liu_massdep_baseline_200,liu_massdep_baseline,200,21,123,0,OK,97,0,0,1101.4255555555555,575.1111111111111,4.061111111111111,97,786,43.43,97,0,97,0,97,0
robust,liu_massdep_baseline_200,liu_massdep_baseline,200,21,124,0,OK,97,0,0,1073.54,561.6144444444444,4.961666666666667,97,786,42.11,97,0,97,0,97,0
robust,liu_massdep_baseline_200,liu_massdep_baseline,200,21,125,0,OK,97,0,0,1058.5122222222221,551.2833333333333,6.112222222222222,97,786,44.29,97,0,97,0,97,0
robust,liu_massdep_baseline_200,liu_massdep_baseline,200,21,126,0,OK,97,0,0,1071.8466666666666,559.8711111111111,5.073333333333333,97,786,41.61,97,0,97,0,97,0
robust,liu_massdep_baseline_200,liu_massdep_baseline,200,21,127,0,OK,97,0,0,1088.4488888888889,575.2666666666667,7.591666666666667,97,786,46.96,97,0,97,0,97,0
robust,liu_massdep_baseline_200,liu_massdep_baseline,200,21,128,0,OK,97,0,0,1031.3255555555556,536.2711111111112,3.4611111111111112,97,786,43.32,97,0,97,0,97,0
robust,liu_massdep_baseline_200,liu_massdep_baseline,200,21,129,0,OK,97,0,0,1047.6466666666668,544.8666666666667,5.235,97,786,47.78,97,0,97,0,97,0
robust,liu_massdep_baseline_200,liu_massdep_baseline,200,21,130,0,OK,97,0,0,1098.2288888888888,573.2277777777778,4.44,97,786,45.93,97,0,97,0,97,0
robust,liu_massdep_baseline_250,liu_massdep_baseline,250,16,101,0,OK,94,0,3095,984.4166666666666,593.6255555555556,7.982777777777778,71,786,41.82,93,0,93,0,93,0
robust,liu_massdep_baseline_250,liu_massdep_baseline,250,16,102,0,OK,97,0,0,944.6622222222222,573.4488888888889,4.523055555555556,67,786,42.45,96,0,97,0,97,0
robust,liu_massdep_baseline_250,liu_massdep_baseline,250,16,103,0,OK,97,0,0,857.7288888888888,526.6644444444445,6.298055555555556,60,786,39.37,97,0,97,0,97,0
robust,liu_massdep_baseline_250,liu_massdep_baseline,250,16,104,0,OK,97,0,0,877.33,535.49,3.8958333333333335,61,786,35.11,97,0,97,0,97,0
robust,liu_massdep_baseline_250,liu_massdep_baseline,250,16,105,0,OK,97,0,0,914.15,541.6277777777777,7.173333333333333,69,786,39.28,97,0,97,0,97,0
robust,liu_massdep_baseline_250,liu_massdep_baseline,250,16,106,0,OK,97,0,0,906.2188888888888,545.4366666666666,7.145555555555555,65,786,41.58,97,0,97,0,97,0
robust,liu_massdep_baseline_250,liu_massdep_baseline,250,16,107,0,OK,97,0,0,860.8933333333333,521.3377777777778,4.157777777777778,62,786,39.99,97,0,97,0,97,0
robust,liu_massdep_baseline_250,liu_massdep_baseline,250,16,108,0,OK,97,0,0,894.7322222222223,538.7011111111111,6.000555555555556,65,786,36.72,97,0,97,0,97,0
robust,liu_massdep_baseline_250,liu_massdep_baseline,250,16,109,0,OK,97,0,0,892.0211111111112,534.3377777777778,5.058888888888889,65,786,43.85,97,0,97,0,97,0
robust,liu_massdep_baseline_250,liu_massdep_baseline,250,16,110,0,OK,97,0,0,905.7011111111111,547.1055555555556,3.338611111111111,65,786,41.61,97,0,97,0,97,0
robust,liu_massdep_baseline_250,liu_massdep_baseline,250,16,111,0,OK,95,0,1759,959.2922222222222,568.7244444444444,4.731111111111111,69,786,39.35,95,0,95,0,95,0
robust,liu_massdep_baseline_250,liu_massdep_baseline,250,16,112,0,OK,96,0,517,994.0433333333333,597.4222222222222,7.264166666666667,69,786,42.55,94,0,95,0,96,0
robust,liu_massdep_baseline_250,liu_massdep_baseline,250,16,113,0,OK,97,0,0,946.8588888888889,561.2077777777778,8.647777777777778,70,786,40.02,97,0,97,0,97,0
robust,liu_massdep_baseline_250,liu_massdep_baseline,250,16,114,0,OK,97,0,0,843.4544444444444,527.3922222222222,5.743888888888889,56,786,35.89,97,0,97,0,97,0
robust,liu_massdep_baseline_250,liu_massdep_baseline,250,16,115,0,OK,97,0,0,888.0122222222222,537.9922222222223,5.0344444444444445,63,786,38.51,97,0,97,0,97,0
robust,liu_massdep_baseline_250,liu_massdep_baseline,250,16,116,0,OK,97,0,0,925.2088888888889,557.7788888888889,7.695,66,786,38.02,97,0,97,0,97,0
robust,liu_massdep_baseline_250,liu_massdep_baseline,250,16,117,0,OK,97,0,0,892.8922222222222,542.7455555555556,5.616388888888889,62,786,40.5,97,0,97,0,97,0
robust,liu_massdep_baseline_250,liu_massdep_baseline,250,16,118,0,OK,97,0,0,876.3155555555555,540.2922222222222,3.9305555555555554,59,786,35.41,97,0,97,0,97,0
robust,liu_massdep_baseline_250,liu_massdep_baseline,250,16,119,0,OK,96,0,183,919.65,569.4122222222222,7.040555555555556,62,786,38.16,96,0,96,0,96,0
robust,liu_massdep_baseline_250,liu_massdep_baseline,250,16,120,0,OK,97,0,0,950.2588888888889,559.1111111111111,5.792777777777777,71,786,41.48,97,0,97,0,97,0
robust,liu_massdep_baseline_250,liu_massdep_baseline,250,16,121,0,OK,97,0,0,880.9177777777778,528.5211111111112,5.189444444444445,64,786,37.07,97,0,97,0,97,0
robust,liu_massdep_baseline_250,liu_massdep_baseline,250,16,122,0,OK,97,0,0,872.4455555555555,535.6533333333333,6.3758333333333335,61,786,37.52,97,0,97,0,97,0
robust,liu_massdep_baseline_250,liu_massdep_baseline,250,16,123,0,OK,94,0,643,968.0311111111112,562.8844444444444,5.236111111111111,73,786,42.41,94,0,94,0,94,0
robust,liu_massdep_baseline_250,liu_massdep_baseline,250,16,124,0,OK,97,0,0,922.33,560.3511111111111,2.4069444444444446,66,786,40.91,97,0,97,0,97,0
robust,liu_massdep_baseline_250,liu_massdep_baseline,250,16,125,0,OK,97,0,0,878.9566666666667,531.7244444444444,2.675,64,786,41.46,97,0,97,0,97,0
robust,liu_massdep_baseline_250,liu_massdep_baseline,250,16,126,0,OK,97,0,0,887.0233333333333,544.4488888888889,2.6469444444444443,61,786,41.67,97,0,97,0,97,0
robust,liu_massdep_baseline_250,liu_massdep_baseline,250,16,127,0,OK,97,0,0,889.5944444444444,548.9688888888888,4.736111111111111,60,786,35.74,97,0,97,0,97,0
robust,liu_massdep_baseline_250,liu_massdep_baseline,250,16,128,0,OK,97,0,0,844.4155555555556,513.4277777777778,3.5955555555555554,61,786,37.03,97,0,97,0,97,0
robust,liu_massdep_baseline_250,liu_massdep_baseline,250,16,129,0,OK,97,0,0,890.3111111111111,535.4811111111111,4.3625,65,786,38.5,97,0,97,0,97,0
robust,liu_massdep_baseline_250,liu_massdep_baseline,250,16,130,0,OK,94,0,1693,998.0488888888889,588.4022222222222,9.437777777777777,73,786,41.73,92,0,93,0,94,0
robust,liu_massdep_baseline_250,liu_massdep_baseline,250,17,101,0,OK,96,0,473,984.8922222222222,594.1011111111111,5.830277777777778,71,786,44.38,96,0,96,0,96,0
robust,liu_massdep_baseline_250,liu_massdep_baseline,250,17,102,0,OK,97,0,0,921.8377777777778,550.6244444444444,4.845277777777778,67,786,37.49,97,0,97,0,97,0
robust,liu_massdep_baseline_250,liu_massdep_baseline,250,17,103,0,OK,97,0,0,854.6577777777778,523.5933333333334,8.178055555555556,60,786,38.83,97,0,97,0,97,0
robust,liu_massdep_baseline_250,liu_massdep_baseline,250,17,104,0,OK,97,0,0,871.1011111111111,529.2611111111111,3.078888888888889,61,786,39.35,97,0,97,0,97,0
robust,liu_massdep_baseline_250,liu_massdep_baseline,250,17,105,0,OK,97,0,0,904.6211111111111,532.0988888888888,7.8133333333333335,69,786,39.57,97,0,97,0,97,0
robust,liu_massdep_baseline_250,liu_massdep_baseline,250,17,106,0,OK,97,0,0,901.4222222222222,540.64,5.538888888888889,65,786,41.36,97,0,97,0,97,0
robust,liu_massdep_baseline_250,liu_massdep_baseline,250,17,107,0,OK,97,0,0,857.4066666666666,517.8511111111111,3.25,62,786,35.77,97,0,97,0,97,0
robust,liu_massdep_baseline_250,liu_massdep_baseline,250,17,108,0,OK,97,0,0,888.9177777777778,532.8866666666667,5.426388888888889,65,786,39.17,97,0,97,0,97,0
robust,liu_massdep_baseline_250,liu_massdep_baseline,250,17,109,0,OK,97,0,0,882.8888888888889,525.2055555555555,3.7694444444444444,65,786,44.86,97,0,97,0,97,0
robust,liu_massdep_baseline_250,liu_massdep_baseline,250,17,110,0,OK,97,0,0,893.2933333333333,534.6977777777778,1.9766666666666666,65,786,44.88,97,0,97,0,97,0
robust,liu_massdep_baseline_250,liu_massdep_baseline,250,17,111,0,OK,97,0,0,946.6811111111111,556.1133333333333,3.4775,69,786,43.25,97,0,97,0,97,0
robust,liu_massdep_baseline_250,liu_massdep_baseline,250,17,112,0,OK,97,0,0,982.8266666666667,586.2055555555555,4.8775,69,786,38.37,97,0,97,0,97,0
robust,liu_massdep_baseline_250,liu_massdep_baseline,250,17,113,0,OK,97,0,0,939.6066666666667,553.9555555555555,6.891944444444444,70,786,43.88,97,0,97,0,97,0
robust,liu_massdep_baseline_250,liu_massdep_baseline,250,17,114,0,OK,97,0,0,837.5744444444445,521.5122222222222,5.615555555555556,56,786,37.22,97,0,97,0,97,0
robust,liu_massdep_baseline_250,liu_massdep_baseline,250,17,115,0,OK,97,0,0,883.8233333333334,533.8033333333333,6.2275,63,786,37.6,97,0,97,0,97,0
robust,liu_massdep_baseline_250,liu_massdep_baseline,250,17,116,0,OK,97,0,0,915.9977777777777,548.5677777777778,4.847222222222222,66,786,40.21,97,0,97,0,97,0
robust,liu_massdep_baseline_250,liu_massdep_baseline,250,17,117,0,OK,97,0,0,887.6977777777778,537.5511111111111,6.056111111111111,62,786,36.48,97,0,97,0,97,0
robust,liu_massdep_baseline_250,liu_massdep_baseline,250,17,118,0,OK,97,0,0,870.1233333333333,534.1,4.552222222222222,59,786,36.6,97,0,97,0,97,0
robust,liu_massdep_baseline_250,liu_massdep_baseline,250,17,119,0,OK,97,0,0,904.6733333333333,554.4355555555555,3.8675,62,786,41.33,97,0,97,0,97,0
robust,liu_massdep_baseline_250,liu_massdep_baseline,250,17,120,0,OK,97,0,0,937.9388888888889,546.7911111111111,4.531944444444444,71,786,43.75,97,0,97,0,97,0
robust,liu_massdep_baseline_250,liu_massdep_baseline,250,17,121,0,OK,97,0,0,876.9533333333334,524.5566666666666,6.647777777777778,64,786,42.7,97,0,97,0,97,0
robust,liu_massdep_baseline_250,liu_massdep_baseline,250,17,122,0,OK,97,0,0,870.66,533.8677777777777,6.3758333333333335,61,786,36.96,97,0,97,0,97,0
robust,liu_massdep_baseline_250,liu_massdep_baseline,250,17,123,0,OK,97,0,0,969.5133333333333,564.3666666666667,3.0844444444444443,73,786,46.1,97,0,97,0,97,0
robust,liu_massdep_baseline_250,liu_massdep_baseline,250,17,124,0,OK,97,0,0,907.5122222222222,545.5333333333333,2.153888888888889,66,786,46.86,97,0,97,0,97,0
robust,liu_massdep_baseline_250,liu_massdep_baseline,250,17,125,0,OK,97,0,0,875.2533333333333,528.0211111111112,7.265555555555555,64,786,43.25,97,0,97,0,97,0
robust,liu_massdep_baseline_250,liu_massdep_baseline,250,17,126,0,OK,97,0,0,877.6588888888889,535.0844444444444,4.515555555555555,61,786,41.33,97,0,97,0,97,0
robust,liu_massdep_baseline_250,liu_massdep_baseline,250,17,127,0,OK,97,0,0,886.4322222222222,545.8066666666666,5.413333333333333,60,786,40.76,97,0,97,0,97,0
robust,liu_massdep_baseline_250,liu_massdep_baseline,250,17,128,0,OK,97,0,0,840.8077777777778,509.82,2.790277777777778,61,786,42.99,97,0,97,0,97,0
robust,liu_massdep_baseline_250,liu_massdep_baseline,250,17,129,0,OK,97,0,0,882.1,527.27,5.053333333333334,65,786,42.61,97,0,97,0,97,0
robust,liu_massdep_baseline_250,liu_massdep_baseline,250,17,130,0,OK,97,0,0,977.9288888888889,568.2822222222222,5.383611111111111,73,786,42.8,97,0,97,0,97,0
robust,liu_massdep_baseline_250,liu_massdep_baseline,250,18,101,0,OK,97,0,0,948.72,557.9288888888889,4.179166666666666,71,786,34.61,97,0,97,0,97,0
robust,liu_massdep_baseline_250,liu_massdep_baseline,250,18,102,0,OK,97,0,0,918.4577777777778,547.2444444444444,3.8841666666666668,67,786,30.35,97,0,97,0,97,0
robust,liu_massdep_baseline_250,liu_massdep_baseline,250,18,103,0,OK,97,0,0,852.6066666666667,521.5422222222222,6.756944444444445,60,786,31.05,97,0,97,0,97,0
robust,liu_massdep_baseline_250,liu_massdep_baseline,250,18,104,0,OK,97,0,0,868.3122222222222,526.4722222222222,3.368333333333333,61,786,36.75,97,0,97,0,97,0
robust,liu_massdep_baseline_250,liu_massdep_baseline,250,18,105,0,OK,97,0,0,902.5155555555556,529.9933333333333,4.653888888888889,69,786,36.16,97,0,97,0,97,0
robust,liu_massdep_baseline_250,liu_massdep_baseline,250,18,106,0,OK,97,0,0,898.7266666666667,537.9444444444445,5.648888888888889,65,786,32.06,97,0,97,0,97,0
robust,liu_massdep_baseline_250,liu_massdep_baseline,250,18,107,0,OK,97,0,0,853.5233333333333,513.9677777777778,3.1727777777777777,62,786,31.36,97,0,97,0,97,0
robust,liu_massdep_baseline_250,liu_massdep_baseline,250,18,108,0,OK,97,0,0,885.9155555555556,529.8844444444444,5.231111111111111,65,786,35.86,97,0,97,0,97,0
robust,liu_massdep_baseline_250,liu_massdep_baseline,250,18,109,0,OK,97,0,0,879.8788888888889,522.1955555555555,3.4155555555555557,65,786,33.83,97,0,97,0,97,0
robust,liu_massdep_baseline_250,liu_massdep_baseline,250,18,110,0,OK,97,0,0,889.8277777777778,531.2322222222223,3.6372222222222224,65,786,37.95,97,0,97,0,97,0
robust,liu_massdep_baseline_250,liu_massdep_baseline,250,18,111,0,OK,97,0,0,933.5577777777778,542.99,4.779444444444445,69,786,39.44,97,0,97,0,97,0
robust,liu_massdep_baseline_250,liu_massdep_baseline,250,18,112,0,OK,97,0,0,971.4977777777777,574.8766666666667,5.160277777777778,69,786,38.89,97,0,97,0,97,0
robust,liu_massdep_baseline_250,liu_massdep_baseline,250,18,113,0,OK,97,0,0,933.1444444444444,547.4933333333333,9.519722222222223,70,786,39.64,97,0,97,0,97,0
robust,liu_massdep_baseline_250,liu_massdep_baseline,250,18,114,0,OK,97,0,0,835.5244444444445,519.4622222222222,3.36,56,786,32.04,97,0,97,0,97,0
robust,liu_massdep_baseline_250,liu_massdep_baseline,250,18,115,0,OK,97,0,0,882.0533333333333,532.0333333333333,5.605833333333333,63,786,30.8,97,0,97,0,97,0
robust,liu_massdep_baseline_250,liu_massdep_baseline,250,18,116,0,OK,97,0,0,913.41,545.98,4.956388888888889,66,786,35.97,97,0,97,0,97,0
robust,liu_massdep_baseline_250,liu_massdep_baseline,250,18,117,0,OK,97,0,0,884.6733333333333,534.5266666666666,6.892222222222222,62,786,34.28,97,0,97,0,97,0
robust,liu_massdep_baseline_250,liu_massdep_baseline,250,18,118,0,OK,97,0,0,865.2322222222223,529.2088888888889,2.71,59,786,29.0,97,0,97,0,97,0
robust,liu_massdep_baseline_250,liu_massdep_baseline,250,18,119,0,OK,97,0,0,898.4033333333333,548.1655555555556,1.1891666666666667,62,786,35.12,97,0,97,0,97,0
robust,liu_massdep_baseline_250,liu_massdep_baseline,250,18,120,0,OK,97,0,0,934.3177777777778,543.17,4.853611111111111,71,786,38.59,97,0,97,0,97,0
robust,liu_massdep_baseline_250,liu_massdep_baseline,250,18,121,0,OK,97,0,0,873.9633333333334,521.5666666666667,5.285277777777778,64,786,36.21,97,0,97,0,97,0
robust,liu_massdep_baseline_250,liu_massdep_baseline,250,18,122,0,OK,97,0,0,869.8155555555555,533.0233333333333,6.3758333333333335,61,786,34.53,97,0,97,0,97,0
robust,liu_massdep_baseline_250,liu_massdep_baseline,250,18,123,0,OK,97,0,0,960.4744444444444,555.3277777777778,2.6075,73,786,39.31,97,0,97,0,97,0
robust,liu_massdep_baseline_250,liu_massdep_baseline,250,18,124,0,OK,97,0,0,901.5255555555556,539.5466666666666,3.022777777777778,66,786,35.14,97,0,97,0,97,0
robust,liu_massdep_baseline_250,liu_massdep_baseline,250,18,125,0,OK,97,0,0,870.8188888888889,523.5866666666667,4.418333333333333,64,786,36.5,97,0,97,0,97,0
robust,liu_massdep_baseline_250,liu_massdep_baseline,250,18,126,0,OK,97,0,0,872.2411111111111,529.6666666666666,2.4586111111111113,61,786,34.71,97,0,97,0,97,0
robust,liu_massdep_baseline_250,liu_massdep_baseline,250,18,127,0,OK,97,0,0,882.9944444444444,542.3688888888889,3.823611111111111,60,786,30.57,97,0,97,0,97,0
robust,liu_massdep_baseline_250,liu_massdep_baseline,250,18,128,0,OK,97,0,0,837.1277777777777,506.14,2.2888888888888888,61,786,35.61,97,0,97,0,97,0
robust,liu_massdep_baseline_250,liu_massdep_baseline,250,18,129,0,OK,97,0,0,877.8022222222222,522.9722222222222,2.6302777777777777,65,786,32.66,97,0,97,0,97,0
robust,liu_massdep_baseline_250,liu_massdep_baseline,250,18,130,0,OK,97,0,0,969.2933333333333,559.6466666666666,6.59,73,786,34.65,97,0,97,0,97,0
robust,liu_massdep_baseline_270,liu_massdep_baseline,270,16,101,0,OK,95,0,948,949.7433333333333,586.2611111111111,4.059166666666667,66,786,39.79,95,0,95,0,95,0
robust,liu_massdep_baseline_270,liu_massdep_baseline,270,16,102,0,OK,97,0,0,878.4755555555555,548.8188888888889,4.105555555555555,60,786,35.4,97,0,97,0,97,0
robust,liu_massdep_baseline_270,liu_massdep_baseline,270,16,103,0,OK,97,0,0,834.2711111111112,522.2311111111111,5.226111111111111,56,786,34.55,97,0,97,0,97,0
robust,liu_massdep_baseline_270,liu_massdep_baseline,270,16,104,0,OK,97,0,0,856.0033333333333,529.8766666666667,4.062222222222222,58,786,38.25,97,0,97,0,97,0
robust,liu_massdep_baseline_270,liu_massdep_baseline,270,16,105,0,OK,97,0,0,900.5877777777778,537.2777777777778,5.255277777777778,67,786,42.81,97,0,97,0,97,0
robust,liu_massdep_baseline_270,liu_massdep_baseline,270,16,106,0,OK,97,0,0,867.7844444444445,535.5966666666667,4.7555555555555555,59,786,38.48,97,0,97,0,97,0
robust,liu_massdep_baseline_270,liu_massdep_baseline,270,16,107,0,OK,97,0,0,844.8655555555556,519.5077777777777,3.796666666666667,59,786,36.46,97,0,97,0,97,0
robust,liu_massdep_baseline_270,liu_massdep_baseline,270,16,108,0,OK,97,0,0,872.0133333333333,533.1111111111111,5.996111111111111,62,786,38.44,97,0,97,0,97,0
robust,liu_massdep_baseline_270,liu_massdep_baseline,270,16,109,0,OK,97,0,0,878.0077777777777,530.98,2.8938888888888887,63,786,41.04,97,0,97,0,97,0
robust,liu_massdep_baseline_270,liu_massdep_baseline,270,16,110,0,OK,97,0,0,877.3277777777778,535.4711111111111,2.3497222222222223,62,786,38.99,97,0,97,0,97,0
robust,liu_massdep_baseline_270,liu_massdep_baseline,270,16,111,0,OK,97,0,0,942.8077777777778,563.8455555555555,3.9144444444444444,67,786,40.55,96,0,97,0,97,0
robust,liu_massdep_baseline_270,liu_massdep_baseline,270,16,112,0,OK,97,0,0,991.12,598.0133333333333,5.441944444444444,68,786,38.8,94,0,97,0,97,0
robust,liu_massdep_baseline_270,liu_massdep_baseline,270,16,113,0,OK,97,0,0,935.1944444444445,558.9377777777778,8.387222222222222,68,786,43.0,97,0,97,0,97,0
robust,liu_massdep_baseline_270,liu_massdep_baseline,270,16,114,0,OK,97,0,0,813.7755555555556,519.2433333333333,3.695,52,786,32.87,97,0,97,0,97,0
robust,liu_massdep_baseline_270,liu_massdep_baseline,270,16,115,0,OK,97,0,0,866.3411111111111,533.8422222222222,4.7575,60,786,38.47,97,0,97,0,97,0
robust,liu_massdep_baseline_270,liu_massdep_baseline,270,16,116,0,OK,97,0,0,887.47,546.0844444444444,6.2508333333333335,61,786,38.25,97,0,97,0,97,0
robust,liu_massdep_baseline_270,liu_massdep_baseline,270,16,117,0,OK,97,0,0,881.7633333333333,542.1233333333333,5.584444444444444,60,786,35.57,97,0,97,0,97,0
robust,liu_massdep_baseline_270,liu_massdep_baseline,270,16,118,0,OK,97,0,0,850.1666666666666,534.0877777777778,4.931388888888889,55,786,33.46,97,0,97,0,97,0
robust,liu_massdep_baseline_270,liu_massdep_baseline,270,16,119,0,OK,97,0,0,882.9811111111111,553.3022222222222,3.196388888888889,58,786,36.37,97,0,97,0,97,0
robust,liu_massdep_baseline_270,liu_massdep_baseline,270,16,120,0,OK,97,0,0,898.7522222222223,545.5322222222222,5.773055555555556,63,786,38.47,97,0,97,0,97,0
robust,liu_massdep_baseline_270,liu_massdep_baseline,270,16,121,0,OK,97,0,0,866.77,526.21,4.672777777777778,61,786,37.98,97,0,97,0,97,0
robust,liu_massdep_baseline_270,liu_massdep_baseline,270,16,122,0,OK,97,0,0,866.05,535.19,6.185277777777777,60,786,37.17,97,0,97,0,97,0
robust,liu_massdep_baseline_270,liu_massdep_baseline,270,16,123,0,OK,96,0,98,976.9677777777778,576.26,2.6727777777777777,72,786,41.94,94,0,94,0,95,0
robust,liu_massdep_baseline_270,liu_massdep_baseline,270,16,124,0,OK,97,0,0,894.4222222222222,547.1488888888889,2.598333333333333,63,786,39.79,97,0,97,0,97,0
robust,liu_massdep_baseline_270,liu_massdep_baseline,270,16,125,0,OK,97,0,0,852.5744444444445,527.2422222222223,5.425833333333333,60,786,37.68,97,0,97,0,97,0
robust,liu_massdep_baseline_270,liu_massdep_baseline,270,16,126,0,OK,97,0,0,887.0233333333333,544.4488888888889,2.6469444444444443,61,786,42.0,97,0,97,0,97,0
robust,liu_massdep_baseline_270,liu_massdep_baseline,270,16,127,0,OK,97,0,0,874.2388888888889,548.7255555555555,4.759444444444444,57,786,35.67,97,0,97,0,97,0
robust,liu_massdep_baseline_270,liu_massdep_baseline,270,16,128,0,OK,97,0,0,840.0,513.2277777777778,3.5955555555555554,60,786,39.4,97,0,97,0,97,0
robust,liu_massdep_baseline_270,liu_massdep_baseline,270,16,129,0,OK,97,0,0,868.3033333333333,530.1744444444445,2.866388888888889,62,786,39.14,97,0,97,0,97,0
robust,liu_massdep_baseline_270,liu_massdep_baseline,270,16,130,0,OK,96,0,1191,983.5822222222222,583.7555555555556,8.089444444444444,71,786,42.32,95,0,95,0,96,0
robust,liu_massdep_baseline_270,liu_massdep_baseline,270,17,101,0,OK,97,0,0,921.7455555555556,558.2633333333333,2.7958333333333334,66,786,38.99,97,0,97,0,97,0
robust,liu_massdep_baseline_270,liu_massdep_baseline,270,17,102,0,OK,97,0,0,867.6066666666667,537.95,2.4583333333333335,60,786,36.53,97,0,97,0,97,0
robust,liu_massdep_baseline_270,liu_massdep_baseline,270,17,103,0,OK,97,0,0,831.7044444444444,519.6644444444445,7.213333333333333,56,786,37.81,97,0,97,0,97,0
robust,liu_massdep_baseline_270,liu_massdep_baseline,270,17,104,0,OK,97,0,0,849.7811111111112,523.6544444444445,4.229444444444445,58,786,39.75,97,0,97,0,97,0
robust,liu_massdep_baseline_270,liu_massdep_baseline,270,17,105,0,OK,97,0,0,894.16,530.85,7.2877777777777775,67,786,43.57,97,0,97,0,97,0
robust,liu_massdep_baseline_270,liu_massdep_baseline,270,17,106,0,OK,97,0,0,864.5455555555556,532.3577777777778,4.681111111111111,59,786,35.11,97,0,97,0,97,0
robust,liu_massdep_baseline_270,liu_massdep_baseline,270,17,107,0,OK,97,0,0,840.5222222222222,515.1644444444445,2.6630555555555557,59,786,39.59,97,0,97,0,97,0
robust,liu_massdep_baseline_270,liu_massdep_baseline,270,17,108,0,OK,97,0,0,867.9977777777777,529.0955555555555,4.725,62,786,43.65,97,0,97,0,97,0
robust,liu_massdep_baseline_270,liu_massdep_baseline,270,17,109,0,OK,97,0,0,867.8755555555556,520.8477777777778,4.027222222222222,63,786,42.43,97,0,97,0,97,0
robust,liu_massdep_baseline_270,liu_massdep_baseline,270,17,110,0,OK,97,0,0,872.28,530.4233333333333,1.9766666666666666,62,786,43.92,97,0,97,0,97,0
robust,liu_massdep_baseline_270,liu_massdep_baseline,270,17,111,0,OK,97,0,0,928.9566666666667,549.9944444444444,7.157222222222222,67,786,45.08,97,0,97,0,97,0
robust,liu_massdep_baseline_270,liu_massdep_baseline,270,17,112,0,OK,97,0,0,977.0066666666667,583.9,3.6683333333333334,68,786,37.62,97,0,97,0,97,0
robust,liu_massdep_baseline_270,liu_massdep_baseline,270,17,113,0,OK,97,0,0,926.4455555555555,550.1888888888889,5.695,68,786,44.2,97,0,97,0,97,0
robust,liu_massdep_baseline_270,liu_massdep_baseline,270,17,114,0,OK,97,0,0,810.3388888888888,515.8066666666666,5.615555555555556,52,786,37.61,97,0,97,0,97,0
robust,liu_massdep_baseline_270,liu_massdep_baseline,270,17,115,0,OK,97,0,0,862.6588888888889,530.16,4.346111111111111,60,786,40.01,97,0,97,0,97,0
robust,liu_massdep_baseline_270,liu_massdep_baseline,270,17,116,0,OK,97,0,0,882.8333333333334,541.4477777777778,5.414166666666667,61,786,37.7,97,0,97,0,97,0
robust,liu_massdep_baseline_270,liu_massdep_baseline,270,17,117,0,OK,97,0,0,875.7022222222222,536.0622222222222,6.056111111111111,60,786,42.95,97,0,97,0,97,0
robust,liu_massdep_baseline_270,liu_massdep_baseline,270,17,118,0,OK,97,0,0,844.6944444444445,528.6155555555556,4.665,55,786,35.66,97,0,97,0,97,0
robust,liu_massdep_baseline_270,liu_massdep_baseline,270,17,119,0,OK,97,0,0,877.9655555555555,548.2866666666666,2.931388888888889,58,786,39.31,97,0,97,0,97,0
robust,liu_massdep_baseline_270,liu_massdep_baseline,270,17,120,0,OK,97,0,0,892.5677777777778,539.3477777777778,4.523055555555556,63,786,41.01,97,0,97,0,97,0
robust,liu_massdep_baseline_270,liu_massdep_baseline,270,17,121,0,OK,97,0,0,861.9933333333333,521.4333333333333,5.365555555555556,61,786,39.82,97,0,97,0,97,0
robust,liu_massdep_baseline_270,liu_massdep_baseline,270,17,122,0,OK,97,0,0,864.2266666666667,533.3666666666667,6.185277777777777,60,786,39.14,97,0,97,0,97,0
robust,liu_massdep_baseline_270,liu_massdep_baseline,270,17,123,0,OK,97,0,0,968.4322222222222,567.7244444444444,4.626388888888889,72,786,50.99,97,0,97,0,97,0
robust,liu_massdep_baseline_270,liu_massdep_baseline,270,17,124,0,OK,97,0,0,886.6144444444444,539.3411111111111,2.654166666666667,63,786,40.64,97,0,97,0,97,0
robust,liu_massdep_baseline_270,liu_massdep_baseline,270,17,125,0,OK,97,0,0,847.0922222222222,521.76,5.478055555555556,60,786,38.12,97,0,97,0,97,0
robust,liu_massdep_baseline_270,liu_massdep_baseline,270,17,126,0,OK,97,0,0,877.6588888888889,535.0844444444444,4.515555555555555,61,786,40.38,97,0,97,0,97,0
robust,liu_massdep_baseline_270,liu_massdep_baseline,270,17,127,0,OK,97,0,0,865.8855555555556,540.3722222222223,4.223611111111111,57,786,35.82,97,0,97,0,97,0
robust,liu_massdep_baseline_270,liu_massdep_baseline,270,17,128,0,OK,97,0,0,835.6111111111111,508.8388888888889,2.790277777777778,60,786,35.33,97,0,97,0,97,0
robust,liu_massdep_baseline_270,liu_massdep_baseline,270,17,129,0,OK,97,0,0,861.1811111111111,523.0522222222222,3.7094444444444443,62,786,38.62,97,0,97,0,97,0
robust,liu_massdep_baseline_270,liu_massdep_baseline,270,17,130,0,OK,97,0,0,966.1233333333333,566.2966666666666,5.575555555555556,71,786,43.12,97,0,97,0,97,0
robust,liu_massdep_baseline_270,liu_massdep_baseline,270,18,101,0,OK,97,0,0,913.1166666666667,549.6344444444444,1.0975,66,786,38.25,97,0,97,0,97,0
robust,liu_massdep_baseline_270,liu_massdep_baseline,270,18,102,0,OK,97,0,0,865.1611111111112,535.5044444444444,1.1552777777777778,60,786,32.39,97,0,97,0,97,0
robust,liu_massdep_baseline_270,liu_massdep_baseline,270,18,103,0,OK,97,0,0,829.4677777777778,517.4277777777778,6.139722222222222,56,786,32.42,97,0,97,0,97,0
robust,liu_massdep_baseline_270,liu_massdep_baseline,270,18,104,0,OK,97,0,0,848.0266666666666,521.9,3.0616666666666665,58,786,36.74,97,0,97,0,97,0
robust,liu_massdep_baseline_270,liu_massdep_baseline,270,18,105,0,OK,97,0,0,890.3111111111111,527.0011111111111,4.463333333333333,67,786,35.58,97,0,97,0,97,0
robust,liu_massdep_baseline_270,liu_massdep_baseline,270,18,106,0,OK,97,0,0,862.8977777777778,530.71,4.803333333333334,59,786,31.83,97,0,97,0,97,0
robust,liu_massdep_baseline_270,liu_massdep_baseline,270,18,107,0,OK,97,0,0,835.3744444444444,510.01666666666665,2.9455555555555555,59,786,35.94,97,0,97,0,97,0
robust,liu_massdep_baseline_270,liu_massdep_baseline,270,18,108,0,OK,97,0,0,864.3188888888889,525.4166666666666,4.118333333333333,62,786,33.76,97,0,97,0,97,0
robust,liu_massdep_baseline_270,liu_massdep_baseline,270,18,109,0,OK,97,0,0,867.26,520.2322222222223,2.330277777777778,63,786,35.73,97,0,97,0,97,0
robust,liu_massdep_baseline_270,liu_massdep_baseline,270,18,110,0,OK,97,0,0,869.4077777777778,527.5511111111111,3.263888888888889,62,786,32.25,97,0,97,0,97,0
robust,liu_massdep_baseline_270,liu_massdep_baseline,270,18,111,0,OK,97,0,0,919.8311111111111,540.8688888888889,7.068888888888889,67,786,35.55,97,0,97,0,97,0
robust,liu_massdep_baseline_270,liu_massdep_baseline,270,18,112,0,OK,97,0,0,967.0566666666666,573.95,2.8255555555555554,68,786,30.98,97,0,97,0,97,0
robust,liu_massdep_baseline_270,liu_massdep_baseline,270,18,113,0,OK,97,0,0,920.8366666666667,544.58,7.7875,68,786,35.85,97,0,97,0,97,0
robust,liu_massdep_baseline_270,liu_massdep_baseline,270,18,114,0,OK,97,0,0,808.9544444444444,514.4222222222222,5.162222222222222,52,786,28.21,97,0,97,0,97,0
robust,liu_massdep_baseline_270,liu_massdep_baseline,270,18,115,0,OK,97,0,0,860.4966666666667,527.9977777777777,3.4980555555555557,60,786,27.77,97,0,97,0,97,0
robust,liu_massdep_baseline_270,liu_massdep_baseline,270,18,116,0,OK,97,0,0,879.1733333333333,537.7877777777778,4.4094444444444445,61,786,33.39,97,0,97,0,97,0
robust,liu_massdep_baseline_270,liu_massdep_baseline,270,18,117,0,OK,97,0,0,871.4111111111112,531.7711111111112,4.621111111111111,60,786,34.51,97,0,97,0,97,0
robust,liu_massdep_baseline_270,liu_massdep_baseline,270,18,118,0,OK,97,0,0,840.8633333333333,524.7844444444445,6.355,55,786,31.05,97,0,97,0,97,0
robust,liu_massdep_baseline_270,liu_massdep_baseline,270,18,119,0,OK,97,0,0,872.7966666666666,543.1177777777777,4.552777777777778,58,786,33.71,97,0,97,0,97,0
robust,liu_massdep_baseline_270,liu_massdep_baseline,270,18,120,0,OK,97,0,0,888.5411111111111,535.3211111111111,1.3925,63,786,34.76,97,0,97,0,97,0
robust,liu_massdep_baseline_270,liu_massdep_baseline,270,18,121,0,OK,97,0,0,858.5244444444445,517.9644444444444,4.542222222222223,61,786,32.82,97,0,97,0,97,0
robust,liu_massdep_baseline_270,liu_massdep_baseline,270,18,122,0,OK,97,0,0,862.6188888888889,531.7588888888889,5.7877777777777775,60,786,34.31,97,0,97,0,97,0
robust,liu_massdep_baseline_270,liu_massdep_baseline,270,18,123,0,OK,97,0,0,953.2311111111111,552.5233333333333,2.6075,72,786,36.39,97,0,97,0,97,0
robust,liu_massdep_baseline_270,liu_massdep_baseline,270,18,124,0,OK,97,0,0,883.04,535.7666666666667,2.753888888888889,63,786,33.23,97,0,97,0,97,0
robust,liu_massdep_baseline_270,liu_massdep_baseline,270,18,125,0,OK,97,0,0,844.8266666666667,519.4944444444444,4.286388888888889,60,786,34.38,97,0,97,0,97,0
robust,liu_massdep_baseline_270,liu_massdep_baseline,270,18,126,0,OK,97,0,0,872.2411111111111,529.6666666666666,2.4586111111111113,61,786,35.03,97,0,97,0,97,0
robust,liu_massdep_baseline_270,liu_massdep_baseline,270,18,127,0,OK,97,0,0,864.2522222222223,538.7388888888889,3.721111111111111,57,786,30.95,97,0,97,0,97,0
robust,liu_massdep_baseline_270,liu_massdep_baseline,270,18,128,0,OK,97,0,0,832.24,505.46777777777777,2.2111111111111112,60,786,36.45,97,0,97,0,97,0
robust,liu_massdep_baseline_270,liu_massdep_baseline,270,18,129,0,OK,97,0,0,857.51,519.3811111111111,3.162777777777778,62,786,35.04,97,0,97,0,97,0
robust,liu_massdep_baseline_270,liu_massdep_baseline,270,18,130,0,OK,97,0,0,957.0311111111112,557.2044444444444,6.034722222222222,71,786,38.35,97,0,97,0,97,0
robust,liu_massdep_baseline_300,liu_massdep_baseline,300,14,101,0,OK,96,0,1044,849.6566666666666,567.4944444444444,4.428888888888889,50,786,45.63,95,0,95,0,95,0
robust,liu_massdep_baseline_300,liu_massdep_baseline,300,14,102,0,OK,97,0,0,763.48,530.3211111111111,4.1175,42,786,48.58,97,0,97,0,97,0
robust,liu_massdep_baseline_300,liu_massdep_baseline,300,14,103,0,OK,97,0,0,744.7711111111112,510.59444444444443,4.307222222222222,41,786,43.27,97,0,97,0,97,0
robust,liu_massdep_baseline_300,liu_massdep_baseline,300,14,104,0,OK,97,0,0,739.5222222222222,512.1377777777777,4.358055555555556,39,786,43.64,97,0,97,0,97,0
robust,liu_massdep_baseline_300,liu_massdep_baseline,300,14,105,0,OK,97,0,0,764.1166666666667,517.9977777777777,5.731388888888889,44,786,44.39,97,0,97,0,97,0
robust,liu_massdep_baseline_300,liu_massdep_baseline,300,14,106,0,OK,97,0,0,764.2933333333333,520.97,4.288611111111111,42,786,43.17,97,0,97,0,97,0
robust,liu_massdep_baseline_300,liu_massdep_baseline,300,14,107,0,OK,97,0,0,748.4777777777778,506.06888888888886,3.7080555555555557,43,786,42.49,97,0,97,0,97,0
robust,liu_massdep_baseline_300,liu_massdep_baseline,300,14,108,0,OK,97,0,0,737.5477777777778,511.70222222222225,4.494166666666667,39,786,39.8,97,0,97,0,97,0
robust,liu_massdep_baseline_300,liu_massdep_baseline,300,14,109,0,OK,97,0,0,726.8533333333334,504.01444444444445,3.632222222222222,39,786,41.56,97,0,97,0,97,0
robust,liu_massdep_baseline_300,liu_massdep_baseline,300,14,110,0,OK,97,0,0,722.07,510.8977777777778,1.2136111111111112,36,786,37.62,97,0,97,0,97,0
robust,liu_massdep_baseline_300,liu_massdep_baseline,300,14,111,0,OK,97,0,0,795.5388888888889,530.4011111111112,4.745,45,786,42.35,97,0,97,0,97,0
robust,liu_massdep_baseline_300,liu_massdep_baseline,300,14,112,0,OK,97,0,0,843.9977777777777,570.6122222222223,4.876111111111111,47,786,47.75,96,0,97,0,97,0
robust,liu_massdep_baseline_300,liu_massdep_baseline,300,14,113,0,OK,96,0,3247,805.1,540.74,3.5566666666666666,46,786,49.52,96,0,96,0,96,0
robust,liu_massdep_baseline_300,liu_massdep_baseline,300,14,114,0,OK,97,0,0,714.5044444444444,504.61,2.5905555555555555,36,786,42.43,97,0,97,0,97,0
robust,liu_massdep_baseline_300,liu_massdep_baseline,300,14,115,0,OK,97,0,0,762.4822222222223,517.5877777777778,3.9808333333333334,43,786,42.97,97,0,97,0,97,0
robust,liu_massdep_baseline_300,liu_massdep_baseline,300,14,116,0,OK,97,0,0,785.2655555555556,532.0411111111111,5.3425,45,786,43.09,97,0,97,0,97,0
robust,liu_massdep_baseline_300,liu_massdep_baseline,300,14,117,0,OK,97,0,0,753.3422222222222,519.9722222222222,1.6141666666666667,41,786,39.66,97,0,97,0,97,0
robust,liu_massdep_baseline_300,liu_massdep_baseline,300,14,118,0,OK,97,0,0,731.4233333333333,517.4333333333333,1.0833333333333333,36,786,37.77,97,0,97,0,97,0
robust,liu_massdep_baseline_300,liu_massdep_baseline,300,14,119,0,OK,97,0,0,759.6355555555556,531.2855555555556,5.243611111111111,39,786,39.29,97,0,97,0,97,0
robust,liu_massdep_baseline_300,liu_massdep_baseline,300,14,120,0,OK,97,0,0,779.8111111111111,529.1411111111111,4.970833333333333,44,786,42.38,97,0,97,0,97,0
robust,liu_massdep_baseline_300,liu_massdep_baseline,300,14,121,0,OK,97,0,0,774.2233333333334,513.6422222222222,5.9094444444444445,45,786,39.27,97,0,97,0,97,0
robust,liu_massdep_baseline_300,liu_massdep_baseline,300,14,122,0,OK,97,0,0,795.0333333333333,531.0322222222222,3.3544444444444443,46,786,42.06,97,0,97,0,97,0
robust,liu_massdep_baseline_300,liu_massdep_baseline,300,14,123,0,OK,92,0,1597,861.3911111111111,555.0266666666666,4.186388888888889,54,786,43.17,92,0,92,0,92,0
robust,liu_massdep_baseline_300,liu_massdep_baseline,300,14,124,0,OK,97,0,0,740.1155555555556,518.8944444444444,2.411111111111111,39,786,42.19,97,0,97,0,97,0
robust,liu_massdep_baseline_300,liu_massdep_baseline,300,14,125,0,OK,97,0,0,788.6277777777777,522.0566666666666,3.2419444444444445,48,786,38.97,97,0,97,0,97,0
robust,liu_massdep_baseline_300,liu_massdep_baseline,300,14,126,0,OK,97,0,0,768.4566666666667,526.1366666666667,1.5791666666666666,42,786,43.14,97,0,97,0,97,0
robust,liu_massdep_baseline_300,liu_massdep_baseline,300,14,127,0,OK,97,0,0,768.6788888888889,535.4644444444444,1.628611111111111,40,786,37.41,97,0,97,0,97,0
robust,liu_massdep_baseline_300,liu_massdep_baseline,300,14,128,0,OK,97,0,0,741.1111111111111,496.7633333333333,1.8047222222222221,44,786,45.39,97,0,97,0,97,0
robust,liu_massdep_baseline_300,liu_massdep_baseline,300,14,129,0,OK,97,0,0,745.1744444444445,508.93,3.8430555555555554,42,786,41.85,97,0,97,0,97,0
robust,liu_massdep_baseline_300,liu_massdep_baseline,300,14,130,0,OK,96,0,287,875.9277777777778,570.67,3.793888888888889,53,786,37.28,95,0,96,0,96,0
robust,liu_massdep_baseline_300,liu_massdep_baseline,300,15,101,0,OK,97,0,0,826.6166666666667,544.4544444444444,3.4675,50,786,38.18,97,0,97,0,97,0
robust,liu_massdep_baseline_300,liu_massdep_baseline,300,15,102,0,OK,97,0,0,755.7322222222223,522.5733333333334,3.6213888888888888,42,786,37.69,97,0,97,0,97,0
robust,liu_massdep_baseline_300,liu_massdep_baseline,300,15,103,0,OK,97,0,0,740.4944444444444,506.3177777777778,4.821666666666666,41,786,35.31,97,0,97,0,97,0
robust,liu_massdep_baseline_300,liu_massdep_baseline,300,15,104,0,OK,97,0,0,734.26,506.87555555555554,3.825833333333333,39,786,31.66,97,0,97,0,97,0
robust,liu_massdep_baseline_300,liu_massdep_baseline,300,15,105,0,OK,97,0,0,756.6033333333334,510.4844444444444,3.758888888888889,44,786,34.3,97,0,97,0,97,0
robust,liu_massdep_baseline_300,liu_massdep_baseline,300,15,106,0,OK,97,0,0,760.2133333333334,516.89,4.009444444444444,42,786,34.38,97,0,97,0,97,0
robust,liu_massdep_baseline_300,liu_massdep_baseline,300,15,107,0,OK,97,0,0,743.3355555555555,500.9266666666667,3.1025,43,786,33.88,97,0,97,0,97,0
robust,liu_massdep_baseline_300,liu_massdep_baseline,300,15,108,0,OK,97,0,0,733.1622222222222,507.31666666666666,4.4447222222222225,39,786,31.39,97,0,97,0,97,0
robust,liu_massdep_baseline_300,liu_massdep_baseline,300,15,109,0,OK,97,0,0,722.9911111111111,500.15222222222224,4.046944444444445,39,786,30.01,97,0,97,0,97,0
robust,liu_massdep_baseline_300,liu_massdep_baseline,300,15,110,0,OK,97,0,0,715.1744444444445,504.0022222222222,0.042222222222222223,36,786,30.55,97,0,97,0,97,0
robust,liu_massdep_baseline_300,liu_massdep_baseline,300,15,111,0,OK,97,0,0,790.6977777777778,525.56,4.243611111111111,45,786,37.4,97,0,97,0,97,0
robust,liu_massdep_baseline_300,liu_massdep_baseline,300,15,112,0,OK,97,0,0,828.7722222222222,555.3866666666667,2.839166666666667,47,786,32.42,97,0,97,0,97,0
robust,liu_massdep_baseline_300,liu_massdep_baseline,300,15,113,0,OK,97,0,0,798.9211111111111,534.5611111111111,5.1097222222222225,46,786,36.08,97,0,97,0,97,0
robust,liu_massdep_baseline_300,liu_massdep_baseline,300,15,114,0,OK,97,0,0,709.9555555555555,500.06111111111113,2.6797222222222223,36,786,31.55,97,0,97,0,97,0
robust,liu_massdep_baseline_300,liu_massdep_baseline,300,15,115,0,OK,97,0,0,758.0333333333333,513.1388888888889,3.9808333333333334,43,786,40.14,97,0,97,0,97,0
robust,liu_massdep_baseline_300,liu_massdep_baseline,300,15,116,0,OK,97,0,0,777.1488888888889,523.9244444444445,6.528888888888889,45,786,35.7,97,0,97,0,97,0
robust,liu_massdep_baseline_300,liu_massdep_baseline,300,15,117,0,OK,97,0,0,750.0166666666667,516.6466666666666,3.894722222222222,41,786,33.59,97,0,97,0,97,0
robust,liu_massdep_baseline_300,liu_massdep_baseline,300,15,118,0,OK,97,0,0,726.4,512.41,3.348888888888889,36,786,28.17,97,0,97,0,97,0
robust,liu_massdep_baseline_300,liu_massdep_baseline,300,15,119,0,OK,97,0,0,755.66,527.31,2.783611111111111,39,786,32.62,97,0,97,0,97,0
robust,liu_massdep_baseline_300,liu_massdep_baseline,300,15,120,0,OK,97,0,0,775.3688888888889,524.6988888888889,4.282777777777778,44,786,36.85,97,0,97,0,97,0
robust,liu_massdep_baseline_300,liu_massdep_baseline,300,15,121,0,OK,97,0,0,767.9033333333333,507.3222222222222,3.8644444444444446,45,786,36.05,97,0,97,0,97,0
robust,liu_massdep_baseline_300,liu_massdep_baseline,300,15,122,0,OK,97,0,0,789.6911111111111,525.69,2.8744444444444444,46,786,40.53,97,0,97,0,97,0
robust,liu_massdep_baseline_300,liu_massdep_baseline,300,15,123,0,OK,97,0,0,852.85,546.4855555555556,4.9494444444444445,54,786,40.95,97,0,97,0,97,0
robust,liu_massdep_baseline_300,liu_massdep_baseline,300,15,124,0,OK,97,0,0,736.27,515.0488888888889,2.4858333333333333,39,786,33.55,97,0,97,0,97,0
robust,liu_massdep_baseline_300,liu_massdep_baseline,300,15,125,0,OK,97,0,0,781.0433333333333,514.4722222222222,4.011666666666667,48,786,38.85,97,0,97,0,97,0
robust,liu_massdep_baseline_300,liu_massdep_baseline,300,15,126,0,OK,97,0,0,761.2233333333334,518.9033333333333,1.8291666666666666,42,786,38.14,97,0,97,0,97,0
robust,liu_massdep_baseline_300,liu_massdep_baseline,300,15,127,0,OK,97,0,0,756.8455555555555,523.6311111111111,1.6369444444444445,40,786,33.42,97,0,97,0,97,0
robust,liu_massdep_baseline_300,liu_massdep_baseline,300,15,128,0,OK,97,0,0,735.0422222222222,490.69444444444446,0.5655555555555556,44,786,37.32,97,0,97,0,97,0
robust,liu_massdep_baseline_300,liu_massdep_baseline,300,15,129,0,OK,97,0,0,741.48,505.23555555555555,2.287777777777778,42,786,35.55,97,0,97,0,97,0
robust,liu_massdep_baseline_300,liu_massdep_baseline,300,15,130,0,OK,97,0,0,855.8866666666667,550.6288888888889,3.2494444444444444,53,786,35.66,97,0,97,0,97,0
robust,liu_massdep_baseline_300,liu_massdep_baseline,300,16,101,0,OK,97,0,0,817.6688888888889,535.5066666666667,1.9377777777777778,50,786,24.5,97,0,97,0,97,0
robust,liu_massdep_baseline_300,liu_massdep_baseline,300,16,102,0,OK,97,0,0,749.8877777777777,516.7288888888888,3.218888888888889,42,786,21.78,97,0,97,0,97,0
robust,liu_massdep_baseline_300,liu_massdep_baseline,300,16,103,0,OK,97,0,0,738.3322222222222,504.15555555555557,4.725555555555555,41,786,27.81,97,0,97,0,97,0
robust,liu_massdep_baseline_300,liu_massdep_baseline,300,16,104,0,OK,97,0,0,732.9155555555556,505.5311111111111,3.223888888888889,39,786,25.24,97,0,97,0,97,0
robust,liu_massdep_baseline_300,liu_massdep_baseline,300,16,105,0,OK,97,0,0,754.3755555555556,508.25666666666666,2.631388888888889,44,786,26.98,97,0,97,0,97,0
robust,liu_massdep_baseline_300,liu_massdep_baseline,300,16,106,0,OK,97,0,0,756.8866666666667,513.5633333333334,4.398055555555556,42,786,28.82,97,0,97,0,97,0
robust,liu_massdep_baseline_300,liu_massdep_baseline,300,16,107,0,OK,97,0,0,739.7077777777778,497.2988888888889,1.1688888888888889,43,786,26.8,97,0,97,0,97,0
robust,liu_massdep_baseline_300,liu_massdep_baseline,300,16,108,0,OK,97,0,0,728.9222222222222,503.07666666666665,5.066944444444444,39,786,25.91,97,0,97,0,97,0
robust,liu_massdep_baseline_300,liu_massdep_baseline,300,16,109,0,OK,97,0,0,720.7633333333333,497.9244444444444,2.7780555555555555,39,786,25.09,97,0,97,0,97,0
robust,liu_massdep_baseline_300,liu_massdep_baseline,300,16,110,0,OK,97,0,0,712.0855555555555,500.91333333333336,0.7602777777777778,36,786,24.72,97,0,97,0,97,0
robust,liu_massdep_baseline_300,liu_massdep_baseline,300,16,111,0,OK,97,0,0,785.3811111111111,520.2433333333333,5.635277777777778,45,786,28.68,97,0,97,0,97,0
robust,liu_massdep_baseline_300,liu_massdep_baseline,300,16,112,0,OK,97,0,0,823.1177777777777,549.7322222222223,3.028888888888889,47,786,33.12,97,0,97,0,97,0
robust,liu_massdep_baseline_300,liu_massdep_baseline,300,16,113,0,OK,97,0,0,790.1666666666666,525.8066666666666,3.7855555555555553,46,786,27.62,97,0,97,0,97,0
robust,liu_massdep_baseline_300,liu_massdep_baseline,300,16,114,0,OK,97,0,0,707.4333333333333,497.5388888888889,2.783611111111111,36,786,26.21,97,0,97,0,97,0
robust,liu_massdep_baseline_300,liu_massdep_baseline,300,16,115,0,OK,97,0,0,755.9833333333333,511.0888888888889,0.6508333333333334,43,786,23.75,97,0,97,0,97,0
robust,liu_massdep_baseline_300,liu_massdep_baseline,300,16,116,0,OK,97,0,0,775.7455555555556,522.5211111111112,4.134166666666666,45,786,29.59,97,0,97,0,97,0
robust,liu_massdep_baseline_300,liu_massdep_baseline,300,16,117,0,OK,97,0,0,748.5888888888888,515.2188888888888,4.2027777777777775,41,786,28.94,97,0,97,0,97,0
robust,liu_massdep_baseline_300,liu_massdep_baseline,300,16,118,0,OK,97,0,0,720.5477777777778,506.5577777777778,2.5516666666666667,36,786,25.93,97,0,97,0,97,0
robust,liu_massdep_baseline_300,liu_massdep_baseline,300,16,119,0,OK,97,0,0,751.8433333333334,523.4933333333333,5.639722222222222,39,786,25.61,97,0,97,0,97,0
robust,liu_massdep_baseline_300,liu_massdep_baseline,300,16,120,0,OK,97,0,0,771.9511111111111,521.2811111111112,4.003888888888889,44,786,28.11,97,0,97,0,97,0
robust,liu_massdep_baseline_300,liu_massdep_baseline,300,16,121,0,OK,97,0,0,764.6455555555556,504.06444444444446,4.902777777777778,45,786,26.73,97,0,97,0,97,0
robust,liu_massdep_baseline_300,liu_massdep_baseline,300,16,122,0,OK,97,0,0,786.45,522.4488888888889,1.5491666666666666,46,786,28.97,97,0,97,0,97,0
robust,liu_massdep_baseline_300,liu_massdep_baseline,300,16,123,0,OK,97,0,0,846.6555555555556,540.2911111111111,4.940833333333333,54,786,30.94,97,0,97,0,97,0
robust,liu_massdep_baseline_300,liu_massdep_baseline,300,16,124,0,OK,97,0,0,733.7977777777778,512.5766666666667,1.4644444444444444,39,786,26.56,97,0,97,0,97,0
robust,liu_massdep_baseline_300,liu_massdep_baseline,300,16,125,0,OK,97,0,0,777.8577777777778,511.2866666666667,2.3208333333333333,48,786,29.43,97,0,97,0,97,0
robust,liu_massdep_baseline_300,liu_massdep_baseline,300,16,126,0,OK,97,0,0,755.7977777777778,513.4777777777778,2.5130555555555554,42,786,24.79,97,0,97,0,97,0
robust,liu_massdep_baseline_300,liu_massdep_baseline,300,16,127,0,OK,97,0,0,754.0044444444444,520.79,2.1822222222222223,40,786,27.43,97,0,97,0,97,0
robust,liu_massdep_baseline_300,liu_massdep_baseline,300,16,128,0,OK,97,0,0,732.5155555555556,488.16777777777776,0.5655555555555556,44,786,28.2,97,0,97,0,97,0
robust,liu_massdep_baseline_300,liu_massdep_baseline,300,16,129,0,OK,97,0,0,736.6411111111111,500.39666666666665,1.4727777777777777,42,786,27.72,97,0,97,0,97,0
robust,liu_massdep_baseline_300,liu_massdep_baseline,300,16,130,0,OK,97,0,0,848.7844444444445,543.5266666666666,3.5294444444444446,53,786,29.94,97,0,97,0,97,0
robust,liu_massdep_baseline_325,liu_massdep_baseline,325,13,101,0,OK,93,0,1877,805.8077777777778,548.0,6.901944444444444,45,786,37.08,93,0,93,0,93,0
robust,liu_massdep_baseline_325,liu_massdep_baseline,325,13,102,0,OK,97,0,0,724.0833333333334,521.56,4.086666666666667,36,786,40.74,97,0,97,0,97,0
robust,liu_massdep_baseline_325,liu_massdep_baseline,325,13,103,0,OK,97,0,0,718.4977777777777,509.58444444444444,4.428055555555556,36,786,38.82,97,0,97,0,97,0
robust,liu_massdep_baseline_325,liu_massdep_baseline,325,13,104,0,OK,97,0,0,743.0511111111111,520.7466666666667,3.3169444444444443,38,786,31.87,97,0,97,0,97,0
robust,liu_massdep_baseline_325,liu_massdep_baseline,325,13,105,0,OK,97,0,0,727.4955555555556,512.7744444444445,5.956111111111111,38,786,43.48,97,0,97,0,97,0
robust,liu_massdep_baseline_325,liu_massdep_baseline,325,13,106,0,OK,97,0,0,736.7955555555556,519.9477777777778,3.4691666666666667,37,786,39.49,97,0,97,0,97,0
robust,liu_massdep_baseline_325,liu_massdep_baseline,325,13,107,0,OK,97,0,0,744.8088888888889,513.7088888888889,2.9672222222222224,41,786,41.7,97,0,97,0,97,0
robust,liu_massdep_baseline_325,liu_massdep_baseline,325,13,108,0,OK,97,0,0,730.6822222222222,515.3022222222222,3.8541666666666665,37,786,44.78,97,0,97,0,97,0
robust,liu_massdep_baseline_325,liu_massdep_baseline,325,13,109,0,OK,97,0,0,695.3733333333333,498.9244444444444,2.9558333333333335,34,786,34.49,97,0,97,0,97,0
robust,liu_massdep_baseline_325,liu_massdep_baseline,325,13,110,0,OK,97,0,0,715.4122222222222,515.13,1.1883333333333332,34,786,39.49,97,0,97,0,97,0
robust,liu_massdep_baseline_325,liu_massdep_baseline,325,13,111,0,OK,95,0,2546,766.2355555555556,540.9322222222222,3.011111111111111,38,786,40.85,95,0,95,0,95,0
robust,liu_massdep_baseline_325,liu_massdep_baseline,325,13,112,0,OK,96,0,431,806.5611111111111,569.9411111111111,6.3372222222222225,41,786,35.62,95,0,96,0,96,0
robust,liu_massdep_baseline_325,liu_massdep_baseline,325,13,113,0,OK,94,0,3289,788.8844444444444,538.6044444444444,5.205555555555556,43,786,41.2,94,0,94,0,94,0
robust,liu_massdep_baseline_325,liu_massdep_baseline,325,13,114,0,OK,97,0,0,702.1588888888889,504.05555555555554,3.298611111111111,34,786,34.41,97,0,97,0,97,0
robust,liu_massdep_baseline_325,liu_massdep_baseline,325,13,115,0,OK,97,0,0,745.1233333333333,520.2866666666666,1.9708333333333334,39,786,39.85,97,0,97,0,97,0
robust,liu_massdep_baseline_325,liu_massdep_baseline,325,13,116,0,OK,97,0,0,759.0444444444445,530.4611111111111,4.02,41,786,42.7,97,0,97,0,97,0
robust,liu_massdep_baseline_325,liu_massdep_baseline,325,13,117,0,OK,97,0,0,746.5588888888889,525.0588888888889,8.689444444444444,39,786,39.16,97,0,97,0,97,0
robust,liu_massdep_baseline_325,liu_massdep_baseline,325,13,118,0,OK,97,0,0,681.9966666666667,506.9788888888889,2.553611111111111,29,786,32.41,97,0,97,0,97,0
robust,liu_massdep_baseline_325,liu_massdep_baseline,325,13,119,0,OK,96,0,3483,749.5277777777778,539.6788888888889,2.4077777777777776,36,786,41.46,96,0,96,0,96,0
robust,liu_massdep_baseline_325,liu_massdep_baseline,325,13,120,0,OK,97,0,0,779.6366666666667,538.4577777777778,6.533888888888889,42,786,41.25,97,0,97,0,97,0
robust,liu_massdep_baseline_325,liu_massdep_baseline,325,13,121,0,OK,97,0,0,741.7277777777778,511.1744444444444,8.081666666666667,40,786,38.14,97,0,97,0,97,0
robust,liu_massdep_baseline_325,liu_massdep_baseline,325,13,122,0,OK,97,0,0,798.98,541.6366666666667,3.1380555555555554,45,786,45.0,97,0,97,0,97,0
robust,liu_massdep_baseline_325,liu_massdep_baseline,325,13,123,0,OK,90,0,4826,813.3766666666667,556.0955555555555,5.135,45,786,39.97,90,0,90,0,90,0
robust,liu_massdep_baseline_325,liu_massdep_baseline,325,13,124,0,OK,97,0,0,722.3888888888889,521.3233333333334,2.232222222222222,35,786,38.86,97,0,97,0,97,0
robust,liu_massdep_baseline_325,liu_massdep_baseline,325,13,125,0,OK,97,0,0,772.0677777777778,525.8666666666667,3.9844444444444442,44,786,42.28,97,0,97,0,97,0
robust,liu_massdep_baseline_325,liu_massdep_baseline,325,13,126,0,OK,96,0,297,738.5977777777778,528.0322222222222,1.7158333333333333,36,786,25.9,96,0,96,0,96,0
robust,liu_massdep_baseline_325,liu_massdep_baseline,325,13,127,0,OK,96,0,313,746.2188888888888,532.9822222222223,2.2463888888888888,36,786,35.69,96,0,96,0,96,0
robust,liu_massdep_baseline_325,liu_massdep_baseline,325,13,128,0,OK,97,0,0,720.2155555555555,496.30444444444447,2.9066666666666667,40,786,43.36,97,0,97,0,97,0
robust,liu_massdep_baseline_325,liu_massdep_baseline,325,13,129,0,OK,97,0,0,735.5077777777777,514.7244444444444,2.8394444444444447,39,786,38.86,97,0,97,0,97,0
robust,liu_massdep_baseline_325,liu_massdep_baseline,325,13,130,0,OK,94,0,4050,828.0588888888889,556.1066666666667,6.545,47,786,44.75,94,0,94,0,94,0
robust,liu_massdep_baseline_325,liu_massdep_baseline,325,14,101,0,OK,96,0,132,806.3255555555555,548.5177777777777,3.9783333333333335,45,786,44.75,96,0,96,0,96,0
robust,liu_massdep_baseline_325,liu_massdep_baseline,325,14,102,0,OK,97,0,0,718.4566666666667,515.9333333333333,3.4833333333333334,36,786,38.14,97,0,97,0,97,0
robust,liu_massdep_baseline_325,liu_massdep_baseline,325,14,103,0,OK,97,0,0,712.2222222222222,503.3088888888889,5.982777777777778,36,786,34.74,97,0,97,0,97,0
robust,liu_massdep_baseline_325,liu_massdep_baseline,325,14,104,0,OK,97,0,0,733.4244444444445,511.12,4.530277777777778,38,786,39.91,97,0,97,0,97,0
robust,liu_massdep_baseline_325,liu_massdep_baseline,325,14,105,0,OK,97,0,0,720.1044444444444,505.3833333333333,4.941666666666666,38,786,39.64,97,0,97,0,97,0
robust,liu_massdep_baseline_325,liu_massdep_baseline,325,14,106,0,OK,97,0,0,730.0866666666667,513.2388888888889,5.134722222222222,37,786,36.62,97,0,97,0,97,0
robust,liu_massdep_baseline_325,liu_massdep_baseline,325,14,107,0,OK,97,0,0,733.8633333333333,502.7633333333333,2.6094444444444442,41,786,39.18,97,0,97,0,97,0
robust,liu_massdep_baseline_325,liu_massdep_baseline,325,14,108,0,OK,97,0,0,726.04,510.66,4.165277777777778,37,786,40.06,97,0,97,0,97,0
robust,liu_massdep_baseline_325,liu_massdep_baseline,325,14,109,0,OK,97,0,0,691.68,495.2311111111111,2.555277777777778,34,786,36.61,97,0,97,0,97,0
robust,liu_massdep_baseline_325,liu_massdep_baseline,325,14,110,0,OK,97,0,0,704.1488888888889,503.8666666666667,0.8127777777777778,34,786,37.97,97,0,97,0,97,0
robust,liu_massdep_baseline_325,liu_massdep_baseline,325,14,111,0,OK,97,0,0,749.4244444444445,524.1211111111111,2.111388888888889,38,786,39.91,97,0,97,0,97,0
robust,liu_massdep_baseline_325,liu_massdep_baseline,325,14,112,0,OK,97,0,0,786.9166666666666,550.2966666666666,4.951944444444444,41,786,43.46,97,0,97,0,97,0
robust,liu_massdep_baseline_325,liu_massdep_baseline,325,14,113,0,OK,96,0,1550,791.3144444444445,541.0344444444445,4.6775,43,786,38.76,96,0,96,0,96,0
robust,liu_massdep_baseline_325,liu_massdep_baseline,325,14,114,0,OK,97,0,0,697.3644444444444,499.2611111111111,4.016388888888889,34,786,33.07,97,0,97,0,97,0
robust,liu_massdep_baseline_325,liu_massdep_baseline,325,14,115,0,OK,97,0,0,737.7855555555556,512.9488888888889,3.318888888888889,39,786,36.55,97,0,97,0,97,0
robust,liu_massdep_baseline_325,liu_massdep_baseline,325,14,116,0,OK,97,0,0,751.52,522.9366666666666,5.843333333333334,41,786,40.65,97,0,97,0,97,0
robust,liu_massdep_baseline_325,liu_massdep_baseline,325,14,117,0,OK,97,0,0,739.9722222222222,518.4722222222222,4.016944444444444,39,786,42.36,97,0,97,0,97,0
robust,liu_massdep_baseline_325,liu_massdep_baseline,325,14,118,0,OK,97,0,0,678.1611111111112,503.1433333333333,2.4852777777777777,29,786,34.62,97,0,97,0,97,0
robust,liu_massdep_baseline_325,liu_massdep_baseline,325,14,119,0,OK,97,0,0,736.6844444444445,526.8355555555555,3.8894444444444445,36,786,32.98,97,0,97,0,97,0
robust,liu_massdep_baseline_325,liu_massdep_baseline,325,14,120,0,OK,97,0,0,767.8655555555556,526.6866666666666,6.553888888888889,42,786,36.44,97,0,97,0,97,0
robust,liu_massdep_baseline_325,liu_massdep_baseline,325,14,121,0,OK,97,0,0,732.7177777777778,502.1644444444444,5.106944444444444,40,786,41.44,97,0,97,0,97,0
robust,liu_massdep_baseline_325,liu_massdep_baseline,325,14,122,0,OK,97,0,0,784.8622222222223,527.5188888888889,3.5597222222222222,45,786,41.8,97,0,97,0,97,0
robust,liu_massdep_baseline_325,liu_massdep_baseline,325,14,123,0,OK,96,0,125,811.0166666666667,553.7355555555556,2.5330555555555554,45,786,41.74,96,0,96,0,96,0
robust,liu_massdep_baseline_325,liu_massdep_baseline,325,14,124,0,OK,97,0,0,715.7422222222223,514.6766666666666,3.5308333333333333,35,786,38.53,97,0,97,0,97,0
robust,liu_massdep_baseline_325,liu_massdep_baseline,325,14,125,0,OK,97,0,0,760.4311111111111,514.23,7.003055555555555,44,786,43.11,97,0,97,0,97,0
robust,liu_massdep_baseline_325,liu_massdep_baseline,325,14,126,0,OK,97,0,0,721.8166666666667,511.25111111111113,1.4841666666666666,36,786,35.7,97,0,97,0,97,0
robust,liu_massdep_baseline_325,liu_massdep_baseline,325,14,127,0,OK,97,0,0,738.2677777777777,525.0311111111112,4.586944444444445,36,786,36.5,97,0,97,0,97,0
robust,liu_massdep_baseline_325,liu_massdep_baseline,325,14,128,0,OK,97,0,0,713.8522222222222,489.9411111111111,1.3422222222222222,40,786,44.78,97,0,97,0,97,0
robust,liu_massdep_baseline_325,liu_massdep_baseline,325,14,129,0,OK,97,0,0,726.74,505.95666666666665,2.4186111111111113,39,786,37.17,97,0,97,0,97,0
robust,liu_massdep_baseline_325,liu_massdep_baseline,325,14,130,0,OK,97,0,0,818.3655555555556,546.4133333333333,3.6669444444444443,47,786,46.76,97,0,97,0,97,0
robust,liu_massdep_baseline_325,liu_massdep_baseline,325,15,101,0,OK,97,0,0,792.6488888888889,534.8411111111111,3.005,45,786,30.65,97,0,97,0,97,0
robust,liu_massdep_baseline_325,liu_massdep_baseline,325,15,102,0,OK,97,0,0,714.8211111111111,512.2977777777778,1.531111111111111,36,786,25.76,97,0,97,0,97,0
robust,liu_massdep_baseline_325,liu_massdep_baseline,325,15,103,0,OK,97,0,0,708.9666666666667,500.05333333333334,2.988611111111111,36,786,25.59,97,0,97,0,97,0
robust,liu_massdep_baseline_325,liu_massdep_baseline,325,15,104,0,OK,97,0,0,727.94,505.6355555555556,3.825833333333333,38,786,27.01,97,0,97,0,97,0
robust,liu_massdep_baseline_325,liu_massdep_baseline,325,15,105,0,OK,97,0,0,716.6244444444444,501.9033333333333,5.211111111111111,38,786,29.06,97,0,97,0,97,0
robust,liu_massdep_baseline_325,liu_massdep_baseline,325,15,106,0,OK,97,0,0,727.6833333333333,510.8355555555556,4.137222222222222,37,786,24.76,97,0,97,0,97,0
robust,liu_massdep_baseline_325,liu_massdep_baseline,325,15,107,0,OK,97,0,0,729.4355555555555,498.3355555555556,2.2369444444444446,41,786,25.94,97,0,97,0,97,0
robust,liu_massdep_baseline_325,liu_massdep_baseline,325,15,108,0,OK,97,0,0,721.7622222222222,506.3822222222222,4.0575,37,786,26.26,97,0,97,0,97,0
robust,liu_massdep_baseline_325,liu_massdep_baseline,325,15,109,0,OK,97,0,0,690.1766666666666,493.72777777777776,2.7780555555555555,34,786,24.96,97,0,97,0,97,0
robust,liu_massdep_baseline_325,liu_massdep_baseline,325,15,110,0,OK,97,0,0,700.2244444444444,499.9422222222222,0.042222222222222223,34,786,26.34,97,0,97,0,97,0
robust,liu_massdep_baseline_325,liu_massdep_baseline,325,15,111,0,OK,97,0,0,740.7844444444445,515.4811111111111,3.4125,38,786,26.76,97,0,97,0,97,0
robust,liu_massdep_baseline_325,liu_massdep_baseline,325,15,112,0,OK,97,0,0,781.0077777777777,544.3877777777777,2.9769444444444444,41,786,27.66,97,0,97,0,97,0
robust,liu_massdep_baseline_325,liu_massdep_baseline,325,15,113,0,OK,97,0,0,777.9133333333333,527.6333333333333,5.2058333333333335,43,786,27.46,97,0,97,0,97,0
robust,liu_massdep_baseline_325,liu_massdep_baseline,325,15,114,0,OK,97,0,0,694.1511111111112,496.04777777777775,3.6966666666666668,34,786,26.06,97,0,97,0,97,0
robust,liu_massdep_baseline_325,liu_massdep_baseline,325,15,115,0,OK,97,0,0,734.6277777777777,509.7911111111111,4.313888888888889,39,786,26.65,97,0,97,0,97,0
robust,liu_massdep_baseline_325,liu_massdep_baseline,325,15,116,0,OK,97,0,0,746.9455555555555,518.3622222222223,5.933055555555556,41,786,26.57,97,0,97,0,97,0
robust,liu_massdep_baseline_325,liu_massdep_baseline,325,15,117,0,OK,97,0,0,736.0133333333333,514.5133333333333,4.131666666666667,39,786,25.3,97,0,97,0,97,0
robust,liu_massdep_baseline_325,liu_massdep_baseline,325,15,118,0,OK,97,0,0,674.2655555555556,499.2477777777778,1.728888888888889,29,786,21.43,97,0,97,0,97,0
robust,liu_massdep_baseline_325,liu_massdep_baseline,325,15,119,0,OK,97,0,0,732.4966666666667,522.6477777777778,2.502222222222222,36,786,25.04,97,0,97,0,97,0
robust,liu_massdep_baseline_325,liu_massdep_baseline,325,15,120,0,OK,97,0,0,761.9466666666667,520.7677777777777,4.426666666666667,42,786,27.14,97,0,97,0,97,0
robust,liu_massdep_baseline_325,liu_massdep_baseline,325,15,121,0,OK,97,0,0,730.14,499.58666666666664,5.106944444444444,40,786,27.63,97,0,97,0,97,0
robust,liu_massdep_baseline_325,liu_massdep_baseline,325,15,122,0,OK,97,0,0,781.1488888888889,523.8055555555555,1.9608333333333334,45,786,26.81,97,0,97,0,97,0
robust,liu_massdep_baseline_325,liu_massdep_baseline,325,15,123,0,OK,97,0,0,790.39,533.1088888888889,2.7241666666666666,45,786,31.92,97,0,97,0,97,0
robust,liu_massdep_baseline_325,liu_massdep_baseline,325,15,124,0,OK,97,0,0,712.3711111111111,511.30555555555554,1.593888888888889,35,786,25.76,97,0,97,0,97,0
robust,liu_massdep_baseline_325,liu_massdep_baseline,325,15,125,0,OK,97,0,0,755.75,509.5488888888889,3.8602777777777777,44,786,31.14,97,0,97,0,97,0
robust,liu_massdep_baseline_325,liu_massdep_baseline,325,15,126,0,OK,97,0,0,719.8622222222223,509.2966666666667,1.6411111111111112,36,786,27.87,97,0,97,0,97,0
robust,liu_massdep_baseline_325,liu_massdep_baseline,325,15,127,0,OK,97,0,0,731.0788888888889,517.8422222222222,2.6805555555555554,36,786,26.56,97,0,97,0,97,0
robust,liu_massdep_baseline_325,liu_massdep_baseline,325,15,128,0,OK,97,0,0,711.06,487.1488888888889,0.22138888888888889,40,786,28.91,97,0,97,0,97,0
robust,liu_massdep_baseline_325,liu_massdep_baseline,325,15,129,0,OK,97,0,0,721.5277777777778,500.74444444444447,2.725,39,786,26.06,97,0,97,0,97,0
robust,liu_massdep_baseline_325,liu_massdep_baseline,325,15,130,0,OK,97,0,0,808.4744444444444,536.5222222222222,2.7130555555555556,47,786,33.44,97,0,97,0,97,0
robust,liu_massdep_baseline_380,liu_massdep_baseline,380,11,101,0,OK,97,0,0,633.5166666666667,512.2677777777777,3.107222222222222,21,786,31.12,97,0,97,0,97,0
robust,liu_massdep_baseline_380,liu_massdep_baseline,380,11,102,0,OK,97,0,0,607.8322222222222,500.9888888888889,4.530833333333334,19,786,24.03,97,0,97,0,97,0
robust,liu_massdep_baseline_380,liu_massdep_baseline,380,11,103,0,OK,97,0,0,593.5322222222222,486.14666666666665,4.561111111111111,19,786,31.52,97,0,97,0,97,0
robust,liu_massdep_baseline_380,liu_massdep_baseline,380,11,104,0,OK,96,0,63,588.2966666666666,490.9555555555556,0.6788888888888889,16,786,26.18,96,0,96,0,96,0
robust,liu_massdep_baseline_380,liu_massdep_baseline,380,11,105,0,OK,97,0,0,617.9933333333333,495.9766666666667,3.558333333333333,22,786,32.15,97,0,97,0,97,0
robust,liu_massdep_baseline_380,liu_massdep_baseline,380,11,106,0,OK,97,0,0,594.7944444444445,493.6711111111111,4.178888888888889,17,786,27.05,97,0,97,0,97,0
robust,liu_massdep_baseline_380,liu_massdep_baseline,380,11,107,0,OK,97,0,0,620.8111111111111,489.1388888888889,2.862222222222222,23,786,28.97,97,0,97,0,97,0
robust,liu_massdep_baseline_380,liu_massdep_baseline,380,11,108,0,OK,97,0,0,608.0211111111112,491.91,3.3513888888888888,19,786,30.94,97,0,97,0,97,0
robust,liu_massdep_baseline_380,liu_massdep_baseline,380,11,109,0,OK,97,0,0,591.3755555555556,484.8288888888889,1.7816666666666667,18,786,31.14,97,0,97,0,97,0
robust,liu_massdep_baseline_380,liu_massdep_baseline,380,11,110,0,OK,97,0,0,624.2011111111111,497.77222222222224,1.7716666666666667,21,786,30.0,97,0,97,0,97,0
robust,liu_massdep_baseline_380,liu_massdep_baseline,380,11,111,0,OK,97,0,0,580.0944444444444,494.25333333333333,2.3941666666666666,14,786,23.02,97,0,97,0,97,0
robust,liu_massdep_baseline_380,liu_massdep_baseline,380,11,112,0,OK,97,0,0,679.8022222222222,544.2366666666667,4.3436111111111115,23,786,33.64,95,0,96,0,97,0
robust,liu_massdep_baseline_380,liu_massdep_baseline,380,11,113,0,OK,96,0,1125,654.7166666666667,524.6933333333334,4.003888888888889,22,786,30.79,96,0,96,0,96,0
robust,liu_massdep_baseline_380,liu_massdep_baseline,380,11,114,0,OK,97,0,0,544.1422222222222,478.33222222222224,1.9058333333333333,11,786,22.67,97,0,97,0,97,0
robust,liu_massdep_baseline_380,liu_massdep_baseline,380,11,115,0,OK,97,0,0,589.6022222222222,488.9377777777778,4.203055555555555,17,786,28.76,97,0,97,0,97,0
robust,liu_massdep_baseline_380,liu_massdep_baseline,380,11,116,0,OK,97,0,0,654.38,517.1055555555556,4.446111111111111,25,786,29.21,97,0,97,0,97,0
robust,liu_massdep_baseline_380,liu_massdep_baseline,380,11,117,0,OK,97,0,0,559.8911111111111,488.3588888888889,2.4566666666666666,12,786,25.25,97,0,97,0,97,0
robust,liu_massdep_baseline_380,liu_massdep_baseline,380,11,118,0,OK,97,0,0,610.8211111111111,498.60555555555555,2.4091666666666667,18,786,26.89,97,0,97,0,97,0
robust,liu_massdep_baseline_380,liu_massdep_baseline,380,11,119,0,OK,96,0,2839,633.8122222222222,522.2944444444445,3.250277777777778,19,786,28.95,96,0,96,0,96,0
robust,liu_massdep_baseline_380,liu_massdep_baseline,380,11,120,0,OK,97,0,0,621.8144444444445,503.06666666666666,4.3933333333333335,20,786,28.87,97,0,97,0,97,0
robust,liu_massdep_baseline_380,liu_massdep_baseline,380,11,121,0,OK,97,0,0,571.3866666666667,478.2188888888889,4.240555555555556,16,786,26.64,97,0,97,0,97,0
robust,liu_massdep_baseline_380,liu_massdep_baseline,380,11,122,0,OK,97,0,0,644.1722222222222,510.55444444444447,3.4991666666666665,23,786,30.63,97,0,97,0,97,0
robust,liu_massdep_baseline_380,liu_massdep_baseline,380,11,123,0,OK,96,0,5268,672.28,530.1833333333333,4.359166666666667,24,786,30.6,96,0,96,0,96,0
robust,liu_massdep_baseline_380,liu_massdep_baseline,380,11,124,0,OK,96,0,2958,665.2833333333333,523.1211111111111,2.629722222222222,24,786,34.76,95,0,95,0,95,0
robust,liu_massdep_baseline_380,liu_massdep_baseline,380,11,125,0,OK,97,0,0,637.1444444444444,500.2055555555556,4.992222222222222,24,786,37.04,97,0,97,0,97,0
robust,liu_massdep_baseline_380,liu_massdep_baseline,380,11,126,0,OK,96,0,924,616.2433333333333,502.9844444444444,3.424166666666667,19,786,27.06,96,0,96,0,96,0
robust,liu_massdep_baseline_380,liu_massdep_baseline,380,11,127,0,OK,97,0,0,602.7033333333334,500.66777777777776,3.4541666666666666,17,786,29.85,97,0,97,0,97,0
robust,liu_massdep_baseline_380,liu_massdep_baseline,380,11,128,0,OK,97,0,0,555.1033333333334,469.06444444444446,3.3891666666666667,15,786,27.56,97,0,97,0,97,0
robust,liu_massdep_baseline_380,liu_massdep_baseline,380,11,129,0,OK,97,0,0,562.1844444444445,477.43333333333334,2.9875,15,786,24.88,97,0,97,0,97,0
robust,liu_massdep_baseline_380,liu_massdep_baseline,380,11,130,0,OK,97,0,0,645.03,515.6255555555556,3.005,22,786,30.8,97,0,97,0,97,0
robust,liu_massdep_baseline_380,liu_massdep_baseline,380,12,101,0,OK,97,0,0,628.1066666666667,506.85777777777776,1.23,21,786,36.2,97,0,97,0,97,0
robust,liu_massdep_baseline_380,liu_massdep_baseline,380,12,102,0,OK,97,0,0,602.1811111111111,495.3377777777778,3.355277777777778,19,786,34.23,97,0,97,0,97,0
robust,liu_massdep_baseline_380,liu_massdep_baseline,380,12,103,0,OK,97,0,0,586.8811111111111,479.49555555555554,2.783611111111111,19,786,27.6,97,0,97,0,97,0
robust,liu_massdep_baseline_380,liu_massdep_baseline,380,12,104,0,OK,97,0,0,584.9755555555555,487.63444444444445,1.3102777777777779,16,786,22.13,97,0,97,0,97,0
robust,liu_massdep_baseline_380,liu_massdep_baseline,380,12,105,0,OK,97,0,0,612.3977777777778,490.3811111111111,3.892777777777778,22,786,31.53,97,0,97,0,97,0
robust,liu_massdep_baseline_380,liu_massdep_baseline,380,12,106,0,OK,97,0,0,591.0277777777778,489.90444444444444,3.948611111111111,17,786,27.34,97,0,97,0,97,0
robust,liu_massdep_baseline_380,liu_massdep_baseline,380,12,107,0,OK,97,0,0,612.8866666666667,481.21444444444444,1.1983333333333333,23,786,33.16,97,0,97,0,97,0
robust,liu_massdep_baseline_380,liu_massdep_baseline,380,12,108,0,OK,97,0,0,603.9922222222223,487.8811111111111,3.8177777777777777,19,786,25.11,97,0,97,0,97,0
robust,liu_massdep_baseline_380,liu_massdep_baseline,380,12,109,0,OK,97,0,0,585.6411111111111,479.09444444444443,1.1266666666666667,18,786,30.11,97,0,97,0,97,0
robust,liu_massdep_baseline_380,liu_massdep_baseline,380,12,110,0,OK,97,0,0,613.9322222222222,487.50333333333333,2.406111111111111,21,786,27.33,97,0,97,0,97,0
robust,liu_massdep_baseline_380,liu_massdep_baseline,380,12,111,0,OK,97,0,0,574.75,488.9088888888889,2.0366666666666666,14,786,23.35,97,0,97,0,97,0
robust,liu_massdep_baseline_380,liu_massdep_baseline,380,12,112,0,OK,97,0,0,662.8122222222222,527.2466666666667,3.1569444444444446,23,786,33.59,97,0,97,0,97,0
robust,liu_massdep_baseline_380,liu_massdep_baseline,380,12,113,0,OK,97,0,0,636.9822222222223,506.9588888888889,3.8930555555555557,22,786,33.89,97,0,97,0,97,0
robust,liu_massdep_baseline_380,liu_massdep_baseline,380,12,114,0,OK,97,0,0,542.3033333333333,476.49333333333334,3.261111111111111,11,786,25.97,97,0,97,0,97,0
robust,liu_massdep_baseline_380,liu_massdep_baseline,380,12,115,0,OK,97,0,0,587.6211111111111,486.95666666666665,3.1866666666666665,17,786,32.43,97,0,97,0,97,0
robust,liu_massdep_baseline_380,liu_massdep_baseline,380,12,116,0,OK,97,0,0,642.7877777777778,505.5133333333333,3.79,25,786,36.95,97,0,97,0,97,0
robust,liu_massdep_baseline_380,liu_massdep_baseline,380,12,117,0,OK,97,0,0,558.5388888888889,487.00666666666666,2.716666666666667,12,786,28.11,97,0,97,0,97,0
robust,liu_massdep_baseline_380,liu_massdep_baseline,380,12,118,0,OK,97,0,0,606.3422222222222,494.12666666666667,2.412777777777778,18,786,25.83,97,0,97,0,97,0
robust,liu_massdep_baseline_380,liu_massdep_baseline,380,12,119,0,OK,97,0,0,621.0655555555555,509.54777777777775,2.11,19,786,28.94,97,0,97,0,97,0
robust,liu_massdep_baseline_380,liu_massdep_baseline,380,12,120,0,OK,97,0,0,616.6077777777778,497.86,3.2577777777777777,20,786,33.4,97,0,97,0,97,0
robust,liu_massdep_baseline_380,liu_massdep_baseline,380,12,121,0,OK,97,0,0,567.8522222222222,474.68444444444447,3.973611111111111,16,786,27.04,97,0,97,0,97,0
robust,liu_massdep_baseline_380,liu_massdep_baseline,380,12,122,0,OK,97,0,0,639.92,506.3022222222222,2.9894444444444446,23,786,32.74,97,0,97,0,97,0
robust,liu_massdep_baseline_380,liu_massdep_baseline,380,12,123,0,OK,97,0,0,658.8733333333333,516.7766666666666,3.4827777777777778,24,786,32.14,97,0,97,0,97,0
robust,liu_massdep_baseline_380,liu_massdep_baseline,380,12,124,0,OK,97,0,0,650.9533333333334,508.7911111111111,1.9883333333333333,24,786,32.58,97,0,97,0,97,0
robust,liu_massdep_baseline_380,liu_massdep_baseline,380,12,125,0,OK,97,0,0,630.1611111111112,493.22222222222223,2.0430555555555556,24,786,34.84,97,0,97,0,97,0
robust,liu_massdep_baseline_380,liu_massdep_baseline,380,12,126,0,OK,97,0,0,606.0588888888889,492.8,0.7730555555555556,19,786,27.77,97,0,97,0,97,0
robust,liu_massdep_baseline_380,liu_massdep_baseline,380,12,127,0,OK,97,0,0,600.7088888888889,498.67333333333335,3.082222222222222,17,786,26.21,97,0,97,0,97,0
robust,liu_massdep_baseline_380,liu_massdep_baseline,380,12,128,0,OK,97,0,0,551.7488888888889,465.71,0.7308333333333333,15,786,26.55,97,0,97,0,97,0
robust,liu_massdep_baseline_380,liu_massdep_baseline,380,12,129,0,OK,97,0,0,559.7644444444444,475.0133333333333,2.116111111111111,15,786,26.62,97,0,97,0,97,0
robust,liu_massdep_baseline_380,liu_massdep_baseline,380,12,130,0,OK,97,0,0,639.4255555555555,510.0211111111111,2.6422222222222222,22,786,31.35,97,0,97,0,97,0
robust,liu_massdep_baseline_380,liu_massdep_baseline,380,13,101,0,OK,97,0,0,624.2266666666667,502.97777777777776,1.643888888888889,21,786,20.46,97,0,97,0,97,0
robust,liu_massdep_baseline_380,liu_massdep_baseline,380,13,102,0,OK,97,0,0,601.6166666666667,494.7733333333333,1.436388888888889,19,786,20.72,97,0,97,0,97,0
robust,liu_massdep_baseline_380,liu_massdep_baseline,380,13,103,0,OK,97,0,0,585.17,477.78444444444443,3.770277777777778,19,786,18.12,97,0,97,0,97,0
robust,liu_massdep_baseline_380,liu_massdep_baseline,380,13,104,0,OK,97,0,0,580.4311111111111,483.09,1.0769444444444445,16,786,17.26,97,0,97,0,97,0
robust,liu_massdep_baseline_380,liu_massdep_baseline,380,13,105,0,OK,97,0,0,608.7111111111111,486.69444444444446,1.7113888888888888,22,786,21.63,97,0,97,0,97,0
robust,liu_massdep_baseline_380,liu_massdep_baseline,380,13,106,0,OK,97,0,0,589.4677777777778,488.34444444444443,4.67,17,786,18.66,97,0,97,0,97,0
robust,liu_massdep_baseline_380,liu_massdep_baseline,380,13,107,0,OK,97,0,0,608.9855555555556,477.31333333333333,1.5741666666666667,23,786,20.7,97,0,97,0,97,0
robust,liu_massdep_baseline_380,liu_massdep_baseline,380,13,108,0,OK,97,0,0,602.1722222222222,486.06111111111113,2.270277777777778,19,786,19.0,97,0,97,0,97,0
robust,liu_massdep_baseline_380,liu_massdep_baseline,380,13,109,0,OK,97,0,0,584.2033333333334,477.6566666666667,1.1133333333333333,18,786,19.35,97,0,97,0,97,0
robust,liu_massdep_baseline_380,liu_massdep_baseline,380,13,110,0,OK,97,0,0,610.2944444444445,483.86555555555555,0.8747222222222222,21,786,18.35,97,0,97,0,97,0
robust,liu_massdep_baseline_380,liu_massdep_baseline,380,13,111,0,OK,97,0,0,573.0677777777778,487.2266666666667,2.3961111111111113,14,786,17.54,97,0,97,0,97,0
robust,liu_massdep_baseline_380,liu_massdep_baseline,380,13,112,0,OK,97,0,0,657.8755555555556,522.31,3.359166666666667,23,786,20.52,97,0,97,0,97,0
robust,liu_massdep_baseline_380,liu_massdep_baseline,380,13,113,0,OK,97,0,0,633.36,503.33666666666664,2.382222222222222,22,786,22.18,97,0,97,0,97,0
robust,liu_massdep_baseline_380,liu_massdep_baseline,380,13,114,0,OK,97,0,0,539.3422222222222,473.53222222222223,1.2275,11,786,17.64,97,0,97,0,97,0
robust,liu_massdep_baseline_380,liu_massdep_baseline,380,13,115,0,OK,97,0,0,585.2844444444445,484.62,3.4005555555555556,17,786,18.55,97,0,97,0,97,0
robust,liu_massdep_baseline_380,liu_massdep_baseline,380,13,116,0,OK,97,0,0,640.6044444444444,503.33,3.7069444444444444,25,786,23.57,97,0,97,0,97,0
robust,liu_massdep_baseline_380,liu_massdep_baseline,380,13,117,0,OK,97,0,0,556.3433333333334,484.81111111111113,3.5444444444444443,12,786,17.27,97,0,97,0,97,0
robust,liu_massdep_baseline_380,liu_massdep_baseline,380,13,118,0,OK,97,0,0,601.74,489.52444444444444,1.9702777777777778,18,786,19.91,97,0,97,0,97,0
robust,liu_massdep_baseline_380,liu_massdep_baseline,380,13,119,0,OK,97,0,0,616.71,505.1922222222222,2.115,19,786,17.99,97,0,97,0,97,0
robust,liu_massdep_baseline_380,liu_massdep_baseline,380,13,120,0,OK,97,0,0,611.91,493.1622222222222,0.8855555555555555,20,786,20.77,97,0,97,0,97,0
robust,liu_massdep_baseline_380,liu_massdep_baseline,380,13,121,0,OK,97,0,0,565.9288888888889,472.7611111111111,2.772777777777778,16,786,17.59,97,0,97,0,97,0
robust,liu_massdep_baseline_380,liu_massdep_baseline,380,13,122,0,OK,97,0,0,637.5055555555556,503.8877777777778,2.176111111111111,23,786,21.82,97,0,97,0,97,0
robust,liu_massdep_baseline_380,liu_massdep_baseline,380,13,123,0,OK,97,0,0,653.4277777777778,511.3311111111111,1.6930555555555555,24,786,21.58,97,0,97,0,97,0
robust,liu_massdep_baseline_380,liu_massdep_baseline,380,13,124,0,OK,97,0,0,644.75,502.5877777777778,1.9225,24,786,24.51,97,0,97,0,97,0
robust,liu_massdep_baseline_380,liu_massdep_baseline,380,13,125,0,OK,97,0,0,625.1311111111111,488.1922222222222,1.8038888888888889,24,786,20.28,97,0,97,0,97,0
robust,liu_massdep_baseline_380,liu_massdep_baseline,380,13,126,0,OK,97,0,0,601.8688888888889,488.61,1.3597222222222223,19,786,18.79,97,0,97,0,97,0
robust,liu_massdep_baseline_380,liu_massdep_baseline,380,13,127,0,OK,97,0,0,598.3522222222222,496.31666666666666,1.43,17,786,18.2,97,0,97,0,97,0
robust,liu_massdep_baseline_380,liu_massdep_baseline,380,13,128,0,OK,97,0,0,549.9766666666667,463.9377777777778,1.2561111111111112,15,786,14.46,97,0,97,0,97,0
robust,liu_massdep_baseline_380,liu_massdep_baseline,380,13,129,0,OK,97,0,0,558.1533333333333,473.40222222222224,2.4941666666666666,15,786,19.26,97,0,97,0,97,0
robust,liu_massdep_baseline_380,liu_massdep_baseline,380,13,130,0,OK,97,0,0,633.9266666666666,504.52222222222224,1.4383333333333332,22,786,19.6,97,0,97,0,97,0
robust,liu_massdep_baseline_425,liu_massdep_baseline,425,10,101,0,OK,97,0,0,476.1722222222222,476.1722222222222,1.9994444444444444,0,786,11.7,97,0,97,0,97,0
robust,liu_massdep_baseline_425,liu_massdep_baseline,425,10,102,0,OK,97,0,0,470.41,470.41,2.1275,0,786,16.03,97,0,97,0,97,0
robust,liu_massdep_baseline_425,liu_massdep_baseline,425,10,103,0,OK,97,0,0,456.98777777777775,456.98777777777775,2.673611111111111,0,786,16.69,97,0,97,0,97,0
robust,liu_massdep_baseline_425,liu_massdep_baseline,425,10,104,0,OK,97,0,0,465.3855555555556,465.3855555555556,1.3002777777777779,0,786,14.53,97,0,97,0,97,0
robust,liu_massdep_baseline_425,liu_massdep_baseline,425,10,105,0,OK,97,0,0,461.5233333333333,461.5233333333333,2.5855555555555556,0,786,16.07,97,0,97,0,97,0
robust,liu_massdep_baseline_425,liu_massdep_baseline,425,10,106,0,OK,97,0,0,472.15555555555557,472.15555555555557,1.6641666666666666,0,786,18.67,97,0,97,0,97,0
robust,liu_massdep_baseline_425,liu_massdep_baseline,425,10,107,0,OK,97,0,0,450.63444444444445,450.63444444444445,2.358611111111111,0,786,11.55,97,0,97,0,97,0
robust,liu_massdep_baseline_425,liu_massdep_baseline,425,10,108,0,OK,97,0,0,464.1388888888889,464.1388888888889,2.1663888888888887,0,786,15.45,97,0,97,0,97,0
robust,liu_massdep_baseline_425,liu_massdep_baseline,425,10,109,0,OK,97,0,0,458.4711111111111,458.4711111111111,1.1841666666666666,0,786,18.09,97,0,97,0,97,0
robust,liu_massdep_baseline_425,liu_massdep_baseline,425,10,110,0,OK,97,0,0,462.77777777777777,462.77777777777777,1.676111111111111,0,786,14.48,97,0,97,0,97,0
robust,liu_massdep_baseline_425,liu_massdep_baseline,425,10,111,0,OK,97,0,0,472.57444444444445,472.57444444444445,1.7116666666666667,0,786,16.42,97,0,97,0,97,0
robust,liu_massdep_baseline_425,liu_massdep_baseline,425,10,112,0,OK,97,0,0,493.98777777777775,493.98777777777775,3.3455555555555554,0,786,14.05,97,0,97,0,97,0
robust,liu_massdep_baseline_425,liu_massdep_baseline,425,10,113,0,OK,97,0,0,475.3433333333333,475.3433333333333,3.3233333333333333,0,786,12.88,97,0,97,0,97,0
robust,liu_massdep_baseline_425,liu_massdep_baseline,425,10,114,0,OK,97,0,0,462.1066666666667,462.1066666666667,1.1408333333333334,0,786,15.65,97,0,97,0,97,0
robust,liu_massdep_baseline_425,liu_massdep_baseline,425,10,115,0,OK,97,0,0,467.28,467.28,2.013611111111111,0,786,20.47,97,0,97,0,97,0
robust,liu_massdep_baseline_425,liu_massdep_baseline,425,10,116,0,OK,97,0,0,475.03222222222223,475.03222222222223,1.9683333333333333,0,786,15.58,97,0,97,0,97,0
robust,liu_massdep_baseline_425,liu_massdep_baseline,425,10,117,0,OK,97,0,0,472.7988888888889,472.7988888888889,2.325277777777778,0,786,15.43,97,0,97,0,97,0
robust,liu_massdep_baseline_425,liu_massdep_baseline,425,10,118,0,OK,97,0,0,467.8211111111111,467.8211111111111,1.7694444444444444,0,786,13.89,97,0,97,0,97,0
robust,liu_massdep_baseline_425,liu_massdep_baseline,425,10,119,0,OK,97,0,0,483.60777777777776,483.60777777777776,3.013611111111111,0,786,18.1,97,0,97,0,97,0
robust,liu_massdep_baseline_425,liu_massdep_baseline,425,10,120,0,OK,97,0,0,468.73333333333335,468.73333333333335,2.718611111111111,0,786,9.58,97,0,97,0,97,0
robust,liu_massdep_baseline_425,liu_massdep_baseline,425,10,121,0,OK,97,0,0,458.0311111111111,458.0311111111111,4.023888888888889,0,786,11.48,97,0,97,0,97,0
robust,liu_massdep_baseline_425,liu_massdep_baseline,425,10,122,0,OK,97,0,0,472.3566666666667,472.3566666666667,2.262777777777778,0,786,12.44,97,0,97,0,97,0
robust,liu_massdep_baseline_425,liu_massdep_baseline,425,10,123,0,OK,97,0,0,484.12666666666667,484.12666666666667,1.9761111111111112,0,786,15.47,97,0,97,0,97,0
robust,liu_massdep_baseline_425,liu_massdep_baseline,425,10,124,0,OK,97,0,0,468.88444444444445,468.88444444444445,1.5177777777777777,0,786,15.34,97,0,97,0,97,0
robust,liu_massdep_baseline_425,liu_massdep_baseline,425,10,125,0,OK,97,0,0,461.0855555555556,461.0855555555556,3.607222222222222,0,786,17.0,97,0,97,0,97,0
robust,liu_massdep_baseline_425,liu_massdep_baseline,425,10,126,0,OK,97,0,0,468.16333333333336,468.16333333333336,1.9325,0,786,16.26,97,0,97,0,97,0
robust,liu_massdep_baseline_425,liu_massdep_baseline,425,10,127,0,OK,97,0,0,476.7311111111111,476.7311111111111,2.4975,0,786,15.46,97,0,97,0,97,0
robust,liu_massdep_baseline_425,liu_massdep_baseline,425,10,128,0,OK,97,0,0,448.16333333333336,448.16333333333336,2.4902777777777776,0,786,15.3,97,0,97,0,97,0
robust,liu_massdep_baseline_425,liu_massdep_baseline,425,10,129,0,OK,97,0,0,456.9211111111111,456.9211111111111,3.1041666666666665,0,786,15.28,97,0,97,0,97,0
robust,liu_massdep_baseline_425,liu_massdep_baseline,425,10,130,0,OK,97,0,0,479.64222222222224,479.64222222222224,1.5291666666666666,0,786,16.72,97,0,97,0,97,0
robust,liu_massdep_baseline_425,liu_massdep_baseline,425,11,101,0,OK,97,0,0,476.24333333333334,476.24333333333334,1.5980555555555556,0,786,9.26,97,0,97,0,97,0
robust,liu_massdep_baseline_425,liu_massdep_baseline,425,11,102,0,OK,97,0,0,469.6355555555556,469.6355555555556,1.2683333333333333,0,786,11.36,97,0,97,0,97,0
robust,liu_massdep_baseline_425,liu_massdep_baseline,425,11,103,0,OK,97,0,0,455.9166666666667,455.9166666666667,1.9722222222222223,0,786,11.35,97,0,97,0,97,0
robust,liu_massdep_baseline_425,liu_massdep_baseline,425,11,104,0,OK,97,0,0,465.47777777777776,465.47777777777776,0.6733333333333333,0,786,10.56,97,0,97,0,97,0
robust,liu_massdep_baseline_425,liu_massdep_baseline,425,11,105,0,OK,97,0,0,459.7688888888889,459.7688888888889,2.410277777777778,0,786,10.54,97,0,97,0,97,0
robust,liu_massdep_baseline_425,liu_massdep_baseline,425,11,106,0,OK,97,0,0,470.8011111111111,470.8011111111111,2.0297222222222224,0,786,11.84,97,0,97,0,97,0
robust,liu_massdep_baseline_425,liu_massdep_baseline,425,11,107,0,OK,97,0,0,449.1088888888889,449.1088888888889,2.1580555555555554,0,786,9.89,97,0,97,0,97,0
robust,liu_massdep_baseline_425,liu_massdep_baseline,425,11,108,0,OK,97,0,0,462.47444444444443,462.47444444444443,2.6425,0,786,9.75,97,0,97,0,97,0
robust,liu_massdep_baseline_425,liu_massdep_baseline,425,11,109,0,OK,97,0,0,457.1711111111111,457.1711111111111,1.195,0,786,10.89,97,0,97,0,97,0
robust,liu_massdep_baseline_425,liu_massdep_baseline,425,11,110,0,OK,97,0,0,462.08,462.08,0.4047222222222222,0,786,8.61,97,0,97,0,97,0
robust,liu_massdep_baseline_425,liu_massdep_baseline,425,11,111,0,OK,97,0,0,471.72222222222223,471.72222222222223,3.0394444444444444,0,786,11.7,97,0,97,0,97,0
robust,liu_massdep_baseline_425,liu_massdep_baseline,425,11,112,0,OK,97,0,0,493.6533333333333,493.6533333333333,2.316388888888889,0,786,9.97,97,0,97,0,97,0
robust,liu_massdep_baseline_425,liu_massdep_baseline,425,11,113,0,OK,97,0,0,475.96777777777777,475.96777777777777,2.3025,0,786,11.3,97,0,97,0,97,0
robust,liu_massdep_baseline_425,liu_massdep_baseline,425,11,114,0,OK,97,0,0,463.03777777777776,463.03777777777776,2.1216666666666666,0,786,10.57,97,0,97,0,97,0
robust,liu_massdep_baseline_425,liu_massdep_baseline,425,11,115,0,OK,97,0,0,464.8388888888889,464.8388888888889,3.1294444444444443,0,786,11.69,97,0,97,0,97,0
robust,liu_massdep_baseline_425,liu_massdep_baseline,425,11,116,0,OK,97,0,0,472.6411111111111,472.6411111111111,2.078333333333333,0,786,11.92,97,0,97,0,97,0
robust,liu_massdep_baseline_425,liu_massdep_baseline,425,11,117,0,OK,97,0,0,472.0211111111111,472.0211111111111,1.8844444444444444,0,786,10.5,97,0,97,0,97,0
robust,liu_massdep_baseline_425,liu_massdep_baseline,425,11,118,0,OK,97,0,0,467.2966666666667,467.2966666666667,1.3822222222222222,0,786,9.3,97,0,97,0,97,0
robust,liu_massdep_baseline_425,liu_massdep_baseline,425,11,119,0,OK,97,0,0,482.55333333333334,482.55333333333334,2.281111111111111,0,786,10.21,97,0,97,0,97,0
robust,liu_massdep_baseline_425,liu_massdep_baseline,425,11,120,0,OK,97,0,0,467.7811111111111,467.7811111111111,2.238888888888889,0,786,10.74,97,0,97,0,97,0
robust,liu_massdep_baseline_425,liu_massdep_baseline,425,11,121,0,OK,97,0,0,456.71555555555557,456.71555555555557,2.8975,0,786,10.69,97,0,97,0,97,0
robust,liu_massdep_baseline_425,liu_massdep_baseline,425,11,122,0,OK,97,0,0,470.4766666666667,470.4766666666667,1.1736111111111112,0,786,10.39,97,0,97,0,97,0
robust,liu_massdep_baseline_425,liu_massdep_baseline,425,11,123,0,OK,97,0,0,481.9066666666667,481.9066666666667,1.5552777777777778,0,786,11.63,97,0,97,0,97,0
robust,liu_massdep_baseline_425,liu_massdep_baseline,425,11,124,0,OK,97,0,0,468.92333333333335,468.92333333333335,1.4697222222222222,0,786,9.99,97,0,97,0,97,0
robust,liu_massdep_baseline_425,liu_massdep_baseline,425,11,125,0,OK,97,0,0,459.71444444444444,459.71444444444444,2.3380555555555556,0,786,10.31,97,0,97,0,97,0
robust,liu_massdep_baseline_425,liu_massdep_baseline,425,11,126,0,OK,97,0,0,466.43444444444447,466.43444444444447,1.9116666666666666,0,786,12.22,97,0,97,0,97,0
robust,liu_massdep_baseline_425,liu_massdep_baseline,425,11,127,0,OK,97,0,0,476.53,476.53,2.385,0,786,11.74,97,0,97,0,97,0
robust,liu_massdep_baseline_425,liu_massdep_baseline,425,11,128,0,OK,97,0,0,448.0777777777778,448.0777777777778,3.0808333333333335,0,786,10.79,97,0,97,0,97,0
robust,liu_massdep_baseline_425,liu_massdep_baseline,425,11,129,0,OK,97,0,0,455.58666666666664,455.58666666666664,1.271111111111111,0,786,10.37,97,0,97,0,97,0
robust,liu_massdep_baseline_425,liu_massdep_baseline,425,11,130,0,OK,97,0,0,478.31888888888886,478.31888888888886,2.0077777777777777,0,786,11.44,97,0,97,0,97,0
robust,liu_massdep_baseline_425,liu_massdep_baseline,425,9,101,0,OK,97,0,0,478.39444444444445,478.39444444444445,2.556111111111111,0,786,14.26,97,0,97,0,97,0
robust,liu_massdep_baseline_425,liu_massdep_baseline,425,9,102,0,OK,97,0,0,471.39222222222224,471.39222222222224,2.604722222222222,0,786,14.01,97,0,97,0,97,0
robust,liu_massdep_baseline_425,liu_massdep_baseline,425,9,103,0,OK,97,0,0,458.3811111111111,458.3811111111111,2.7311111111111113,0,786,13.98,97,0,97,0,97,0
robust,liu_massdep_baseline_425,liu_massdep_baseline,425,9,104,0,OK,97,0,0,466.34555555555556,466.34555555555556,2.1894444444444443,0,786,10.5,97,0,97,0,97,0
robust,liu_massdep_baseline_425,liu_massdep_baseline,425,9,105,0,OK,97,0,0,463.74333333333334,463.74333333333334,3.338611111111111,0,786,12.51,97,0,97,0,97,0
robust,liu_massdep_baseline_425,liu_massdep_baseline,425,9,106,0,OK,97,0,0,472.8466666666667,472.8466666666667,1.8877777777777778,0,786,12.93,97,0,97,0,97,0
robust,liu_massdep_baseline_425,liu_massdep_baseline,425,9,107,0,OK,97,0,0,451.16333333333336,451.16333333333336,2.6972222222222224,0,786,14.33,97,0,97,0,97,0
robust,liu_massdep_baseline_425,liu_massdep_baseline,425,9,108,0,OK,97,0,0,465.72444444444443,465.72444444444443,2.623611111111111,0,786,11.2,97,0,97,0,97,0
robust,liu_massdep_baseline_425,liu_massdep_baseline,425,9,109,0,OK,97,0,0,459.03555555555556,459.03555555555556,2.1305555555555555,0,786,13.95,97,0,97,0,97,0
robust,liu_massdep_baseline_425,liu_massdep_baseline,425,9,110,0,OK,97,0,0,465.5288888888889,465.5288888888889,2.2475,0,786,11.99,97,0,97,0,97,0
robust,liu_massdep_baseline_425,liu_massdep_baseline,425,9,111,0,OK,97,0,0,474.9822222222222,474.9822222222222,3.756388888888889,0,786,15.62,97,0,97,0,97,0
robust,liu_massdep_baseline_425,liu_massdep_baseline,425,9,112,0,OK,97,0,0,497.31,497.31,2.8072222222222223,0,786,12.38,97,0,97,0,97,0
robust,liu_massdep_baseline_425,liu_massdep_baseline,425,9,113,0,OK,97,0,0,480.9822222222222,480.9822222222222,3.01,0,786,14.87,97,0,97,0,97,0
robust,liu_massdep_baseline_425,liu_massdep_baseline,425,9,114,0,OK,97,0,0,462.87111111111113,462.87111111111113,2.069722222222222,0,786,14.58,97,0,97,0,97,0
robust,liu_massdep_baseline_425,liu_massdep_baseline,425,9,115,0,OK,97,0,0,468.12555555555554,468.12555555555554,3.09,0,786,13.7,97,0,97,0,97,0
robust,liu_massdep_baseline_425,liu_massdep_baseline,425,9,116,0,OK,97,0,0,476.1088888888889,476.1088888888889,3.944166666666667,0,786,11.7,97,0,97,0,97,0
robust,liu_massdep_baseline_425,liu_massdep_baseline,425,9,117,0,OK,97,0,0,474.0722222222222,474.0722222222222,1.9313888888888888,0,786,14.52,97,0,97,0,97,0
robust,liu_massdep_baseline_425,liu_massdep_baseline,425,9,118,0,OK,97,0,0,470.9488888888889,470.9488888888889,2.7719444444444443,0,786,11.61,97,0,97,0,97,0
robust,liu_massdep_baseline_425,liu_massdep_baseline,425,9,119,0,OK,97,0,0,484.7966666666667,484.7966666666667,2.508888888888889,0,786,14.74,97,0,97,0,97,0
robust,liu_massdep_baseline_425,liu_massdep_baseline,425,9,120,0,OK,97,0,0,470.46666666666664,470.46666666666664,1.7002777777777778,0,786,12.61,97,0,97,0,97,0
robust,liu_massdep_baseline_425,liu_massdep_baseline,425,9,121,0,OK,97,0,0,459.02777777777777,459.02777777777777,3.2916666666666665,0,786,14.63,97,0,97,0,97,0
robust,liu_massdep_baseline_425,liu_massdep_baseline,425,9,122,0,OK,97,0,0,473.86,473.86,1.6633333333333333,0,786,14.81,97,0,97,0,97,0
robust,liu_massdep_baseline_425,liu_massdep_baseline,425,9,123,0,OK,97,0,0,485.55555555555554,485.55555555555554,2.6830555555555557,0,786,13.43,97,0,97,0,97,0
robust,liu_massdep_baseline_425,liu_massdep_baseline,425,9,124,0,OK,97,0,0,470.50111111111113,470.50111111111113,2.1505555555555556,0,786,11.34,97,0,97,0,97,0
robust,liu_massdep_baseline_425,liu_massdep_baseline,425,9,125,0,OK,97,0,0,461.4088888888889,461.4088888888889,2.4616666666666664,0,786,15.18,97,0,97,0,97,0
robust,liu_massdep_baseline_425,liu_massdep_baseline,425,9,126,0,OK,97,0,0,469.3311111111111,469.3311111111111,1.623888888888889,0,786,14.3,97,0,97,0,97,0
robust,liu_massdep_baseline_425,liu_massdep_baseline,425,9,127,0,OK,97,0,0,479.6333333333333,479.6333333333333,2.886388888888889,0,786,14.04,97,0,97,0,97,0
robust,liu_massdep_baseline_425,liu_massdep_baseline,425,9,128,0,OK,97,0,0,448.8955555555556,448.8955555555556,2.877222222222222,0,786,14.56,97,0,97,0,97,0
robust,liu_massdep_baseline_425,liu_massdep_baseline,425,9,129,0,OK,97,0,0,457.74111111111114,457.74111111111114,2.426388888888889,0,786,14.0,97,0,97,0,97,0
robust,liu_massdep_baseline_425,liu_massdep_baseline,425,9,130,0,OK,97,0,0,483.79333333333335,483.79333333333335,1.936388888888889,0,786,15.81,97,0,97,0,97,0
robust,liu_massdep_baseline_500,liu_massdep_baseline,500,10,101,0,OK,97,0,0,476.1722222222222,476.1722222222222,1.9994444444444444,0,786,15.5,97,0,97,0,97,0
robust,liu_massdep_baseline_500,liu_massdep_baseline,500,10,102,0,OK,97,0,0,470.41,470.41,2.1275,0,786,17.28,97,0,97,0,97,0
robust,liu_massdep_baseline_500,liu_massdep_baseline,500,10,103,0,OK,97,0,0,456.98777777777775,456.98777777777775,2.673611111111111,0,786,15.91,97,0,97,0,97,0
robust,liu_massdep_baseline_500,liu_massdep_baseline,500,10,104,0,OK,97,0,0,465.3855555555556,465.3855555555556,1.3002777777777779,0,786,15.98,97,0,97,0,97,0
robust,liu_massdep_baseline_500,liu_massdep_baseline,500,10,105,0,OK,97,0,0,461.5233333333333,461.5233333333333,2.5855555555555556,0,786,15.87,97,0,97,0,97,0
robust,liu_massdep_baseline_500,liu_massdep_baseline,500,10,106,0,OK,97,0,0,472.15555555555557,472.15555555555557,1.6641666666666666,0,786,12.92,97,0,97,0,97,0
robust,liu_massdep_baseline_500,liu_massdep_baseline,500,10,107,0,OK,97,0,0,450.63444444444445,450.63444444444445,2.358611111111111,0,786,15.13,97,0,97,0,97,0
robust,liu_massdep_baseline_500,liu_massdep_baseline,500,10,108,0,OK,97,0,0,464.1388888888889,464.1388888888889,2.1663888888888887,0,786,16.76,97,0,97,0,97,0
robust,liu_massdep_baseline_500,liu_massdep_baseline,500,10,109,0,OK,97,0,0,458.4711111111111,458.4711111111111,1.1841666666666666,0,786,16.27,97,0,97,0,97,0
robust,liu_massdep_baseline_500,liu_massdep_baseline,500,10,110,0,OK,97,0,0,462.77777777777777,462.77777777777777,1.676111111111111,0,786,16.68,97,0,97,0,97,0
robust,liu_massdep_baseline_500,liu_massdep_baseline,500,10,111,0,OK,97,0,0,472.57444444444445,472.57444444444445,1.7116666666666667,0,786,16.9,97,0,97,0,97,0
robust,liu_massdep_baseline_500,liu_massdep_baseline,500,10,112,0,OK,97,0,0,493.98777777777775,493.98777777777775,3.3455555555555554,0,786,10.28,97,0,97,0,97,0
robust,liu_massdep_baseline_500,liu_massdep_baseline,500,10,113,0,OK,97,0,0,475.3433333333333,475.3433333333333,3.3233333333333333,0,786,13.64,97,0,97,0,97,0
robust,liu_massdep_baseline_500,liu_massdep_baseline,500,10,114,0,OK,97,0,0,462.1066666666667,462.1066666666667,1.1408333333333334,0,786,14.54,97,0,97,0,97,0
robust,liu_massdep_baseline_500,liu_massdep_baseline,500,10,115,0,OK,97,0,0,467.28,467.28,2.013611111111111,0,786,15.67,97,0,97,0,97,0
robust,liu_massdep_baseline_500,liu_massdep_baseline,500,10,116,0,OK,97,0,0,475.03222222222223,475.03222222222223,1.9683333333333333,0,786,13.28,97,0,97,0,97,0
robust,liu_massdep_baseline_500,liu_massdep_baseline,500,10,117,0,OK,97,0,0,472.7988888888889,472.7988888888889,2.325277777777778,0,786,16.03,97,0,97,0,97,0
robust,liu_massdep_baseline_500,liu_massdep_baseline,500,10,118,0,OK,97,0,0,467.8211111111111,467.8211111111111,1.7694444444444444,0,786,14.22,97,0,97,0,97,0
robust,liu_massdep_baseline_500,liu_massdep_baseline,500,10,119,0,OK,97,0,0,483.60777777777776,483.60777777777776,3.013611111111111,0,786,17.95,97,0,97,0,97,0
robust,liu_massdep_baseline_500,liu_massdep_baseline,500,10,120,0,OK,97,0,0,468.73333333333335,468.73333333333335,2.718611111111111,0,786,11.39,97,0,97,0,97,0
robust,liu_massdep_baseline_500,liu_massdep_baseline,500,10,121,0,OK,97,0,0,458.0311111111111,458.0311111111111,4.023888888888889,0,786,11.67,97,0,97,0,97,0
robust,liu_massdep_baseline_500,liu_massdep_baseline,500,10,122,0,OK,97,0,0,472.3566666666667,472.3566666666667,2.262777777777778,0,786,15.31,97,0,97,0,97,0
robust,liu_massdep_baseline_500,liu_massdep_baseline,500,10,123,0,OK,97,0,0,484.12666666666667,484.12666666666667,1.9761111111111112,0,786,13.75,97,0,97,0,97,0
robust,liu_massdep_baseline_500,liu_massdep_baseline,500,10,124,0,OK,97,0,0,468.88444444444445,468.88444444444445,1.5177777777777777,0,786,17.59,97,0,97,0,97,0
robust,liu_massdep_baseline_500,liu_massdep_baseline,500,10,125,0,OK,97,0,0,461.0855555555556,461.0855555555556,3.607222222222222,0,786,14.28,97,0,97,0,97,0
robust,liu_massdep_baseline_500,liu_massdep_baseline,500,10,126,0,OK,97,0,0,468.16333333333336,468.16333333333336,1.9325,0,786,16.48,97,0,97,0,97,0
robust,liu_massdep_baseline_500,liu_massdep_baseline,500,10,127,0,OK,97,0,0,476.7311111111111,476.7311111111111,2.4975,0,786,11.77,97,0,97,0,97,0
robust,liu_massdep_baseline_500,liu_massdep_baseline,500,10,128,0,OK,97,0,0,448.16333333333336,448.16333333333336,2.4902777777777776,0,786,11.77,97,0,97,0,97,0
robust,liu_massdep_baseline_500,liu_massdep_baseline,500,10,129,0,OK,97,0,0,456.9211111111111,456.9211111111111,3.1041666666666665,0,786,10.98,97,0,97,0,97,0
robust,liu_massdep_baseline_500,liu_massdep_baseline,500,10,130,0,OK,97,0,0,479.64222222222224,479.64222222222224,1.5291666666666666,0,786,16.31,97,0,97,0,97,0
robust,liu_massdep_baseline_500,liu_massdep_baseline,500,11,101,0,OK,97,0,0,476.24333333333334,476.24333333333334,1.5980555555555556,0,786,11.51,97,0,97,0,97,0
robust,liu_massdep_baseline_500,liu_massdep_baseline,500,11,102,0,OK,97,0,0,469.6355555555556,469.6355555555556,1.2683333333333333,0,786,9.76,97,0,97,0,97,0
robust,liu_massdep_baseline_500,liu_massdep_baseline,500,11,103,0,OK,97,0,0,455.9166666666667,455.9166666666667,1.9722222222222223,0,786,11.24,97,0,97,0,97,0
robust,liu_massdep_baseline_500,liu_massdep_baseline,500,11,104,0,OK,97,0,0,465.47777777777776,465.47777777777776,0.6733333333333333,0,786,11.94,97,0,97,0,97,0
robust,liu_massdep_baseline_500,liu_massdep_baseline,500,11,105,0,OK,97,0,0,459.7688888888889,459.7688888888889,2.410277777777778,0,786,11.0,97,0,97,0,97,0
robust,liu_massdep_baseline_500,liu_massdep_baseline,500,11,106,0,OK,97,0,0,470.8011111111111,470.8011111111111,2.0297222222222224,0,786,10.52,97,0,97,0,97,0
robust,liu_massdep_baseline_500,liu_massdep_baseline,500,11,107,0,OK,97,0,0,449.1088888888889,449.1088888888889,2.1580555555555554,0,786,9.46,97,0,97,0,97,0
robust,liu_massdep_baseline_500,liu_massdep_baseline,500,11,108,0,OK,97,0,0,462.47444444444443,462.47444444444443,2.6425,0,786,11.0,97,0,97,0,97,0
robust,liu_massdep_baseline_500,liu_massdep_baseline,500,11,109,0,OK,97,0,0,457.1711111111111,457.1711111111111,1.195,0,786,12.5,97,0,97,0,97,0
robust,liu_massdep_baseline_500,liu_massdep_baseline,500,11,110,0,OK,97,0,0,462.08,462.08,0.4047222222222222,0,786,10.5,97,0,97,0,97,0
robust,liu_massdep_baseline_500,liu_massdep_baseline,500,11,111,0,OK,97,0,0,471.72222222222223,471.72222222222223,3.0394444444444444,0,786,11.36,97,0,97,0,97,0
robust,liu_massdep_baseline_500,liu_massdep_baseline,500,11,112,0,OK,97,0,0,493.6533333333333,493.6533333333333,2.316388888888889,0,786,11.41,97,0,97,0,97,0
robust,liu_massdep_baseline_500,liu_massdep_baseline,500,11,113,0,OK,97,0,0,475.96777777777777,475.96777777777777,2.3025,0,786,10.95,97,0,97,0,97,0
robust,liu_massdep_baseline_500,liu_massdep_baseline,500,11,114,0,OK,97,0,0,463.03777777777776,463.03777777777776,2.1216666666666666,0,786,11.7,97,0,97,0,97,0
robust,liu_massdep_baseline_500,liu_massdep_baseline,500,11,115,0,OK,97,0,0,464.8388888888889,464.8388888888889,3.1294444444444443,0,786,10.46,97,0,97,0,97,0
robust,liu_massdep_baseline_500,liu_massdep_baseline,500,11,116,0,OK,97,0,0,472.6411111111111,472.6411111111111,2.078333333333333,0,786,11.96,97,0,97,0,97,0
robust,liu_massdep_baseline_500,liu_massdep_baseline,500,11,117,0,OK,97,0,0,472.0211111111111,472.0211111111111,1.8844444444444444,0,786,11.09,97,0,97,0,97,0
robust,liu_massdep_baseline_500,liu_massdep_baseline,500,11,118,0,OK,97,0,0,467.2966666666667,467.2966666666667,1.3822222222222222,0,786,10.91,97,0,97,0,97,0
robust,liu_massdep_baseline_500,liu_massdep_baseline,500,11,119,0,OK,97,0,0,482.55333333333334,482.55333333333334,2.281111111111111,0,786,10.62,97,0,97,0,97,0
robust,liu_massdep_baseline_500,liu_massdep_baseline,500,11,120,0,OK,97,0,0,467.7811111111111,467.7811111111111,2.238888888888889,0,786,11.17,97,0,97,0,97,0
robust,liu_massdep_baseline_500,liu_massdep_baseline,500,11,121,0,OK,97,0,0,456.71555555555557,456.71555555555557,2.8975,0,786,9.75,97,0,97,0,97,0
robust,liu_massdep_baseline_500,liu_massdep_baseline,500,11,122,0,OK,97,0,0,470.4766666666667,470.4766666666667,1.1736111111111112,0,786,10.99,97,0,97,0,97,0
robust,liu_massdep_baseline_500,liu_massdep_baseline,500,11,123,0,OK,97,0,0,481.9066666666667,481.9066666666667,1.5552777777777778,0,786,9.89,97,0,97,0,97,0
robust,liu_massdep_baseline_500,liu_massdep_baseline,500,11,124,0,OK,97,0,0,468.92333333333335,468.92333333333335,1.4697222222222222,0,786,11.1,97,0,97,0,97,0
robust,liu_massdep_baseline_500,liu_massdep_baseline,500,11,125,0,OK,97,0,0,459.71444444444444,459.71444444444444,2.3380555555555556,0,786,10.61,97,0,97,0,97,0
robust,liu_massdep_baseline_500,liu_massdep_baseline,500,11,126,0,OK,97,0,0,466.43444444444447,466.43444444444447,1.9116666666666666,0,786,10.82,97,0,97,0,97,0
robust,liu_massdep_baseline_500,liu_massdep_baseline,500,11,127,0,OK,97,0,0,476.53,476.53,2.385,0,786,11.13,97,0,97,0,97,0
robust,liu_massdep_baseline_500,liu_massdep_baseline,500,11,128,0,OK,97,0,0,448.0777777777778,448.0777777777778,3.0808333333333335,0,786,11.14,97,0,97,0,97,0
robust,liu_massdep_baseline_500,liu_massdep_baseline,500,11,129,0,OK,97,0,0,455.58666666666664,455.58666666666664,1.271111111111111,0,786,12.15,97,0,97,0,97,0
robust,liu_massdep_baseline_500,liu_massdep_baseline,500,11,130,0,OK,97,0,0,478.31888888888886,478.31888888888886,2.0077777777777777,0,786,11.41,97,0,97,0,97,0
robust,liu_massdep_baseline_500,liu_massdep_baseline,500,9,101,0,OK,97,0,0,478.39444444444445,478.39444444444445,2.556111111111111,0,786,14.28,97,0,97,0,97,0
robust,liu_massdep_baseline_500,liu_massdep_baseline,500,9,102,0,OK,97,0,0,471.39222222222224,471.39222222222224,2.604722222222222,0,786,13.01,97,0,97,0,97,0
robust,liu_massdep_baseline_500,liu_massdep_baseline,500,9,103,0,OK,97,0,0,458.3811111111111,458.3811111111111,2.7311111111111113,0,786,12.6,97,0,97,0,97,0
robust,liu_massdep_baseline_500,liu_massdep_baseline,500,9,104,0,OK,97,0,0,466.34555555555556,466.34555555555556,2.1894444444444443,0,786,10.26,97,0,97,0,97,0
robust,liu_massdep_baseline_500,liu_massdep_baseline,500,9,105,0,OK,97,0,0,463.74333333333334,463.74333333333334,3.338611111111111,0,786,9.15,97,0,97,0,97,0
robust,liu_massdep_baseline_500,liu_massdep_baseline,500,9,106,0,OK,97,0,0,472.8466666666667,472.8466666666667,1.8877777777777778,0,786,14.89,97,0,97,0,97,0
robust,liu_massdep_baseline_500,liu_massdep_baseline,500,9,107,0,OK,97,0,0,451.16333333333336,451.16333333333336,2.6972222222222224,0,786,14.45,97,0,97,0,97,0
robust,liu_massdep_baseline_500,liu_massdep_baseline,500,9,108,0,OK,97,0,0,465.72444444444443,465.72444444444443,2.623611111111111,0,786,14.33,97,0,97,0,97,0
robust,liu_massdep_baseline_500,liu_massdep_baseline,500,9,109,0,OK,97,0,0,459.03555555555556,459.03555555555556,2.1305555555555555,0,786,14.0,97,0,97,0,97,0
robust,liu_massdep_baseline_500,liu_massdep_baseline,500,9,110,0,OK,97,0,0,465.5288888888889,465.5288888888889,2.2475,0,786,13.34,97,0,97,0,97,0
robust,liu_massdep_baseline_500,liu_massdep_baseline,500,9,111,0,OK,97,0,0,474.9822222222222,474.9822222222222,3.756388888888889,0,786,11.09,97,0,97,0,97,0
robust,liu_massdep_baseline_500,liu_massdep_baseline,500,9,112,0,OK,97,0,0,497.31,497.31,2.8072222222222223,0,786,13.67,97,0,97,0,97,0
robust,liu_massdep_baseline_500,liu_massdep_baseline,500,9,113,0,OK,97,0,0,480.9822222222222,480.9822222222222,3.01,0,786,11.69,97,0,97,0,97,0
robust,liu_massdep_baseline_500,liu_massdep_baseline,500,9,114,0,OK,97,0,0,462.87111111111113,462.87111111111113,2.069722222222222,0,786,14.11,97,0,97,0,97,0
robust,liu_massdep_baseline_500,liu_massdep_baseline,500,9,115,0,OK,97,0,0,468.12555555555554,468.12555555555554,3.09,0,786,11.56,97,0,97,0,97,0
robust,liu_massdep_baseline_500,liu_massdep_baseline,500,9,116,0,OK,97,0,0,476.1088888888889,476.1088888888889,3.944166666666667,0,786,14.32,97,0,97,0,97,0
robust,liu_massdep_baseline_500,liu_massdep_baseline,500,9,117,0,OK,97,0,0,474.0722222222222,474.0722222222222,1.9313888888888888,0,786,12.36,97,0,97,0,97,0
robust,liu_massdep_baseline_500,liu_massdep_baseline,500,9,118,0,OK,97,0,0,470.9488888888889,470.9488888888889,2.7719444444444443,0,786,14.14,97,0,97,0,97,0
robust,liu_massdep_baseline_500,liu_massdep_baseline,500,9,119,0,OK,97,0,0,484.7966666666667,484.7966666666667,2.508888888888889,0,786,15.07,97,0,97,0,97,0
robust,liu_massdep_baseline_500,liu_massdep_baseline,500,9,120,0,OK,97,0,0,470.46666666666664,470.46666666666664,1.7002777777777778,0,786,13.95,97,0,97,0,97,0
robust,liu_massdep_baseline_500,liu_massdep_baseline,500,9,121,0,OK,97,0,0,459.02777777777777,459.02777777777777,3.2916666666666665,0,786,13.78,97,0,97,0,97,0
robust,liu_massdep_baseline_500,liu_massdep_baseline,500,9,122,0,OK,97,0,0,473.86,473.86,1.6633333333333333,0,786,12.6,97,0,97,0,97,0
robust,liu_massdep_baseline_500,liu_massdep_baseline,500,9,123,0,OK,97,0,0,485.55555555555554,485.55555555555554,2.6830555555555557,0,786,13.51,97,0,97,0,97,0
robust,liu_massdep_baseline_500,liu_massdep_baseline,500,9,124,0,OK,97,0,0,470.50111111111113,470.50111111111113,2.1505555555555556,0,786,15.5,97,0,97,0,97,0
robust,liu_massdep_baseline_500,liu_massdep_baseline,500,9,125,0,OK,97,0,0,461.4088888888889,461.4088888888889,2.4616666666666664,0,786,13.56,97,0,97,0,97,0
robust,liu_massdep_baseline_500,liu_massdep_baseline,500,9,126,0,OK,97,0,0,469.3311111111111,469.3311111111111,1.623888888888889,0,786,11.77,97,0,97,0,97,0
robust,liu_massdep_baseline_500,liu_massdep_baseline,500,9,127,0,OK,97,0,0,479.6333333333333,479.6333333333333,2.886388888888889,0,786,11.56,97,0,97,0,97,0
robust,liu_massdep_baseline_500,liu_massdep_baseline,500,9,128,0,OK,97,0,0,448.8955555555556,448.8955555555556,2.877222222222222,0,786,10.38,97,0,97,0,97,0
robust,liu_massdep_baseline_500,liu_massdep_baseline,500,9,129,0,OK,97,0,0,457.74111111111114,457.74111111111114,2.426388888888889,0,786,11.92,97,0,97,0,97,0
robust,liu_massdep_baseline_500,liu_massdep_baseline,500,9,130,0,OK,97,0,0,483.79333333333335,483.79333333333335,1.936388888888889,0,786,15.38,97,0,97,0,97,0
robust,liu_massdep_baseline_550,liu_massdep_baseline,550,10,101,0,OK,97,0,0,476.1722222222222,476.1722222222222,1.9994444444444444,0,786,14.93,97,0,97,0,97,0
robust,liu_massdep_baseline_550,liu_massdep_baseline,550,10,102,0,OK,97,0,0,470.41,470.41,2.1275,0,786,14.09,97,0,97,0,97,0
robust,liu_massdep_baseline_550,liu_massdep_baseline,550,10,103,0,OK,97,0,0,456.98777777777775,456.98777777777775,2.673611111111111,0,786,14.82,97,0,97,0,97,0
robust,liu_massdep_baseline_550,liu_massdep_baseline,550,10,104,0,OK,97,0,0,465.3855555555556,465.3855555555556,1.3002777777777779,0,786,16.6,97,0,97,0,97,0
robust,liu_massdep_baseline_550,liu_massdep_baseline,550,10,105,0,OK,97,0,0,461.5233333333333,461.5233333333333,2.5855555555555556,0,786,12.03,97,0,97,0,97,0
robust,liu_massdep_baseline_550,liu_massdep_baseline,550,10,106,0,OK,97,0,0,472.15555555555557,472.15555555555557,1.6641666666666666,0,786,17.29,97,0,97,0,97,0
robust,liu_massdep_baseline_550,liu_massdep_baseline,550,10,107,0,OK,97,0,0,450.63444444444445,450.63444444444445,2.358611111111111,0,786,13.87,97,0,97,0,97,0
robust,liu_massdep_baseline_550,liu_massdep_baseline,550,10,108,0,OK,97,0,0,464.1388888888889,464.1388888888889,2.1663888888888887,0,786,15.55,97,0,97,0,97,0
robust,liu_massdep_baseline_550,liu_massdep_baseline,550,10,109,0,OK,97,0,0,458.4711111111111,458.4711111111111,1.1841666666666666,0,786,11.38,97,0,97,0,97,0
robust,liu_massdep_baseline_550,liu_massdep_baseline,550,10,110,0,OK,97,0,0,462.77777777777777,462.77777777777777,1.676111111111111,0,786,17.67,97,0,97,0,97,0
robust,liu_massdep_baseline_550,liu_massdep_baseline,550,10,111,0,OK,97,0,0,472.57444444444445,472.57444444444445,1.7116666666666667,0,786,15.46,97,0,97,0,97,0
robust,liu_massdep_baseline_550,liu_massdep_baseline,550,10,112,0,OK,97,0,0,493.98777777777775,493.98777777777775,3.3455555555555554,0,786,18.28,97,0,97,0,97,0
robust,liu_massdep_baseline_550,liu_massdep_baseline,550,10,113,0,OK,97,0,0,475.3433333333333,475.3433333333333,3.3233333333333333,0,786,11.57,97,0,97,0,97,0
robust,liu_massdep_baseline_550,liu_massdep_baseline,550,10,114,0,OK,97,0,0,462.1066666666667,462.1066666666667,1.1408333333333334,0,786,14.39,97,0,97,0,97,0
robust,liu_massdep_baseline_550,liu_massdep_baseline,550,10,115,0,OK,97,0,0,467.28,467.28,2.013611111111111,0,786,14.24,97,0,97,0,97,0
robust,liu_massdep_baseline_550,liu_massdep_baseline,550,10,116,0,OK,97,0,0,475.03222222222223,475.03222222222223,1.9683333333333333,0,786,17.34,97,0,97,0,97,0
robust,liu_massdep_baseline_550,liu_massdep_baseline,550,10,117,0,OK,97,0,0,472.7988888888889,472.7988888888889,2.325277777777778,0,786,16.85,97,0,97,0,97,0
robust,liu_massdep_baseline_550,liu_massdep_baseline,550,10,118,0,OK,97,0,0,467.8211111111111,467.8211111111111,1.7694444444444444,0,786,11.05,97,0,97,0,97,0
robust,liu_massdep_baseline_550,liu_massdep_baseline,550,10,119,0,OK,97,0,0,483.60777777777776,483.60777777777776,3.013611111111111,0,786,16.32,97,0,97,0,97,0
robust,liu_massdep_baseline_550,liu_massdep_baseline,550,10,120,0,OK,97,0,0,468.73333333333335,468.73333333333335,2.718611111111111,0,786,12.63,97,0,97,0,97,0
robust,liu_massdep_baseline_550,liu_massdep_baseline,550,10,121,0,OK,97,0,0,458.0311111111111,458.0311111111111,4.023888888888889,0,786,17.32,97,0,97,0,97,0
robust,liu_massdep_baseline_550,liu_massdep_baseline,550,10,122,0,OK,97,0,0,472.3566666666667,472.3566666666667,2.262777777777778,0,786,18.93,97,0,97,0,97,0
robust,liu_massdep_baseline_550,liu_massdep_baseline,550,10,123,0,OK,97,0,0,484.12666666666667,484.12666666666667,1.9761111111111112,0,786,16.01,97,0,97,0,97,0
robust,liu_massdep_baseline_550,liu_massdep_baseline,550,10,124,0,OK,97,0,0,468.88444444444445,468.88444444444445,1.5177777777777777,0,786,15.09,97,0,97,0,97,0
robust,liu_massdep_baseline_550,liu_massdep_baseline,550,10,125,0,OK,97,0,0,461.0855555555556,461.0855555555556,3.607222222222222,0,786,13.8,97,0,97,0,97,0
robust,liu_massdep_baseline_550,liu_massdep_baseline,550,10,126,0,OK,97,0,0,468.16333333333336,468.16333333333336,1.9325,0,786,8.68,97,0,97,0,97,0
robust,liu_massdep_baseline_550,liu_massdep_baseline,550,10,127,0,OK,97,0,0,476.7311111111111,476.7311111111111,2.4975,0,786,17.19,97,0,97,0,97,0
robust,liu_massdep_baseline_550,liu_massdep_baseline,550,10,128,0,OK,97,0,0,448.16333333333336,448.16333333333336,2.4902777777777776,0,786,14.43,97,0,97,0,97,0
robust,liu_massdep_baseline_550,liu_massdep_baseline,550,10,129,0,OK,97,0,0,456.9211111111111,456.9211111111111,3.1041666666666665,0,786,19.36,97,0,97,0,97,0
robust,liu_massdep_baseline_550,liu_massdep_baseline,550,10,130,0,OK,97,0,0,479.64222222222224,479.64222222222224,1.5291666666666666,0,786,16.59,97,0,97,0,97,0
robust,liu_massdep_baseline_550,liu_massdep_baseline,550,11,101,0,OK,97,0,0,476.24333333333334,476.24333333333334,1.5980555555555556,0,786,11.68,97,0,97,0,97,0
robust,liu_massdep_baseline_550,liu_massdep_baseline,550,11,102,0,OK,97,0,0,469.6355555555556,469.6355555555556,1.2683333333333333,0,786,12.01,97,0,97,0,97,0
robust,liu_massdep_baseline_550,liu_massdep_baseline,550,11,103,0,OK,97,0,0,455.9166666666667,455.9166666666667,1.9722222222222223,0,786,11.57,97,0,97,0,97,0
robust,liu_massdep_baseline_550,liu_massdep_baseline,550,11,104,0,OK,97,0,0,465.47777777777776,465.47777777777776,0.6733333333333333,0,786,9.75,97,0,97,0,97,0
robust,liu_massdep_baseline_550,liu_massdep_baseline,550,11,105,0,OK,97,0,0,459.7688888888889,459.7688888888889,2.410277777777778,0,786,11.21,97,0,97,0,97,0
robust,liu_massdep_baseline_550,liu_massdep_baseline,550,11,106,0,OK,97,0,0,470.8011111111111,470.8011111111111,2.0297222222222224,0,786,10.66,97,0,97,0,97,0
robust,liu_massdep_baseline_550,liu_massdep_baseline,550,11,107,0,OK,97,0,0,449.1088888888889,449.1088888888889,2.1580555555555554,0,786,9.11,97,0,97,0,97,0
robust,liu_massdep_baseline_550,liu_massdep_baseline,550,11,108,0,OK,97,0,0,462.47444444444443,462.47444444444443,2.6425,0,786,11.38,97,0,97,0,97,0
robust,liu_massdep_baseline_550,liu_massdep_baseline,550,11,109,0,OK,97,0,0,457.1711111111111,457.1711111111111,1.195,0,786,10.49,97,0,97,0,97,0
robust,liu_massdep_baseline_550,liu_massdep_baseline,550,11,110,0,OK,97,0,0,462.08,462.08,0.4047222222222222,0,786,10.32,97,0,97,0,97,0
robust,liu_massdep_baseline_550,liu_massdep_baseline,550,11,111,0,OK,97,0,0,471.72222222222223,471.72222222222223,3.0394444444444444,0,786,11.92,97,0,97,0,97,0
robust,liu_massdep_baseline_550,liu_massdep_baseline,550,11,112,0,OK,97,0,0,493.6533333333333,493.6533333333333,2.316388888888889,0,786,10.56,97,0,97,0,97,0
robust,liu_massdep_baseline_550,liu_massdep_baseline,550,11,113,0,OK,97,0,0,475.96777777777777,475.96777777777777,2.3025,0,786,10.42,97,0,97,0,97,0
robust,liu_massdep_baseline_550,liu_massdep_baseline,550,11,114,0,OK,97,0,0,463.03777777777776,463.03777777777776,2.1216666666666666,0,786,10.65,97,0,97,0,97,0
robust,liu_massdep_baseline_550,liu_massdep_baseline,550,11,115,0,OK,97,0,0,464.8388888888889,464.8388888888889,3.1294444444444443,0,786,11.84,97,0,97,0,97,0
robust,liu_massdep_baseline_550,liu_massdep_baseline,550,11,116,0,OK,97,0,0,472.6411111111111,472.6411111111111,2.078333333333333,0,786,10.8,97,0,97,0,97,0
robust,liu_massdep_baseline_550,liu_massdep_baseline,550,11,117,0,OK,97,0,0,472.0211111111111,472.0211111111111,1.8844444444444444,0,786,11.48,97,0,97,0,97,0
robust,liu_massdep_baseline_550,liu_massdep_baseline,550,11,118,0,OK,97,0,0,467.2966666666667,467.2966666666667,1.3822222222222222,0,786,9.48,97,0,97,0,97,0
robust,liu_massdep_baseline_550,liu_massdep_baseline,550,11,119,0,OK,97,0,0,482.55333333333334,482.55333333333334,2.281111111111111,0,786,10.99,97,0,97,0,97,0
robust,liu_massdep_baseline_550,liu_massdep_baseline,550,11,120,0,OK,97,0,0,467.7811111111111,467.7811111111111,2.238888888888889,0,786,9.96,97,0,97,0,97,0
robust,liu_massdep_baseline_550,liu_massdep_baseline,550,11,121,0,OK,97,0,0,456.71555555555557,456.71555555555557,2.8975,0,786,11.5,97,0,97,0,97,0
robust,liu_massdep_baseline_550,liu_massdep_baseline,550,11,122,0,OK,97,0,0,470.4766666666667,470.4766666666667,1.1736111111111112,0,786,11.28,97,0,97,0,97,0
robust,liu_massdep_baseline_550,liu_massdep_baseline,550,11,123,0,OK,97,0,0,481.9066666666667,481.9066666666667,1.5552777777777778,0,786,10.49,97,0,97,0,97,0
robust,liu_massdep_baseline_550,liu_massdep_baseline,550,11,124,0,OK,97,0,0,468.92333333333335,468.92333333333335,1.4697222222222222,0,786,10.88,97,0,97,0,97,0
robust,liu_massdep_baseline_550,liu_massdep_baseline,550,11,125,0,OK,97,0,0,459.71444444444444,459.71444444444444,2.3380555555555556,0,786,11.18,97,0,97,0,97,0
robust,liu_massdep_baseline_550,liu_massdep_baseline,550,11,126,0,OK,97,0,0,466.43444444444447,466.43444444444447,1.9116666666666666,0,786,10.81,97,0,97,0,97,0
robust,liu_massdep_baseline_550,liu_massdep_baseline,550,11,127,0,OK,97,0,0,476.53,476.53,2.385,0,786,11.13,97,0,97,0,97,0
robust,liu_massdep_baseline_550,liu_massdep_baseline,550,11,128,0,OK,97,0,0,448.0777777777778,448.0777777777778,3.0808333333333335,0,786,10.62,97,0,97,0,97,0
robust,liu_massdep_baseline_550,liu_massdep_baseline,550,11,129,0,OK,97,0,0,455.58666666666664,455.58666666666664,1.271111111111111,0,786,11.35,97,0,97,0,97,0
robust,liu_massdep_baseline_550,liu_massdep_baseline,550,11,130,0,OK,97,0,0,478.31888888888886,478.31888888888886,2.0077777777777777,0,786,11.17,97,0,97,0,97,0
robust,liu_massdep_baseline_550,liu_massdep_baseline,550,9,101,0,OK,97,0,0,478.39444444444445,478.39444444444445,2.556111111111111,0,786,13.02,97,0,97,0,97,0
robust,liu_massdep_baseline_550,liu_massdep_baseline,550,9,102,0,OK,97,0,0,471.39222222222224,471.39222222222224,2.604722222222222,0,786,14.53,97,0,97,0,97,0
robust,liu_massdep_baseline_550,liu_massdep_baseline,550,9,103,0,OK,97,0,0,458.3811111111111,458.3811111111111,2.7311111111111113,0,786,13.98,97,0,97,0,97,0
robust,liu_massdep_baseline_550,liu_massdep_baseline,550,9,104,0,OK,97,0,0,466.34555555555556,466.34555555555556,2.1894444444444443,0,786,13.18,97,0,97,0,97,0
robust,liu_massdep_baseline_550,liu_massdep_baseline,550,9,105,0,OK,97,0,0,463.74333333333334,463.74333333333334,3.338611111111111,0,786,13.03,97,0,97,0,97,0
robust,liu_massdep_baseline_550,liu_massdep_baseline,550,9,106,0,OK,97,0,0,472.8466666666667,472.8466666666667,1.8877777777777778,0,786,12.56,97,0,97,0,97,0
robust,liu_massdep_baseline_550,liu_massdep_baseline,550,9,107,0,OK,97,0,0,451.16333333333336,451.16333333333336,2.6972222222222224,0,786,12.93,97,0,97,0,97,0
robust,liu_massdep_baseline_550,liu_massdep_baseline,550,9,108,0,OK,97,0,0,465.72444444444443,465.72444444444443,2.623611111111111,0,786,13.72,97,0,97,0,97,0
robust,liu_massdep_baseline_550,liu_massdep_baseline,550,9,109,0,OK,97,0,0,459.03555555555556,459.03555555555556,2.1305555555555555,0,786,12.42,97,0,97,0,97,0
robust,liu_massdep_baseline_550,liu_massdep_baseline,550,9,110,0,OK,97,0,0,465.5288888888889,465.5288888888889,2.2475,0,786,13.02,97,0,97,0,97,0
robust,liu_massdep_baseline_550,liu_massdep_baseline,550,9,111,0,OK,97,0,0,474.9822222222222,474.9822222222222,3.756388888888889,0,786,13.3,97,0,97,0,97,0
robust,liu_massdep_baseline_550,liu_massdep_baseline,550,9,112,0,OK,97,0,0,497.31,497.31,2.8072222222222223,0,786,12.71,97,0,97,0,97,0
robust,liu_massdep_baseline_550,liu_massdep_baseline,550,9,113,0,OK,97,0,0,480.9822222222222,480.9822222222222,3.01,0,786,13.52,97,0,97,0,97,0
robust,liu_massdep_baseline_550,liu_massdep_baseline,550,9,114,0,OK,97,0,0,462.87111111111113,462.87111111111113,2.069722222222222,0,786,13.91,97,0,97,0,97,0
robust,liu_massdep_baseline_550,liu_massdep_baseline,550,9,115,0,OK,97,0,0,468.12555555555554,468.12555555555554,3.09,0,786,14.08,97,0,97,0,97,0
robust,liu_massdep_baseline_550,liu_massdep_baseline,550,9,116,0,OK,97,0,0,476.1088888888889,476.1088888888889,3.944166666666667,0,786,13.56,97,0,97,0,97,0
robust,liu_massdep_baseline_550,liu_massdep_baseline,550,9,117,0,OK,97,0,0,474.0722222222222,474.0722222222222,1.9313888888888888,0,786,10.29,97,0,97,0,97,0
robust,liu_massdep_baseline_550,liu_massdep_baseline,550,9,118,0,OK,97,0,0,470.9488888888889,470.9488888888889,2.7719444444444443,0,786,12.26,97,0,97,0,97,0
robust,liu_massdep_baseline_550,liu_massdep_baseline,550,9,119,0,OK,97,0,0,484.7966666666667,484.7966666666667,2.508888888888889,0,786,13.27,97,0,97,0,97,0
robust,liu_massdep_baseline_550,liu_massdep_baseline,550,9,120,0,OK,97,0,0,470.46666666666664,470.46666666666664,1.7002777777777778,0,786,13.81,97,0,97,0,97,0
robust,liu_massdep_baseline_550,liu_massdep_baseline,550,9,121,0,OK,97,0,0,459.02777777777777,459.02777777777777,3.2916666666666665,0,786,13.0,97,0,97,0,97,0
robust,liu_massdep_baseline_550,liu_massdep_baseline,550,9,122,0,OK,97,0,0,473.86,473.86,1.6633333333333333,0,786,11.73,97,0,97,0,97,0
robust,liu_massdep_baseline_550,liu_massdep_baseline,550,9,123,0,OK,97,0,0,485.55555555555554,485.55555555555554,2.6830555555555557,0,786,11.67,97,0,97,0,97,0
robust,liu_massdep_baseline_550,liu_massdep_baseline,550,9,124,0,OK,97,0,0,470.50111111111113,470.50111111111113,2.1505555555555556,0,786,14.54,97,0,97,0,97,0
robust,liu_massdep_baseline_550,liu_massdep_baseline,550,9,125,0,OK,97,0,0,461.4088888888889,461.4088888888889,2.4616666666666664,0,786,15.32,97,0,97,0,97,0
robust,liu_massdep_baseline_550,liu_massdep_baseline,550,9,126,0,OK,97,0,0,469.3311111111111,469.3311111111111,1.623888888888889,0,786,12.51,97,0,97,0,97,0
robust,liu_massdep_baseline_550,liu_massdep_baseline,550,9,127,0,OK,97,0,0,479.6333333333333,479.6333333333333,2.886388888888889,0,786,14.01,97,0,97,0,97,0
robust,liu_massdep_baseline_550,liu_massdep_baseline,550,9,128,0,OK,97,0,0,448.8955555555556,448.8955555555556,2.877222222222222,0,786,13.27,97,0,97,0,97,0
robust,liu_massdep_baseline_550,liu_massdep_baseline,550,9,129,0,OK,97,0,0,457.74111111111114,457.74111111111114,2.426388888888889,0,786,13.8,97,0,97,0,97,0
robust,liu_massdep_baseline_550,liu_massdep_baseline,550,9,130,0,OK,97,0,0,483.79333333333335,483.79333333333335,1.936388888888889,0,786,15.27,97,0,97,0,97,0
robust,liu_massdep_baseline_MX1,liu_massdep_baseline,MX1,15,101,0,OK,96,0,1086,869.9355555555555,576.4811111111111,1.9372222222222222,53,786,41.35,95,0,96,0,96,0
robust,liu_massdep_baseline_MX1,liu_massdep_baseline,MX1,15,102,0,OK,97,0,0,795.4922222222223,537.5477777777778,2.4072222222222224,47,786,40.43,97,0,97,0,97,0
robust,liu_massdep_baseline_MX1,liu_massdep_baseline,MX1,15,103,0,OK,97,0,0,755.8633333333333,515.6011111111111,6.158888888888889,43,786,40.2,97,0,97,0,97,0
robust,liu_massdep_baseline_MX1,liu_massdep_baseline,MX1,15,104,0,OK,97,0,0,769.81,517.4644444444444,3.5841666666666665,44,786,38.46,97,0,97,0,97,0
robust,liu_massdep_baseline_MX1,liu_massdep_baseline,MX1,15,105,0,OK,97,0,0,810.1044444444444,521.1011111111111,4.311111111111111,52,786,47.95,97,0,97,0,97,0
robust,liu_massdep_baseline_MX1,liu_massdep_baseline,MX1,15,106,0,OK,97,0,0,787.1933333333334,528.6866666666666,5.041666666666667,46,786,38.94,97,0,97,0,97,0
robust,liu_massdep_baseline_MX1,liu_massdep_baseline,MX1,15,107,0,OK,97,0,0,760.61,508.0133333333333,2.358888888888889,45,786,41.75,97,0,97,0,97,0
robust,liu_massdep_baseline_MX1,liu_massdep_baseline,MX1,15,108,0,OK,97,0,0,788.8344444444444,521.4511111111111,7.849166666666667,48,786,39.67,97,0,97,0,97,0
robust,liu_massdep_baseline_MX1,liu_massdep_baseline,MX1,15,109,0,OK,97,0,0,797.67,520.99,2.9611111111111112,50,786,43.54,97,0,97,0,97,0
robust,liu_massdep_baseline_MX1,liu_massdep_baseline,MX1,15,110,0,OK,97,0,0,795.3088888888889,523.7688888888889,3.914722222222222,49,786,45.93,97,0,97,0,97,0
robust,liu_massdep_baseline_MX1,liu_massdep_baseline,MX1,15,111,0,OK,96,0,1352,865.2211111111111,558.3522222222222,3.22,54,786,42.98,96,0,96,0,96,0
robust,liu_massdep_baseline_MX1,liu_massdep_baseline,MX1,15,112,0,OK,97,0,0,908.4677777777778,584.1166666666667,5.1338888888888885,56,786,47.81,96,0,97,0,97,0
robust,liu_massdep_baseline_MX1,liu_massdep_baseline,MX1,15,113,0,OK,97,0,0,851.6411111111111,547.4455555555555,4.879166666666666,55,786,49.08,97,0,97,0,97,0
robust,liu_massdep_baseline_MX1,liu_massdep_baseline,MX1,15,114,0,OK,97,0,0,733.7733333333333,509.4033333333333,3.3830555555555555,39,786,35.06,97,0,97,0,97,0
robust,liu_massdep_baseline_MX1,liu_massdep_baseline,MX1,15,115,0,OK,97,0,0,784.6144444444444,524.7955555555556,5.871666666666667,46,786,39.73,97,0,97,0,97,0
robust,liu_massdep_baseline_MX1,liu_massdep_baseline,MX1,15,116,0,OK,97,0,0,806.9111111111112,537.7222222222222,6.451944444444444,47,786,33.7,97,0,97,0,97,0
robust,liu_massdep_baseline_MX1,liu_massdep_baseline,MX1,15,117,0,OK,97,0,0,800.72,533.1588888888889,4.7811111111111115,47,786,41.38,97,0,97,0,97,0
robust,liu_massdep_baseline_MX1,liu_massdep_baseline,MX1,15,118,0,OK,97,0,0,770.9466666666667,525.3377777777778,3.0680555555555555,42,786,41.11,97,0,97,0,97,0
robust,liu_massdep_baseline_MX1,liu_massdep_baseline,MX1,15,119,0,OK,97,0,0,803.2166666666667,543.3388888888888,4.785,45,786,37.98,97,0,97,0,97,0
robust,liu_massdep_baseline_MX1,liu_massdep_baseline,MX1,15,120,0,OK,97,0,0,815.0633333333334,532.54,4.624722222222222,50,786,40.5,97,0,97,0,97,0
robust,liu_massdep_baseline_MX1,liu_massdep_baseline,MX1,15,121,0,OK,97,0,0,785.78,517.2366666666667,3.93,48,786,43.6,97,0,97,0,97,0
robust,liu_massdep_baseline_MX1,liu_massdep_baseline,MX1,15,122,0,OK,97,0,0,786.8333333333334,526.9655555555555,1.8597222222222223,47,786,38.24,97,0,97,0,97,0
robust,liu_massdep_baseline_MX1,liu_massdep_baseline,MX1,15,123,0,OK,95,0,520,888.5566666666666,559.1777777777778,3.1719444444444442,59,786,45.8,95,0,95,0,95,0
robust,liu_massdep_baseline_MX1,liu_massdep_baseline,MX1,15,124,0,OK,97,0,0,811.9577777777778,536.4355555555555,2.6397222222222223,50,786,42.97,97,0,97,0,97,0
robust,liu_massdep_baseline_MX1,liu_massdep_baseline,MX1,15,125,0,OK,97,0,0,768.6644444444445,515.4322222222222,5.055555555555555,46,786,43.02,97,0,97,0,97,0
robust,liu_massdep_baseline_MX1,liu_massdep_baseline,MX1,15,126,0,OK,97,0,0,810.7866666666666,538.5211111111112,3.710277777777778,47,786,46.19,97,0,97,0,97,0
robust,liu_massdep_baseline_MX1,liu_massdep_baseline,MX1,15,127,0,OK,97,0,0,790.7655555555556,534.9066666666666,3.453888888888889,44,786,35.96,97,0,97,0,97,0
robust,liu_massdep_baseline_MX1,liu_massdep_baseline,MX1,15,128,0,OK,97,0,0,756.8944444444444,502.6111111111111,3.209722222222222,46,786,40.55,97,0,97,0,97,0
robust,liu_massdep_baseline_MX1,liu_massdep_baseline,MX1,15,129,0,OK,97,0,0,791.3188888888889,521.2611111111111,3.093888888888889,49,786,42.55,97,0,97,0,97,0
robust,liu_massdep_baseline_MX1,liu_massdep_baseline,MX1,15,130,0,OK,96,0,2895,913.9888888888889,579.39,7.1066666666666665,60,786,51.84,95,0,95,0,95,0
robust,liu_massdep_baseline_MX1,liu_massdep_baseline,MX1,16,101,0,OK,97,0,0,840.8844444444444,547.6644444444445,2.345833333333333,53,786,37.47,97,0,97,0,97,0
robust,liu_massdep_baseline_MX1,liu_massdep_baseline,MX1,16,102,0,OK,97,0,0,781.1677777777778,524.7844444444445,2.3225,46,786,34.44,97,0,97,0,97,0
robust,liu_massdep_baseline_MX1,liu_massdep_baseline,MX1,16,103,0,OK,97,0,0,749.3677777777777,508.87333333333333,5.015833333333333,42,786,32.85,97,0,97,0,97,0
robust,liu_massdep_baseline_MX1,liu_massdep_baseline,MX1,16,104,0,OK,97,0,0,768.07,514.3966666666666,4.987222222222222,44,786,34.19,97,0,97,0,97,0
robust,liu_massdep_baseline_MX1,liu_massdep_baseline,MX1,16,105,0,OK,97,0,0,810.2166666666667,521.2133333333334,4.880833333333333,52,786,39.54,97,0,97,0,97,0
robust,liu_massdep_baseline_MX1,liu_massdep_baseline,MX1,16,106,0,OK,97,0,0,783.4088888888889,524.9022222222222,4.9944444444444445,46,786,32.86,97,0,97,0,97,0
robust,liu_massdep_baseline_MX1,liu_massdep_baseline,MX1,16,107,0,OK,97,0,0,754.92,503.45666666666665,2.7247222222222223,45,786,33.16,97,0,97,0,97,0
robust,liu_massdep_baseline_MX1,liu_massdep_baseline,MX1,16,108,0,OK,97,0,0,784.7855555555556,519.8155555555555,6.608333333333333,48,786,38.81,97,0,97,0,97,0
robust,liu_massdep_baseline_MX1,liu_massdep_baseline,MX1,16,109,0,OK,97,0,0,790.8533333333334,515.0555555555555,2.3761111111111113,49,786,36.47,97,0,97,0,97,0
robust,liu_massdep_baseline_MX1,liu_massdep_baseline,MX1,16,110,0,OK,97,0,0,788.0955555555555,521.0322222222222,2.4880555555555555,48,786,37.02,97,0,97,0,97,0
robust,liu_massdep_baseline_MX1,liu_massdep_baseline,MX1,16,111,0,OK,97,0,0,850.6133333333333,538.3733333333333,6.384166666666666,54,786,37.2,97,0,97,0,97,0
robust,liu_massdep_baseline_MX1,liu_massdep_baseline,MX1,16,112,0,OK,97,0,0,894.2866666666666,569.75,3.024722222222222,56,786,37.27,97,0,97,0,97,0
robust,liu_massdep_baseline_MX1,liu_massdep_baseline,MX1,16,113,0,OK,97,0,0,842.7444444444444,539.1733333333333,6.334722222222222,54,786,40.41,97,0,97,0,97,0
robust,liu_massdep_baseline_MX1,liu_massdep_baseline,MX1,16,114,0,OK,97,0,0,731.22,508.1111111111111,2.81,39,786,33.25,97,0,97,0,97,0
robust,liu_massdep_baseline_MX1,liu_massdep_baseline,MX1,16,115,0,OK,97,0,0,779.36,519.9033333333333,4.06,46,786,36.68,97,0,97,0,97,0
robust,liu_massdep_baseline_MX1,liu_massdep_baseline,MX1,16,116,0,OK,97,0,0,800.3022222222222,530.9855555555556,6.625,48,786,36.58,97,0,97,0,97,0
robust,liu_massdep_baseline_MX1,liu_massdep_baseline,MX1,16,117,0,OK,97,0,0,795.7955555555556,528.7277777777778,4.368611111111111,47,786,34.17,97,0,97,0,97,0
robust,liu_massdep_baseline_MX1,liu_massdep_baseline,MX1,16,118,0,OK,97,0,0,764.3233333333334,520.1588888888889,2.6725,42,786,34.52,97,0,97,0,97,0
robust,liu_massdep_baseline_MX1,liu_massdep_baseline,MX1,16,119,0,OK,97,0,0,796.8422222222222,539.2122222222222,3.814722222222222,45,786,35.86,97,0,97,0,97,0
robust,liu_massdep_baseline_MX1,liu_massdep_baseline,MX1,16,120,0,OK,97,0,0,810.7455555555556,531.4088888888889,4.5475,49,786,36.72,97,0,97,0,97,0
robust,liu_massdep_baseline_MX1,liu_massdep_baseline,MX1,16,121,0,OK,97,0,0,780.0222222222222,513.2166666666667,5.066388888888889,47,786,36.47,97,0,97,0,97,0
robust,liu_massdep_baseline_MX1,liu_massdep_baseline,MX1,16,122,0,OK,97,0,0,781.94,525.9488888888889,2.1591666666666667,45,786,36.23,97,0,97,0,97,0
robust,liu_massdep_baseline_MX1,liu_massdep_baseline,MX1,16,123,0,OK,97,0,0,883.9466666666667,552.1977777777778,3.1294444444444443,59,786,40.82,97,0,97,0,97,0
robust,liu_massdep_baseline_MX1,liu_massdep_baseline,MX1,16,124,0,OK,97,0,0,805.5555555555555,528.5811111111111,1.7208333333333334,50,786,37.84,97,0,97,0,97,0
robust,liu_massdep_baseline_MX1,liu_massdep_baseline,MX1,16,125,0,OK,97,0,0,766.2477777777777,513.3233333333334,5.6002777777777775,46,786,34.34,97,0,97,0,97,0
robust,liu_massdep_baseline_MX1,liu_massdep_baseline,MX1,16,126,0,OK,97,0,0,800.4088888888889,527.5377777777778,2.7713888888888887,48,786,38.14,97,0,97,0,97,0
robust,liu_massdep_baseline_MX1,liu_massdep_baseline,MX1,16,127,0,OK,97,0,0,783.0011111111111,528.46,4.852777777777778,44,786,35.08,97,0,97,0,97,0
robust,liu_massdep_baseline_MX1,liu_massdep_baseline,MX1,16,128,0,OK,97,0,0,752.12,498.3222222222222,5.143611111111111,46,786,34.08,97,0,97,0,97,0
robust,liu_massdep_baseline_MX1,liu_massdep_baseline,MX1,16,129,0,OK,97,0,0,782.0777777777778,513.3488888888888,2.8530555555555557,49,786,37.65,97,0,97,0,97,0
robust,liu_massdep_baseline_MX1,liu_massdep_baseline,MX1,16,130,0,OK,97,0,0,884.88,556.64,5.4158333333333335,57,786,39.78,97,0,97,0,97,0
robust,liu_massdep_baseline_MX1,liu_massdep_baseline,MX1,17,101,0,OK,97,0,0,832.8188888888889,540.4677777777778,1.9697222222222222,52,786,32.18,97,0,97,0,97,0
robust,liu_massdep_baseline_MX1,liu_massdep_baseline,MX1,17,102,0,OK,97,0,0,780.6777777777778,524.8022222222222,3.1825,46,786,30.89,97,0,97,0,97,0
robust,liu_massdep_baseline_MX1,liu_massdep_baseline,MX1,17,103,0,OK,97,0,0,747.6566666666666,507.1622222222222,4.549166666666666,42,786,31.59,97,0,97,0,97,0
robust,liu_massdep_baseline_MX1,liu_massdep_baseline,MX1,17,104,0,OK,97,0,0,765.6244444444444,512.9911111111111,2.3361111111111112,44,786,35.33,97,0,97,0,97,0
robust,liu_massdep_baseline_MX1,liu_massdep_baseline,MX1,17,105,0,OK,97,0,0,806.1344444444444,517.1311111111111,4.2,52,786,37.78,97,0,97,0,97,0
robust,liu_massdep_baseline_MX1,liu_massdep_baseline,MX1,17,106,0,OK,97,0,0,779.2111111111111,520.7044444444444,4.099444444444444,46,786,34.06,97,0,97,0,97,0
robust,liu_massdep_baseline_MX1,liu_massdep_baseline,MX1,17,107,0,OK,97,0,0,754.3011111111111,501.7922222222222,2.232222222222222,45,786,32.13,97,0,97,0,97,0
robust,liu_massdep_baseline_MX1,liu_massdep_baseline,MX1,17,108,0,OK,97,0,0,782.7088888888889,516.0388888888889,6.2427777777777775,48,786,31.85,97,0,97,0,97,0
robust,liu_massdep_baseline_MX1,liu_massdep_baseline,MX1,17,109,0,OK,97,0,0,783.1655555555556,508.50111111111113,3.3380555555555556,49,786,30.05,97,0,97,0,97,0
robust,liu_massdep_baseline_MX1,liu_massdep_baseline,MX1,17,110,0,OK,97,0,0,786.9444444444445,517.1511111111112,1.8152777777777778,48,786,29.88,97,0,97,0,97,0
robust,liu_massdep_baseline_MX1,liu_massdep_baseline,MX1,17,111,0,OK,97,0,0,840.8333333333334,532.7877777777778,6.063888888888889,54,786,36.01,97,0,97,0,97,0
robust,liu_massdep_baseline_MX1,liu_massdep_baseline,MX1,17,112,0,OK,97,0,0,888.4977777777777,566.1544444444445,2.338611111111111,55,786,34.63,97,0,97,0,97,0
robust,liu_massdep_baseline_MX1,liu_massdep_baseline,MX1,17,113,0,OK,97,0,0,837.24,533.59,4.777777777777778,54,786,37.75,97,0,97,0,97,0
robust,liu_massdep_baseline_MX1,liu_massdep_baseline,MX1,17,114,0,OK,97,0,0,728.27,503.12666666666667,2.6880555555555556,39,786,30.16,97,0,97,0,97,0
robust,liu_massdep_baseline_MX1,liu_massdep_baseline,MX1,17,115,0,OK,97,0,0,776.7511111111111,516.6288888888889,2.9763888888888888,46,786,29.21,97,0,97,0,97,0
robust,liu_massdep_baseline_MX1,liu_massdep_baseline,MX1,17,116,0,OK,97,0,0,798.6233333333333,530.31,2.881111111111111,48,786,34.84,97,0,97,0,97,0
robust,liu_massdep_baseline_MX1,liu_massdep_baseline,MX1,17,117,0,OK,97,0,0,789.1388888888889,522.3322222222222,2.0927777777777776,47,786,27.26,97,0,97,0,97,0
robust,liu_massdep_baseline_MX1,liu_massdep_baseline,MX1,17,118,0,OK,97,0,0,762.1788888888889,517.5977777777778,2.841111111111111,42,786,30.38,97,0,97,0,97,0
robust,liu_massdep_baseline_MX1,liu_massdep_baseline,MX1,17,119,0,OK,97,0,0,791.4388888888889,533.5633333333334,1.7338888888888888,44,786,32.39,97,0,97,0,97,0
robust,liu_massdep_baseline_MX1,liu_massdep_baseline,MX1,17,120,0,OK,97,0,0,806.29,526.9433333333334,3.676388888888889,49,786,36.15,97,0,97,0,97,0
robust,liu_massdep_baseline_MX1,liu_massdep_baseline,MX1,17,121,0,OK,97,0,0,775.2711111111112,507.8955555555556,4.478611111111111,47,786,33.93,97,0,97,0,97,0
robust,liu_massdep_baseline_MX1,liu_massdep_baseline,MX1,17,122,0,OK,97,0,0,779.9766666666667,523.9855555555556,2.201111111111111,45,786,33.53,97,0,97,0,97,0
robust,liu_massdep_baseline_MX1,liu_massdep_baseline,MX1,17,123,0,OK,97,0,0,876.3233333333334,547.2222222222222,2.028888888888889,59,786,35.02,97,0,97,0,97,0
robust,liu_massdep_baseline_MX1,liu_massdep_baseline,MX1,17,124,0,OK,97,0,0,802.75,528.4,2.5830555555555557,49,786,34.52,97,0,97,0,97,0
robust,liu_massdep_baseline_MX1,liu_massdep_baseline,MX1,17,125,0,OK,97,0,0,762.4455555555555,510.5488888888889,3.6755555555555555,45,786,26.59,97,0,97,0,97,0
robust,liu_massdep_baseline_MX1,liu_massdep_baseline,MX1,17,126,0,OK,97,0,0,797.2433333333333,524.9777777777778,2.4458333333333333,47,786,34.71,97,0,97,0,97,0
robust,liu_massdep_baseline_MX1,liu_massdep_baseline,MX1,17,127,0,OK,97,0,0,781.6766666666666,527.1355555555556,4.852777777777778,44,786,29.56,97,0,97,0,97,0
robust,liu_massdep_baseline_MX1,liu_massdep_baseline,MX1,17,128,0,OK,97,0,0,749.6366666666667,496.56,1.333888888888889,46,786,31.57,97,0,97,0,97,0
robust,liu_massdep_baseline_MX1,liu_massdep_baseline,MX1,17,129,0,OK,97,0,0,776.3044444444445,512.1155555555556,3.8244444444444445,48,786,30.65,97,0,97,0,97,0
robust,liu_massdep_baseline_MX1,liu_massdep_baseline,MX1,17,130,0,OK,97,0,0,878.5211111111112,545.6166666666667,4.460833333333333,59,786,41.33,97,0,97,0,97,0
robust,liu_massdep_baseline_MX2,liu_massdep_baseline,MX2,13,101,0,OK,96,0,708,788.6188888888889,558.25,2.7083333333333335,43,786,46.85,93,0,94,0,95,0
robust,liu_massdep_baseline_MX2,liu_massdep_baseline,MX2,13,102,0,OK,97,0,0,710.0955555555555,520.9066666666666,2.893611111111111,34,786,46.9,97,0,97,0,97,0
robust,liu_massdep_baseline_MX2,liu_massdep_baseline,MX2,13,103,0,OK,97,0,0,679.5511111111111,509.2966666666667,5.756388888888889,30,786,44.42,97,0,97,0,97,0
robust,liu_massdep_baseline_MX2,liu_massdep_baseline,MX2,13,104,0,OK,97,0,0,695.6955555555555,512.12,3.7619444444444445,31,786,38.48,97,0,97,0,97,0
robust,liu_massdep_baseline_MX2,liu_massdep_baseline,MX2,13,105,0,OK,97,0,0,747.7633333333333,526.1477777777778,4.4875,40,786,51.55,97,0,97,0,97,0
robust,liu_massdep_baseline_MX2,liu_massdep_baseline,MX2,13,106,0,OK,97,0,0,712.3211111111111,521.6788888888889,5.1425,33,786,44.95,97,0,97,0,97,0
robust,liu_massdep_baseline_MX2,liu_massdep_baseline,MX2,13,107,0,OK,97,0,0,685.2055555555555,503.1044444444444,2.4069444444444446,32,786,49.12,97,0,97,0,97,0
robust,liu_massdep_baseline_MX2,liu_massdep_baseline,MX2,13,108,0,OK,97,0,0,713.9944444444444,516.56,4.533888888888889,35,786,38.38,97,0,97,0,97,0
robust,liu_massdep_baseline_MX2,liu_massdep_baseline,MX2,13,109,0,OK,97,0,0,720.9777777777778,517.0366666666666,3.6791666666666667,36,786,44.13,97,0,97,0,97,0
robust,liu_massdep_baseline_MX2,liu_massdep_baseline,MX2,13,110,0,OK,97,0,0,724.9522222222222,522.7733333333333,3.526666666666667,36,786,42.9,97,0,97,0,97,0
robust,liu_massdep_baseline_MX2,liu_massdep_baseline,MX2,13,111,0,OK,95,0,1615,793.4355555555555,553.0522222222222,5.912222222222222,42,786,54.16,92,0,92,0,93,0
robust,liu_massdep_baseline_MX2,liu_massdep_baseline,MX2,13,112,0,OK,93,0,2517,840.9477777777778,590.9777777777778,6.947777777777778,43,786,50.81,89,0,91,0,93,0
robust,liu_massdep_baseline_MX2,liu_massdep_baseline,MX2,13,113,0,OK,97,0,0,776.1511111111112,542.9133333333333,6.245,41,786,54.99,97,0,97,0,97,0
robust,liu_massdep_baseline_MX2,liu_massdep_baseline,MX2,13,114,0,OK,97,0,0,654.62,503.24111111111114,2.694722222222222,26,786,44.76,97,0,97,0,97,0
robust,liu_massdep_baseline_MX2,liu_massdep_baseline,MX2,13,115,0,OK,97,0,0,708.9811111111111,513.7422222222223,4.053333333333334,34,786,45.28,97,0,97,0,97,0
robust,liu_massdep_baseline_MX2,liu_massdep_baseline,MX2,13,116,0,OK,97,0,0,733.6177777777777,531.2366666666667,4.607222222222222,35,786,52.22,97,0,97,0,97,0
robust,liu_massdep_baseline_MX2,liu_massdep_baseline,MX2,13,117,0,OK,97,0,0,739.1255555555556,538.3611111111111,5.100555555555555,35,786,41.86,96,0,96,0,97,0
robust,liu_massdep_baseline_MX2,liu_massdep_baseline,MX2,13,118,0,OK,97,0,0,697.3711111111111,521.58,2.3316666666666666,31,786,48.01,97,0,97,0,97,0
robust,liu_massdep_baseline_MX2,liu_massdep_baseline,MX2,13,119,0,OK,96,0,633,735.6766666666666,546.1188888888889,3.3355555555555556,33,786,46.62,96,0,96,0,96,0
robust,liu_massdep_baseline_MX2,liu_massdep_baseline,MX2,13,120,0,OK,97,0,0,753.0966666666667,541.8155555555555,3.5425,37,786,50.65,96,0,96,0,97,0
robust,liu_massdep_baseline_MX2,liu_massdep_baseline,MX2,13,121,0,OK,97,0,0,707.9933333333333,509.09444444444443,3.9380555555555556,36,786,50.89,97,0,97,0,97,0
robust,liu_massdep_baseline_MX2,liu_massdep_baseline,MX2,13,122,0,OK,97,0,0,712.1566666666666,522.8955555555556,3.323888888888889,34,786,42.57,97,0,97,0,97,0
robust,liu_massdep_baseline_MX2,liu_massdep_baseline,MX2,13,123,0,OK,90,0,6466,815.5566666666666,557.6533333333333,5.360277777777778,46,786,45.2,87,0,87,0,88,0
robust,liu_massdep_baseline_MX2,liu_massdep_baseline,MX2,13,124,0,OK,97,0,0,752.4422222222222,544.9533333333334,2.3088888888888888,37,786,51.9,96,0,96,0,96,0
robust,liu_massdep_baseline_MX2,liu_massdep_baseline,MX2,13,125,0,OK,97,0,0,697.19,513.6411111111111,4.406944444444444,34,786,44.73,97,0,97,0,97,0
robust,liu_massdep_baseline_MX2,liu_massdep_baseline,MX2,13,126,0,OK,97,0,0,742.4788888888888,534.9933333333333,4.039444444444444,37,786,48.9,97,0,97,0,97,0
robust,liu_massdep_baseline_MX2,liu_massdep_baseline,MX2,13,127,0,OK,97,0,0,714.2977777777778,529.4266666666666,3.1491666666666664,32,786,49.41,97,0,97,0,97,0
robust,liu_massdep_baseline_MX2,liu_massdep_baseline,MX2,13,128,0,OK,97,0,0,679.7388888888889,494.46222222222224,3.4969444444444444,33,786,45.22,97,0,97,0,97,0
robust,liu_massdep_baseline_MX2,liu_massdep_baseline,MX2,13,129,0,OK,97,0,0,726.0077777777777,525.4133333333333,3.5625,37,786,51.12,96,0,96,0,97,0
robust,liu_massdep_baseline_MX2,liu_massdep_baseline,MX2,13,130,0,OK,95,0,2569,826.86,568.6,9.408055555555556,45,786,57.95,92,0,92,0,93,0
robust,liu_massdep_baseline_MX2,liu_massdep_baseline,MX2,14,101,0,OK,96,0,74,794.67,558.5211111111112,3.926111111111111,42,786,46.59,96,0,96,0,96,0
robust,liu_massdep_baseline_MX2,liu_massdep_baseline,MX2,14,102,0,OK,97,0,0,707.7577777777777,518.5688888888889,3.5702777777777777,34,786,47.24,97,0,97,0,97,0
robust,liu_massdep_baseline_MX2,liu_massdep_baseline,MX2,14,103,0,OK,97,0,0,669.5611111111111,501.45666666666665,3.525,30,786,42.4,97,0,97,0,97,0
robust,liu_massdep_baseline_MX2,liu_massdep_baseline,MX2,14,104,0,OK,97,0,0,689.6588888888889,506.0833333333333,3.337222222222222,31,786,42.06,97,0,97,0,97,0
robust,liu_massdep_baseline_MX2,liu_massdep_baseline,MX2,14,105,0,OK,97,0,0,739.7077777777778,518.6422222222222,3.9969444444444444,39,786,46.7,97,0,97,0,97,0
robust,liu_massdep_baseline_MX2,liu_massdep_baseline,MX2,14,106,0,OK,97,0,0,704.28,516.2411111111111,3.446111111111111,33,786,46.87,97,0,97,0,97,0
robust,liu_massdep_baseline_MX2,liu_massdep_baseline,MX2,14,107,0,OK,97,0,0,681.4411111111111,499.34,2.439722222222222,32,786,45.4,97,0,97,0,97,0
robust,liu_massdep_baseline_MX2,liu_massdep_baseline,MX2,14,108,0,OK,97,0,0,706.2344444444444,511.7688888888889,3.913611111111111,35,786,39.61,97,0,97,0,97,0
robust,liu_massdep_baseline_MX2,liu_massdep_baseline,MX2,14,109,0,OK,97,0,0,714.9877777777778,511.78222222222223,4.75,37,786,41.25,97,0,97,0,97,0
robust,liu_massdep_baseline_MX2,liu_massdep_baseline,MX2,14,110,0,OK,97,0,0,706.1688888888889,513.44,3.3280555555555558,34,786,46.55,97,0,97,0,97,0
robust,liu_massdep_baseline_MX2,liu_massdep_baseline,MX2,14,111,0,OK,97,0,0,766.1244444444444,529.13,3.7441666666666666,41,786,50.67,97,0,97,0,97,0
robust,liu_massdep_baseline_MX2,liu_massdep_baseline,MX2,14,112,0,OK,97,0,0,832.3855555555556,577.0188888888889,3.8583333333333334,44,786,51.46,96,0,96,0,96,0
robust,liu_massdep_baseline_MX2,liu_massdep_baseline,MX2,14,113,0,OK,97,0,0,766.7644444444444,536.2177777777778,4.497222222222222,40,786,42.02,97,0,97,0,97,0
robust,liu_massdep_baseline_MX2,liu_massdep_baseline,MX2,14,114,0,OK,97,0,0,655.5311111111112,500.64666666666665,2.675,27,786,38.98,97,0,97,0,97,0
robust,liu_massdep_baseline_MX2,liu_massdep_baseline,MX2,14,115,0,OK,97,0,0,705.1611111111112,515.1244444444444,3.735,34,786,42.97,97,0,97,0,97,0
robust,liu_massdep_baseline_MX2,liu_massdep_baseline,MX2,14,116,0,OK,97,0,0,726.41,522.1411111111111,3.9491666666666667,36,786,43.81,97,0,97,0,97,0
robust,liu_massdep_baseline_MX2,liu_massdep_baseline,MX2,14,117,0,OK,97,0,0,723.3844444444444,516.6633333333333,4.6658333333333335,36,786,43.48,97,0,97,0,97,0
robust,liu_massdep_baseline_MX2,liu_massdep_baseline,MX2,14,118,0,OK,97,0,0,689.5844444444444,512.1688888888889,2.5188888888888887,30,786,42.36,97,0,97,0,97,0
robust,liu_massdep_baseline_MX2,liu_massdep_baseline,MX2,14,119,0,OK,97,0,0,716.22,528.2044444444444,2.794722222222222,33,786,40.56,97,0,97,0,97,0
robust,liu_massdep_baseline_MX2,liu_massdep_baseline,MX2,14,120,0,OK,97,0,0,738.9222222222222,529.5466666666666,2.7725,37,786,44.03,97,0,97,0,97,0
robust,liu_massdep_baseline_MX2,liu_massdep_baseline,MX2,14,121,0,OK,97,0,0,702.0266666666666,503.53333333333336,3.2913888888888887,35,786,43.27,97,0,97,0,97,0
robust,liu_massdep_baseline_MX2,liu_massdep_baseline,MX2,14,122,0,OK,97,0,0,707.8,518.1544444444445,4.019444444444445,33,786,41.23,97,0,97,0,97,0
robust,liu_massdep_baseline_MX2,liu_massdep_baseline,MX2,14,123,0,OK,97,0,0,809.8744444444444,548.1622222222222,2.783888888888889,46,786,52.85,96,0,96,0,97,0
robust,liu_massdep_baseline_MX2,liu_massdep_baseline,MX2,14,124,0,OK,97,0,0,728.8144444444445,522.3555555555556,2.452777777777778,37,786,52.97,97,0,97,0,97,0
robust,liu_massdep_baseline_MX2,liu_massdep_baseline,MX2,14,125,0,OK,97,0,0,686.1588888888889,507.74444444444447,5.198888888888889,33,786,49.82,97,0,97,0,97,0
robust,liu_massdep_baseline_MX2,liu_massdep_baseline,MX2,14,126,0,OK,97,0,0,727.8144444444445,521.2811111111112,3.361111111111111,37,786,45.78,97,0,97,0,97,0
robust,liu_massdep_baseline_MX2,liu_massdep_baseline,MX2,14,127,0,OK,97,0,0,707.06,521.4677777777778,3.1891666666666665,32,786,30.57,97,0,97,0,97,0
robust,liu_massdep_baseline_MX2,liu_massdep_baseline,MX2,14,128,0,OK,97,0,0,675.9411111111111,494.15222222222224,2.602222222222222,33,786,47.2,97,0,97,0,97,0
robust,liu_massdep_baseline_MX2,liu_massdep_baseline,MX2,14,129,0,OK,97,0,0,708.6666666666666,506.8666666666667,4.2058333333333335,37,786,40.37,97,0,97,0,97,0
robust,liu_massdep_baseline_MX2,liu_massdep_baseline,MX2,14,130,0,OK,97,0,0,829.6,563.03,7.446111111111111,47,786,45.8,95,0,95,0,95,0
robust,liu_massdep_baseline_MX2,liu_massdep_baseline,MX2,15,101,0,OK,97,0,0,759.4366666666666,534.0666666666667,2.3841666666666668,40,786,32.6,97,0,97,0,97,0
robust,liu_massdep_baseline_MX2,liu_massdep_baseline,MX2,15,102,0,OK,97,0,0,702.7577777777777,514.99,3.07,34,786,31.12,97,0,97,0,97,0
robust,liu_massdep_baseline_MX2,liu_massdep_baseline,MX2,15,103,0,OK,97,0,0,675.8122222222222,501.39,3.3541666666666665,31,786,31.52,97,0,97,0,97,0
robust,liu_massdep_baseline_MX2,liu_massdep_baseline,MX2,15,104,0,OK,97,0,0,684.3733333333333,502.9266666666667,2.9544444444444444,30,786,29.44,97,0,97,0,97,0
robust,liu_massdep_baseline_MX2,liu_massdep_baseline,MX2,15,105,0,OK,97,0,0,731.54,513.2366666666667,4.305833333333333,39,786,35.69,97,0,97,0,97,0
robust,liu_massdep_baseline_MX2,liu_massdep_baseline,MX2,15,106,0,OK,97,0,0,701.6433333333333,516.5033333333333,4.1755555555555555,32,786,29.61,97,0,97,0,97,0
robust,liu_massdep_baseline_MX2,liu_massdep_baseline,MX2,15,107,0,OK,97,0,0,677.3466666666667,495.24555555555554,2.439722222222222,32,786,33.54,97,0,97,0,97,0
robust,liu_massdep_baseline_MX2,liu_massdep_baseline,MX2,15,108,0,OK,97,0,0,701.7588888888889,510.06444444444446,4.143611111111111,35,786,26.83,97,0,97,0,97,0
robust,liu_massdep_baseline_MX2,liu_massdep_baseline,MX2,15,109,0,OK,97,0,0,702.9477777777778,500.7655555555556,4.1530555555555555,35,786,32.04,97,0,97,0,97,0
robust,liu_massdep_baseline_MX2,liu_massdep_baseline,MX2,15,110,0,OK,97,0,0,711.7511111111111,509.4611111111111,3.953888888888889,36,786,30.47,97,0,97,0,97,0
robust,liu_massdep_baseline_MX2,liu_massdep_baseline,MX2,15,111,0,OK,97,0,0,766.5655555555555,525.9233333333333,5.2747222222222225,42,786,35.9,97,0,97,0,97,0
robust,liu_massdep_baseline_MX2,liu_massdep_baseline,MX2,15,112,0,OK,97,0,0,817.8977777777778,560.0633333333334,2.9477777777777776,44,786,33.56,97,0,97,0,97,0
robust,liu_massdep_baseline_MX2,liu_massdep_baseline,MX2,15,113,0,OK,97,0,0,762.6922222222222,530.7244444444444,4.203055555555555,41,786,39.35,97,0,97,0,97,0
robust,liu_massdep_baseline_MX2,liu_massdep_baseline,MX2,15,114,0,OK,97,0,0,646.9055555555556,496.58,2.9719444444444445,26,786,27.75,97,0,97,0,97,0
robust,liu_massdep_baseline_MX2,liu_massdep_baseline,MX2,15,115,0,OK,97,0,0,702.2277777777778,511.47777777777776,2.3830555555555555,34,786,28.47,97,0,97,0,97,0
robust,liu_massdep_baseline_MX2,liu_massdep_baseline,MX2,15,116,0,OK,97,0,0,721.3744444444444,518.0911111111111,2.6144444444444446,36,786,34.79,97,0,97,0,97,0
robust,liu_massdep_baseline_MX2,liu_massdep_baseline,MX2,15,117,0,OK,97,0,0,717.8466666666667,516.0022222222223,1.603888888888889,36,786,32.73,97,0,97,0,97,0
robust,liu_massdep_baseline_MX2,liu_massdep_baseline,MX2,15,118,0,OK,97,0,0,683.8533333333334,508.31,2.618888888888889,30,786,31.25,97,0,97,0,97,0
robust,liu_massdep_baseline_MX2,liu_massdep_baseline,MX2,15,119,0,OK,97,0,0,711.8611111111111,526.2444444444444,2.210277777777778,32,786,31.59,97,0,97,0,97,0
robust,liu_massdep_baseline_MX2,liu_massdep_baseline,MX2,15,120,0,OK,97,0,0,730.1555555555556,520.4244444444445,2.761388888888889,37,786,33.01,97,0,97,0,97,0
robust,liu_massdep_baseline_MX2,liu_massdep_baseline,MX2,15,121,0,OK,97,0,0,695.6766666666666,499.8066666666667,3.3755555555555556,35,786,33.84,97,0,97,0,97,0
robust,liu_massdep_baseline_MX2,liu_massdep_baseline,MX2,15,122,0,OK,97,0,0,702.6966666666667,515.7833333333333,2.9419444444444443,33,786,32.23,97,0,97,0,97,0
robust,liu_massdep_baseline_MX2,liu_massdep_baseline,MX2,15,123,0,OK,97,0,0,804.1822222222222,544.4666666666667,3.4963888888888888,46,786,34.14,97,0,97,0,97,0
robust,liu_massdep_baseline_MX2,liu_massdep_baseline,MX2,15,124,0,OK,97,0,0,728.0211111111112,522.4444444444445,3.359722222222222,37,786,34.8,97,0,97,0,97,0
robust,liu_massdep_baseline_MX2,liu_massdep_baseline,MX2,15,125,0,OK,97,0,0,685.5255555555556,503.2311111111111,3.8333333333333335,33,786,34.11,97,0,97,0,97,0
robust,liu_massdep_baseline_MX2,liu_massdep_baseline,MX2,15,126,0,OK,97,0,0,722.4733333333334,516.9588888888889,2.3555555555555556,36,786,27.86,97,0,97,0,97,0
robust,liu_massdep_baseline_MX2,liu_massdep_baseline,MX2,15,127,0,OK,97,0,0,703.1277777777777,518.31,3.4030555555555555,31,786,29.67,97,0,97,0,97,0
robust,liu_massdep_baseline_MX2,liu_massdep_baseline,MX2,15,128,0,OK,97,0,0,671.7533333333333,489.93111111111114,2.7597222222222224,33,786,29.22,97,0,97,0,97,0
robust,liu_massdep_baseline_MX2,liu_massdep_baseline,MX2,15,129,0,OK,97,0,0,699.3666666666667,503.03777777777776,4.8244444444444445,36,786,34.53,97,0,97,0,97,0
robust,liu_massdep_baseline_MX2,liu_massdep_baseline,MX2,15,130,0,OK,97,0,0,805.9588888888889,544.2455555555556,5.836944444444445,47,786,39.8,97,0,97,0,97,0
