study,series,cell,family,K,seed,j,status,on_time,n_over,max_tard_s,crew_veh_h,crew_team_h,after_h,n_coop,iters,wall_s,cp0_on,cp0_over,cp100_on,cp100_over,cp300_on,cp300_over
tier_speeds_jiang,tierspeed_jiang_short_baseline_T425,jiang_short_baseline,425,4,101,0,OK,51,7,42025,325.0888888888889,325.0888888888889,17.272222222222222,0,786,17.55,37,14,47,8,49,7
tier_speeds_jiang,tierspeed_jiang_short_baseline_T425,jiang_short_baseline,425,4,101,1,OK,53,6,32874,321.54777777777775,321.54777777777775,16.386944444444445,0,786,16.51,37,14,46,8,50,7
tier_speeds_jiang,tierspeed_jiang_short_baseline_T425,jiang_short_baseline,425,4,101,2,OK,50,7,37011,323.66777777777776,323.66777777777776,16.916944444444443,0,786,20.06,37,14,42,10,51,8
tier_speeds_jiang,tierspeed_jiang_short_baseline_T425,jiang_short_baseline,425,4,102,0,OK,39,6,62322,333.46444444444444,324.79333333333335,19.36611111111111,2,786,15.83,28,26,42,11,45,8
tier_speeds_jiang,tierspeed_jiang_short_baseline_T425,jiang_short_baseline,425,4,102,1,OK,44,7,65858,340.04,331.3688888888889,21.01,2,786,19.0,28,26,39,13,40,8
tier_speeds_jiang,tierspeed_jiang_short_baseline_T425,jiang_short_baseline,425,4,102,2,OK,38,8,58338,337.88666666666666,329.21555555555557,20.471666666666668,2,786,15.96,24,24,29,16,40,10
tier_speeds_jiang,tierspeed_jiang_short_baseline_T425,jiang_short_baseline,425,4,103,0,OK,53,4,29068,322.76666666666665,318.34555555555556,16.70722222222222,1,786,17.53,41,12,48,5,51,4
tier_speeds_jiang,tierspeed_jiang_short_baseline_T425,jiang_short_baseline,425,4,103,1,OK,54,4,31301,323.46777777777777,319.0466666666667,16.866944444444446,1,786,17.72,41,13,49,6,52,4
tier_speeds_jiang,tierspeed_jiang_short_baseline_T425,jiang_short_baseline,425,4,103,2,OK,53,3,44264,320.5877777777778,316.1666666666667,16.251666666666665,1,786,15.72,34,12,46,4,48,3
tier_speeds_jiang,tierspeed_jiang_short_baseline_T425,jiang_short_baseline,425,4,104,0,OK,55,10,86946,339.6411111111111,334.2366666666667,20.91027777777778,2,786,15.07,34,32,50,14,51,12
tier_speeds_jiang,tierspeed_jiang_short_baseline_T425,jiang_short_baseline,425,4,104,1,OK,46,10,61966,344.86555555555555,339.4611111111111,22.21638888888889,2,786,18.0,34,32,46,13,46,11
tier_speeds_jiang,tierspeed_jiang_short_baseline_T425,jiang_short_baseline,425,4,104,2,OK,54,10,63726,340.53777777777776,335.1333333333333,21.134444444444444,2,786,14.08,34,32,51,14,49,11
tier_speeds_jiang,tierspeed_jiang_short_baseline_T425,jiang_short_baseline,425,4,105,0,OK,57,4,37701,325.14666666666665,316.03222222222223,17.286666666666665,3,786,19.88,37,13,49,7,50,4
tier_speeds_jiang,tierspeed_jiang_short_baseline_T425,jiang_short_baseline,425,4,105,1,OK,56,3,25792,321.07666666666665,311.96222222222224,16.336666666666666,3,786,19.47,37,13,48,5,48,3
tier_speeds_jiang,tierspeed_jiang_short_baseline_T425,jiang_short_baseline,425,4,105,2,OK,51,4,29621,327.00555555555553,317.8911111111111,17.80638888888889,3,786,18.1,37,13,46,7,50,6
tier_speeds_jiang,tierspeed_jiang_short_baseline_T425,jiang_short_baseline,425,4,106,0,OK,48,9,53743,337.8666666666667,334.42333333333335,20.466666666666665,1,786,19.75,30,28,48,14,40,9
tier_speeds_jiang,tierspeed_jiang_short_baseline_T425,jiang_short_baseline,425,4,106,1,OK,54,8,55390,342.7,339.25666666666666,21.745,1,786,16.34,28,29,44,11,49,10
tier_speeds_jiang,tierspeed_jiang_short_baseline_T425,jiang_short_baseline,425,4,106,2,OK,56,7,53965,338.45222222222225,335.00888888888886,20.63,1,786,16.54,27,26,51,10,54,7
tier_speeds_jiang,tierspeed_jiang_short_baseline_T425,jiang_short_baseline,425,4,107,0,OK,54,0,7156,299.4322222222222,296.5677777777778,10.858055555555556,1,786,17.49,50,4,51,0,53,0
tier_speeds_jiang,tierspeed_jiang_short_baseline_T425,jiang_short_baseline,425,4,107,1,OK,66,1,38214,299.8855555555556,297.0211111111111,10.971388888888889,1,786,15.33,43,4,54,3,60,3
tier_speeds_jiang,tierspeed_jiang_short_baseline_T425,jiang_short_baseline,425,4,107,2,OK,63,2,38871,304.39444444444445,301.53,12.370833333333334,1,786,18.11,47,4,56,4,60,3
tier_speeds_jiang,tierspeed_jiang_short_baseline_T425,jiang_short_baseline,425,4,108,0,OK,58,3,36462,320.1922222222222,320.1922222222222,16.12388888888889,0,786,12.64,41,10,46,4,52,4
tier_speeds_jiang,tierspeed_jiang_short_baseline_T425,jiang_short_baseline,425,4,108,1,OK,52,4,40908,325.1355555555556,325.1355555555556,17.29888888888889,0,786,14.65,44,12,50,7,55,6
tier_speeds_jiang,tierspeed_jiang_short_baseline_T425,jiang_short_baseline,425,4,108,2,OK,55,5,36636,324.12555555555554,324.12555555555554,17.22222222222222,0,786,16.74,43,12,45,6,51,5
tier_speeds_jiang,tierspeed_jiang_short_baseline_T425,jiang_short_baseline,425,4,109,0,OK,61,5,40955,317.71555555555557,317.71555555555557,15.428888888888888,0,786,17.26,43,10,45,6,58,5
tier_speeds_jiang,tierspeed_jiang_short_baseline_T425,jiang_short_baseline,425,4,109,1,OK,65,5,38589,315.55444444444447,315.55444444444447,14.913333333333334,0,786,17.33,40,10,55,6,62,5
tier_speeds_jiang,tierspeed_jiang_short_baseline_T425,jiang_short_baseline,425,4,109,2,OK,59,4,41389,315.63444444444445,315.63444444444445,14.908611111111112,0,786,15.99,45,11,52,5,53,4
tier_speeds_jiang,tierspeed_jiang_short_baseline_T425,jiang_short_baseline,425,4,110,0,OK,43,3,33178,313.5211111111111,313.5211111111111,14.380277777777778,0,786,14.56,39,11,41,4,42,3
tier_speeds_jiang,tierspeed_jiang_short_baseline_T425,jiang_short_baseline,425,4,110,1,OK,54,3,50725,309.2733333333333,309.2733333333333,13.386111111111111,0,786,16.72,33,9,47,7,49,3
tier_speeds_jiang,tierspeed_jiang_short_baseline_T425,jiang_short_baseline,425,4,110,2,OK,57,4,48908,313.5855555555556,313.5855555555556,14.39638888888889,0,786,15.82,32,10,48,5,47,4
tier_speeds_jiang,tierspeed_jiang_short_baseline_T425,jiang_short_baseline,425,4,111,0,OK,47,5,47034,320.96666666666664,320.96666666666664,16.241666666666667,0,786,15.64,27,14,42,9,49,7
tier_speeds_jiang,tierspeed_jiang_short_baseline_T425,jiang_short_baseline,425,4,111,1,OK,55,5,51978,318.1488888888889,318.1488888888889,15.550277777777778,0,786,18.72,28,14,43,8,43,8
tier_speeds_jiang,tierspeed_jiang_short_baseline_T425,jiang_short_baseline,425,4,111,2,OK,43,6,45137,322.25444444444446,322.25444444444446,16.56361111111111,0,786,16.63,28,12,43,7,42,6
tier_speeds_jiang,tierspeed_jiang_short_baseline_T425,jiang_short_baseline,425,4,112,0,OK,47,9,51740,359.12111111111113,349.8355555555556,25.8125,2,786,18.53,28,37,36,14,43,12
tier_speeds_jiang,tierspeed_jiang_short_baseline_T425,jiang_short_baseline,425,4,112,1,OK,55,11,55584,358.8255555555556,349.54,25.70638888888889,2,786,17.19,28,36,49,11,54,11
tier_speeds_jiang,tierspeed_jiang_short_baseline_T425,jiang_short_baseline,425,4,112,2,OK,50,10,60816,363.3222222222222,354.0366666666667,26.830555555555556,2,786,16.9,26,37,39,14,48,10
tier_speeds_jiang,tierspeed_jiang_short_baseline_T425,jiang_short_baseline,425,4,113,0,OK,39,6,63054,333.18333333333334,330.47,19.303333333333335,1,786,17.86,33,26,40,12,41,9
tier_speeds_jiang,tierspeed_jiang_short_baseline_T425,jiang_short_baseline,425,4,113,1,OK,44,8,56337,335.27222222222224,332.5588888888889,19.818055555555556,1,786,14.85,33,26,41,9,43,9
tier_speeds_jiang,tierspeed_jiang_short_baseline_T425,jiang_short_baseline,425,4,113,2,OK,38,8,52997,337.29555555555555,334.58222222222224,20.323888888888888,1,786,19.77,25,24,31,13,39,10
tier_speeds_jiang,tierspeed_jiang_short_baseline_T425,jiang_short_baseline,425,4,114,0,OK,51,7,76799,336.45666666666665,329.7866666666667,20.114166666666666,2,786,19.27,26,27,41,12,47,12
tier_speeds_jiang,tierspeed_jiang_short_baseline_T425,jiang_short_baseline,425,4,114,1,OK,52,7,55248,338.09,331.42,20.5225,2,786,15.9,27,27,46,14,50,7
tier_speeds_jiang,tierspeed_jiang_short_baseline_T425,jiang_short_baseline,425,4,114,2,OK,54,7,49554,337.50111111111113,330.8311111111111,20.37527777777778,2,786,19.48,26,28,42,12,52,7
tier_speeds_jiang,tierspeed_jiang_short_baseline_T425,jiang_short_baseline,425,4,115,0,OK,62,7,57462,348.22333333333336,329.27222222222224,23.065277777777776,6,786,18.55,39,24,46,11,52,7
tier_speeds_jiang,tierspeed_jiang_short_baseline_T425,jiang_short_baseline,425,4,115,1,OK,54,7,56148,346.54,327.5888888888889,22.782222222222224,6,786,18.38,31,23,42,18,48,11
tier_speeds_jiang,tierspeed_jiang_short_baseline_T425,jiang_short_baseline,425,4,115,2,OK,53,8,46102,341.57666666666665,322.62555555555554,21.408333333333335,6,786,19.75,35,23,50,11,50,8
tier_speeds_jiang,tierspeed_jiang_short_baseline_T425,jiang_short_baseline,425,4,116,0,OK,49,5,36062,328.6455555555556,325.25666666666666,18.16138888888889,1,786,18.35,41,13,41,6,49,5
tier_speeds_jiang,tierspeed_jiang_short_baseline_T425,jiang_short_baseline,425,4,116,1,OK,42,4,32852,330.2088888888889,326.82,18.628611111111113,1,786,17.34,35,15,40,9,47,6
tier_speeds_jiang,tierspeed_jiang_short_baseline_T425,jiang_short_baseline,425,4,116,2,OK,56,6,45594,330.2288888888889,326.84,18.557222222222222,1,786,15.37,31,14,53,7,50,6
tier_speeds_jiang,tierspeed_jiang_short_baseline_T425,jiang_short_baseline,425,4,117,0,OK,55,5,60989,328.6722222222222,328.6722222222222,18.230555555555554,0,786,13.25,34,20,46,9,42,8
tier_speeds_jiang,tierspeed_jiang_short_baseline_T425,jiang_short_baseline,425,4,117,1,OK,63,6,58103,328.23333333333335,328.23333333333335,18.074166666666667,0,786,16.29,40,19,51,8,55,7
tier_speeds_jiang,tierspeed_jiang_short_baseline_T425,jiang_short_baseline,425,4,117,2,OK,52,6,61254,328.34777777777776,328.34777777777776,18.119722222222222,0,786,19.16,39,20,40,10,43,9
tier_speeds_jiang,tierspeed_jiang_short_baseline_T425,jiang_short_baseline,425,4,118,0,OK,52,7,54934,336.51666666666665,336.51666666666665,20.129166666666666,0,786,15.46,36,22,37,12,51,9
tier_speeds_jiang,tierspeed_jiang_short_baseline_T425,jiang_short_baseline,425,4,118,1,OK,49,9,57902,338.6222222222222,338.6222222222222,20.655555555555555,0,786,14.46,36,22,47,13,53,11
tier_speeds_jiang,tierspeed_jiang_short_baseline_T425,jiang_short_baseline,425,4,118,2,OK,61,8,54812,332.2344444444444,332.2344444444444,19.058611111111112,0,786,18.89,30,21,49,10,60,8
tier_speeds_jiang,tierspeed_jiang_short_baseline_T425,jiang_short_baseline,425,4,119,0,OK,46,9,84201,351.08444444444444,345.12333333333333,23.918333333333333,2,786,13.01,28,36,44,11,43,9
tier_speeds_jiang,tierspeed_jiang_short_baseline_T425,jiang_short_baseline,425,4,119,1,OK,47,10,68730,350.34777777777776,344.38666666666666,23.586944444444445,2,786,16.51,28,36,37,14,43,12
tier_speeds_jiang,tierspeed_jiang_short_baseline_T425,jiang_short_baseline,425,4,119,2,OK,48,8,77449,347.18888888888887,341.22777777777776,22.801944444444445,2,786,16.25,28,36,43,9,43,8
tier_speeds_jiang,tierspeed_jiang_short_baseline_T425,jiang_short_baseline,425,4,120,0,OK,59,6,48896,350.24888888888887,332.34555555555556,23.61611111111111,4,786,19.49,25,36,51,10,61,8
tier_speeds_jiang,tierspeed_jiang_short_baseline_T425,jiang_short_baseline,425,4,120,1,OK,49,8,67186,367.49555555555554,349.59222222222223,27.87388888888889,4,786,15.6,28,35,44,13,49,9
tier_speeds_jiang,tierspeed_jiang_short_baseline_T425,jiang_short_baseline,425,4,120,2,OK,58,7,55989,359.05333333333334,341.15,25.763333333333332,4,786,17.36,25,37,46,11,52,9
tier_speeds_jiang,tierspeed_jiang_short_baseline_T425,jiang_short_baseline,425,4,121,0,OK,59,2,10481,303.23333333333335,303.23333333333335,11.823333333333334,0,786,16.67,50,5,49,2,52,2
tier_speeds_jiang,tierspeed_jiang_short_baseline_T425,jiang_short_baseline,425,4,121,1,OK,59,1,17560,306.72222222222223,306.72222222222223,12.745277777777778,0,786,14.81,50,6,54,2,58,1
tier_speeds_jiang,tierspeed_jiang_short_baseline_T425,jiang_short_baseline,425,4,121,2,OK,63,2,31952,307.7055555555556,307.7055555555556,12.926388888888889,0,786,15.13,49,4,57,2,58,2
tier_speeds_jiang,tierspeed_jiang_short_baseline_T425,jiang_short_baseline,425,4,122,0,OK,52,5,58462,323.97555555555556,323.97555555555556,16.99388888888889,0,786,13.0,32,17,37,8,44,8
tier_speeds_jiang,tierspeed_jiang_short_baseline_T425,jiang_short_baseline,425,4,122,1,OK,50,5,46489,322.6166666666667,322.6166666666667,16.654166666666665,0,786,15.61,32,15,45,6,45,6
tier_speeds_jiang,tierspeed_jiang_short_baseline_T425,jiang_short_baseline,425,4,122,2,OK,67,6,67553,325.06,325.06,17.265,0,786,15.07,28,18,49,9,55,7
tier_speeds_jiang,tierspeed_jiang_short_baseline_T425,jiang_short_baseline,425,4,123,0,OK,48,9,60718,342.4888888888889,334.29555555555555,21.701944444444443,2,786,15.7,28,25,37,15,37,11
tier_speeds_jiang,tierspeed_jiang_short_baseline_T425,jiang_short_baseline,425,4,123,1,OK,30,10,58683,348.31888888888886,340.12555555555554,23.079722222222223,2,786,18.06,16,26,26,11,30,10
tier_speeds_jiang,tierspeed_jiang_short_baseline_T425,jiang_short_baseline,425,4,123,2,OK,50,8,67030,344.06666666666666,335.87333333333333,22.06,2,786,17.1,29,22,38,11,39,10
tier_speeds_jiang,tierspeed_jiang_short_baseline_T425,jiang_short_baseline,425,4,124,0,OK,49,7,40759,337.0677777777778,332.82666666666665,20.320555555555554,1,786,18.25,30,21,41,8,44,7
tier_speeds_jiang,tierspeed_jiang_short_baseline_T425,jiang_short_baseline,425,4,124,1,OK,48,5,65687,325.55555555555554,321.31444444444446,17.38888888888889,1,786,17.74,25,22,49,10,45,7
tier_speeds_jiang,tierspeed_jiang_short_baseline_T425,jiang_short_baseline,425,4,124,2,OK,50,6,53477,332.01222222222225,327.7711111111111,19.003055555555555,1,786,14.07,29,21,34,14,47,6
tier_speeds_jiang,tierspeed_jiang_short_baseline_T425,jiang_short_baseline,425,4,125,0,OK,54,2,37944,308.07,304.79777777777775,13.0175,1,786,19.58,49,6,50,3,53,2
tier_speeds_jiang,tierspeed_jiang_short_baseline_T425,jiang_short_baseline,425,4,125,1,OK,58,1,37796,307.9488888888889,304.6766666666667,12.987222222222222,1,786,14.65,45,5,51,2,60,2
tier_speeds_jiang,tierspeed_jiang_short_baseline_T425,jiang_short_baseline,425,4,125,2,OK,55,2,17017,306.33444444444444,303.0622222222222,12.58361111111111,1,786,13.98,44,6,50,4,52,2
tier_speeds_jiang,tierspeed_jiang_short_baseline_T425,jiang_short_baseline,425,4,126,0,OK,51,6,76377,340.4266666666667,336.34222222222223,21.28611111111111,1,786,18.37,25,36,47,15,57,8
tier_speeds_jiang,tierspeed_jiang_short_baseline_T425,jiang_short_baseline,425,4,126,1,OK,45,7,52704,338.0366666666667,333.95222222222225,20.509166666666665,1,786,16.71,25,36,38,8,45,8
tier_speeds_jiang,tierspeed_jiang_short_baseline_T425,jiang_short_baseline,425,4,126,2,OK,46,9,54362,337.21555555555557,333.1311111111111,20.30388888888889,1,786,16.12,25,36,32,14,42,12
tier_speeds_jiang,tierspeed_jiang_short_baseline_T425,jiang_short_baseline,425,4,127,0,OK,35,12,87034,369.7611111111111,360.1611111111111,28.554444444444446,3,786,18.56,30,35,36,17,47,16
tier_speeds_jiang,tierspeed_jiang_short_baseline_T425,jiang_short_baseline,425,4,127,1,OK,40,14,71176,368.58444444444444,358.9844444444444,28.14611111111111,3,786,17.76,30,35,33,17,38,14
tier_speeds_jiang,tierspeed_jiang_short_baseline_T425,jiang_short_baseline,425,4,127,2,OK,40,11,81205,359.5311111111111,349.93111111111114,25.916666666666668,3,786,16.22,30,35,34,17,44,13
tier_speeds_jiang,tierspeed_jiang_short_baseline_T425,jiang_short_baseline,425,4,128,0,OK,67,0,7145,300.1877777777778,300.1877777777778,11.046944444444444,0,786,15.73,56,0,65,0,66,0
tier_speeds_jiang,tierspeed_jiang_short_baseline_T425,jiang_short_baseline,425,4,128,1,OK,63,0,6870,300.8588888888889,300.8588888888889,11.266388888888889,0,786,18.63,56,0,59,0,61,0
tier_speeds_jiang,tierspeed_jiang_short_baseline_T425,jiang_short_baseline,425,4,128,2,OK,64,0,6756,297.80333333333334,297.80333333333334,10.633611111111112,0,786,15.99,56,0,60,0,63,0
tier_speeds_jiang,tierspeed_jiang_short_baseline_T425,jiang_short_baseline,425,4,129,0,OK,57,3,48653,309.9111111111111,309.9111111111111,13.641666666666667,0,786,17.99,31,9,49,6,49,6
tier_speeds_jiang,tierspeed_jiang_short_baseline_T425,jiang_short_baseline,425,4,129,1,OK,55,3,25710,308.5833333333333,308.5833333333333,13.185,0,786,14.03,41,9,46,6,48,3
tier_speeds_jiang,tierspeed_jiang_short_baseline_T425,jiang_short_baseline,425,4,129,2,OK,59,2,48780,309.24555555555554,309.24555555555554,13.394166666666667,0,786,19.5,40,10,57,4,56,2
tier_speeds_jiang,tierspeed_jiang_short_baseline_T425,jiang_short_baseline,425,4,130,0,OK,57,8,59142,328.3277777777778,325.68,18.088055555555556,1,786,16.34,30,18,43,11,49,8
tier_speeds_jiang,tierspeed_jiang_short_baseline_T425,jiang_short_baseline,425,4,130,1,OK,54,7,38418,325.7111111111111,323.06333333333333,17.427777777777777,1,786,16.1,38,18,48,11,50,7
tier_speeds_jiang,tierspeed_jiang_short_baseline_T425,jiang_short_baseline,425,4,130,2,OK,44,7,49113,333.69,331.0422222222222,19.614166666666666,1,786,16.86,38,17,37,12,46,10
tier_speeds_jiang,tierspeed_jiang_short_baseline_T425,jiang_short_baseline,425,5,101,0,OK,97,0,0,315.9277777777778,315.9277777777778,2.3130555555555556,0,786,15.52,96,0,97,0,97,0
tier_speeds_jiang,tierspeed_jiang_short_baseline_T425,jiang_short_baseline,425,5,102,0,OK,97,0,0,319.4688888888889,310.79777777777775,2.2358333333333333,2,786,20.24,95,0,97,0,97,0
tier_speeds_jiang,tierspeed_jiang_short_baseline_T425,jiang_short_baseline,425,5,103,0,OK,97,0,0,304.09,299.6688888888889,3.0527777777777776,1,786,19.79,97,0,97,0,97,0
tier_speeds_jiang,tierspeed_jiang_short_baseline_T425,jiang_short_baseline,425,5,104,0,OK,93,0,3521,332.1711111111111,326.76666666666665,3.5219444444444443,2,786,18.25,87,0,91,0,92,0
tier_speeds_jiang,tierspeed_jiang_short_baseline_T425,jiang_short_baseline,425,5,105,0,OK,97,0,0,307.34555555555556,298.2311111111111,2.3719444444444444,3,786,22.32,97,0,97,0,97,0
tier_speeds_jiang,tierspeed_jiang_short_baseline_T425,jiang_short_baseline,425,5,106,0,OK,97,0,0,323.45222222222225,320.00888888888886,1.9236111111111112,1,786,20.65,91,0,95,0,96,0
tier_speeds_jiang,tierspeed_jiang_short_baseline_T425,jiang_short_baseline,425,5,107,0,OK,97,0,0,284.5488888888889,281.68444444444447,2.7369444444444446,1,786,19.3,97,0,97,0,97,0
tier_speeds_jiang,tierspeed_jiang_short_baseline_T425,jiang_short_baseline,425,5,108,0,OK,97,0,0,308.11,308.11,1.9655555555555555,0,786,17.47,97,0,97,0,97,0
tier_speeds_jiang,tierspeed_jiang_short_baseline_T425,jiang_short_baseline,425,5,109,0,OK,97,0,0,300.99888888888887,300.99888888888887,3.2244444444444444,0,786,17.35,97,0,97,0,97,0
tier_speeds_jiang,tierspeed_jiang_short_baseline_T425,jiang_short_baseline,425,5,110,0,OK,97,0,0,299.79777777777775,299.79777777777775,1.5930555555555554,0,786,17.53,97,0,97,0,97,0
tier_speeds_jiang,tierspeed_jiang_short_baseline_T425,jiang_short_baseline,425,5,111,0,OK,97,0,0,304.52777777777777,304.52777777777777,2.408333333333333,0,786,17.91,97,0,97,0,97,0
tier_speeds_jiang,tierspeed_jiang_short_baseline_T425,jiang_short_baseline,425,5,112,0,OK,85,0,5627,357.1922222222222,347.9066666666667,9.6425,2,786,19.87,78,0,81,0,82,0
tier_speeds_jiang,tierspeed_jiang_short_baseline_T425,jiang_short_baseline,425,5,113,0,OK,97,0,0,319.12333333333333,316.41,3.097777777777778,1,786,15.88,96,0,96,0,97,0
tier_speeds_jiang,tierspeed_jiang_short_baseline_T425,jiang_short_baseline,425,5,114,0,OK,97,0,0,328.9244444444444,322.25444444444446,3.156388888888889,2,786,17.83,93,0,97,0,97,0
tier_speeds_jiang,tierspeed_jiang_short_baseline_T425,jiang_short_baseline,425,5,115,0,OK,95,0,4706,338.4277777777778,319.4766666666667,6.5488888888888885,6,786,26.44,91,0,92,0,95,0
tier_speeds_jiang,tierspeed_jiang_short_baseline_T425,jiang_short_baseline,425,5,116,0,OK,97,0,0,311.6388888888889,308.25,2.180277777777778,1,786,18.1,97,0,97,0,97,0
tier_speeds_jiang,tierspeed_jiang_short_baseline_T425,jiang_short_baseline,425,5,117,0,OK,97,0,0,314.4111111111111,314.4111111111111,2.63,0,786,18.83,97,0,97,0,97,0
tier_speeds_jiang,tierspeed_jiang_short_baseline_T425,jiang_short_baseline,425,5,118,0,OK,97,0,0,324.4266666666667,324.4266666666667,4.030833333333334,0,786,17.04,95,0,97,0,97,0
tier_speeds_jiang,tierspeed_jiang_short_baseline_T425,jiang_short_baseline,425,5,119,0,OK,91,0,5326,342.22444444444443,336.2633333333333,5.556111111111111,2,786,18.13,82,0,89,0,90,0
tier_speeds_jiang,tierspeed_jiang_short_baseline_T425,jiang_short_baseline,425,5,120,0,OK,89,0,6463,347.12111111111113,329.21777777777777,7.108611111111111,4,786,21.73,80,0,86,0,87,0
tier_speeds_jiang,tierspeed_jiang_short_baseline_T425,jiang_short_baseline,425,5,121,0,OK,97,0,0,293.32666666666665,293.32666666666665,2.392777777777778,0,786,19.02,97,0,97,0,97,0
tier_speeds_jiang,tierspeed_jiang_short_baseline_T425,jiang_short_baseline,425,5,122,0,OK,97,0,0,310.9422222222222,310.9422222222222,1.571388888888889,0,786,20.27,97,0,97,0,97,0
tier_speeds_jiang,tierspeed_jiang_short_baseline_T425,jiang_short_baseline,425,5,123,0,OK,96,0,2085,334.6977777777778,326.50444444444446,4.049444444444444,2,786,16.12,92,0,95,0,95,0
tier_speeds_jiang,tierspeed_jiang_short_baseline_T425,jiang_short_baseline,425,5,124,0,OK,97,0,0,320.29555555555555,316.05444444444447,1.6680555555555556,1,786,18.15,96,0,97,0,97,0
tier_speeds_jiang,tierspeed_jiang_short_baseline_T425,jiang_short_baseline,425,5,125,0,OK,97,0,0,296.01444444444445,292.7422222222222,2.4980555555555557,1,786,18.66,97,0,97,0,97,0
tier_speeds_jiang,tierspeed_jiang_short_baseline_T425,jiang_short_baseline,425,5,126,0,OK,94,0,2730,331.3088888888889,327.22444444444443,3.4705555555555554,1,786,20.86,88,0,88,0,94,0
tier_speeds_jiang,tierspeed_jiang_short_baseline_T425,jiang_short_baseline,425,5,127,0,OK,78,0,7165,347.90777777777777,338.3077777777778,7.235277777777778,3,786,20.02,71,0,71,0,74,0
tier_speeds_jiang,tierspeed_jiang_short_baseline_T425,jiang_short_baseline,425,5,128,0,OK,97,0,0,287.68888888888887,287.68888888888887,2.265833333333333,0,786,16.76,97,0,97,0,97,0
tier_speeds_jiang,tierspeed_jiang_short_baseline_T425,jiang_short_baseline,425,5,129,0,OK,97,0,0,294.8411111111111,294.8411111111111,2.7311111111111113,0,786,17.62,97,0,97,0,97,0
tier_speeds_jiang,tierspeed_jiang_short_baseline_T425,jiang_short_baseline,425,5,130,0,OK,97,0,0,315.53444444444443,312.88666666666666,2.2544444444444443,1,786,17.95,96,0,96,0,97,0
tier_speeds_jiang,tierspeed_jiang_short_baseline_T425,jiang_short_baseline,425,6,101,0,OK,97,0,0,308.48555555555555,308.48555555555555,1.4947222222222223,0,786,11.75,97,0,97,0,97,0
tier_speeds_jiang,tierspeed_jiang_short_baseline_T425,jiang_short_baseline,425,6,102,0,OK,97,0,0,315.3088888888889,306.6377777777778,0.8222222222222222,2,786,14.18,97,0,97,0,97,0
tier_speeds_jiang,tierspeed_jiang_short_baseline_T425,jiang_short_baseline,425,6,103,0,OK,97,0,0,301.6066666666667,297.18555555555554,2.2769444444444447,1,786,13.59,97,0,97,0,97,0
tier_speeds_jiang,tierspeed_jiang_short_baseline_T425,jiang_short_baseline,425,6,104,0,OK,97,0,0,317.71444444444444,312.31,1.4933333333333334,2,786,16.99,97,0,97,0,97,0
tier_speeds_jiang,tierspeed_jiang_short_baseline_T425,jiang_short_baseline,425,6,105,0,OK,97,0,0,302.53777777777776,293.42333333333335,2.4697222222222224,3,786,16.13,97,0,97,0,97,0
tier_speeds_jiang,tierspeed_jiang_short_baseline_T425,jiang_short_baseline,425,6,106,0,OK,97,0,0,317.23555555555555,313.7922222222222,0.5083333333333333,1,786,14.74,97,0,97,0,97,0
tier_speeds_jiang,tierspeed_jiang_short_baseline_T425,jiang_short_baseline,425,6,107,0,OK,97,0,0,283.20222222222225,280.3377777777778,0.8413888888888889,1,786,13.44,97,0,97,0,97,0
tier_speeds_jiang,tierspeed_jiang_short_baseline_T425,jiang_short_baseline,425,6,108,0,OK,97,0,0,303.24,303.24,0.2877777777777778,0,786,13.53,97,0,97,0,97,0
tier_speeds_jiang,tierspeed_jiang_short_baseline_T425,jiang_short_baseline,425,6,109,0,OK,97,0,0,297.5022222222222,297.5022222222222,1.56,0,786,11.77,97,0,97,0,97,0
tier_speeds_jiang,tierspeed_jiang_short_baseline_T425,jiang_short_baseline,425,6,110,0,OK,97,0,0,296.6766666666667,296.6766666666667,0.4247222222222222,0,786,13.94,97,0,97,0,97,0
tier_speeds_jiang,tierspeed_jiang_short_baseline_T425,jiang_short_baseline,425,6,111,0,OK,97,0,0,301.0588888888889,301.0588888888889,2.178611111111111,0,786,12.48,97,0,97,0,97,0
tier_speeds_jiang,tierspeed_jiang_short_baseline_T425,jiang_short_baseline,425,6,112,0,OK,97,0,0,343.5411111111111,334.25555555555553,1.5816666666666668,2,786,16.53,97,0,97,0,97,0
tier_speeds_jiang,tierspeed_jiang_short_baseline_T425,jiang_short_baseline,425,6,113,0,OK,97,0,0,310.0211111111111,307.3077777777778,1.163888888888889,1,786,13.98,97,0,97,0,97,0
tier_speeds_jiang,tierspeed_jiang_short_baseline_T425,jiang_short_baseline,425,6,114,0,OK,97,0,0,315.50666666666666,308.83666666666664,1.7627777777777778,2,786,17.47,97,0,97,0,97,0
tier_speeds_jiang,tierspeed_jiang_short_baseline_T425,jiang_short_baseline,425,6,115,0,OK,97,0,0,324.8722222222222,305.9211111111111,3.5188888888888887,6,786,19.53,97,0,97,0,97,0
tier_speeds_jiang,tierspeed_jiang_short_baseline_T425,jiang_short_baseline,425,6,116,0,OK,97,0,0,306.8311111111111,303.4422222222222,2.2125,1,786,14.17,97,0,97,0,97,0
tier_speeds_jiang,tierspeed_jiang_short_baseline_T425,jiang_short_baseline,425,6,117,0,OK,97,0,0,311.1144444444444,311.1144444444444,1.4669444444444444,0,786,13.11,97,0,97,0,97,0
tier_speeds_jiang,tierspeed_jiang_short_baseline_T425,jiang_short_baseline,425,6,118,0,OK,97,0,0,316.09555555555556,316.09555555555556,1.3444444444444446,0,786,14.26,97,0,97,0,97,0
tier_speeds_jiang,tierspeed_jiang_short_baseline_T425,jiang_short_baseline,425,6,119,0,OK,97,0,0,328.8388888888889,322.8777777777778,2.1344444444444446,2,786,16.51,97,0,97,0,97,0
tier_speeds_jiang,tierspeed_jiang_short_baseline_T425,jiang_short_baseline,425,6,120,0,OK,97,0,0,330.3522222222222,312.4488888888889,1.8258333333333334,4,786,16.58,97,0,97,0,97,0
tier_speeds_jiang,tierspeed_jiang_short_baseline_T425,jiang_short_baseline,425,6,121,0,OK,97,0,0,291.12111111111113,291.12111111111113,1.7894444444444444,0,786,12.77,97,0,97,0,97,0
tier_speeds_jiang,tierspeed_jiang_short_baseline_T425,jiang_short_baseline,425,6,122,0,OK,97,0,0,307.36,307.36,1.9744444444444444,0,786,13.71,97,0,97,0,97,0
tier_speeds_jiang,tierspeed_jiang_short_baseline_T425,jiang_short_baseline,425,6,123,0,OK,97,0,0,318.68888888888887,310.49555555555554,1.0677777777777777,2,786,14.37,97,0,97,0,97,0
tier_speeds_jiang,tierspeed_jiang_short_baseline_T425,jiang_short_baseline,425,6,124,0,OK,97,0,0,309.42555555555555,305.18444444444447,0.8986111111111111,1,786,14.94,97,0,97,0,97,0
tier_speeds_jiang,tierspeed_jiang_short_baseline_T425,jiang_short_baseline,425,6,125,0,OK,97,0,0,291.2366666666667,287.96444444444444,1.4816666666666667,1,786,14.11,97,0,97,0,97,0
tier_speeds_jiang,tierspeed_jiang_short_baseline_T425,jiang_short_baseline,425,6,126,0,OK,97,0,0,315.78555555555556,311.7011111111111,2.242777777777778,1,786,15.67,97,0,97,0,97,0
tier_speeds_jiang,tierspeed_jiang_short_baseline_T425,jiang_short_baseline,425,6,127,0,OK,97,0,0,335.31444444444446,325.71444444444444,1.2544444444444445,3,786,18.7,97,0,97,0,97,0
tier_speeds_jiang,tierspeed_jiang_short_baseline_T425,jiang_short_baseline,425,6,128,0,OK,97,0,0,283.54555555555555,283.54555555555555,2.1013888888888888,0,786,13.81,97,0,97,0,97,0
tier_speeds_jiang,tierspeed_jiang_short_baseline_T425,jiang_short_baseline,425,6,129,0,OK,97,0,0,291.2988888888889,291.2988888888889,1.3647222222222222,0,786,12.85,97,0,97,0,97,0
tier_speeds_jiang,tierspeed_jiang_short_baseline_T425,jiang_short_baseline,425,6,130,0,OK,97,0,0,308.1177777777778,305.47,1.3722222222222222,1,786,16.01,97,0,97,0,97,0
tier_speeds_jiang,tierspeed_jiang_short_baseline_T500,jiang_short_baseline,500,4,101,0,OK,51,6,27097,319.3277777777778,319.3277777777778,15.831944444444444,0,786,16.81,41,10,48,6,50,6
tier_speeds_jiang,tierspeed_jiang_short_baseline_T500,jiang_short_baseline,500,4,101,1,OK,53,6,38531,319.78222222222223,319.78222222222223,15.945555555555556,0,786,13.22,39,11,50,7,49,6
tier_speeds_jiang,tierspeed_jiang_short_baseline_T500,jiang_short_baseline,500,4,101,2,OK,57,6,41103,318.9711111111111,318.9711111111111,15.742777777777778,0,786,11.0,42,12,50,8,54,6
tier_speeds_jiang,tierspeed_jiang_short_baseline_T500,jiang_short_baseline,500,4,102,0,OK,47,3,33831,311.1188888888889,311.1188888888889,13.779722222222222,0,786,16.31,39,5,43,4,43,3
tier_speeds_jiang,tierspeed_jiang_short_baseline_T500,jiang_short_baseline,500,4,102,1,OK,44,3,32754,315.6066666666667,315.6066666666667,14.901666666666667,0,786,14.63,39,5,43,4,44,4
tier_speeds_jiang,tierspeed_jiang_short_baseline_T500,jiang_short_baseline,500,4,102,2,OK,50,2,40490,313.1411111111111,313.1411111111111,14.285277777777777,0,786,12.47,39,5,45,3,46,2
tier_speeds_jiang,tierspeed_jiang_short_baseline_T500,jiang_short_baseline,500,4,103,0,OK,61,1,49181,304.06111111111113,304.06111111111113,12.015277777777778,0,786,14.32,42,4,53,3,58,2
tier_speeds_jiang,tierspeed_jiang_short_baseline_T500,jiang_short_baseline,500,4,103,1,OK,63,1,45860,305.1144444444444,305.1144444444444,12.278611111111111,0,786,12.42,45,4,50,1,58,1
tier_speeds_jiang,tierspeed_jiang_short_baseline_T500,jiang_short_baseline,500,4,103,2,OK,55,1,24213,307.1022222222222,307.1022222222222,12.775555555555556,0,786,16.78,42,4,45,2,49,1
tier_speeds_jiang,tierspeed_jiang_short_baseline_T500,jiang_short_baseline,500,4,104,0,OK,67,5,54661,320.3377777777778,320.3377777777778,16.285833333333333,0,786,15.4,43,14,49,8,57,7
tier_speeds_jiang,tierspeed_jiang_short_baseline_T500,jiang_short_baseline,500,4,104,1,OK,70,6,59994,323.83666666666664,323.83666666666664,16.990833333333335,0,786,18.11,41,17,50,9,70,6
tier_speeds_jiang,tierspeed_jiang_short_baseline_T500,jiang_short_baseline,500,4,104,2,OK,65,5,50562,324.25666666666666,324.25666666666666,17.10388888888889,0,786,14.69,42,16,58,6,63,5
tier_speeds_jiang,tierspeed_jiang_short_baseline_T500,jiang_short_baseline,500,4,105,0,OK,75,0,6736,299.3077777777778,299.3077777777778,10.826944444444445,0,786,16.29,66,0,68,0,71,0
tier_speeds_jiang,tierspeed_jiang_short_baseline_T500,jiang_short_baseline,500,4,105,1,OK,76,0,7183,296.6977777777778,296.6977777777778,10.264166666666666,0,786,13.25,63,0,70,0,72,0
tier_speeds_jiang,tierspeed_jiang_short_baseline_T500,jiang_short_baseline,500,4,105,2,OK,76,0,7039,296.26,296.26,10.096666666666666,0,786,13.99,69,1,73,0,74,0
tier_speeds_jiang,tierspeed_jiang_short_baseline_T500,jiang_short_baseline,500,4,106,0,OK,53,7,71472,329.43666666666667,329.43666666666667,18.359166666666667,0,786,15.36,37,18,45,9,49,7
tier_speeds_jiang,tierspeed_jiang_short_baseline_T500,jiang_short_baseline,500,4,106,1,OK,53,8,47345,327.19666666666666,327.19666666666666,17.799166666666668,0,786,11.02,38,17,51,9,52,8
tier_speeds_jiang,tierspeed_jiang_short_baseline_T500,jiang_short_baseline,500,4,106,2,OK,47,6,39653,323.41555555555556,323.41555555555556,16.85388888888889,0,786,15.59,33,17,46,8,53,7
tier_speeds_jiang,tierspeed_jiang_short_baseline_T500,jiang_short_baseline,500,4,107,0,OK,75,0,6971,288.9488888888889,288.9488888888889,8.309166666666666,0,786,14.8,64,0,71,0,72,0
tier_speeds_jiang,tierspeed_jiang_short_baseline_T500,jiang_short_baseline,500,4,107,1,OK,76,0,6789,290.51666666666665,290.51666666666665,8.629166666666666,0,786,11.09,61,0,63,0,68,0
tier_speeds_jiang,tierspeed_jiang_short_baseline_T500,jiang_short_baseline,500,4,107,2,OK,75,0,6981,292.56666666666666,292.56666666666666,9.141666666666667,0,786,15.36,63,0,68,0,72,0
tier_speeds_jiang,tierspeed_jiang_short_baseline_T500,jiang_short_baseline,500,4,108,0,OK,57,2,31157,318.3377777777778,318.3377777777778,15.619166666666667,0,786,16.0,43,7,52,3,52,2
tier_speeds_jiang,tierspeed_jiang_short_baseline_T500,jiang_short_baseline,500,4,108,1,OK,56,2,22328,313.1788888888889,313.1788888888889,14.356666666666667,0,786,16.74,50,8,50,4,51,3
tier_speeds_jiang,tierspeed_jiang_short_baseline_T500,jiang_short_baseline,500,4,108,2,OK,64,2,35449,314.15222222222224,314.15222222222224,14.62888888888889,0,786,14.8,47,7,56,4,61,2
tier_speeds_jiang,tierspeed_jiang_short_baseline_T500,jiang_short_baseline,500,4,109,0,OK,54,3,19421,310.74666666666667,310.74666666666667,13.686666666666667,0,786,17.74,48,6,48,4,52,3
tier_speeds_jiang,tierspeed_jiang_short_baseline_T500,jiang_short_baseline,500,4,109,1,OK,67,3,36808,309.6011111111111,309.6011111111111,13.400277777777777,0,786,18.16,54,7,56,4,61,4
tier_speeds_jiang,tierspeed_jiang_short_baseline_T500,jiang_short_baseline,500,4,109,2,OK,52,3,30288,311.93555555555554,311.93555555555554,14.306666666666667,0,786,15.65,49,5,49,4,52,4
tier_speeds_jiang,tierspeed_jiang_short_baseline_T500,jiang_short_baseline,500,4,110,0,OK,48,2,16346,307.0111111111111,307.0111111111111,12.752777777777778,0,786,16.08,36,4,44,2,47,2
tier_speeds_jiang,tierspeed_jiang_short_baseline_T500,jiang_short_baseline,500,4,110,1,OK,50,1,8329,303.4188888888889,303.4188888888889,11.854722222222222,0,786,17.03,38,5,44,3,44,3
tier_speeds_jiang,tierspeed_jiang_short_baseline_T500,jiang_short_baseline,500,4,110,2,OK,43,2,15065,305.58222222222224,305.58222222222224,12.395555555555555,0,786,12.85,37,6,41,3,41,3
tier_speeds_jiang,tierspeed_jiang_short_baseline_T500,jiang_short_baseline,500,4,111,0,OK,54,4,41865,312.7733333333333,312.7733333333333,14.195833333333333,0,786,17.44,33,9,42,6,49,5
tier_speeds_jiang,tierspeed_jiang_short_baseline_T500,jiang_short_baseline,500,4,111,1,OK,43,3,27880,310.8388888888889,310.8388888888889,13.838333333333333,0,786,16.97,35,10,42,5,43,4
tier_speeds_jiang,tierspeed_jiang_short_baseline_T500,jiang_short_baseline,500,4,111,2,OK,49,5,25755,315.4211111111111,315.4211111111111,14.9125,0,786,14.59,35,9,38,6,44,6
tier_speeds_jiang,tierspeed_jiang_short_baseline_T500,jiang_short_baseline,500,4,112,0,OK,59,8,60725,336.6311111111111,336.6311111111111,20.157777777777778,0,786,14.18,36,23,50,12,54,8
tier_speeds_jiang,tierspeed_jiang_short_baseline_T500,jiang_short_baseline,500,4,112,1,OK,54,8,67064,336.4144444444444,336.4144444444444,20.118055555555557,0,786,9.76,40,22,40,12,55,10
tier_speeds_jiang,tierspeed_jiang_short_baseline_T500,jiang_short_baseline,500,4,112,2,OK,49,8,64121,338.7311111111111,338.7311111111111,20.711944444444445,0,786,13.16,33,21,45,10,49,9
tier_speeds_jiang,tierspeed_jiang_short_baseline_T500,jiang_short_baseline,500,4,113,0,OK,49,6,44049,318.3611111111111,318.3611111111111,15.590277777777779,0,786,15.39,26,13,35,8,46,6
tier_speeds_jiang,tierspeed_jiang_short_baseline_T500,jiang_short_baseline,500,4,113,1,OK,45,5,55257,323.0711111111111,323.0711111111111,16.767777777777777,0,786,17.39,28,14,33,7,41,6
tier_speeds_jiang,tierspeed_jiang_short_baseline_T500,jiang_short_baseline,500,4,113,2,OK,43,4,50024,320.14222222222224,320.14222222222224,16.035555555555554,0,786,13.4,28,14,41,7,41,5
tier_speeds_jiang,tierspeed_jiang_short_baseline_T500,jiang_short_baseline,500,4,114,0,OK,57,5,58968,315.81333333333333,315.81333333333333,15.185555555555556,0,786,17.72,31,11,44,7,56,6
tier_speeds_jiang,tierspeed_jiang_short_baseline_T500,jiang_short_baseline,500,4,114,1,OK,54,5,46708,318.5722222222222,318.5722222222222,15.643055555555556,0,786,15.21,31,11,43,7,54,5
tier_speeds_jiang,tierspeed_jiang_short_baseline_T500,jiang_short_baseline,500,4,114,2,OK,42,4,31669,318.46,318.46,15.615,0,786,14.72,34,10,40,4,41,4
tier_speeds_jiang,tierspeed_jiang_short_baseline_T500,jiang_short_baseline,500,4,115,0,OK,62,1,14866,304.60555555555555,304.60555555555555,12.406666666666666,0,786,16.06,54,3,58,1,60,1
tier_speeds_jiang,tierspeed_jiang_short_baseline_T500,jiang_short_baseline,500,4,115,1,OK,60,1,15358,302.05555555555554,302.05555555555554,11.51388888888889,0,786,19.35,51,3,51,1,57,1
tier_speeds_jiang,tierspeed_jiang_short_baseline_T500,jiang_short_baseline,500,4,115,2,OK,63,0,6853,300.5911111111111,300.5911111111111,11.244722222222222,0,786,12.45,54,2,56,0,60,0
tier_speeds_jiang,tierspeed_jiang_short_baseline_T500,jiang_short_baseline,500,4,116,0,OK,62,4,31605,310.5177777777778,310.5177777777778,13.629444444444445,0,786,16.58,34,5,56,5,62,4
tier_speeds_jiang,tierspeed_jiang_short_baseline_T500,jiang_short_baseline,500,4,116,1,OK,48,2,20138,312.3822222222222,312.3822222222222,14.095555555555556,0,786,17.52,49,5,51,4,50,3
tier_speeds_jiang,tierspeed_jiang_short_baseline_T500,jiang_short_baseline,500,4,116,2,OK,55,2,28834,311.8522222222222,311.8522222222222,13.963055555555556,0,786,15.91,45,5,47,3,47,3
tier_speeds_jiang,tierspeed_jiang_short_baseline_T500,jiang_short_baseline,500,4,117,0,OK,37,7,26882,324.7788888888889,324.7788888888889,17.488611111111112,0,786,16.5,40,14,37,7,37,7
tier_speeds_jiang,tierspeed_jiang_short_baseline_T500,jiang_short_baseline,500,4,117,1,OK,44,5,42420,325.1777777777778,325.1777777777778,17.294444444444444,0,786,16.22,37,15,44,9,47,6
tier_speeds_jiang,tierspeed_jiang_short_baseline_T500,jiang_short_baseline,500,4,117,2,OK,54,5,48332,327.22,327.22,17.90361111111111,0,786,15.94,32,13,55,7,47,6
tier_speeds_jiang,tierspeed_jiang_short_baseline_T500,jiang_short_baseline,500,4,118,0,OK,52,6,67501,331.49444444444447,331.49444444444447,18.87361111111111,0,786,14.94,40,18,42,7,55,7
tier_speeds_jiang,tierspeed_jiang_short_baseline_T500,jiang_short_baseline,500,4,118,1,OK,40,7,48235,329.27,329.27,18.45611111111111,0,786,16.7,34,16,34,10,36,8
tier_speeds_jiang,tierspeed_jiang_short_baseline_T500,jiang_short_baseline,500,4,118,2,OK,51,7,63050,329.40444444444444,329.40444444444444,18.351111111111113,0,786,15.39,32,17,40,10,47,8
tier_speeds_jiang,tierspeed_jiang_short_baseline_T500,jiang_short_baseline,500,4,119,0,OK,44,7,66122,332.3855555555556,332.3855555555556,19.09638888888889,0,786,15.86,28,27,39,13,47,12
tier_speeds_jiang,tierspeed_jiang_short_baseline_T500,jiang_short_baseline,500,4,119,1,OK,60,7,75645,327.91777777777776,327.91777777777776,18.012777777777778,0,786,17.64,25,25,41,9,42,8
tier_speeds_jiang,tierspeed_jiang_short_baseline_T500,jiang_short_baseline,500,4,119,2,OK,51,9,50564,329.74,329.74,18.460555555555555,0,786,15.62,24,27,30,14,45,9
tier_speeds_jiang,tierspeed_jiang_short_baseline_T500,jiang_short_baseline,500,4,120,0,OK,37,6,25184,318.04777777777775,318.04777777777775,15.543611111111112,0,786,15.33,32,12,31,7,35,7
tier_speeds_jiang,tierspeed_jiang_short_baseline_T500,jiang_short_baseline,500,4,120,1,OK,49,4,54415,319.02,319.02,15.755,0,786,17.07,37,13,41,7,46,6
tier_speeds_jiang,tierspeed_jiang_short_baseline_T500,jiang_short_baseline,500,4,120,2,OK,46,6,42625,317.2655555555556,317.2655555555556,15.429444444444444,0,786,17.24,36,14,43,8,43,6
tier_speeds_jiang,tierspeed_jiang_short_baseline_T500,jiang_short_baseline,500,4,121,0,OK,62,0,7146,301.03333333333336,301.03333333333336,11.32611111111111,0,786,11.18,50,1,56,0,60,0
tier_speeds_jiang,tierspeed_jiang_short_baseline_T500,jiang_short_baseline,500,4,121,1,OK,64,0,7096,299.84444444444443,299.84444444444443,10.96111111111111,0,786,18.57,54,1,56,0,60,0
tier_speeds_jiang,tierspeed_jiang_short_baseline_T500,jiang_short_baseline,500,4,121,2,OK,58,0,7157,301.03444444444443,301.03444444444443,11.258611111111112,0,786,17.29,53,2,54,2,56,1
tier_speeds_jiang,tierspeed_jiang_short_baseline_T500,jiang_short_baseline,500,4,122,0,OK,52,3,48238,316.1688888888889,316.1688888888889,15.163333333333334,0,786,15.54,33,11,49,5,49,4
tier_speeds_jiang,tierspeed_jiang_short_baseline_T500,jiang_short_baseline,500,4,122,1,OK,53,4,47798,320.03,320.03,16.0075,0,786,15.15,29,11,45,9,49,4
tier_speeds_jiang,tierspeed_jiang_short_baseline_T500,jiang_short_baseline,500,4,122,2,OK,53,5,44726,319.3777777777778,319.3777777777778,15.844444444444445,0,786,18.53,33,11,44,5,46,5
tier_speeds_jiang,tierspeed_jiang_short_baseline_T500,jiang_short_baseline,500,4,123,0,OK,55,5,52451,321.3988888888889,321.3988888888889,16.349722222222223,0,786,13.86,40,11,46,6,51,6
tier_speeds_jiang,tierspeed_jiang_short_baseline_T500,jiang_short_baseline,500,4,123,1,OK,56,5,45234,320.83666666666664,320.83666666666664,16.20916666666667,0,786,15.24,40,11,48,8,54,6
tier_speeds_jiang,tierspeed_jiang_short_baseline_T500,jiang_short_baseline,500,4,123,2,OK,64,5,61833,323.2422222222222,323.2422222222222,16.849722222222223,0,786,18.35,40,11,46,7,53,7
tier_speeds_jiang,tierspeed_jiang_short_baseline_T500,jiang_short_baseline,500,4,124,0,OK,51,5,43638,315.99444444444447,315.99444444444447,14.998611111111112,0,786,14.03,34,15,48,10,47,6
tier_speeds_jiang,tierspeed_jiang_short_baseline_T500,jiang_short_baseline,500,4,124,1,OK,49,3,52066,312.47777777777776,312.47777777777776,14.119444444444444,0,786,18.34,30,13,44,10,47,4
tier_speeds_jiang,tierspeed_jiang_short_baseline_T500,jiang_short_baseline,500,4,124,2,OK,55,5,39533,312.85777777777776,312.85777777777776,14.214444444444444,0,786,10.27,31,13,48,5,51,5
tier_speeds_jiang,tierspeed_jiang_short_baseline_T500,jiang_short_baseline,500,4,125,0,OK,60,0,7009,296.1333333333333,296.1333333333333,10.033333333333333,0,786,15.68,54,2,58,0,60,0
tier_speeds_jiang,tierspeed_jiang_short_baseline_T500,jiang_short_baseline,500,4,125,1,OK,56,0,6999,300.29777777777775,300.29777777777775,11.074444444444444,0,786,15.89,50,2,57,1,60,1
tier_speeds_jiang,tierspeed_jiang_short_baseline_T500,jiang_short_baseline,500,4,125,2,OK,55,0,7099,298.18666666666667,298.18666666666667,10.546666666666667,0,786,20.21,48,2,48,1,53,1
tier_speeds_jiang,tierspeed_jiang_short_baseline_T500,jiang_short_baseline,500,4,126,0,OK,45,6,45919,326.20444444444445,326.20444444444445,17.551111111111112,0,786,16.17,31,18,32,9,36,7
tier_speeds_jiang,tierspeed_jiang_short_baseline_T500,jiang_short_baseline,500,4,126,1,OK,50,7,50484,328.74666666666667,328.74666666666667,18.221666666666668,0,786,15.51,31,18,48,11,45,9
tier_speeds_jiang,tierspeed_jiang_short_baseline_T500,jiang_short_baseline,500,4,126,2,OK,46,6,49048,328.52666666666664,328.52666666666664,18.16138888888889,0,786,16.5,31,18,46,10,43,7
tier_speeds_jiang,tierspeed_jiang_short_baseline_T500,jiang_short_baseline,500,4,127,0,OK,35,7,57732,333.52222222222224,333.52222222222224,19.380555555555556,0,786,16.27,27,24,37,9,41,8
tier_speeds_jiang,tierspeed_jiang_short_baseline_T500,jiang_short_baseline,500,4,127,1,OK,46,7,57136,330.68333333333334,330.68333333333334,18.670833333333334,0,786,15.33,27,23,38,11,43,10
tier_speeds_jiang,tierspeed_jiang_short_baseline_T500,jiang_short_baseline,500,4,127,2,OK,49,7,54977,331.84555555555556,331.84555555555556,18.961388888888887,0,786,16.67,28,24,47,15,48,8
tier_speeds_jiang,tierspeed_jiang_short_baseline_T500,jiang_short_baseline,500,4,128,0,OK,76,0,7143,295.4588888888889,295.4588888888889,9.864722222222222,0,786,16.51,63,0,71,0,72,0
tier_speeds_jiang,tierspeed_jiang_short_baseline_T500,jiang_short_baseline,500,4,128,1,OK,77,0,6831,296.97777777777776,296.97777777777776,10.261944444444444,0,786,15.42,66,1,73,0,76,0
tier_speeds_jiang,tierspeed_jiang_short_baseline_T500,jiang_short_baseline,500,4,128,2,OK,79,0,7200,297.0522222222222,297.0522222222222,10.312222222222223,0,786,15.12,57,0,70,0,76,0
tier_speeds_jiang,tierspeed_jiang_short_baseline_T500,jiang_short_baseline,500,4,129,0,OK,54,1,22875,301.7211111111111,301.7211111111111,11.545555555555556,0,786,16.31,44,5,52,4,54,2
tier_speeds_jiang,tierspeed_jiang_short_baseline_T500,jiang_short_baseline,500,4,129,1,OK,56,0,7156,299.0311111111111,299.0311111111111,10.77138888888889,0,786,12.81,45,5,50,2,56,0
tier_speeds_jiang,tierspeed_jiang_short_baseline_T500,jiang_short_baseline,500,4,129,2,OK,56,1,30920,300.21444444444444,300.21444444444444,11.053611111111111,0,786,15.69,46,4,54,1,54,1
tier_speeds_jiang,tierspeed_jiang_short_baseline_T500,jiang_short_baseline,500,4,130,0,OK,56,5,37599,317.38444444444445,317.38444444444445,15.4025,0,786,18.12,43,9,50,6,51,6
tier_speeds_jiang,tierspeed_jiang_short_baseline_T500,jiang_short_baseline,500,4,130,1,OK,61,4,35334,312.7922222222222,312.7922222222222,14.32611111111111,0,786,14.64,45,9,49,5,54,4
tier_speeds_jiang,tierspeed_jiang_short_baseline_T500,jiang_short_baseline,500,4,130,2,OK,52,5,22416,316.3588888888889,316.3588888888889,15.089722222222223,0,786,15.88,43,9,47,5,47,5
tier_speeds_jiang,tierspeed_jiang_short_baseline_T500,jiang_short_baseline,500,5,101,0,OK,97,0,0,310.1377777777778,310.1377777777778,1.5058333333333334,0,786,17.3,96,0,97,0,97,0
tier_speeds_jiang,tierspeed_jiang_short_baseline_T500,jiang_short_baseline,500,5,102,0,OK,97,0,0,299.24555555555554,299.24555555555554,1.4852777777777777,0,786,18.59,97,0,97,0,97,0
tier_speeds_jiang,tierspeed_jiang_short_baseline_T500,jiang_short_baseline,500,5,103,0,OK,97,0,0,294.6122222222222,294.6122222222222,2.1261111111111113,0,786,18.34,97,0,97,0,97,0
tier_speeds_jiang,tierspeed_jiang_short_baseline_T500,jiang_short_baseline,500,5,104,0,OK,97,0,0,307.83,307.83,2.0875,0,786,17.94,97,0,97,0,97,0
tier_speeds_jiang,tierspeed_jiang_short_baseline_T500,jiang_short_baseline,500,5,105,0,OK,97,0,0,286.00444444444446,286.00444444444446,1.8375,0,786,18.42,97,0,97,0,97,0
tier_speeds_jiang,tierspeed_jiang_short_baseline_T500,jiang_short_baseline,500,5,106,0,OK,97,0,0,314.66555555555556,314.66555555555556,2.8455555555555554,0,786,11.0,96,0,97,0,97,0
tier_speeds_jiang,tierspeed_jiang_short_baseline_T500,jiang_short_baseline,500,5,107,0,OK,97,0,0,276.41555555555556,276.41555555555556,1.3741666666666668,0,786,17.07,97,0,97,0,97,0
tier_speeds_jiang,tierspeed_jiang_short_baseline_T500,jiang_short_baseline,500,5,108,0,OK,97,0,0,302.9188888888889,302.9188888888889,2.1108333333333333,0,786,17.95,97,0,97,0,97,0
tier_speeds_jiang,tierspeed_jiang_short_baseline_T500,jiang_short_baseline,500,5,109,0,OK,97,0,0,296.4011111111111,296.4011111111111,2.386111111111111,0,786,14.65,97,0,97,0,97,0
tier_speeds_jiang,tierspeed_jiang_short_baseline_T500,jiang_short_baseline,500,5,110,0,OK,97,0,0,295.12,295.12,0.20833333333333334,0,786,16.64,97,0,97,0,97,0
tier_speeds_jiang,tierspeed_jiang_short_baseline_T500,jiang_short_baseline,500,5,111,0,OK,97,0,0,299.3722222222222,299.3722222222222,2.1125,0,786,14.35,97,0,97,0,97,0
tier_speeds_jiang,tierspeed_jiang_short_baseline_T500,jiang_short_baseline,500,5,112,0,OK,97,0,0,330.59222222222223,330.59222222222223,4.070277777777778,0,786,18.73,93,0,96,0,96,0
tier_speeds_jiang,tierspeed_jiang_short_baseline_T500,jiang_short_baseline,500,5,113,0,OK,97,0,0,306.3911111111111,306.3911111111111,3.1533333333333333,0,786,17.46,97,0,97,0,97,0
tier_speeds_jiang,tierspeed_jiang_short_baseline_T500,jiang_short_baseline,500,5,114,0,OK,97,0,0,303.6711111111111,303.6711111111111,1.7461111111111112,0,786,17.07,97,0,97,0,97,0
tier_speeds_jiang,tierspeed_jiang_short_baseline_T500,jiang_short_baseline,500,5,115,0,OK,97,0,0,293.71444444444444,293.71444444444444,2.31,0,786,17.32,97,0,97,0,97,0
tier_speeds_jiang,tierspeed_jiang_short_baseline_T500,jiang_short_baseline,500,5,116,0,OK,97,0,0,298.67333333333335,298.67333333333335,3.1902777777777778,0,786,17.13,97,0,97,0,97,0
tier_speeds_jiang,tierspeed_jiang_short_baseline_T500,jiang_short_baseline,500,5,117,0,OK,97,0,0,310.55333333333334,310.55333333333334,2.8475,0,786,17.7,97,0,97,0,97,0
tier_speeds_jiang,tierspeed_jiang_short_baseline_T500,jiang_short_baseline,500,5,118,0,OK,97,0,0,313.87,313.87,2.108888888888889,0,786,13.71,97,0,97,0,97,0
tier_speeds_jiang,tierspeed_jiang_short_baseline_T500,jiang_short_baseline,500,5,119,0,OK,97,0,0,321.5111111111111,321.5111111111111,1.9147222222222222,0,786,15.67,96,0,96,0,97,0
tier_speeds_jiang,tierspeed_jiang_short_baseline_T500,jiang_short_baseline,500,5,120,0,OK,97,0,0,303.3,303.3,1.5638888888888889,0,786,18.23,97,0,97,0,97,0
tier_speeds_jiang,tierspeed_jiang_short_baseline_T500,jiang_short_baseline,500,5,121,0,OK,97,0,0,289.62555555555554,289.62555555555554,2.138333333333333,0,786,15.34,97,0,97,0,97,0
tier_speeds_jiang,tierspeed_jiang_short_baseline_T500,jiang_short_baseline,500,5,122,0,OK,97,0,0,304.93666666666667,304.93666666666667,1.7519444444444445,0,786,15.51,97,0,97,0,97,0
tier_speeds_jiang,tierspeed_jiang_short_baseline_T500,jiang_short_baseline,500,5,123,0,OK,97,0,0,306.7055555555556,306.7055555555556,2.2419444444444445,0,786,17.01,97,0,97,0,97,0
tier_speeds_jiang,tierspeed_jiang_short_baseline_T500,jiang_short_baseline,500,5,124,0,OK,97,0,0,303.24333333333334,303.24333333333334,2.1791666666666667,0,786,16.03,97,0,97,0,97,0
tier_speeds_jiang,tierspeed_jiang_short_baseline_T500,jiang_short_baseline,500,5,125,0,OK,97,0,0,286.3877777777778,286.3877777777778,2.2466666666666666,0,786,18.42,97,0,97,0,97,0
tier_speeds_jiang,tierspeed_jiang_short_baseline_T500,jiang_short_baseline,500,5,126,0,OK,97,0,0,309.1877777777778,309.1877777777778,1.7458333333333333,0,786,17.92,97,0,97,0,97,0
tier_speeds_jiang,tierspeed_jiang_short_baseline_T500,jiang_short_baseline,500,5,127,0,OK,97,0,0,318.3855555555556,318.3855555555556,3.145,0,786,14.21,97,0,97,0,97,0
tier_speeds_jiang,tierspeed_jiang_short_baseline_T500,jiang_short_baseline,500,5,128,0,OK,97,0,0,284.05,284.05,1.75,0,786,15.44,97,0,97,0,97,0
tier_speeds_jiang,tierspeed_jiang_short_baseline_T500,jiang_short_baseline,500,5,129,0,OK,97,0,0,289.7922222222222,289.7922222222222,1.5044444444444445,0,786,16.68,97,0,97,0,97,0
tier_speeds_jiang,tierspeed_jiang_short_baseline_T500,jiang_short_baseline,500,5,130,0,OK,97,0,0,301.5933333333333,301.5933333333333,1.3916666666666666,0,786,15.61,97,0,97,0,97,0
tier_speeds_jiang,tierspeed_jiang_short_baseline_T500,jiang_short_baseline,500,6,101,0,OK,97,0,0,305.5677777777778,305.5677777777778,1.8286111111111112,0,786,14.38,97,0,97,0,97,0
tier_speeds_jiang,tierspeed_jiang_short_baseline_T500,jiang_short_baseline,500,6,102,0,OK,97,0,0,298.31111111111113,298.31111111111113,0.8497222222222223,0,786,13.78,97,0,97,0,97,0
tier_speeds_jiang,tierspeed_jiang_short_baseline_T500,jiang_short_baseline,500,6,103,0,OK,97,0,0,291.85777777777776,291.85777777777776,2.805277777777778,0,786,13.48,97,0,97,0,97,0
tier_speeds_jiang,tierspeed_jiang_short_baseline_T500,jiang_short_baseline,500,6,104,0,OK,97,0,0,304.79,304.79,0.6161111111111112,0,786,14.17,97,0,97,0,97,0
tier_speeds_jiang,tierspeed_jiang_short_baseline_T500,jiang_short_baseline,500,6,105,0,OK,97,0,0,285.35777777777776,285.35777777777776,1.5708333333333333,0,786,13.0,97,0,97,0,97,0
tier_speeds_jiang,tierspeed_jiang_short_baseline_T500,jiang_short_baseline,500,6,106,0,OK,97,0,0,307.85777777777776,307.85777777777776,0.8191666666666667,0,786,13.63,97,0,97,0,97,0
tier_speeds_jiang,tierspeed_jiang_short_baseline_T500,jiang_short_baseline,500,6,107,0,OK,97,0,0,275.93444444444447,275.93444444444447,1.7869444444444444,0,786,14.51,97,0,97,0,97,0
tier_speeds_jiang,tierspeed_jiang_short_baseline_T500,jiang_short_baseline,500,6,108,0,OK,97,0,0,299.8811111111111,299.8811111111111,1.1069444444444445,0,786,13.43,97,0,97,0,97,0
tier_speeds_jiang,tierspeed_jiang_short_baseline_T500,jiang_short_baseline,500,6,109,0,OK,97,0,0,294.0733333333333,294.0733333333333,0.6991666666666667,0,786,13.88,97,0,97,0,97,0
tier_speeds_jiang,tierspeed_jiang_short_baseline_T500,jiang_short_baseline,500,6,110,0,OK,97,0,0,293.0133333333333,293.0133333333333,1.7761111111111112,0,786,13.88,97,0,97,0,97,0
tier_speeds_jiang,tierspeed_jiang_short_baseline_T500,jiang_short_baseline,500,6,111,0,OK,97,0,0,297.6744444444444,297.6744444444444,2.775,0,786,12.89,97,0,97,0,97,0
tier_speeds_jiang,tierspeed_jiang_short_baseline_T500,jiang_short_baseline,500,6,112,0,OK,97,0,0,322.34222222222223,322.34222222222223,2.0469444444444442,0,786,13.8,97,0,97,0,97,0
tier_speeds_jiang,tierspeed_jiang_short_baseline_T500,jiang_short_baseline,500,6,113,0,OK,97,0,0,301.22222222222223,301.22222222222223,1.7138888888888888,0,786,14.36,97,0,97,0,97,0
tier_speeds_jiang,tierspeed_jiang_short_baseline_T500,jiang_short_baseline,500,6,114,0,OK,97,0,0,302.33444444444444,302.33444444444444,2.5441666666666665,0,786,11.67,97,0,97,0,97,0
tier_speeds_jiang,tierspeed_jiang_short_baseline_T500,jiang_short_baseline,500,6,115,0,OK,97,0,0,292.2322222222222,292.2322222222222,1.7572222222222222,0,786,14.19,97,0,97,0,97,0
tier_speeds_jiang,tierspeed_jiang_short_baseline_T500,jiang_short_baseline,500,6,116,0,OK,97,0,0,297.14222222222224,297.14222222222224,2.3986111111111112,0,786,14.38,97,0,97,0,97,0
tier_speeds_jiang,tierspeed_jiang_short_baseline_T500,jiang_short_baseline,500,6,117,0,OK,97,0,0,306.84,306.84,1.4594444444444445,0,786,12.82,97,0,97,0,97,0
tier_speeds_jiang,tierspeed_jiang_short_baseline_T500,jiang_short_baseline,500,6,118,0,OK,97,0,0,311.57,311.57,1.918611111111111,0,786,13.32,97,0,97,0,97,0
tier_speeds_jiang,tierspeed_jiang_short_baseline_T500,jiang_short_baseline,500,6,119,0,OK,97,0,0,316.1333333333333,316.1333333333333,1.9355555555555555,0,786,14.35,97,0,97,0,97,0
tier_speeds_jiang,tierspeed_jiang_short_baseline_T500,jiang_short_baseline,500,6,120,0,OK,97,0,0,300.2077777777778,300.2077777777778,1.8205555555555555,0,786,12.65,97,0,97,0,97,0
tier_speeds_jiang,tierspeed_jiang_short_baseline_T500,jiang_short_baseline,500,6,121,0,OK,97,0,0,286.50444444444446,286.50444444444446,1.863888888888889,0,786,12.5,97,0,97,0,97,0
tier_speeds_jiang,tierspeed_jiang_short_baseline_T500,jiang_short_baseline,500,6,122,0,OK,97,0,0,303.27666666666664,303.27666666666664,1.6722222222222223,0,786,11.77,97,0,97,0,97,0
tier_speeds_jiang,tierspeed_jiang_short_baseline_T500,jiang_short_baseline,500,6,123,0,OK,97,0,0,303.65444444444444,303.65444444444444,1.9202777777777778,0,786,12.34,97,0,97,0,97,0
tier_speeds_jiang,tierspeed_jiang_short_baseline_T500,jiang_short_baseline,500,6,124,0,OK,97,0,0,299.3233333333333,299.3233333333333,1.0916666666666666,0,786,13.12,97,0,97,0,97,0
tier_speeds_jiang,tierspeed_jiang_short_baseline_T500,jiang_short_baseline,500,6,125,0,OK,97,0,0,283.5966666666667,283.5966666666667,2.3369444444444443,0,786,14.5,97,0,97,0,97,0
tier_speeds_jiang,tierspeed_jiang_short_baseline_T500,jiang_short_baseline,500,6,126,0,OK,97,0,0,306.0366666666667,306.0366666666667,1.0047222222222223,0,786,13.53,97,0,97,0,97,0
tier_speeds_jiang,tierspeed_jiang_short_baseline_T500,jiang_short_baseline,500,6,127,0,OK,97,0,0,316.44555555555553,316.44555555555553,1.3083333333333333,0,786,12.23,97,0,97,0,97,0
tier_speeds_jiang,tierspeed_jiang_short_baseline_T500,jiang_short_baseline,500,6,128,0,OK,97,0,0,281.6188888888889,281.6188888888889,2.1519444444444447,0,786,13.27,97,0,97,0,97,0
tier_speeds_jiang,tierspeed_jiang_short_baseline_T500,jiang_short_baseline,500,6,129,0,OK,97,0,0,286.72222222222223,286.72222222222223,1.3166666666666667,0,786,12.67,97,0,97,0,97,0
tier_speeds_jiang,tierspeed_jiang_short_baseline_T500,jiang_short_baseline,500,6,130,0,OK,97,0,0,299.8277777777778,299.8277777777778,0.8725,0,786,12.38,97,0,97,0,97,0
tier_speeds_jiang,tierspeed_jiang_short_baseline_MX1,jiang_short_baseline,MX1,5,101,0,OK,62,0,7071,360.33666666666664,337.76,10.136111111111111,5,786,23.66,45,1,50,1,58,0
tier_speeds_jiang,tierspeed_jiang_short_baseline_MX1,jiang_short_baseline,MX1,5,101,1,OK,76,0,6890,358.5677777777778,335.43333333333334,9.641944444444444,6,786,23.43,51,1,62,0,72,0
tier_speeds_jiang,tierspeed_jiang_short_baseline_MX1,jiang_short_baseline,MX1,5,101,2,OK,68,0,7098,352.6433333333333,331.1044444444444,8.160833333333333,6,786,19.49,50,1,60,0,65,0
tier_speeds_jiang,tierspeed_jiang_short_baseline_MX1,jiang_short_baseline,MX1,5,102,0,OK,79,0,7199,351.8811111111111,326.21555555555557,7.970277777777778,8,786,24.57,57,0,70,0,73,0
tier_speeds_jiang,tierspeed_jiang_short_baseline_MX1,jiang_short_baseline,MX1,5,102,1,OK,77,0,6929,355.37888888888887,324.03222222222223,8.844722222222222,9,786,25.36,56,0,71,0,76,0
tier_speeds_jiang,tierspeed_jiang_short_baseline_MX1,jiang_short_baseline,MX1,5,102,2,OK,79,0,6632,357.0588888888889,325.6433333333333,9.264722222222222,10,786,22.49,64,0,74,0,77,0
tier_speeds_jiang,tierspeed_jiang_short_baseline_MX1,jiang_short_baseline,MX1,5,103,0,OK,86,0,6613,360.50333333333333,328.8666666666667,10.300833333333333,9,786,25.35,69,0,76,0,84,0
tier_speeds_jiang,tierspeed_jiang_short_baseline_MX1,jiang_short_baseline,MX1,5,103,1,OK,84,0,6436,356.0788888888889,322.49888888888887,10.340277777777779,10,786,23.56,67,0,83,0,83,0
tier_speeds_jiang,tierspeed_jiang_short_baseline_MX1,jiang_short_baseline,MX1,5,103,2,OK,72,0,6904,372.0911111111111,331.09555555555556,13.022777777777778,12,786,25.64,68,0,69,0,72,0
tier_speeds_jiang,tierspeed_jiang_short_baseline_MX1,jiang_short_baseline,MX1,5,104,0,OK,78,0,6921,361.55555555555554,335.8433333333333,10.720833333333333,7,786,26.85,49,2,58,1,74,0
tier_speeds_jiang,tierspeed_jiang_short_baseline_MX1,jiang_short_baseline,MX1,5,104,1,OK,78,0,7098,359.97777777777776,332.37,10.758333333333333,7,786,26.57,51,4,68,0,77,0
tier_speeds_jiang,tierspeed_jiang_short_baseline_MX1,jiang_short_baseline,MX1,5,104,2,OK,76,0,7179,372.1333333333333,344.1066666666667,13.420555555555556,8,786,22.82,52,3,71,0,72,0
tier_speeds_jiang,tierspeed_jiang_short_baseline_MX1,jiang_short_baseline,MX1,5,105,0,OK,95,0,1542,322.06888888888886,304.8911111111111,5.011388888888889,5,786,25.14,91,0,91,0,95,0
tier_speeds_jiang,tierspeed_jiang_short_baseline_MX1,jiang_short_baseline,MX1,5,105,1,OK,95,0,640,325.02666666666664,309.2011111111111,5.225833333333333,5,786,24.61,89,0,94,0,95,0
tier_speeds_jiang,tierspeed_jiang_short_baseline_MX1,jiang_short_baseline,MX1,5,105,2,OK,96,0,3646,317.0711111111111,302.4033333333333,4.948611111111111,4,786,20.44,91,0,93,0,93,0
tier_speeds_jiang,tierspeed_jiang_short_baseline_MX1,jiang_short_baseline,MX1,5,106,0,OK,68,0,7088,353.26,330.39444444444445,8.961388888888889,7,786,21.77,56,2,68,1,83,1
tier_speeds_jiang,tierspeed_jiang_short_baseline_MX1,jiang_short_baseline,MX1,5,106,1,OK,80,1,42224,358.0155555555556,337.30444444444447,9.987222222222222,5,786,23.23,55,3,63,1,70,1
tier_speeds_jiang,tierspeed_jiang_short_baseline_MX1,jiang_short_baseline,MX1,5,106,2,OK,69,0,7148,355.0877777777778,333.59555555555556,9.147222222222222,4,786,21.32,44,2,74,1,83,1
tier_speeds_jiang,tierspeed_jiang_short_baseline_MX1,jiang_short_baseline,MX1,5,107,0,OK,96,0,415,313.94,299.3377777777778,1.9319444444444445,5,786,27.1,91,0,94,0,96,0
tier_speeds_jiang,tierspeed_jiang_short_baseline_MX1,jiang_short_baseline,MX1,5,107,1,OK,97,0,0,310.0155555555556,292.9555555555556,1.6775,5,786,26.62,91,0,95,0,97,0
tier_speeds_jiang,tierspeed_jiang_short_baseline_MX1,jiang_short_baseline,MX1,5,107,2,OK,96,0,1321,325.45,303.00666666666666,1.9905555555555556,7,786,22.88,89,0,91,0,95,0
tier_speeds_jiang,tierspeed_jiang_short_baseline_MX1,jiang_short_baseline,MX1,5,108,0,OK,90,0,5140,350.2288888888889,330.46777777777777,8.169166666666667,5,786,23.14,84,0,89,0,90,0
tier_speeds_jiang,tierspeed_jiang_short_baseline_MX1,jiang_short_baseline,MX1,5,108,1,OK,94,0,6810,343.15555555555557,325.27555555555557,8.695277777777777,5,786,21.35,85,0,88,0,90,0
tier_speeds_jiang,tierspeed_jiang_short_baseline_MX1,jiang_short_baseline,MX1,5,108,2,OK,94,0,6382,349.05555555555554,326.6277777777778,8.408611111111112,6,786,25.0,83,0,91,0,93,0
tier_speeds_jiang,tierspeed_jiang_short_baseline_MX1,jiang_short_baseline,MX1,5,109,0,OK,97,0,0,323.1044444444444,313.93555555555554,2.9791666666666665,3,786,19.49,84,0,88,0,90,0
tier_speeds_jiang,tierspeed_jiang_short_baseline_MX1,jiang_short_baseline,MX1,5,109,1,OK,95,0,408,321.14444444444445,310.5522222222222,2.9788888888888887,4,786,24.42,84,0,92,0,95,0
tier_speeds_jiang,tierspeed_jiang_short_baseline_MX1,jiang_short_baseline,MX1,5,109,2,OK,97,0,0,331.90777777777777,317.67333333333335,3.4683333333333333,4,786,21.29,85,0,88,0,96,0
tier_speeds_jiang,tierspeed_jiang_short_baseline_MX1,jiang_short_baseline,MX1,5,110,0,OK,86,0,6871,346.76666666666665,321.45,7.071666666666666,7,786,25.07,69,0,78,0,85,0
tier_speeds_jiang,tierspeed_jiang_short_baseline_MX1,jiang_short_baseline,MX1,5,110,1,OK,89,0,6978,336.16777777777776,315.06,4.5525,6,786,23.12,76,0,85,0,88,0
tier_speeds_jiang,tierspeed_jiang_short_baseline_MX1,jiang_short_baseline,MX1,5,110,2,OK,89,0,4522,342.5288888888889,319.53777777777776,6.186388888888889,6,786,26.2,73,0,86,0,89,0
tier_speeds_jiang,tierspeed_jiang_short_baseline_MX1,jiang_short_baseline,MX1,5,111,0,OK,87,0,6033,338.3777777777778,322.93,4.776111111111111,4,786,23.04,72,0,76,0,84,0
tier_speeds_jiang,tierspeed_jiang_short_baseline_MX1,jiang_short_baseline,MX1,5,111,1,OK,87,0,6905,344.16,326.3511111111111,6.183888888888889,5,786,18.57,69,0,69,0,78,0
tier_speeds_jiang,tierspeed_jiang_short_baseline_MX1,jiang_short_baseline,MX1,5,111,2,OK,87,0,6563,342.7111111111111,326.3855555555556,5.878611111111111,5,786,23.02,68,0,76,0,84,0
tier_speeds_jiang,tierspeed_jiang_short_baseline_MX1,jiang_short_baseline,MX1,5,112,0,OK,66,3,34061,378.25333333333333,349.50888888888886,14.563333333333333,7,786,24.0,44,11,59,6,66,5
tier_speeds_jiang,tierspeed_jiang_short_baseline_MX1,jiang_short_baseline,MX1,5,112,1,OK,62,4,36622,397.0188888888889,362.0155555555556,19.465833333333332,9,786,29.79,43,12,57,6,62,5
tier_speeds_jiang,tierspeed_jiang_short_baseline_MX1,jiang_short_baseline,MX1,5,112,2,OK,77,4,56387,379.9122222222222,355.2311111111111,15.029722222222222,6,786,23.81,43,12,69,5,73,4
tier_speeds_jiang,tierspeed_jiang_short_baseline_MX1,jiang_short_baseline,MX1,5,113,0,OK,75,0,7070,350.8066666666667,327.4511111111111,7.836666666666667,6,786,23.56,54,0,68,0,72,0
tier_speeds_jiang,tierspeed_jiang_short_baseline_MX1,jiang_short_baseline,MX1,5,113,1,OK,79,0,6322,348.06,326.43444444444447,7.015,6,786,28.34,60,0,77,0,79,0
tier_speeds_jiang,tierspeed_jiang_short_baseline_MX1,jiang_short_baseline,MX1,5,113,2,OK,78,0,7144,356.33,331.0022222222222,9.0825,6,786,23.41,59,0,70,0,75,0
tier_speeds_jiang,tierspeed_jiang_short_baseline_MX1,jiang_short_baseline,MX1,5,114,0,OK,63,0,7192,362.53555555555556,333.8977777777778,10.756388888888889,8,786,21.01,46,0,51,0,57,0
tier_speeds_jiang,tierspeed_jiang_short_baseline_MX1,jiang_short_baseline,MX1,5,114,1,OK,64,0,7071,364.6622222222222,336.1411111111111,11.165555555555555,7,786,25.78,47,1,52,0,57,0
tier_speeds_jiang,tierspeed_jiang_short_baseline_MX1,jiang_short_baseline,MX1,5,114,2,OK,60,0,7200,361.4922222222222,333.3588888888889,10.647777777777778,7,786,21.69,36,0,41,0,45,0
tier_speeds_jiang,tierspeed_jiang_short_baseline_MX1,jiang_short_baseline,MX1,5,115,0,OK,87,0,6914,360.87555555555554,322.2633333333333,11.594722222222222,12,786,24.18,73,0,81,0,84,0
tier_speeds_jiang,tierspeed_jiang_short_baseline_MX1,jiang_short_baseline,MX1,5,115,1,OK,81,0,6969,363.7688888888889,326.93111111111114,11.880833333333333,11,786,28.67,69,0,74,0,78,0
tier_speeds_jiang,tierspeed_jiang_short_baseline_MX1,jiang_short_baseline,MX1,5,115,2,OK,87,0,6953,365.82444444444445,325.81444444444446,11.692222222222222,11,786,23.85,71,0,79,0,86,0
tier_speeds_jiang,tierspeed_jiang_short_baseline_MX1,jiang_short_baseline,MX1,5,116,0,OK,82,0,6959,355.0811111111111,324.0388888888889,9.053055555555556,8,786,25.89,56,2,67,0,77,0
tier_speeds_jiang,tierspeed_jiang_short_baseline_MX1,jiang_short_baseline,MX1,5,116,1,OK,74,0,6975,366.72777777777776,331.8511111111111,11.681944444444444,9,786,30.67,56,2,63,0,67,0
tier_speeds_jiang,tierspeed_jiang_short_baseline_MX1,jiang_short_baseline,MX1,5,116,2,OK,79,0,7092,358.5788888888889,325.5288888888889,10.3025,9,786,28.72,52,3,60,0,65,0
tier_speeds_jiang,tierspeed_jiang_short_baseline_MX1,jiang_short_baseline,MX1,5,117,0,OK,92,0,5857,344.9166666666667,329.5877777777778,6.573055555555555,4,786,26.85,78,0,90,0,92,0
tier_speeds_jiang,tierspeed_jiang_short_baseline_MX1,jiang_short_baseline,MX1,5,117,1,OK,92,0,5105,339.55555555555554,327.8877777777778,5.245277777777778,3,786,24.9,80,0,84,0,90,0
tier_speeds_jiang,tierspeed_jiang_short_baseline_MX1,jiang_short_baseline,MX1,5,117,2,OK,93,0,3750,349.5888888888889,331.2733333333333,7.397222222222222,4,786,24.13,79,0,89,0,90,0
tier_speeds_jiang,tierspeed_jiang_short_baseline_MX1,jiang_short_baseline,MX1,5,118,0,OK,55,2,54968,379.4411111111111,348.8388888888889,14.860277777777778,8,786,25.6,39,8,50,5,55,4
tier_speeds_jiang,tierspeed_jiang_short_baseline_MX1,jiang_short_baseline,MX1,5,118,1,OK,69,4,66038,370.75666666666666,345.4577777777778,13.034166666666666,7,786,23.96,38,11,52,6,71,5
tier_speeds_jiang,tierspeed_jiang_short_baseline_MX1,jiang_short_baseline,MX1,5,118,2,OK,55,3,42514,379.37111111111113,347.1377777777778,14.88,9,786,24.89,37,10,47,8,53,4
tier_speeds_jiang,tierspeed_jiang_short_baseline_MX1,jiang_short_baseline,MX1,5,119,0,OK,63,0,7040,382.67555555555555,350.3355555555556,15.928611111111111,9,786,25.71,45,1,45,1,65,1
tier_speeds_jiang,tierspeed_jiang_short_baseline_MX1,jiang_short_baseline,MX1,5,119,1,OK,74,0,6988,371.75,343.3233333333333,13.312777777777777,8,786,23.68,53,2,65,1,66,0
tier_speeds_jiang,tierspeed_jiang_short_baseline_MX1,jiang_short_baseline,MX1,5,119,2,OK,69,0,7046,377.59777777777776,344.83222222222224,14.446388888888889,9,786,24.0,58,3,73,2,76,2
tier_speeds_jiang,tierspeed_jiang_short_baseline_MX1,jiang_short_baseline,MX1,5,120,0,OK,88,0,6102,353.09555555555556,329.1911111111111,9.273055555555555,7,786,21.28,69,0,79,0,87,0
tier_speeds_jiang,tierspeed_jiang_short_baseline_MX1,jiang_short_baseline,MX1,5,120,1,OK,92,0,4367,347.1455555555556,323.39666666666665,7.401944444444444,6,786,23.25,75,0,83,0,85,0
tier_speeds_jiang,tierspeed_jiang_short_baseline_MX1,jiang_short_baseline,MX1,5,120,2,OK,90,0,6813,359.34,332.8522222222222,10.27361111111111,8,786,21.96,70,0,82,0,88,0
tier_speeds_jiang,tierspeed_jiang_short_baseline_MX1,jiang_short_baseline,MX1,5,121,0,OK,97,0,0,290.2888888888889,290.2888888888889,1.8255555555555556,0,786,20.02,97,0,97,0,97,0
tier_speeds_jiang,tierspeed_jiang_short_baseline_MX1,jiang_short_baseline,MX1,5,121,1,OK,97,0,0,289.68444444444447,289.68444444444447,1.821388888888889,0,786,20.63,97,0,97,0,97,0
tier_speeds_jiang,tierspeed_jiang_short_baseline_MX1,jiang_short_baseline,MX1,5,121,2,OK,97,0,0,290.66555555555556,290.66555555555556,1.3475,0,786,21.36,97,0,97,0,97,0
tier_speeds_jiang,tierspeed_jiang_short_baseline_MX1,jiang_short_baseline,MX1,5,122,0,OK,97,0,0,309.6911111111111,309.6911111111111,1.4513888888888888,0,786,19.53,96,0,97,0,97,0
tier_speeds_jiang,tierspeed_jiang_short_baseline_MX1,jiang_short_baseline,MX1,5,122,1,OK,97,0,0,311.1144444444444,311.1144444444444,1.6736111111111112,0,786,21.03,95,0,97,0,97,0
tier_speeds_jiang,tierspeed_jiang_short_baseline_MX1,jiang_short_baseline,MX1,5,122,2,OK,97,0,0,310.4322222222222,310.4322222222222,1.6636111111111112,0,786,20.92,95,0,97,0,97,0
tier_speeds_jiang,tierspeed_jiang_short_baseline_MX1,jiang_short_baseline,MX1,5,123,0,OK,85,0,7062,357.6611111111111,330.0177777777778,9.571944444444444,6,786,20.41,68,0,70,0,80,0
tier_speeds_jiang,tierspeed_jiang_short_baseline_MX1,jiang_short_baseline,MX1,5,123,1,OK,87,0,6940,355.2055555555556,332.79777777777775,9.5075,5,786,22.24,72,0,82,0,86,0
tier_speeds_jiang,tierspeed_jiang_short_baseline_MX1,jiang_short_baseline,MX1,5,123,2,OK,84,0,6665,349.5733333333333,328.81444444444446,7.905833333333334,5,786,20.96,72,0,75,0,79,0
tier_speeds_jiang,tierspeed_jiang_short_baseline_MX1,jiang_short_baseline,MX1,5,124,0,OK,77,0,6778,362.7522222222222,334.7288888888889,10.793611111111112,8,786,20.63,61,0,65,0,72,0
tier_speeds_jiang,tierspeed_jiang_short_baseline_MX1,jiang_short_baseline,MX1,5,124,1,OK,79,0,6455,348.78444444444443,327.58222222222224,7.196111111111111,6,786,21.62,60,0,67,0,76,0
tier_speeds_jiang,tierspeed_jiang_short_baseline_MX1,jiang_short_baseline,MX1,5,124,2,OK,77,0,7192,349.8688888888889,326.07444444444445,8.051111111111112,7,786,24.27,61,0,67,0,76,0
tier_speeds_jiang,tierspeed_jiang_short_baseline_MX1,jiang_short_baseline,MX1,5,125,0,OK,71,3,22686,377.3644444444444,326.56333333333333,14.68388888888889,15,786,31.63,47,6,60,6,62,4
tier_speeds_jiang,tierspeed_jiang_short_baseline_MX1,jiang_short_baseline,MX1,5,125,1,OK,70,1,17237,379.02555555555557,323.50888888888886,15.6775,16,786,28.23,54,8,62,2,64,2
tier_speeds_jiang,tierspeed_jiang_short_baseline_MX1,jiang_short_baseline,MX1,5,125,2,OK,66,2,20387,390.95222222222225,330.8211111111111,18.05361111111111,18,786,27.94,49,5,60,2,62,2
tier_speeds_jiang,tierspeed_jiang_short_baseline_MX1,jiang_short_baseline,MX1,5,126,0,OK,60,0,7197,379.8077777777778,341.74444444444447,14.951944444444445,10,786,29.69,51,3,51,2,59,1
tier_speeds_jiang,tierspeed_jiang_short_baseline_MX1,jiang_short_baseline,MX1,5,126,1,OK,47,1,13119,378.50333333333333,346.85777777777776,15.303055555555556,9,786,25.59,41,3,41,3,47,1
tier_speeds_jiang,tierspeed_jiang_short_baseline_MX1,jiang_short_baseline,MX1,5,126,2,OK,70,2,48877,380.76,344.6311111111111,15.58361111111111,10,786,25.34,46,4,47,4,67,3
tier_speeds_jiang,tierspeed_jiang_short_baseline_MX1,jiang_short_baseline,MX1,5,127,0,OK,66,0,6530,353.52444444444444,335.71666666666664,8.38111111111111,4,786,19.8,45,1,54,1,60,0
tier_speeds_jiang,tierspeed_jiang_short_baseline_MX1,jiang_short_baseline,MX1,5,127,1,OK,55,0,7076,362.3488888888889,339.2711111111111,10.598333333333333,6,786,20.32,41,1,50,1,53,1
tier_speeds_jiang,tierspeed_jiang_short_baseline_MX1,jiang_short_baseline,MX1,5,127,2,OK,62,0,7177,353.15,335.73,8.2875,4,786,23.2,34,0,42,0,51,0
tier_speeds_jiang,tierspeed_jiang_short_baseline_MX1,jiang_short_baseline,MX1,5,128,0,OK,97,0,0,315.2577777777778,301.0911111111111,2.6944444444444446,4,786,21.99,89,0,96,0,96,0
tier_speeds_jiang,tierspeed_jiang_short_baseline_MX1,jiang_short_baseline,MX1,5,128,1,OK,97,0,0,315.63,301.2477777777778,3.3158333333333334,4,786,25.87,90,0,94,0,96,0
tier_speeds_jiang,tierspeed_jiang_short_baseline_MX1,jiang_short_baseline,MX1,5,128,2,OK,97,0,0,313.14444444444445,299.55333333333334,3.0213888888888887,4,786,25.67,92,0,96,0,97,0
tier_speeds_jiang,tierspeed_jiang_short_baseline_MX1,jiang_short_baseline,MX1,5,129,0,OK,94,0,2644,324.8355555555556,312.0788888888889,2.3177777777777777,3,786,24.87,83,0,86,0,91,0
tier_speeds_jiang,tierspeed_jiang_short_baseline_MX1,jiang_short_baseline,MX1,5,129,1,OK,94,0,6645,317.4166666666667,305.5366666666667,2.5516666666666667,3,786,22.85,86,0,89,0,91,0
tier_speeds_jiang,tierspeed_jiang_short_baseline_MX1,jiang_short_baseline,MX1,5,129,2,OK,95,0,3648,322.07,310.4088888888889,1.9680555555555554,4,786,23.8,86,0,89,0,94,0
tier_speeds_jiang,tierspeed_jiang_short_baseline_MX1,jiang_short_baseline,MX1,5,130,0,OK,81,0,6923,361.1322222222222,331.8777777777778,10.291666666666666,8,786,24.51,60,1,69,0,75,0
tier_speeds_jiang,tierspeed_jiang_short_baseline_MX1,jiang_short_baseline,MX1,5,130,1,OK,80,0,7155,370.2866666666667,336.0388888888889,12.803055555555556,10,786,21.19,58,1,58,1,72,0
tier_speeds_jiang,tierspeed_jiang_short_baseline_MX1,jiang_short_baseline,MX1,5,130,2,OK,77,0,6975,359.83222222222224,329.2988888888889,10.332222222222223,9,786,25.25,64,1,71,0,73,0
tier_speeds_jiang,tierspeed_jiang_short_baseline_MX1,jiang_short_baseline,MX1,6,101,0,OK,97,0,0,371.07666666666665,332.8222222222222,1.2838888888888889,10,786,22.86,94,0,95,0,97,0
tier_speeds_jiang,tierspeed_jiang_short_baseline_MX1,jiang_short_baseline,MX1,6,102,0,OK,97,0,0,364.1377777777778,324.87555555555554,3.5305555555555554,11,786,24.95,94,0,96,0,96,0
tier_speeds_jiang,tierspeed_jiang_short_baseline_MX1,jiang_short_baseline,MX1,6,103,0,OK,97,0,0,342.86333333333334,309.0755555555556,2.354722222222222,10,786,27.44,97,0,97,0,97,0
tier_speeds_jiang,tierspeed_jiang_short_baseline_MX1,jiang_short_baseline,MX1,6,104,0,OK,96,0,4424,365.37666666666667,328.85333333333335,2.1552777777777776,10,786,25.81,93,0,94,0,96,0
tier_speeds_jiang,tierspeed_jiang_short_baseline_MX1,jiang_short_baseline,MX1,6,105,0,OK,97,0,0,312.31,297.1388888888889,2.3341666666666665,4,786,20.93,97,0,97,0,97,0
tier_speeds_jiang,tierspeed_jiang_short_baseline_MX1,jiang_short_baseline,MX1,6,106,0,OK,97,0,0,358.51666666666665,330.8333333333333,1.4133333333333333,6,786,28.1,95,0,97,0,97,0
tier_speeds_jiang,tierspeed_jiang_short_baseline_MX1,jiang_short_baseline,MX1,6,107,0,OK,97,0,0,303.06555555555553,288.5588888888889,1.4883333333333333,5,786,24.91,97,0,97,0,97,0
tier_speeds_jiang,tierspeed_jiang_short_baseline_MX1,jiang_short_baseline,MX1,6,108,0,OK,97,0,0,337.9188888888889,315.7522222222222,3.1475,7,786,21.58,97,0,97,0,97,0
tier_speeds_jiang,tierspeed_jiang_short_baseline_MX1,jiang_short_baseline,MX1,6,109,0,OK,97,0,0,315.6322222222222,304.8433333333333,1.4716666666666667,3,786,24.66,97,0,97,0,97,0
tier_speeds_jiang,tierspeed_jiang_short_baseline_MX1,jiang_short_baseline,MX1,6,110,0,OK,97,0,0,345.08222222222224,318.96555555555557,1.7038888888888888,7,786,26.18,96,0,97,0,97,0
tier_speeds_jiang,tierspeed_jiang_short_baseline_MX1,jiang_short_baseline,MX1,6,111,0,OK,97,0,0,336.79555555555555,312.4533333333333,2.730277777777778,7,786,25.06,97,0,97,0,97,0
tier_speeds_jiang,tierspeed_jiang_short_baseline_MX1,jiang_short_baseline,MX1,6,112,0,OK,90,0,6632,402.63666666666666,359.62111111111113,6.5375,10,786,21.76,85,0,87,0,89,0
tier_speeds_jiang,tierspeed_jiang_short_baseline_MX1,jiang_short_baseline,MX1,6,113,0,OK,97,0,0,342.58666666666664,315.46,2.1683333333333334,8,786,23.91,97,0,97,0,97,0
tier_speeds_jiang,tierspeed_jiang_short_baseline_MX1,jiang_short_baseline,MX1,6,114,0,OK,97,0,0,360.69555555555553,327.78777777777776,1.6788888888888889,9,786,26.56,95,0,97,0,97,0
tier_speeds_jiang,tierspeed_jiang_short_baseline_MX1,jiang_short_baseline,MX1,6,115,0,OK,97,0,0,353.1533333333333,313.56666666666666,4.088055555555556,12,786,33.83,97,0,97,0,97,0
tier_speeds_jiang,tierspeed_jiang_short_baseline_MX1,jiang_short_baseline,MX1,6,116,0,OK,97,0,0,362.3677777777778,323.1222222222222,2.845,11,786,30.57,94,0,96,0,96,0
tier_speeds_jiang,tierspeed_jiang_short_baseline_MX1,jiang_short_baseline,MX1,6,117,0,OK,97,0,0,337.9211111111111,318.99,2.6805555555555554,5,786,23.76,97,0,97,0,97,0
tier_speeds_jiang,tierspeed_jiang_short_baseline_MX1,jiang_short_baseline,MX1,6,118,0,OK,92,0,4970,402.7966666666667,354.48555555555555,5.486944444444444,13,786,28.76,87,0,88,0,90,0
tier_speeds_jiang,tierspeed_jiang_short_baseline_MX1,jiang_short_baseline,MX1,6,119,0,OK,97,0,0,385.2366666666667,345.2888888888889,3.8280555555555558,10,786,26.2,91,0,94,0,96,0
tier_speeds_jiang,tierspeed_jiang_short_baseline_MX1,jiang_short_baseline,MX1,6,120,0,OK,97,0,0,342.90444444444444,317.6644444444444,4.18,7,786,30.28,97,0,97,0,97,0
tier_speeds_jiang,tierspeed_jiang_short_baseline_MX1,jiang_short_baseline,MX1,6,121,0,OK,97,0,0,287.09555555555556,287.09555555555556,2.5475,0,786,22.9,97,0,97,0,97,0
tier_speeds_jiang,tierspeed_jiang_short_baseline_MX1,jiang_short_baseline,MX1,6,122,0,OK,97,0,0,303.3666666666667,303.3666666666667,1.8702777777777777,0,786,21.82,97,0,97,0,97,0
tier_speeds_jiang,tierspeed_jiang_short_baseline_MX1,jiang_short_baseline,MX1,6,123,0,OK,97,0,0,343.22444444444443,316.8377777777778,1.3597222222222223,6,786,28.13,97,0,97,0,97,0
tier_speeds_jiang,tierspeed_jiang_short_baseline_MX1,jiang_short_baseline,MX1,6,124,0,OK,97,0,0,360.08222222222224,325.6455555555556,1.8563888888888889,10,786,32.0,94,0,96,0,97,0
tier_speeds_jiang,tierspeed_jiang_short_baseline_MX1,jiang_short_baseline,MX1,6,125,0,OK,96,0,1417,392.70666666666665,327.12333333333333,5.858611111111111,19,786,33.81,86,0,91,0,96,0
tier_speeds_jiang,tierspeed_jiang_short_baseline_MX1,jiang_short_baseline,MX1,6,126,0,OK,96,0,536,387.3688888888889,340.3288888888889,3.461388888888889,12,786,29.74,90,0,92,0,95,0
tier_speeds_jiang,tierspeed_jiang_short_baseline_MX1,jiang_short_baseline,MX1,6,127,0,OK,94,0,4155,359.5566666666667,336.31666666666666,1.3366666666666667,7,786,30.04,92,0,92,0,93,0
tier_speeds_jiang,tierspeed_jiang_short_baseline_MX1,jiang_short_baseline,MX1,6,128,0,OK,97,0,0,304.40222222222224,290.8077777777778,1.9555555555555555,4,786,31.08,97,0,97,0,97,0
tier_speeds_jiang,tierspeed_jiang_short_baseline_MX1,jiang_short_baseline,MX1,6,129,0,OK,97,0,0,315.15,299.26444444444445,2.245,5,786,31.59,97,0,97,0,97,0
tier_speeds_jiang,tierspeed_jiang_short_baseline_MX1,jiang_short_baseline,MX1,6,130,0,OK,97,0,0,369.56333333333333,333.90777777777777,1.7669444444444444,11,786,38.27,96,0,97,0,97,0
tier_speeds_jiang,tierspeed_jiang_massdep_baseline_T425,jiang_massdep_baseline,425,6,101,0,OK,57,3,16335,454.4211111111111,454.4211111111111,17.64388888888889,0,786,15.11,48,4,55,3,56,3
tier_speeds_jiang,tierspeed_jiang_massdep_baseline_T425,jiang_massdep_baseline,425,6,101,1,OK,55,2,15727,454.9577777777778,454.9577777777778,17.778055555555557,0,786,16.5,48,4,50,4,56,3
tier_speeds_jiang,tierspeed_jiang_massdep_baseline_T425,jiang_massdep_baseline,425,6,101,2,OK,55,2,22378,455.76666666666665,455.76666666666665,17.960833333333333,0,786,15.65,45,3,52,2,53,2
tier_speeds_jiang,tierspeed_jiang_massdep_baseline_T425,jiang_massdep_baseline,425,6,102,0,OK,37,4,43446,479.99444444444447,465.5188888888889,23.99861111111111,2,786,18.24,20,14,35,6,38,5
tier_speeds_jiang,tierspeed_jiang_massdep_baseline_T425,jiang_massdep_baseline,425,6,102,1,OK,43,5,61099,489.24,474.76444444444445,26.31,2,786,17.57,21,15,34,6,36,5
tier_speeds_jiang,tierspeed_jiang_massdep_baseline_T425,jiang_massdep_baseline,425,6,102,2,OK,40,4,51487,487.9411111111111,473.46555555555557,25.985277777777778,2,786,16.34,24,16,28,9,34,6
tier_speeds_jiang,tierspeed_jiang_massdep_baseline_T425,jiang_massdep_baseline,425,6,103,0,OK,58,1,20110,467.71,460.23555555555555,20.95,1,786,16.02,51,3,56,2,56,1
tier_speeds_jiang,tierspeed_jiang_massdep_baseline_T425,jiang_massdep_baseline,425,6,103,1,OK,58,1,19297,463.5777777777778,456.10333333333335,19.895,1,786,14.43,47,4,54,1,55,1
tier_speeds_jiang,tierspeed_jiang_massdep_baseline_T425,jiang_massdep_baseline,425,6,103,2,OK,57,1,19853,467.47777777777776,460.00333333333333,21.030277777777776,1,786,15.66,52,4,56,2,53,1
tier_speeds_jiang,tierspeed_jiang_massdep_baseline_T425,jiang_massdep_baseline,425,6,104,0,OK,47,4,41009,478.7811111111111,467.33,23.71361111111111,2,786,20.31,39,12,40,6,44,4
tier_speeds_jiang,tierspeed_jiang_massdep_baseline_T425,jiang_massdep_baseline,425,6,104,1,OK,63,3,60765,477.93888888888887,466.48777777777775,23.745555555555555,2,786,14.38,34,11,60,4,62,3
tier_speeds_jiang,tierspeed_jiang_massdep_baseline_T425,jiang_massdep_baseline,425,6,104,2,OK,54,3,55736,478.4788888888889,467.02777777777777,23.619722222222222,2,786,16.88,39,13,36,5,47,4
tier_speeds_jiang,tierspeed_jiang_massdep_baseline_T425,jiang_massdep_baseline,425,6,105,0,OK,70,1,25203,455.28222222222223,436.78333333333336,17.820555555555554,3,786,19.04,57,3,67,1,70,1
tier_speeds_jiang,tierspeed_jiang_massdep_baseline_T425,jiang_massdep_baseline,425,6,105,1,OK,66,1,24885,454.3511111111111,435.8522222222222,17.587777777777777,3,786,20.81,53,3,63,1,65,1
tier_speeds_jiang,tierspeed_jiang_massdep_baseline_T425,jiang_massdep_baseline,425,6,105,2,OK,62,1,25278,456.6988888888889,438.2,18.628611111111113,3,786,15.73,54,2,53,1,56,1
tier_speeds_jiang,tierspeed_jiang_massdep_baseline_T425,jiang_massdep_baseline,425,6,106,0,OK,61,2,50263,466.83222222222224,460.38,20.708055555555557,1,786,15.32,41,11,57,4,59,2
tier_speeds_jiang,tierspeed_jiang_massdep_baseline_T425,jiang_massdep_baseline,425,6,106,1,OK,59,3,48658,469.78777777777776,463.3355555555556,21.819166666666668,1,786,18.26,39,11,44,7,57,5
tier_speeds_jiang,tierspeed_jiang_massdep_baseline_T425,jiang_massdep_baseline,425,6,106,2,OK,60,3,48441,467.06555555555553,460.61333333333334,21.40222222222222,1,786,13.93,40,11,45,5,54,4
tier_speeds_jiang,tierspeed_jiang_massdep_baseline_T425,jiang_massdep_baseline,425,6,107,0,OK,66,0,6947,425.2522222222222,419.39444444444445,10.313055555555556,1,786,16.76,58,0,63,0,63,0
tier_speeds_jiang,tierspeed_jiang_massdep_baseline_T425,jiang_massdep_baseline,425,6,107,1,OK,62,0,7092,432.82444444444445,426.96666666666664,12.229444444444445,1,786,16.39,56,0,61,0,61,0
tier_speeds_jiang,tierspeed_jiang_massdep_baseline_T425,jiang_massdep_baseline,425,6,107,2,OK,61,0,7109,428.9555555555556,423.09777777777776,11.238888888888889,1,786,13.96,55,0,57,0,59,0
tier_speeds_jiang,tierspeed_jiang_massdep_baseline_T425,jiang_massdep_baseline,425,6,108,0,OK,63,0,7118,446.25888888888886,446.25888888888886,15.581388888888888,0,786,12.61,55,0,56,0,59,0
tier_speeds_jiang,tierspeed_jiang_massdep_baseline_T425,jiang_massdep_baseline,425,6,108,1,OK,66,0,6881,450.3722222222222,450.3722222222222,16.593055555555555,0,786,15.2,57,0,64,0,66,0
tier_speeds_jiang,tierspeed_jiang_massdep_baseline_T425,jiang_massdep_baseline,425,6,108,2,OK,63,0,7022,448.5966666666667,448.5966666666667,16.149166666666666,0,786,12.76,57,0,60,0,62,0
tier_speeds_jiang,tierspeed_jiang_massdep_baseline_T425,jiang_massdep_baseline,425,6,109,0,OK,72,0,7098,437.5422222222222,437.5422222222222,13.588888888888889,0,786,18.64,67,0,69,0,72,0
tier_speeds_jiang,tierspeed_jiang_massdep_baseline_T425,jiang_massdep_baseline,425,6,109,1,OK,66,0,6896,441.96555555555557,441.96555555555557,14.491388888888888,0,786,14.91,64,0,65,0,65,0
tier_speeds_jiang,tierspeed_jiang_massdep_baseline_T425,jiang_massdep_baseline,425,6,109,2,OK,70,0,7119,439.52666666666664,439.52666666666664,13.881666666666666,0,786,14.79,62,0,64,0,69,0
tier_speeds_jiang,tierspeed_jiang_massdep_baseline_T425,jiang_massdep_baseline,425,6,110,0,OK,50,0,7167,447.15555555555557,447.15555555555557,15.838055555555556,0,786,16.41,45,1,47,0,48,0
tier_speeds_jiang,tierspeed_jiang_massdep_baseline_T425,jiang_massdep_baseline,425,6,110,1,OK,52,0,7191,447.3644444444444,447.3644444444444,16.108888888888888,0,786,14.76,44,1,51,1,50,0
tier_speeds_jiang,tierspeed_jiang_massdep_baseline_T425,jiang_massdep_baseline,425,6,110,2,OK,54,0,7028,445.1433333333333,445.1433333333333,15.365,0,786,14.88,44,1,51,1,53,0
tier_speeds_jiang,tierspeed_jiang_massdep_baseline_T425,jiang_massdep_baseline,425,6,111,0,OK,44,0,7125,452.82444444444445,452.82444444444445,17.20611111111111,0,786,20.51,36,0,40,0,43,0
tier_speeds_jiang,tierspeed_jiang_massdep_baseline_T425,jiang_massdep_baseline,425,6,111,1,OK,45,0,7092,454.28777777777776,454.28777777777776,17.571944444444444,0,786,17.65,36,0,37,0,42,0
tier_speeds_jiang,tierspeed_jiang_massdep_baseline_T425,jiang_massdep_baseline,425,6,111,2,OK,39,0,6967,455.91333333333336,455.91333333333336,17.97833333333333,0,786,13.3,36,0,36,0,39,0
tier_speeds_jiang,tierspeed_jiang_massdep_baseline_T425,jiang_massdep_baseline,425,6,112,0,OK,47,4,51132,499.50444444444446,483.6688888888889,28.965833333333332,2,786,16.18,30,21,46,5,46,5
tier_speeds_jiang,tierspeed_jiang_massdep_baseline_T425,jiang_massdep_baseline,425,6,112,1,OK,60,6,66003,507.64666666666665,491.81111111111113,30.911666666666665,2,786,18.98,29,19,50,7,57,6
tier_speeds_jiang,tierspeed_jiang_massdep_baseline_T425,jiang_massdep_baseline,425,6,112,2,OK,50,5,51096,509.2477777777778,493.4122222222222,31.311944444444446,2,786,15.24,31,21,38,8,46,6
tier_speeds_jiang,tierspeed_jiang_massdep_baseline_T425,jiang_massdep_baseline,425,6,113,0,OK,51,3,34309,470.8855555555556,465.06111111111113,21.72138888888889,1,786,13.05,36,8,46,5,49,3
tier_speeds_jiang,tierspeed_jiang_massdep_baseline_T425,jiang_massdep_baseline,425,6,113,1,OK,45,2,33404,468.7288888888889,462.90444444444444,21.182222222222222,1,786,18.52,33,9,37,3,43,2
tier_speeds_jiang,tierspeed_jiang_massdep_baseline_T425,jiang_massdep_baseline,425,6,113,2,OK,47,1,35086,468.5711111111111,462.74666666666667,21.142777777777777,1,786,13.87,34,9,40,4,44,1
tier_speeds_jiang,tierspeed_jiang_massdep_baseline_T425,jiang_massdep_baseline,425,6,114,0,OK,47,3,48412,485.5577777777778,472.5188888888889,25.389444444444443,2,786,18.9,25,18,36,4,41,3
tier_speeds_jiang,tierspeed_jiang_massdep_baseline_T425,jiang_massdep_baseline,425,6,114,1,OK,54,3,49234,478.19,465.1511111111111,23.556944444444444,2,786,19.71,27,17,45,3,47,3
tier_speeds_jiang,tierspeed_jiang_massdep_baseline_T425,jiang_massdep_baseline,425,6,114,2,OK,57,3,53916,482.23555555555555,469.19666666666666,24.558888888888887,2,786,17.72,28,19,41,4,52,4
tier_speeds_jiang,tierspeed_jiang_massdep_baseline_T425,jiang_massdep_baseline,425,6,115,0,OK,67,5,54391,518.8055555555555,481.36555555555555,33.84388888888889,6,786,20.9,37,18,56,7,56,6
tier_speeds_jiang,tierspeed_jiang_massdep_baseline_T425,jiang_massdep_baseline,425,6,115,1,OK,57,4,55904,511.6333333333333,474.1933333333333,31.908333333333335,6,786,20.54,38,18,51,6,56,4
tier_speeds_jiang,tierspeed_jiang_massdep_baseline_T425,jiang_massdep_baseline,425,6,115,2,OK,68,5,55259,513.3433333333334,475.9033333333333,32.443888888888885,6,786,19.36,37,18,45,8,61,5
tier_speeds_jiang,tierspeed_jiang_massdep_baseline_T425,jiang_massdep_baseline,425,6,116,0,OK,51,3,36368,477.91,471.25,23.605,1,786,13.74,43,10,41,4,48,4
tier_speeds_jiang,tierspeed_jiang_massdep_baseline_T425,jiang_massdep_baseline,425,6,116,1,OK,51,3,34636,475.3011111111111,468.6411111111111,23.011111111111113,1,786,14.04,42,11,50,4,48,3
tier_speeds_jiang,tierspeed_jiang_massdep_baseline_T425,jiang_massdep_baseline,425,6,116,2,OK,55,3,42029,479.40444444444444,472.74444444444447,24.054444444444446,1,786,17.89,39,9,47,4,51,3
tier_speeds_jiang,tierspeed_jiang_massdep_baseline_T425,jiang_massdep_baseline,425,6,117,0,OK,50,2,21824,458.97,458.97,18.815277777777776,0,786,16.1,44,6,46,2,46,2
tier_speeds_jiang,tierspeed_jiang_massdep_baseline_T425,jiang_massdep_baseline,425,6,117,1,OK,57,4,43413,476.6388888888889,476.6388888888889,23.15972222222222,0,786,13.79,44,6,47,6,52,4
tier_speeds_jiang,tierspeed_jiang_massdep_baseline_T425,jiang_massdep_baseline,425,6,117,2,OK,42,4,32079,464.5077777777778,464.5077777777778,20.591944444444444,0,786,12.77,45,6,39,4,42,4
tier_speeds_jiang,tierspeed_jiang_massdep_baseline_T425,jiang_massdep_baseline,425,6,118,0,OK,43,3,39485,467.51222222222225,467.51222222222225,20.878055555555555,0,786,14.84,41,8,38,4,41,4
tier_speeds_jiang,tierspeed_jiang_massdep_baseline_T425,jiang_massdep_baseline,425,6,118,1,OK,48,3,36427,464.2033333333333,464.2033333333333,20.067222222222224,0,786,14.52,36,7,48,3,48,3
tier_speeds_jiang,tierspeed_jiang_massdep_baseline_T425,jiang_massdep_baseline,425,6,118,2,OK,51,4,46129,466.0211111111111,466.0211111111111,20.75,0,786,18.4,38,7,39,5,41,4
tier_speeds_jiang,tierspeed_jiang_massdep_baseline_T425,jiang_massdep_baseline,425,6,119,0,OK,41,5,43921,499.62888888888887,487.61555555555555,28.907222222222224,2,786,17.84,27,26,38,8,39,6
tier_speeds_jiang,tierspeed_jiang_massdep_baseline_T425,jiang_massdep_baseline,425,6,119,1,OK,45,5,45252,495.24666666666667,483.23333333333335,27.858888888888888,2,786,18.34,28,28,39,7,40,5
tier_speeds_jiang,tierspeed_jiang_massdep_baseline_T425,jiang_massdep_baseline,425,6,119,2,OK,38,4,61512,494.56555555555553,482.5522222222222,27.694166666666668,2,786,16.41,25,26,45,9,39,5
tier_speeds_jiang,tierspeed_jiang_massdep_baseline_T425,jiang_massdep_baseline,425,6,120,0,OK,60,3,40680,491.75333333333333,462.22,26.938333333333333,4,786,20.65,42,18,65,4,70,4
tier_speeds_jiang,tierspeed_jiang_massdep_baseline_T425,jiang_massdep_baseline,425,6,120,1,OK,65,3,47136,497.8411111111111,468.3077777777778,28.540555555555557,4,786,16.76,39,19,53,4,66,4
tier_speeds_jiang,tierspeed_jiang_massdep_baseline_T425,jiang_massdep_baseline,425,6,120,2,OK,63,3,44807,492.35333333333335,462.82,27.261111111111113,4,786,15.52,42,18,66,4,66,4
tier_speeds_jiang,tierspeed_jiang_massdep_baseline_T425,jiang_massdep_baseline,425,6,121,0,OK,83,0,6892,423.5855555555556,423.5855555555556,9.996666666666666,0,786,14.74,79,0,80,0,82,0
tier_speeds_jiang,tierspeed_jiang_massdep_baseline_T425,jiang_massdep_baseline,425,6,121,1,OK,82,0,6192,422.6688888888889,422.6688888888889,9.695277777777777,0,786,14.31,75,0,82,0,82,0
tier_speeds_jiang,tierspeed_jiang_massdep_baseline_T425,jiang_massdep_baseline,425,6,121,2,OK,80,0,6943,426.1477777777778,426.1477777777778,10.536944444444444,0,786,16.22,76,0,77,0,78,0
tier_speeds_jiang,tierspeed_jiang_massdep_baseline_T425,jiang_massdep_baseline,425,6,122,0,OK,56,0,7163,441.5777777777778,441.5777777777778,14.433333333333334,0,786,18.03,50,0,53,0,54,0
tier_speeds_jiang,tierspeed_jiang_massdep_baseline_T425,jiang_massdep_baseline,425,6,122,1,OK,58,0,7168,442.77555555555557,442.77555555555557,14.693888888888889,0,786,15.29,50,0,53,0,56,0
tier_speeds_jiang,tierspeed_jiang_massdep_baseline_T425,jiang_massdep_baseline,425,6,122,2,OK,58,0,7096,448.70444444444445,448.70444444444445,16.176111111111112,0,786,12.53,52,0,56,0,57,0
tier_speeds_jiang,tierspeed_jiang_massdep_baseline_T425,jiang_massdep_baseline,425,6,123,0,OK,45,4,42324,474.23777777777775,460.63444444444445,22.609166666666667,2,786,17.4,37,8,37,6,42,5
tier_speeds_jiang,tierspeed_jiang_massdep_baseline_T425,jiang_massdep_baseline,425,6,123,1,OK,44,3,34354,474.3377777777778,460.7344444444444,22.584444444444443,2,786,18.34,33,9,40,4,42,4
tier_speeds_jiang,tierspeed_jiang_massdep_baseline_T425,jiang_massdep_baseline,425,6,123,2,OK,44,5,35225,479.1988888888889,465.59555555555556,23.801388888888887,2,786,17.87,35,9,37,5,37,5
tier_speeds_jiang,tierspeed_jiang_massdep_baseline_T425,jiang_massdep_baseline,425,6,124,0,OK,51,1,22701,464.4322222222222,457.00888888888886,20.116944444444446,1,786,16.82,38,6,45,2,48,1
tier_speeds_jiang,tierspeed_jiang_massdep_baseline_T425,jiang_massdep_baseline,425,6,124,1,OK,42,1,20664,463.8433333333333,456.42,19.960833333333333,1,786,18.06,38,5,38,1,41,1
tier_speeds_jiang,tierspeed_jiang_massdep_baseline_T425,jiang_massdep_baseline,425,6,124,2,OK,47,1,20639,462.49666666666667,455.0733333333333,19.87388888888889,1,786,16.47,40,6,42,3,45,2
tier_speeds_jiang,tierspeed_jiang_massdep_baseline_T425,jiang_massdep_baseline,425,6,125,0,OK,55,3,29983,470.17,463.54,21.5425,1,786,12.0,44,6,54,4,57,4
tier_speeds_jiang,tierspeed_jiang_massdep_baseline_T425,jiang_massdep_baseline,425,6,125,1,OK,52,2,32425,467.50333333333333,460.87333333333333,20.99,1,786,14.66,47,5,50,3,51,3
tier_speeds_jiang,tierspeed_jiang_massdep_baseline_T425,jiang_massdep_baseline,425,6,125,2,OK,48,2,23139,467.62333333333333,460.99333333333334,21.2975,1,786,18.36,44,5,43,3,46,2
tier_speeds_jiang,tierspeed_jiang_massdep_baseline_T425,jiang_massdep_baseline,425,6,126,0,OK,56,1,50148,462.37444444444446,455.21555555555557,19.76638888888889,1,786,17.49,31,8,50,2,54,2
tier_speeds_jiang,tierspeed_jiang_massdep_baseline_T425,jiang_massdep_baseline,425,6,126,1,OK,52,1,51189,467.66333333333336,460.50444444444446,21.017222222222223,1,786,11.88,32,8,51,3,54,2
tier_speeds_jiang,tierspeed_jiang_massdep_baseline_T425,jiang_massdep_baseline,425,6,126,2,OK,53,2,50883,468.1411111111111,460.9822222222222,21.50611111111111,1,786,16.29,36,9,49,6,53,3
tier_speeds_jiang,tierspeed_jiang_massdep_baseline_T425,jiang_massdep_baseline,425,6,127,0,OK,41,4,57103,489.61333333333334,469.8933333333333,26.403333333333332,3,786,14.14,28,29,42,7,41,5
tier_speeds_jiang,tierspeed_jiang_massdep_baseline_T425,jiang_massdep_baseline,425,6,127,1,OK,34,4,62151,497.06666666666666,477.3466666666667,28.302777777777777,3,786,16.45,28,29,25,6,33,6
tier_speeds_jiang,tierspeed_jiang_massdep_baseline_T425,jiang_massdep_baseline,425,6,127,2,OK,45,5,58435,496.3488888888889,476.62888888888887,28.359166666666667,3,786,17.35,28,29,35,6,42,5
tier_speeds_jiang,tierspeed_jiang_massdep_baseline_T425,jiang_massdep_baseline,425,6,128,0,OK,85,0,6961,424.88666666666666,424.88666666666666,10.464444444444444,0,786,15.94,81,0,84,0,84,0
tier_speeds_jiang,tierspeed_jiang_massdep_baseline_T425,jiang_massdep_baseline,425,6,128,1,OK,85,0,6811,422.06,422.06,9.628333333333334,0,786,14.4,81,0,85,0,85,0
tier_speeds_jiang,tierspeed_jiang_massdep_baseline_T425,jiang_massdep_baseline,425,6,128,2,OK,85,0,6840,427.1122222222222,427.1122222222222,10.893055555555556,0,786,17.76,80,0,83,0,84,0
tier_speeds_jiang,tierspeed_jiang_massdep_baseline_T425,jiang_massdep_baseline,425,6,129,0,OK,68,0,7158,431.5466666666667,431.5466666666667,11.886666666666667,0,786,14.61,62,0,65,0,66,0
tier_speeds_jiang,tierspeed_jiang_massdep_baseline_T425,jiang_massdep_baseline,425,6,129,1,OK,67,0,6917,431.4788888888889,431.4788888888889,11.921388888888888,0,786,14.92,63,0,66,0,67,0
tier_speeds_jiang,tierspeed_jiang_massdep_baseline_T425,jiang_massdep_baseline,425,6,129,2,OK,65,0,7040,434.97777777777776,434.97777777777776,13.230833333333333,0,786,14.27,61,0,62,0,64,0
tier_speeds_jiang,tierspeed_jiang_massdep_baseline_T425,jiang_massdep_baseline,425,6,130,0,OK,43,5,34440,472.57666666666665,467.06333333333333,22.144166666666667,1,786,16.4,34,11,38,6,39,6
tier_speeds_jiang,tierspeed_jiang_massdep_baseline_T425,jiang_massdep_baseline,425,6,130,1,OK,43,5,28531,470.65555555555557,465.14222222222224,21.663888888888888,1,786,15.43,35,11,42,5,43,5
tier_speeds_jiang,tierspeed_jiang_massdep_baseline_T425,jiang_massdep_baseline,425,6,130,2,OK,50,5,51640,471.06444444444446,465.5511111111111,21.844722222222224,1,786,15.25,37,11,41,7,43,5
tier_speeds_jiang,tierspeed_jiang_massdep_baseline_T425,jiang_massdep_baseline,425,7,101,0,OK,97,0,0,453.89666666666665,453.89666666666665,3.2880555555555557,0,786,13.5,95,0,96,0,96,0
tier_speeds_jiang,tierspeed_jiang_massdep_baseline_T425,jiang_massdep_baseline,425,7,101,1,OK,96,0,2891,454.6111111111111,454.6111111111111,4.139444444444444,0,786,17.52,95,0,96,0,96,0
tier_speeds_jiang,tierspeed_jiang_massdep_baseline_T425,jiang_massdep_baseline,425,7,101,2,OK,96,0,178,453.35555555555555,453.35555555555555,3.3891666666666667,0,786,15.8,95,0,96,0,96,0
tier_speeds_jiang,tierspeed_jiang_massdep_baseline_T425,jiang_massdep_baseline,425,7,102,0,OK,83,0,5375,477.28444444444443,462.8088888888889,7.456111111111111,2,786,14.66,81,0,82,0,83,0
tier_speeds_jiang,tierspeed_jiang_massdep_baseline_T425,jiang_massdep_baseline,425,7,102,1,OK,84,0,5061,477.00444444444446,462.5288888888889,7.3069444444444445,2,786,15.58,81,0,83,0,84,0
tier_speeds_jiang,tierspeed_jiang_massdep_baseline_T425,jiang_massdep_baseline,425,7,102,2,OK,86,0,4872,475.24,460.76444444444445,6.938888888888889,2,786,14.27,81,0,82,0,85,0
tier_speeds_jiang,tierspeed_jiang_massdep_baseline_T425,jiang_massdep_baseline,425,7,103,0,OK,97,0,0,455.13,447.65555555555557,4.531666666666666,1,786,14.11,95,0,96,0,97,0
tier_speeds_jiang,tierspeed_jiang_massdep_baseline_T425,jiang_massdep_baseline,425,7,103,1,OK,97,0,0,455.9322222222222,448.4577777777778,4.7444444444444445,1,786,19.51,94,0,95,0,96,0
tier_speeds_jiang,tierspeed_jiang_massdep_baseline_T425,jiang_massdep_baseline,425,7,103,2,OK,97,0,0,456.8877777777778,449.41333333333336,4.858055555555556,1,786,17.97,95,0,96,0,96,0
tier_speeds_jiang,tierspeed_jiang_massdep_baseline_T425,jiang_massdep_baseline,425,7,104,0,OK,90,0,3956,470.8544444444444,459.4033333333333,6.379166666666666,2,786,13.79,85,0,86,0,90,0
tier_speeds_jiang,tierspeed_jiang_massdep_baseline_T425,jiang_massdep_baseline,425,7,104,1,OK,91,0,4795,468.50444444444446,457.05333333333334,6.125277777777778,2,786,21.01,85,0,87,0,89,0
tier_speeds_jiang,tierspeed_jiang_massdep_baseline_T425,jiang_massdep_baseline,425,7,104,2,OK,91,0,6809,468.8066666666667,457.35555555555555,6.536944444444444,2,786,14.04,86,0,89,0,90,0
tier_speeds_jiang,tierspeed_jiang_massdep_baseline_T425,jiang_massdep_baseline,425,7,105,0,OK,97,0,0,449.3588888888889,430.86,3.826388888888889,3,786,14.19,96,0,96,0,96,0
tier_speeds_jiang,tierspeed_jiang_massdep_baseline_T425,jiang_massdep_baseline,425,7,105,1,OK,96,0,1633,450.5588888888889,432.06,3.1416666666666666,3,786,22.94,96,0,96,0,96,0
tier_speeds_jiang,tierspeed_jiang_massdep_baseline_T425,jiang_massdep_baseline,425,7,105,2,OK,97,0,0,446.04333333333335,427.5444444444444,2.7555555555555555,3,786,18.54,96,0,97,0,97,0
tier_speeds_jiang,tierspeed_jiang_massdep_baseline_T425,jiang_massdep_baseline,425,7,106,0,OK,91,0,3567,463.60333333333335,457.1511111111111,4.993333333333333,1,786,14.44,89,0,90,0,91,0
tier_speeds_jiang,tierspeed_jiang_massdep_baseline_T425,jiang_massdep_baseline,425,7,106,1,OK,94,0,4726,459.6455555555556,453.1933333333333,4.613333333333333,1,786,17.21,89,0,90,0,90,0
tier_speeds_jiang,tierspeed_jiang_massdep_baseline_T425,jiang_massdep_baseline,425,7,106,2,OK,93,0,3658,461.5022222222222,455.05,5.1066666666666665,1,786,11.83,87,0,91,0,93,0
tier_speeds_jiang,tierspeed_jiang_massdep_baseline_T425,jiang_massdep_baseline,425,7,107,0,OK,97,0,0,421.02444444444444,415.1666666666667,2.171111111111111,1,786,16.82,97,0,97,0,97,0
tier_speeds_jiang,tierspeed_jiang_massdep_baseline_T425,jiang_massdep_baseline,425,7,107,1,OK,97,0,0,420.60333333333335,414.74555555555554,1.565,1,786,19.27,97,0,97,0,97,0
tier_speeds_jiang,tierspeed_jiang_massdep_baseline_T425,jiang_massdep_baseline,425,7,107,2,OK,97,0,0,420.53,414.6722222222222,2.9922222222222223,1,786,17.98,97,0,97,0,97,0
tier_speeds_jiang,tierspeed_jiang_massdep_baseline_T425,jiang_massdep_baseline,425,7,108,0,OK,97,0,0,438.0622222222222,438.0622222222222,3.4963888888888888,0,786,13.03,97,0,97,0,97,0
tier_speeds_jiang,tierspeed_jiang_massdep_baseline_T425,jiang_massdep_baseline,425,7,108,1,OK,97,0,0,439.14666666666665,439.14666666666665,4.53,0,786,14.17,96,0,97,0,97,0
tier_speeds_jiang,tierspeed_jiang_massdep_baseline_T425,jiang_massdep_baseline,425,7,108,2,OK,97,0,0,437.6766666666667,437.6766666666667,4.165,0,786,14.3,96,0,97,0,97,0
tier_speeds_jiang,tierspeed_jiang_massdep_baseline_T425,jiang_massdep_baseline,425,7,109,0,OK,97,0,0,424.8011111111111,424.8011111111111,2.1730555555555555,0,786,12.88,97,0,97,0,97,0
tier_speeds_jiang,tierspeed_jiang_massdep_baseline_T425,jiang_massdep_baseline,425,7,109,1,OK,97,0,0,423.75555555555553,423.75555555555553,1.8752777777777778,0,786,18.33,97,0,97,0,97,0
tier_speeds_jiang,tierspeed_jiang_massdep_baseline_T425,jiang_massdep_baseline,425,7,109,2,OK,97,0,0,427.62111111111113,427.62111111111113,2.3230555555555554,0,786,11.76,97,0,97,0,97,0
tier_speeds_jiang,tierspeed_jiang_massdep_baseline_T425,jiang_massdep_baseline,425,7,110,0,OK,97,0,0,437.8622222222222,437.8622222222222,2.5502777777777776,0,786,13.13,97,0,97,0,97,0
tier_speeds_jiang,tierspeed_jiang_massdep_baseline_T425,jiang_massdep_baseline,425,7,110,1,OK,97,0,0,438.59,438.59,3.4525,0,786,17.02,97,0,97,0,97,0
tier_speeds_jiang,tierspeed_jiang_massdep_baseline_T425,jiang_massdep_baseline,425,7,110,2,OK,97,0,0,438.3855555555556,438.3855555555556,3.2280555555555557,0,786,13.51,97,0,97,0,97,0
tier_speeds_jiang,tierspeed_jiang_massdep_baseline_T425,jiang_massdep_baseline,425,7,111,0,OK,97,0,0,445.8011111111111,445.8011111111111,3.936111111111111,0,786,13.01,97,0,97,0,97,0
tier_speeds_jiang,tierspeed_jiang_massdep_baseline_T425,jiang_massdep_baseline,425,7,111,1,OK,97,0,0,442.05,442.05,3.803888888888889,0,786,16.5,97,0,97,0,97,0
tier_speeds_jiang,tierspeed_jiang_massdep_baseline_T425,jiang_massdep_baseline,425,7,111,2,OK,97,0,0,443.31111111111113,443.31111111111113,3.2797222222222224,0,786,16.99,97,0,97,0,97,0
tier_speeds_jiang,tierspeed_jiang_massdep_baseline_T425,jiang_massdep_baseline,425,7,112,0,OK,78,0,7136,495.46666666666664,479.6311111111111,12.389722222222222,2,786,11.32,76,0,78,0,78,0
tier_speeds_jiang,tierspeed_jiang_massdep_baseline_T425,jiang_massdep_baseline,425,7,112,1,OK,82,0,7164,496.62333333333333,480.78777777777776,12.824444444444444,2,786,13.91,78,0,80,0,81,0
tier_speeds_jiang,tierspeed_jiang_massdep_baseline_T425,jiang_massdep_baseline,425,7,112,2,OK,80,0,7016,498.19666666666666,482.3611111111111,12.94111111111111,2,786,17.39,78,0,80,0,80,0
tier_speeds_jiang,tierspeed_jiang_massdep_baseline_T425,jiang_massdep_baseline,425,7,113,0,OK,95,0,2401,459.9066666666667,454.08222222222224,4.5925,1,786,14.95,92,0,94,0,94,0
tier_speeds_jiang,tierspeed_jiang_massdep_baseline_T425,jiang_massdep_baseline,425,7,113,1,OK,95,0,2759,465.6977777777778,459.87333333333333,4.648888888888889,1,786,16.48,94,0,95,0,95,0
tier_speeds_jiang,tierspeed_jiang_massdep_baseline_T425,jiang_massdep_baseline,425,7,113,2,OK,95,0,2307,462.4111111111111,456.58666666666664,4.5408333333333335,1,786,17.12,92,0,95,0,95,0
tier_speeds_jiang,tierspeed_jiang_massdep_baseline_T425,jiang_massdep_baseline,425,7,114,0,OK,86,0,6771,473.6455555555556,460.6066666666667,7.53,2,786,13.73,79,0,84,0,84,0
tier_speeds_jiang,tierspeed_jiang_massdep_baseline_T425,jiang_massdep_baseline,425,7,114,1,OK,84,0,3935,473.2288888888889,460.19,6.354166666666667,2,786,16.17,80,0,84,0,84,0
tier_speeds_jiang,tierspeed_jiang_massdep_baseline_T425,jiang_massdep_baseline,425,7,114,2,OK,83,0,6142,476.63,463.5911111111111,7.408888888888889,2,786,18.51,80,0,81,0,82,0
tier_speeds_jiang,tierspeed_jiang_massdep_baseline_T425,jiang_massdep_baseline,425,7,115,0,OK,80,0,7124,508.23555555555555,470.79555555555555,16.064722222222223,6,786,18.11,76,0,78,0,79,0
tier_speeds_jiang,tierspeed_jiang_massdep_baseline_T425,jiang_massdep_baseline,425,7,115,1,OK,85,0,6987,509.0911111111111,471.6511111111111,15.981111111111112,6,786,18.93,75,0,78,0,81,0
tier_speeds_jiang,tierspeed_jiang_massdep_baseline_T425,jiang_massdep_baseline,425,7,115,2,OK,81,0,6980,506.8088888888889,469.3688888888889,16.27888888888889,6,786,20.37,76,0,79,0,81,0
tier_speeds_jiang,tierspeed_jiang_massdep_baseline_T425,jiang_massdep_baseline,425,7,116,0,OK,92,0,6279,472.79777777777775,466.1377777777778,7.196666666666666,1,786,13.12,91,0,91,0,91,0
tier_speeds_jiang,tierspeed_jiang_massdep_baseline_T425,jiang_massdep_baseline,425,7,116,1,OK,93,0,4114,469.08222222222224,462.4222222222222,6.646388888888889,1,786,15.18,90,0,92,0,93,0
tier_speeds_jiang,tierspeed_jiang_massdep_baseline_T425,jiang_massdep_baseline,425,7,116,2,OK,95,0,1825,465.3822222222222,458.72222222222223,5.858055555555556,1,786,16.15,91,0,92,0,95,0
tier_speeds_jiang,tierspeed_jiang_massdep_baseline_T425,jiang_massdep_baseline,425,7,117,0,OK,97,0,0,456.32,456.32,4.385555555555555,0,786,13.28,95,0,96,0,97,0
tier_speeds_jiang,tierspeed_jiang_massdep_baseline_T425,jiang_massdep_baseline,425,7,117,1,OK,97,0,0,457.81444444444446,457.81444444444446,4.364444444444445,0,786,16.88,95,0,96,0,96,0
tier_speeds_jiang,tierspeed_jiang_massdep_baseline_T425,jiang_massdep_baseline,425,7,117,2,OK,97,0,0,455.61333333333334,455.61333333333334,4.013333333333334,0,786,17.25,96,0,97,0,97,0
tier_speeds_jiang,tierspeed_jiang_massdep_baseline_T425,jiang_massdep_baseline,425,7,118,0,OK,97,0,0,458.8522222222222,458.8522222222222,4.251388888888889,0,786,12.79,93,0,95,0,97,0
tier_speeds_jiang,tierspeed_jiang_massdep_baseline_T425,jiang_massdep_baseline,425,7,118,1,OK,96,0,553,462.72222222222223,462.72222222222223,4.821111111111111,0,786,15.67,94,0,95,0,95,0
tier_speeds_jiang,tierspeed_jiang_massdep_baseline_T425,jiang_massdep_baseline,425,7,118,2,OK,96,0,227,462.6777777777778,462.6777777777778,4.438888888888889,0,786,15.98,94,0,96,0,96,0
tier_speeds_jiang,tierspeed_jiang_massdep_baseline_T425,jiang_massdep_baseline,425,7,119,0,OK,73,0,6959,493.09222222222223,481.0788888888889,11.466111111111111,2,786,14.69,71,0,72,0,73,0
tier_speeds_jiang,tierspeed_jiang_massdep_baseline_T425,jiang_massdep_baseline,425,7,119,1,OK,74,0,7165,494.29333333333335,482.28,11.573333333333334,2,786,16.7,71,0,71,0,72,0
tier_speeds_jiang,tierspeed_jiang_massdep_baseline_T425,jiang_massdep_baseline,425,7,119,2,OK,76,0,7184,493.37666666666667,481.36333333333334,11.584722222222222,2,786,16.01,71,0,72,0,75,0
tier_speeds_jiang,tierspeed_jiang_massdep_baseline_T425,jiang_massdep_baseline,425,7,120,0,OK,83,0,6828,489.33444444444444,459.8011111111111,11.706944444444444,4,786,14.28,75,0,77,0,79,0
tier_speeds_jiang,tierspeed_jiang_massdep_baseline_T425,jiang_massdep_baseline,425,7,120,1,OK,81,0,7145,486.34555555555556,456.8122222222222,11.171111111111111,4,786,16.53,77,0,78,0,80,0
tier_speeds_jiang,tierspeed_jiang_massdep_baseline_T425,jiang_massdep_baseline,425,7,120,2,OK,84,0,7125,482.4511111111111,452.91777777777776,9.996666666666666,4,786,19.97,78,0,79,0,79,0
tier_speeds_jiang,tierspeed_jiang_massdep_baseline_T425,jiang_massdep_baseline,425,7,121,0,OK,97,0,0,413.6377777777778,413.6377777777778,3.060277777777778,0,786,14.04,97,0,97,0,97,0
tier_speeds_jiang,tierspeed_jiang_massdep_baseline_T425,jiang_massdep_baseline,425,7,121,1,OK,97,0,0,415.1022222222222,415.1022222222222,3.001388888888889,0,786,16.16,97,0,97,0,97,0
tier_speeds_jiang,tierspeed_jiang_massdep_baseline_T425,jiang_massdep_baseline,425,7,121,2,OK,97,0,0,411.53555555555556,411.53555555555556,3.131388888888889,0,786,15.43,97,0,97,0,97,0
tier_speeds_jiang,tierspeed_jiang_massdep_baseline_T425,jiang_massdep_baseline,425,7,122,0,OK,97,0,0,433.3011111111111,433.3011111111111,2.218888888888889,0,786,14.3,97,0,97,0,97,0
tier_speeds_jiang,tierspeed_jiang_massdep_baseline_T425,jiang_massdep_baseline,425,7,122,1,OK,97,0,0,434.61333333333334,434.61333333333334,2.5091666666666668,0,786,15.94,97,0,97,0,97,0
tier_speeds_jiang,tierspeed_jiang_massdep_baseline_T425,jiang_massdep_baseline,425,7,122,2,OK,97,0,0,431.65222222222224,431.65222222222224,1.805,0,786,14.85,97,0,97,0,97,0
tier_speeds_jiang,tierspeed_jiang_massdep_baseline_T425,jiang_massdep_baseline,425,7,123,0,OK,92,0,2881,469.0833333333333,455.48,5.548611111111111,2,786,12.25,90,0,92,0,92,0
tier_speeds_jiang,tierspeed_jiang_massdep_baseline_T425,jiang_massdep_baseline,425,7,123,1,OK,92,0,3536,475.2522222222222,461.6488888888889,7.159722222222222,2,786,12.61,90,0,91,0,92,0
tier_speeds_jiang,tierspeed_jiang_massdep_baseline_T425,jiang_massdep_baseline,425,7,123,2,OK,95,0,4874,475.77222222222224,462.1688888888889,7.456111111111111,2,786,17.29,89,0,92,0,95,0
tier_speeds_jiang,tierspeed_jiang_massdep_baseline_T425,jiang_massdep_baseline,425,7,124,0,OK,97,0,0,454.2922222222222,446.8688888888889,2.930277777777778,1,786,13.04,93,0,96,0,97,0
tier_speeds_jiang,tierspeed_jiang_massdep_baseline_T425,jiang_massdep_baseline,425,7,124,1,OK,96,0,1134,455.78444444444443,448.3611111111111,3.950277777777778,1,786,12.99,94,0,95,0,96,0
tier_speeds_jiang,tierspeed_jiang_massdep_baseline_T425,jiang_massdep_baseline,425,7,124,2,OK,96,0,93,458.88444444444445,451.4611111111111,3.568611111111111,1,786,19.4,94,0,95,0,95,0
tier_speeds_jiang,tierspeed_jiang_massdep_baseline_T425,jiang_massdep_baseline,425,7,125,0,OK,97,0,0,458.72555555555556,452.09555555555556,5.405833333333334,1,786,16.0,94,0,96,0,97,0
tier_speeds_jiang,tierspeed_jiang_massdep_baseline_T425,jiang_massdep_baseline,425,7,125,1,OK,97,0,0,459.0733333333333,452.4433333333333,6.670277777777778,1,786,17.76,94,0,95,0,96,0
tier_speeds_jiang,tierspeed_jiang_massdep_baseline_T425,jiang_massdep_baseline,425,7,125,2,OK,97,0,0,465.02777777777777,458.3977777777778,6.2925,1,786,16.22,94,0,96,0,96,0
tier_speeds_jiang,tierspeed_jiang_massdep_baseline_T425,jiang_massdep_baseline,425,7,126,0,OK,91,0,2708,463.94444444444446,456.78555555555556,5.14,1,786,14.6,86,0,89,0,91,0
tier_speeds_jiang,tierspeed_jiang_massdep_baseline_T425,jiang_massdep_baseline,425,7,126,1,OK,93,0,6552,463.66777777777776,456.50888888888886,4.421666666666667,1,786,17.58,87,0,87,0,89,0
tier_speeds_jiang,tierspeed_jiang_massdep_baseline_T425,jiang_massdep_baseline,425,7,126,2,OK,92,0,4639,463.50111111111113,456.34222222222223,4.5,1,786,18.37,86,0,87,0,87,0
tier_speeds_jiang,tierspeed_jiang_massdep_baseline_T425,jiang_massdep_baseline,425,7,127,0,OK,71,0,6670,485.00444444444446,465.28444444444443,9.264166666666666,3,786,14.78,66,0,68,0,69,0
tier_speeds_jiang,tierspeed_jiang_massdep_baseline_T425,jiang_massdep_baseline,425,7,127,1,OK,69,0,7186,483.59222222222223,463.8722222222222,8.898055555555555,3,786,18.94,64,0,67,0,67,0
tier_speeds_jiang,tierspeed_jiang_massdep_baseline_T425,jiang_massdep_baseline,425,7,127,2,OK,70,0,6524,482.6166666666667,462.89666666666665,8.654166666666667,3,786,10.43,64,0,69,0,70,0
tier_speeds_jiang,tierspeed_jiang_massdep_baseline_T425,jiang_massdep_baseline,425,7,128,0,OK,97,0,0,410.3644444444444,410.3644444444444,2.198611111111111,0,786,14.48,97,0,97,0,97,0
tier_speeds_jiang,tierspeed_jiang_massdep_baseline_T425,jiang_massdep_baseline,425,7,128,1,OK,97,0,0,411.18111111111114,411.18111111111114,3.1644444444444444,0,786,10.99,97,0,97,0,97,0
tier_speeds_jiang,tierspeed_jiang_massdep_baseline_T425,jiang_massdep_baseline,425,7,128,2,OK,97,0,0,411.87333333333333,411.87333333333333,1.5977777777777777,0,786,16.12,97,0,97,0,97,0
tier_speeds_jiang,tierspeed_jiang_massdep_baseline_T425,jiang_massdep_baseline,425,7,129,0,OK,97,0,0,423.00888888888886,423.00888888888886,2.6380555555555554,0,786,11.9,97,0,97,0,97,0
tier_speeds_jiang,tierspeed_jiang_massdep_baseline_T425,jiang_massdep_baseline,425,7,129,1,OK,97,0,0,419.61555555555555,419.61555555555555,2.2144444444444447,0,786,16.39,97,0,97,0,97,0
tier_speeds_jiang,tierspeed_jiang_massdep_baseline_T425,jiang_massdep_baseline,425,7,129,2,OK,97,0,0,420.09555555555556,420.09555555555556,1.1888888888888889,0,786,14.86,97,0,97,0,97,0
tier_speeds_jiang,tierspeed_jiang_massdep_baseline_T425,jiang_massdep_baseline,425,7,130,0,OK,95,0,2593,462.4977777777778,456.9844444444444,4.438611111111111,1,786,12.04,90,0,92,0,93,0
tier_speeds_jiang,tierspeed_jiang_massdep_baseline_T425,jiang_massdep_baseline,425,7,130,1,OK,95,0,4471,464.8666666666667,459.35333333333335,4.788055555555555,1,786,17.36,90,0,91,0,93,0
tier_speeds_jiang,tierspeed_jiang_massdep_baseline_T425,jiang_massdep_baseline,425,7,130,2,OK,95,0,3198,462.4577777777778,456.94444444444446,4.4511111111111115,1,786,15.66,90,0,91,0,93,0
tier_speeds_jiang,tierspeed_jiang_massdep_baseline_T425,jiang_massdep_baseline,425,8,101,0,OK,97,0,0,440.3988888888889,440.3988888888889,2.455277777777778,0,786,12.02,97,0,97,0,97,0
tier_speeds_jiang,tierspeed_jiang_massdep_baseline_T425,jiang_massdep_baseline,425,8,102,0,OK,97,0,0,465.96,451.4844444444444,3.355277777777778,2,786,12.33,97,0,97,0,97,0
tier_speeds_jiang,tierspeed_jiang_massdep_baseline_T425,jiang_massdep_baseline,425,8,103,0,OK,97,0,0,444.6477777777778,437.17333333333335,3.328333333333333,1,786,13.83,97,0,97,0,97,0
tier_speeds_jiang,tierspeed_jiang_massdep_baseline_T425,jiang_massdep_baseline,425,8,104,0,OK,97,0,0,456.9,445.4488888888889,2.651388888888889,2,786,11.31,97,0,97,0,97,0
tier_speeds_jiang,tierspeed_jiang_massdep_baseline_T425,jiang_massdep_baseline,425,8,105,0,OK,97,0,0,434.72555555555556,416.2266666666667,2.939722222222222,3,786,17.19,97,0,97,0,97,0
tier_speeds_jiang,tierspeed_jiang_massdep_baseline_T425,jiang_massdep_baseline,425,8,106,0,OK,97,0,0,449.3177777777778,442.86555555555555,2.388888888888889,1,786,17.03,97,0,97,0,97,0
tier_speeds_jiang,tierspeed_jiang_massdep_baseline_T425,jiang_massdep_baseline,425,8,107,0,OK,97,0,0,415.74111111111114,409.8833333333333,1.6694444444444445,1,786,13.82,97,0,97,0,97,0
tier_speeds_jiang,tierspeed_jiang_massdep_baseline_T425,jiang_massdep_baseline,425,8,108,0,OK,97,0,0,432.42333333333335,432.42333333333335,1.6391666666666667,0,786,13.32,97,0,97,0,97,0
tier_speeds_jiang,tierspeed_jiang_massdep_baseline_T425,jiang_massdep_baseline,425,8,109,0,OK,97,0,0,422.7266666666667,422.7266666666667,0.7086111111111111,0,786,11.34,97,0,97,0,97,0
tier_speeds_jiang,tierspeed_jiang_massdep_baseline_T425,jiang_massdep_baseline,425,8,110,0,OK,97,0,0,430.37444444444446,430.37444444444446,1.6611111111111112,0,786,11.97,97,0,97,0,97,0
tier_speeds_jiang,tierspeed_jiang_massdep_baseline_T425,jiang_massdep_baseline,425,8,111,0,OK,97,0,0,437.64222222222224,437.64222222222224,2.5208333333333335,0,786,14.34,97,0,97,0,97,0
tier_speeds_jiang,tierspeed_jiang_massdep_baseline_T425,jiang_massdep_baseline,425,8,112,0,OK,97,0,0,489.3933333333333,473.5577777777778,3.4558333333333335,2,786,15.9,96,0,96,0,96,0
tier_speeds_jiang,tierspeed_jiang_massdep_baseline_T425,jiang_massdep_baseline,425,8,113,0,OK,97,0,0,448.03333333333336,442.2088888888889,3.8361111111111112,1,786,10.56,97,0,97,0,97,0
tier_speeds_jiang,tierspeed_jiang_massdep_baseline_T425,jiang_massdep_baseline,425,8,114,0,OK,97,0,0,463.59,450.5511111111111,2.9272222222222224,2,786,14.59,97,0,97,0,97,0
tier_speeds_jiang,tierspeed_jiang_massdep_baseline_T425,jiang_massdep_baseline,425,8,115,0,OK,97,0,0,506.29777777777775,468.85777777777776,5.790555555555556,6,786,18.86,95,0,96,0,97,0
tier_speeds_jiang,tierspeed_jiang_massdep_baseline_T425,jiang_massdep_baseline,425,8,116,0,OK,97,0,0,458.1877777777778,451.52777777777777,3.951388888888889,1,786,14.63,97,0,97,0,97,0
tier_speeds_jiang,tierspeed_jiang_massdep_baseline_T425,jiang_massdep_baseline,425,8,117,0,OK,97,0,0,446.7266666666667,446.7266666666667,2.5444444444444443,0,786,11.85,97,0,97,0,97,0
tier_speeds_jiang,tierspeed_jiang_massdep_baseline_T425,jiang_massdep_baseline,425,8,118,0,OK,97,0,0,450.34777777777776,450.34777777777776,3.703888888888889,0,786,13.78,97,0,97,0,97,0
tier_speeds_jiang,tierspeed_jiang_massdep_baseline_T425,jiang_massdep_baseline,425,8,119,0,OK,97,0,0,481.30333333333334,469.29,3.328333333333333,2,786,13.17,97,0,97,0,97,0
tier_speeds_jiang,tierspeed_jiang_massdep_baseline_T425,jiang_massdep_baseline,425,8,120,0,OK,97,0,0,471.31111111111113,441.77777777777777,3.2555555555555555,4,786,18.92,97,0,97,0,97,0
tier_speeds_jiang,tierspeed_jiang_massdep_baseline_T425,jiang_massdep_baseline,425,8,121,0,OK,97,0,0,410.37444444444446,410.37444444444446,3.031111111111111,0,786,12.87,97,0,97,0,97,0
tier_speeds_jiang,tierspeed_jiang_massdep_baseline_T425,jiang_massdep_baseline,425,8,122,0,OK,97,0,0,426.9488888888889,426.9488888888889,3.8955555555555557,0,786,12.0,97,0,97,0,97,0
tier_speeds_jiang,tierspeed_jiang_massdep_baseline_T425,jiang_massdep_baseline,425,8,123,0,OK,97,0,0,454.8466666666667,441.24333333333334,3.8955555555555557,2,786,13.93,97,0,97,0,97,0
tier_speeds_jiang,tierspeed_jiang_massdep_baseline_T425,jiang_massdep_baseline,425,8,124,0,OK,97,0,0,443.12333333333333,435.7,3.091388888888889,1,786,14.7,97,0,97,0,97,0
tier_speeds_jiang,tierspeed_jiang_massdep_baseline_T425,jiang_massdep_baseline,425,8,125,0,OK,97,0,0,450.00444444444446,443.37444444444446,4.186388888888889,1,786,15.73,97,0,97,0,97,0
tier_speeds_jiang,tierspeed_jiang_massdep_baseline_T425,jiang_massdep_baseline,425,8,126,0,OK,97,0,0,445.99333333333334,438.83444444444444,2.897222222222222,1,786,14.99,97,0,97,0,97,0
tier_speeds_jiang,tierspeed_jiang_massdep_baseline_T425,jiang_massdep_baseline,425,8,127,0,OK,97,0,0,477.00333333333333,457.28333333333336,3.109722222222222,3,786,12.73,96,0,97,0,97,0
tier_speeds_jiang,tierspeed_jiang_massdep_baseline_T425,jiang_massdep_baseline,425,8,128,0,OK,97,0,0,406.89222222222224,406.89222222222224,3.131111111111111,0,786,13.81,97,0,97,0,97,0
tier_speeds_jiang,tierspeed_jiang_massdep_baseline_T425,jiang_massdep_baseline,425,8,129,0,OK,97,0,0,416.0466666666667,416.0466666666667,2.897222222222222,0,786,12.58,97,0,97,0,97,0
tier_speeds_jiang,tierspeed_jiang_massdep_baseline_T425,jiang_massdep_baseline,425,8,130,0,OK,97,0,0,449.62555555555554,444.1122222222222,1.4544444444444444,1,786,16.13,97,0,97,0,97,0
tier_speeds_jiang,tierspeed_jiang_massdep_baseline_T500,jiang_massdep_baseline,500,6,101,0,OK,64,2,20347,451.6822222222222,451.6822222222222,16.920555555555556,0,786,14.65,55,2,61,2,62,2
tier_speeds_jiang,tierspeed_jiang_massdep_baseline_T500,jiang_massdep_baseline,500,6,101,1,OK,61,2,20799,453.6011111111111,453.6011111111111,17.544166666666666,0,786,17.93,54,2,54,2,58,2
tier_speeds_jiang,tierspeed_jiang_massdep_baseline_T500,jiang_massdep_baseline,500,6,101,2,OK,61,2,12183,450.02222222222224,450.02222222222224,16.67972222222222,0,786,14.97,53,2,54,2,59,2
tier_speeds_jiang,tierspeed_jiang_massdep_baseline_T500,jiang_massdep_baseline,500,6,102,0,OK,45,1,15114,452.2422222222222,452.2422222222222,17.060555555555556,0,786,13.44,40,1,44,1,44,1
tier_speeds_jiang,tierspeed_jiang_massdep_baseline_T500,jiang_massdep_baseline,500,6,102,1,OK,42,1,11193,455.90777777777777,455.90777777777777,17.976944444444445,0,786,15.84,37,1,40,1,41,1
tier_speeds_jiang,tierspeed_jiang_massdep_baseline_T500,jiang_massdep_baseline,500,6,102,2,OK,47,1,23220,454.9811111111111,454.9811111111111,17.745277777777776,0,786,14.5,39,2,45,2,47,1
tier_speeds_jiang,tierspeed_jiang_massdep_baseline_T500,jiang_massdep_baseline,500,6,103,0,OK,56,0,7196,451.3066666666667,451.3066666666667,16.934166666666666,0,786,14.25,53,0,56,0,56,0
tier_speeds_jiang,tierspeed_jiang_massdep_baseline_T500,jiang_massdep_baseline,500,6,103,1,OK,64,0,7153,444.9144444444444,444.9144444444444,15.246944444444445,0,786,15.71,55,0,57,0,64,0
tier_speeds_jiang,tierspeed_jiang_massdep_baseline_T500,jiang_massdep_baseline,500,6,103,2,OK,57,0,7155,448.5911111111111,448.5911111111111,16.490833333333335,0,786,16.51,52,0,56,0,56,0
tier_speeds_jiang,tierspeed_jiang_massdep_baseline_T500,jiang_massdep_baseline,500,6,104,0,OK,56,1,20355,454.1177777777778,454.1177777777778,17.741666666666667,0,786,14.06,47,2,54,2,54,2
tier_speeds_jiang,tierspeed_jiang_massdep_baseline_T500,jiang_massdep_baseline,500,6,104,1,OK,53,1,12853,449.5155555555556,449.5155555555556,16.683333333333334,0,786,13.67,47,1,50,1,51,1
tier_speeds_jiang,tierspeed_jiang_massdep_baseline_T500,jiang_massdep_baseline,500,6,104,2,OK,57,0,7172,449.93666666666667,449.93666666666667,16.827222222222222,0,786,15.5,53,2,53,1,55,1
tier_speeds_jiang,tierspeed_jiang_massdep_baseline_T500,jiang_massdep_baseline,500,6,105,0,OK,88,0,6781,422.66555555555556,422.66555555555556,9.854166666666666,0,786,11.78,82,0,86,0,86,0
tier_speeds_jiang,tierspeed_jiang_massdep_baseline_T500,jiang_massdep_baseline,500,6,105,1,OK,89,0,6835,419.6144444444444,419.6144444444444,8.955555555555556,0,786,13.68,82,0,85,0,85,0
tier_speeds_jiang,tierspeed_jiang_massdep_baseline_T500,jiang_massdep_baseline,500,6,105,2,OK,87,0,7032,426.1277777777778,426.1277777777778,10.745555555555555,0,786,16.7,82,0,84,0,84,0
tier_speeds_jiang,tierspeed_jiang_massdep_baseline_T500,jiang_massdep_baseline,500,6,106,0,OK,54,0,7142,447.7133333333333,447.7133333333333,16.281111111111112,0,786,13.75,50,3,50,2,52,1
tier_speeds_jiang,tierspeed_jiang_massdep_baseline_T500,jiang_massdep_baseline,500,6,106,1,OK,51,2,16183,451.4888888888889,451.4888888888889,17.121111111111112,0,786,15.07,45,3,47,2,50,2
tier_speeds_jiang,tierspeed_jiang_massdep_baseline_T500,jiang_massdep_baseline,500,6,106,2,OK,58,2,25206,447.48555555555555,447.48555555555555,16.113888888888887,0,786,15.2,44,3,48,3,53,2
tier_speeds_jiang,tierspeed_jiang_massdep_baseline_T500,jiang_massdep_baseline,500,6,107,0,OK,77,0,5490,420.3333333333333,420.3333333333333,9.083333333333334,0,786,12.66,71,0,73,0,77,0
tier_speeds_jiang,tierspeed_jiang_massdep_baseline_T500,jiang_massdep_baseline,500,6,107,1,OK,75,0,7065,419.0711111111111,419.0711111111111,8.767777777777777,0,786,14.99,71,0,71,0,71,0
tier_speeds_jiang,tierspeed_jiang_massdep_baseline_T500,jiang_massdep_baseline,500,6,107,2,OK,78,0,6961,418.00333333333333,418.00333333333333,8.620833333333334,0,786,16.13,72,0,76,0,76,0
tier_speeds_jiang,tierspeed_jiang_massdep_baseline_T500,jiang_massdep_baseline,500,6,108,0,OK,73,0,6918,441.4411111111111,441.4411111111111,14.3625,0,786,15.12,67,0,71,0,73,0
tier_speeds_jiang,tierspeed_jiang_massdep_baseline_T500,jiang_massdep_baseline,500,6,108,1,OK,72,0,7164,443.4122222222222,443.4122222222222,14.941944444444445,0,786,14.05,70,0,70,0,71,0
tier_speeds_jiang,tierspeed_jiang_massdep_baseline_T500,jiang_massdep_baseline,500,6,108,2,OK,71,0,7191,442.8644444444444,442.8644444444444,14.8325,0,786,14.18,68,0,70,0,70,0
tier_speeds_jiang,tierspeed_jiang_massdep_baseline_T500,jiang_massdep_baseline,500,6,109,0,OK,76,0,7093,430.47777777777776,430.47777777777776,11.825833333333334,0,786,15.57,70,0,75,0,76,0
tier_speeds_jiang,tierspeed_jiang_massdep_baseline_T500,jiang_massdep_baseline,500,6,109,1,OK,78,0,7014,432.29333333333335,432.29333333333335,12.191944444444445,0,786,14.52,69,0,77,0,77,0
tier_speeds_jiang,tierspeed_jiang_massdep_baseline_T500,jiang_massdep_baseline,500,6,109,2,OK,76,0,7126,435.13444444444445,435.13444444444445,13.200555555555555,0,786,16.87,71,0,73,0,74,0
tier_speeds_jiang,tierspeed_jiang_massdep_baseline_T500,jiang_massdep_baseline,500,6,110,0,OK,63,0,6970,439.50666666666666,439.50666666666666,13.92,0,786,13.96,55,0,56,0,56,0
tier_speeds_jiang,tierspeed_jiang_massdep_baseline_T500,jiang_massdep_baseline,500,6,110,1,OK,60,0,7054,443.39444444444445,443.39444444444445,14.848611111111111,0,786,14.33,53,0,58,0,59,0
tier_speeds_jiang,tierspeed_jiang_massdep_baseline_T500,jiang_massdep_baseline,500,6,110,2,OK,60,0,7141,441.0177777777778,441.0177777777778,14.254444444444445,0,786,16.13,50,0,55,0,58,0
tier_speeds_jiang,tierspeed_jiang_massdep_baseline_T500,jiang_massdep_baseline,500,6,111,0,OK,56,0,7191,445.4711111111111,445.4711111111111,15.367777777777778,0,786,14.63,47,0,52,0,55,0
tier_speeds_jiang,tierspeed_jiang_massdep_baseline_T500,jiang_massdep_baseline,500,6,111,1,OK,52,0,7124,443.54,443.54,14.885,0,786,16.94,44,0,45,0,52,0
tier_speeds_jiang,tierspeed_jiang_massdep_baseline_T500,jiang_massdep_baseline,500,6,111,2,OK,54,0,7132,447.50555555555553,447.50555555555553,15.876388888888888,0,786,16.99,41,0,46,0,53,0
tier_speeds_jiang,tierspeed_jiang_massdep_baseline_T500,jiang_massdep_baseline,500,6,112,0,OK,54,4,63042,472.46,472.46,22.115,0,786,12.11,37,9,51,5,51,4
tier_speeds_jiang,tierspeed_jiang_massdep_baseline_T500,jiang_massdep_baseline,500,6,112,1,OK,55,4,35609,474.3722222222222,474.3722222222222,22.593055555555555,0,786,13.38,44,8,45,6,54,5
tier_speeds_jiang,tierspeed_jiang_massdep_baseline_T500,jiang_massdep_baseline,500,6,112,2,OK,50,4,46970,473.62888888888887,473.62888888888887,22.407222222222224,0,786,9.0,42,9,47,5,48,4
tier_speeds_jiang,tierspeed_jiang_massdep_baseline_T500,jiang_massdep_baseline,500,6,113,0,OK,51,0,7150,449.26,449.26,16.315,0,786,13.3,41,1,45,0,47,0
tier_speeds_jiang,tierspeed_jiang_massdep_baseline_T500,jiang_massdep_baseline,500,6,113,1,OK,43,0,7098,454.6511111111111,454.6511111111111,17.662777777777777,0,786,17.42,41,2,40,0,40,0
tier_speeds_jiang,tierspeed_jiang_massdep_baseline_T500,jiang_massdep_baseline,500,6,113,2,OK,41,0,7156,452.88666666666666,452.88666666666666,17.221666666666668,0,786,14.32,37,1,40,1,44,1
tier_speeds_jiang,tierspeed_jiang_massdep_baseline_T500,jiang_massdep_baseline,500,6,114,0,OK,39,1,15978,455.3688888888889,455.3688888888889,17.905,0,786,14.41,32,3,32,1,35,1
tier_speeds_jiang,tierspeed_jiang_massdep_baseline_T500,jiang_massdep_baseline,500,6,114,1,OK,39,1,16848,453.77555555555557,453.77555555555557,17.44388888888889,0,786,18.04,34,2,35,2,39,2
tier_speeds_jiang,tierspeed_jiang_massdep_baseline_T500,jiang_massdep_baseline,500,6,114,2,OK,41,1,15966,454.00555555555553,454.00555555555553,17.745833333333334,0,786,13.58,38,4,39,1,41,1
tier_speeds_jiang,tierspeed_jiang_massdep_baseline_T500,jiang_massdep_baseline,500,6,115,0,OK,60,0,7153,455.7922222222222,455.7922222222222,17.948055555555555,0,786,14.68,55,1,57,0,59,0
tier_speeds_jiang,tierspeed_jiang_massdep_baseline_T500,jiang_massdep_baseline,500,6,115,1,OK,62,0,7162,455.62111111111113,455.62111111111113,18.033055555555556,0,786,14.02,61,1,57,0,61,0
tier_speeds_jiang,tierspeed_jiang_massdep_baseline_T500,jiang_massdep_baseline,500,6,115,2,OK,62,0,7184,454.09444444444443,454.09444444444443,18.075833333333332,0,786,15.62,56,1,56,1,59,0
tier_speeds_jiang,tierspeed_jiang_massdep_baseline_T500,jiang_massdep_baseline,500,6,116,0,OK,51,2,20276,459.1822222222222,459.1822222222222,18.795555555555556,0,786,13.35,41,3,50,2,51,2
tier_speeds_jiang,tierspeed_jiang_massdep_baseline_T500,jiang_massdep_baseline,500,6,116,1,OK,50,2,23715,461.62888888888887,461.62888888888887,19.486666666666668,0,786,12.58,48,4,46,2,47,2
tier_speeds_jiang,tierspeed_jiang_massdep_baseline_T500,jiang_massdep_baseline,500,6,116,2,OK,51,2,16360,459.49,459.49,18.8725,0,786,15.39,46,3,46,2,47,2
tier_speeds_jiang,tierspeed_jiang_massdep_baseline_T500,jiang_massdep_baseline,500,6,117,0,OK,54,2,19187,459.13666666666666,459.13666666666666,18.784166666666668,0,786,10.83,43,2,45,2,50,2
tier_speeds_jiang,tierspeed_jiang_massdep_baseline_T500,jiang_massdep_baseline,500,6,117,1,OK,51,2,20141,457.9633333333333,457.9633333333333,18.50722222222222,0,786,13.27,43,2,48,2,49,2
tier_speeds_jiang,tierspeed_jiang_massdep_baseline_T500,jiang_massdep_baseline,500,6,117,2,OK,51,2,19220,460.03,460.03,19.0075,0,786,15.99,43,2,46,2,51,2
tier_speeds_jiang,tierspeed_jiang_massdep_baseline_T500,jiang_massdep_baseline,500,6,118,0,OK,50,1,16197,458.59444444444443,458.59444444444443,18.648611111111112,0,786,11.47,40,4,51,2,49,1
tier_speeds_jiang,tierspeed_jiang_massdep_baseline_T500,jiang_massdep_baseline,500,6,118,1,OK,56,2,40905,460.2944444444444,460.2944444444444,19.197777777777777,0,786,14.95,40,4,46,3,53,2
tier_speeds_jiang,tierspeed_jiang_massdep_baseline_T500,jiang_massdep_baseline,500,6,118,2,OK,54,2,38537,460.00111111111113,460.00111111111113,19.00027777777778,0,786,16.52,40,4,48,3,52,2
tier_speeds_jiang,tierspeed_jiang_massdep_baseline_T500,jiang_massdep_baseline,500,6,119,0,OK,48,5,58620,472.4822222222222,472.4822222222222,22.120555555555555,0,786,14.59,31,14,33,6,40,5
tier_speeds_jiang,tierspeed_jiang_massdep_baseline_T500,jiang_massdep_baseline,500,6,119,1,OK,51,5,60288,469.58444444444444,469.58444444444444,21.62472222222222,0,786,14.33,29,13,45,7,44,5
tier_speeds_jiang,tierspeed_jiang_massdep_baseline_T500,jiang_massdep_baseline,500,6,119,2,OK,46,4,46969,473.70444444444445,473.70444444444445,22.426111111111112,0,786,15.97,30,14,38,4,39,4
tier_speeds_jiang,tierspeed_jiang_massdep_baseline_T500,jiang_massdep_baseline,500,6,120,0,OK,60,0,7094,443.37,443.37,14.911944444444444,0,786,15.24,54,0,56,0,60,0
tier_speeds_jiang,tierspeed_jiang_massdep_baseline_T500,jiang_massdep_baseline,500,6,120,1,OK,60,0,7196,446.0988888888889,446.0988888888889,15.744166666666667,0,786,14.13,51,0,54,0,58,0
tier_speeds_jiang,tierspeed_jiang_massdep_baseline_T500,jiang_massdep_baseline,500,6,120,2,OK,54,0,7128,446.99888888888887,446.99888888888887,16.27611111111111,0,786,17.57,41,0,45,0,50,0
tier_speeds_jiang,tierspeed_jiang_massdep_baseline_T500,jiang_massdep_baseline,500,6,121,0,OK,87,0,5695,419.04555555555555,419.04555555555555,8.8725,0,786,18.53,82,0,86,0,87,0
tier_speeds_jiang,tierspeed_jiang_massdep_baseline_T500,jiang_massdep_baseline,500,6,121,1,OK,83,0,5623,420.39,420.39,9.379722222222222,0,786,16.81,81,0,83,0,83,0
tier_speeds_jiang,tierspeed_jiang_massdep_baseline_T500,jiang_massdep_baseline,500,6,121,2,OK,84,0,6198,421.9377777777778,421.9377777777778,9.550555555555556,0,786,14.26,82,0,82,0,83,0
tier_speeds_jiang,tierspeed_jiang_massdep_baseline_T500,jiang_massdep_baseline,500,6,122,0,OK,67,0,7159,435.0466666666667,435.0466666666667,12.770277777777778,0,786,14.87,61,0,64,0,67,0
tier_speeds_jiang,tierspeed_jiang_massdep_baseline_T500,jiang_massdep_baseline,500,6,122,1,OK,67,0,7178,436.3211111111111,436.3211111111111,13.1825,0,786,14.16,59,0,61,0,63,0
tier_speeds_jiang,tierspeed_jiang_massdep_baseline_T500,jiang_massdep_baseline,500,6,122,2,OK,65,0,6938,439.74555555555554,439.74555555555554,13.94111111111111,0,786,14.07,57,0,63,0,64,0
tier_speeds_jiang,tierspeed_jiang_massdep_baseline_T500,jiang_massdep_baseline,500,6,123,0,OK,59,1,16630,448.77444444444444,448.77444444444444,16.240833333333335,0,786,12.79,53,1,55,1,57,1
tier_speeds_jiang,tierspeed_jiang_massdep_baseline_T500,jiang_massdep_baseline,500,6,123,1,OK,66,1,19884,446.5288888888889,446.5288888888889,15.70111111111111,0,786,14.91,56,2,62,1,65,1
tier_speeds_jiang,tierspeed_jiang_massdep_baseline_T500,jiang_massdep_baseline,500,6,123,2,OK,54,0,6973,444.15222222222224,444.15222222222224,15.105555555555556,0,786,15.03,51,1,52,0,53,0
tier_speeds_jiang,tierspeed_jiang_massdep_baseline_T500,jiang_massdep_baseline,500,6,124,0,OK,47,0,7136,449.13666666666666,449.13666666666666,16.564722222222223,0,786,14.28,32,0,41,0,44,0
tier_speeds_jiang,tierspeed_jiang_massdep_baseline_T500,jiang_massdep_baseline,500,6,124,1,OK,46,0,7106,447.14,447.14,15.965833333333334,0,786,17.44,32,0,37,0,42,0
tier_speeds_jiang,tierspeed_jiang_massdep_baseline_T500,jiang_massdep_baseline,500,6,124,2,OK,44,0,7200,450.6355555555556,450.6355555555556,16.968055555555555,0,786,14.91,32,0,39,0,43,0
tier_speeds_jiang,tierspeed_jiang_massdep_baseline_T500,jiang_massdep_baseline,500,6,125,0,OK,55,1,26623,454.7522222222222,454.7522222222222,17.844166666666666,0,786,12.93,50,3,53,3,55,3
tier_speeds_jiang,tierspeed_jiang_massdep_baseline_T500,jiang_massdep_baseline,500,6,125,1,OK,50,2,29802,458.81111111111113,458.81111111111113,19.10861111111111,0,786,15.25,42,2,45,2,50,2
tier_speeds_jiang,tierspeed_jiang_massdep_baseline_T500,jiang_massdep_baseline,500,6,125,2,OK,51,1,11633,455.2477777777778,455.2477777777778,17.811944444444446,0,786,14.66,49,3,53,2,51,1
tier_speeds_jiang,tierspeed_jiang_massdep_baseline_T500,jiang_massdep_baseline,500,6,126,0,OK,52,0,7151,449.10555555555555,449.10555555555555,16.746388888888887,0,786,15.54,46,1,50,1,51,0
tier_speeds_jiang,tierspeed_jiang_massdep_baseline_T500,jiang_massdep_baseline,500,6,126,1,OK,59,1,26808,449.99666666666667,449.99666666666667,16.5575,0,786,16.64,45,1,50,1,54,1
tier_speeds_jiang,tierspeed_jiang_massdep_baseline_T500,jiang_massdep_baseline,500,6,126,2,OK,51,0,7134,448.7944444444444,448.7944444444444,16.58138888888889,0,786,14.53,47,1,50,1,50,0
tier_speeds_jiang,tierspeed_jiang_massdep_baseline_T500,jiang_massdep_baseline,500,6,127,0,OK,37,0,7199,451.47555555555556,451.47555555555556,16.86888888888889,0,786,12.17,30,4,33,1,36,0
tier_speeds_jiang,tierspeed_jiang_massdep_baseline_T500,jiang_massdep_baseline,500,6,127,1,OK,41,1,22623,452.19,452.19,17.0475,0,786,18.03,32,2,36,2,40,1
tier_speeds_jiang,tierspeed_jiang_massdep_baseline_T500,jiang_massdep_baseline,500,6,127,2,OK,34,0,7156,451.6988888888889,451.6988888888889,16.924722222222222,0,786,12.79,32,2,35,2,35,1
tier_speeds_jiang,tierspeed_jiang_massdep_baseline_T500,jiang_massdep_baseline,500,6,128,0,OK,90,0,6262,416.1411111111111,416.1411111111111,8.393888888888888,0,786,15.45,85,0,89,0,89,0
tier_speeds_jiang,tierspeed_jiang_massdep_baseline_T500,jiang_massdep_baseline,500,6,128,1,OK,91,0,7008,414.6822222222222,414.6822222222222,7.885,0,786,17.33,85,0,88,0,89,0
tier_speeds_jiang,tierspeed_jiang_massdep_baseline_T500,jiang_massdep_baseline,500,6,128,2,OK,89,0,6585,417.7188888888889,417.7188888888889,9.107777777777779,0,786,15.48,84,0,88,0,88,0
tier_speeds_jiang,tierspeed_jiang_massdep_baseline_T500,jiang_massdep_baseline,500,6,129,0,OK,72,0,6999,428.22333333333336,428.22333333333336,11.055833333333334,0,786,15.43,70,0,70,0,72,0
tier_speeds_jiang,tierspeed_jiang_massdep_baseline_T500,jiang_massdep_baseline,500,6,129,1,OK,74,0,6657,430.4633333333333,430.4633333333333,11.681111111111111,0,786,16.32,67,0,71,0,73,0
tier_speeds_jiang,tierspeed_jiang_massdep_baseline_T500,jiang_massdep_baseline,500,6,129,2,OK,73,0,7134,429.6333333333333,429.6333333333333,11.823611111111111,0,786,14.92,67,0,70,0,71,0
tier_speeds_jiang,tierspeed_jiang_massdep_baseline_T500,jiang_massdep_baseline,500,6,130,0,OK,51,3,30774,453.68666666666667,453.68666666666667,17.531388888888888,0,786,13.57,42,3,47,3,50,3
tier_speeds_jiang,tierspeed_jiang_massdep_baseline_T500,jiang_massdep_baseline,500,6,130,1,OK,54,2,45188,459.18333333333334,459.18333333333334,18.795833333333334,0,786,15.75,44,4,46,4,54,2
tier_speeds_jiang,tierspeed_jiang_massdep_baseline_T500,jiang_massdep_baseline,500,6,130,2,OK,53,2,22485,450.8855555555556,450.8855555555556,16.949444444444445,0,786,13.58,46,2,50,2,50,2
tier_speeds_jiang,tierspeed_jiang_massdep_baseline_T500,jiang_massdep_baseline,500,7,101,0,OK,96,0,427,444.81444444444446,444.81444444444446,2.7888888888888888,0,786,12.83,96,0,96,0,96,0
tier_speeds_jiang,tierspeed_jiang_massdep_baseline_T500,jiang_massdep_baseline,500,7,102,0,OK,97,0,0,448.8433333333333,448.8433333333333,3.522222222222222,0,786,13.74,96,0,96,0,96,0
tier_speeds_jiang,tierspeed_jiang_massdep_baseline_T500,jiang_massdep_baseline,500,7,103,0,OK,97,0,0,433.8355555555556,433.8355555555556,3.2872222222222223,0,786,13.69,97,0,97,0,97,0
tier_speeds_jiang,tierspeed_jiang_massdep_baseline_T500,jiang_massdep_baseline,500,7,104,0,OK,97,0,0,443.24333333333334,443.24333333333334,4.152777777777778,0,786,12.56,96,0,97,0,97,0
tier_speeds_jiang,tierspeed_jiang_massdep_baseline_T500,jiang_massdep_baseline,500,7,105,0,OK,97,0,0,410.62666666666667,410.62666666666667,3.6225,0,786,12.54,97,0,97,0,97,0
tier_speeds_jiang,tierspeed_jiang_massdep_baseline_T500,jiang_massdep_baseline,500,7,106,0,OK,97,0,0,441.88,441.88,2.3030555555555554,0,786,15.07,95,0,97,0,97,0
tier_speeds_jiang,tierspeed_jiang_massdep_baseline_T500,jiang_massdep_baseline,500,7,107,0,OK,97,0,0,406.96444444444444,406.96444444444444,1.5533333333333332,0,786,14.39,97,0,97,0,97,0
tier_speeds_jiang,tierspeed_jiang_massdep_baseline_T500,jiang_massdep_baseline,500,7,108,0,OK,97,0,0,430.7577777777778,430.7577777777778,4.416111111111111,0,786,13.1,97,0,97,0,97,0
tier_speeds_jiang,tierspeed_jiang_massdep_baseline_T500,jiang_massdep_baseline,500,7,109,0,OK,97,0,0,419.90777777777777,419.90777777777777,3.3697222222222223,0,786,9.72,97,0,97,0,97,0
tier_speeds_jiang,tierspeed_jiang_massdep_baseline_T500,jiang_massdep_baseline,500,7,110,0,OK,97,0,0,432.45,432.45,2.835277777777778,0,786,14.25,97,0,97,0,97,0
tier_speeds_jiang,tierspeed_jiang_massdep_baseline_T500,jiang_massdep_baseline,500,7,111,0,OK,97,0,0,439.23777777777775,439.23777777777775,3.395,0,786,14.61,97,0,97,0,97,0
tier_speeds_jiang,tierspeed_jiang_massdep_baseline_T500,jiang_massdep_baseline,500,7,112,0,OK,95,0,1083,467.18111111111114,467.18111111111114,5.665277777777778,0,786,12.96,93,0,95,0,95,0
tier_speeds_jiang,tierspeed_jiang_massdep_baseline_T500,jiang_massdep_baseline,500,7,113,0,OK,97,0,0,443.4411111111111,443.4411111111111,3.8722222222222222,0,786,13.21,96,0,97,0,97,0
tier_speeds_jiang,tierspeed_jiang_massdep_baseline_T500,jiang_massdep_baseline,500,7,114,0,OK,97,0,0,443.21222222222224,443.21222222222224,2.711388888888889,0,786,12.86,95,0,96,0,96,0
tier_speeds_jiang,tierspeed_jiang_massdep_baseline_T500,jiang_massdep_baseline,500,7,115,0,OK,97,0,0,447.6533333333333,447.6533333333333,4.942777777777778,0,786,13.18,96,0,97,0,97,0
tier_speeds_jiang,tierspeed_jiang_massdep_baseline_T500,jiang_massdep_baseline,500,7,116,0,OK,97,0,0,447.7211111111111,447.7211111111111,3.406111111111111,0,786,13.73,97,0,97,0,97,0
tier_speeds_jiang,tierspeed_jiang_massdep_baseline_T500,jiang_massdep_baseline,500,7,117,0,OK,97,0,0,451.72222222222223,451.72222222222223,3.6841666666666666,0,786,13.43,96,0,97,0,97,0
tier_speeds_jiang,tierspeed_jiang_massdep_baseline_T500,jiang_massdep_baseline,500,7,118,0,OK,97,0,0,454.84555555555556,454.84555555555556,5.606944444444444,0,786,13.8,96,0,96,0,97,0
tier_speeds_jiang,tierspeed_jiang_massdep_baseline_T500,jiang_massdep_baseline,500,7,119,0,OK,89,0,7088,470.65222222222224,470.65222222222224,6.038333333333333,0,786,11.63,86,0,88,0,88,0
tier_speeds_jiang,tierspeed_jiang_massdep_baseline_T500,jiang_massdep_baseline,500,7,120,0,OK,97,0,0,433.75555555555553,433.75555555555553,4.165555555555556,0,786,11.91,97,0,97,0,97,0
tier_speeds_jiang,tierspeed_jiang_massdep_baseline_T500,jiang_massdep_baseline,500,7,121,0,OK,97,0,0,408.62333333333333,408.62333333333333,2.7797222222222224,0,786,14.68,97,0,97,0,97,0
tier_speeds_jiang,tierspeed_jiang_massdep_baseline_T500,jiang_massdep_baseline,500,7,122,0,OK,97,0,0,424.8933333333333,424.8933333333333,2.1441666666666666,0,786,14.26,97,0,97,0,97,0
tier_speeds_jiang,tierspeed_jiang_massdep_baseline_T500,jiang_massdep_baseline,500,7,123,0,OK,97,0,0,439.5288888888889,439.5288888888889,2.9830555555555556,0,786,13.76,97,0,97,0,97,0
tier_speeds_jiang,tierspeed_jiang_massdep_baseline_T500,jiang_massdep_baseline,500,7,124,0,OK,97,0,0,434.6177777777778,434.6177777777778,2.8930555555555557,0,786,15.34,97,0,97,0,97,0
tier_speeds_jiang,tierspeed_jiang_massdep_baseline_T500,jiang_massdep_baseline,500,7,125,0,OK,97,0,0,447.89666666666665,447.89666666666665,4.3933333333333335,0,786,13.16,96,0,97,0,97,0
tier_speeds_jiang,tierspeed_jiang_massdep_baseline_T500,jiang_massdep_baseline,500,7,126,0,OK,97,0,0,445.70666666666665,445.70666666666665,3.902222222222222,0,786,12.85,96,0,96,0,97,0
tier_speeds_jiang,tierspeed_jiang_massdep_baseline_T500,jiang_massdep_baseline,500,7,127,0,OK,96,0,638,448.6566666666667,448.6566666666667,2.6755555555555555,0,786,12.31,94,0,95,0,95,0
tier_speeds_jiang,tierspeed_jiang_massdep_baseline_T500,jiang_massdep_baseline,500,7,128,0,OK,97,0,0,405.55444444444447,405.55444444444447,1.7630555555555556,0,786,12.63,97,0,97,0,97,0
tier_speeds_jiang,tierspeed_jiang_massdep_baseline_T500,jiang_massdep_baseline,500,7,129,0,OK,97,0,0,415.0722222222222,415.0722222222222,1.386388888888889,0,786,14.53,97,0,97,0,97,0
tier_speeds_jiang,tierspeed_jiang_massdep_baseline_T500,jiang_massdep_baseline,500,7,130,0,OK,97,0,0,444.20222222222225,444.20222222222225,2.712222222222222,0,786,12.82,96,0,97,0,97,0
tier_speeds_jiang,tierspeed_jiang_massdep_baseline_T500,jiang_massdep_baseline,500,8,101,0,OK,97,0,0,435.61333333333334,435.61333333333334,1.7733333333333334,0,786,15.2,97,0,97,0,97,0
tier_speeds_jiang,tierspeed_jiang_massdep_baseline_T500,jiang_massdep_baseline,500,8,102,0,OK,97,0,0,440.1222222222222,440.1222222222222,2.88,0,786,13.58,97,0,97,0,97,0
tier_speeds_jiang,tierspeed_jiang_massdep_baseline_T500,jiang_massdep_baseline,500,8,103,0,OK,97,0,0,431.82444444444445,431.82444444444445,3.251388888888889,0,786,14.27,97,0,97,0,97,0
tier_speeds_jiang,tierspeed_jiang_massdep_baseline_T500,jiang_massdep_baseline,500,8,104,0,OK,97,0,0,436.49,436.49,3.4969444444444444,0,786,14.91,97,0,97,0,97,0
tier_speeds_jiang,tierspeed_jiang_massdep_baseline_T500,jiang_massdep_baseline,500,8,105,0,OK,97,0,0,408.62333333333333,408.62333333333333,3.443611111111111,0,786,14.41,97,0,97,0,97,0
tier_speeds_jiang,tierspeed_jiang_massdep_baseline_T500,jiang_massdep_baseline,500,8,106,0,OK,97,0,0,437.1377777777778,437.1377777777778,2.368611111111111,0,786,13.03,97,0,97,0,97,0
tier_speeds_jiang,tierspeed_jiang_massdep_baseline_T500,jiang_massdep_baseline,500,8,107,0,OK,97,0,0,404.29777777777775,404.29777777777775,2.582222222222222,0,786,12.54,97,0,97,0,97,0
tier_speeds_jiang,tierspeed_jiang_massdep_baseline_T500,jiang_massdep_baseline,500,8,108,0,OK,97,0,0,427.89666666666665,427.89666666666665,2.176388888888889,0,786,12.26,97,0,97,0,97,0
tier_speeds_jiang,tierspeed_jiang_massdep_baseline_T500,jiang_massdep_baseline,500,8,109,0,OK,97,0,0,418.11,418.11,1.8783333333333334,0,786,12.72,97,0,97,0,97,0
tier_speeds_jiang,tierspeed_jiang_massdep_baseline_T500,jiang_massdep_baseline,500,8,110,0,OK,97,0,0,428.3277777777778,428.3277777777778,1.2394444444444443,0,786,14.0,97,0,97,0,97,0
tier_speeds_jiang,tierspeed_jiang_massdep_baseline_T500,jiang_massdep_baseline,500,8,111,0,OK,97,0,0,433.3666666666667,433.3666666666667,3.4363888888888887,0,786,13.96,97,0,97,0,97,0
tier_speeds_jiang,tierspeed_jiang_massdep_baseline_T500,jiang_massdep_baseline,500,8,112,0,OK,97,0,0,458.3522222222222,458.3522222222222,2.555277777777778,0,786,14.7,97,0,97,0,97,0
tier_speeds_jiang,tierspeed_jiang_massdep_baseline_T500,jiang_massdep_baseline,500,8,113,0,OK,97,0,0,436.38666666666666,436.38666666666666,3.069722222222222,0,786,11.69,97,0,97,0,97,0
tier_speeds_jiang,tierspeed_jiang_massdep_baseline_T500,jiang_massdep_baseline,500,8,114,0,OK,97,0,0,437.6822222222222,437.6822222222222,1.8883333333333334,0,786,14.89,97,0,97,0,97,0
tier_speeds_jiang,tierspeed_jiang_massdep_baseline_T500,jiang_massdep_baseline,500,8,115,0,OK,97,0,0,441.94666666666666,441.94666666666666,4.094166666666666,0,786,14.22,97,0,97,0,97,0
tier_speeds_jiang,tierspeed_jiang_massdep_baseline_T500,jiang_massdep_baseline,500,8,116,0,OK,97,0,0,443.06666666666666,443.06666666666666,2.8161111111111112,0,786,13.84,97,0,97,0,97,0
tier_speeds_jiang,tierspeed_jiang_massdep_baseline_T500,jiang_massdep_baseline,500,8,117,0,OK,97,0,0,442.4633333333333,442.4633333333333,3.0844444444444443,0,786,13.79,97,0,97,0,97,0
tier_speeds_jiang,tierspeed_jiang_massdep_baseline_T500,jiang_massdep_baseline,500,8,118,0,OK,97,0,0,442.55333333333334,442.55333333333334,1.4194444444444445,0,786,12.55,97,0,97,0,97,0
tier_speeds_jiang,tierspeed_jiang_massdep_baseline_T500,jiang_massdep_baseline,500,8,119,0,OK,97,0,0,456.96666666666664,456.96666666666664,2.793888888888889,0,786,12.51,97,0,97,0,97,0
tier_speeds_jiang,tierspeed_jiang_massdep_baseline_T500,jiang_massdep_baseline,500,8,120,0,OK,97,0,0,430.7922222222222,430.7922222222222,2.183611111111111,0,786,15.05,97,0,97,0,97,0
tier_speeds_jiang,tierspeed_jiang_massdep_baseline_T500,jiang_massdep_baseline,500,8,121,0,OK,97,0,0,406.2733333333333,406.2733333333333,1.9805555555555556,0,786,14.02,97,0,97,0,97,0
tier_speeds_jiang,tierspeed_jiang_massdep_baseline_T500,jiang_massdep_baseline,500,8,122,0,OK,97,0,0,421.19666666666666,421.19666666666666,1.6108333333333333,0,786,13.17,97,0,97,0,97,0
tier_speeds_jiang,tierspeed_jiang_massdep_baseline_T500,jiang_massdep_baseline,500,8,123,0,OK,97,0,0,432.6511111111111,432.6511111111111,2.868333333333333,0,786,12.6,97,0,97,0,97,0
tier_speeds_jiang,tierspeed_jiang_massdep_baseline_T500,jiang_massdep_baseline,500,8,124,0,OK,97,0,0,429.8088888888889,429.8088888888889,2.3555555555555556,0,786,13.88,97,0,97,0,97,0
tier_speeds_jiang,tierspeed_jiang_massdep_baseline_T500,jiang_massdep_baseline,500,8,125,0,OK,97,0,0,436.3277777777778,436.3277777777778,2.66,0,786,14.76,97,0,97,0,97,0
tier_speeds_jiang,tierspeed_jiang_massdep_baseline_T500,jiang_massdep_baseline,500,8,126,0,OK,97,0,0,433.3411111111111,433.3411111111111,2.1519444444444447,0,786,14.22,97,0,97,0,97,0
tier_speeds_jiang,tierspeed_jiang_massdep_baseline_T500,jiang_massdep_baseline,500,8,127,0,OK,97,0,0,443.3911111111111,443.3911111111111,3.049166666666667,0,786,13.81,97,0,97,0,97,0
tier_speeds_jiang,tierspeed_jiang_massdep_baseline_T500,jiang_massdep_baseline,500,8,128,0,OK,97,0,0,402.90777777777777,402.90777777777777,3.0269444444444447,0,786,13.95,97,0,97,0,97,0
tier_speeds_jiang,tierspeed_jiang_massdep_baseline_T500,jiang_massdep_baseline,500,8,129,0,OK,97,0,0,412.15222222222224,412.15222222222224,1.7019444444444445,0,786,11.91,97,0,97,0,97,0
tier_speeds_jiang,tierspeed_jiang_massdep_baseline_T500,jiang_massdep_baseline,500,8,130,0,OK,97,0,0,435.18888888888887,435.18888888888887,0.9686111111111111,0,786,13.25,97,0,97,0,97,0
tier_speeds_jiang,tierspeed_jiang_massdep_baseline_MX1,jiang_massdep_baseline,MX1,10,101,0,OK,97,0,0,564.7822222222222,467.2944444444444,2.186111111111111,17,786,26.42,97,0,97,0,97,0
tier_speeds_jiang,tierspeed_jiang_massdep_baseline_MX1,jiang_massdep_baseline,MX1,10,102,0,OK,94,0,6335,586.5155555555556,481.56,4.764166666666667,19,786,23.13,94,0,94,0,94,0
tier_speeds_jiang,tierspeed_jiang_massdep_baseline_MX1,jiang_massdep_baseline,MX1,10,103,0,OK,97,0,0,557.3288888888889,459.1433333333333,3.7733333333333334,16,786,26.25,97,0,97,0,97,0
tier_speeds_jiang,tierspeed_jiang_massdep_baseline_MX1,jiang_massdep_baseline,MX1,10,104,0,OK,97,0,0,567.5377777777778,465.6766666666667,2.465,19,786,25.25,97,0,97,0,97,0
tier_speeds_jiang,tierspeed_jiang_massdep_baseline_MX1,jiang_massdep_baseline,MX1,10,105,0,OK,97,0,0,476.6688888888889,424.28777777777776,2.640277777777778,9,786,22.78,97,0,97,0,97,0
tier_speeds_jiang,tierspeed_jiang_massdep_baseline_MX1,jiang_massdep_baseline,MX1,10,106,0,OK,97,0,0,539.71,460.3311111111111,0.8022222222222222,13,786,23.97,97,0,97,0,97,0
tier_speeds_jiang,tierspeed_jiang_massdep_baseline_MX1,jiang_massdep_baseline,MX1,10,107,0,OK,97,0,0,485.6044444444444,420.77,1.978888888888889,12,786,22.72,97,0,97,0,97,0
tier_speeds_jiang,tierspeed_jiang_massdep_baseline_MX1,jiang_massdep_baseline,MX1,10,108,0,OK,97,0,0,521.3633333333333,448.4144444444444,3.327777777777778,13,786,21.58,97,0,97,0,97,0
tier_speeds_jiang,tierspeed_jiang_massdep_baseline_MX1,jiang_massdep_baseline,MX1,10,109,0,OK,97,0,0,498.3644444444444,434.25333333333333,1.5444444444444445,12,786,24.32,97,0,97,0,97,0
tier_speeds_jiang,tierspeed_jiang_massdep_baseline_MX1,jiang_massdep_baseline,MX1,10,110,0,OK,97,0,0,538.3788888888889,452.9577777777778,1.5172222222222222,15,786,24.48,97,0,97,0,97,0
tier_speeds_jiang,tierspeed_jiang_massdep_baseline_MX1,jiang_massdep_baseline,MX1,10,111,0,OK,97,0,0,546.1688888888889,462.7677777777778,2.758888888888889,15,786,19.97,97,0,97,0,97,0
tier_speeds_jiang,tierspeed_jiang_massdep_baseline_MX1,jiang_massdep_baseline,MX1,10,112,0,OK,96,0,951,626.7511111111111,504.28222222222223,2.6883333333333335,20,786,25.2,94,0,95,0,96,0
tier_speeds_jiang,tierspeed_jiang_massdep_baseline_MX1,jiang_massdep_baseline,MX1,10,113,0,OK,97,0,0,543.2244444444444,461.22333333333336,3.8969444444444443,15,786,21.04,97,0,97,0,97,0
tier_speeds_jiang,tierspeed_jiang_massdep_baseline_MX1,jiang_massdep_baseline,MX1,10,114,0,OK,96,0,245,568.0644444444445,469.99888888888887,1.3322222222222222,17,786,20.92,96,0,96,0,96,0
tier_speeds_jiang,tierspeed_jiang_massdep_baseline_MX1,jiang_massdep_baseline,MX1,10,115,0,OK,97,0,0,601.2555555555556,477.49333333333334,8.451666666666666,21,786,25.88,95,0,95,0,96,0
tier_speeds_jiang,tierspeed_jiang_massdep_baseline_MX1,jiang_massdep_baseline,MX1,10,116,0,OK,95,0,3973,605.9255555555555,492.3088888888889,4.048055555555556,20,786,24.53,94,0,95,0,95,0
tier_speeds_jiang,tierspeed_jiang_massdep_baseline_MX1,jiang_massdep_baseline,MX1,10,117,0,OK,97,0,0,523.8744444444444,461.6088888888889,3.733611111111111,11,786,17.85,97,0,97,0,97,0
tier_speeds_jiang,tierspeed_jiang_massdep_baseline_MX1,jiang_massdep_baseline,MX1,10,118,0,OK,96,0,2191,608.5033333333333,493.61,2.548611111111111,20,786,24.06,95,0,95,0,96,0
tier_speeds_jiang,tierspeed_jiang_massdep_baseline_MX1,jiang_massdep_baseline,MX1,10,119,0,OK,96,0,712,599.2977777777778,492.07444444444445,5.4911111111111115,18,786,18.37,95,0,96,0,96,0
tier_speeds_jiang,tierspeed_jiang_massdep_baseline_MX1,jiang_massdep_baseline,MX1,10,120,0,OK,97,0,0,540.5611111111111,454.48,2.983888888888889,15,786,24.28,97,0,97,0,97,0
tier_speeds_jiang,tierspeed_jiang_massdep_baseline_MX1,jiang_massdep_baseline,MX1,10,121,0,OK,97,0,0,422.5511111111111,407.70444444444445,1.9944444444444445,3,786,16.42,97,0,97,0,97,0
tier_speeds_jiang,tierspeed_jiang_massdep_baseline_MX1,jiang_massdep_baseline,MX1,10,122,0,OK,97,0,0,445.34555555555556,427.86555555555555,1.55,3,786,17.59,97,0,97,0,97,0
tier_speeds_jiang,tierspeed_jiang_massdep_baseline_MX1,jiang_massdep_baseline,MX1,10,123,0,OK,97,0,0,533.9644444444444,452.87666666666667,1.2802777777777778,13,786,19.2,97,0,97,0,97,0
tier_speeds_jiang,tierspeed_jiang_massdep_baseline_MX1,jiang_massdep_baseline,MX1,10,124,0,OK,97,0,0,542.1755555555555,458.73777777777775,2.6102777777777777,15,786,23.98,97,0,97,0,97,0
tier_speeds_jiang,tierspeed_jiang_massdep_baseline_MX1,jiang_massdep_baseline,MX1,10,125,0,OK,91,0,6124,658.7488888888889,502.28,13.563333333333333,29,786,29.06,88,0,89,0,90,0
tier_speeds_jiang,tierspeed_jiang_massdep_baseline_MX1,jiang_massdep_baseline,MX1,10,126,0,OK,97,0,0,589.5566666666666,474.6622222222222,6.739444444444445,21,786,26.16,96,0,96,0,97,0
tier_speeds_jiang,tierspeed_jiang_massdep_baseline_MX1,jiang_massdep_baseline,MX1,10,127,0,OK,96,0,1334,548.4444444444445,469.2922222222222,1.1169444444444445,13,786,20.07,95,0,96,0,96,0
tier_speeds_jiang,tierspeed_jiang_massdep_baseline_MX1,jiang_massdep_baseline,MX1,10,128,0,OK,97,0,0,487.06,419.77555555555557,1.7855555555555556,12,786,19.8,97,0,97,0,97,0
tier_speeds_jiang,tierspeed_jiang_massdep_baseline_MX1,jiang_massdep_baseline,MX1,10,129,0,OK,97,0,0,496.21444444444444,432.65222222222224,1.5208333333333333,11,786,22.56,97,0,97,0,97,0
tier_speeds_jiang,tierspeed_jiang_massdep_baseline_MX1,jiang_massdep_baseline,MX1,10,130,0,OK,97,0,0,575.4666666666667,466.2133333333333,2.3055555555555554,19,786,24.19,97,0,97,0,97,0
tier_speeds_jiang,tierspeed_jiang_massdep_baseline_MX1,jiang_massdep_baseline,MX1,8,101,0,OK,73,0,7011,564.91,481.5855555555556,13.319722222222222,14,786,27.88,66,0,67,0,71,0
tier_speeds_jiang,tierspeed_jiang_massdep_baseline_MX1,jiang_massdep_baseline,MX1,8,101,1,OK,73,0,7194,566.68,478.9588888888889,13.67,16,786,27.48,67,0,69,0,71,0
tier_speeds_jiang,tierspeed_jiang_massdep_baseline_MX1,jiang_massdep_baseline,MX1,8,101,2,OK,71,0,7180,572.0933333333334,477.64,15.045555555555556,16,786,27.92,67,0,67,0,69,0
tier_speeds_jiang,tierspeed_jiang_massdep_baseline_MX1,jiang_massdep_baseline,MX1,8,102,0,OK,64,0,7196,574.8977777777778,480.19666666666666,16.295,17,786,33.38,61,0,61,0,64,0
tier_speeds_jiang,tierspeed_jiang_massdep_baseline_MX1,jiang_massdep_baseline,MX1,8,102,1,OK,66,0,7078,584.4255555555555,491.26222222222225,18.191388888888888,17,786,36.27,61,0,62,0,62,0
tier_speeds_jiang,tierspeed_jiang_massdep_baseline_MX1,jiang_massdep_baseline,MX1,8,102,2,OK,68,0,7199,579.7277777777778,482.74333333333334,17.209444444444443,17,786,32.86,62,0,64,0,68,0
tier_speeds_jiang,tierspeed_jiang_massdep_baseline_MX1,jiang_massdep_baseline,MX1,8,103,0,OK,81,0,7089,571.0088888888889,476.94666666666666,16.008055555555554,16,786,27.38,74,0,77,0,77,0
tier_speeds_jiang,tierspeed_jiang_massdep_baseline_MX1,jiang_massdep_baseline,MX1,8,103,1,OK,82,0,6107,571.9655555555555,479.6322222222222,15.755833333333333,16,786,28.36,74,0,77,0,79,0
tier_speeds_jiang,tierspeed_jiang_massdep_baseline_MX1,jiang_massdep_baseline,MX1,8,103,2,OK,80,0,7073,582.4777777777778,487.7633333333333,19.750833333333333,17,786,33.58,73,0,73,0,77,0
tier_speeds_jiang,tierspeed_jiang_massdep_baseline_MX1,jiang_massdep_baseline,MX1,8,104,0,OK,75,0,6909,567.9722222222222,477.1611111111111,16.738055555555555,15,786,23.1,69,1,68,0,70,0
tier_speeds_jiang,tierspeed_jiang_massdep_baseline_MX1,jiang_massdep_baseline,MX1,8,104,1,OK,72,0,7180,576.9511111111111,481.6144444444444,18.289166666666667,17,786,29.85,66,0,66,0,69,0
tier_speeds_jiang,tierspeed_jiang_massdep_baseline_MX1,jiang_massdep_baseline,MX1,8,104,2,OK,74,0,7094,578.0955555555555,482.3311111111111,18.230555555555554,17,786,27.98,69,0,69,0,70,0
tier_speeds_jiang,tierspeed_jiang_massdep_baseline_MX1,jiang_massdep_baseline,MX1,8,105,0,OK,96,0,6202,489.7077777777778,432.30555555555554,6.8438888888888885,10,786,27.12,93,0,94,0,95,0
tier_speeds_jiang,tierspeed_jiang_massdep_baseline_MX1,jiang_massdep_baseline,MX1,8,105,1,OK,96,0,6202,489.39444444444445,431.9922222222222,6.059444444444445,10,786,28.74,94,0,95,0,96,0
tier_speeds_jiang,tierspeed_jiang_massdep_baseline_MX1,jiang_massdep_baseline,MX1,8,105,2,OK,96,0,6202,497.2811111111111,434.8288888888889,7.118333333333333,11,786,23.98,93,0,94,0,94,0
tier_speeds_jiang,tierspeed_jiang_massdep_baseline_MX1,jiang_massdep_baseline,MX1,8,106,0,OK,75,0,6964,554.2566666666667,474.6533333333333,11.414444444444445,13,786,30.42,66,0,68,0,71,0
tier_speeds_jiang,tierspeed_jiang_massdep_baseline_MX1,jiang_massdep_baseline,MX1,8,106,1,OK,75,0,6999,551.18,472.96,12.561111111111112,12,786,24.39,70,0,72,0,72,0
tier_speeds_jiang,tierspeed_jiang_massdep_baseline_MX1,jiang_massdep_baseline,MX1,8,106,2,OK,76,0,6760,550.1655555555556,478.15777777777777,10.456111111111111,12,786,24.06,73,0,74,0,74,0
tier_speeds_jiang,tierspeed_jiang_massdep_baseline_MX1,jiang_massdep_baseline,MX1,8,107,0,OK,94,0,6196,515.4544444444444,441.31,3.9425,13,786,27.29,91,0,91,0,92,0
tier_speeds_jiang,tierspeed_jiang_massdep_baseline_MX1,jiang_massdep_baseline,MX1,8,107,1,OK,94,0,6118,512.7122222222222,437.96777777777777,4.1755555555555555,13,786,24.82,92,0,92,0,94,0
tier_speeds_jiang,tierspeed_jiang_massdep_baseline_MX1,jiang_massdep_baseline,MX1,8,107,2,OK,94,0,6556,510.12555555555554,437.28777777777776,2.861388888888889,13,786,28.03,92,0,93,0,94,0
tier_speeds_jiang,tierspeed_jiang_massdep_baseline_MX1,jiang_massdep_baseline,MX1,8,108,0,OK,95,0,7018,534.04,462.67333333333335,8.758333333333333,13,786,23.65,89,0,92,0,94,0
tier_speeds_jiang,tierspeed_jiang_massdep_baseline_MX1,jiang_massdep_baseline,MX1,8,108,1,OK,93,0,6474,538.6844444444445,464.09222222222223,9.073888888888888,13,786,29.26,90,0,91,0,91,0
tier_speeds_jiang,tierspeed_jiang_massdep_baseline_MX1,jiang_massdep_baseline,MX1,8,108,2,OK,92,0,5914,535.1666666666666,465.81333333333333,9.885,12,786,31.17,91,0,92,0,92,0
tier_speeds_jiang,tierspeed_jiang_massdep_baseline_MX1,jiang_massdep_baseline,MX1,8,109,0,OK,97,0,0,522.2966666666666,458.5444444444444,4.975555555555555,12,786,26.94,91,0,94,0,96,0
tier_speeds_jiang,tierspeed_jiang_massdep_baseline_MX1,jiang_massdep_baseline,MX1,8,109,1,OK,95,0,1676,530.8133333333334,457.04777777777775,5.820277777777778,14,786,27.95,91,0,93,0,94,0
tier_speeds_jiang,tierspeed_jiang_massdep_baseline_MX1,jiang_massdep_baseline,MX1,8,109,2,OK,96,0,1096,523.3333333333334,451.65222222222224,3.919722222222222,14,786,25.34,92,0,95,0,96,0
tier_speeds_jiang,tierspeed_jiang_massdep_baseline_MX1,jiang_massdep_baseline,MX1,8,110,0,OK,83,0,6978,552.3333333333334,469.3177777777778,11.188055555555556,15,786,30.9,80,0,81,0,81,0
tier_speeds_jiang,tierspeed_jiang_massdep_baseline_MX1,jiang_massdep_baseline,MX1,8,110,1,OK,84,0,6409,553.8855555555556,470.0366666666667,10.8125,15,786,23.68,77,0,82,0,83,0
tier_speeds_jiang,tierspeed_jiang_massdep_baseline_MX1,jiang_massdep_baseline,MX1,8,110,2,OK,83,0,6744,545.79,466.08222222222224,9.768055555555556,14,786,27.2,78,0,79,0,80,0
tier_speeds_jiang,tierspeed_jiang_massdep_baseline_MX1,jiang_massdep_baseline,MX1,8,111,0,OK,83,0,6724,552.9633333333334,472.96,10.384444444444444,15,786,30.38,77,0,80,0,82,0
tier_speeds_jiang,tierspeed_jiang_massdep_baseline_MX1,jiang_massdep_baseline,MX1,8,111,1,OK,80,0,7179,550.1811111111111,469.5077777777778,9.970833333333333,13,786,28.08,76,0,77,0,78,0
tier_speeds_jiang,tierspeed_jiang_massdep_baseline_MX1,jiang_massdep_baseline,MX1,8,111,2,OK,76,0,7078,560.3888888888889,478.3988888888889,12.548333333333334,14,786,27.31,74,0,74,0,74,0
tier_speeds_jiang,tierspeed_jiang_massdep_baseline_MX1,jiang_massdep_baseline,MX1,8,112,0,OK,65,3,47944,602.0177777777777,503.97444444444443,22.955277777777777,16,786,33.48,49,4,54,3,59,3
tier_speeds_jiang,tierspeed_jiang_massdep_baseline_MX1,jiang_massdep_baseline,MX1,8,112,1,OK,54,2,51811,628.4922222222223,512.5366666666666,29.123055555555556,19,786,33.55,43,4,50,3,53,2
tier_speeds_jiang,tierspeed_jiang_massdep_baseline_MX1,jiang_massdep_baseline,MX1,8,112,2,OK,62,3,51276,615.9188888888889,512.6055555555556,26.559166666666666,17,786,27.51,46,4,53,4,59,4
tier_speeds_jiang,tierspeed_jiang_massdep_baseline_MX1,jiang_massdep_baseline,MX1,8,113,0,OK,78,0,7183,549.96,474.93888888888887,9.49,13,786,22.67,72,0,74,0,77,0
tier_speeds_jiang,tierspeed_jiang_massdep_baseline_MX1,jiang_massdep_baseline,MX1,8,113,1,OK,79,0,6315,551.4244444444445,477.83666666666664,10.068055555555556,13,786,26.71,75,0,75,0,77,0
tier_speeds_jiang,tierspeed_jiang_massdep_baseline_MX1,jiang_massdep_baseline,MX1,8,113,2,OK,78,0,7092,558.0455555555556,478.75333333333333,12.286666666666667,14,786,24.49,74,0,75,0,75,0
tier_speeds_jiang,tierspeed_jiang_massdep_baseline_MX1,jiang_massdep_baseline,MX1,8,114,0,OK,57,1,23578,567.83,482.8977777777778,14.323611111111111,15,786,33.87,44,1,52,1,54,1
tier_speeds_jiang,tierspeed_jiang_massdep_baseline_MX1,jiang_massdep_baseline,MX1,8,114,1,OK,50,0,7167,572.0888888888888,483.44,15.369722222222222,15,786,26.62,38,0,39,0,45,0
tier_speeds_jiang,tierspeed_jiang_massdep_baseline_MX1,jiang_massdep_baseline,MX1,8,114,2,OK,51,0,7124,575.9333333333333,482.37,16.331666666666667,16,786,26.8,45,0,46,0,47,0
tier_speeds_jiang,tierspeed_jiang_massdep_baseline_MX1,jiang_massdep_baseline,MX1,8,115,0,OK,72,1,16067,611.6522222222222,490.3088888888889,26.685555555555556,21,786,31.39,68,2,66,1,67,1
tier_speeds_jiang,tierspeed_jiang_massdep_baseline_MX1,jiang_massdep_baseline,MX1,8,115,1,OK,71,1,22280,602.4222222222222,485.3288888888889,26.030555555555555,21,786,31.55,68,2,68,2,68,1
tier_speeds_jiang,tierspeed_jiang_massdep_baseline_MX1,jiang_massdep_baseline,MX1,8,115,2,OK,66,1,16393,608.5177777777777,490.0733333333333,27.66,21,786,28.84,58,1,64,1,66,1
tier_speeds_jiang,tierspeed_jiang_massdep_baseline_MX1,jiang_massdep_baseline,MX1,8,116,0,OK,65,2,30234,591.2788888888889,485.24111111111114,19.94611111111111,19,786,34.99,55,3,59,3,62,2
tier_speeds_jiang,tierspeed_jiang_massdep_baseline_MX1,jiang_massdep_baseline,MX1,8,116,1,OK,64,2,30605,597.9477777777778,493.37333333333333,21.7575,18,786,33.95,54,2,54,2,60,2
tier_speeds_jiang,tierspeed_jiang_massdep_baseline_MX1,jiang_massdep_baseline,MX1,8,116,2,OK,53,0,7186,592.3311111111111,487.3544444444444,20.08277777777778,18,786,30.77,48,2,50,0,52,0
tier_speeds_jiang,tierspeed_jiang_massdep_baseline_MX1,jiang_massdep_baseline,MX1,8,117,0,OK,90,0,6586,536.7677777777777,478.3644444444444,7.713611111111111,10,786,27.0,85,0,88,0,88,0
tier_speeds_jiang,tierspeed_jiang_massdep_baseline_MX1,jiang_massdep_baseline,MX1,8,117,1,OK,89,0,6300,536.5566666666666,477.50555555555553,7.101111111111111,10,786,24.88,85,0,88,0,88,0
tier_speeds_jiang,tierspeed_jiang_massdep_baseline_MX1,jiang_massdep_baseline,MX1,8,117,2,OK,89,0,6939,535.1555555555556,477.0311111111111,6.196666666666666,10,786,23.83,84,0,84,0,87,0
tier_speeds_jiang,tierspeed_jiang_massdep_baseline_MX1,jiang_massdep_baseline,MX1,8,118,0,OK,43,2,22966,589.8,487.76444444444445,19.45,18,786,34.88,41,3,41,2,41,2
tier_speeds_jiang,tierspeed_jiang_massdep_baseline_MX1,jiang_massdep_baseline,MX1,8,118,1,OK,47,1,14574,594.1533333333333,490.72222222222223,20.558333333333334,18,786,30.37,45,2,46,1,46,1
tier_speeds_jiang,tierspeed_jiang_massdep_baseline_MX1,jiang_massdep_baseline,MX1,8,118,2,OK,57,3,29435,591.0777777777778,496.76444444444445,20.26888888888889,16,786,27.43,42,4,46,3,50,3
tier_speeds_jiang,tierspeed_jiang_massdep_baseline_MX1,jiang_massdep_baseline,MX1,8,119,0,OK,66,1,17047,601.9366666666666,504.0911111111111,22.945833333333333,16,786,31.64,56,1,56,1,60,1
tier_speeds_jiang,tierspeed_jiang_massdep_baseline_MX1,jiang_massdep_baseline,MX1,8,119,1,OK,60,1,21841,610.4022222222222,503.77444444444444,24.916944444444443,18,786,26.47,56,1,56,1,57,1
tier_speeds_jiang,tierspeed_jiang_massdep_baseline_MX1,jiang_massdep_baseline,MX1,8,119,2,OK,70,2,33379,592.6322222222223,501.0188888888889,22.000555555555554,16,786,29.78,58,2,58,2,62,2
tier_speeds_jiang,tierspeed_jiang_massdep_baseline_MX1,jiang_massdep_baseline,MX1,8,120,0,OK,85,0,6556,558.95,476.7655555555556,14.751666666666667,14,786,25.23,78,0,80,0,83,0
tier_speeds_jiang,tierspeed_jiang_massdep_baseline_MX1,jiang_massdep_baseline,MX1,8,120,1,OK,86,0,5784,549.8488888888888,466.5188888888889,13.875555555555556,15,786,31.56,80,0,80,0,80,0
tier_speeds_jiang,tierspeed_jiang_massdep_baseline_MX1,jiang_massdep_baseline,MX1,8,120,2,OK,87,0,7013,546.1955555555555,468.09555555555556,12.700277777777778,14,786,30.41,78,0,80,0,83,0
tier_speeds_jiang,tierspeed_jiang_massdep_baseline_MX1,jiang_massdep_baseline,MX1,8,121,0,OK,97,0,0,426.0677777777778,411.2211111111111,3.1686111111111113,3,786,27.03,97,0,97,0,97,0
tier_speeds_jiang,tierspeed_jiang_massdep_baseline_MX1,jiang_massdep_baseline,MX1,8,121,1,OK,97,0,0,424.7388888888889,409.89222222222224,2.8169444444444443,3,786,23.85,97,0,97,0,97,0
tier_speeds_jiang,tierspeed_jiang_massdep_baseline_MX1,jiang_massdep_baseline,MX1,8,121,2,OK,97,0,0,426.99666666666667,412.15,2.43,3,786,22.44,97,0,97,0,97,0
tier_speeds_jiang,tierspeed_jiang_massdep_baseline_MX1,jiang_massdep_baseline,MX1,8,122,0,OK,97,0,0,450.1488888888889,432.6688888888889,1.058888888888889,3,786,27.65,97,0,97,0,97,0
tier_speeds_jiang,tierspeed_jiang_massdep_baseline_MX1,jiang_massdep_baseline,MX1,8,122,1,OK,97,0,0,450.0511111111111,432.5711111111111,3.3783333333333334,3,786,21.8,97,0,97,0,97,0
tier_speeds_jiang,tierspeed_jiang_massdep_baseline_MX1,jiang_massdep_baseline,MX1,8,122,2,OK,97,0,0,451.4166666666667,430.2944444444444,2.5436111111111113,4,786,25.48,97,0,97,0,97,0
tier_speeds_jiang,tierspeed_jiang_massdep_baseline_MX1,jiang_massdep_baseline,MX1,8,123,0,OK,88,0,7143,556.3988888888889,480.8211111111111,11.34361111111111,12,786,29.3,82,0,86,0,86,0
tier_speeds_jiang,tierspeed_jiang_massdep_baseline_MX1,jiang_massdep_baseline,MX1,8,123,1,OK,89,0,5772,547.5622222222222,468.4811111111111,9.471666666666666,13,786,28.68,83,0,87,0,88,0
tier_speeds_jiang,tierspeed_jiang_massdep_baseline_MX1,jiang_massdep_baseline,MX1,8,123,2,OK,88,0,6041,547.8844444444444,469.9488888888889,9.238055555555556,12,786,24.96,84,0,87,0,87,0
tier_speeds_jiang,tierspeed_jiang_massdep_baseline_MX1,jiang_massdep_baseline,MX1,8,124,0,OK,84,0,5735,550.0277777777778,471.50444444444446,10.06611111111111,13,786,24.81,80,0,81,0,81,0
tier_speeds_jiang,tierspeed_jiang_massdep_baseline_MX1,jiang_massdep_baseline,MX1,8,124,1,OK,84,0,6857,545.0255555555556,469.46222222222224,8.940833333333334,13,786,25.74,79,0,80,0,83,0
tier_speeds_jiang,tierspeed_jiang_massdep_baseline_MX1,jiang_massdep_baseline,MX1,8,124,2,OK,84,0,6406,545.7866666666666,466.1688888888889,8.9125,13,786,28.76,82,0,84,0,84,0
tier_speeds_jiang,tierspeed_jiang_massdep_baseline_MX1,jiang_massdep_baseline,MX1,8,125,0,OK,56,6,49834,613.5488888888889,493.3822222222222,27.49111111111111,23,786,36.72,50,7,54,6,56,6
tier_speeds_jiang,tierspeed_jiang_massdep_baseline_MX1,jiang_massdep_baseline,MX1,8,125,1,OK,65,5,64376,606.06,485.55,25.863611111111112,22,786,36.19,49,8,52,6,54,6
tier_speeds_jiang,tierspeed_jiang_massdep_baseline_MX1,jiang_massdep_baseline,MX1,8,125,2,OK,57,4,40864,612.1366666666667,483.5722222222222,27.01972222222222,24,786,33.17,54,7,63,7,55,5
tier_speeds_jiang,tierspeed_jiang_massdep_baseline_MX1,jiang_massdep_baseline,MX1,8,126,0,OK,70,0,6997,593.4866666666667,487.3811111111111,20.986944444444443,18,786,27.12,67,0,67,0,67,0
tier_speeds_jiang,tierspeed_jiang_massdep_baseline_MX1,jiang_massdep_baseline,MX1,8,126,1,OK,67,0,7021,595.7322222222223,485.7911111111111,20.933055555555555,20,786,37.15,66,0,66,0,67,0
tier_speeds_jiang,tierspeed_jiang_massdep_baseline_MX1,jiang_massdep_baseline,MX1,8,126,2,OK,61,0,7164,590.1822222222222,477.7611111111111,20.618333333333332,19,786,31.58,59,0,61,0,61,0
tier_speeds_jiang,tierspeed_jiang_massdep_baseline_MX1,jiang_massdep_baseline,MX1,8,127,0,OK,69,0,6735,543.6677777777778,476.89,8.425277777777778,11,786,31.39,64,0,66,0,68,0
tier_speeds_jiang,tierspeed_jiang_massdep_baseline_MX1,jiang_massdep_baseline,MX1,8,127,1,OK,73,0,6725,538.1755555555555,472.0877777777778,6.545277777777778,11,786,25.7,66,0,68,0,70,0
tier_speeds_jiang,tierspeed_jiang_massdep_baseline_MX1,jiang_massdep_baseline,MX1,8,127,2,OK,71,0,7191,540.3188888888889,472.53555555555556,7.277777777777778,11,786,22.31,66,0,67,0,68,0
tier_speeds_jiang,tierspeed_jiang_massdep_baseline_MX1,jiang_massdep_baseline,MX1,8,128,0,OK,97,0,0,497.2188888888889,433.3233333333333,2.9530555555555558,11,786,31.73,94,0,95,0,97,0
tier_speeds_jiang,tierspeed_jiang_massdep_baseline_MX1,jiang_massdep_baseline,MX1,8,128,1,OK,97,0,0,495.4122222222222,431.5588888888889,3.176388888888889,11,786,30.55,92,0,92,0,96,0
tier_speeds_jiang,tierspeed_jiang_massdep_baseline_MX1,jiang_massdep_baseline,MX1,8,128,2,OK,97,0,0,510.5833333333333,436.6377777777778,5.047777777777778,13,786,31.95,93,0,96,0,96,0
tier_speeds_jiang,tierspeed_jiang_massdep_baseline_MX1,jiang_massdep_baseline,MX1,8,129,0,OK,95,0,2592,518.9088888888889,450.94444444444446,3.8355555555555556,12,786,26.68,92,0,92,0,92,0
tier_speeds_jiang,tierspeed_jiang_massdep_baseline_MX1,jiang_massdep_baseline,MX1,8,129,1,OK,95,0,5876,518.5577777777778,451.06333333333333,4.674722222222222,12,786,29.63,92,0,92,0,94,0
tier_speeds_jiang,tierspeed_jiang_massdep_baseline_MX1,jiang_massdep_baseline,MX1,8,129,2,OK,96,0,2451,507.85,444.0911111111111,2.8316666666666666,11,786,27.4,92,0,94,0,95,0
tier_speeds_jiang,tierspeed_jiang_massdep_baseline_MX1,jiang_massdep_baseline,MX1,8,130,0,OK,65,0,6763,574.4188888888889,479.32444444444445,16.1925,17,786,38.11,63,0,63,0,63,0
tier_speeds_jiang,tierspeed_jiang_massdep_baseline_MX1,jiang_massdep_baseline,MX1,8,130,1,OK,66,0,6773,584.0888888888888,486.68888888888887,18.65111111111111,17,786,29.63,63,0,65,0,66,0
tier_speeds_jiang,tierspeed_jiang_massdep_baseline_MX1,jiang_massdep_baseline,MX1,8,130,2,OK,66,0,7147,575.3088888888889,479.8877777777778,16.52111111111111,17,786,26.59,60,0,61,0,65,0
tier_speeds_jiang,tierspeed_jiang_massdep_baseline_MX1,jiang_massdep_baseline,MX1,9,101,0,OK,92,0,3767,594.45,485.2288888888889,5.920555555555556,18,786,25.86,91,0,92,0,92,0
tier_speeds_jiang,tierspeed_jiang_massdep_baseline_MX1,jiang_massdep_baseline,MX1,9,102,0,OK,90,0,5060,594.8388888888888,486.63444444444445,8.879444444444445,20,786,23.4,87,0,89,0,90,0
tier_speeds_jiang,tierspeed_jiang_massdep_baseline_MX1,jiang_massdep_baseline,MX1,9,103,0,OK,96,0,1060,581.9111111111112,475.93666666666667,7.049444444444444,19,786,23.71,93,0,95,0,96,0
tier_speeds_jiang,tierspeed_jiang_massdep_baseline_MX1,jiang_massdep_baseline,MX1,9,104,0,OK,96,0,1956,580.6722222222222,478.50666666666666,6.552777777777778,18,786,22.11,90,0,93,0,94,0
tier_speeds_jiang,tierspeed_jiang_massdep_baseline_MX1,jiang_massdep_baseline,MX1,9,105,0,OK,97,0,0,487.78,430.7944444444444,4.1475,9,786,21.1,96,0,97,0,97,0
tier_speeds_jiang,tierspeed_jiang_massdep_baseline_MX1,jiang_massdep_baseline,MX1,9,106,0,OK,94,0,4407,548.3966666666666,469.96666666666664,3.0838888888888887,14,786,23.86,91,0,94,0,94,0
tier_speeds_jiang,tierspeed_jiang_massdep_baseline_MX1,jiang_massdep_baseline,MX1,9,107,0,OK,97,0,0,493.00444444444446,427.5933333333333,2.499722222222222,12,786,22.76,97,0,97,0,97,0
tier_speeds_jiang,tierspeed_jiang_massdep_baseline_MX1,jiang_massdep_baseline,MX1,9,108,0,OK,97,0,0,534.0422222222222,456.56444444444446,4.806388888888889,14,786,22.28,97,0,97,0,97,0
tier_speeds_jiang,tierspeed_jiang_massdep_baseline_MX1,jiang_massdep_baseline,MX1,9,109,0,OK,97,0,0,504.24333333333334,440.1322222222222,1.9575,12,786,22.57,97,0,97,0,97,0
tier_speeds_jiang,tierspeed_jiang_massdep_baseline_MX1,jiang_massdep_baseline,MX1,9,110,0,OK,96,0,4469,566.0366666666666,470.3822222222222,4.838055555555556,17,786,22.28,94,0,95,0,95,0
tier_speeds_jiang,tierspeed_jiang_massdep_baseline_MX1,jiang_massdep_baseline,MX1,9,111,0,OK,96,0,531,559.98,473.33,2.971388888888889,15,786,21.51,95,0,95,0,95,0
tier_speeds_jiang,tierspeed_jiang_massdep_baseline_MX1,jiang_massdep_baseline,MX1,9,112,0,OK,83,0,7177,615.7611111111111,500.44,10.606944444444444,19,786,24.07,80,0,81,0,81,0
tier_speeds_jiang,tierspeed_jiang_massdep_baseline_MX1,jiang_massdep_baseline,MX1,9,113,0,OK,96,0,88,561.1966666666667,475.37,4.094444444444444,14,786,21.62,95,0,95,0,96,0
tier_speeds_jiang,tierspeed_jiang_massdep_baseline_MX1,jiang_massdep_baseline,MX1,9,114,0,OK,85,0,6199,578.0533333333333,480.8466666666667,3.513611111111111,17,786,22.81,83,0,84,0,85,0
tier_speeds_jiang,tierspeed_jiang_massdep_baseline_MX1,jiang_massdep_baseline,MX1,9,115,0,OK,88,0,6116,614.8288888888889,492.9033333333333,16.75138888888889,21,786,24.88,87,0,87,0,88,0
tier_speeds_jiang,tierspeed_jiang_massdep_baseline_MX1,jiang_massdep_baseline,MX1,9,116,0,OK,89,0,4672,608.6955555555555,496.8222222222222,10.079444444444444,20,786,26.27,84,0,89,0,89,0
tier_speeds_jiang,tierspeed_jiang_massdep_baseline_MX1,jiang_massdep_baseline,MX1,9,117,0,OK,97,0,0,530.3211111111111,466.62333333333333,3.295,11,786,20.26,97,0,97,0,97,0
tier_speeds_jiang,tierspeed_jiang_massdep_baseline_MX1,jiang_massdep_baseline,MX1,9,118,0,OK,83,0,5805,602.1511111111112,488.9188888888889,7.005833333333333,20,786,26.02,80,0,80,0,81,0
tier_speeds_jiang,tierspeed_jiang_massdep_baseline_MX1,jiang_massdep_baseline,MX1,9,119,0,OK,89,0,6854,602.5666666666667,502.6922222222222,10.646666666666667,17,786,24.4,85,0,88,0,88,0
tier_speeds_jiang,tierspeed_jiang_massdep_baseline_MX1,jiang_massdep_baseline,MX1,9,120,0,OK,97,0,0,543.6466666666666,458.96555555555557,6.601666666666667,15,786,25.49,96,0,96,0,97,0
tier_speeds_jiang,tierspeed_jiang_massdep_baseline_MX1,jiang_massdep_baseline,MX1,9,121,0,OK,97,0,0,424.3088888888889,409.46222222222224,2.9880555555555555,3,786,17.67,97,0,97,0,97,0
tier_speeds_jiang,tierspeed_jiang_massdep_baseline_MX1,jiang_massdep_baseline,MX1,9,122,0,OK,97,0,0,449.31888888888886,428.4433333333333,1.7730555555555556,4,786,17.27,97,0,97,0,97,0
tier_speeds_jiang,tierspeed_jiang_massdep_baseline_MX1,jiang_massdep_baseline,MX1,9,123,0,OK,97,0,0,546.0455555555556,463.2055555555556,2.8577777777777778,13,786,24.07,97,0,97,0,97,0
tier_speeds_jiang,tierspeed_jiang_massdep_baseline_MX1,jiang_massdep_baseline,MX1,9,124,0,OK,96,0,3855,558.4222222222222,471.62555555555554,2.6405555555555558,15,786,22.67,95,0,95,0,95,0
tier_speeds_jiang,tierspeed_jiang_massdep_baseline_MX1,jiang_massdep_baseline,MX1,9,125,0,OK,73,0,6635,641.3766666666667,488.4533333333333,21.106666666666666,28,786,30.01,68,0,71,0,73,0
tier_speeds_jiang,tierspeed_jiang_massdep_baseline_MX1,jiang_massdep_baseline,MX1,9,126,0,OK,91,0,5098,600.8066666666666,483.0288888888889,9.398333333333333,20,786,28.39,90,0,91,0,91,0
tier_speeds_jiang,tierspeed_jiang_massdep_baseline_MX1,jiang_massdep_baseline,MX1,9,127,0,OK,93,0,6519,551.42,473.73,1.3725,13,786,21.84,90,0,90,0,91,0
tier_speeds_jiang,tierspeed_jiang_massdep_baseline_MX1,jiang_massdep_baseline,MX1,9,128,0,OK,97,0,0,495.35,424.31333333333333,1.1544444444444444,13,786,21.08,97,0,97,0,97,0
tier_speeds_jiang,tierspeed_jiang_massdep_baseline_MX1,jiang_massdep_baseline,MX1,9,129,0,OK,97,0,0,500.9866666666667,437.1933333333333,2.2622222222222224,12,786,23.98,97,0,97,0,97,0
tier_speeds_jiang,tierspeed_jiang_massdep_baseline_MX1,jiang_massdep_baseline,MX1,9,130,0,OK,92,0,4822,584.8566666666667,479.49444444444447,6.5025,18,786,24.36,90,0,90,0,92,0
