n,on_time,tard_s,busy_s,crew_s,n_coop,wall_s,overtime_s,overtime_veh,overtime_max_ratio,k,seed,X,n_add,model,util
400,323,534318,726386,2905544,0,61.54755902290344,49978,5,0.05124242424242424,8,101,250,6,rigid,0.36686161616161617
400,323,534318,728072,2912288,0,64.61173176765442,49978,5,0.05636666666666667,8,101,250,5,rigid,0.4044844444444444
400,323,534318,730526,2922104,0,66.20894026756287,49978,5,0.06262962962962963,8,101,250,4,rigid,0.450941975308642
400,323,534318,733628,2934512,0,69.83595705032349,49978,5,0.07045833333333333,8,101,250,3,rigid,0.5094638888888889
400,323,534318,736700,2946800,0,71.39111375808716,50302,6,0.0818095238095238,8,101,250,2,rigid,0.5846825396825397
400,321,536218,739952,2959808,0,73.90307235717773,49978,5,0.09394444444444444,8,101,250,1,rigid,0.6851407407407407
400,321,536218,739952,2959808,0,74.2221839427948,49978,5,0.09394444444444444,8,101,270,1,rigid,0.6851407407407407
400,297,593512,742478,2969912,0,76.8755886554718,62806,8,0.14013333333333333,8,101,0,0,rigid,0.8249755555555556
400,323,534318,736700,2946800,0,75.37691521644592,50302,6,0.0818095238095238,8,101,270,2,rigid,0.5846825396825397
400,323,534318,730526,2922104,0,69.16592454910278,49978,5,0.06262962962962963,8,101,270,4,rigid,0.450941975308642
400,323,534318,728072,2912288,0,66.95418381690979,49978,5,0.05636666666666667,8,101,270,5,rigid,0.4044844444444444
400,323,534318,733628,2934512,0,74.45855975151062,49978,5,0.07045833333333333,8,101,270,3,rigid,0.5094638888888889
400,316,403670,837116,3348464,32,146.56987857818604,56170,11,0.19206666666666666,8,101,0,0,flex,0.9301288888888889
400,359,165612,886932,3547728,50,180.6822681427002,21636,5,0.08585714285714285,8,101,250,2,flex,0.7039142857142857
400,340,250046,878470,3513880,45,196.50726461410522,27662,7,0.123,8,101,250,1,flex,0.8133981481481481
400,364,112648,903580,3614320,54,196.68801617622375,13068,7,0.045375,8,101,250,3,flex,0.6274861111111111
400,338,250256,885674,3542696,47,199.88201260566711,27662,7,0.123,8,101,270,1,flex,0.8200685185185185
400,378,43664,915126,3660504,61,207.24842810630798,8820,5,0.022272727272727274,8,101,250,6,flex,0.4621848484848485
400,323,534318,726386,2905544,0,65.37507772445679,49978,5,0.05124242424242424,8,101,270,6,rigid,0.36686161616161617
400,366,85114,904594,3618376,54,209.77990007400513,9996,7,0.030851851851851853,8,101,250,4,flex,0.5583913580246913
400,377,55282,905866,3623464,55,211.17485094070435,7644,3,0.021233333333333333,8,101,250,5,flex,0.5032588888888889
400,334,409020,737762,2951048,0,79.86867022514343,53472,5,0.11793518518518518,8,101,380,1,rigid,0.683112962962963
400,359,165612,886932,3547728,50,184.36552500724792,21636,5,0.08585714285714285,8,101,270,2,flex,0.7039142857142857
400,347,361836,733526,2934104,0,83.28725719451904,48290,4,0.08052380952380953,8,101,380,2,rigid,0.582163492063492
400,364,112648,904060,3616240,54,201.78859400749207,13068,7,0.045375,8,101,270,3,flex,0.6278194444444445
400,356,343588,729854,2919416,0,85.63029217720032,48290,4,0.07045833333333333,8,101,380,3,rigid,0.5068430555555555
400,366,85114,903634,3614536,54,211.06611585617065,9996,7,0.030851851851851853,8,101,270,4,flex,0.5577987654320987
400,377,55282,905644,3622576,55,212.6798267364502,7644,3,0.021233333333333333,8,101,270,5,flex,0.5031355555555556
400,358,342996,725966,2903864,0,87.75379395484924,48290,4,0.06262962962962963,8,101,380,4,rigid,0.44812716049382717
400,361,341352,722948,2891792,0,87.72588586807251,48290,4,0.05636666666666667,8,101,380,5,rigid,0.40163777777777776
400,361,341352,719930,2879720,0,87.40883684158325,48290,4,0.05124242424242424,8,101,380,6,rigid,0.3636010101010101
400,362,95442,839694,3358776,35,166.08614683151245,25468,6,0.10106349206349206,8,101,380,2,flex,0.6664238095238095
400,341,169794,851950,3407800,38,179.13026690483093,28128,7,0.12861111111111112,8,101,380,1,flex,0.7888425925925926
400,357,144660,739112,2956448,0,85.49101972579956,12936,2,0.05988888888888889,8,101,420,1,rigid,0.684362962962963
400,387,49948,828930,3315720,33,156.57350087165833,24924,7,0.08579166666666667,8,101,380,3,flex,0.5756458333333333
400,384,29988,829174,3316696,33,157.48392915725708,8820,5,0.02722222222222222,8,101,380,4,flex,0.5118358024691358
400,378,43664,915426,3661704,61,217.9146764278412,8820,5,0.022272727272727274,8,101,270,6,flex,0.46233636363636366
400,391,20232,818888,3275552,31,153.88233375549316,7644,3,0.021233333333333333,8,101,380,5,flex,0.4549377777777778
400,391,14698,824744,3298976,33,157.06849312782288,8820,5,0.022272727272727274,8,101,380,6,flex,0.41653737373737376
400,377,60544,734546,2938184,0,87.16826748847961,7116,3,0.02823809523809524,8,101,420,2,rigid,0.5829730158730159
400,387,26184,730106,2920424,0,91.41192507743835,11724,3,0.04070833333333333,8,101,420,3,rigid,0.5070180555555556
400,393,13054,725132,2900528,0,93.81416344642639,0,0,0.0,8,101,420,4,rigid,0.44761234567901237
400,358,145424,749246,2996984,3,146.842041015625,12936,2,0.05988888888888889,8,101,420,1,flex,0.6937462962962962
400,373,58954,736502,2946008,1,128.67140436172485,7116,3,0.02823809523809524,8,101,420,2,flex,0.5845253968253968
400,393,5726,721286,2885144,0,94.68274593353271,0,0,0.0,8,101,420,5,rigid,0.40071444444444443
400,385,22760,737994,2951976,2,131.71320295333862,17318,3,0.060131944444444446,8,101,420,3,flex,0.5124958333333334
400,392,10998,730204,2920816,1,120.34364008903503,0,0,0.0,8,101,420,4,flex,0.4507432098765432
400,393,5774,721496,2885984,0,110.91959285736084,0,0,0.0,8,101,420,5,flex,0.40083111111111114
400,314,584510,748264,2993056,0,73.7041494846344,65578,11,0.105,8,102,0,0,rigid,0.8314044444444444
400,400,0,720370,2881480,1,111.32556295394897,0,0,0.0,8,101,420,6,flex,0.3638232323232323
400,320,578756,743500,2974000,0,75.3076708316803,70268,10,0.0875,8,102,250,1,rigid,0.6884259259259259
400,399,592,717110,2868440,0,92.36529397964478,0,0,0.0,8,101,420,6,rigid,0.36217676767676765
400,320,578756,740680,2962720,0,73.00945138931274,70268,10,0.075,8,102,250,2,rigid,0.5878412698412698
400,320,578756,737614,2950456,0,73.22587847709656,63296,9,0.065625,8,102,250,3,rigid,0.5122319444444444
400,320,578756,735214,2940856,0,69.80206179618835,63296,9,0.058333333333333334,8,102,250,4,rigid,0.4538358024691358
400,320,578756,732976,2931904,0,65.84580039978027,63296,9,0.0525,8,102,250,5,rigid,0.4072088888888889
400,320,578756,731170,2924680,0,65.76348519325256,63296,9,0.04772727272727273,8,102,250,6,rigid,0.36927777777777776
400,320,578756,743500,2974000,0,78.82812738418579,70268,10,0.0875,8,102,270,1,rigid,0.6884259259259259
400,328,198526,884780,3539120,44,162.25933003425598,45094,11,0.08803333333333334,8,102,0,0,flex,0.9830888888888889
400,320,578756,740344,2961376,0,77.58060932159424,67178,11,0.075,8,102,270,2,rigid,0.5875746031746032
400,320,578756,737614,2950456,0,82.87315130233765,65156,10,0.065625,8,102,270,3,rigid,0.5122319444444444
400,320,578756,735214,2940856,0,78.0025942325592,63296,9,0.058333333333333334,8,102,270,4,rigid,0.4538358024691358
400,364,86078,912210,3648840,52,212.52716612815857,16422,11,0.04566666666666667,8,102,250,1,flex,0.8446388888888889
400,379,41856,923948,3695792,56,209.82062792778015,9688,6,0.029333333333333333,8,102,250,2,flex,0.7332920634920634
400,320,578756,733348,2933392,0,74.81795477867126,63296,9,0.0525,8,102,270,5,rigid,0.40741555555555553
400,386,29862,927862,3711448,59,211.15185832977295,6468,1,0.022458333333333334,8,102,250,3,flex,0.6443486111111111
400,320,578756,731308,2925232,0,75.93234133720398,63296,9,0.04772727272727273,8,102,270,6,rigid,0.36934747474747476
400,390,14194,931808,3727232,61,229.73486638069153,6468,1,0.019962962962962964,8,102,250,4,flex,0.5751901234567901
400,391,11802,916470,3665880,58,231.27517580986023,6468,1,0.017966666666666666,8,102,250,5,flex,0.50915
400,348,504176,741688,2966752,0,88.27373909950256,55354,6,0.06718518518518518,8,102,380,1,rigid,0.6867481481481481
400,364,86078,911874,3647496,52,216.01713585853577,18056,11,0.053231481481481484,8,102,270,1,flex,0.8443277777777778
400,379,41856,923948,3695792,56,219.32160878181458,9688,6,0.029333333333333333,8,102,270,2,flex,0.7332920634920634
400,394,5038,919924,3679696,60,244.3110613822937,6468,1,0.01633333333333333,8,102,250,6,flex,0.4646080808080808
400,386,29862,927862,3711448,59,217.36378407478333,6468,1,0.022458333333333334,8,102,270,3,flex,0.6443486111111111
400,350,503326,737044,2948176,0,90.79058814048767,50746,6,0.05758730158730159,8,102,380,2,rigid,0.5849555555555556
400,350,503326,732934,2931736,0,96.84246516227722,50746,6,0.050388888888888886,8,102,380,3,rigid,0.5089819444444444
400,390,14194,931940,3727760,61,241.20536875724792,6468,1,0.019962962962962964,8,102,270,4,flex,0.5752716049382716
400,350,503326,728740,2914960,0,95.58235263824463,50422,5,0.04479012345679012,8,102,380,4,rigid,0.4498395061728395
400,391,11802,916134,3664536,58,242.3701515197754,6468,1,0.017966666666666666,8,102,270,5,flex,0.5089633333333333
400,350,503326,725608,2902432,0,95.50962686538696,50422,5,0.04031111111111111,8,102,380,5,rigid,0.40311555555555556
400,374,65936,876134,3504536,40,203.12115001678467,13108,7,0.045342592592592594,8,102,380,1,flex,0.8112351851851852
400,371,92244,742780,2971120,0,91.57628130912781,12736,5,0.03640740740740741,8,102,420,1,rigid,0.6877592592592593
400,350,503326,721954,2887816,0,94.59433674812317,50422,5,0.03664646464646465,8,102,380,6,rigid,0.36462323232323235
400,394,5038,919840,3679360,60,255.32003211975098,6468,1,0.01633333333333333,8,102,270,6,flex,0.46456565656565657
400,391,10804,861544,3446176,40,183.11363053321838,6468,1,0.019962962962962964,8,102,380,4,flex,0.5318172839506173
400,386,29492,869304,3477216,42,208.20021796226501,11860,3,0.047063492063492064,8,102,380,2,flex,0.6899238095238095
400,388,24326,867574,3470296,43,194.520361661911,6792,2,0.023583333333333335,8,102,380,3,flex,0.6024819444444445
400,386,26690,737284,2949136,0,98.27610182762146,12072,2,0.0479047619047619,8,102,420,2,rigid,0.5851460317460317
400,391,5508,732808,2931232,0,103.94813346862793,11324,3,0.03931944444444444,8,102,420,3,rigid,0.5088944444444444
400,392,7730,851046,3404184,39,186.16024661064148,6468,1,0.017966666666666666,8,102,380,5,flex,0.47280333333333335
400,392,6988,765840,3063360,8,159.4943859577179,9864,2,0.039142857142857146,8,102,420,2,flex,0.6078095238095238
400,397,1944,860206,3440824,43,183.64872097969055,6468,1,0.01633333333333333,8,102,380,6,flex,0.43444747474747475
400,383,27072,805774,3223096,19,175.0280406475067,9400,2,0.04351851851851852,8,102,420,1,flex,0.746087037037037
400,399,324,728758,2915032,0,101.64566731452942,11400,2,0.03518518518518519,8,102,420,4,rigid,0.4498506172839506
400,400,0,723544,2894176,0,101.70958685874939,0,0,0.0,8,102,420,5,rigid,0.4019688888888889
400,399,592,757818,3031272,7,149.9729495048523,3720,2,0.012916666666666667,8,102,420,3,flex,0.5262625
400,400,0,732346,2929384,1,127.2166109085083,6468,1,0.019962962962962964,8,102,420,4,flex,0.45206543209876543
400,400,0,719482,2877928,0,127.53703236579895,0,0,0.0,8,102,420,6,flex,0.36337474747474746
400,305,971092,752804,3011216,0,100.7724015712738,113062,9,0.15497777777777777,8,103,0,0,rigid,0.8364488888888889
400,400,0,718954,2875816,0,111.87914276123047,0,0,0.0,8,102,420,6,rigid,0.3631080808080808
400,302,977710,748670,2994680,0,97.93438220024109,109752,9,0.1275,8,103,250,1,rigid,0.693212962962963
400,400,0,723868,2895472,0,134.75914978981018,0,0,0.0,8,102,420,5,flex,0.4021488888888889
400,305,971092,743786,2975144,0,93.69821953773499,106994,8,0.095625,8,103,250,3,rigid,0.5165180555555555
400,305,971092,746312,2985248,0,100.2689688205719,106994,8,0.10928571428571429,8,103,250,2,rigid,0.5923111111111111
400,305,971092,741686,2966744,0,90.4381148815155,107906,8,0.085,8,103,250,4,rigid,0.4578308641975309
400,305,971092,739730,2958920,0,89.33782196044922,106994,8,0.0765,8,103,250,5,rigid,0.4109611111111111
400,305,971092,738536,2954144,0,85.04419803619385,106994,8,0.06954545454545455,8,103,250,6,rigid,0.3729979797979798
400,302,977710,748670,2994680,0,99.68573880195618,107416,9,0.1275,8,103,270,1,rigid,0.693212962962963
400,305,971092,746312,2985248,0,96.7474091053009,106994,8,0.10928571428571429,8,103,270,2,rigid,0.5923111111111111
400,305,971092,743786,2975144,0,94.68496012687683,106994,8,0.095625,8,103,270,3,rigid,0.5165180555555555
400,326,357164,942270,3769080,61,241.26779985427856,75640,18,0.19311111111111112,8,103,0,0,flex,1.0469666666666666
400,305,971092,741686,2966744,0,90.01861333847046,107906,8,0.085,8,103,270,4,rigid,0.4578308641975309
400,305,971092,739730,2958920,0,85.25965285301208,106994,8,0.0765,8,103,270,5,rigid,0.4109611111111111
400,345,205352,1004538,4018152,78,295.5923547744751,46454,13,0.13416666666666666,8,103,250,1,flex,0.9301277777777778
400,373,82484,987904,3951616,75,277.53091955184937,22728,7,0.075125,8,103,250,3,flex,0.6860444444444445
400,305,971092,738500,2954000,0,89.8607873916626,106994,8,0.06954545454545455,8,103,270,6,rigid,0.37297979797979797
400,358,122544,988146,3952584,76,294.2598898410797,32816,11,0.10280952380952381,8,103,250,2,flex,0.7842428571428571
400,377,57318,989740,3958960,78,287.5895493030548,21636,5,0.06677777777777778,8,103,250,4,flex,0.6109506172839506
400,331,849008,747224,2988896,0,106.22286176681519,83466,7,0.12044444444444445,8,103,380,1,rigid,0.6918740740740741
400,381,42006,1024484,4097936,91,290.73605132102966,16188,3,0.04496666666666667,8,103,250,5,flex,0.5691577777777778
400,382,32550,1030222,4120888,94,300.6356863975525,7644,3,0.019303030303030305,8,103,250,6,flex,0.5203141414141415
400,359,116868,989778,3959112,77,294.36347913742065,32816,11,0.10280952380952381,8,103,270,2,flex,0.7855380952380953
400,344,202574,993334,3973336,76,306.42876958847046,46454,13,0.13416666666666666,8,103,270,1,flex,0.9197537037037037
400,337,832970,742346,2969384,0,109.89343357086182,73206,5,0.10323809523809524,8,103,380,2,rigid,0.5891634920634921
400,375,80456,990580,3962320,76,282.99486899375916,22728,7,0.075125,8,103,270,3,flex,0.6879027777777778
400,337,832970,737486,2949944,0,112.59339547157288,73206,5,0.09033333333333333,8,103,380,3,rigid,0.5121430555555555
400,378,55266,991728,3966912,78,297.0315189361572,21636,5,0.06677777777777778,8,103,270,4,flex,0.6121777777777778
400,337,832970,733928,2935712,0,115.63473200798035,73206,5,0.0802962962962963,8,103,380,4,rigid,0.453041975308642
400,382,41712,981410,3925640,77,281.8346290588379,16188,3,0.04496666666666667,8,103,270,5,flex,0.5452277777777778
400,337,832970,730496,2921984,0,111.7085690498352,73206,5,0.07226666666666667,8,103,380,5,rigid,0.4058311111111111
400,383,31818,983174,3932696,78,303.0555214881897,7644,3,0.019303030303030305,8,103,270,6,flex,0.49655252525252525
400,337,832970,727202,2908808,0,109.47460722923279,73206,5,0.0656969696969697,8,103,380,6,rigid,0.36727373737373736
400,351,189266,905062,3620248,53,269.28306245803833,33610,10,0.12971296296296297,8,103,380,1,flex,0.8380203703703704
400,353,182330,748610,2994440,0,103.76935815811157,29214,7,0.067,8,103,420,1,rigid,0.6931574074074074
400,371,95744,915102,3660408,57,249.76801753044128,25240,6,0.10015873015873016,8,103,380,2,flex,0.7262714285714286
400,378,71404,899336,3597344,53,216.8004298210144,24210,6,0.0840625,8,103,380,3,flex,0.6245388888888889
400,377,62056,743294,2973176,0,103.09405851364136,12386,2,0.04915079365079365,8,103,420,2,rigid,0.589915873015873
400,378,43906,904804,3619216,55,225.78674459457397,20088,6,0.062,8,103,380,4,flex,0.558520987654321
400,384,24218,738758,2955032,0,106.24762678146362,8328,2,0.028916666666666667,8,103,420,3,rigid,0.5130263888888889
400,390,8714,734936,2939744,0,105.83725881576538,6792,2,0.020962962962962964,8,103,420,4,rigid,0.4536641975308642
400,384,36466,894262,3577048,54,221.0509650707245,7644,3,0.021233333333333333,8,103,380,5,flex,0.4968122222222222
400,380,38112,768216,3072864,7,163.86550521850586,12386,2,0.04915079365079365,8,103,420,2,flex,0.6096952380952381
400,389,22176,897778,3591112,56,214.61311149597168,6468,1,0.01633333333333333,8,103,380,6,flex,0.45342323232323234
400,393,7742,744422,2977688,3,131.517560005188,9864,2,0.030444444444444444,8,103,420,4,flex,0.45951975308641974
400,369,104568,829558,3318232,27,195.28158807754517,23796,7,0.08427777777777777,8,103,420,1,flex,0.7681092592592592
400,389,16096,762592,3050368,7,155.98006916046143,8328,2,0.028916666666666667,8,103,420,3,flex,0.5295777777777778
400,397,2864,730916,2923664,0,106.26728343963623,0,0,0.0,8,103,420,5,rigid,0.40606444444444445
400,400,0,725756,2903024,0,106.11179542541504,0,0,0.0,8,103,420,6,rigid,0.36654343434343434
400,396,2006,732434,2929736,1,124.94971919059753,0,0,0.0,8,103,420,5,flex,0.40690777777777776
400,295,620556,741632,2966528,0,90.08587598800659,70922,8,0.1344,8,104,0,0,rigid,0.8240355555555555
400,400,0,726830,2907320,0,127.27981686592102,0,0,0.0,8,103,420,6,flex,0.36708585858585857
400,307,584942,744266,2977064,0,89.2476236820221,70094,7,0.10816666666666666,8,104,250,1,rigid,0.6891351851851852
400,312,578658,738176,2952704,0,87.98695969581604,70094,7,0.09271428571428571,8,104,250,2,rigid,0.5858539682539683
400,314,577370,734294,2937176,0,83.53283667564392,70094,7,0.081125,8,104,250,3,rigid,0.5099263888888889
400,315,576304,731810,2927240,0,81.18732786178589,70094,7,0.07211111111111111,8,104,250,4,rigid,0.45173456790123456
400,316,576082,729074,2916296,0,76.8831799030304,70094,7,0.0649,8,104,250,5,rigid,0.40504111111111113
400,316,576082,727076,2908304,0,73.16615438461304,70094,7,0.059,8,104,250,6,rigid,0.367210101010101
400,307,584942,744602,2978408,0,81.65604162216187,70094,7,0.10816666666666666,8,104,270,1,rigid,0.6894462962962963
400,317,192490,887212,3548848,48,189.76557397842407,63734,13,0.20544444444444446,8,104,0,0,flex,0.9857911111111111
400,312,578658,738548,2954192,0,79.77006244659424,70094,7,0.09271428571428571,8,104,270,2,rigid,0.5861492063492063
400,314,577370,734330,2937320,0,77.52378702163696,70094,7,0.081125,8,104,270,3,rigid,0.5099513888888889
400,315,576304,731846,2927384,0,74.2423164844513,70094,7,0.07211111111111111,8,104,270,4,rigid,0.45175679012345676
400,360,79188,940948,3763792,64,235.6077790260315,32090,9,0.14475925925925925,8,104,250,1,flex,0.8712481481481481
400,316,576082,728732,2914928,0,73.44875764846802,70094,7,0.0649,8,104,270,5,rigid,0.4048511111111111
400,377,37776,961516,3846064,71,238.47658514976501,34140,7,0.1346190476190476,8,104,250,2,flex,0.7631079365079365
400,316,576082,726464,2905856,0,72.591726064682,70094,7,0.059,8,104,270,6,rigid,0.3669010101010101
400,390,21392,954556,3818224,71,224.5165023803711,11468,7,0.03981944444444444,8,104,250,3,flex,0.6628861111111111
400,393,14504,954196,3816784,72,237.23663878440857,9092,5,0.028061728395061727,8,104,250,4,flex,0.5890098765432099
400,395,9508,930060,3720240,65,243.11494421958923,6716,3,0.018655555555555557,8,104,250,5,flex,0.5167
400,334,483192,740990,2963960,0,86.83379292488098,58066,4,0.10816666666666666,8,104,380,1,rigid,0.6861018518518519
400,360,79188,940934,3763736,64,221.59767246246338,30114,9,0.1356111111111111,8,104,270,1,flex,0.8712351851851852
400,395,6988,923466,3693864,65,241.09983015060425,6716,3,0.01695959595959596,8,104,250,6,flex,0.4663969696969697
400,377,37776,965898,3863592,72,227.10675740242004,25788,7,0.10147619047619047,8,104,270,2,flex,0.7665857142857143
400,347,470596,733496,2933984,0,90.84788489341736,58066,4,0.09271428571428571,8,104,380,2,rigid,0.5821396825396825
400,390,21392,958824,3835296,72,222.10181879997253,14540,7,0.050486111111111114,8,104,270,3,flex,0.66585
400,347,470596,729056,2916224,0,92.41062307357788,58066,4,0.081125,8,104,380,3,rigid,0.5062888888888889
400,394,14180,947472,3789888,70,221.23249793052673,6716,3,0.020728395061728393,8,104,270,4,flex,0.5848592592592593
400,347,470596,724310,2897240,0,90.74772214889526,58066,4,0.07211111111111111,8,104,380,4,rigid,0.4471049382716049
400,395,9508,929856,3719424,65,236.79421162605286,6716,3,0.018655555555555557,8,104,270,5,flex,0.5165866666666666
400,347,470596,720788,2883152,0,89.64226579666138,58066,4,0.0649,8,104,380,5,rigid,0.4004377777777778
400,347,470596,717344,2869376,0,91.35127282142639,58066,4,0.059,8,104,380,6,rigid,0.3622949494949495
400,364,73728,742862,2971448,0,86.08324837684631,19002,5,0.07411111111111111,8,104,420,1,rigid,0.6878351851851852
400,373,48548,903494,3613976,52,213.55301022529602,27622,6,0.1255,8,104,380,1,flex,0.8365685185185185
400,395,6988,923404,3693616,65,239.43167424201965,6468,1,0.01633333333333333,8,104,270,6,flex,0.46636565656565654
400,391,18154,870452,3481808,44,189.89061188697815,15468,7,0.06138095238095238,8,104,380,2,flex,0.6908349206349206
400,391,13798,860106,3440424,42,168.15778851509094,25572,5,0.08879166666666667,8,104,380,3,flex,0.5972958333333334
400,397,5856,858796,3435184,43,174.54508876800537,14540,7,0.044876543209876545,8,104,380,4,flex,0.530120987654321
400,389,17196,733604,2934416,0,93.40035653114319,11400,2,0.04523809523809524,8,104,420,2,rigid,0.5822253968253969
400,395,4750,729422,2917688,0,96.01650309562683,6792,2,0.023583333333333335,8,104,420,3,rigid,0.5065430555555556
400,396,3846,858506,3434024,44,179.67721390724182,6716,3,0.018655555555555557,8,104,380,5,flex,0.4769477777777778
400,398,1088,724430,2897720,0,93.04697108268738,0,0,0.0,8,104,420,4,rigid,0.44717901234567903
400,395,3280,737454,2949816,2,128.42106080055237,6792,2,0.023583333333333335,8,104,420,3,flex,0.5121208333333334
400,394,10510,756714,3026856,6,141.74457693099976,12472,2,0.04949206349206349,8,104,420,2,flex,0.6005666666666667
400,379,32680,819596,3278384,24,170.90936541557312,12936,2,0.05988888888888889,8,104,420,1,flex,0.7588851851851852
400,399,504,860456,3441824,46,182.5836272239685,6716,3,0.01695959595959596,8,104,380,6,flex,0.4345737373737374
400,400,0,728602,2914408,1,121.88223338127136,0,0,0.0,8,104,420,4,flex,0.44975432098765433
400,310,688964,732480,2929920,0,82.82778096199036,94414,9,0.15293333333333334,8,105,0,0,rigid,0.8138666666666666
400,400,0,719726,2878904,0,95.16393160820007,0,0,0.0,8,104,420,5,rigid,0.3998477777777778
400,400,0,719432,2877728,0,116.87420892715454,0,0,0.0,8,104,420,5,flex,0.39968444444444445
400,400,0,714494,2857976,0,96.82821130752563,0,0,0.0,8,104,420,6,rigid,0.36085555555555554
400,314,683892,730266,2921064,0,80.45090055465698,96060,10,0.12744444444444444,8,105,250,1,rigid,0.6761722222222222
400,400,0,714848,2859392,0,115.18302989006042,0,0,0.0,8,104,420,6,flex,0.36103434343434343
400,315,683670,727548,2910192,0,82.88778853416443,93242,8,0.10923809523809523,8,105,250,2,rigid,0.5774190476190476
400,315,683670,725298,2901192,0,80.96796536445618,89708,7,0.09558333333333334,8,105,250,3,rigid,0.5036791666666667
400,315,683670,723414,2893656,0,77.76770114898682,89708,7,0.08496296296296296,8,105,250,4,rigid,0.44655185185185187
400,315,683670,721284,2885136,0,72.51022386550903,89708,7,0.07646666666666667,8,105,250,5,rigid,0.4007133333333333
400,315,683670,719778,2879112,0,71.27932620048523,89708,7,0.06951515151515152,8,105,250,6,rigid,0.3635242424242424
400,314,683892,730338,2921352,0,81.17404699325562,96176,8,0.12744444444444444,8,105,270,1,rigid,0.6762388888888888
400,315,683670,727512,2910048,0,79.70881175994873,91046,9,0.10923809523809523,8,105,270,2,rigid,0.5773904761904762
400,333,217028,895796,3583184,54,194.27600049972534,75676,17,0.15326666666666666,8,105,0,0,flex,0.9953288888888889
400,315,683670,724992,2899968,0,80.71139574050903,94640,8,0.09558333333333334,8,105,270,3,rigid,0.5034666666666666
400,315,683670,722766,2891064,0,74.26495885848999,93104,8,0.08496296296296296,8,105,270,4,rigid,0.44615185185185186
400,315,683670,720366,2881464,0,72.05269193649292,89708,7,0.07646666666666667,8,105,270,5,rigid,0.40020333333333336
400,358,108380,933516,3734064,66,236.30977845191956,47716,14,0.11755555555555555,8,105,250,1,flex,0.8643666666666666
400,315,683670,718860,2875440,0,72.60515308380127,89708,7,0.06951515151515152,8,105,270,6,rigid,0.3630606060606061
400,370,63702,970346,3881384,77,235.02202677726746,39814,13,0.09466666666666666,8,105,250,2,flex,0.770115873015873
400,384,35002,969014,3876056,79,237.43580865859985,21216,8,0.07216666666666667,8,105,250,3,flex,0.6729263888888889
400,389,25038,941720,3766880,70,243.71731162071228,24288,8,0.07362962962962963,8,105,250,4,flex,0.5813086419753086
400,391,18972,948122,3792488,73,243.2949333190918,20784,4,0.05773333333333333,8,105,250,5,flex,0.5267344444444444
400,340,556674,724596,2898384,0,88.85607504844666,72028,6,0.1026574074074074,8,105,380,1,rigid,0.6709222222222222
400,358,108380,927686,3710744,64,240.34795379638672,47048,15,0.11446296296296296,8,105,270,1,flex,0.8589685185185185
400,370,63702,953428,3813712,71,234.28374814987183,34342,13,0.07295238095238095,8,105,270,2,flex,0.7566888888888889
400,394,13374,933522,3734088,70,255.29089736938477,6468,1,0.01633333333333333,8,105,250,6,flex,0.47147575757575755
400,345,548936,720960,2883840,0,91.04865169525146,65538,4,0.08228571428571428,8,105,380,2,rigid,0.5721904761904761
400,384,35002,968978,3875912,79,233.59818363189697,24288,8,0.08283333333333333,8,105,270,3,flex,0.6729013888888888
400,345,548936,715776,2863104,0,94.12413954734802,70470,5,0.072,8,105,380,3,rigid,0.49706666666666666
400,389,25038,944228,3776912,70,239.76547765731812,20016,8,0.060444444444444446,8,105,270,4,flex,0.5828567901234568
400,391,18972,949538,3798152,73,239.0644359588623,20784,4,0.05773333333333333,8,105,270,5,flex,0.5275211111111111
400,345,548936,711444,2845776,0,94.44800305366516,65538,4,0.064,8,105,380,4,rigid,0.439162962962963
400,345,548936,708558,2834232,0,91.64583492279053,65538,4,0.0576,8,105,380,5,rigid,0.39364333333333335
400,345,548936,704574,2818296,0,90.05056309700012,65538,4,0.05236363636363636,8,105,380,6,rigid,0.3558454545454545
400,367,73248,878472,3513888,49,209.72636580467224,29496,11,0.09342592592592593,8,105,380,1,flex,0.8134
400,359,112418,725520,2902080,0,90.10423135757446,38900,11,0.07326851851851852,8,105,420,1,rigid,0.6717777777777778
400,394,13374,935112,3740448,70,254.27310609817505,6468,1,0.01633333333333333,8,105,270,6,flex,0.47227878787878785
400,389,33082,866858,3467432,48,200.85222935676575,21966,5,0.08716666666666667,8,105,380,2,flex,0.6879825396825396
400,392,17840,859286,3437144,46,184.89051485061646,22656,4,0.07866666666666666,8,105,380,3,flex,0.5967263888888888
400,385,27216,720408,2881632,0,87.89878392219543,14102,5,0.05300793650793651,8,105,420,2,rigid,0.5717523809523809
400,393,11860,865872,3463488,48,175.88217306137085,21128,4,0.06520987654320988,8,105,380,4,flex,0.5344888888888889
400,394,7660,854172,3416688,47,178.4384617805481,6468,1,0.017966666666666666,8,105,380,5,flex,0.47454
400,394,11278,716022,2864088,0,94.67854714393616,14246,3,0.049465277777777775,8,105,420,3,rigid,0.4972375
300,264,170828,546538,2186152,0,43.49194598197937,33432,3,0.11273333333333334,6,101,0,0,rigid,0.6072644444444445
400,394,3488,710946,2843784,0,94.0833044052124,11724,3,0.03618518518518519,8,105,420,4,rigid,0.43885555555555555
400,380,46782,799138,3196552,22,165.7868037223816,22964,10,0.08768518518518519,8,105,420,1,flex,0.7399425925925925
400,394,8576,723464,2893856,2,126.90834665298462,14332,3,0.04976388888888889,8,105,420,3,flex,0.5024055555555555
400,391,18222,745522,2982088,7,139.97986340522766,16332,3,0.0648095238095238,8,105,420,2,flex,0.591684126984127
400,394,4490,850946,3403784,47,179.8351981639862,6468,1,0.01633333333333333,8,105,380,6,flex,0.4297707070707071
300,265,170766,543052,2172208,0,43.65438365936279,33432,3,0.09394444444444444,6,101,250,1,rigid,0.5028259259259259
400,396,2400,715966,2863864,1,121.31072807312012,11724,3,0.03618518518518519,8,105,420,4,flex,0.4419543209876543
400,399,544,706782,2827128,0,97.10219693183899,0,0,0.0,8,105,420,5,rigid,0.39265666666666665
300,285,26654,622860,2491440,24,90.0017569065094,23442,8,0.11166666666666666,6,101,0,0,flex,0.6920666666666667
300,265,170766,540190,2160760,0,45.07722330093384,33432,3,0.08052380952380953,6,101,250,2,rigid,0.4287222222222222
400,400,0,702102,2808408,0,96.54845142364502,0,0,0.0,8,105,420,6,rigid,0.3545969696969697
400,400,0,711506,2846024,1,119.61352205276489,0,0,0.0,8,105,420,5,flex,0.39528111111111114
300,265,170766,537802,2151208,0,45.06834101676941,33432,3,0.07045833333333333,6,101,250,3,rigid,0.3734736111111111
400,400,0,703356,2813424,0,116.31124663352966,0,0,0.0,8,105,420,6,flex,0.355230303030303
300,265,170766,535420,2141680,0,43.31888270378113,33432,3,0.06262962962962963,6,101,250,4,rigid,0.3305061728395062
300,265,170766,533470,2133880,0,42.07079792022705,33432,3,0.05636666666666667,6,101,250,5,rigid,0.2963722222222222
300,265,170766,532234,2128936,0,42.60731792449951,33432,3,0.05124242424242424,6,101,250,6,rigid,0.2688050505050505
300,290,13696,633672,2534688,30,116.24674606323242,19512,4,0.09033333333333333,6,101,250,1,flex,0.5867333333333333
300,265,170766,543052,2172208,0,44.883629322052,33432,3,0.09394444444444444,6,101,270,1,rigid,0.5028259259259259
300,265,170766,540190,2160760,0,44.7763557434082,33432,3,0.08052380952380953,6,101,270,2,rigid,0.4287222222222222
300,265,170766,537802,2151208,0,44.90393090248108,33432,3,0.07045833333333333,6,101,270,3,rigid,0.3734736111111111
300,265,170766,535420,2141680,0,44.15807509422302,33432,3,0.06262962962962963,6,101,270,4,rigid,0.3305061728395062
300,295,7156,632108,2528432,30,115.5977144241333,18924,3,0.07509523809523809,6,101,250,2,flex,0.5016730158730158
300,265,170766,533434,2133736,0,43.59725570678711,33432,3,0.05636666666666667,6,101,270,5,rigid,0.29635222222222224
300,296,4772,625390,2501560,29,116.43298316001892,20460,3,0.07104166666666667,6,101,250,3,flex,0.4342986111111111
300,297,2116,633928,2535712,34,120.4585690498352,13116,3,0.04048148148148148,6,101,250,4,flex,0.3913135802469136
300,265,170766,532234,2128936,0,44.254812479019165,33432,3,0.05124242424242424,6,101,270,6,rigid,0.2688050505050505
300,299,376,628534,2514136,32,126.34355044364929,6468,1,0.017966666666666666,6,101,250,5,flex,0.3491855555555556
300,274,121670,541264,2165056,0,47.08236742019653,22542,2,0.09394444444444444,6,101,380,1,rigid,0.5011703703703704
300,290,13696,633672,2534688,30,115.89369773864746,17388,3,0.0805,6,101,270,1,flex,0.5867333333333333
300,300,0,627762,2511048,32,136.7810959815979,17388,3,0.04390909090909091,6,101,250,6,flex,0.31705151515151514
300,280,111564,537382,2149528,0,51.09045600891113,22542,2,0.08052380952380953,6,101,380,2,rigid,0.4264936507936508
300,295,7156,633692,2534768,30,115.88870525360107,17976,4,0.07133333333333333,6,101,270,2,flex,0.5029301587301588
300,296,4772,625870,2503480,29,115.87826037406921,13690,4,0.04753472222222222,6,101,270,3,flex,0.4346319444444444
300,282,110382,533770,2135080,0,50.70277285575867,22542,2,0.07045833333333333,6,101,380,3,rigid,0.37067361111111113
300,297,2116,635386,2541544,34,120.08518981933594,13116,3,0.04048148148148148,6,101,270,4,flex,0.3922135802469136
300,282,110382,530170,2120680,0,50.13788819313049,22542,2,0.06262962962962963,6,101,380,4,rigid,0.3272654320987654
300,299,376,628072,2512288,32,125.05735850334167,6468,1,0.017966666666666666,6,101,270,5,flex,0.3489288888888889
300,293,6608,599370,2397480,20,100.21748447418213,17962,4,0.0831574074074074,6,101,380,1,flex,0.5549722222222222
300,282,110382,526360,2105440,0,50.221765995025635,22542,2,0.05636666666666667,6,101,380,5,rigid,0.2924222222222222
300,300,0,596880,2387520,20,97.04360890388489,18924,3,0.07509523809523809,6,101,380,2,flex,0.4737142857142857
300,300,0,586156,2344624,18,93.2685751914978,17388,3,0.060375,6,101,380,3,flex,0.40705277777777776
300,282,110382,523414,2093656,0,51.27906894683838,22542,2,0.05124242424242424,6,101,380,6,rigid,0.26435050505050506
300,292,12094,541150,2164600,0,47.031036138534546,12936,2,0.05988888888888889,6,101,420,1,rigid,0.5010648148148148
300,300,0,627582,2510328,32,131.52286410331726,17388,3,0.04390909090909091,6,101,270,6,flex,0.31696060606060605
300,299,720,537166,2148664,0,51.12666368484497,11400,2,0.04523809523809524,6,101,420,2,rigid,0.4263222222222222
300,300,0,582406,2329624,18,92.4628517627716,13116,3,0.04048148148148148,6,101,380,4,flex,0.35950987654320987
300,300,0,582168,2328672,19,91.75820994377136,6468,1,0.017966666666666666,6,101,380,5,flex,0.32342666666666664
300,300,0,533026,2132104,0,53.82093167304993,5256,2,0.01825,6,101,420,3,rigid,0.37015694444444447
300,296,4940,558558,2234232,5,78.78360271453857,12936,2,0.05988888888888889,6,101,420,1,flex,0.5171833333333333
300,300,0,539566,2158264,1,72.77539277076721,9864,2,0.039142857142857146,6,101,420,2,flex,0.4282269841269841
300,300,0,575806,2303224,18,92.6940233707428,6468,1,0.01633333333333333,6,101,380,6,flex,0.29081111111111113
300,300,0,529378,2117512,0,54.14979553222656,0,0,0.0,6,101,420,4,rigid,0.32677654320987654
300,300,0,532804,2131216,0,73.53098964691162,6792,2,0.023583333333333335,6,101,420,3,flex,0.3700027777777778
300,300,0,525670,2102680,0,54.65402150154114,6306,2,0.017516666666666666,6,101,420,5,rigid,0.2920388888888889
300,300,0,529282,2117128,0,69.1998336315155,6468,1,0.019962962962962964,6,101,420,4,flex,0.3267172839506173
300,265,91888,559318,2237272,0,43.264185667037964,13226,4,0.033577777777777776,6,102,0,0,rigid,0.6214644444444445
300,300,0,525946,2103784,0,67.410325050354,0,0,0.0,6,101,420,5,flex,0.29219222222222224
300,300,0,522430,2089720,0,55.71443247795105,0,0,0.0,6,101,420,6,rigid,0.26385353535353534
300,269,88076,556372,2225488,0,42.61366510391235,11690,4,0.027981481481481482,6,102,250,1,rigid,0.5151592592592592
300,300,0,522700,2090800,0,66.68832015991211,0,0,0.0,6,101,420,6,flex,0.263989898989899
300,269,88076,553558,2214232,0,43.22241568565369,11690,4,0.023984126984126983,6,102,250,2,rigid,0.439331746031746
300,269,88076,551446,2205784,0,44.33725357055664,11690,4,0.02098611111111111,6,102,250,3,rigid,0.3829486111111111
300,269,88076,549946,2199784,0,42.75460362434387,11690,4,0.01865432098765432,6,102,250,4,rigid,0.33947283950617285
300,279,24428,616042,2464168,18,81.59041690826416,6040,4,0.024344444444444443,6,102,0,0,flex,0.6844911111111112
300,269,88076,548512,2194048,0,42.93747329711914,11690,4,0.016788888888888888,6,102,250,5,rigid,0.3047288888888889
300,269,88076,547390,2189560,0,42.387001514434814,11690,4,0.015262626262626262,6,102,250,6,rigid,0.27645959595959596
300,269,88076,556372,2225488,0,43.45239996910095,11690,4,0.027981481481481482,6,102,270,1,rigid,0.5151592592592592
300,269,88076,553558,2214232,0,43.18021059036255,11690,4,0.023984126984126983,6,102,270,2,rigid,0.439331746031746
300,269,88076,551446,2205784,0,44.38489127159119,11690,4,0.02098611111111111,6,102,270,3,rigid,0.3829486111111111
300,294,6638,630148,2520592,23,108.67484045028687,3396,1,0.01572222222222222,6,102,250,1,flex,0.5834703703703704
300,269,88076,549946,2199784,0,43.4673912525177,11690,4,0.01865432098765432,6,102,270,4,rigid,0.33947283950617285
300,297,2762,626392,2505568,24,108.71902203559875,3396,1,0.013476190476190477,6,102,250,2,flex,0.49713650793650793
300,269,88076,548512,2194048,0,43.635552167892456,11690,4,0.016788888888888888,6,102,270,5,rigid,0.3047288888888889
300,300,0,625516,2502064,25,110.43908143043518,3396,1,0.011791666666666667,6,102,250,3,flex,0.4343861111111111
300,269,88076,547390,2189560,0,42.32243227958679,11690,4,0.015262626262626262,6,102,270,6,rigid,0.27645959595959596
300,300,0,621954,2487816,25,119.14470934867859,3396,1,0.010481481481481482,6,102,250,4,flex,0.3839222222222222
300,300,0,613408,2453632,22,123.30445742607117,3396,1,0.009433333333333334,6,102,250,5,flex,0.3407822222222222
300,294,6638,630388,2521552,23,109.6259696483612,3396,1,0.01572222222222222,6,102,270,1,flex,0.5836925925925925
300,297,2762,626392,2505568,24,106.66350960731506,3396,1,0.013476190476190477,6,102,270,2,flex,0.49713650793650793
300,286,38344,554560,2218240,0,47.078954219818115,7506,3,0.01572222222222222,6,102,380,1,rigid,0.5134814814814814
300,300,0,615214,2460856,23,135.06768083572388,3396,1,0.008575757575757575,6,102,250,6,flex,0.3107141414141414
300,300,0,626236,2504944,25,110.05012035369873,3396,1,0.011791666666666667,6,102,270,3,flex,0.4348861111111111
300,287,36818,550864,2203456,0,49.291203022003174,7506,3,0.013476190476190477,6,102,380,2,rigid,0.4371936507936508
300,287,36818,547894,2191576,0,51.89119338989258,7506,3,0.011791666666666667,6,102,380,3,rigid,0.38048194444444444
300,300,0,621954,2487816,25,118.49171829223633,3396,1,0.010481481481481482,6,102,270,4,flex,0.3839222222222222
300,287,36818,545284,2181136,0,52.292102336883545,7506,3,0.010481481481481482,6,102,380,4,rigid,0.33659506172839504
300,300,0,613348,2453392,22,121.59917759895325,3396,1,0.009433333333333334,6,102,270,5,flex,0.3407488888888889
300,300,0,589802,2359208,13,89.27553582191467,3396,1,0.013476190476190477,6,102,380,2,flex,0.4680968253968254
300,300,0,609276,2437104,17,96.10813045501709,3396,1,0.01572222222222222,6,102,380,1,flex,0.5641444444444444
300,287,36818,542902,2171608,0,53.91496419906616,7506,3,0.009433333333333334,6,102,380,5,rigid,0.3016122222222222
300,287,36818,540736,2162944,0,54.82069492340088,7506,3,0.008575757575757575,6,102,380,6,rigid,0.2730989898989899
300,300,0,577418,2309672,10,88.82307243347168,3396,1,0.011791666666666667,6,102,380,3,flex,0.4009847222222222
300,298,1850,554410,2217640,0,52.250884771347046,0,0,0.0,6,102,420,1,rigid,0.5133425925925926
300,300,0,615214,2460856,23,136.90918970108032,3396,1,0.008575757575757575,6,102,270,6,flex,0.3107141414141414
300,300,0,574586,2298344,10,93.05972266197205,3396,1,0.010481481481481482,6,102,380,4,flex,0.35468271604938273
300,300,0,549988,2199952,0,56.06510925292969,0,0,0.0,6,102,420,2,rigid,0.4364984126984127
300,300,0,573350,2293400,10,91.71595335006714,3396,1,0.009433333333333334,6,102,380,5,flex,0.3185277777777778
300,300,0,571274,2285096,10,94.6833164691925,3396,1,0.008575757575757575,6,102,380,6,flex,0.28852222222222224
300,300,0,545698,2182792,0,57.69842982292175,0,0,0.0,6,102,420,3,rigid,0.37895694444444444
300,300,0,563114,2252456,3,81.55424165725708,0,0,0.0,6,102,420,1,flex,0.5214018518518518
300,300,0,549988,2199952,0,79.37845349311829,0,0,0.0,6,102,420,2,flex,0.4364984126984127
300,300,0,542464,2169856,0,58.75800085067749,0,0,0.0,6,102,420,4,rigid,0.33485432098765433
300,300,0,545626,2182504,0,75.70217943191528,0,0,0.0,6,102,420,3,flex,0.37890694444444445
300,300,0,539842,2159368,0,60.05832600593567,0,0,0.0,6,102,420,5,rigid,0.29991222222222225
300,257,274006,559036,2236144,0,44.918691635131836,34898,4,0.0925,6,103,0,0,rigid,0.6211511111111111
300,300,0,542548,2170192,0,75.2652530670166,0,0,0.0,6,102,420,4,flex,0.3349061728395062
300,300,0,537172,2148688,0,59.96736192703247,0,0,0.0,6,102,420,6,rigid,0.2712989898989899
300,300,0,539926,2159704,0,73.7072491645813,0,0,0.0,6,102,420,5,flex,0.2999588888888889
300,257,274006,555994,2223976,0,45.26890540122986,34898,4,0.07708333333333334,6,103,250,1,rigid,0.5148092592592592
300,300,0,537130,2148520,0,70.89998388290405,0,0,0.0,6,102,420,6,flex,0.2712777777777778
300,257,274006,553402,2213608,0,44.50027942657471,34898,4,0.06607142857142857,6,103,250,2,rigid,0.4392079365079365
300,257,274006,550882,2203528,0,45.516008615493774,34898,4,0.0578125,6,103,250,3,rigid,0.38255694444444444
300,257,274006,549322,2197288,0,44.39862585067749,34898,4,0.05138888888888889,6,103,250,4,rigid,0.33908765432098764
300,257,274006,547960,2191840,0,42.717148542404175,34898,4,0.04625,6,103,250,5,rigid,0.3044222222222222
300,257,274006,546916,2187664,0,43.499032974243164,34898,4,0.042045454545454546,6,103,250,6,rigid,0.27622020202020203
300,286,32746,656486,2625944,31,96.43533229827881,9042,3,0.037733333333333334,6,103,0,0,flex,0.7294288888888889
300,257,274006,555994,2223976,0,49.11583471298218,34898,4,0.07708333333333334,6,103,270,1,rigid,0.5148092592592592
300,257,274006,553402,2213608,0,52.272791624069214,34898,4,0.06607142857142857,6,103,270,2,rigid,0.4392079365079365
300,257,274006,550882,2203528,0,53.44458293914795,34898,4,0.0578125,6,103,270,3,rigid,0.38255694444444444
300,290,18730,658006,2632024,32,119.65358877182007,6468,1,0.029944444444444444,6,103,250,1,flex,0.6092648148148149
300,257,274006,549082,2196328,0,49.60750913619995,34898,4,0.05138888888888889,6,103,270,4,rigid,0.3389395061728395
300,257,274006,547756,2191024,0,52.444414138793945,34898,4,0.04625,6,103,270,5,rigid,0.3043088888888889
300,293,8422,662556,2650224,35,131.88208508491516,6468,1,0.025666666666666667,6,103,250,2,flex,0.5258380952380952
300,294,4814,658300,2633200,34,128.68772292137146,6468,1,0.022458333333333334,6,103,250,3,flex,0.4571527777777778
300,257,274006,546916,2187664,0,45.479538917541504,34898,4,0.042045454545454546,6,103,270,6,rigid,0.27622020202020203
300,298,2016,656432,2625728,34,136.99490332603455,6468,1,0.019962962962962964,6,103,250,4,flex,0.4052049382716049
300,290,18730,657286,2629144,32,124.79214239120483,7992,2,0.037,6,103,270,1,flex,0.6085981481481482
300,265,257724,553618,2214472,0,50.24712872505188,34898,4,0.07708333333333334,6,103,380,1,rigid,0.5126092592592593
300,300,0,658130,2632520,36,150.6358048915863,6468,1,0.017966666666666666,6,103,250,5,flex,0.3656277777777778
300,293,8422,663036,2652144,35,137.22661757469177,6468,1,0.025666666666666667,6,103,270,2,flex,0.5262190476190476
300,265,257724,549034,2196136,0,56.288960695266724,34898,4,0.06607142857142857,6,103,380,2,rigid,0.4357412698412698
300,294,4814,658198,2632792,34,135.99408793449402,6468,1,0.022458333333333334,6,103,270,3,flex,0.45708194444444444
300,300,0,653674,2614696,36,166.40407872200012,6468,1,0.01633333333333333,6,103,250,6,flex,0.33013838383838384
300,265,257724,545368,2181472,0,58.165719985961914,34898,4,0.0578125,6,103,380,3,rigid,0.3787277777777778
300,265,257724,542518,2170072,0,60.98018455505371,34898,4,0.05138888888888889,6,103,380,4,rigid,0.33488765432098766
300,298,2016,656672,2626688,34,143.89759349822998,6468,1,0.019962962962962964,6,103,270,4,flex,0.4053530864197531
300,265,257724,539722,2158888,0,60.77256751060486,34898,4,0.04625,6,103,380,5,rigid,0.29984555555555553
300,291,18948,639308,2557232,26,117.73660922050476,10128,2,0.04688888888888889,6,103,380,1,flex,0.5919518518518518
300,294,5992,645814,2583256,29,114.8514461517334,6468,1,0.025666666666666667,6,103,380,2,flex,0.5125507936507937
300,300,0,657380,2629520,36,160.99173021316528,6468,1,0.017966666666666666,6,103,270,5,flex,0.3652111111111111
300,265,257724,536974,2147896,0,60.220200538635254,34898,4,0.042045454545454546,6,103,380,6,rigid,0.2711989898989899
300,287,30036,554044,2216176,0,53.980865478515625,6956,3,0.021787037037037035,6,103,420,1,rigid,0.5130037037037037
300,297,3288,636374,2545496,28,117.64863014221191,6468,1,0.022458333333333334,6,103,380,3,flex,0.4419263888888889
300,300,0,653980,2615920,36,166.2613353729248,6468,1,0.01633333333333333,6,103,270,6,flex,0.3302929292929293
300,299,504,633680,2534720,28,113.46007752418518,6468,1,0.019962962962962964,6,103,380,4,flex,0.3911604938271605
300,294,3836,549340,2197360,0,56.857662200927734,3396,1,0.013476190476190477,6,103,420,2,rigid,0.435984126984127
300,300,0,545026,2180104,0,58.362345933914185,4932,1,0.017125,6,103,420,3,rigid,0.3784902777777778
300,300,0,629328,2517312,27,112.21867680549622,6468,1,0.017966666666666666,6,103,380,5,flex,0.34962666666666664
300,296,7092,588628,2354512,10,92.3568902015686,4706,2,0.021787037037037035,6,103,420,1,flex,0.5450259259259259
300,299,544,566276,2265104,5,84.95179462432861,6468,1,0.025666666666666667,6,103,420,2,flex,0.44942539682539684
300,300,0,539926,2159704,0,59.32130765914917,0,0,0.0,6,103,420,4,rigid,0.33328765432098767
300,300,0,624180,2496720,27,115.78359055519104,6468,1,0.01633333333333333,6,103,380,6,flex,0.31524242424242427
300,300,0,545080,2180320,0,83.94080758094788,4932,1,0.017125,6,103,420,3,flex,0.3785277777777778
300,300,0,535834,2143336,0,61.113945960998535,0,0,0.0,6,103,420,5,rigid,0.29768555555555554
300,300,0,531940,2127760,0,62.376070737838745,0,0,0.0,6,103,420,6,rigid,0.26865656565656565
300,300,0,540142,2160568,0,79.93237614631653,3396,1,0.010481481481481482,6,103,420,4,flex,0.333420987654321
300,272,146196,552446,2209784,0,50.12532639503479,15522,3,0.058388888888888886,6,104,250,1,rigid,0.5115240740740741
300,271,146916,556220,2224880,0,51.97226357460022,15522,3,0.07006666666666667,6,104,0,0,rigid,0.6180222222222223
300,300,0,536524,2146096,0,76.26864910125732,0,0,0.0,6,103,420,5,flex,0.2980688888888889
300,300,0,532900,2131600,0,75.60160613059998,0,0,0.0,6,103,420,6,flex,0.2691414141414141
300,272,146196,549620,2198480,0,50.98641037940979,15522,3,0.05004761904761905,6,104,250,2,rigid,0.4362063492063492
300,272,146196,547070,2188280,0,50.64834427833557,15522,3,0.043791666666666666,6,104,250,3,rigid,0.37990972222222225
300,272,146196,544880,2179520,0,48.763713121414185,15522,3,0.038925925925925926,6,104,250,4,rigid,0.3363456790123457
300,283,29226,625092,2500368,21,90.06059002876282,13008,5,0.0662,6,104,0,0,flex,0.6945466666666666
300,272,146196,542822,2171288,0,47.16638970375061,15522,3,0.03503333333333333,6,104,250,5,rigid,0.30156777777777777
300,272,146196,540878,2163512,0,46.81317400932312,15522,3,0.03184848484848485,6,104,250,6,rigid,0.27317070707070706
300,272,146196,552446,2209784,0,49.76855278015137,15522,3,0.058388888888888886,6,104,270,1,rigid,0.5115240740740741
300,272,146196,549314,2197256,0,49.290180683135986,15522,3,0.05004761904761905,6,104,270,2,rigid,0.43596349206349205
300,287,15698,614692,2458768,20,112.19939541816711,6468,1,0.029944444444444444,6,104,250,1,flex,0.5691592592592593
300,272,146196,546458,2185832,0,49.154289960861206,15522,3,0.043791666666666666,6,104,270,3,rigid,0.37948472222222224
300,293,10010,618014,2472056,22,114.61627125740051,7644,3,0.030333333333333334,6,104,250,2,flex,0.4904873015873016
300,272,146196,543998,2175992,0,48.334728717803955,15522,3,0.038925925925925926,6,104,270,4,rigid,0.33580123456790123
300,296,4162,611842,2447368,21,114.58280920982361,6468,1,0.022458333333333334,6,104,250,3,flex,0.42489027777777777
300,272,146196,541598,2166392,0,47.11427283287048,15522,3,0.03503333333333333,6,104,270,5,rigid,0.30088777777777775
300,297,1340,616602,2466408,23,122.2871208190918,7392,2,0.022814814814814816,6,104,250,4,flex,0.3806185185185185
300,272,146196,539654,2158616,0,47.54059386253357,15522,3,0.03184848484848485,6,104,270,6,rigid,0.27255252525252527
300,287,15698,614692,2458768,20,112.64302349090576,10218,4,0.04730555555555556,6,104,270,1,flex,0.5691592592592593
300,299,544,612022,2448088,23,125.18680453300476,6468,1,0.017966666666666666,6,104,250,5,flex,0.3400122222222222
300,293,10010,618014,2472056,22,114.83298087120056,8844,3,0.035095238095238096,6,104,270,2,flex,0.4904873015873016
300,276,136224,550586,2202344,0,52.72067832946777,13272,2,0.058388888888888886,6,104,380,1,rigid,0.5098018518518519
300,300,0,610470,2441880,23,134.99751043319702,6468,1,0.01633333333333333,6,104,250,6,flex,0.3083181818181818
300,296,4162,612544,2450176,21,118.3050765991211,6468,1,0.022458333333333334,6,104,270,3,flex,0.4253777777777778
300,276,136224,546320,2185280,0,55.210042238235474,13272,2,0.05004761904761905,6,104,380,2,rigid,0.4335873015873016
300,276,136224,542516,2170064,0,56.9927191734314,13272,2,0.043791666666666666,6,104,380,3,rigid,0.37674722222222223
300,297,1340,616122,2464488,23,119.91129660606384,6468,1,0.019962962962962964,6,104,270,4,flex,0.38032222222222223
300,276,136224,538838,2155352,0,55.674338817596436,13272,2,0.038925925925925926,6,104,380,4,rigid,0.33261604938271605
300,291,14238,604726,2418904,18,102.31762313842773,10816,3,0.050074074074074076,6,104,380,1,flex,0.5599314814814815
300,299,544,613204,2452816,23,123.21392798423767,6468,1,0.017966666666666666,6,104,270,5,flex,0.3406688888888889
300,276,136224,535778,2143112,0,56.386749267578125,13272,2,0.03503333333333333,6,104,380,5,rigid,0.29765444444444444
300,295,4338,606548,2426192,19,101.69989156723022,7644,3,0.030333333333333334,6,104,380,2,flex,0.4813873015873016
300,276,136224,532274,2129096,0,54.84321689605713,13272,2,0.03184848484848485,6,104,380,6,rigid,0.2688252525252525
300,300,0,612174,2448696,23,134.9151382446289,6468,1,0.01633333333333333,6,104,270,6,flex,0.3091787878787879
300,289,20390,550484,2201936,0,50.60578179359436,5256,2,0.024333333333333332,6,104,420,1,rigid,0.5097074074074074
300,298,2100,598520,2394080,18,99.73607420921326,6468,1,0.022458333333333334,6,104,380,3,flex,0.4156388888888889
300,300,0,602048,2408192,20,98.42496633529663,6468,1,0.019962962962962964,6,104,380,4,flex,0.37163456790123456
300,296,2968,546188,2184752,0,54.572444677352905,3396,1,0.013476190476190477,6,104,420,2,rigid,0.4334825396825397
300,300,0,597910,2391640,20,95.17936849594116,6468,1,0.017966666666666666,6,104,380,5,flex,0.3321722222222222
300,299,544,555826,2223304,3,75.63446712493896,1860,1,0.007380952380952381,6,104,420,2,flex,0.44113174603174604
300,296,5176,573880,2295520,7,81.52713704109192,6468,1,0.029944444444444444,6,104,420,1,flex,0.5313703703703704
300,300,0,593662,2374648,20,97.98715782165527,6468,1,0.01633333333333333,6,104,380,6,flex,0.29982929292929295
300,300,0,541604,2166416,0,56.34832692146301,0,0,0.0,6,104,420,3,rigid,0.3761138888888889
300,300,0,537062,2148248,0,57.23845720291138,0,0,0.0,6,104,420,4,rigid,0.33151975308641973
300,300,0,541958,2167832,0,75.41721177101135,0,0,0.0,6,104,420,3,flex,0.37635972222222225
300,300,0,537020,2148080,0,69.97615814208984,0,0,0.0,6,104,420,4,flex,0.3314938271604938
300,264,175494,529558,2118232,0,45.43399500846863,28432,4,0.0786,6,105,0,0,rigid,0.5883977777777778
300,300,0,532952,2131808,0,56.597161293029785,0,0,0.0,6,104,420,5,rigid,0.29608444444444443
300,300,0,533342,2133368,0,69.66467475891113,0,0,0.0,6,104,420,5,flex,0.2963011111111111
300,300,0,529478,2117912,0,56.67736887931824,0,0,0.0,6,104,420,6,rigid,0.2674131313131313
300,266,167008,527008,2108032,0,44.47349715232849,24670,5,0.0655,6,105,250,1,rigid,0.4879703703703704
300,300,0,529814,2119256,0,66.8656599521637,0,0,0.0,6,104,420,6,flex,0.26758282828282826
300,266,167008,524332,2097328,0,44.352596044540405,24670,5,0.05614285714285714,6,105,250,2,rigid,0.4161365079365079
300,266,167008,521800,2087200,0,43.91192936897278,24670,5,0.049125,6,105,250,3,rigid,0.36236111111111113
300,266,167008,519910,2079640,0,42.449774503707886,24670,5,0.043666666666666666,6,105,250,4,rigid,0.3209320987654321
300,266,167008,518338,2073352,0,42.04012727737427,24670,5,0.0393,6,105,250,5,rigid,0.28796555555555553
300,287,26570,599368,2397472,23,88.17700719833374,16512,4,0.09173333333333333,6,105,0,0,flex,0.6659644444444445
300,266,167008,517546,2070184,0,41.9274959564209,24670,5,0.035727272727272726,6,105,250,6,rigid,0.26138686868686867
300,266,167008,527008,2108032,0,43.837249994277954,24670,5,0.0655,6,105,270,1,rigid,0.4879703703703704
300,266,167008,524332,2097328,0,43.469807386398315,24670,5,0.05614285714285714,6,105,270,2,rigid,0.4161365079365079
300,266,167008,521800,2087200,0,44.55627179145813,24670,5,0.049125,6,105,270,3,rigid,0.36236111111111113
300,290,15470,604958,2419832,27,112.94829416275024,14976,4,0.06933333333333333,6,105,250,1,flex,0.5601462962962963
300,293,4502,604784,2419136,27,111.68073153495789,13440,4,0.05333333333333334,6,105,250,2,flex,0.4799873015873016
300,266,167008,519946,2079784,0,45.35999608039856,24670,5,0.043666666666666666,6,105,270,4,rigid,0.3209543209876543
300,266,167008,518302,2073208,0,44.62844443321228,24670,5,0.0393,6,105,270,5,rigid,0.28794555555555557
300,297,2700,620884,2483536,34,109.00786590576172,16188,3,0.05620833333333333,6,105,250,3,flex,0.43116944444444444
300,266,167008,517204,2068816,0,47.794610261917114,24670,5,0.035727272727272726,6,105,270,6,rigid,0.2612141414141414
300,300,0,640680,2562720,40,129.65774178504944,6468,1,0.019962962962962964,6,105,250,4,flex,0.3954814814814815
300,290,15470,595850,2383400,24,113.75778913497925,16188,3,0.07494444444444444,6,105,270,1,flex,0.551712962962963
300,300,0,598882,2395528,28,133.38392114639282,6468,1,0.017966666666666666,6,105,250,5,flex,0.33271222222222224
300,294,4346,601568,2406272,26,118.20437693595886,12240,4,0.04857142857142857,6,105,270,2,flex,0.47743492063492066
300,273,152168,525022,2100088,0,55.485005617141724,21960,2,0.0655,6,105,380,1,rigid,0.4861314814814815
300,277,149196,520852,2083408,0,55.09407186508179,21960,2,0.05614285714285714,6,105,380,2,rigid,0.4133746031746032
300,300,0,597094,2388376,28,141.49913668632507,6468,1,0.01633333333333333,6,105,250,6,flex,0.30156262626262625
300,297,2700,601546,2406184,27,119.21333980560303,16188,3,0.05620833333333333,6,105,270,3,flex,0.4177402777777778
300,277,149196,517066,2068264,0,57.06985259056091,21960,2,0.049125,6,105,380,3,rigid,0.35907361111111114
300,300,0,602930,2411720,28,132.5830500125885,6468,1,0.019962962962962964,6,105,270,4,flex,0.372179012345679
300,277,149196,513484,2053936,0,54.05524754524231,21960,2,0.043666666666666666,6,105,380,4,rigid,0.31696543209876543
300,300,0,597886,2391544,28,131.83003997802734,6468,1,0.017966666666666666,6,105,270,5,flex,0.3321588888888889
300,277,149196,510274,2041096,0,50.54046058654785,21960,2,0.0393,6,105,380,5,rigid,0.28348555555555555
300,297,2700,585670,2342680,22,95.36581778526306,11916,3,0.047285714285714285,6,105,380,2,flex,0.4648174603174603
300,293,11838,613826,2455304,30,110.32295894622803,13440,4,0.06222222222222222,6,105,380,1,flex,0.5683574074074074
300,297,2700,580600,2322400,22,96.42511034011841,11916,3,0.041375,6,105,380,3,flex,0.40319444444444447
300,277,149196,507070,2028280,0,49.80474853515625,21960,2,0.035727272727272726,6,105,380,6,rigid,0.2560959595959596
300,288,23486,525106,2100424,0,45.62855577468872,9110,3,0.04217592592592593,6,105,420,1,rigid,0.4862092592592593
300,296,2832,521038,2084152,0,48.719255447387695,8328,2,0.03304761904761905,6,105,420,2,rigid,0.41352222222222224
300,300,0,598018,2392072,28,147.32532739639282,6468,1,0.01633333333333333,6,105,270,6,flex,0.3020292929292929
300,300,0,582052,2328208,23,98.5126576423645,6468,1,0.019962962962962964,6,105,380,4,flex,0.35929135802469137
300,300,0,535654,2142616,4,69.07073998451233,6792,2,0.026952380952380953,6,105,420,2,flex,0.42512222222222223
300,300,0,577594,2310376,23,96.73483324050903,6468,1,0.017966666666666666,6,105,380,5,flex,0.32088555555555554
200,187,72392,357996,1431984,0,20.495855808258057,7476,3,0.0285,4,101,0,0,rigid,0.3977733333333333
300,300,0,517420,2069680,0,50.28017616271973,0,0,0.0,6,105,420,3,rigid,0.35931944444444447
200,196,3244,397214,1588856,12,34.993854999542236,2206,3,0.012255555555555556,4,101,0,0,flex,0.4413488888888889
300,295,1552,550994,2203976,7,81.84345889091492,8328,2,0.03855555555555556,6,105,420,1,flex,0.5101796296296296
200,187,72392,355554,1422216,0,20.355416297912598,5454,2,0.02375,4,101,250,1,rigid,0.32921666666666666
300,300,0,517474,2069896,0,66.47621488571167,0,0,0.0,6,105,420,3,flex,0.35935694444444444
300,300,0,513340,2053360,0,50.79583382606506,0,0,0.0,6,105,420,4,rigid,0.3168765432098765
300,300,0,574120,2296480,23,97.85007238388062,6468,1,0.01633333333333333,6,105,380,6,flex,0.289959595959596
300,300,0,509890,2039560,0,52.26058602333069,0,0,0.0,6,105,420,5,rigid,0.2832722222222222
200,187,72392,354084,1416336,0,20.908434867858887,5940,3,0.02035714285714286,4,101,250,2,rigid,0.2810190476190476
300,300,0,513412,2053648,0,64.08448505401611,5256,2,0.01622222222222222,6,105,420,4,flex,0.316920987654321
200,187,72392,352722,1410888,0,21.227729558944702,5940,3,0.0178125,4,101,250,3,rigid,0.24494583333333333
300,300,0,506608,2026432,0,53.89451479911804,0,0,0.0,6,105,420,6,rigid,0.25586262626262624
200,197,2700,390166,1560664,12,44.19454288482666,324,1,0.0015,4,101,250,1,flex,0.3612648148148148
300,300,0,510280,2041120,0,62.34309482574463,0,0,0.0,6,105,420,5,flex,0.2834888888888889
200,187,72392,351396,1405584,0,21.042877197265625,5454,2,0.015833333333333335,4,101,250,4,rigid,0.2169111111111111
300,300,0,506920,2027680,0,61.352354288101196,0,0,0.0,6,105,420,6,flex,0.25602020202020204
200,187,72392,350352,1401408,0,21.273091554641724,5454,2,0.01425,4,101,250,5,rigid,0.19464
200,187,72392,349308,1397232,0,21.49615478515625,5454,2,0.012954545454545455,4,101,250,6,rigid,0.1764181818181818
200,187,72392,355554,1422216,0,20.793196439743042,8062,2,0.02375,4,101,270,1,rigid,0.32921666666666666
200,187,72392,354084,1416336,0,21.15026831626892,5940,3,0.02035714285714286,4,101,270,2,rigid,0.2810190476190476
200,200,0,392788,1571152,13,46.53102254867554,1882,2,0.0074682539682539685,4,101,250,2,flex,0.3117365079365079
200,187,72392,352860,1411440,0,21.830322265625,5454,2,0.0178125,4,101,270,3,rigid,0.24504166666666666
200,187,72392,351534,1406136,0,22.010146856307983,5454,2,0.015833333333333335,4,101,270,4,rigid,0.2169962962962963
200,200,0,389278,1557112,13,49.71362495422363,1396,1,0.004847222222222222,4,101,250,3,flex,0.27033194444444447
200,187,72392,350490,1401960,0,22.193177700042725,5454,2,0.01425,4,101,270,5,rigid,0.19471666666666668
200,197,2700,390166,1560664,12,42.424516677856445,3882,2,0.017972222222222223,4,101,270,1,flex,0.3612648148148148
200,200,0,387922,1551688,13,57.00461435317993,324,1,0.001,4,101,250,4,flex,0.23945802469135802
200,187,72392,349308,1397232,0,22.61379837989807,6526,2,0.012954545454545455,4,101,270,6,rigid,0.1764181818181818
200,187,72392,353952,1415808,0,22.558567762374878,5454,2,0.02375,4,101,380,1,rigid,0.3277333333333333
200,200,0,392446,1569784,13,48.15031695365906,324,1,0.0012857142857142856,4,101,270,2,flex,0.3114650793650794
200,200,0,386272,1545088,13,62.591824531555176,324,1,0.0009,4,101,250,5,flex,0.21459555555555557
200,187,72392,351168,1404672,0,23.658649444580078,5454,2,0.02035714285714286,4,101,380,2,rigid,0.2787047619047619
200,200,0,389278,1557112,13,52.80534553527832,1396,1,0.004847222222222222,4,101,270,3,flex,0.27033194444444447
200,187,72392,348600,1394400,0,24.639917135238647,5454,2,0.0178125,4,101,380,3,rigid,0.24208333333333334
200,200,0,385096,1540384,13,68.67418909072876,324,1,0.0008181818181818182,4,101,250,6,flex,0.1944929292929293
200,200,0,387922,1551688,13,57.11827826499939,1396,1,0.004308641975308642,4,101,270,4,flex,0.23945802469135802
200,197,2700,390124,1560496,12,40.485384941101074,324,1,0.0015,4,101,380,1,flex,0.36122592592592595
200,187,72392,346218,1384872,0,24.86331844329834,5454,2,0.015833333333333335,4,101,380,4,rigid,0.2137148148148148
200,200,0,391000,1564000,13,43.42399787902832,324,1,0.0012857142857142856,4,101,380,2,flex,0.3103174603174603
200,200,0,386272,1545088,13,61.76141142845154,324,1,0.0009,4,101,270,5,flex,0.21459555555555557
200,187,72392,344622,1378488,0,25.744075775146484,5454,2,0.01425,4,101,380,5,rigid,0.19145666666666666
200,200,0,387304,1549216,13,43.38838863372803,324,1,0.001125,4,101,380,3,flex,0.2689611111111111
200,187,72392,343320,1373280,0,26.655973434448242,5454,2,0.012954545454545455,4,101,380,6,rigid,0.1733939393939394
200,195,7764,354012,1416048,0,22.59166717529297,0,0,0.0,4,101,420,1,rigid,0.3277888888888889
200,200,0,385384,1541536,13,43.81256365776062,324,1,0.001,4,101,380,4,flex,0.23789135802469136
200,200,0,385270,1541080,13,68.5219714641571,324,1,0.0008181818181818182,4,101,270,6,flex,0.19458080808080808
200,199,324,350118,1400472,0,23.782186269760132,0,0,0.0,4,101,420,2,rigid,0.27787142857142855
200,200,0,369300,1477200,5,35.25152516365051,6630,1,0.030694444444444444,4,101,420,1,flex,0.34194444444444444
200,200,0,346470,1385880,0,25.79318618774414,0,0,0.0,4,101,420,3,rigid,0.24060416666666667
200,200,0,383032,1532128,13,47.214845180511475,324,1,0.0009,4,101,380,5,flex,0.21279555555555554
200,200,0,352848,1411392,1,35.09195852279663,0,0,0.0,4,101,420,2,flex,0.28003809523809525
200,200,0,343086,1372344,0,26.858663082122803,0,0,0.0,4,101,420,4,rigid,0.2117814814814815
200,200,0,346470,1385880,0,35.507752656936646,0,0,0.0,4,101,420,3,flex,0.24060416666666667
200,200,0,381340,1525360,13,50.05987000465393,324,1,0.0008181818181818182,4,101,380,6,flex,0.1925959595959596
200,200,0,340332,1361328,0,28.044938802719116,0,0,0.0,4,101,420,5,rigid,0.18907333333333334
200,200,0,343086,1372344,0,34.52858924865723,0,0,0.0,4,101,420,4,flex,0.2117814814814815
200,189,33426,375014,1500056,0,20.740320682525635,16920,3,0.053,4,102,0,0,rigid,0.41668222222222223
200,189,33426,373118,1492472,0,21.227397203445435,16920,3,0.04416666666666667,4,102,250,1,rigid,0.34547962962962964
200,200,0,340644,1362576,0,35.068909883499146,0,0,0.0,4,101,420,5,flex,0.18924666666666667
200,200,0,338502,1354008,0,35.06416869163513,0,0,0.0,4,101,420,6,flex,0.17096060606060606
200,200,0,338040,1352160,0,29.44906449317932,0,0,0.0,4,101,420,6,rigid,0.17072727272727273
200,189,33426,371390,1485560,0,22.090569734573364,16920,3,0.03785714285714286,4,102,250,2,rigid,0.29475396825396827
200,199,1776,408134,1632536,10,37.021679401397705,6468,1,0.03593333333333333,4,102,0,0,flex,0.45348222222222223
200,189,33426,369914,1479656,0,22.64352250099182,16920,3,0.033125,4,102,250,3,rigid,0.2568847222222222
200,189,33426,368600,1474400,0,23.0044105052948,16920,3,0.029444444444444443,4,102,250,4,rigid,0.22753086419753085
200,189,33426,367250,1469000,0,22.713993072509766,16920,3,0.0265,4,102,250,5,rigid,0.20402777777777778
200,189,33426,366872,1467488,0,22.88377070426941,16920,3,0.02409090909090909,4,102,250,6,rigid,0.1852888888888889
200,189,33426,373118,1492472,0,22.878241300582886,16920,3,0.04416666666666667,4,102,270,1,rigid,0.34547962962962964
200,200,0,408476,1633904,11,46.5634126663208,6468,1,0.029944444444444444,4,102,250,1,flex,0.3782185185185185
200,189,33426,371528,1486112,0,25.258935928344727,16920,3,0.03785714285714286,4,102,270,2,rigid,0.29486349206349205
200,200,0,405464,1621856,11,54.575486183166504,6468,1,0.025666666666666667,4,102,250,2,flex,0.3217968253968254
200,189,33426,370052,1480208,0,26.931836128234863,16920,3,0.033125,4,102,270,3,rigid,0.25698055555555555
200,189,33426,368738,1474952,0,28.246879816055298,16920,3,0.029444444444444443,4,102,270,4,rigid,0.22761604938271604
200,200,0,402272,1609088,11,61.732550859451294,6468,1,0.022458333333333334,4,102,250,3,flex,0.2793555555555556
200,189,33426,367424,1469696,0,27.798832893371582,16920,3,0.0265,4,102,270,5,rigid,0.20412444444444444
200,189,33426,366740,1466960,0,27.30984592437744,16920,3,0.02409090909090909,4,102,270,6,rigid,0.18522222222222223
200,200,0,408476,1633904,11,53.91033673286438,6468,1,0.029944444444444444,4,102,270,1,flex,0.3782185185185185
200,200,0,400862,1603448,11,65.90080332756042,6468,1,0.019962962962962964,4,102,250,4,flex,0.24744567901234568
200,200,0,405602,1622408,11,57.80778646469116,6468,1,0.025666666666666667,4,102,270,2,flex,0.3219063492063492
200,191,26046,371600,1486400,0,26.706220626831055,11790,2,0.04416666666666667,4,102,380,1,rigid,0.3440740740740741
200,200,0,399554,1598216,11,71.38930296897888,6468,1,0.017966666666666666,4,102,250,5,flex,0.22197444444444445
200,200,0,402410,1609640,11,63.73051047325134,6468,1,0.022458333333333334,4,102,270,3,flex,0.2794513888888889
200,191,26046,368480,1473920,0,26.267546892166138,11790,2,0.03785714285714286,4,102,380,2,rigid,0.29244444444444445
200,200,0,398720,1594880,11,79.12925124168396,6468,1,0.01633333333333333,4,102,250,6,flex,0.20137373737373737
200,191,26046,365540,1462160,0,26.85050392150879,11790,2,0.033125,4,102,380,3,rigid,0.2538472222222222
200,200,0,399674,1598696,9,48.49961519241333,6468,1,0.029944444444444444,4,102,380,1,flex,0.3700685185185185
200,200,0,401060,1604240,11,64.79095983505249,6468,1,0.019962962962962964,4,102,270,4,flex,0.2475679012345679
200,191,26046,362480,1449920,0,27.388723611831665,11790,2,0.029444444444444443,4,102,380,4,rigid,0.22375308641975308
200,200,0,395448,1581792,9,46.33841609954834,6468,1,0.025666666666666667,4,102,380,2,flex,0.31384761904761904
200,200,0,399614,1598456,11,70.7725236415863,6468,1,0.017966666666666666,4,102,270,5,flex,0.22200777777777778
200,191,26046,359852,1439408,0,27.873196601867676,11790,2,0.0265,4,102,380,5,rigid,0.19991777777777778
200,191,26046,357416,1429664,0,28.028334617614746,11790,2,0.02409090909090909,4,102,380,6,rigid,0.18051313131313132
200,200,0,391508,1566032,9,47.254857301712036,6468,1,0.022458333333333334,4,102,380,3,flex,0.27188055555555557
200,199,1776,371066,1484264,0,24.698288679122925,2184,2,0.01011111111111111,4,102,420,1,rigid,0.3435796296296296
200,200,0,388580,1554320,9,50.210938692092896,6468,1,0.019962962962962964,4,102,380,4,flex,0.2398641975308642
200,200,0,398720,1594880,11,80.52957510948181,6468,1,0.01633333333333333,4,102,270,6,flex,0.20137373737373737
200,200,0,367178,1468712,0,29.1003999710083,0,0,0.0,4,102,420,2,rigid,0.2914111111111111
200,200,0,363458,1453832,0,31.169097185134888,0,0,0.0,4,102,420,3,rigid,0.2524013888888889
200,200,0,386120,1544480,9,53.22399353981018,6468,1,0.017966666666666666,4,102,380,5,flex,0.21451111111111112
200,200,0,373966,1495864,1,41.31679320335388,2184,2,0.01011111111111111,4,102,420,1,flex,0.3462648148148148
200,200,0,367250,1469000,0,41.18185329437256,0,0,0.0,4,102,420,2,flex,0.291468253968254
200,200,0,359654,1438616,0,32.97107982635498,0,0,0.0,4,102,420,4,rigid,0.22200864197530865
200,200,0,363422,1453688,0,42.607844829559326,0,0,0.0,4,102,420,3,flex,0.2523763888888889
200,200,0,383918,1535672,9,56.79292106628418,6468,1,0.01633333333333333,4,102,380,6,flex,0.1938979797979798
200,200,0,356834,1427336,0,35.446680307388306,0,0,0.0,4,102,420,5,rigid,0.19824111111111112
200,200,0,359738,1438952,0,42.05363583564758,0,0,0.0,4,102,420,4,flex,0.2220604938271605
200,194,8634,344642,1378568,0,25.435559272766113,0,0,0.0,4,103,0,0,rigid,0.38293555555555553
200,194,8634,342218,1368872,0,24.346351623535156,0,0,0.0,4,103,250,1,rigid,0.3168685185185185
200,200,0,354152,1416608,0,35.68949604034424,0,0,0.0,4,102,420,6,rigid,0.17886464646464648
200,200,0,356822,1427288,0,42.76693534851074,0,0,0.0,4,102,420,5,flex,0.19823444444444444
200,194,8634,340520,1362080,0,24.902786254882812,324,1,0.0012857142857142856,4,103,250,2,rigid,0.27025396825396825
200,199,544,358470,1433880,4,41.091838359832764,0,0,0.0,4,103,0,0,flex,0.3983
200,200,0,354470,1417880,0,44.329158306121826,0,0,0.0,4,102,420,6,flex,0.17902525252525253
200,194,8634,339548,1358192,0,24.346545457839966,0,0,0.0,4,103,250,3,rigid,0.2357972222222222
200,194,8634,338690,1354760,0,25.34851384162903,0,0,0.0,4,103,250,4,rigid,0.2090679012345679
200,194,8634,338258,1353032,0,25.116880416870117,0,0,0.0,4,103,250,5,rigid,0.18792111111111112
200,194,8634,337910,1351640,0,25.202834844589233,0,0,0.0,4,103,250,6,rigid,0.17066161616161615
200,194,8634,342218,1368872,0,25.57442617416382,0,0,0.0,4,103,270,1,rigid,0.3168685185185185
200,200,0,357060,1428240,5,51.34243726730347,0,0,0.0,4,103,250,1,flex,0.33061111111111113
200,194,8634,340520,1362080,0,24.972055435180664,324,1,0.0012857142857142856,4,103,270,2,rigid,0.27025396825396825
200,194,8634,339242,1356968,0,25.83038902282715,0,0,0.0,4,103,270,3,rigid,0.2355847222222222
200,200,0,354532,1418128,5,55.2867317199707,324,1,0.0012857142857142856,4,103,250,2,flex,0.28137460317460317
200,194,8634,338384,1353536,0,25.873072624206543,0,0,0.0,4,103,270,4,rigid,0.20887901234567902
200,200,0,353830,1415320,5,60.2194938659668,0,0,0.0,4,103,250,3,flex,0.24571527777777777
200,200,0,357060,1428240,5,49.286460399627686,0,0,0.0,4,103,270,1,flex,0.33061111111111113
200,194,8634,337952,1351808,0,25.542970657348633,0,0,0.0,4,103,270,5,rigid,0.18775111111111112
200,200,0,352306,1409224,5,62.690441370010376,0,0,0.0,4,103,250,4,flex,0.21747283950617283
200,194,8634,337604,1350416,0,25.573779106140137,0,0,0.0,4,103,270,6,rigid,0.17050707070707072
200,200,0,354532,1418128,5,54.718685150146484,324,1,0.0012857142857142856,4,103,270,2,flex,0.28137460317460317
200,196,7356,340958,1363832,0,26.076783895492554,0,0,0.0,4,103,380,1,rigid,0.31570185185185184
200,200,0,351736,1406944,5,71.10026097297668,0,0,0.0,4,103,250,5,flex,0.19540888888888888
200,200,0,353590,1414360,5,59.532899141311646,0,0,0.0,4,103,270,3,flex,0.24554861111111112
200,196,7356,338294,1353176,0,27.92691659927368,0,0,0.0,4,103,380,2,rigid,0.2684873015873016
200,200,0,351250,1405000,5,78.34268951416016,0,0,0.0,4,103,250,6,flex,0.1773989898989899
200,200,0,352306,1409224,5,63.38972020149231,0,0,0.0,4,103,270,4,flex,0.21747283950617283
200,200,0,352294,1409176,4,44.17991757392883,0,0,0.0,4,103,380,1,flex,0.3261981481481481
200,196,7356,336278,1345112,0,29.292498350143433,0,0,0.0,4,103,380,3,rigid,0.23352638888888888
200,196,7356,334268,1337072,0,29.940979480743408,0,0,0.0,4,103,380,4,rigid,0.20633827160493828
200,200,0,349786,1399144,4,46.3278968334198,0,0,0.0,4,103,380,2,flex,0.2776079365079365
200,196,7356,332438,1329752,0,30.062151193618774,0,0,0.0,4,103,380,5,rigid,0.18468777777777778
200,200,0,351676,1406704,5,69.32449078559875,0,0,0.0,4,103,270,5,flex,0.19537555555555555
200,200,0,347698,1390792,4,46.784019947052,0,0,0.0,4,103,380,3,flex,0.24145694444444443
200,196,7356,330800,1323200,0,30.529032468795776,0,0,0.0,4,103,380,6,rigid,0.16707070707070706
200,200,0,340670,1362680,0,24.743877172470093,0,0,0.0,4,103,420,1,rigid,0.3154351851851852
200,200,0,346252,1385008,4,47.90686321258545,0,0,0.0,4,103,380,4,flex,0.21373580246913582
200,200,0,344386,1377544,4,48.01317834854126,0,0,0.0,4,103,380,5,flex,0.19132555555555555
200,200,0,336854,1347416,0,26.327797412872314,0,0,0.0,4,103,420,2,rigid,0.26734444444444444
200,200,0,351202,1404808,5,75.3339900970459,0,0,0.0,4,103,270,6,flex,0.17737474747474746
200,200,0,340670,1362680,0,37.371803522109985,0,0,0.0,4,103,420,1,flex,0.3154351851851852
200,200,0,334376,1337504,0,27.221184253692627,0,0,0.0,4,103,420,3,rigid,0.23220555555555555
200,200,0,336938,1347752,0,35.8841769695282,0,0,0.0,4,103,420,2,flex,0.2674111111111111
200,200,0,331898,1327592,0,28.48424220085144,0,0,0.0,4,103,420,4,rigid,0.2048753086419753
200,200,0,342904,1371616,4,50.20115542411804,0,0,0.0,4,103,380,6,flex,0.17318383838383838
200,200,0,334316,1337264,0,37.185020208358765,0,0,0.0,4,103,420,3,flex,0.2321638888888889
200,200,0,331838,1327352,0,35.69476580619812,0,0,0.0,4,103,420,4,flex,0.20483827160493828
200,200,0,329384,1317536,0,30.266378164291382,0,0,0.0,4,103,420,5,rigid,0.1829911111111111
200,191,20268,358254,1433016,0,23.239563465118408,4932,1,0.0274,4,104,0,0,rigid,0.39806
200,200,0,329666,1318664,0,35.84048914909363,0,0,0.0,4,103,420,5,flex,0.18314777777777777
200,200,0,327638,1310552,0,30.370105266571045,0,0,0.0,4,103,420,6,rigid,0.16547373737373738
200,191,20268,355944,1423776,0,22.277021408081055,4932,1,0.022833333333333334,4,104,250,1,rigid,0.3295777777777778
200,200,0,328022,1312088,0,35.13075661659241,0,0,0.0,4,103,420,6,flex,0.16566767676767677
200,191,20268,354090,1416360,0,22.61482882499695,4932,1,0.019571428571428573,4,104,250,2,rigid,0.2810238095238095
200,198,1820,384762,1539048,9,37.67744517326355,4932,1,0.0274,4,104,0,0,flex,0.42751333333333336
200,191,20268,352338,1409352,0,23.331130266189575,4932,1,0.017125,4,104,250,3,rigid,0.24467916666666667
200,191,20268,351000,1404000,0,22.95768976211548,4932,1,0.015222222222222222,4,104,250,4,rigid,0.21666666666666667
200,191,20268,349806,1399224,0,21.802068948745728,4932,1,0.0137,4,104,250,5,rigid,0.19433666666666666
200,191,20268,348624,1394496,0,21.693622827529907,4932,1,0.012454545454545454,4,104,250,6,rigid,0.17607272727272727
200,191,20268,355944,1423776,0,22.158931732177734,4932,1,0.022833333333333334,4,104,270,1,rigid,0.3295777777777778
200,200,0,381396,1525584,9,45.76296782493591,4932,1,0.022833333333333334,4,104,250,1,flex,0.3531444444444444
200,191,20268,354090,1416360,0,22.656317472457886,4932,1,0.019571428571428573,4,104,270,2,rigid,0.2810238095238095
200,200,0,379206,1516824,9,49.39359378814697,4932,1,0.019571428571428573,4,104,250,2,flex,0.30095714285714287
200,191,20268,352338,1409352,0,22.89215087890625,4932,1,0.017125,4,104,270,3,rigid,0.24467916666666667
200,191,20268,350694,1402776,0,22.042440176010132,4932,1,0.015222222222222222,4,104,270,4,rigid,0.21647777777777777
200,200,0,377448,1509792,9,54.290478467941284,4932,1,0.017125,4,104,250,3,flex,0.26211666666666666
200,191,20268,349194,1396776,0,21.01393437385559,4932,1,0.0137,4,104,270,5,rigid,0.19399666666666668
200,200,0,381396,1525584,9,44.04826307296753,4932,1,0.022833333333333334,4,104,270,1,flex,0.3531444444444444
200,200,0,375534,1502136,9,57.72716522216797,4932,1,0.015222222222222222,4,104,250,4,flex,0.2318111111111111
200,191,20268,347706,1390824,0,21.499010801315308,4932,1,0.012454545454545454,4,104,270,6,rigid,0.1756090909090909
200,200,0,379206,1516824,9,47.91662049293518,4932,1,0.019571428571428573,4,104,270,2,flex,0.30095714285714287
200,195,12380,354318,1417272,0,21.959146976470947,4932,1,0.022833333333333334,4,104,380,1,rigid,0.3280722222222222
200,200,0,373860,1495440,9,63.4028856754303,4932,1,0.0137,4,104,250,5,flex,0.2077
200,195,12380,350898,1403592,0,23.342286348342896,5918,1,0.023484126984126986,4,104,380,2,rigid,0.2784904761904762
200,200,0,377208,1508832,9,52.48386549949646,4932,1,0.017125,4,104,270,3,flex,0.26195
200,200,0,369538,1478152,5,36.88091421127319,4932,1,0.022833333333333334,4,104,380,1,flex,0.3421648148148148
200,200,0,372810,1491240,9,69.70456218719482,4932,1,0.012454545454545454,4,104,250,6,flex,0.18828787878787878
200,195,12380,347736,1390944,0,25.19432544708252,4932,1,0.017125,4,104,380,3,rigid,0.24148333333333333
200,200,0,375594,1502376,9,56.85881304740906,4932,1,0.015222222222222222,4,104,270,4,flex,0.23184814814814814
200,195,12380,344892,1379568,0,25.71995997428894,4932,1,0.015222222222222222,4,104,380,4,rigid,0.2128962962962963
200,200,0,365698,1462792,5,39.04232597351074,4932,1,0.019571428571428573,4,104,380,2,flex,0.29023650793650796
200,195,12380,342774,1371096,0,26.376418828964233,4932,1,0.0137,4,104,380,5,rigid,0.19043
200,200,0,373920,1495680,9,61.38177967071533,4932,1,0.0137,4,104,270,5,flex,0.20773333333333333
200,200,0,362368,1449472,5,40.30280780792236,4932,1,0.017125,4,104,380,3,flex,0.25164444444444445
200,200,0,354186,1416744,0,22.83023762702942,324,1,0.0015,4,104,420,1,rigid,0.32795
200,195,12380,340776,1363104,0,27.18732523918152,4932,1,0.012454545454545454,4,104,380,6,rigid,0.1721090909090909
200,200,0,359380,1437520,5,43.71753191947937,4932,1,0.015222222222222222,4,104,380,4,flex,0.2218395061728395
200,200,0,357730,1430920,5,44.278284788131714,4932,1,0.0137,4,104,380,5,flex,0.19873888888888888
200,200,0,372870,1491480,9,67.12419080734253,4932,1,0.012454545454545454,4,104,270,6,flex,0.18831818181818183
200,200,0,354348,1417392,0,34.569751501083374,3396,1,0.01572222222222222,4,104,420,1,flex,0.3281
200,200,0,349932,1399728,0,25.151129722595215,1860,1,0.007380952380952381,4,104,420,2,rigid,0.27772380952380954
200,200,0,345918,1383672,0,26.71274447441101,0,0,0.0,4,104,420,3,rigid,0.24022083333333333
200,200,0,349992,1399968,0,35.08185577392578,1860,1,0.007380952380952381,4,104,420,2,flex,0.27777142857142856
200,200,0,355936,1423744,5,46.5810661315918,4932,1,0.012454545454545454,4,104,380,6,flex,0.17976565656565657
200,200,0,342540,1370160,0,27.758513927459717,0,0,0.0,4,104,420,4,rigid,0.21144444444444443
200,200,0,345984,1383936,0,34.709006786346436,0,0,0.0,4,104,420,3,flex,0.24026666666666666
200,200,0,342564,1370256,0,34.67695426940918,0,0,0.0,4,104,420,4,flex,0.21145925925925926
200,200,0,339762,1359048,0,28.270831823349,0,0,0.0,4,104,420,5,rigid,0.18875666666666666
200,200,0,337086,1348344,0,29.024662494659424,0,0,0.0,4,104,420,6,rigid,0.17024545454545453
200,181,85324,369502,1478008,0,21.241629123687744,12612,1,0.07006666666666667,4,105,0,0,rigid,0.4105577777777778
200,200,0,340230,1360920,0,34.02640771865845,0,0,0.0,4,104,420,5,flex,0.18901666666666667
200,181,85324,366970,1467880,0,20.989084243774414,12612,1,0.058388888888888886,4,105,250,1,rigid,0.33978703703703705
200,200,0,337572,1350288,0,33.8250458240509,0,0,0.0,4,104,420,6,flex,0.17049090909090908
200,181,85324,364528,1458112,0,21.29009509086609,12612,1,0.05004761904761905,4,105,250,2,rigid,0.2893079365079365
200,181,85324,362650,1450600,0,22.145822048187256,12612,1,0.043791666666666666,4,105,250,3,rigid,0.2518402777777778
200,197,5208,408634,1634536,12,38.54067611694336,14988,3,0.08326666666666667,4,105,0,0,flex,0.45403777777777776
200,181,85324,361168,1444672,0,21.135863065719604,12612,1,0.038925925925925926,4,105,250,4,rigid,0.2229432098765432
200,181,85324,359920,1439680,0,21.127225160598755,12612,1,0.03503333333333333,4,105,250,5,rigid,0.19995555555555555
200,181,85324,358672,1434688,0,21.608648777008057,12612,1,0.03184848484848485,4,105,250,6,rigid,0.18114747474747475
200,181,85324,366970,1467880,0,20.784992456436157,12612,1,0.058388888888888886,4,105,270,1,rigid,0.33978703703703705
200,181,85324,364528,1458112,0,21.17551040649414,12612,1,0.05004761904761905,4,105,270,2,rigid,0.2893079365079365
200,199,1776,401580,1606320,11,45.833218574523926,13776,4,0.06377777777777778,4,105,250,1,flex,0.37183333333333335
200,199,1008,401988,1607952,12,47.96954035758972,6468,1,0.025666666666666667,4,105,250,2,flex,0.31903809523809523
200,181,85324,362344,1449376,0,21.870776414871216,12612,1,0.043791666666666666,4,105,270,3,rigid,0.2516277777777778
200,181,85324,360556,1442224,0,21.08648991584778,12612,1,0.038925925925925926,4,105,270,4,rigid,0.22256543209876542
200,200,0,399520,1598080,12,52.21236252784729,6468,1,0.022458333333333334,4,105,250,3,flex,0.27744444444444444
200,181,85324,359002,1436008,0,21.129015684127808,12612,1,0.03503333333333333,4,105,270,5,rigid,0.19944555555555554
200,200,0,396232,1584928,12,55.69620680809021,6468,1,0.019962962962962964,4,105,250,4,flex,0.24458765432098764
200,199,1776,401340,1605360,11,44.99798083305359,13776,4,0.06377777777777778,4,105,270,1,flex,0.3716111111111111
200,181,85324,357448,1429792,0,21.772950649261475,12612,1,0.03184848484848485,4,105,270,6,rigid,0.18052929292929293
200,199,1008,401988,1607952,12,47.46361589431763,6468,1,0.025666666666666667,4,105,270,2,flex,0.31903809523809523
200,181,85324,365962,1463848,0,21.828356981277466,12612,1,0.058388888888888886,4,105,380,1,rigid,0.3388537037037037
200,200,0,393414,1573656,12,59.87455129623413,6468,1,0.017966666666666666,4,105,250,5,flex,0.21856333333333333
200,181,85324,362734,1450936,0,22.72774887084961,12612,1,0.05004761904761905,4,105,380,2,rigid,0.28788412698412696
200,200,0,399520,1598080,12,52.16951537132263,6468,1,0.022458333333333334,4,105,270,3,flex,0.27744444444444444
200,200,0,392004,1568016,12,66.66225600242615,6468,1,0.01633333333333333,4,105,250,6,flex,0.19798181818181818
200,181,85324,359752,1439008,0,23.665090084075928,12612,1,0.043791666666666666,4,105,380,3,rigid,0.2498277777777778
200,200,0,396232,1584928,12,55.690969467163086,6468,1,0.019962962962962964,4,105,270,4,flex,0.24458765432098764
200,181,85324,357664,1430656,0,23.74429750442505,12612,1,0.038925925925925926,4,105,380,4,rigid,0.22078024691358025
200,199,1776,400462,1601848,11,43.183058977127075,11916,3,0.05516666666666667,4,105,380,1,flex,0.37079814814814815
200,200,0,400404,1601616,12,42.349223136901855,6468,1,0.025666666666666667,4,105,380,2,flex,0.3177809523809524
200,181,85324,355576,1422304,0,24.92233395576477,12612,1,0.03503333333333333,4,105,380,5,rigid,0.19754222222222223
200,200,0,393414,1573656,12,60.051828145980835,6468,1,0.017966666666666666,4,105,270,5,flex,0.21856333333333333
200,181,85324,353944,1415776,0,25.150539875030518,12612,1,0.03184848484848485,4,105,380,6,rigid,0.17875959595959595
200,198,3552,365548,1462192,0,22.189217567443848,5256,2,0.024333333333333332,4,105,420,1,rigid,0.33847037037037037
200,200,0,396768,1587072,12,44.5424439907074,6468,1,0.022458333333333334,4,105,380,3,flex,0.27553333333333335
200,200,0,392064,1568256,12,65.20333933830261,6468,1,0.01633333333333333,4,105,270,6,flex,0.19801212121212122
200,200,0,373046,1492184,2,33.63395428657532,5256,2,0.024333333333333332,4,105,420,1,flex,0.345412962962963
200,200,0,361456,1445824,0,23.58107876777649,324,1,0.0012857142857142856,4,105,420,2,rigid,0.2868698412698413
200,200,0,393934,1575736,12,46.917383909225464,6468,1,0.019962962962962964,4,105,380,4,flex,0.24316913580246913
100,100,0,175072,700288,0,10.154675006866455,324,1,0.0018,2,101,0,0,flex,0.19452444444444444
100,100,0,175072,700288,0,7.035961151123047,324,1,0.0018,2,101,0,0,rigid,0.19452444444444444
200,200,0,357778,1431112,0,25.382242441177368,0,0,0.0,4,105,420,3,rigid,0.24845694444444444
200,200,0,390966,1563864,12,49.12635159492493,6468,1,0.017966666666666666,4,105,380,5,flex,0.21720333333333333
100,100,0,173308,693232,0,7.345095634460449,324,1,0.0015,2,101,250,1,rigid,0.16047037037037037
200,200,0,361456,1445824,0,34.208815813064575,324,1,0.0012857142857142856,4,105,420,2,flex,0.2868698412698413
100,100,0,172018,688072,0,7.750374794006348,324,1,0.0012857142857142856,2,101,250,2,rigid,0.1365222222222222
200,200,0,354508,1418032,0,26.31116271018982,0,0,0.0,4,105,420,4,rigid,0.2188320987654321
200,200,0,357790,1431160,0,34.61443877220154,0,0,0.0,4,105,420,3,flex,0.24846527777777777
100,100,0,173308,693232,0,12.632524013519287,324,1,0.0015,2,101,250,1,flex,0.16047037037037037
100,100,0,171382,685528,0,7.844362497329712,324,1,0.001125,2,101,250,3,rigid,0.11901527777777778
200,200,0,389040,1556160,12,51.51835870742798,6468,1,0.01633333333333333,4,105,380,6,flex,0.19648484848484848
200,200,0,354484,1417936,0,33.53118658065796,0,0,0.0,4,105,420,4,flex,0.21881728395061728
200,200,0,351250,1405000,0,27.015630960464478,0,0,0.0,4,105,420,5,rigid,0.1951388888888889
100,100,0,170698,682792,0,7.847201347351074,324,1,0.001,2,101,250,4,rigid,0.10536913580246914
100,100,0,172042,688168,0,15.156973600387573,324,1,0.0012857142857142856,2,101,250,2,flex,0.13654126984126985
200,200,0,348808,1395232,0,27.771863222122192,0,0,0.0,4,105,420,6,rigid,0.17616565656565655
100,100,0,170542,682168,0,8.10940957069397,324,1,0.0009,2,101,250,5,rigid,0.09474555555555556
200,200,0,351268,1405072,0,33.582104444503784,0,0,0.0,4,105,420,5,flex,0.1951488888888889
100,100,0,173308,693232,0,7.356790542602539,324,1,0.0015,2,101,270,1,rigid,0.16047037037037037
100,100,0,170434,681736,0,8.2880220413208,324,1,0.0008181818181818182,2,101,250,6,rigid,0.08607777777777778
200,200,0,348928,1395712,0,33.24906134605408,0,0,0.0,4,105,420,6,flex,0.17622626262626262
100,100,0,172018,688072,0,7.637176513671875,324,1,0.0012857142857142856,2,101,270,2,rigid,0.1365222222222222
100,100,0,171328,685312,0,17.390318632125854,324,1,0.001125,2,101,250,3,flex,0.11897777777777778
100,100,0,171382,685528,0,7.841334342956543,324,1,0.001125,2,101,270,3,rigid,0.11901527777777778
100,100,0,170698,682792,0,7.991364479064941,324,1,0.001,2,101,270,4,rigid,0.10536913580246914
100,100,0,173308,693232,0,12.723128080368042,324,1,0.0015,2,101,270,1,flex,0.16047037037037037
100,100,0,170698,682792,0,19.310641050338745,324,1,0.001,2,101,250,4,flex,0.10536913580246914
100,100,0,170542,682168,0,8.31802749633789,324,1,0.0009,2,101,270,5,rigid,0.09474555555555556
100,100,0,170386,681544,0,8.440710306167603,324,1,0.0008181818181818182,2,101,270,6,rigid,0.08605353535353535
100,100,0,172042,688168,0,14.94365406036377,324,1,0.0012857142857142856,2,101,270,2,flex,0.13654126984126985
100,100,0,172414,689656,0,7.617654323577881,324,1,0.0015,2,101,380,1,rigid,0.15964259259259259
100,100,0,170542,682168,0,22.303390979766846,324,1,0.0009,2,101,250,5,flex,0.09474555555555556
100,100,0,170176,680704,0,8.249202251434326,324,1,0.0012857142857142856,2,101,380,2,rigid,0.13506031746031746
100,100,0,171328,685312,0,17.20059871673584,324,1,0.001125,2,101,270,3,flex,0.11897777777777778
100,100,0,172414,689656,0,11.577143669128418,324,1,0.0015,2,101,380,1,flex,0.15964259259259259
100,100,0,168904,675616,0,8.824296951293945,324,1,0.001125,2,101,380,3,rigid,0.11729444444444445
100,100,0,170176,680704,0,12.358123302459717,324,1,0.0012857142857142856,2,101,380,2,flex,0.13506031746031746
100,100,0,170698,682792,0,19.23281216621399,324,1,0.001,2,101,270,4,flex,0.10536913580246914
100,100,0,170434,681736,0,25.247102975845337,324,1,0.0008181818181818182,2,101,250,6,flex,0.08607777777777778
100,100,0,168010,672040,0,9.273857831954956,324,1,0.001,2,101,380,4,rigid,0.10370987654320987
100,100,0,168904,675616,0,13.636977434158325,324,1,0.001125,2,101,380,3,flex,0.11729444444444445
100,100,0,167116,668464,0,9.598092317581177,324,1,0.0009,2,101,380,5,rigid,0.09284222222222223
100,100,0,168010,672040,0,14.478661060333252,324,1,0.001,2,101,380,4,flex,0.10370987654320987
100,100,0,170542,682168,0,21.721891403198242,324,1,0.0009,2,101,270,5,flex,0.09474555555555556
100,100,0,172294,689176,0,7.975657939910889,0,0,0.0,2,101,420,1,rigid,0.15953148148148147
100,100,0,166450,665800,0,10.252644777297974,324,1,0.0008181818181818182,2,101,380,6,rigid,0.08406565656565657
100,100,0,172294,689176,0,10.533535957336426,0,0,0.0,2,101,420,1,flex,0.15953148148148147
100,100,0,170008,680032,0,8.713634490966797,0,0,0.0,2,101,420,2,rigid,0.13492698412698412
100,100,0,170008,680032,0,11.137335300445557,0,0,0.0,2,101,420,2,flex,0.13492698412698412
100,100,0,167116,668464,0,15.888296842575073,324,1,0.0009,2,101,380,5,flex,0.09284222222222223
100,100,0,170386,681544,0,24.763481855392456,324,1,0.0008181818181818182,2,101,270,6,flex,0.08605353535353535
100,100,0,168736,674944,0,9.327892303466797,0,0,0.0,2,101,420,3,rigid,0.11717777777777778
100,100,0,168736,674944,0,11.760708093643188,0,0,0.0,2,101,420,3,flex,0.11717777777777778
100,100,0,166450,665800,0,17.071852207183838,324,1,0.0008181818181818182,2,101,380,6,flex,0.08406565656565657
100,100,0,167530,670120,0,9.994775772094727,0,0,0.0,2,101,420,4,rigid,0.10341358024691358
100,100,0,172346,689384,0,6.642168283462524,0,0,0.0,2,102,0,0,rigid,0.19149555555555556
100,100,0,167578,670312,0,11.944292783737183,0,0,0.0,2,101,420,4,flex,0.10344320987654321
100,100,0,166420,665680,0,10.58245038986206,0,0,0.0,2,101,420,5,rigid,0.09245555555555555
100,100,0,171218,684872,0,6.825500965118408,0,0,0.0,2,102,250,1,rigid,0.1585351851851852
100,100,0,172346,689384,0,9.639066696166992,0,0,0.0,2,102,0,0,flex,0.19149555555555556
100,100,0,166420,665680,0,12.11452579498291,0,0,0.0,2,101,420,5,flex,0.09245555555555555
100,100,0,165586,662344,0,10.837728023529053,0,0,0.0,2,101,420,6,rigid,0.08362929292929293
100,100,0,170294,681176,0,7.102872133255005,0,0,0.0,2,102,250,2,rigid,0.13515396825396825
100,100,0,169628,678512,0,7.248311996459961,0,0,0.0,2,102,250,3,rigid,0.11779722222222222
100,100,0,165586,662344,0,12.464727401733398,0,0,0.0,2,101,420,6,flex,0.08362929292929293
100,100,0,169118,676472,0,7.270083427429199,0,0,0.0,2,102,250,4,rigid,0.10439382716049382
100,100,0,171218,684872,0,11.93413519859314,0,0,0.0,2,102,250,1,flex,0.1585351851851852
100,100,0,168812,675248,0,7.427087068557739,0,0,0.0,2,102,250,5,rigid,0.09378444444444445
100,100,0,168680,674720,0,7.556304454803467,0,0,0.0,2,102,250,6,rigid,0.0851919191919192
100,100,0,170912,683648,0,6.993870496749878,0,0,0.0,2,102,270,1,rigid,0.15825185185185184
100,100,0,169988,679952,0,7.087657451629639,0,0,0.0,2,102,270,2,rigid,0.13491111111111112
100,100,0,170294,681176,0,14.64159083366394,0,0,0.0,2,102,250,2,flex,0.13515396825396825
100,100,0,169262,677048,0,7.45427942276001,0,0,0.0,2,102,270,3,rigid,0.11754305555555555
100,100,0,168812,675248,0,7.47471022605896,0,0,0.0,2,102,270,4,rigid,0.10420493827160494
100,100,0,169628,678512,0,16.751930236816406,0,0,0.0,2,102,250,3,flex,0.11779722222222222
100,100,0,170912,683648,0,11.830464363098145,0,0,0.0,2,102,270,1,flex,0.15825185185185184
100,100,0,168506,674024,0,7.6208014488220215,0,0,0.0,2,102,270,5,rigid,0.09361444444444444
100,100,0,168374,673496,0,7.853683948516846,0,0,0.0,2,102,270,6,rigid,0.08503737373737373
100,100,0,169034,676136,0,19.048597812652588,0,0,0.0,2,102,250,4,flex,0.10434197530864198
100,100,0,169988,679952,0,14.461401462554932,0,0,0.0,2,102,270,2,flex,0.13491111111111112
100,100,0,169952,679808,0,7.349630355834961,0,0,0.0,2,102,380,1,rigid,0.15736296296296295
100,100,0,169262,677048,0,16.908329248428345,0,0,0.0,2,102,270,3,flex,0.11754305555555555
100,100,0,168560,674240,0,22.244691133499146,0,0,0.0,2,102,250,5,flex,0.09364444444444445
100,100,0,168524,674096,0,7.860555410385132,0,0,0.0,2,102,380,2,rigid,0.13374920634920634
100,100,0,169952,679808,0,11.262064695358276,0,0,0.0,2,102,380,1,flex,0.15736296296296295
100,100,0,167186,668744,0,8.576313018798828,0,0,0.0,2,102,380,3,rigid,0.11610138888888889
100,100,0,168788,675152,0,18.95077157020569,0,0,0.0,2,102,270,4,flex,0.10419012345679013
100,100,0,168500,674000,0,12.353363990783691,0,0,0.0,2,102,380,2,flex,0.13373015873015873
100,100,0,166376,665504,0,8.849091053009033,0,0,0.0,2,102,380,4,rigid,0.10270123456790123
100,100,0,168680,674720,0,25.652071475982666,0,0,0.0,2,102,250,6,flex,0.0851919191919192
100,100,0,165650,662600,0,9.411924123764038,0,0,0.0,2,102,380,5,rigid,0.09202777777777778
100,100,0,167162,668648,0,13.512969732284546,0,0,0.0,2,102,380,3,flex,0.11608472222222223
100,100,0,168254,673016,0,21.69193196296692,0,0,0.0,2,102,270,5,flex,0.09347444444444444
100,100,0,169904,679616,0,7.4295854568481445,0,0,0.0,2,102,420,1,rigid,0.15731851851851852
100,100,0,166376,665504,0,14.530719518661499,0,0,0.0,2,102,380,4,flex,0.10270123456790123
100,100,0,167906,671624,0,8.125188827514648,0,0,0.0,2,102,420,2,rigid,0.13325873015873016
100,100,0,165008,660032,0,9.817588090896606,0,0,0.0,2,102,380,6,rigid,0.08333737373737374
100,100,0,169904,679616,0,10.28294563293457,0,0,0.0,2,102,420,1,flex,0.15731851851851852
100,100,0,167906,671624,0,10.652797937393188,0,0,0.0,2,102,420,2,flex,0.13325873015873016
100,100,0,165650,662600,0,15.286086797714233,0,0,0.0,2,102,380,5,flex,0.09202777777777778
100,100,0,166460,665840,0,8.910975217819214,0,0,0.0,2,102,420,3,rigid,0.11559722222222223
100,100,0,168374,673496,0,24.805464506149292,0,0,0.0,2,102,270,6,flex,0.08503737373737373
100,100,0,166460,665840,0,11.292125463485718,0,0,0.0,2,102,420,3,flex,0.11559722222222223
100,100,0,164948,659792,0,16.757567882537842,0,0,0.0,2,102,380,6,flex,0.0833070707070707
100,100,0,165278,661112,0,9.534801006317139,0,0,0.0,2,102,420,4,rigid,0.10202345679012345
100,100,0,180286,721144,0,6.870400667190552,0,0,0.0,2,103,0,0,rigid,0.2003177777777778
100,100,0,164276,657104,0,10.273445129394531,0,0,0.0,2,102,420,5,rigid,0.09126444444444444
100,100,0,165278,661112,0,11.884969472885132,0,0,0.0,2,102,420,4,flex,0.10202345679012345
100,100,0,178582,714328,0,7.178207635879517,0,0,0.0,2,103,250,1,rigid,0.1653537037037037
100,100,0,180286,721144,0,9.806142091751099,0,0,0.0,2,103,0,0,flex,0.2003177777777778
100,100,0,164336,657344,0,12.069936275482178,0,0,0.0,2,102,420,5,flex,0.09129777777777778
100,100,0,163358,653432,0,10.733789443969727,0,0,0.0,2,102,420,6,rigid,0.0825040404040404
100,100,0,177070,708280,0,7.310497045516968,0,0,0.0,2,103,250,2,rigid,0.14053174603174604
100,100,0,163418,653672,0,12.40285348892212,0,0,0.0,2,102,420,6,flex,0.08253434343434343
100,100,0,176326,705304,0,7.470751762390137,0,0,0.0,2,103,250,3,rigid,0.1224486111111111
100,100,0,178582,714328,0,12.127368450164795,0,0,0.0,2,103,250,1,flex,0.1653537037037037
100,100,0,175852,703408,0,7.557219505310059,0,0,0.0,2,103,250,4,rigid,0.10855061728395062
100,100,0,175378,701512,0,7.781904935836792,0,0,0.0,2,103,250,5,rigid,0.09743222222222223
100,100,0,175186,700744,0,7.841395139694214,0,0,0.0,2,103,250,6,rigid,0.08847777777777778
100,100,0,178582,714328,0,7.14857292175293,0,0,0.0,2,103,270,1,rigid,0.1653537037037037
100,100,0,177070,708280,0,14.651047706604004,0,0,0.0,2,103,250,2,flex,0.14053174603174604
100,100,0,177070,708280,0,7.359569311141968,0,0,0.0,2,103,270,2,rigid,0.14053174603174604
100,100,0,176020,704080,0,7.541399717330933,0,0,0.0,2,103,270,3,rigid,0.12223611111111111
100,100,0,176326,705304,0,16.793612003326416,0,0,0.0,2,103,250,3,flex,0.1224486111111111
100,100,0,175546,702184,0,7.624697685241699,0,0,0.0,2,103,270,4,rigid,0.10836172839506172
100,100,0,178582,714328,0,12.069277048110962,0,0,0.0,2,103,270,1,flex,0.1653537037037037
100,100,0,175072,700288,0,7.866132020950317,0,0,0.0,2,103,270,5,rigid,0.09726222222222222
100,100,0,177070,708280,0,14.667648792266846,0,0,0.0,2,103,270,2,flex,0.14053174603174604
100,100,0,175852,703408,0,18.854418992996216,0,0,0.0,2,103,250,4,flex,0.10855061728395062
100,100,0,174880,699520,0,8.023051500320435,0,0,0.0,2,103,270,6,rigid,0.08832323232323232
100,100,0,177220,708880,0,7.5209736824035645,0,0,0.0,2,103,380,1,rigid,0.1640925925925926
100,100,0,176020,704080,0,16.454466104507446,0,0,0.0,2,103,270,3,flex,0.12223611111111111
100,100,0,175612,702448,0,22.01422142982483,0,0,0.0,2,103,250,5,flex,0.09756222222222222
100,100,0,177220,708880,0,11.153380870819092,0,0,0.0,2,103,380,1,flex,0.1640925925925926
100,100,0,175204,700816,0,8.03994631767273,0,0,0.0,2,103,380,2,rigid,0.13905079365079365
100,100,0,173380,693520,0,8.63254690170288,0,0,0.0,2,103,380,3,rigid,0.12040277777777778
100,100,0,175546,702184,0,18.612096786499023,0,0,0.0,2,103,270,4,flex,0.10836172839506172
100,100,0,175270,701080,0,12.271568298339844,0,0,0.0,2,103,380,2,flex,0.1391031746031746
100,100,0,172276,689104,0,9.079989671707153,0,0,0.0,2,103,380,4,rigid,0.10634320987654321
100,100,0,175186,700744,0,25.311625003814697,0,0,0.0,2,103,250,6,flex,0.08847777777777778
100,100,0,173380,693520,0,13.15654706954956,0,0,0.0,2,103,380,3,flex,0.12040277777777778
100,100,0,171526,686104,0,9.69978666305542,0,0,0.0,2,103,380,5,rigid,0.09529222222222222
100,100,0,175306,701224,0,21.52560043334961,0,0,0.0,2,103,270,5,flex,0.09739222222222223
100,100,0,177172,708688,0,7.616685152053833,0,0,0.0,2,103,420,1,rigid,0.16404814814814814
100,100,0,170800,683200,0,9.907185554504395,0,0,0.0,2,103,380,6,rigid,0.08626262626262626
100,100,0,172276,689104,0,14.16787576675415,0,0,0.0,2,103,380,4,flex,0.10634320987654321
100,100,0,174502,698008,0,8.378043413162231,0,0,0.0,2,103,420,2,rigid,0.13849365079365078
100,100,0,177172,708688,0,10.18988299369812,0,0,0.0,2,103,420,1,flex,0.16404814814814814
100,100,0,171490,685960,0,15.108526229858398,0,0,0.0,2,103,380,5,flex,0.09527222222222222
100,100,0,174502,698008,0,10.96623969078064,0,0,0.0,2,103,420,2,flex,0.13849365079365078
100,100,0,171988,687952,0,8.966835260391235,0,0,0.0,2,103,420,3,rigid,0.11943611111111112
100,100,0,174880,699520,0,24.60003352165222,0,0,0.0,2,103,270,6,flex,0.08832323232323232
100,100,0,170764,683056,0,16.100815296173096,0,0,0.0,2,103,380,6,flex,0.08624444444444444
100,100,0,171988,687952,0,11.22255277633667,0,0,0.0,2,103,420,3,flex,0.11943611111111112
100,100,0,170086,680344,0,9.714320659637451,0,0,0.0,2,103,420,4,rigid,0.10499135802469135
100,100,0,170086,680344,0,11.411044120788574,0,0,0.0,2,103,420,4,flex,0.10499135802469135
100,100,0,169276,677104,0,10.344231128692627,0,0,0.0,2,103,420,5,rigid,0.09404222222222222
100,99,324,173720,694880,0,7.060016632080078,1860,1,0.010333333333333333,2,104,0,0,rigid,0.19302222222222223
100,99,324,172880,691520,0,7.279507398605347,1860,1,0.008611111111111111,2,104,250,1,rigid,0.16007407407407406
100,100,0,169276,677104,0,11.932636976242065,0,0,0.0,2,103,420,5,flex,0.09404222222222222
100,100,0,168526,674104,0,10.86357593536377,0,0,0.0,2,103,420,6,rigid,0.08511414141414142
100,100,0,168526,674104,0,12.311352252960205,0,0,0.0,2,103,420,6,flex,0.08511414141414142
100,100,0,176450,705800,1,10.285704135894775,1860,1,0.010333333333333333,2,104,0,0,flex,0.19605555555555557
100,99,324,172190,688760,0,7.4024858474731445,1860,1,0.007380952380952381,2,104,250,2,rigid,0.13665873015873015
100,99,324,172094,688376,0,7.6088547706604,1860,1,0.006458333333333333,2,104,250,3,rigid,0.11950972222222223
100,99,324,171938,687752,0,7.743002653121948,1860,1,0.005740740740740741,2,104,250,4,rigid,0.10613456790123457
100,100,0,175304,701216,1,12.675827503204346,1860,1,0.008611111111111111,2,104,250,1,flex,0.16231851851851853
100,99,324,171890,687560,0,7.879399299621582,1860,1,0.005166666666666667,2,104,250,5,rigid,0.09549444444444445
100,99,324,171842,687368,0,8.167393922805786,1860,1,0.004696969696969697,2,104,250,6,rigid,0.08678888888888889
100,99,324,172880,691520,0,7.366854667663574,1860,1,0.008611111111111111,2,104,270,1,rigid,0.16007407407407406
100,100,0,174614,698456,1,14.889190673828125,1860,1,0.007380952380952381,2,104,250,2,flex,0.1385825396825397
100,99,324,172250,689000,0,7.514035224914551,1860,1,0.007380952380952381,2,104,270,2,rigid,0.1367063492063492
100,99,324,172094,688376,0,7.920424461364746,1860,1,0.006458333333333333,2,104,270,3,rigid,0.11950972222222223
100,100,0,174518,698072,1,17.268388748168945,1860,1,0.006458333333333333,2,104,250,3,flex,0.12119305555555555
100,99,324,171938,687752,0,7.883451700210571,1860,1,0.005740740740740741,2,104,270,4,rigid,0.10613456790123457
100,100,0,175304,701216,1,13.04424524307251,1860,1,0.008611111111111111,2,104,270,1,flex,0.16231851851851853
100,99,324,171890,687560,0,7.968420028686523,1860,1,0.005166666666666667,2,104,270,5,rigid,0.09549444444444445
100,100,0,174362,697448,1,20.227404832839966,1860,1,0.005740740740740741,2,104,250,4,flex,0.10763086419753086
100,99,324,171842,687368,0,8.236674547195435,1860,1,0.004696969696969697,2,104,270,6,rigid,0.08678888888888889
100,100,0,174674,698696,1,15.140203952789307,1860,1,0.007380952380952381,2,104,270,2,flex,0.13863015873015874
100,99,324,171578,686312,0,7.695853233337402,1860,1,0.008611111111111111,2,104,380,1,rigid,0.15886851851851852
100,100,0,174458,697832,1,17.143065929412842,1860,1,0.006458333333333333,2,104,270,3,flex,0.12115138888888889
100,99,324,170048,680192,0,8.27939486503601,1860,1,0.007380952380952381,2,104,380,2,rigid,0.13495873015873017
100,100,0,174314,697256,1,22.894859075546265,1860,1,0.005166666666666667,2,104,250,5,flex,0.09684111111111111
100,100,0,173936,695744,1,11.795031070709229,1860,1,0.008611111111111111,2,104,380,1,flex,0.16105185185185186
100,99,324,168518,674072,0,8.74571967124939,1860,1,0.006458333333333333,2,104,380,3,rigid,0.11702638888888889
100,100,0,174362,697448,1,19.77188754081726,1860,1,0.005740740740740741,2,104,270,4,flex,0.10763086419753086
100,100,0,172472,689888,1,13.243318796157837,1860,1,0.007380952380952381,2,104,380,2,flex,0.1368825396825397
100,99,324,167618,670472,0,9.230562686920166,1860,1,0.005740740740740741,2,104,380,4,rigid,0.10346790123456791
100,100,0,174266,697064,1,26.312419652938843,1860,1,0.004696969696969697,2,104,250,6,flex,0.08801313131313131
100,100,0,170912,683648,1,14.132780313491821,1860,1,0.006458333333333333,2,104,380,3,flex,0.11868888888888889
100,99,324,167072,668288,0,9.7866370677948,1860,1,0.005166666666666667,2,104,380,5,rigid,0.09281777777777778
100,100,0,174314,697256,1,22.648772478103638,1860,1,0.005166666666666667,2,104,270,5,flex,0.09684111111111111
100,100,0,171494,685976,0,7.837363243103027,0,0,0.0,2,104,420,1,rigid,0.15879074074074073
100,99,324,166688,666752,0,10.069661140441895,1860,1,0.004696969696969697,2,104,380,6,rigid,0.08418585858585859
100,100,0,170072,680288,1,14.818737506866455,1860,1,0.005740740740740741,2,104,380,4,flex,0.10498271604938271
100,100,0,169700,678800,0,8.558817148208618,0,0,0.0,2,104,420,2,rigid,0.13468253968253968
100,100,0,171458,685832,0,10.793383121490479,0,0,0.0,2,104,420,1,flex,0.1587574074074074
100,100,0,169430,677720,0,11.12090802192688,0,0,0.0,2,104,420,2,flex,0.13446825396825396
100,100,0,168038,672152,0,9.360312223434448,0,0,0.0,2,104,420,3,rigid,0.11669305555555555
100,100,0,169496,677984,1,16.08527708053589,1860,1,0.005166666666666667,2,104,380,5,flex,0.09416444444444444
100,100,0,174266,697064,1,25.11081099510193,1860,1,0.004696969696969697,2,104,270,6,flex,0.08801313131313131
100,100,0,169112,676448,1,17.430510997772217,1860,1,0.004696969696969697,2,104,380,6,flex,0.085410101010101
100,100,0,168002,672008,0,11.84101390838623,0,0,0.0,2,104,420,3,flex,0.11666805555555555
100,100,0,167060,668240,0,9.92211365699768,0,0,0.0,2,104,420,4,rigid,0.10312345679012346
100,98,2100,174346,697384,0,7.125781774520874,4932,1,0.0274,2,105,0,0,rigid,0.19371777777777777
100,100,0,166376,665504,0,10.582513809204102,0,0,0.0,2,104,420,5,rigid,0.09243111111111112
100,100,0,167030,668120,0,12.103936672210693,0,0,0.0,2,104,420,4,flex,0.10310493827160494
100,98,2100,173476,693904,0,7.052899599075317,3396,1,0.01572222222222222,2,105,250,1,rigid,0.16062592592592592
100,100,0,166412,665648,0,12.334406614303589,0,0,0.0,2,104,420,5,flex,0.09245111111111111
100,100,0,165896,663584,0,11.149435997009277,0,0,0.0,2,104,420,6,rigid,0.08378585858585859
100,100,0,180306,721224,2,10.596592426300049,4932,1,0.0274,2,105,0,0,flex,0.20034
100,98,2100,173050,692200,0,7.400271654129028,0,0,0.0,2,105,250,2,rigid,0.13734126984126985
100,98,2100,172738,690952,0,7.662312030792236,0,0,0.0,2,105,250,3,rigid,0.11995694444444445
100,100,0,165944,663776,0,12.765147686004639,0,0,0.0,2,104,420,6,flex,0.08381010101010102
100,98,2100,172426,689704,0,7.727871417999268,0,0,0.0,2,105,250,4,rigid,0.1064358024691358
100,100,0,179436,717744,2,13.00998306274414,3396,1,0.01572222222222222,2,105,250,1,flex,0.16614444444444446
100,98,2100,172270,689080,0,7.820052146911621,0,0,0.0,2,105,250,5,rigid,0.09570555555555556
100,98,2100,172222,688888,0,8.03178071975708,0,0,0.0,2,105,250,6,rigid,0.08698080808080808
100,98,2100,173362,693448,0,7.233477592468262,4932,1,0.022833333333333334,2,105,270,1,rigid,0.16052037037037037
100,98,2100,172744,690976,0,7.461652040481567,1860,1,0.007380952380952381,2,105,270,2,rigid,0.1370984126984127
100,100,0,178704,714816,2,15.624141216278076,324,1,0.0012857142857142856,2,105,250,2,flex,0.14182857142857141
100,98,2100,172126,688504,0,7.640308380126953,324,1,0.001125,2,105,270,3,rigid,0.11953194444444444
100,100,0,178026,712104,2,17.77157998085022,0,0,0.0,2,105,250,3,flex,0.12362916666666666
100,98,2100,171814,687256,0,7.832826852798462,0,0,0.0,2,105,270,4,rigid,0.10605802469135803
100,100,0,179322,717288,2,12.936794519424438,4932,1,0.022833333333333334,2,105,270,1,flex,0.1660388888888889
100,98,2100,171766,687064,0,8.010451793670654,324,1,0.0009,2,105,270,5,rigid,0.09542555555555556
100,98,2100,171718,686872,0,8.092363119125366,0,0,0.0,2,105,270,6,rigid,0.08672626262626262
100,100,0,177762,711048,2,20.33167052268982,0,0,0.0,2,105,250,4,flex,0.10972962962962964
100,100,0,178704,714816,2,15.672364950180054,0,0,0.0,2,105,270,2,flex,0.14182857142857141
100,98,2100,172222,688888,0,7.727751016616821,4932,1,0.022833333333333334,2,105,380,1,rigid,0.1594648148148148
100,100,0,178026,712104,2,17.586641311645508,0,0,0.0,2,105,270,3,flex,0.12362916666666666
100,100,0,177642,710568,2,23.06645703315735,0,0,0.0,2,105,250,5,flex,0.09869
100,98,2100,170482,681928,0,8.316311597824097,4932,1,0.019571428571428573,2,105,380,2,rigid,0.1353031746031746
100,100,0,178182,712728,2,12.024425268173218,4932,1,0.022833333333333334,2,105,380,1,flex,0.16498333333333334
100,98,2100,169270,677080,0,8.504523754119873,0,0,0.0,2,105,380,3,rigid,0.11754861111111112
100,100,0,177564,710256,2,20.053436994552612,1860,1,0.005740740740740741,2,105,270,4,flex,0.1096074074074074
100,100,0,176442,705768,2,13.446272850036621,4932,1,0.019571428571428573,2,105,380,2,flex,0.14003333333333334
100,98,2100,168226,672904,0,8.967268943786621,0,0,0.0,2,105,380,4,rigid,0.1038432098765432
100,100,0,177546,710184,2,26.551812410354614,0,0,0.0,2,105,250,6,flex,0.08966969696969697
100,98,2100,167290,669160,0,9.525806665420532,0,0,0.0,2,105,380,5,rigid,0.09293888888888889
100,100,0,175170,700680,2,14.596292734146118,3396,1,0.011791666666666667,2,105,380,3,flex,0.12164583333333333
100,100,0,177246,708984,2,22.551156759262085,0,0,0.0,2,105,270,5,flex,0.09847
100,100,0,171754,687016,0,7.835385322570801,4932,1,0.022833333333333334,2,105,420,1,rigid,0.15903148148148147
100,98,2100,166966,667864,0,9.97475004196167,0,0,0.0,2,105,380,6,rigid,0.08432626262626262
100,100,0,169360,677440,0,8.492264747619629,4932,1,0.019571428571428573,2,105,420,2,rigid,0.1344126984126984
100,100,0,174234,696936,2,15.406926393508911,324,1,0.001,2,105,380,4,flex,0.10755185185185186
100,100,0,171754,687016,0,10.980899095535278,4932,1,0.022833333333333334,2,105,420,1,flex,0.15903148148148147
100,100,0,169360,677440,0,11.62645149230957,4932,1,0.019571428571428573,2,105,420,2,flex,0.1344126984126984
50,50,0,84338,337352,0,2.9001803398132324,0,0,0.0,1,101,0,0,rigid,0.09370888888888888
100,100,0,167842,671368,0,9.405210018157959,0,0,0.0,2,105,420,3,rigid,0.11655694444444445
100,100,0,173460,693840,2,16.700740575790405,0,0,0.0,2,105,380,5,flex,0.09636666666666667
100,100,0,177042,708168,2,26.09458827972412,0,0,0.0,2,105,270,6,flex,0.08941515151515152
50,50,0,84338,337352,0,4.378285884857178,0,0,0.0,1,101,0,0,flex,0.09370888888888888
50,50,0,83984,335936,0,3.052321672439575,0,0,0.0,1,101,250,1,rigid,0.07776296296296296
100,100,0,167842,671368,0,11.745646953582764,3396,1,0.011791666666666667,2,105,420,3,flex,0.11655694444444445
100,100,0,172914,691656,2,17.928342819213867,0,0,0.0,2,105,380,6,flex,0.08733030303030304
100,100,0,166576,666304,0,9.748151779174805,0,0,0.0,2,105,420,4,rigid,0.10282469135802469
50,50,0,83984,335936,0,5.3318870067596436,0,0,0.0,1,101,250,1,flex,0.07776296296296296
50,50,0,83936,335744,0,3.0915896892547607,0,0,0.0,1,101,250,2,rigid,0.06661587301587302
50,50,0,83888,335552,0,3.240920305252075,0,0,0.0,1,101,250,3,rigid,0.058255555555555553
100,100,0,166684,666736,0,11.997948169708252,1860,1,0.005740740740740741,2,105,420,4,flex,0.10289135802469136
50,50,0,83840,335360,0,3.3423449993133545,0,0,0.0,1,101,250,4,rigid,0.05175308641975308
100,100,0,165496,661984,0,10.437812566757202,0,0,0.0,2,105,420,5,rigid,0.09194222222222222
50,50,0,83792,335168,0,3.439694404602051,0,0,0.0,1,101,250,5,rigid,0.04655111111111111
50,50,0,83984,335936,0,2.9387619495391846,0,0,0.0,1,101,270,1,rigid,0.07776296296296296
50,50,0,83792,335168,0,3.502312183380127,0,0,0.0,1,101,250,6,rigid,0.042319191919191916
100,100,0,165754,663016,0,12.602285861968994,0,0,0.0,2,105,420,5,flex,0.09208555555555556
100,100,0,164950,659800,0,11.028321981430054,0,0,0.0,2,105,420,6,rigid,0.0833080808080808
50,50,0,83936,335744,0,6.697760820388794,0,0,0.0,1,101,250,2,flex,0.06661587301587302
50,50,0,83936,335744,0,3.195455551147461,0,0,0.0,1,101,270,2,rigid,0.06661587301587302
50,50,0,83888,335552,0,3.271629810333252,0,0,0.0,1,101,270,3,rigid,0.058255555555555553
50,50,0,83888,335552,0,7.859415769577026,0,0,0.0,1,101,250,3,flex,0.058255555555555553
100,100,0,164950,659800,0,12.762470960617065,0,0,0.0,2,105,420,6,flex,0.0833080808080808
50,50,0,83984,335936,0,5.412233591079712,0,0,0.0,1,101,270,1,flex,0.07776296296296296
50,50,0,83840,335360,0,3.3744406700134277,0,0,0.0,1,101,270,4,rigid,0.05175308641975308
50,50,0,83840,335360,0,9.188841819763184,0,0,0.0,1,101,250,4,flex,0.05175308641975308
50,50,0,83792,335168,0,3.5125725269317627,0,0,0.0,1,101,270,5,rigid,0.04655111111111111
50,50,0,83792,335168,0,3.5600945949554443,0,0,0.0,1,101,270,6,rigid,0.042319191919191916
50,50,0,83936,335744,0,6.624819278717041,0,0,0.0,1,101,270,2,flex,0.06661587301587302
50,50,0,83402,333608,0,3.1591570377349854,0,0,0.0,1,101,380,1,rigid,0.07722407407407407
50,50,0,82742,330968,0,3.354778289794922,0,0,0.0,1,101,380,2,rigid,0.06566825396825397
50,50,0,83888,335552,0,7.770864963531494,0,0,0.0,1,101,270,3,flex,0.058255555555555553
50,50,0,83510,334040,0,5.052230596542358,0,0,0.0,1,101,380,1,flex,0.07732407407407407
50,50,0,83792,335168,0,10.657682657241821,0,0,0.0,1,101,250,5,flex,0.04655111111111111
50,50,0,82610,330440,0,3.7045066356658936,0,0,0.0,1,101,380,3,rigid,0.057368055555555554
50,50,0,82742,330968,0,5.766949653625488,0,0,0.0,1,101,380,2,flex,0.06566825396825397
50,50,0,82478,329912,0,4.065892219543457,0,0,0.0,1,101,380,4,rigid,0.050912345679012344
50,50,0,83840,335360,0,9.018182516098022,0,0,0.0,1,101,270,4,flex,0.05175308641975308
50,50,0,83792,335168,0,12.350697040557861,0,0,0.0,1,101,250,6,flex,0.042319191919191916
50,50,0,82610,330440,0,6.385146379470825,0,0,0.0,1,101,380,3,flex,0.057368055555555554
50,50,0,82430,329720,0,4.36023211479187,0,0,0.0,1,101,380,5,rigid,0.04579444444444444
50,50,0,82772,331088,0,3.2621445655822754,0,0,0.0,1,101,420,1,rigid,0.07664074074074075
50,50,0,82382,329528,0,4.461209535598755,0,0,0.0,1,101,380,6,rigid,0.04160707070707071
50,50,0,83792,335168,0,10.559835195541382,0,0,0.0,1,101,270,5,flex,0.04655111111111111
50,50,0,82664,330656,0,4.604000806808472,0,0,0.0,1,101,420,1,flex,0.07654074074074074
50,50,0,82478,329912,0,7.026693344116211,0,0,0.0,1,101,380,4,flex,0.050912345679012344
50,50,0,81374,325496,0,3.6074023246765137,0,0,0.0,1,101,420,2,rigid,0.06458253968253969
50,50,0,81482,325928,0,4.902110576629639,0,0,0.0,1,101,420,2,flex,0.06466825396825397
50,50,0,82430,329720,0,7.789616584777832,0,0,0.0,1,101,380,5,flex,0.04579444444444444
50,50,0,80978,323912,0,4.023082733154297,0,0,0.0,1,101,420,3,rigid,0.05623472222222222
50,50,0,83792,335168,0,12.325170755386353,0,0,0.0,1,101,270,6,flex,0.042319191919191916
50,50,0,80846,323384,0,4.34489631652832,0,0,0.0,1,101,420,4,rigid,0.049904938271604936
50,50,0,80978,323912,0,5.193347454071045,0,0,0.0,1,101,420,3,flex,0.05623472222222222
50,50,0,80714,322856,0,4.604954481124878,0,0,0.0,1,101,420,5,rigid,0.04484111111111111
50,50,0,82382,329528,0,8.617770910263062,0,0,0.0,1,101,380,6,flex,0.04160707070707071
50,50,0,86988,347952,0,2.9516232013702393,0,0,0.0,1,102,0,0,rigid,0.09665333333333333
50,50,0,80846,323384,0,5.46464991569519,0,0,0.0,1,101,420,4,flex,0.049904938271604936
50,50,0,86364,345456,0,3.0278453826904297,0,0,0.0,1,102,250,1,rigid,0.07996666666666667
50,50,0,80714,322856,0,5.675116539001465,0,0,0.0,1,101,420,5,flex,0.04484111111111111
50,50,0,86988,347952,0,4.030502080917358,0,0,0.0,1,102,0,0,flex,0.09665333333333333
50,50,0,80666,322664,0,5.055495738983154,0,0,0.0,1,101,420,6,rigid,0.04074040404040404
50,50,0,85962,343848,0,3.127629041671753,0,0,0.0,1,102,250,2,rigid,0.06822380952380952
50,50,0,80666,322664,0,5.950380802154541,0,0,0.0,1,101,420,6,flex,0.04074040404040404
50,50,0,86364,345456,0,5.139034271240234,0,0,0.0,1,102,250,1,flex,0.07996666666666667
50,50,0,85914,343656,0,3.3168108463287354,0,0,0.0,1,102,250,3,rigid,0.0596625
50,50,0,85914,343656,0,3.4956817626953125,0,0,0.0,1,102,250,4,rigid,0.053033333333333335
50,50,0,85914,343656,0,3.512902021408081,0,0,0.0,1,102,250,5,rigid,0.04773
50,50,0,85998,343992,0,3.6118452548980713,0,0,0.0,1,102,250,6,rigid,0.04343333333333333
50,50,0,85962,343848,0,6.2356858253479,0,0,0.0,1,102,250,2,flex,0.06822380952380952
50,50,0,86364,345456,0,3.055161952972412,0,0,0.0,1,102,270,1,rigid,0.07996666666666667
50,50,0,85962,343848,0,3.245919704437256,0,0,0.0,1,102,270,2,rigid,0.06822380952380952
50,50,0,85914,343656,0,3.4274096488952637,0,0,0.0,1,102,270,3,rigid,0.0596625
50,50,0,86364,345456,0,5.045966148376465,0,0,0.0,1,102,270,1,flex,0.07996666666666667
50,50,0,85914,343656,0,7.363213062286377,0,0,0.0,1,102,250,3,flex,0.0596625
50,50,0,85866,343464,0,3.53979229927063,0,0,0.0,1,102,270,4,rigid,0.053003703703703706
50,50,0,85866,343464,0,3.6418397426605225,0,0,0.0,1,102,270,5,rigid,0.047703333333333334
50,50,0,85962,343848,0,6.192737102508545,0,0,0.0,1,102,270,2,flex,0.06822380952380952
50,50,0,85950,343800,0,3.8291726112365723,0,0,0.0,1,102,270,6,rigid,0.04340909090909091
50,50,0,85716,342864,0,3.233828067779541,0,0,0.0,1,102,380,1,rigid,0.07936666666666667
50,50,0,85914,343656,0,8.699719429016113,0,0,0.0,1,102,250,4,flex,0.053033333333333335
50,50,0,85716,342864,0,4.645251750946045,0,0,0.0,1,102,380,1,flex,0.07936666666666667
50,50,0,85914,343656,0,7.267503499984741,0,0,0.0,1,102,270,3,flex,0.0596625
50,50,0,85098,340392,0,3.480293035507202,0,0,0.0,1,102,380,2,rigid,0.06753809523809524
50,50,0,85050,340200,0,3.7318856716156006,0,0,0.0,1,102,380,3,rigid,0.0590625
50,50,0,85914,343656,0,10.097267866134644,0,0,0.0,1,102,250,5,flex,0.04773
50,50,0,85098,340392,0,5.361787796020508,0,0,0.0,1,102,380,2,flex,0.06753809523809524
50,50,0,85866,343464,0,8.472191333770752,0,0,0.0,1,102,270,4,flex,0.053003703703703706
50,50,0,85002,340008,0,4.067196846008301,0,0,0.0,1,102,380,4,rigid,0.05247037037037037
50,50,0,85914,343656,0,11.794170379638672,0,0,0.0,1,102,250,6,flex,0.04339090909090909
50,50,0,85050,340200,0,5.963830471038818,0,0,0.0,1,102,380,3,flex,0.0590625
50,50,0,84954,339816,0,4.341606378555298,0,0,0.0,1,102,380,5,rigid,0.047196666666666665
50,50,0,85644,342576,0,3.301881790161133,0,0,0.0,1,102,420,1,rigid,0.0793
50,50,0,85866,343464,0,9.76079249382019,0,0,0.0,1,102,270,5,flex,0.047703333333333334
50,50,0,84954,339816,0,4.603161334991455,0,0,0.0,1,102,380,6,rigid,0.04290606060606061
50,50,0,85644,342576,0,4.432689905166626,0,0,0.0,1,102,420,1,flex,0.0793
50,50,0,84846,339384,0,3.7120587825775146,0,0,0.0,1,102,420,2,rigid,0.06733809523809524
50,50,0,85002,340008,0,6.7513267993927,0,0,0.0,1,102,380,4,flex,0.05247037037037037
50,50,0,84846,339384,0,4.712677955627441,0,0,0.0,1,102,420,2,flex,0.06733809523809524
50,50,0,84534,338136,0,4.037487745285034,0,0,0.0,1,102,420,3,rigid,0.05870416666666667
50,50,0,85866,343464,0,11.293539762496948,0,0,0.0,1,102,270,6,flex,0.043366666666666664
50,50,0,84954,339816,0,7.438300848007202,0,0,0.0,1,102,380,5,flex,0.047196666666666665
50,50,0,84534,338136,0,5.073387145996094,0,0,0.0,1,102,420,3,flex,0.05870416666666667
50,50,0,84954,339816,0,8.216224431991577,0,0,0.0,1,102,380,6,flex,0.04290606060606061
50,50,0,84402,337608,0,4.3464720249176025,0,0,0.0,1,102,420,4,rigid,0.0521
50,50,0,84992,339968,0,2.9991557598114014,0,0,0.0,1,103,0,0,rigid,0.09443555555555555
50,50,0,84402,337608,0,5.2584388256073,0,0,0.0,1,102,420,4,flex,0.0521
50,50,0,84270,337080,0,4.697042942047119,0,0,0.0,1,102,420,5,rigid,0.046816666666666666
50,50,0,84218,336872,0,3.12343430519104,0,0,0.0,1,103,250,1,rigid,0.07797962962962963
50,50,0,84992,339968,0,4.023626327514648,0,0,0.0,1,103,0,0,flex,0.09443555555555555
50,50,0,84270,337080,0,5.5535948276519775,0,0,0.0,1,102,420,5,flex,0.046816666666666666
50,50,0,84270,337080,0,5.000153303146362,0,0,0.0,1,102,420,6,rigid,0.04256060606060606
50,50,0,84270,337080,0,5.780179023742676,0,0,0.0,1,102,420,6,flex,0.04256060606060606
50,50,0,84026,336104,0,3.2168140411376953,0,0,0.0,1,103,250,2,rigid,0.06668730158730159
50,50,0,83918,335672,0,3.363740921020508,0,0,0.0,1,103,250,3,rigid,0.05827638888888889
50,50,0,84218,336872,0,5.113735675811768,0,0,0.0,1,103,250,1,flex,0.07797962962962963
50,50,0,83918,335672,0,3.4648897647857666,0,0,0.0,1,103,250,4,rigid,0.051801234567901235
50,50,0,83918,335672,0,3.5043528079986572,0,0,0.0,1,103,250,5,rigid,0.04662111111111111
50,50,0,84218,336872,0,3.027463436126709,0,0,0.0,1,103,270,1,rigid,0.07797962962962963
50,50,0,83918,335672,0,3.655954122543335,0,0,0.0,1,103,250,6,rigid,0.042382828282828286
50,50,0,84026,336104,0,6.120574474334717,0,0,0.0,1,103,250,2,flex,0.06668730158730159
50,50,0,84026,336104,0,3.2867584228515625,0,0,0.0,1,103,270,2,rigid,0.06668730158730159
50,50,0,83918,335672,0,3.326608419418335,0,0,0.0,1,103,270,3,rigid,0.05827638888888889
50,50,0,84218,336872,0,5.0299787521362305,0,0,0.0,1,103,270,1,flex,0.07797962962962963
50,50,0,83918,335672,0,3.4132742881774902,0,0,0.0,1,103,270,4,rigid,0.051801234567901235
50,50,0,83918,335672,0,7.463645935058594,0,0,0.0,1,103,250,3,flex,0.05827638888888889
50,50,0,83918,335672,0,3.521333932876587,0,0,0.0,1,103,270,5,rigid,0.04662111111111111
50,50,0,84026,336104,0,6.201871156692505,0,0,0.0,1,103,270,2,flex,0.06668730158730159
50,50,0,83918,335672,0,3.6861965656280518,0,0,0.0,1,103,270,6,rigid,0.042382828282828286
50,50,0,83660,334640,0,3.418116807937622,0,0,0.0,1,103,380,1,rigid,0.07746296296296297
50,50,0,83918,335672,0,8.726748943328857,0,0,0.0,1,103,250,4,flex,0.051801234567901235
50,50,0,83660,334640,0,4.55988883972168,0,0,0.0,1,103,380,1,flex,0.07746296296296297
50,50,0,83918,335672,0,7.436517238616943,0,0,0.0,1,103,270,3,flex,0.05827638888888889
50,50,0,83078,332312,0,3.689129114151001,0,0,0.0,1,103,380,2,rigid,0.06593492063492064
50,50,0,83918,335672,0,10.17100739479065,0,0,0.0,1,103,250,5,flex,0.04662111111111111
50,50,0,82808,331232,0,3.9637534618377686,0,0,0.0,1,103,380,3,rigid,0.05750555555555555
50,50,0,83078,332312,0,4.982351541519165,0,0,0.0,1,103,380,2,flex,0.06593492063492064
50,50,0,83918,335672,0,8.858949422836304,0,0,0.0,1,103,270,4,flex,0.051801234567901235
50,50,0,82808,331232,0,5.401656866073608,0,0,0.0,1,103,380,3,flex,0.05750555555555555
50,50,0,82568,330272,0,4.293394565582275,0,0,0.0,1,103,380,4,rigid,0.0509679012345679
50,50,0,83918,335672,0,11.98153829574585,0,0,0.0,1,103,250,6,flex,0.042382828282828286
50,50,0,82376,329504,0,4.629532337188721,0,0,0.0,1,103,380,5,rigid,0.04576444444444445
50,50,0,82568,330272,0,5.750486373901367,0,0,0.0,1,103,380,4,flex,0.0509679012345679
50,50,0,83588,334352,0,3.3814239501953125,0,0,0.0,1,103,420,1,rigid,0.0773962962962963
50,50,0,83918,335672,0,10.137967109680176,0,0,0.0,1,103,270,5,flex,0.04662111111111111
50,50,0,83588,334352,0,4.338781833648682,0,0,0.0,1,103,420,1,flex,0.0773962962962963
50,50,0,82922,331688,0,3.704803466796875,0,0,0.0,1,103,420,2,rigid,0.06581111111111111
50,50,0,82184,328736,0,4.911077260971069,0,0,0.0,1,103,380,6,rigid,0.04150707070707071
50,50,0,82376,329504,0,6.35068154335022,0,0,0.0,1,103,380,5,flex,0.04576444444444445
50,50,0,82922,331688,0,4.637000322341919,0,0,0.0,1,103,420,2,flex,0.06581111111111111
50,50,0,82184,328736,0,6.742831707000732,0,0,0.0,1,103,380,6,flex,0.04150707070707071
50,50,0,82652,330608,0,4.049135684967041,0,0,0.0,1,103,420,3,rigid,0.057397222222222224
50,50,0,82652,330608,0,4.9443039894104,0,0,0.0,1,103,420,3,flex,0.057397222222222224
50,50,0,83918,335672,0,11.896010875701904,0,0,0.0,1,103,270,6,flex,0.042382828282828286
50,50,0,82412,329648,0,4.441837549209595,0,0,0.0,1,103,420,4,rigid,0.05087160493827161
50,49,1776,83510,334040,0,2.974468469619751,0,0,0.0,1,104,0,0,rigid,0.09278888888888889
50,50,0,82412,329648,0,5.301413059234619,0,0,0.0,1,103,420,4,flex,0.05087160493827161
50,49,1776,83354,333416,0,3.094008207321167,0,0,0.0,1,104,250,1,rigid,0.07717962962962963
50,50,0,82220,328880,0,4.806014776229858,0,0,0.0,1,103,420,5,rigid,0.045677777777777775
50,50,0,86434,345736,1,4.3386549949646,0,0,0.0,1,104,0,0,flex,0.09603777777777778
50,50,0,82220,328880,0,5.535244464874268,0,0,0.0,1,103,420,5,flex,0.045677777777777775
50,50,0,82028,328112,0,5.0431506633758545,0,0,0.0,1,103,420,6,rigid,0.04142828282828283
50,49,1776,83258,333032,0,3.366469621658325,0,0,0.0,1,104,250,2,rigid,0.06607777777777778
50,50,0,82028,328112,0,5.69545578956604,0,0,0.0,1,103,420,6,flex,0.04142828282828283
50,49,1776,83162,332648,0,3.457963705062866,0,0,0.0,1,104,250,3,rigid,0.05775138888888889
50,49,1776,83162,332648,0,3.5647552013397217,0,0,0.0,1,104,250,4,rigid,0.05133456790123457
50,50,0,86278,345112,1,5.474420547485352,0,0,0.0,1,104,250,1,flex,0.07988703703703703
50,49,1776,83162,332648,0,3.616361618041992,0,0,0.0,1,104,250,5,rigid,0.04620111111111111
50,49,1776,83162,332648,0,3.7795896530151367,0,0,0.0,1,104,250,6,rigid,0.0420010101010101
50,50,0,86122,344488,1,6.541430473327637,0,0,0.0,1,104,250,2,flex,0.06835079365079365
50,49,1776,83354,333416,0,3.1378259658813477,0,0,0.0,1,104,270,1,rigid,0.07717962962962963
50,49,1776,83258,333032,0,3.291109800338745,0,0,0.0,1,104,270,2,rigid,0.06607777777777778
50,49,1776,83162,332648,0,3.5034217834472656,0,0,0.0,1,104,270,3,rigid,0.05775138888888889
50,50,0,86074,344296,1,7.687640190124512,0,0,0.0,1,104,250,3,flex,0.05977361111111111
50,49,1776,83162,332648,0,3.589911699295044,0,0,0.0,1,104,270,4,rigid,0.05133456790123457
50,50,0,86278,345112,1,5.595551252365112,0,0,0.0,1,104,270,1,flex,0.07988703703703703
50,49,1776,83162,332648,0,3.7250123023986816,0,0,0.0,1,104,270,5,rigid,0.04620111111111111
50,50,0,86074,344296,1,8.810667037963867,0,0,0.0,1,104,250,4,flex,0.053132098765432095
50,50,0,86122,344488,1,6.628194332122803,0,0,0.0,1,104,270,2,flex,0.06835079365079365
50,49,1776,82988,331952,0,3.2815451622009277,0,0,0.0,1,104,380,1,rigid,0.07684074074074074
50,49,1776,83162,332648,0,3.864682674407959,0,0,0.0,1,104,270,6,rigid,0.0420010101010101
50,50,0,86074,344296,1,7.564307451248169,0,0,0.0,1,104,270,3,flex,0.05977361111111111
50,50,0,86020,344080,1,5.059485673904419,0,0,0.0,1,104,380,1,flex,0.07964814814814815
50,49,1776,82808,331232,0,3.5067298412323,0,0,0.0,1,104,380,2,rigid,0.06572063492063492
50,50,0,86074,344296,1,10.26730751991272,0,0,0.0,1,104,250,5,flex,0.04781888888888889
50,49,1776,82628,330512,0,3.8360755443573,0,0,0.0,1,104,380,3,rigid,0.05738055555555555
50,50,0,86074,344296,1,8.794980764389038,0,0,0.0,1,104,270,4,flex,0.053132098765432095
50,50,0,85780,343120,1,5.771276235580444,0,0,0.0,1,104,380,2,flex,0.06807936507936507
50,49,1776,82496,329984,0,4.035443544387817,0,0,0.0,1,104,380,4,rigid,0.05092345679012346
50,50,0,86074,344296,1,11.885542869567871,0,0,0.0,1,104,250,6,flex,0.04347171717171717
50,49,1776,82496,329984,0,4.382044792175293,0,0,0.0,1,104,380,5,rigid,0.045831111111111114
50,50,0,86074,344296,1,10.000478267669678,0,0,0.0,1,104,270,5,flex,0.04781888888888889
50,50,0,85540,342160,1,6.33832573890686,0,0,0.0,1,104,380,3,flex,0.05940277777777778
50,50,0,82322,329288,0,3.3585479259490967,0,0,0.0,1,104,420,1,rigid,0.07622407407407407
50,49,1776,82496,329984,0,4.596545457839966,0,0,0.0,1,104,380,6,rigid,0.04166464646464647
50,50,0,81194,324776,0,3.7402830123901367,0,0,0.0,1,104,420,2,rigid,0.06443968253968253
50,50,0,82274,329096,0,4.662989854812622,0,0,0.0,1,104,420,1,flex,0.07617962962962962
50,50,0,85408,341632,1,7.021225214004517,0,0,0.0,1,104,380,4,flex,0.05272098765432099
50,50,0,81194,324776,0,4.954034090042114,0,0,0.0,1,104,420,2,flex,0.06443968253968253
50,50,0,80840,323360,0,4.123366832733154,0,0,0.0,1,104,420,3,rigid,0.05613888888888889
50,50,0,85408,341632,1,7.751697301864624,0,0,0.0,1,104,380,5,flex,0.04744888888888889
50,50,0,86074,344296,1,11.589391231536865,0,0,0.0,1,104,270,6,flex,0.04347171717171717
50,50,0,80840,323360,0,5.180166244506836,0,0,0.0,1,104,420,3,flex,0.05613888888888889
50,50,0,80516,322064,0,4.391825914382935,0,0,0.0,1,104,420,4,rigid,0.04970123456790124
50,50,0,85408,341632,1,8.532571077346802,0,0,0.0,1,104,380,6,flex,0.043135353535353534
50,50,0,80516,322064,0,5.443512201309204,0,0,0.0,1,104,420,4,flex,0.04970123456790124
50,50,0,79686,318744,0,2.8961474895477295,0,0,0.0,1,105,0,0,rigid,0.08854
50,50,0,79590,318360,0,2.965141534805298,0,0,0.0,1,105,250,1,rigid,0.07369444444444445
50,50,0,80384,321536,0,4.792688369750977,0,0,0.0,1,104,420,5,rigid,0.044657777777777775
50,50,0,79686,318744,0,4.225632190704346,0,0,0.0,1,105,0,0,flex,0.08854
50,50,0,80300,321200,0,5.062692165374756,0,0,0.0,1,104,420,6,rigid,0.04055555555555555
50,50,0,80384,321536,0,5.650454044342041,0,0,0.0,1,104,420,5,flex,0.044657777777777775
50,50,0,79590,318360,0,3.166788101196289,0,0,0.0,1,105,250,2,rigid,0.06316666666666666
50,50,0,80300,321200,0,5.914288282394409,0,0,0.0,1,104,420,6,flex,0.04055555555555555
50,50,0,79590,318360,0,3.2375760078430176,0,0,0.0,1,105,250,3,rigid,0.05527083333333333
50,50,0,79590,318360,0,5.316725730895996,0,0,0.0,1,105,250,1,flex,0.07369444444444445
50,50,0,79590,318360,0,3.310096025466919,0,0,0.0,1,105,250,4,rigid,0.04912962962962963
50,50,0,79590,318360,0,3.392791271209717,0,0,0.0,1,105,250,5,rigid,0.04421666666666667
50,50,0,79590,318360,0,3.507646083831787,0,0,0.0,1,105,250,6,rigid,0.040196969696969696
50,50,0,79590,318360,0,3.040379524230957,0,0,0.0,1,105,270,1,rigid,0.07369444444444445
50,50,0,79542,318168,0,3.109863519668579,0,0,0.0,1,105,270,2,rigid,0.06312857142857142
50,50,0,79590,318360,0,6.625292539596558,0,0,0.0,1,105,250,2,flex,0.06316666666666666
50,50,0,79542,318168,0,3.237612247467041,0,0,0.0,1,105,270,3,rigid,0.0552375
50,50,0,79590,318360,0,5.284046649932861,0,0,0.0,1,105,270,1,flex,0.07369444444444445
50,50,0,79542,318168,0,3.3524229526519775,0,0,0.0,1,105,270,4,rigid,0.0491
50,50,0,79590,318360,0,7.719356298446655,0,0,0.0,1,105,250,3,flex,0.05527083333333333
50,50,0,79542,318168,0,3.486447811126709,0,0,0.0,1,105,270,5,rigid,0.04419
50,50,0,79542,318168,0,6.4510581493377686,0,0,0.0,1,105,270,2,flex,0.06312857142857142
50,50,0,79152,316608,0,3.266143798828125,0,0,0.0,1,105,380,1,rigid,0.07328888888888889
50,50,0,79542,318168,0,3.6519734859466553,0,0,0.0,1,105,270,6,rigid,0.04017272727272727
50,50,0,79590,318360,0,9.27692723274231,0,0,0.0,1,105,250,4,flex,0.04912962962962963
50,50,0,79152,316608,0,4.820142507553101,0,0,0.0,1,105,380,1,flex,0.07328888888888889
50,50,0,79542,318168,0,7.587228298187256,0,0,0.0,1,105,270,3,flex,0.0552375
50,50,0,78912,315648,0,3.5401179790496826,0,0,0.0,1,105,380,2,rigid,0.06262857142857142
50,50,0,78780,315120,0,3.887328863143921,0,0,0.0,1,105,380,3,rigid,0.05470833333333333
50,50,0,78912,315648,0,5.3354880809783936,0,0,0.0,1,105,380,2,flex,0.06262857142857142
50,50,0,79590,318360,0,10.846359968185425,0,0,0.0,1,105,250,5,flex,0.04421666666666667
50,50,0,79542,318168,0,8.974161148071289,0,0,0.0,1,105,270,4,flex,0.0491
50,50,0,78696,314784,0,4.11342978477478,0,0,0.0,1,105,380,4,rigid,0.048577777777777775
50,50,0,78780,315120,0,5.78037428855896,0,0,0.0,1,105,380,3,flex,0.05470833333333333
50,50,0,78612,314448,0,4.4967265129089355,0,0,0.0,1,105,380,5,rigid,0.043673333333333335
50,50,0,79590,318360,0,12.573142766952515,0,0,0.0,1,105,250,6,flex,0.040196969696969696
50,50,0,79032,316128,0,3.311668634414673,0,0,0.0,1,105,420,1,rigid,0.07317777777777777
50,50,0,78696,314784,0,6.287598609924316,0,0,0.0,1,105,380,4,flex,0.048577777777777775
50,50,0,79542,318168,0,10.52787446975708,0,0,0.0,1,105,270,5,flex,0.04419
50,50,0,79032,316128,0,4.521306276321411,0,0,0.0,1,105,420,1,flex,0.07317777777777777
50,50,0,78528,314112,0,4.762347936630249,0,0,0.0,1,105,380,6,rigid,0.03966060606060606
50,50,0,78720,314880,0,3.6535768508911133,0,0,0.0,1,105,420,2,rigid,0.06247619047619048
50,50,0,78612,314448,0,6.746548652648926,0,0,0.0,1,105,380,5,flex,0.043673333333333335
50,50,0,78720,314880,0,4.6390252113342285,0,0,0.0,1,105,420,2,flex,0.06247619047619048
50,50,0,78528,314112,0,3.975294828414917,0,0,0.0,1,105,420,3,rigid,0.054533333333333336
50,50,0,78528,314112,0,4.926826477050781,0,0,0.0,1,105,420,3,flex,0.054533333333333336
50,50,0,78528,314112,0,7.289779901504517,0,0,0.0,1,105,380,6,flex,0.03966060606060606
50,50,0,78396,313584,0,4.21626877784729,0,0,0.0,1,105,420,4,rigid,0.04839259259259259
50,50,0,79542,318168,0,12.192874670028687,0,0,0.0,1,105,270,6,flex,0.04017272727272727
50,50,0,78396,313584,0,5.0172202587127686,0,0,0.0,1,105,420,4,flex,0.04839259259259259
50,50,0,78312,313248,0,4.372216701507568,0,0,0.0,1,105,420,5,rigid,0.043506666666666666
50,50,0,78312,313248,0,5.201679944992065,0,0,0.0,1,105,420,5,flex,0.043506666666666666
50,50,0,78228,312912,0,4.54915189743042,0,0,0.0,1,105,420,6,rigid,0.03950909090909091
50,50,0,78228,312912,0,5.249830722808838,0,0,0.0,1,105,420,6,flex,0.03950909090909091
