cell,model,r,labour,winner,K,coop,margin,predicted,predicted_margin,same
jiang_short_baseline,affine,5.1,shift_h,MX1,5,0.08075601374570447,0.004813456767267077,MX1,0.004813,True
jiang_short_baseline,affine,5.1,crew_veh_h,L300_H500x2,5,0.0,0.001646970232218381,L300_H500x2,0.005779,True
jiang_short_baseline,affine,5.1,crew_team_h,L300_H500x1,5,0.0027491408934707906,0.0013473308053435495,L300_H500x2,0.003268,False
jiang_short_baseline,affine,5.1,shift_ot_h,L300_H500x2,5,0.0,0.0003351856808331277,L300_H500x2,0.007553,True
jiang_short_baseline,affine,6.364497,shift_h,MX1,5,0.08075601374570447,0.005886712027341812,MX1,0.005887,True
jiang_short_baseline,affine,6.364497,crew_veh_h,L300_H500x1,5,0.0027491408934707906,0.0005879648624260714,L300_H500x2,0.00419,False
jiang_short_baseline,affine,6.364497,crew_team_h,L300_H500x1,5,0.0027491408934707906,0.0035145957386890636,L300_H500x2,0.000997,False
jiang_short_baseline,affine,6.364497,shift_ot_h,L300_H500x1,5,0.0027491408934707906,0.0015474246923750101,L300_H500x2,0.006542,False
jiang_short_baseline,affine,7.942513,shift_h,MX1,5,0.08075601374570447,0.007167293644637862,MX1,0.007167,True
jiang_short_baseline,affine,7.942513,crew_veh_h,L300_H500x1,5,0.0027491408934707906,0.0032287499272656284,L300_H500x2,0.001416,False
jiang_short_baseline,affine,7.942513,crew_team_h,L300_H500x1,5,0.0027491408934707906,0.006078129293387802,L300_H500x1,0.00168,True
jiang_short_baseline,affine,7.942513,shift_ot_h,L300_H500x1,5,0.0027491408934707906,0.0037917170256895893,L300_H500x2,0.005341,False
jiang_short_baseline,affine,9.911784,shift_h,MX1,5,0.08075601374570447,0.008680445868843867,MX1,0.00868,True
jiang_short_baseline,affine,9.911784,crew_veh_h,L300_H500x1,5,0.0027491408934707906,0.0063178086168758085,L300_H500x1,0.001814,True
jiang_short_baseline,affine,9.911784,crew_team_h,L300_H500x1,5,0.0027491408934707906,0.009076273572954818,L300_H500x1,0.00481,True
jiang_short_baseline,affine,9.911784,shift_ot_h,L300_H500x1,5,0.0027491408934707906,0.00644100074486742,L300_H500x2,0.00393,False
jiang_short_baseline,affine,12.369317,shift_h,MX1,5,0.08075601374570447,0.010447970504576798,MX1,0.010448,True
jiang_short_baseline,affine,12.369317,crew_veh_h,L300_H500x1,5,0.0027491408934707906,0.009883888757725279,L300_H500x1,0.005519,True
jiang_short_baseline,affine,12.369317,crew_team_h,L300_H500x1,5,0.0027491408934707906,0.012536663531935277,L300_H500x1,0.007372,True
jiang_short_baseline,affine,12.369317,shift_ot_h,L300_H500x1,5,0.0027491408934707906,0.00953208594318733,L300_H500x2,0.00121,False
jiang_short_baseline,affine,15.436172,shift_h,MX1,5,0.08075601374570447,0.012485116512960914,MX1,0.012485,True
jiang_short_baseline,affine,15.436172,crew_veh_h,L300_H500x1,5,0.0027491408934707906,0.013938507361636931,L300_H500x1,0.007731,True
jiang_short_baseline,affine,15.436172,crew_team_h,L300_H500x1,5,0.0027491408934707906,0.016470154261845504,L300_H500x1,0.009499,True
jiang_short_baseline,affine,15.436172,shift_ot_h,L300_H500x1,5,0.0027491408934707906,0.013089936907130673,L300_H500x1,0.002775,True
jiang_short_baseline,affine,19.263424,shift_h,MX1,5,0.08075601374570447,0.014797025649037288,MX1,0.014797,True
jiang_short_baseline,affine,19.263424,crew_veh_h,L300_H500x1,5,0.0027491408934707906,0.016955378282218936,L300_H500x1,0.010205,True
jiang_short_baseline,affine,19.263424,crew_team_h,L300_H500x1,5,0.0027491408934707906,0.018725392439307154,L300_H500x1,0.011877,True
jiang_short_baseline,affine,19.263424,shift_ot_h,L300_H500x1,5,0.0027491408934707906,0.017121504540099863,L300_H500x1,0.005598,True
jiang_short_baseline,affine,24.039607,shift_h,MX1,5,0.08075601374570447,0.017375212586371314,MX1,0.017375,True
jiang_short_baseline,affine,24.039607,crew_veh_h,L300_H500x1,5,0.0027491408934707906,0.019228270307712014,L300_H500x1,0.012918,True
jiang_short_baseline,affine,24.039607,crew_team_h,L300_H500x1,5,0.0027491408934707906,0.02088350498233682,L300_H500x1,0.014484,True
jiang_short_baseline,affine,24.039607,shift_ot_h,L300_H500x1,5,0.0027491408934707906,0.017575494172110462,L300_H500x1,0.005161,True
jiang_short_baseline,affine,30.0,shift_h,MX1,5,0.08075601374570447,0.020194800644870003,MX1,0.020195,True
jiang_short_baseline,affine,30.0,crew_veh_h,L300_H500x1,5,0.0027491408934707906,0.021667676560819915,L300_H500x1,0.015833,True
jiang_short_baseline,affine,30.0,crew_team_h,L300_H500x1,5,0.0027491408934707906,0.023198960721485973,L300_H500x1,0.016827,True
jiang_short_baseline,affine,30.0,shift_ot_h,L300_H500x1,5,0.0027491408934707906,0.012511440512543714,L300_H500x1,0.000994,True
jiang_short_baseline,piecewise,5.1,shift_h,MX1,5,0.08075601374570447,0.0052202529041278645,MX1,0.00522,True
jiang_short_baseline,piecewise,5.1,crew_veh_h,L300_H500x2,5,0.0,0.0008703404937888681,L300_H500x2,0.005419,True
jiang_short_baseline,piecewise,5.1,crew_team_h,L300_H500x1,5,0.0027491408934707906,0.0021202713891168568,L300_H500x2,0.00249,False
jiang_short_baseline,piecewise,5.1,shift_ot_h,L300_H500x1,5,0.0027491408934707906,0.0003237844052745853,L300_H500x2,0.007243,False
jiang_short_baseline,piecewise,6.364497,shift_h,MX1,5,0.08075601374570447,0.00638309137794435,MX1,0.006383,True
jiang_short_baseline,piecewise,6.364497,crew_veh_h,L300_H500x1,5,0.0027491408934707906,0.0015277289562036778,L300_H500x2,0.003242,False
jiang_short_baseline,piecewise,6.364497,crew_team_h,L300_H500x1,5,0.0027491408934707906,0.004452271894356485,L300_H500x2,5.7e-05,False
jiang_short_baseline,piecewise,6.364497,shift_ot_h,L300_H500x1,5,0.0027491408934707906,0.002350026099585678,L300_H500x2,0.006165,False
jiang_short_baseline,piecewise,7.942513,shift_h,MX1,5,0.08075601374570447,0.007770027735436669,MX1,0.00777,True
jiang_short_baseline,piecewise,7.942513,crew_veh_h,L300_H500x1,5,0.0027491408934707906,0.0043619896730267005,L300_H500x2,0.000279,False
jiang_short_baseline,piecewise,7.942513,crew_team_h,L300_H500x1,5,0.0027491408934707906,0.007208882218330492,L300_H500x1,0.002812,True
jiang_short_baseline,piecewise,7.942513,shift_ot_h,L300_H500x1,5,0.0027491408934707906,0.00476433088711814,L300_H500x2,0.004887,False
jiang_short_baseline,piecewise,9.911784,shift_h,MX1,5,0.08075601374570447,0.009408102075365132,MX1,0.009408,True
jiang_short_baseline,piecewise,9.911784,crew_veh_h,L300_H500x1,5,0.0027491408934707906,0.00767485894003217,L300_H500x1,0.003173,True
jiang_short_baseline,piecewise,9.911784,crew_team_h,L300_H500x1,5,0.0027491408934707906,0.010430392553872236,L300_H500x1,0.006166,True
jiang_short_baseline,piecewise,9.911784,shift_ot_h,L300_H500x1,5,0.0027491408934707906,0.007612408662711179,L300_H500x2,0.003388,False
jiang_short_baseline,piecewise,12.369317,shift_h,MX1,5,0.08075601374570447,0.011320523836836127,MX1,0.011321,True
jiang_short_baseline,piecewise,12.369317,crew_veh_h,L300_H500x1,5,0.0027491408934707906,0.011495952965373979,L300_H500x1,0.0064,True
jiang_short_baseline,piecewise,12.369317,crew_team_h,L300_H500x1,5,0.0027491408934707906,0.014145314693849942,L300_H500x1,0.00825,True
jiang_short_baseline,piecewise,12.369317,shift_ot_h,L300_H500x1,5,0.0027491408934707906,0.010932844690060284,L300_H500x1,0.000205,True
jiang_short_baseline,piecewise,15.436172,shift_h,MX1,5,0.08075601374570447,0.013523300518747838,MX1,0.013523,True
jiang_short_baseline,piecewise,15.436172,crew_veh_h,L300_H500x1,5,0.0027491408934707906,0.01583615529389637,L300_H500x1,0.008768,True
jiang_short_baseline,piecewise,15.436172,crew_team_h,L300_H500x1,5,0.0027491408934707906,0.017771309846303707,L300_H500x1,0.010533,True
jiang_short_baseline,piecewise,15.436172,shift_ot_h,L300_H500x1,5,0.0027491408934707906,0.014751224583850808,L300_H500x1,0.004115,True
jiang_short_baseline,piecewise,19.263424,shift_h,MX1,5,0.08075601374570447,0.016021405427014468,MX1,0.016021,True
jiang_short_baseline,piecewise,19.263424,crew_veh_h,L300_H500x1,5,0.0027491408934707906,0.018144414511957363,L300_H500x1,0.011414,True
jiang_short_baseline,piecewise,19.263424,crew_team_h,L300_H500x1,5,0.0027491408934707906,0.019910118711804925,L300_H500x1,0.013082,True
jiang_short_baseline,piecewise,19.263424,shift_ot_h,L300_H500x1,5,0.0027491408934707906,0.019073547756635945,L300_H500x1,0.006676,True
jiang_short_baseline,piecewise,24.039607,shift_h,MX1,5,0.08075601374570447,0.01880501087343056,MX1,0.018805,True
jiang_short_baseline,piecewise,24.039607,crew_veh_h,L300_H500x1,5,0.0027491408934707906,0.02060046085989997,L300_H500x1,0.014312,True
jiang_short_baseline,piecewise,24.039607,crew_team_h,L300_H500x1,5,0.0027491408934707906,0.02225097546329491,L300_H500x1,0.015874,True
jiang_short_baseline,piecewise,24.039607,shift_ot_h,L300_H500x1,5,0.0027491408934707906,0.016087292332089387,L300_H500x1,0.003736,True
jiang_short_baseline,piecewise,30.0,shift_h,MX1,5,0.08075601374570447,0.02184657146047697,MX1,0.021847,True
jiang_short_baseline,piecewise,30.0,crew_veh_h,L300_H500x1,5,0.0027491408934707906,0.023232866957002107,L300_H500x1,0.017422,True
jiang_short_baseline,piecewise,30.0,crew_team_h,L300_H500x1,5,0.0027491408934707906,0.024133864913737035,L300_H500x1,0.014909,True
jiang_short_baseline,piecewise,30.0,shift_ot_h,L300_H500x1,5,0.0027491408934707906,0.010808855374316861,MX1,0.000641,False
jiang_short_baseline,power_0.72,5.1,shift_h,MX1,5,0.08075601374570447,0.004615346496015249,MX1,0.004615,True
jiang_short_baseline,power_0.72,5.1,crew_veh_h,L300_H500x2,5,0.0,0.0027951408354036644,L300_H500x2,0.005966,True
jiang_short_baseline,power_0.72,5.1,crew_team_h,L300_H500x1,5,0.0027491408934707906,0.00020509705176574577,L300_H500x2,0.004417,False
jiang_short_baseline,power_0.72,5.1,shift_ot_h,L300_H500x2,5,0.0,0.0013092051594951748,L300_H500x2,0.007717,True
jiang_short_baseline,power_0.72,6.364497,shift_h,MX1,5,0.08075601374570447,0.005645764059223346,MX1,0.005646,True
jiang_short_baseline,power_0.72,6.364497,crew_veh_h,L300_H500x2,5,0.0,0.0008017427370721197,L300_H500x2,0.004869,True
jiang_short_baseline,power_0.72,6.364497,crew_team_h,L300_H500x1,5,0.0027491408934707906,0.0021265671948891285,L300_H500x2,0.002387,False
jiang_short_baseline,power_0.72,6.364497,shift_ot_h,L300_H500x1,5,0.0027491408934707906,0.0003611117600845759,L300_H500x2,0.006739,False
jiang_short_baseline,power_0.72,7.942513,shift_h,MX1,5,0.08075601374570447,0.006875870681800844,MX1,0.006876,True
jiang_short_baseline,power_0.72,7.942513,crew_veh_h,L300_H500x1,5,0.0027491408934707906,0.001550285502703641,L300_H500x2,0.0031,False
jiang_short_baseline,power_0.72,7.942513,crew_team_h,L300_H500x1,5,0.0027491408934707906,0.004400914855124949,L300_H500x1,5e-06,True
jiang_short_baseline,power_0.72,7.942513,shift_ot_h,L300_H500x1,5,0.0027491408934707906,0.0023515846207151636,L300_H500x2,0.005576,False
jiang_short_baseline,power_0.72,9.911784,shift_h,MX1,5,0.08075601374570447,0.00833027634057859,MX1,0.00833,True
jiang_short_baseline,power_0.72,9.911784,crew_veh_h,L300_H500x1,5,0.0027491408934707906,0.004303021568949461,L300_H500x2,0.000198,False
jiang_short_baseline,power_0.72,9.911784,crew_team_h,L300_H500x1,5,0.0027491408934707906,0.007062980358180315,L300_H500x1,0.0028,True
jiang_short_baseline,power_0.72,9.911784,shift_ot_h,L300_H500x1,5,0.0027491408934707906,0.004702901163921025,L300_H500x2,0.004209,False
jiang_short_baseline,power_0.72,12.369317,shift_h,MX1,5,0.08075601374570447,0.01003040806993405,MX1,0.01003,True
jiang_short_baseline,power_0.72,12.369317,crew_veh_h,L300_H500x1,5,0.0027491408934707906,0.007483799568674732,L300_H500x1,0.003146,True
jiang_short_baseline,power_0.72,12.369317,crew_team_h,L300_H500x1,5,0.0027491408934707906,0.010138340396991907,L300_H500x1,0.005339,True
jiang_short_baseline,power_0.72,12.369317,shift_ot_h,L300_H500x1,5,0.0027491408934707906,0.007448597166771487,L300_H500x2,0.002621,False
jiang_short_baseline,power_0.72,15.436172,shift_h,MX1,5,0.08075601374570447,0.011991526120628926,MX1,0.011992,True
jiang_short_baseline,power_0.72,15.436172,crew_veh_h,L300_H500x1,5,0.0027491408934707906,0.011104186080868717,L300_H500x1,0.005325,True
jiang_short_baseline,power_0.72,15.436172,crew_team_h,L300_H500x1,5,0.0027491408934707906,0.0136378937042414,L300_H500x1,0.007093,True
jiang_short_baseline,power_0.72,15.436172,shift_ot_h,L300_H500x1,5,0.0027491408934707906,0.010611931229518756,L300_H500x1,0.000288,True
jiang_short_baseline,power_0.72,19.263424,shift_h,MX1,5,0.08075601374570447,0.014219290023907094,MX1,0.014219,True
jiang_short_baseline,power_0.72,19.263424,crew_veh_h,L300_H500x1,5,0.0027491408934707906,0.014146450415642997,L300_H500x1,0.007384,True
jiang_short_baseline,power_0.72,19.263424,crew_team_h,L300_H500x1,5,0.0027491408934707906,0.015917365630856883,L300_H500x1,0.009056,True
jiang_short_baseline,power_0.72,19.263424,shift_ot_h,L300_H500x1,5,0.0027491408934707906,0.014200375022158651,L300_H500x1,0.003107,True
jiang_short_baseline,power_0.72,24.039607,shift_h,MX1,5,0.08075601374570447,0.016706324010645535,MX1,0.016706,True
jiang_short_baseline,power_0.72,24.039607,crew_veh_h,L300_H500x1,5,0.0027491408934707906,0.015968524183169297,L300_H500x1,0.009646,True
jiang_short_baseline,power_0.72,24.039607,crew_team_h,L300_H500x1,5,0.0027491408934707906,0.017624780299134057,L300_H500x1,0.011211,True
jiang_short_baseline,power_0.72,24.039607,shift_ot_h,L300_H500x1,5,0.0027491408934707906,0.01820018166814963,L300_H500x1,0.005359,True
jiang_short_baseline,power_0.72,30.0,shift_h,MX1,5,0.08075601374570447,0.019429469651763398,MX1,0.019429,True
jiang_short_baseline,power_0.72,30.0,crew_veh_h,L300_H500x1,5,0.0027491408934707906,0.017926907310565898,L300_H500x1,0.012079,True
jiang_short_baseline,power_0.72,30.0,crew_team_h,L300_H500x1,5,0.0027491408934707906,0.01945932560952235,L300_H500x1,0.013529,True
jiang_short_baseline,power_0.72,30.0,shift_ot_h,L300_H500x1,5,0.0027491408934707906,0.013394774388355124,L300_H500x1,0.001812,True
jiang_short_baseline,power_0.84,5.1,shift_h,MX1,5,0.08075601374570447,0.005409714834234247,MX1,0.00541,True
jiang_short_baseline,power_0.84,5.1,crew_veh_h,L300_H500x2,5,0.0,0.0010341143627330407,L300_H500x2,0.00526,True
jiang_short_baseline,power_0.84,5.1,crew_team_h,L300_H500x1,5,0.0027491408934707906,0.0019560109657841274,L300_H500x2,0.002653,False
jiang_short_baseline,power_0.84,5.1,shift_ot_h,L300_H500x1,5,0.0027491408934707906,0.00018433571675546823,L300_H500x2,0.007107,False
jiang_short_baseline,power_0.84,6.364497,shift_h,MX1,5,0.08075601374570447,0.006614900868753937,MX1,0.006615,True
jiang_short_baseline,power_0.84,6.364497,crew_veh_h,L300_H500x1,5,0.0027491408934707906,0.0013283606763163647,L300_H500x2,0.003441,False
jiang_short_baseline,power_0.84,6.364497,crew_team_h,L300_H500x1,5,0.0027491408934707906,0.004251953570635125,L300_H500x2,0.000256,False
jiang_short_baseline,power_0.84,6.364497,shift_ot_h,L300_H500x1,5,0.0027491408934707906,0.0021793784846753095,L300_H500x2,0.005999,False
jiang_short_baseline,power_0.84,7.942513,shift_h,MX1,5,0.08075601374570447,0.008052414434847055,MX1,0.008052,True
jiang_short_baseline,power_0.84,7.942513,crew_veh_h,L300_H500x1,5,0.0027491408934707906,0.004120034407807616,L300_H500x2,0.000519,False
jiang_short_baseline,power_0.84,7.942513,crew_team_h,L300_H500x1,5,0.0027491408934707906,0.00696580735364849,L300_H500x1,0.002571,True
jiang_short_baseline,power_0.84,7.942513,shift_ot_h,L300_H500x1,5,0.0027491408934707906,0.004556407530213358,L300_H500x2,0.004686,False
jiang_short_baseline,power_0.84,9.911784,shift_h,MX1,5,0.08075601374570447,0.009750320304356297,MX1,0.00975,True
jiang_short_baseline,power_0.84,9.911784,crew_veh_h,L300_H500x1,5,0.0027491408934707906,0.007382937476651863,L300_H500x1,0.002884,True
jiang_short_baseline,power_0.84,9.911784,crew_team_h,L300_H500x1,5,0.0027491408934707906,0.01013716739096382,L300_H500x1,0.005667,True
jiang_short_baseline,power_0.84,9.911784,shift_ot_h,L300_H500x1,5,0.0027491408934707906,0.00736037022986924,L300_H500x2,0.003144,False
jiang_short_baseline,power_0.84,12.369317,shift_h,MX1,5,0.08075601374570447,0.011732725988070625,MX1,0.011733,True
jiang_short_baseline,power_0.84,12.369317,crew_veh_h,L300_H500x1,5,0.0027491408934707906,0.011146148740724282,L300_H500x1,0.005716,True
jiang_short_baseline,power_0.84,12.369317,crew_team_h,L300_H500x1,5,0.0027491408934707906,0.013794013426876583,L300_H500x1,0.007564,True
jiang_short_baseline,power_0.84,12.369317,shift_ot_h,L300_H500x1,5,0.0027491408934707906,0.010629180473658906,L300_H500x2,9.4e-05,False
jiang_short_baseline,power_0.84,15.436172,shift_h,MX1,5,0.08075601374570447,0.014016287808118033,MX1,0.014016,True
jiang_short_baseline,power_0.84,15.436172,crew_veh_h,L300_H500x1,5,0.0027491408934707906,0.015082481439016915,L300_H500x1,0.007957,True
jiang_short_baseline,power_0.84,15.436172,crew_team_h,L300_H500x1,5,0.0027491408934707906,0.01695022522017009,L300_H500x1,0.009718,True
jiang_short_baseline,power_0.84,15.436172,shift_ot_h,L300_H500x1,5,0.0027491408934707906,0.014387934243658362,L300_H500x1,0.003409,True
jiang_short_baseline,power_0.84,19.263424,shift_h,MX1,5,0.08075601374570447,0.016606236630301918,MX1,0.016606,True
jiang_short_baseline,power_0.84,19.263424,crew_veh_h,L300_H500x1,5,0.0027491408934707906,0.017182098202152662,L300_H500x1,0.010459,True
jiang_short_baseline,power_0.84,19.263424,crew_team_h,L300_H500x1,5,0.0027491408934707906,0.01894500991538184,L300_H500x1,0.012124,True
jiang_short_baseline,power_0.84,19.263424,shift_ot_h,L300_H500x1,5,0.0027491408934707906,0.01864242846957853,L300_H500x1,0.005839,True
jiang_short_baseline,power_0.84,24.039607,shift_h,MX1,5,0.08075601374570447,0.019492467830560356,MX1,0.019492,True
jiang_short_baseline,power_0.84,24.039607,crew_veh_h,L300_H500x1,5,0.0027491408934707906,0.019480543840381115,L300_H500x1,0.013201,True
jiang_short_baseline,power_0.84,24.039607,crew_team_h,L300_H500x1,5,0.0027491408934707906,0.021128029265161663,L300_H500x1,0.014759,True
jiang_short_baseline,power_0.84,24.039607,shift_ot_h,L300_H500x1,5,0.0027491408934707906,0.01543102149268405,L300_H500x1,0.00309,True
jiang_short_baseline,power_0.84,30.0,shift_h,MX1,5,0.08075601374570447,0.022646508296132906,MX1,0.022647,True
jiang_short_baseline,power_0.84,30.0,crew_veh_h,L300_H500x1,5,0.0027491408934707906,0.021943779169454336,L300_H500x1,0.016141,True
jiang_short_baseline,power_0.84,30.0,crew_team_h,L300_H500x1,5,0.0027491408934707906,0.023278768614156453,L300_H500x1,0.014061,True
jiang_short_baseline,power_0.84,30.0,shift_ot_h,L300_H500x1,5,0.0027491408934707906,0.010049311105763126,MX1,0.001392,False
jiang_short_baseline,power_0.96,5.1,shift_h,MX1,5,0.08075601374570447,0.006210671354193398,MX1,0.006211,True
jiang_short_baseline,power_0.96,5.1,crew_veh_h,L300_H500x1,5,0.0027491408934707906,0.0008591345275195117,L300_H500x2,0.004013,False
jiang_short_baseline,power_0.96,5.1,crew_team_h,L300_H500x1,5,0.0027491408934707906,0.003844746178813363,L300_H500x2,0.000758,False
jiang_short_baseline,power_0.96,5.1,shift_ot_h,L300_H500x1,5,0.0027491408934707906,0.0017949032911699359,L300_H500x2,0.006493,False
jiang_short_baseline,power_0.96,6.364497,shift_h,MX1,5,0.08075601374570447,0.0075911190247406335,MX1,0.007591,True
jiang_short_baseline,power_0.96,6.364497,crew_veh_h,L300_H500x1,5,0.0027491408934707906,0.0036224587250233142,L300_H500x2,0.001135,False
jiang_short_baseline,power_0.96,6.364497,crew_team_h,L300_H500x1,5,0.0027491408934707906,0.006541905536067372,L300_H500x1,0.002035,True
jiang_short_baseline,power_0.96,6.364497,shift_ot_h,L300_H500x1,5,0.0027491408934707906,0.0041403362166674285,L300_H500x2,0.005257,False
jiang_short_baseline,power_0.96,7.942513,shift_h,MX1,5,0.08075601374570447,0.009236170335106264,MX1,0.009236,True
jiang_short_baseline,power_0.96,7.942513,crew_veh_h,L300_H500x1,5,0.0027491408934707906,0.0068845811141848845,L300_H500x1,0.002247,True
jiang_short_baseline,power_0.96,7.942513,crew_team_h,L300_H500x1,5,0.0027491408934707906,0.009725406739435227,L300_H500x1,0.005331,True
jiang_short_baseline,power_0.96,7.942513,shift_ot_h,L300_H500x1,5,0.0027491408934707906,0.006931330037353911,L300_H500x2,0.003793,False
jiang_short_baseline,power_0.96,9.911784,shift_h,MX1,5,0.08075601374570447,0.011177095140046722,MX1,0.011177,True
jiang_short_baseline,power_0.96,9.911784,crew_veh_h,L300_H500x1,5,0.0027491408934707906,0.010690902665062785,L300_H500x1,0.005842,True
jiang_short_baseline,power_0.96,9.911784,crew_team_h,L300_H500x1,5,0.0027491408934707906,0.01343928900748148,L300_H500x1,0.007761,True
jiang_short_baseline,power_0.96,9.911784,shift_ot_h,L300_H500x1,5,0.0027491408934707906,0.01021870728914931,L300_H500x2,0.000852,False
jiang_short_baseline,power_0.96,12.369317,shift_h,MX1,5,0.08075601374570447,0.01344035005361599,MX1,0.01344,True
jiang_short_baseline,power_0.96,12.369317,crew_veh_h,L300_H500x1,5,0.0027491408934707906,0.015072258888366274,L300_H500x1,0.008209,True
jiang_short_baseline,power_0.96,12.369317,crew_team_h,L300_H500x1,5,0.0027491408934707906,0.017618020769218257,L300_H500x1,0.010052,True
jiang_short_baseline,power_0.96,12.369317,shift_ot_h,L300_H500x1,5,0.0027491408934707906,0.014044392114294535,L300_H500x1,0.003347,True
jiang_short_baseline,power_0.96,15.436172,shift_h,MX1,5,0.08075601374570447,0.0160435756499413,MX1,0.016044,True
jiang_short_baseline,power_0.96,15.436172,crew_veh_h,L300_H500x1,5,0.0027491408934707906,0.01798345497239162,L300_H500x1,0.010893,True
jiang_short_baseline,power_0.96,15.436172,crew_team_h,L300_H500x1,5,0.0027491408934707906,0.019844133170220157,L300_H500x1,0.01265,True
jiang_short_baseline,power_0.96,15.436172,shift_ot_h,L300_H500x1,5,0.0027491408934707906,0.018434621320725597,L300_H500x1,0.006001,True
jiang_short_baseline,power_0.96,19.263424,shift_h,MX1,5,0.08075601374570447,0.018991100481965395,MX1,0.018991,True
jiang_short_baseline,power_0.96,19.263424,crew_veh_h,L300_H500x1,5,0.0027491408934707906,0.020566874636567478,L300_H500x1,0.013884,True
jiang_short_baseline,power_0.96,19.263424,crew_team_h,L300_H500x1,5,0.0027491408934707906,0.02232188837350857,L300_H500x1,0.015543,True
jiang_short_baseline,power_0.96,19.263424,shift_ot_h,L300_H500x1,5,0.0027491408934707906,0.017837877661932344,L300_H500x1,0.004789,True
jiang_short_baseline,power_0.96,24.039607,shift_h,MX1,5,0.08075601374570447,0.02226959746466073,MX1,0.02227,True
jiang_short_baseline,power_0.96,24.039607,crew_veh_h,L300_H500x1,5,0.0027491408934707906,0.02338709239138681,L300_H500x1,0.017151,True
jiang_short_baseline,power_0.96,24.039607,crew_team_h,L300_H500x1,5,0.0027491408934707906,0.02502592041110141,L300_H500x1,0.017121,True
jiang_short_baseline,power_0.96,24.039607,shift_ot_h,L300_H500x1,5,0.0027491408934707906,0.012514074103276984,L300_H500x1,0.000309,True
jiang_short_baseline,power_0.96,30.0,shift_h,MX1,5,0.08075601374570447,0.02584483150811745,MX1,0.025845,True
jiang_short_baseline,power_0.96,30.0,crew_veh_h,L300_H500x1,5,0.0027491408934707906,0.02640044473124381,L300_H500x1,0.020644,True
jiang_short_baseline,power_0.96,30.0,crew_team_h,L300_H500x1,5,0.0027491408934707906,0.019409577510145493,L300_H500x1,0.01032,True
jiang_short_baseline,power_0.96,30.0,shift_ot_h,L300_H500x1,5,0.0027491408934707906,0.006727137258607296,MX1,0.004587,False
jiang_massdep_baseline,affine,5.1,shift_h,425,7,0.013745704467353952,0.01472025127481369,425,0.01472,True
jiang_massdep_baseline,affine,5.1,crew_veh_h,500,7,0.0,0.010418689879466037,500,0.01049,True
jiang_massdep_baseline,affine,5.1,crew_team_h,425,7,0.013745704467353952,0.0057434849516724285,425,0.005717,True
jiang_massdep_baseline,affine,5.1,shift_ot_h,425,7,0.013745704467353952,0.009151516408063998,425,0.007792,True
jiang_massdep_baseline,affine,6.364497,shift_h,425,7,0.013745704467353952,0.017916956583133636,425,0.017917,True
jiang_massdep_baseline,affine,6.364497,crew_veh_h,500,7,0.0,0.008245779042041601,500,0.006993,True
jiang_massdep_baseline,affine,6.364497,crew_team_h,425,7,0.013745704467353952,0.00938711877362941,425,0.009385,True
jiang_massdep_baseline,affine,6.364497,shift_ot_h,425,7,0.013745704467353952,0.012367537393468409,425,0.011036,True
jiang_massdep_baseline,affine,7.942513,shift_h,425,7,0.013745704467353952,0.02169169628512213,425,0.021692,True
jiang_massdep_baseline,affine,7.942513,crew_veh_h,500,7,0.0,0.0034268907468908427,500,0.002188,True
jiang_massdep_baseline,affine,7.942513,crew_team_h,425,7,0.013745704467353952,0.01367397702128148,425,0.009351,True
jiang_massdep_baseline,affine,7.942513,shift_ot_h,425,7,0.013745704467353952,0.016172506142305476,425,0.014875,True
jiang_massdep_baseline,affine,9.911784,shift_h,425,7,0.013745704467353952,0.02609753227479672,425,0.026098,True
jiang_massdep_baseline,affine,9.911784,crew_veh_h,425,7,0.013745704467353952,0.002127304432320676,425,0.003354,True
jiang_massdep_baseline,affine,9.911784,crew_team_h,425,7,0.013745704467353952,0.012673898183843457,425,0.006246,True
jiang_massdep_baseline,affine,9.911784,shift_ot_h,425,7,0.013745704467353952,0.020623821159609923,425,0.019366,True
jiang_massdep_baseline,affine,12.369317,shift_h,425,7,0.013745704467353952,0.03117081525734644,425,0.031171,True
jiang_massdep_baseline,affine,12.369317,crew_veh_h,425,7,0.013745704467353952,0.008486850468970575,425,0.009703,True
jiang_massdep_baseline,affine,12.369317,crew_team_h,425,7,0.013745704467353952,0.008846338902779083,425,0.002689,True
jiang_massdep_baseline,affine,12.369317,shift_ot_h,425,7,0.013745704467353952,0.025763127794294682,425,0.024551,True
jiang_massdep_baseline,affine,15.436172,shift_h,425,7,0.013745704467353952,0.03692237112421726,425,0.036922,True
jiang_massdep_baseline,affine,15.436172,crew_veh_h,425,7,0.013745704467353952,0.01566756100415856,425,0.016867,True
jiang_massdep_baseline,affine,15.436172,crew_team_h,425,7,0.013745704467353952,0.003401053366433482,MX2,0.001319,False
jiang_massdep_baseline,affine,15.436172,shift_ot_h,425,7,0.013745704467353952,0.031607288397421884,425,0.030449,True
jiang_massdep_baseline,affine,19.263424,shift_h,425,7,0.013745704467353952,0.04332886836011429,425,0.043329,True
jiang_massdep_baseline,affine,19.263424,crew_veh_h,425,7,0.013745704467353952,0.023629811556012736,425,0.016254,True
jiang_massdep_baseline,affine,19.263424,crew_team_h,300,8,0.13333333333333333,0.004879339295504881,MX2,0.005001,False
jiang_massdep_baseline,affine,19.263424,shift_ot_h,425,7,0.013745704467353952,0.038139254758794205,425,0.037041,True
jiang_massdep_baseline,affine,24.039607,shift_h,425,7,0.013745704467353952,0.04699775505292525,425,0.050326,True
jiang_massdep_baseline,affine,24.039607,crew_veh_h,425,7,0.013745704467353952,0.026616454066672457,425,0.009921,True
jiang_massdep_baseline,affine,24.039607,crew_team_h,300,8,0.13333333333333333,0.009023315959244549,MX2,0.004253,False
jiang_massdep_baseline,affine,24.039607,shift_ot_h,425,7,0.013745704467353952,0.04530062588030814,425,0.044269,True
jiang_massdep_baseline,affine,30.0,shift_h,425,7,0.013745704467353952,0.03274890898377958,425,0.054771,True
jiang_massdep_baseline,affine,30.0,crew_veh_h,425,7,0.013745704467353952,0.01855213336647754,425,0.003192,True
jiang_massdep_baseline,affine,30.0,crew_team_h,300,8,0.13333333333333333,0.013506377159148819,MX2,0.003452,False
jiang_massdep_baseline,affine,30.0,shift_ot_h,425,7,0.013745704467353952,0.05298805014033148,425,0.05203,True
jiang_massdep_baseline,piecewise,5.1,shift_h,425,7,0.013745704467353952,0.015935481591964784,425,0.015935,True
jiang_massdep_baseline,piecewise,5.1,crew_veh_h,500,7,0.0,0.010994818826535857,500,0.009727,True
jiang_massdep_baseline,piecewise,5.1,crew_team_h,425,7,0.013745704467353952,0.0070656633793837464,425,0.007048,True
jiang_massdep_baseline,piecewise,5.1,shift_ot_h,425,7,0.013745704467353952,0.010336693747478032,425,0.008979,True
jiang_massdep_baseline,piecewise,6.364497,shift_h,425,7,0.013745704467353952,0.019385186456015058,425,0.019385,True
jiang_massdep_baseline,piecewise,6.364497,crew_veh_h,500,7,0.0,0.006597828737771927,500,0.00534,True
jiang_massdep_baseline,piecewise,6.364497,crew_team_h,425,7,0.013745704467353952,0.01098054993354003,425,0.010037,True
jiang_massdep_baseline,piecewise,6.364497,shift_ot_h,425,7,0.013745704467353952,0.013800821095967253,425,0.012472,True
jiang_massdep_baseline,piecewise,7.942513,shift_h,425,7,0.013745704467353952,0.023453682577825985,425,0.023454,True
jiang_massdep_baseline,piecewise,7.942513,crew_veh_h,500,7,0.0,0.0014746288557123677,500,0.000231,True
jiang_massdep_baseline,piecewise,7.942513,crew_team_h,425,7,0.013745704467353952,0.013613590251903673,425,0.006963,True
jiang_massdep_baseline,piecewise,7.942513,shift_ot_h,425,7,0.013745704467353952,0.017894462126794908,425,0.0166,True
jiang_massdep_baseline,piecewise,9.911784,shift_h,425,7,0.013745704467353952,0.02819556577963711,425,0.028196,True
jiang_massdep_baseline,piecewise,9.911784,crew_veh_h,425,7,0.013745704467353952,0.004432383508980342,425,0.00567,True
jiang_massdep_baseline,piecewise,9.911784,crew_team_h,425,7,0.013745704467353952,0.009810760108476035,425,0.003397,True
jiang_massdep_baseline,piecewise,9.911784,shift_ot_h,425,7,0.013745704467353952,0.022676799746292664,425,0.021422,True
jiang_massdep_baseline,piecewise,12.369317,shift_h,425,7,0.013745704467353952,0.03364672284226122,425,0.033647,True
jiang_massdep_baseline,piecewise,12.369317,crew_veh_h,425,7,0.013745704467353952,0.011196048468560926,425,0.012424,True
jiang_massdep_baseline,piecewise,12.369317,crew_team_h,425,7,0.013745704467353952,0.005460932387595374,MX2,0.00068,False
jiang_massdep_baseline,piecewise,12.369317,shift_ot_h,425,7,0.013745704467353952,0.02818934470517176,425,0.026981,True
jiang_massdep_baseline,piecewise,15.436172,shift_h,425,7,0.013745704467353952,0.03981494684782172,425,0.039815,True
jiang_massdep_baseline,piecewise,15.436172,crew_veh_h,425,7,0.013745704467353952,0.018818139652954757,425,0.018036,True
jiang_massdep_baseline,piecewise,15.436172,crew_team_h,300,8,0.13333333333333333,0.0019441167265303871,MX2,0.005292,False
jiang_massdep_baseline,piecewise,15.436172,shift_ot_h,425,7,0.013745704467353952,0.03444631200437498,425,0.033292,True
jiang_massdep_baseline,piecewise,19.263424,shift_h,425,7,0.013745704467353952,0.04667093360776953,425,0.046671,True
jiang_massdep_baseline,piecewise,19.263424,crew_veh_h,425,7,0.013745704467353952,0.027251366201919147,425,0.011565,True
jiang_massdep_baseline,piecewise,19.263424,crew_team_h,300,8,0.13333333333333333,0.006506697220414859,MX2,0.004834,False
jiang_massdep_baseline,piecewise,19.263424,shift_ot_h,425,7,0.013745704467353952,0.041425076204079314,425,0.040331,True
jiang_massdep_baseline,piecewise,24.039607,shift_h,425,7,0.013745704467353952,0.039730221555250855,425,0.054142,True
jiang_massdep_baseline,piecewise,24.039607,crew_veh_h,425,7,0.013745704467353952,0.02112958583553204,425,0.004555,True
jiang_massdep_baseline,piecewise,24.039607,crew_team_h,300,8,0.13333333333333333,0.01091510290192077,MX2,0.004062,False
jiang_massdep_baseline,piecewise,24.039607,shift_ot_h,425,7,0.013745704467353952,0.04905865438199042,425,0.048033,True
jiang_massdep_baseline,piecewise,30.0,shift_h,425,7,0.013745704467353952,0.02455586183281433,425,0.048216,True
jiang_massdep_baseline,piecewise,30.0,crew_veh_h,425,7,0.013745704467353952,0.012359412027762362,MX2,0.002881,False
jiang_massdep_baseline,piecewise,30.0,crew_team_h,300,8,0.13333333333333333,0.015681252476157148,MX2,0.003237,False
jiang_massdep_baseline,piecewise,30.0,shift_ot_h,425,7,0.013745704467353952,0.050778489131265925,425,0.052222,True
jiang_massdep_baseline,power_0.72,5.1,shift_h,425,7,0.013745704467353952,0.012349076268830084,425,0.012349,True
jiang_massdep_baseline,power_0.72,5.1,crew_veh_h,500,7,0.0,0.008456592553126141,500,0.008515,True
jiang_massdep_baseline,power_0.72,5.1,crew_team_h,425,7,0.013745704467353952,0.0031844412555714907,425,0.00314,True
jiang_massdep_baseline,power_0.72,5.1,shift_ot_h,425,7,0.013745704467353952,0.006851606510956287,425,0.005492,True
jiang_massdep_baseline,power_0.72,6.364497,shift_h,425,7,0.013745704467353952,0.015039945955546141,425,0.01504,True
jiang_massdep_baseline,power_0.72,6.364497,crew_veh_h,500,7,0.0,0.010250744654376698,500,0.010173,True
jiang_massdep_baseline,power_0.72,6.364497,crew_team_h,425,7,0.013745704467353952,0.006288728395203558,425,0.006266,True
jiang_massdep_baseline,power_0.72,6.364497,shift_ot_h,425,7,0.013745704467353952,0.009574544963911302,425,0.008243,True
jiang_massdep_baseline,power_0.72,7.942513,shift_h,425,7,0.013745704467353952,0.01822158102609417,425,0.018222,True
jiang_massdep_baseline,power_0.72,7.942513,crew_veh_h,500,7,0.0,0.007204945020681919,500,0.00598,True
jiang_massdep_baseline,power_0.72,7.942513,crew_team_h,425,7,0.013745704467353952,0.00994612153546015,425,0.009948,True
jiang_massdep_baseline,power_0.72,7.942513,shift_ot_h,425,7,0.013745704467353952,0.012800258828978395,425,0.011502,True
jiang_massdep_baseline,power_0.72,9.911784,shift_h,425,7,0.013745704467353952,0.021940912550464153,425,0.021941,True
jiang_massdep_baseline,power_0.72,9.911784,crew_veh_h,500,7,0.0,0.0023434932113943763,500,0.00114,True
jiang_massdep_baseline,power_0.72,9.911784,crew_team_h,425,7,0.013745704467353952,0.014203778533607325,425,0.008748,True
jiang_massdep_baseline,power_0.72,9.911784,shift_ot_h,425,7,0.013745704467353952,0.016579608872512308,425,0.015321,True
jiang_massdep_baseline,power_0.72,12.369317,shift_h,425,7,0.013745704467353952,0.026231397446737414,425,0.026231,True
jiang_massdep_baseline,power_0.72,12.369317,crew_veh_h,425,7,0.013745704467353952,0.003197524716250566,425,0.004384,True
jiang_massdep_baseline,power_0.72,12.369317,crew_team_h,425,7,0.013745704467353952,0.011827132091114079,425,0.005649,True
jiang_massdep_baseline,power_0.72,12.369317,shift_ot_h,425,7,0.013745704467353952,0.020950738468339614,425,0.019738,True
jiang_massdep_baseline,power_0.72,15.436172,shift_h,425,7,0.013745704467353952,0.031105504394480787,425,0.031106,True
jiang_massdep_baseline,power_0.72,15.436172,crew_veh_h,425,7,0.013745704467353952,0.009461074139327508,425,0.010627,True
jiang_massdep_baseline,power_0.72,15.436172,crew_team_h,425,7,0.013745704467353952,0.008023664515501405,425,0.002151,True
jiang_massdep_baseline,power_0.72,15.436172,shift_ot_h,425,7,0.013745704467353952,0.025931352704199773,425,0.024771,True
jiang_massdep_baseline,power_0.72,19.263424,shift_h,425,7,0.013745704467353952,0.036547194210421186,425,0.036547,True
jiang_massdep_baseline,power_0.72,19.263424,crew_veh_h,425,7,0.013745704467353952,0.016422820542338457,425,0.017562,True
jiang_massdep_baseline,power_0.72,19.263424,crew_team_h,425,7,0.013745704467353952,0.002646176330184602,MX2,0.001731,False
jiang_massdep_baseline,power_0.72,19.263424,shift_ot_h,425,7,0.013745704467353952,0.03151075760008282,425,0.030411,True
jiang_massdep_baseline,power_0.72,24.039607,shift_h,425,7,0.013745704467353952,0.04250589877576627,425,0.042506,True
jiang_massdep_baseline,power_0.72,24.039607,crew_veh_h,425,7,0.013745704467353952,0.02400852945551213,425,0.01468,True
jiang_massdep_baseline,power_0.72,24.039607,crew_team_h,300,8,0.13333333333333333,0.00467555983870982,MX2,0.005979,False
jiang_massdep_baseline,power_0.72,24.039607,shift_ot_h,425,7,0.013745704467353952,0.03764314006612701,425,0.03661,True
jiang_massdep_baseline,power_0.72,30.0,shift_h,425,7,0.013745704467353952,0.043011825625868916,425,0.048894,True
jiang_massdep_baseline,power_0.72,30.0,crew_veh_h,425,7,0.013745704467353952,0.024078710381194357,425,0.008572,True
jiang_massdep_baseline,power_0.72,30.0,crew_team_h,300,8,0.13333333333333333,0.008486122877791047,MX2,0.006941,False
jiang_massdep_baseline,power_0.72,30.0,shift_ot_h,425,7,0.013745704467353952,0.044243938268140104,425,0.043283,True
jiang_massdep_baseline,power_0.84,5.1,shift_h,425,7,0.013745704467353952,0.015280517414659522,425,0.015281,True
jiang_massdep_baseline,power_0.84,5.1,crew_veh_h,500,7,0.0,0.010588131081510799,500,0.010428,True
jiang_massdep_baseline,power_0.84,5.1,crew_team_h,425,7,0.013745704467353952,0.0063681046048083,425,0.006346,True
jiang_massdep_baseline,power_0.84,5.1,shift_ot_h,425,7,0.013745704467353952,0.009706361641157457,425,0.00835,True
jiang_massdep_baseline,power_0.84,6.364497,shift_h,425,7,0.013745704467353952,0.018587730922017043,425,0.018588,True
jiang_massdep_baseline,power_0.84,6.364497,crew_veh_h,500,7,0.0,0.007438870199723002,500,0.006186,True
jiang_massdep_baseline,power_0.84,6.364497,crew_team_h,425,7,0.013745704467353952,0.010132571930840495,425,0.009628,True
jiang_massdep_baseline,power_0.84,6.364497,shift_ot_h,425,7,0.013745704467353952,0.013032651076412272,425,0.011705,True
jiang_massdep_baseline,power_0.84,7.942513,shift_h,425,7,0.013745704467353952,0.02248785387580532,425,0.022488,True
jiang_massdep_baseline,power_0.84,7.942513,crew_veh_h,500,7,0.0,0.0024819034744993917,500,0.001243,True
jiang_massdep_baseline,power_0.84,7.942513,crew_team_h,425,7,0.013745704467353952,0.01312228636212609,425,0.00647,True
jiang_massdep_baseline,power_0.84,7.942513,shift_ot_h,425,7,0.013745704467353952,0.016963090685705895,425,0.01567,True
jiang_massdep_baseline,power_0.84,9.911784,shift_h,425,7,0.013745704467353952,0.027033055747785584,425,0.027033,True
jiang_massdep_baseline,power_0.84,9.911784,crew_veh_h,425,7,0.013745704467353952,0.00322640890565995,425,0.004455,True
jiang_massdep_baseline,power_0.84,9.911784,crew_team_h,425,7,0.013745704467353952,0.009222781977933137,425,0.002807,True
jiang_massdep_baseline,power_0.84,9.911784,shift_ot_h,425,7,0.013745704467353952,0.021554338308185983,425,0.020301,True
jiang_massdep_baseline,power_0.84,12.369317,shift_h,425,7,0.013745704467353952,0.032257527101905215,425,0.032258,True
jiang_massdep_baseline,power_0.84,12.369317,crew_veh_h,425,7,0.013745704467353952,0.009757166707503817,425,0.010975,True
jiang_massdep_baseline,power_0.84,12.369317,crew_team_h,425,7,0.013745704467353952,0.00476289727546364,MX2,0.001382,False
jiang_massdep_baseline,power_0.84,12.369317,shift_ot_h,425,7,0.013745704467353952,0.02684603821320919,425,0.02564,True
jiang_massdep_baseline,power_0.84,15.436172,shift_h,425,7,0.013745704467353952,0.03816849117612131,425,0.038168,True
jiang_massdep_baseline,power_0.84,15.436172,crew_veh_h,425,7,0.013745704467353952,0.017115823155564147,425,0.017213,True
jiang_massdep_baseline,power_0.84,15.436172,crew_team_h,300,8,0.13333333333333333,0.0014546049387273996,MX2,0.006124,False
jiang_massdep_baseline,power_0.84,15.436172,shift_ot_h,425,7,0.013745704467353952,0.03285158752837636,425,0.031699,True
jiang_massdep_baseline,power_0.84,19.263424,shift_h,425,7,0.013745704467353952,0.04473759272825251,425,0.044738,True
jiang_massdep_baseline,power_0.84,19.263424,crew_veh_h,425,7,0.013745704467353952,0.025256385904108614,425,0.010607,True
jiang_massdep_baseline,power_0.84,19.263424,crew_team_h,300,8,0.13333333333333333,0.005256521892354593,MX2,0.006487,False
jiang_massdep_baseline,power_0.84,19.263424,shift_ot_h,425,7,0.013745704467353952,0.03954899029446879,425,0.038458,True
jiang_massdep_baseline,power_0.84,24.039607,shift_h,425,7,0.013745704467353952,0.04000676746777776,425,0.051895,True
jiang_massdep_baseline,power_0.84,24.039607,crew_veh_h,425,7,0.013745704467353952,0.020022211189212102,425,0.003452,True
jiang_massdep_baseline,power_0.84,24.039607,crew_team_h,300,8,0.13333333333333333,0.009451128498091821,MX2,0.005982,False
jiang_massdep_baseline,power_0.84,24.039607,shift_ot_h,425,7,0.013745704467353952,0.04687367197018144,425,0.04585,True
jiang_massdep_baseline,power_0.84,30.0,shift_h,425,7,0.013745704467353952,0.024883429009303182,425,0.049024,True
jiang_massdep_baseline,power_0.84,30.0,crew_veh_h,425,7,0.013745704467353952,0.01109891666361662,MX2,0.004146,False
jiang_massdep_baseline,power_0.84,30.0,crew_team_h,300,8,0.13333333333333333,0.013984829899815754,MX2,0.005442,False
jiang_massdep_baseline,power_0.84,30.0,shift_ot_h,425,7,0.013745704467353952,0.05108064975234816,425,0.053007,True
jiang_massdep_baseline,power_0.96,5.1,shift_h,425,7,0.013745704467353952,0.018517405188925418,425,0.018517,True
jiang_massdep_baseline,power_0.96,5.1,crew_veh_h,500,7,0.0,0.008065050439165278,500,0.006789,True
jiang_massdep_baseline,power_0.96,5.1,crew_team_h,425,7,0.013745704467353952,0.009877607674695366,425,0.008802,True
jiang_massdep_baseline,power_0.96,5.1,shift_ot_h,425,7,0.013745704467353952,0.012858069790445681,425,0.011505,True
jiang_massdep_baseline,power_0.96,6.364497,shift_h,425,7,0.013745704467353952,0.022496895875282252,425,0.022497,True
jiang_massdep_baseline,power_0.96,6.364497,crew_veh_h,500,7,0.0,0.003109050216187237,500,0.001842,True
jiang_massdep_baseline,power_0.96,6.364497,crew_team_h,425,7,0.013745704467353952,0.011586572620051916,425,0.005386,True
jiang_massdep_baseline,power_0.96,6.364497,shift_ot_h,425,7,0.013745704467353952,0.016842667688665713,425,0.015519,True
jiang_massdep_baseline,power_0.96,7.942513,shift_h,425,7,0.013745704467353952,0.02717699319068312,425,0.027177,True
jiang_massdep_baseline,power_0.96,7.942513,crew_veh_h,425,7,0.013745704467353952,0.0026485820843105135,425,0.00391,True
jiang_massdep_baseline,power_0.96,7.942513,crew_team_h,425,7,0.013745704467353952,0.008010214269377425,425,0.001386,True
jiang_massdep_baseline,power_0.96,7.942513,shift_ot_h,425,7,0.013745704467353952,0.021538499024734703,425,0.02025,True
jiang_massdep_baseline,power_0.96,9.911784,shift_h,425,7,0.013745704467353952,0.0326137384520544,425,0.032614,True
jiang_massdep_baseline,power_0.96,9.911784,crew_veh_h,425,7,0.013745704467353952,0.009304290313436603,425,0.010563,True
jiang_massdep_baseline,power_0.96,9.911784,crew_team_h,425,7,0.013745704467353952,0.0031451685615877523,MX2,0.003248,False
jiang_massdep_baseline,power_0.96,9.911784,shift_ot_h,425,7,0.013745704467353952,0.02700676876975705,425,0.025759,True
jiang_massdep_baseline,power_0.96,12.369317,shift_h,425,7,0.013745704467353952,0.03883992411286008,425,0.03884,True
jiang_massdep_baseline,power_0.96,12.369317,crew_veh_h,425,7,0.013745704467353952,0.016898087261946637,425,0.015854,True
jiang_massdep_baseline,power_0.96,12.369317,crew_team_h,300,8,0.13333333333333333,0.0013797855031438822,MX2,0.006242,False
jiang_massdep_baseline,power_0.96,12.369317,shift_ot_h,425,7,0.013745704467353952,0.033286613642853125,425,0.032087,True
jiang_massdep_baseline,power_0.96,15.436172,shift_h,425,7,0.013745704467353952,0.04585465526502208,425,0.045855,True
jiang_massdep_baseline,power_0.96,15.436172,crew_veh_h,425,7,0.013745704467353952,0.025417590037346782,425,0.008665,True
jiang_massdep_baseline,power_0.96,15.436172,crew_team_h,300,8,0.13333333333333333,0.005377297556930838,MX2,0.005625,False
jiang_massdep_baseline,power_0.96,15.436172,shift_ot_h,425,7,0.013745704467353952,0.04038435812300545,425,0.03924,True
jiang_massdep_baseline,power_0.96,19.263424,shift_h,425,7,0.013745704467353952,0.03971878956860908,425,0.053614,True
jiang_massdep_baseline,power_0.96,19.263424,crew_veh_h,425,7,0.013745704467353952,0.018335921818976253,425,0.000757,True
jiang_massdep_baseline,power_0.96,19.263424,crew_team_h,300,8,0.13333333333333333,0.009866183738105772,MX2,0.004939,False
jiang_massdep_baseline,power_0.96,19.263424,shift_ot_h,425,7,0.013745704467353952,0.048263339728903176,425,0.047181,True
jiang_massdep_baseline,power_0.96,24.039607,shift_h,425,7,0.013745704467353952,0.02354021030468445,425,0.047541,True
jiang_massdep_baseline,power_0.96,24.039607,crew_veh_h,425,7,0.013745704467353952,0.008537175287015586,MX2,0.007824,False
jiang_massdep_baseline,power_0.96,24.039607,crew_team_h,300,8,0.13333333333333333,0.014813151749648812,MX2,0.00419,False
jiang_massdep_baseline,power_0.96,24.039607,shift_ot_h,425,7,0.013745704467353952,0.05147661269267978,425,0.051822,True
jiang_massdep_baseline,power_0.96,30.0,shift_h,425,7,0.013745704467353952,0.006386162574335552,425,0.033837,True
jiang_massdep_baseline,power_0.96,30.0,crew_veh_h,MX2,8,0.056357388316151204,0.0017987748830312622,MX2,0.017024,True
jiang_massdep_baseline,power_0.96,30.0,crew_team_h,300,8,0.13333333333333333,0.02015348453829069,MX2,0.003392,False
jiang_massdep_baseline,power_0.96,30.0,shift_ot_h,425,7,0.013745704467353952,0.032452759301868195,425,0.038107,True
extraheavy_short_baseline,affine,5.1,shift_h,500,5,0.08831615120274915,0.009671139250002181,550,0.157088,False
extraheavy_short_baseline,affine,5.1,crew_veh_h,MX2,6,0.07353951890034365,0.01953256983848317,MX2,0.022671,True
extraheavy_short_baseline,affine,5.1,crew_team_h,MX2,6,0.07353951890034365,0.021066455637210213,MX2,0.016886,True
extraheavy_short_baseline,affine,5.1,shift_ot_h,550,5,0.070446735395189,0.0023359326257283985,550,0.12222,True
extraheavy_short_baseline,affine,6.364497,shift_h,500,5,0.08831615120274915,0.011734393110204078,550,0.14804,False
extraheavy_short_baseline,affine,6.364497,crew_veh_h,MX2,6,0.07353951890034365,0.02356796378357706,MX2,0.026514,True
extraheavy_short_baseline,affine,6.364497,crew_team_h,MX2,6,0.07353951890034365,0.02278568523040203,MX2,0.024716,True
extraheavy_short_baseline,affine,6.364497,shift_ot_h,550,5,0.070446735395189,7.118275279305308e-05,550,0.114703,True
extraheavy_short_baseline,affine,7.942513,shift_h,500,5,0.08831615120274915,0.014154104324551886,550,0.137475,False
extraheavy_short_baseline,affine,7.942513,crew_veh_h,MX2,6,0.07353951890034365,0.02831572160776341,MX2,0.031042,True
extraheavy_short_baseline,affine,7.942513,crew_team_h,MX2,6,0.07353951890034365,0.024799800531237315,MX2,0.029257,True
extraheavy_short_baseline,affine,7.942513,shift_ot_h,500,5,0.08831615120274915,0.0025878458031851626,550,0.105889,False
extraheavy_short_baseline,affine,9.911784,shift_h,500,5,0.08831615120274915,0.016955849032492365,550,0.125304,False
extraheavy_short_baseline,affine,9.911784,crew_veh_h,MX2,6,0.07353951890034365,0.03383366729035164,MX2,0.036315,True
extraheavy_short_baseline,affine,9.911784,crew_team_h,MX2,6,0.07353951890034365,0.027129035993032735,MX2,0.030679,True
extraheavy_short_baseline,affine,9.911784,shift_ot_h,500,5,0.08831615120274915,0.0056794138880202905,550,0.095688,False
extraheavy_short_baseline,affine,12.369317,shift_h,500,5,0.08831615120274915,0.02015237746979026,550,0.111501,False
extraheavy_short_baseline,affine,12.369317,crew_veh_h,MX2,6,0.07353951890034365,0.03770191086766195,MX2,0.04237,True
extraheavy_short_baseline,affine,12.369317,crew_team_h,MX2,6,0.07353951890034365,0.029782713351173218,MX2,0.030952,True
extraheavy_short_baseline,affine,12.369317,shift_ot_h,500,5,0.08831615120274915,0.009223396395536598,550,0.084054,False
extraheavy_short_baseline,affine,15.436172,shift_h,500,5,0.08831615120274915,0.023738434783815432,550,0.096118,False
extraheavy_short_baseline,affine,15.436172,crew_veh_h,MX2,6,0.07353951890034365,0.040080146422171614,MX2,0.049213,True
extraheavy_short_baseline,affine,15.436172,crew_team_h,MX2,6,0.07353951890034365,0.03275500593608993,MX2,0.031258,True
extraheavy_short_baseline,affine,15.436172,shift_ot_h,500,5,0.08831615120274915,0.013220713460524225,550,0.071009,False
extraheavy_short_baseline,affine,19.263424,shift_h,500,5,0.08831615120274915,0.02768629635014186,550,0.079307,False
extraheavy_short_baseline,affine,19.263424,crew_veh_h,MX2,6,0.07353951890034365,0.04271258796281474,MX2,0.05681,True
extraheavy_short_baseline,affine,19.263424,crew_team_h,MX2,6,0.07353951890034365,0.03315690668669391,MX2,0.031595,True
extraheavy_short_baseline,affine,19.263424,shift_ot_h,500,5,0.08831615120274915,0.017647800693424198,550,0.056656,False
extraheavy_short_baseline,affine,24.039607,shift_h,500,5,0.08831615120274915,0.03194320622978841,550,0.061324,False
extraheavy_short_baseline,affine,24.039607,crew_veh_h,MX2,6,0.07353951890034365,0.045567993600947876,MX2,0.065075,True
extraheavy_short_baseline,affine,24.039607,crew_team_h,MX2,6,0.07353951890034365,0.0323669665042392,MX2,0.031958,True
extraheavy_short_baseline,affine,24.039607,shift_ot_h,500,5,0.08831615120274915,0.022452832206113937,550,0.041189,False
extraheavy_short_baseline,affine,30.0,shift_h,500,5,0.08831615120274915,0.03643187113717827,550,0.042522,False
extraheavy_short_baseline,affine,30.0,crew_veh_h,MX2,6,0.07353951890034365,0.04859801230933458,MX2,0.073875,True
extraheavy_short_baseline,affine,30.0,crew_team_h,MX2,6,0.07353951890034365,0.030012292702585208,MX2,0.030933,True
extraheavy_short_baseline,affine,30.0,shift_ot_h,500,5,0.08831615120274915,0.027555090113987823,550,0.02489,False
extraheavy_short_baseline,piecewise,5.1,shift_h,500,5,0.08831615120274915,0.010457016795983876,550,0.153637,False
extraheavy_short_baseline,piecewise,5.1,crew_veh_h,MX2,6,0.07353951890034365,0.022332378651542806,MX2,0.025385,True
extraheavy_short_baseline,piecewise,5.1,crew_team_h,MX2,6,0.07353951890034365,0.023164634699170072,MX2,0.019786,True
extraheavy_short_baseline,piecewise,5.1,shift_ot_h,550,5,0.070446735395189,0.0015501271523690185,550,0.119137,True
extraheavy_short_baseline,piecewise,6.364497,shift_h,500,5,0.08831615120274915,0.012677698095920675,550,0.143915,False
extraheavy_short_baseline,piecewise,6.364497,crew_veh_h,MX2,6,0.07353951890034365,0.026959444163207058,MX2,0.029804,True
extraheavy_short_baseline,piecewise,6.364497,crew_team_h,MX2,6,0.07353951890034365,0.0253249156460158,MX2,0.027142,True
extraheavy_short_baseline,piecewise,6.364497,shift_ot_h,500,5,0.08831615120274915,0.0008696198757323081,550,0.111004,False
extraheavy_short_baseline,piecewise,7.942513,shift_h,500,5,0.08831615120274915,0.01527747532827739,550,0.132587,False
extraheavy_short_baseline,piecewise,7.942513,crew_veh_h,MX2,6,0.07353951890034365,0.03239850434400626,MX2,0.035007,True
extraheavy_short_baseline,piecewise,7.942513,crew_team_h,MX2,6,0.07353951890034365,0.027853358558072916,MX2,0.030873,True
extraheavy_short_baseline,piecewise,7.942513,shift_ot_h,500,5,0.08831615120274915,0.0037098968836764,550,0.101488,False
extraheavy_short_baseline,piecewise,9.911784,shift_h,500,5,0.08831615120274915,0.01828158424203874,550,0.119569,False
extraheavy_short_baseline,piecewise,9.911784,crew_veh_h,MX2,6,0.07353951890034365,0.038713363275035606,MX2,0.041059,True
extraheavy_short_baseline,piecewise,9.911784,crew_team_h,MX2,6,0.07353951890034365,0.030774202383583527,MX2,0.031197,True
extraheavy_short_baseline,piecewise,9.911784,shift_ot_h,500,5,0.08831615120274915,0.007005773170878804,550,0.090499,False
extraheavy_short_baseline,piecewise,12.369317,shift_h,500,5,0.08831615120274915,0.02170098164663803,550,0.104845,False
extraheavy_short_baseline,piecewise,12.369317,crew_veh_h,MX2,6,0.07353951890034365,0.04172699490706555,MX2,0.048002,True
extraheavy_short_baseline,piecewise,12.369317,crew_team_h,MX2,6,0.07353951890034365,0.033332582517543896,MX2,0.031566,True
extraheavy_short_baseline,piecewise,12.369317,shift_ot_h,500,5,0.08831615120274915,0.01077548355036373,550,0.078,False
extraheavy_short_baseline,piecewise,15.436172,shift_h,500,5,0.08831615120274915,0.02552694398076638,550,0.088486,False
extraheavy_short_baseline,piecewise,15.436172,crew_veh_h,MX2,6,0.07353951890034365,0.04481921333889227,MX2,0.055838,True
extraheavy_short_baseline,piecewise,15.436172,crew_team_h,MX2,6,0.07353951890034365,0.033246796706486004,MX2,0.03198,True
extraheavy_short_baseline,piecewise,15.436172,shift_ot_h,500,5,0.08831615120274915,0.015016573592495863,550,0.064027,False
extraheavy_short_baseline,piecewise,19.263424,shift_h,500,5,0.08831615120274915,0.029726588118069053,550,0.070669,False
extraheavy_short_baseline,piecewise,19.263424,crew_veh_h,MX2,6,0.07353951890034365,0.04823679064423825,MX2,0.064522,True
extraheavy_short_baseline,piecewise,19.263424,crew_team_h,MX2,6,0.07353951890034365,0.030798008968196067,MX2,0.031873,True
extraheavy_short_baseline,piecewise,19.263424,shift_ot_h,500,5,0.08831615120274915,0.019700299005162902,550,0.048703,False
extraheavy_short_baseline,piecewise,24.039607,shift_h,500,5,0.08831615120274915,0.03424058143831887,550,0.051681,False
extraheavy_short_baseline,piecewise,24.039607,crew_veh_h,MX2,6,0.07353951890034365,0.05193771205784126,MX2,0.073957,True
extraheavy_short_baseline,piecewise,24.039607,crew_team_h,MX2,6,0.07353951890034365,0.027998147925708317,MX2,0.029019,True
extraheavy_short_baseline,piecewise,24.039607,shift_ot_h,500,5,0.08831615120274915,0.024768077050220993,550,0.032249,False
extraheavy_short_baseline,piecewise,30.0,shift_h,500,5,0.08831615120274915,0.03898421029901522,550,0.031904,False
extraheavy_short_baseline,piecewise,30.0,crew_veh_h,MX2,6,0.07353951890034365,0.05585800454098777,MX2,0.075044,True
extraheavy_short_baseline,piecewise,30.0,crew_team_h,MX2,6,0.07353951890034365,0.025057242669874746,MX2,0.026015,True
extraheavy_short_baseline,piecewise,30.0,shift_ot_h,500,5,0.08831615120274915,0.030131415494171865,550,0.014976,False
extraheavy_short_baseline,power_0.72,5.1,shift_h,500,5,0.08831615120274915,0.00784670892747008,550,0.162353,False
extraheavy_short_baseline,power_0.72,5.1,crew_veh_h,MX2,6,0.07353951890034365,0.015289984026118031,MX2,0.018559,True
extraheavy_short_baseline,power_0.72,5.1,crew_team_h,MX2,6,0.07353951890034365,0.01857006175074427,MX2,0.0133,True
extraheavy_short_baseline,power_0.72,5.1,shift_ot_h,550,5,0.070446735395189,0.004122444513471102,550,0.126921,True
extraheavy_short_baseline,power_0.72,6.364497,shift_h,500,5,0.08831615120274915,0.009531176296523114,550,0.154347,False
extraheavy_short_baseline,power_0.72,6.364497,crew_veh_h,MX2,6,0.07353951890034365,0.01842354814798286,MX2,0.021524,True
extraheavy_short_baseline,power_0.72,6.364497,crew_team_h,MX2,6,0.07353951890034365,0.01976262674959739,MX2,0.020392,True
extraheavy_short_baseline,power_0.72,6.364497,shift_ot_h,550,5,0.070446735395189,0.002222292667455772,550,0.120354,True
extraheavy_short_baseline,power_0.72,7.942513,shift_h,500,5,0.08831615120274915,0.01151137282396597,550,0.144971,False
extraheavy_short_baseline,power_0.72,7.942513,crew_veh_h,MX2,6,0.07353951890034365,0.022115230694679244,MX2,0.025021,True
extraheavy_short_baseline,power_0.72,7.942513,crew_team_h,MX2,6,0.07353951890034365,0.021161733976064356,MX2,0.028596,True
extraheavy_short_baseline,power_0.72,7.942513,shift_ot_h,500,5,0.08831615120274915,9.882355409107646e-06,550,0.112631,False
extraheavy_short_baseline,power_0.72,9.911784,shift_h,500,5,0.08831615120274915,0.013810590916602639,550,0.134129,False
extraheavy_short_baseline,power_0.72,9.911784,crew_veh_h,MX2,6,0.07353951890034365,0.02641252683120565,MX2,0.0291,True
extraheavy_short_baseline,power_0.72,9.911784,crew_team_h,MX2,6,0.07353951890034365,0.022782424781800925,MX2,0.032499,True
extraheavy_short_baseline,power_0.72,9.911784,shift_ot_h,500,5,0.08831615120274915,0.0026063199953596516,550,0.103661,False
extraheavy_short_baseline,power_0.72,12.369317,shift_h,500,5,0.08831615120274915,0.01644218350450788,550,0.12178,False
extraheavy_short_baseline,power_0.72,12.369317,crew_veh_h,MX2,6,0.07353951890034365,0.031345421638109494,MX2,0.033793,True
extraheavy_short_baseline,power_0.72,12.369317,crew_team_h,MX2,6,0.07353951890034365,0.024632382363237504,MX2,0.033119,True
extraheavy_short_baseline,power_0.72,12.369317,shift_ot_h,500,5,0.08831615120274915,0.005591859061973459,550,0.09339,False
extraheavy_short_baseline,power_0.72,15.436172,shift_h,500,5,0.08831615120274915,0.01940517231991179,550,0.107953,False
extraheavy_short_baseline,power_0.72,15.436172,crew_veh_h,MX2,6,0.07353951890034365,0.03443299929403265,MX2,0.039107,True
extraheavy_short_baseline,power_0.72,15.436172,crew_team_h,MX2,6,0.07353951890034365,0.026708919694309552,MX2,0.033815,True
extraheavy_short_baseline,power_0.72,15.436172,shift_ot_h,500,5,0.08831615120274915,0.008971077070918376,550,0.081821,False
extraheavy_short_baseline,power_0.72,19.263424,shift_h,500,5,0.08831615120274915,0.0226802752829407,550,0.092762,False
extraheavy_short_baseline,power_0.72,19.263424,crew_veh_h,MX2,6,0.07353951890034365,0.03612147539966948,MX2,0.045019,True
extraheavy_short_baseline,power_0.72,19.263424,crew_team_h,MX2,6,0.07353951890034365,0.02899636299732289,MX2,0.034583,True
extraheavy_short_baseline,power_0.72,19.263424,shift_ot_h,500,5,0.08831615120274915,0.01272826420780393,550,0.069026,False
extraheavy_short_baseline,power_0.72,24.039607,shift_h,500,5,0.08831615120274915,0.02622732775375014,550,0.07642,False
extraheavy_short_baseline,power_0.72,24.039607,crew_veh_h,MX2,6,0.07353951890034365,0.03795759641219165,MX2,0.051469,True
extraheavy_short_baseline,power_0.72,24.039607,crew_team_h,MX2,6,0.07353951890034365,0.0314645187075393,MX2,0.035414,True
extraheavy_short_baseline,power_0.72,24.039607,shift_ot_h,500,5,0.08831615120274915,0.01682374265046782,550,0.05516,False
extraheavy_short_baseline,power_0.72,30.0,shift_h,500,5,0.08831615120274915,0.029985104487242342,550,0.059229,False
extraheavy_short_baseline,power_0.72,30.0,crew_veh_h,MX2,6,0.07353951890034365,0.039911293074603504,MX2,0.058353,True
extraheavy_short_baseline,power_0.72,30.0,crew_team_h,MX2,6,0.07353951890034365,0.03406889755427911,MX2,0.036291,True
extraheavy_short_baseline,power_0.72,30.0,shift_ot_h,500,5,0.08831615120274915,0.02119267381651646,550,0.040462,False
extraheavy_short_baseline,power_0.84,5.1,shift_h,500,5,0.08831615120274915,0.009830941586159714,550,0.154459,False
extraheavy_short_baseline,power_0.84,5.1,crew_veh_h,MX2,6,0.07353951890034365,0.021664516961903635,MX2,0.024738,True
extraheavy_short_baseline,power_0.84,5.1,crew_team_h,MX2,6,0.07353951890034365,0.023143377499372342,MX2,0.019661,True
extraheavy_short_baseline,power_0.84,5.1,shift_ot_h,550,5,0.070446735395189,0.0021471528251966188,550,0.119871,True
extraheavy_short_baseline,power_0.84,6.364497,shift_h,500,5,0.08831615120274915,0.01191985696753961,550,0.144896,False
extraheavy_short_baseline,power_0.84,6.364497,crew_veh_h,MX2,6,0.07353951890034365,0.026150696681395358,MX2,0.029019,True
extraheavy_short_baseline,power_0.84,6.364497,crew_team_h,MX2,6,0.07353951890034365,0.025300416465938724,MX2,0.028012,True
extraheavy_short_baseline,power_0.84,6.364497,shift_ot_h,500,5,0.08831615120274915,0.00014850491884610406,550,0.111884,False
extraheavy_short_baseline,power_0.84,7.942513,shift_h,500,5,0.08831615120274915,0.014365904026462095,550,0.133749,False
extraheavy_short_baseline,power_0.84,7.942513,crew_veh_h,MX2,6,0.07353951890034365,0.03142526045563243,MX2,0.034062,True
extraheavy_short_baseline,power_0.84,7.942513,crew_team_h,MX2,6,0.07353951890034365,0.027825629806241148,MX2,0.032158,True
extraheavy_short_baseline,power_0.84,7.942513,shift_ot_h,500,5,0.08831615120274915,0.002840951495626909,550,0.102534,False
extraheavy_short_baseline,power_0.84,9.911784,shift_h,500,5,0.08831615120274915,0.017193085622921656,550,0.120931,False
extraheavy_short_baseline,power_0.84,9.911784,crew_veh_h,MX2,6,0.07353951890034365,0.03755064534406283,MX2,0.039929,True
extraheavy_short_baseline,power_0.84,9.911784,crew_team_h,MX2,6,0.07353951890034365,0.03074350156955985,MX2,0.032875,True
extraheavy_short_baseline,power_0.84,9.911784,shift_ot_h,500,5,0.08831615120274915,0.0059660367043543605,550,0.091732,False
extraheavy_short_baseline,power_0.84,12.369317,shift_h,500,5,0.08831615120274915,0.02041202635097039,550,0.106423,False
extraheavy_short_baseline,power_0.84,12.369317,crew_veh_h,MX2,6,0.07353951890034365,0.04170311475533417,MX2,0.04666,True
extraheavy_short_baseline,power_0.84,12.369317,crew_team_h,MX2,6,0.07353951890034365,0.0340646403565803,MX2,0.033559,True
extraheavy_short_baseline,power_0.84,12.369317,shift_ot_h,500,5,0.08831615120274915,0.009541393317409774,550,0.079437,False
extraheavy_short_baseline,power_0.84,15.436172,shift_h,500,5,0.08831615120274915,0.02401487091166299,550,0.090294,False
extraheavy_short_baseline,power_0.84,15.436172,crew_veh_h,MX2,6,0.07353951890034365,0.04479448435831501,MX2,0.054261,True
extraheavy_short_baseline,power_0.84,15.436172,crew_team_h,MX2,6,0.07353951890034365,0.033878966690067625,MX2,0.034326,True
extraheavy_short_baseline,power_0.84,15.436172,shift_ot_h,500,5,0.08831615120274915,0.013565091728987788,550,0.065682,False
extraheavy_short_baseline,power_0.84,19.263424,shift_h,500,5,0.08831615120274915,0.027971032461141965,550,0.072713,False
extraheavy_short_baseline,power_0.84,19.263424,crew_veh_h,MX2,6,0.07353951890034365,0.04821235155427961,MX2,0.062687,True
extraheavy_short_baseline,power_0.84,19.263424,crew_team_h,MX2,6,0.07353951890034365,0.033208662483650286,MX2,0.034269,True
extraheavy_short_baseline,power_0.84,19.263424,shift_ot_h,500,5,0.08831615120274915,0.018010293801742794,550,0.050586,False
extraheavy_short_baseline,power_0.84,24.039607,shift_h,500,5,0.08831615120274915,0.03222498454879874,550,0.053959,False
extraheavy_short_baseline,power_0.84,24.039607,crew_veh_h,MX2,6,0.07353951890034365,0.05191504190643159,MX2,0.071845,True
extraheavy_short_baseline,power_0.84,24.039607,crew_team_h,MX2,6,0.07353951890034365,0.030781430681153577,MX2,0.031776,True
extraheavy_short_baseline,power_0.84,24.039607,shift_ot_h,500,5,0.08831615120274915,0.02282183207826649,550,0.034362,False
extraheavy_short_baseline,power_0.84,30.0,shift_h,500,5,0.08831615120274915,0.03669720496172646,550,0.034408,False
extraheavy_short_baseline,power_0.84,30.0,crew_veh_h,MX2,6,0.07353951890034365,0.05583885929203802,MX2,0.078513,True
extraheavy_short_baseline,power_0.84,30.0,crew_team_h,MX2,6,0.07353951890034365,0.0282207218243804,MX2,0.029152,True
extraheavy_short_baseline,power_0.84,30.0,shift_ot_h,500,5,0.08831615120274915,0.027916072803264358,550,0.017315,False
extraheavy_short_baseline,power_0.96,5.1,shift_h,500,5,0.08831615120274915,0.012058839371299035,550,0.146045,False
extraheavy_short_baseline,power_0.96,5.1,crew_veh_h,MX2,6,0.07353951890034365,0.028545231157349527,MX2,0.031408,True
extraheavy_short_baseline,power_0.96,5.1,crew_team_h,MX2,6,0.07353951890034365,0.027962272781656416,MX2,0.026388,True
extraheavy_short_baseline,power_0.96,5.1,shift_ot_h,500,5,0.08831615120274915,5.752963894734009e-05,550,0.112346,False
extraheavy_short_baseline,power_0.96,6.364497,shift_h,500,5,0.08831615120274915,0.014593331080456684,550,0.134868,False
extraheavy_short_baseline,power_0.96,6.364497,crew_veh_h,MX2,6,0.07353951890034365,0.03447538880816281,MX2,0.037097,True
extraheavy_short_baseline,power_0.96,6.364497,crew_team_h,MX2,6,0.07353951890034365,0.031123348138552664,MX2,0.030929,True
extraheavy_short_baseline,power_0.96,6.364497,shift_ot_h,500,5,0.08831615120274915,0.0027921950902589643,550,0.102883,False
extraheavy_short_baseline,power_0.96,7.942513,shift_h,500,5,0.08831615120274915,0.01754890235812656,550,0.121905,False
extraheavy_short_baseline,power_0.96,7.942513,crew_veh_h,MX2,6,0.07353951890034365,0.04143255958359049,MX2,0.043783,True
extraheavy_short_baseline,power_0.96,7.942513,crew_team_h,MX2,6,0.07353951890034365,0.03161241833459494,MX2,0.032278,True
extraheavy_short_baseline,power_0.96,7.942513,shift_ot_h,500,5,0.08831615120274915,0.005993346887855244,550,0.091858,False
extraheavy_short_baseline,power_0.96,9.911784,shift_h,500,5,0.08831615120274915,0.020948673144713492,550,0.107086,False
extraheavy_short_baseline,power_0.96,9.911784,crew_veh_h,MX2,6,0.07353951890034365,0.04669867852141785,MX2,0.051543,True
extraheavy_short_baseline,power_0.96,9.911784,crew_team_h,MX2,6,0.07353951890034365,0.030376419250480957,MX2,0.032874,True
extraheavy_short_baseline,power_0.96,9.911784,shift_ot_h,500,5,0.08831615120274915,0.009691885863330363,550,0.07919,False
extraheavy_short_baseline,power_0.96,12.369317,shift_h,500,5,0.08831615120274915,0.024798395169362886,550,0.090424,False
extraheavy_short_baseline,power_0.96,12.369317,crew_veh_h,MX2,6,0.07353951890034365,0.050878635222657564,MX2,0.06042,True
extraheavy_short_baseline,power_0.96,12.369317,crew_team_h,MX2,6,0.07353951890034365,0.028973894839960712,MX2,0.031163,True
extraheavy_short_baseline,power_0.96,12.369317,shift_ot_h,500,5,0.08831615120274915,0.013901093677143761,550,0.064865,False
extraheavy_short_baseline,power_0.96,15.436172,shift_h,500,5,0.08831615120274915,0.029080772196532267,550,0.072036,False
extraheavy_short_baseline,power_0.96,15.436172,crew_veh_h,MX2,6,0.07353951890034365,0.055570504938122545,MX2,0.070411,True
extraheavy_short_baseline,power_0.96,15.436172,crew_team_h,MX2,6,0.07353951890034365,0.026577193273380706,MX2,0.027764,True
extraheavy_short_baseline,power_0.96,15.436172,shift_ot_h,500,5,0.08831615120274915,0.018609995066443563,550,0.048952,False
extraheavy_short_baseline,power_0.96,19.263424,shift_h,500,5,0.08831615120274915,0.03375119993614484,550,0.052156,False
extraheavy_short_baseline,power_0.96,19.263424,crew_veh_h,MX2,6,0.07353951890034365,0.06073885953884628,MX2,0.081448,True
extraheavy_short_baseline,power_0.96,19.263424,crew_team_h,MX2,6,0.07353951890034365,0.022897131847673835,MX2,0.024042,True
extraheavy_short_baseline,power_0.96,19.263424,shift_ot_h,500,5,0.08831615120274915,0.02377786742257504,550,0.031625,False
extraheavy_short_baseline,power_0.96,24.039607,shift_h,500,5,0.08831615120274915,0.038736314403551075,550,0.031133,False
extraheavy_short_baseline,power_0.96,24.039607,crew_veh_h,MX2,6,0.07353951890034365,0.06631546478384309,MX2,0.080596,True
extraheavy_short_baseline,power_0.96,24.039607,crew_team_h,MX2,6,0.07353951890034365,0.0189580639982041,MX2,0.020052,True
extraheavy_short_baseline,power_0.96,24.039607,shift_ot_h,500,5,0.08831615120274915,0.029331456762161867,550,0.013162,False
extraheavy_short_baseline,power_0.96,30.0,shift_h,500,5,0.08831615120274915,0.04393648161543706,550,0.009418,False
extraheavy_short_baseline,power_0.96,30.0,crew_veh_h,MX2,6,0.07353951890034365,0.07219978885763889,MX2,0.077725,True
extraheavy_short_baseline,power_0.96,30.0,crew_team_h,MX2,6,0.07353951890034365,0.014836857930357716,MX2,0.01587,True
extraheavy_short_baseline,power_0.96,30.0,shift_ot_h,500,5,0.08831615120274915,0.03477629211686484,MX2,0.0061,False
rohcha_short_baseline,affine,5.1,shift_h,550,5,0.0,0.3865900941171201,550,0.188506,True
rohcha_short_baseline,affine,5.1,crew_veh_h,550,5,0.0,0.3320359268595878,550,0.348036,True
rohcha_short_baseline,affine,5.1,crew_team_h,550,5,0.0,0.12386024194781253,550,0.130511,True
rohcha_short_baseline,affine,5.1,shift_ot_h,550,5,0.0,0.37698149788877533,550,0.229246,True
rohcha_short_baseline,affine,6.364497,shift_h,550,5,0.0,0.38376238816614383,550,0.186082,True
rohcha_short_baseline,affine,6.364497,crew_veh_h,550,5,0.0,0.3306611751590023,550,0.339904,True
rohcha_short_baseline,affine,6.364497,crew_team_h,550,5,0.0,0.1295293331576619,550,0.129716,True
rohcha_short_baseline,affine,6.364497,shift_ot_h,550,5,0.0,0.37449961372735174,550,0.225712,True
rohcha_short_baseline,affine,7.942513,shift_h,550,5,0.0,0.38046081362795436,550,0.183252,True
rohcha_short_baseline,affine,7.942513,crew_veh_h,550,5,0.0,0.3290707716132584,550,0.330494,True
rohcha_short_baseline,affine,7.942513,crew_team_h,550,5,0.0,0.13608771221436866,550,0.128795,True
rohcha_short_baseline,affine,7.942513,shift_ot_h,550,5,0.0,0.3715972431799006,550,0.221577,True
rohcha_short_baseline,affine,9.911784,shift_h,550,5,0.0,0.3766576015388736,550,0.179992,True
rohcha_short_baseline,affine,9.911784,crew_veh_h,550,5,0.0,0.32725810148964163,550,0.319766,True
rohcha_short_baseline,affine,9.911784,crew_team_h,550,5,0.0,0.14356265642413102,550,0.127745,True
rohcha_short_baseline,affine,9.911784,shift_ot_h,550,5,0.0,0.3682477707787186,550,0.216804,True
rohcha_short_baseline,affine,12.369317,shift_h,550,5,0.0,0.3723440055811251,550,0.176295,True
rohcha_short_baseline,affine,12.369317,crew_veh_h,550,5,0.0,0.32522685896188386,550,0.307741,True
rohcha_short_baseline,affine,12.369317,crew_team_h,550,5,0.0,0.1519389320485076,550,0.126569,True
rohcha_short_baseline,affine,12.369317,shift_ot_h,550,5,0.0,0.36444085355484646,550,0.211378,True
rohcha_short_baseline,affine,15.436172,shift_h,550,5,0.0,0.36753681646781233,550,0.172174,True
rohcha_short_baseline,affine,15.436172,crew_veh_h,550,5,0.0,0.3229935117569118,550,0.294514,True
rohcha_short_baseline,affine,15.436172,crew_team_h,550,5,0.0,0.16114863079109298,550,0.125275,True
rohcha_short_baseline,affine,15.436172,shift_ot_h,550,5,0.0,0.36018832980703386,550,0.205314,True
rohcha_short_baseline,affine,19.263424,shift_h,550,5,0.0,0.36228341758778093,550,0.167672,True
rohcha_short_baseline,affine,19.263424,crew_veh_h,550,5,0.0,0.3205886508522209,550,0.280266,True
rohcha_short_baseline,affine,19.263424,crew_team_h,550,5,0.0,0.17106560402334092,550,0.12388,True
rohcha_short_baseline,affine,19.263424,shift_ot_h,550,5,0.0,0.3555289926124978,550,0.198667,True
rohcha_short_baseline,affine,24.039607,shift_h,550,5,0.0,0.3566638081904816,550,0.162855,True
rohcha_short_baseline,affine,24.039607,crew_veh_h,550,5,0.0,0.3180565858582247,550,0.265259,True
rohcha_short_baseline,affine,24.039607,crew_team_h,550,5,0.0,0.16551497714703922,550,0.122412,True
rohcha_short_baseline,affine,24.039607,shift_ot_h,550,5,0.0,0.35053082438679506,550,0.191534,True
rohcha_short_baseline,affine,30.0,shift_h,550,5,0.0,0.3507882563124123,550,0.157819,True
rohcha_short_baseline,affine,30.0,crew_veh_h,550,5,0.0,0.31545282382641293,550,0.24982,True
rohcha_short_baseline,affine,30.0,crew_team_h,550,5,0.0,0.15703794256287318,550,0.120901,True
rohcha_short_baseline,affine,30.0,shift_ot_h,550,5,0.0,0.34528943887788577,550,0.184051,True
rohcha_short_baseline,piecewise,5.1,shift_h,550,5,0.0,0.3855116810799153,550,0.187581,True
rohcha_short_baseline,piecewise,5.1,crew_veh_h,550,5,0.0,0.33108746046097703,550,0.346154,True
rohcha_short_baseline,piecewise,5.1,crew_team_h,550,5,0.0,0.12399643859101372,550,0.129759,True
rohcha_short_baseline,piecewise,5.1,shift_ot_h,550,5,0.0,0.3759720728524123,550,0.228167,True
rohcha_short_baseline,piecewise,6.364497,shift_h,550,5,0.0,0.3824734193636725,550,0.184977,True
rohcha_short_baseline,piecewise,6.364497,crew_veh_h,550,5,0.0,0.32952744646452503,550,0.337688,True
rohcha_short_baseline,piecewise,6.364497,crew_team_h,550,5,0.0,0.1296577956365197,550,0.128815,True
rohcha_short_baseline,piecewise,6.364497,shift_ot_h,550,5,0.0,0.3732909582711357,550,0.224424,True
rohcha_short_baseline,piecewise,7.942513,shift_h,550,5,0.0,0.3789333793181291,550,0.181943,True
rohcha_short_baseline,piecewise,7.942513,crew_veh_h,550,5,0.0,0.32772688184521837,550,0.327914,True
rohcha_short_baseline,piecewise,7.942513,crew_team_h,550,5,0.0,0.136192121108331,550,0.127724,True
rohcha_short_baseline,piecewise,7.942513,shift_ot_h,550,5,0.0,0.3701619953760793,550,0.220055,True
rohcha_short_baseline,piecewise,9.911784,shift_h,550,5,0.0,0.3748652844803184,550,0.178456,True
rohcha_short_baseline,piecewise,9.911784,crew_veh_h,550,5,0.0,0.3256801044205593,550,0.316801,True
rohcha_short_baseline,piecewise,9.911784,crew_team_h,550,5,0.0,0.14361996330720173,550,0.126485,True
rohcha_short_baseline,piecewise,9.911784,shift_ot_h,550,5,0.0,0.3665595619240112,550,0.215022,True
rohcha_short_baseline,piecewise,12.369317,shift_h,550,5,0.0,0.37026392765491045,550,0.174512,True
rohcha_short_baseline,piecewise,12.369317,crew_veh_h,550,5,0.0,0.32339336330571045,550,0.30438,True
rohcha_short_baseline,piecewise,12.369317,crew_team_h,550,5,0.0,0.1519186439288116,550,0.125099,True
rohcha_short_baseline,piecewise,12.369317,shift_ot_h,550,5,0.0,0.36247620105082734,550,0.209317,True
rohcha_short_baseline,piecewise,15.436172,shift_h,550,5,0.0,0.36515184531929457,550,0.17013,True
rohcha_short_baseline,piecewise,15.436172,crew_veh_h,550,5,0.0,0.32088739717085146,550,0.290764,True
rohcha_short_baseline,piecewise,15.436172,crew_team_h,550,5,0.0,0.16101290145832636,550,0.12358,True
rohcha_short_baseline,piecewise,15.436172,shift_ot_h,550,5,0.0,0.35792873524894286,550,0.20296,True
rohcha_short_baseline,piecewise,19.263424,shift_h,550,5,0.0,0.3595842004610599,550,0.165358,True
rohcha_short_baseline,piecewise,19.263424,crew_veh_h,550,5,0.0,0.31819865289652816,550,0.27615,True
rohcha_short_baseline,piecewise,19.263424,crew_team_h,550,5,0.0,0.16291799964755715,550,0.121949,True
rohcha_short_baseline,piecewise,19.263424,shift_ot_h,550,5,0.0,0.35296295213373785,550,0.196016,True
rohcha_short_baseline,piecewise,24.039607,shift_h,550,5,0.0,0.3536502290917838,550,0.160272,True
rohcha_short_baseline,piecewise,24.039607,crew_veh_h,550,5,0.0,0.3153784679290552,550,0.260814,True
rohcha_short_baseline,piecewise,24.039607,crew_team_h,550,5,0.0,0.15331587542855574,550,0.120238,True
rohcha_short_baseline,piecewise,24.039607,shift_ot_h,550,5,0.0,0.3476553781172316,550,0.188591,True
rohcha_short_baseline,piecewise,30.0,shift_h,550,5,0.0,0.3474699481689778,550,0.154974,True
rohcha_short_baseline,piecewise,30.0,crew_veh_h,550,5,0.0,0.3124898917801955,550,0.2451,True
rohcha_short_baseline,piecewise,30.0,crew_team_h,550,5,0.0,0.14348089392298236,550,0.118485,True
rohcha_short_baseline,piecewise,30.0,shift_ot_h,550,5,0.0,0.34211089762548186,550,0.180831,True
rohcha_short_baseline,power_0.72,5.1,shift_h,550,5,0.0,0.38910013556511114,550,0.190657,True
rohcha_short_baseline,power_0.72,5.1,crew_veh_h,550,5,0.0,0.3344755048774086,550,0.351756,True
rohcha_short_baseline,power_0.72,5.1,crew_team_h,550,5,0.0,0.12464235233805998,550,0.132506,True
rohcha_short_baseline,power_0.72,5.1,shift_ot_h,550,5,0.0,0.3793645653833988,550,0.231612,True
rohcha_short_baseline,power_0.72,6.364497,shift_h,550,5,0.0,0.3867823330983362,550,0.188671,True
rohcha_short_baseline,power_0.72,6.364497,crew_veh_h,550,5,0.0,0.3335942180012077,550,0.34432,True
rohcha_short_baseline,power_0.72,6.364497,crew_team_h,550,5,0.0,0.13052839367177405,550,0.132117,True
rohcha_short_baseline,power_0.72,6.364497,shift_ot_h,550,5,0.0,0.3773710153765637,550,0.228554,True
rohcha_short_baseline,power_0.72,7.942513,shift_h,550,5,0.0,0.3840674831875004,550,0.186344,True
rohcha_short_baseline,power_0.72,7.942513,crew_veh_h,550,5,0.0,0.33257107270271136,550,0.335684,True
rohcha_short_baseline,power_0.72,7.942513,crew_team_h,550,5,0.0,0.1373618955427034,550,0.131666,True
rohcha_short_baseline,power_0.72,7.942513,shift_ot_h,550,5,0.0,0.3750324273340484,550,0.224965,True
rohcha_short_baseline,power_0.72,9.911784,shift_h,550,5,0.0,0.38092856056498414,550,0.183653,True
rohcha_short_baseline,power_0.72,9.911784,crew_veh_h,550,5,0.0,0.3314001828428139,550,0.325799,True
rohcha_short_baseline,power_0.72,9.911784,crew_team_h,550,5,0.0,0.1451821709816059,550,0.131149,True
rohcha_short_baseline,power_0.72,9.911784,shift_ot_h,550,5,0.0,0.37232377322538635,550,0.220808,True
rohcha_short_baseline,power_0.72,12.369317,shift_h,550,5,0.0,0.3773533042214505,550,0.180589,True
rohcha_short_baseline,power_0.72,12.369317,crew_veh_h,550,5,0.0,0.3300820487000691,550,0.314667,True
rohcha_short_baseline,power_0.72,12.369317,crew_team_h,550,5,0.0,0.15398587866986935,550,0.130567,True
rohcha_short_baseline,power_0.72,12.369317,shift_ot_h,550,5,0.0,0.3692323501466981,550,0.216061,True
rohcha_short_baseline,power_0.72,15.436172,shift_h,550,5,0.0,0.37334990837249693,550,0.177157,True
rohcha_short_baseline,power_0.72,15.436172,crew_veh_h,550,5,0.0,0.32862531901449743,550,0.302361,True
rohcha_short_baseline,power_0.72,15.436172,crew_team_h,550,5,0.0,0.1637152543962883,550,0.129924,True
rohcha_short_baseline,power_0.72,15.436172,shift_ot_h,550,5,0.0,0.36576280720643184,550,0.210732,True
rohcha_short_baseline,power_0.72,19.263424,shift_h,550,5,0.0,0.3689517964083817,550,0.173387,True
rohcha_short_baseline,power_0.72,19.263424,crew_veh_h,550,5,0.0,0.32704792942101135,550,0.28903,True
rohcha_short_baseline,power_0.72,19.263424,crew_team_h,550,5,0.0,0.174250507555457,550,0.129227,True
rohcha_short_baseline,power_0.72,19.263424,shift_ot_h,550,5,0.0,0.3619415033777724,550,0.204861,True
rohcha_short_baseline,power_0.72,24.039607,shift_h,550,5,0.0,0.3642201509721821,550,0.169332,True
rohcha_short_baseline,power_0.72,24.039607,crew_veh_h,550,5,0.0,0.3253771703096826,550,0.274904,True
rohcha_short_baseline,power_0.72,24.039607,crew_team_h,550,5,0.0,0.18467870420827737,550,0.128489,True
rohcha_short_baseline,power_0.72,24.039607,shift_ot_h,550,5,0.0,0.3578190466832891,550,0.198524,True
rohcha_short_baseline,power_0.72,30.0,shift_h,550,5,0.0,0.35924295788429106,550,0.165065,True
rohcha_short_baseline,power_0.72,30.0,crew_veh_h,550,5,0.0,0.32364837816239334,550,0.260281,True
rohcha_short_baseline,power_0.72,30.0,crew_team_h,550,5,0.0,0.1784451864643668,550,0.127725,True
rohcha_short_baseline,power_0.72,30.0,shift_ot_h,550,5,0.0,0.3534698920096,550,0.191836,True
rohcha_short_baseline,power_0.84,5.1,shift_h,550,5,0.0,0.3863706709174455,550,0.188318,True
rohcha_short_baseline,power_0.84,5.1,crew_veh_h,550,5,0.0,0.3320016831429977,550,0.34719,True
rohcha_short_baseline,power_0.84,5.1,crew_team_h,550,5,0.0,0.1246525832597245,550,0.130526,True
rohcha_short_baseline,power_0.84,5.1,shift_ot_h,550,5,0.0,0.376799980781088,550,0.228926,True
rohcha_short_baseline,power_0.84,6.364497,shift_h,550,5,0.0,0.3835087733088227,550,0.185865,True
rohcha_short_baseline,power_0.84,6.364497,crew_veh_h,550,5,0.0,0.33062649684194745,550,0.338924,True
rohcha_short_baseline,power_0.84,6.364497,crew_team_h,550,5,0.0,0.1304567731594457,550,0.129738,True
rohcha_short_baseline,power_0.84,6.364497,shift_ot_h,550,5,0.0,0.37429000163420345,550,0.225338,True
rohcha_short_baseline,power_0.84,7.942513,shift_h,550,5,0.0,0.3801725732724135,550,0.183005,True
rohcha_short_baseline,power_0.84,7.942513,crew_veh_h,550,5,0.0,0.3290383883889876,550,0.329375,True
rohcha_short_baseline,power_0.84,7.942513,crew_team_h,550,5,0.0,0.13715963446288582,550,0.128827,True
rohcha_short_baseline,power_0.84,7.942513,shift_ot_h,550,5,0.0,0.3713593378687434,550,0.221148,True
rohcha_short_baseline,power_0.84,9.911784,shift_h,550,5,0.0,0.3763365282242852,550,0.179717,True
rohcha_short_baseline,power_0.84,9.911784,crew_veh_h,550,5,0.0,0.3272319835915316,550,0.318511,True
rohcha_short_baseline,power_0.84,9.911784,crew_team_h,550,5,0.0,0.1447838497944327,550,0.12779,True
rohcha_short_baseline,power_0.84,9.911784,shift_ot_h,550,5,0.0,0.36798331103808324,550,0.216319,True
rohcha_short_baseline,power_0.84,12.369317,shift_h,550,5,0.0,0.3719948058692033,550,0.175996,True
rohcha_short_baseline,power_0.84,12.369317,crew_veh_h,550,5,0.0,0.32521236631406425,550,0.30636,True
rohcha_short_baseline,power_0.84,12.369317,crew_team_h,550,5,0.0,0.15330796190508034,550,0.126631,True
rohcha_short_baseline,power_0.84,12.369317,shift_ot_h,550,5,0.0,0.3641541224651794,550,0.210841,True
rohcha_short_baseline,power_0.84,15.436172,shift_h,550,5,0.0,0.36716764547921454,550,0.171858,True
rohcha_short_baseline,power_0.84,15.436172,crew_veh_h,550,5,0.0,0.3229973975074991,550,0.29303,True
rohcha_short_baseline,power_0.84,15.436172,crew_team_h,550,5,0.0,0.16265658584457365,550,0.125359,True
rohcha_short_baseline,power_0.84,15.436172,shift_ot_h,550,5,0.0,0.35988663826360723,550,0.204733,True
rohcha_short_baseline,power_0.84,19.263424,shift_h,550,5,0.0,0.3619060808047827,550,0.167348,True
rohcha_short_baseline,power_0.84,19.263424,crew_veh_h,550,5,0.0,0.3206188548089812,550,0.278709,True
rohcha_short_baseline,power_0.84,19.263424,crew_team_h,550,5,0.0,0.16547991755020508,550,0.123992,True
rohcha_short_baseline,power_0.84,19.263424,shift_ot_h,550,5,0.0,0.35522288142363667,550,0.198056,True
rohcha_short_baseline,power_0.84,24.039607,shift_h,550,5,0.0,0.3562934640764983,550,0.162537,True
rohcha_short_baseline,power_0.84,24.039607,crew_veh_h,550,5,0.0,0.31812178561644044,550,0.263669,True
rohcha_short_baseline,power_0.84,24.039607,crew_team_h,550,5,0.0,0.15619454430570023,550,0.122557,True
rohcha_short_baseline,power_0.84,24.039607,shift_ot_h,550,5,0.0,0.3502338337352644,550,0.19091,True
rohcha_short_baseline,power_0.84,30.0,shift_h,550,5,0.0,0.3504425335570247,550,0.157522,True
rohcha_short_baseline,power_0.84,30.0,crew_veh_h,550,5,0.0,0.31556176936892544,550,0.248243,True
rohcha_short_baseline,power_0.84,30.0,crew_team_h,550,5,0.0,0.14667510189650312,550,0.121085,True
rohcha_short_baseline,power_0.84,30.0,shift_ot_h,550,5,0.0,0.34501735898358565,550,0.183435,True
rohcha_short_baseline,power_0.96,5.1,shift_h,550,5,0.0,0.383318781020374,550,0.185702,True
rohcha_short_baseline,power_0.96,5.1,crew_veh_h,550,5,0.0,0.32921022931349686,550,0.342198,True
rohcha_short_baseline,power_0.96,5.1,crew_team_h,550,5,0.0,0.12450052806435741,550,0.128284,True
rohcha_short_baseline,power_0.96,5.1,shift_ot_h,550,5,0.0,0.3739258261011089,550,0.225942,True
rohcha_short_baseline,power_0.96,6.364497,shift_h,550,5,0.0,0.37986319948418923,550,0.18274,True
rohcha_short_baseline,power_0.96,6.364497,crew_veh_h,550,5,0.0,0.3272933210403157,550,0.333051,True
rohcha_short_baseline,power_0.96,6.364497,crew_team_h,550,5,0.0,0.1301852859209336,550,0.127054,True
rohcha_short_baseline,power_0.96,6.364497,shift_ot_h,550,5,0.0,0.3708507194570936,550,0.22178,True
rohcha_short_baseline,power_0.96,7.942513,shift_h,550,5,0.0,0.37585525054919655,550,0.179305,True
rohcha_short_baseline,power_0.96,7.942513,crew_veh_h,550,5,0.0,0.32509197696773606,550,0.322544,True
rohcha_short_baseline,power_0.96,7.942513,crew_team_h,550,5,0.0,0.136713562827401,550,0.125642,True
rohcha_short_baseline,power_0.96,7.942513,shift_ot_h,550,5,0.0,0.36727798336056683,550,0.216943,True
rohcha_short_baseline,power_0.96,9.911784,shift_h,550,5,0.0,0.37127363679090464,550,0.175377,True
rohcha_short_baseline,power_0.96,9.911784,crew_veh_h,550,5,0.0,0.322604006241449,550,0.310664,True
rohcha_short_baseline,power_0.96,9.911784,crew_team_h,550,5,0.0,0.14409185595236051,550,0.124046,True
rohcha_short_baseline,power_0.96,9.911784,shift_ot_h,550,5,0.0,0.36318585415067317,550,0.211401,True
rohcha_short_baseline,power_0.96,12.369317,shift_h,550,5,0.0,0.3661223579186319,550,0.170962,True
rohcha_short_baseline,power_0.96,12.369317,crew_veh_h,550,5,0.0,0.31984228908034606,550,0.297474,True
rohcha_short_baseline,power_0.96,12.369317,crew_team_h,550,5,0.0,0.15228196788878967,550,0.122274,True
rohcha_short_baseline,power_0.96,12.369317,shift_ot_h,550,5,0.0,0.35857467002933974,550,0.205154,True
rohcha_short_baseline,power_0.96,15.436172,shift_h,550,5,0.0,0.36043742903849574,550,0.166089,True
rohcha_short_baseline,power_0.96,15.436172,crew_veh_h,550,5,0.0,0.31683733751585397,550,0.283116,True
rohcha_short_baseline,power_0.96,15.436172,crew_team_h,550,5,0.0,0.15164214742316395,550,0.120344,True
rohcha_short_baseline,power_0.96,15.436172,shift_ot_h,550,5,0.0,0.3534731475255313,550,0.19824,True
rohcha_short_baseline,power_0.96,19.263424,shift_h,550,5,0.0,0.3542910519344291,550,0.160821,True
rohcha_short_baseline,power_0.96,19.263424,crew_veh_h,550,5,0.0,0.3136379691815343,550,0.267823,True
rohcha_short_baseline,power_0.96,19.263424,crew_team_h,550,5,0.0,0.13977799655133705,550,0.118289,True
rohcha_short_baseline,power_0.96,19.263424,shift_ot_h,550,5,0.0,0.347942553233586,550,0.190742,True
rohcha_short_baseline,power_0.96,24.039607,shift_h,550,5,0.0,0.34670020462807005,550,0.15525,True
rohcha_short_baseline,power_0.96,24.039607,crew_veh_h,550,5,0.0,0.31030940997733203,550,0.251906,True
rohcha_short_baseline,power_0.96,24.039607,crew_team_h,550,5,0.0,0.12743476987097724,550,0.11615,True
rohcha_short_baseline,power_0.96,24.039607,shift_ot_h,550,5,0.0,0.3420771873179649,550,0.182786,True
rohcha_short_baseline,power_0.96,30.0,shift_h,550,5,0.0,0.3141270533902618,550,0.149495,True
rohcha_short_baseline,power_0.96,30.0,crew_veh_h,550,5,0.0,0.306928658590393,550,0.235733,True
rohcha_short_baseline,power_0.96,30.0,crew_team_h,550,5,0.0,0.11489800000783634,550,0.112873,True
rohcha_short_baseline,power_0.96,30.0,shift_ot_h,550,5,0.0,0.33600005866534977,550,0.174539,True
rohcha_massdep_baseline,affine,5.1,shift_h,550,9,0.0,0.32056199439725686,550,0.320562,True
rohcha_massdep_baseline,affine,5.1,crew_veh_h,550,9,0.0,0.29957128894592944,550,0.3151,True
rohcha_massdep_baseline,affine,5.1,crew_team_h,550,9,0.0,0.07703814349871796,550,0.081896,True
rohcha_massdep_baseline,affine,5.1,shift_ot_h,550,9,0.0,0.32371515974842535,550,0.333199,True
rohcha_massdep_baseline,affine,6.364497,shift_h,550,9,0.0,0.31786894111061303,550,0.317869,True
rohcha_massdep_baseline,affine,6.364497,crew_veh_h,550,9,0.0,0.2973793869431063,550,0.312429,True
rohcha_massdep_baseline,affine,6.364497,crew_team_h,550,9,0.0,0.0818483381261097,550,0.086538,True
rohcha_massdep_baseline,affine,6.364497,shift_ot_h,550,9,0.0,0.32100700281278116,550,0.330232,True
rohcha_massdep_baseline,affine,7.942513,shift_h,550,9,0.0,0.3147245844075752,550,0.314725,True
rohcha_massdep_baseline,affine,7.942513,crew_veh_h,550,9,0.0,0.294830192086845,550,0.309321,True
rohcha_massdep_baseline,affine,7.942513,crew_team_h,550,9,0.0,0.08744262262695268,550,0.091938,True
rohcha_massdep_baseline,affine,7.942513,shift_ot_h,550,9,0.0,0.31783908889839174,550,0.32676,True
rohcha_massdep_baseline,affine,9.911784,shift_h,550,9,0.0,0.31110247765607024,550,0.311102,True
rohcha_massdep_baseline,affine,9.911784,crew_veh_h,550,9,0.0,0.2919069798710445,550,0.305756,True
rohcha_massdep_baseline,affine,9.911784,crew_team_h,550,9,0.0,0.09385769943105138,550,0.098132,True
rohcha_massdep_baseline,affine,9.911784,shift_ot_h,550,9,0.0,0.3141819134982615,550,0.32275,True
rohcha_massdep_baseline,affine,12.369317,shift_h,550,9,0.0,0.3069942910296428,550,0.306994,True
rohcha_massdep_baseline,affine,12.369317,crew_veh_h,550,9,0.0,0.28860859225559055,550,0.301732,True
rohcha_massdep_baseline,affine,12.369317,crew_team_h,550,9,0.0,0.10109610989213769,550,0.105123,True
rohcha_massdep_baseline,affine,12.369317,shift_ot_h,550,9,0.0,0.31002363795489685,550,0.318189,True
rohcha_massdep_baseline,affine,15.436172,shift_h,550,9,0.0,0.30241601568363063,550,0.302416,True
rohcha_massdep_baseline,affine,15.436172,crew_veh_h,550,9,0.0,0.2849540350018662,550,0.297272,True
rohcha_massdep_baseline,affine,15.436172,crew_team_h,550,9,0.0,0.10911614529733171,550,0.112872,True
rohcha_massdep_baseline,affine,15.436172,shift_ot_h,550,9,0.0,0.3053765748524573,550,0.313089,True
rohcha_massdep_baseline,affine,19.263424,shift_h,550,9,0.0,0.29741277865502913,550,0.297413,True
rohcha_massdep_baseline,affine,19.263424,crew_veh_h,550,9,0.0,0.28098564656820924,550,0.292428,True
rohcha_massdep_baseline,affine,19.263424,crew_team_h,550,9,0.0,0.11782489263110385,550,0.121289,True
rohcha_massdep_baseline,affine,19.263424,shift_ot_h,550,9,0.0,0.30028246493970134,550,0.307496,True
rohcha_massdep_baseline,affine,24.039607,shift_h,550,9,0.0,0.29206076970522044,550,0.292061,True
rohcha_massdep_baseline,affine,24.039607,crew_veh_h,550,9,0.0,0.2767696877889976,550,0.287279,True
rohcha_massdep_baseline,affine,24.039607,crew_team_h,550,9,0.0,0.1270769405068517,550,0.130234,True
rohcha_massdep_baseline,affine,24.039607,shift_ot_h,550,9,0.0,0.2948150100031177,550,0.30149,True
rohcha_massdep_baseline,affine,30.0,shift_h,550,9,0.0,0.28646500601182123,550,0.286465,True
rohcha_massdep_baseline,affine,30.0,crew_veh_h,550,9,0.0,0.27239350303406407,550,0.281933,True
rohcha_massdep_baseline,affine,30.0,crew_team_h,550,9,0.0,0.1366806090876278,550,0.139524,True
rohcha_massdep_baseline,affine,30.0,shift_ot_h,550,9,0.0,0.2890782780487824,550,0.295184,True
rohcha_massdep_baseline,piecewise,5.1,shift_h,550,9,0.0,0.3195349343618241,550,0.319535,True
rohcha_massdep_baseline,piecewise,5.1,crew_veh_h,550,9,0.0,0.2985832890246267,550,0.314041,True
rohcha_massdep_baseline,piecewise,5.1,crew_team_h,550,9,0.0,0.07712614462354739,550,0.081961,True
rohcha_massdep_baseline,piecewise,5.1,shift_ot_h,550,9,0.0,0.32270382869871583,550,0.332151,True
rohcha_massdep_baseline,piecewise,6.364497,shift_h,550,9,0.0,0.3166413517749258,550,0.316641,True
rohcha_massdep_baseline,piecewise,6.364497,crew_veh_h,550,9,0.0,0.2961992183100386,550,0.311165,True
rohcha_massdep_baseline,piecewise,6.364497,crew_team_h,550,9,0.0,0.08192651201732515,550,0.086589,True
rohcha_massdep_baseline,piecewise,6.364497,shift_ot_h,550,9,0.0,0.31979702099520724,550,0.328979,True
rohcha_massdep_baseline,piecewise,7.942513,shift_h,550,9,0.0,0.31326988506488496,550,0.31327,True
rohcha_massdep_baseline,piecewise,7.942513,crew_veh_h,550,9,0.0,0.2934325681762662,550,0.307826,True
rohcha_massdep_baseline,piecewise,7.942513,crew_team_h,550,9,0.0,0.08749720965262964,550,0.091961,True
rohcha_massdep_baseline,piecewise,7.942513,shift_ot_h,550,9,0.0,0.3164036382890756,550,0.325274,True
rohcha_massdep_baseline,piecewise,9.911784,shift_h,550,9,0.0,0.30939550902887447,550,0.309396,True
rohcha_massdep_baseline,piecewise,9.911784,crew_veh_h,550,9,0.0,0.2902679595678883,550,0.304007,True
rohcha_massdep_baseline,piecewise,9.911784,crew_team_h,550,9,0.0,0.09386920352209449,550,0.098108,True
rohcha_massdep_baseline,piecewise,9.911784,shift_ot_h,550,9,0.0,0.31249540234531703,550,0.321006,True
rohcha_massdep_baseline,piecewise,12.369317,shift_h,550,9,0.0,0.30501326443324817,550,0.305013,True
rohcha_massdep_baseline,piecewise,12.369317,crew_veh_h,550,9,0.0,0.2867073690605335,550,0.299708,True
rohcha_massdep_baseline,piecewise,12.369317,crew_team_h,550,9,0.0,0.1010385137566927,550,0.105026,True
rohcha_massdep_baseline,piecewise,12.369317,shift_ot_h,550,9,0.0,0.3080636387372948,550,0.316163,True
rohcha_massdep_baseline,piecewise,15.436172,shift_h,550,9,0.0,0.3001446145898041,550,0.300145,True
rohcha_massdep_baseline,piecewise,15.436172,crew_veh_h,550,9,0.0,0.28277483772986445,550,0.294958,True
rohcha_massdep_baseline,piecewise,15.436172,crew_team_h,550,9,0.0,0.10895673323703003,550,0.11267,True
rohcha_massdep_baseline,piecewise,15.436172,shift_ot_h,550,9,0.0,0.3031259498797303,550,0.310766,True
rohcha_massdep_baseline,piecewise,19.263424,shift_h,550,9,0.0,0.29484209567719977,550,0.294842,True
rohcha_massdep_baseline,piecewise,19.263424,crew_veh_h,550,9,0.0,0.27851946176062725,550,0.289816,True
rohcha_massdep_baseline,piecewise,19.263424,crew_team_h,550,9,0.0,0.11752500595058679,550,0.120944,True
rohcha_massdep_baseline,piecewise,19.263424,shift_ot_h,550,9,0.0,0.2977313714167511,550,0.304866,True
rohcha_massdep_baseline,piecewise,24.039607,shift_h,550,9,0.0,0.28919069437312706,550,0.289191,True
rohcha_massdep_baseline,piecewise,24.039607,crew_veh_h,550,9,0.0,0.274015466747213,550,0.284372,True
rohcha_massdep_baseline,piecewise,24.039607,crew_team_h,550,9,0.0,0.12659387738625072,550,0.129705,True
rohcha_massdep_baseline,piecewise,24.039607,shift_ot_h,550,9,0.0,0.29196239727966233,550,0.298552,True
rohcha_massdep_baseline,piecewise,30.0,shift_h,550,9,0.0,0.2833047125418837,550,0.283305,True
rohcha_massdep_baseline,piecewise,30.0,crew_veh_h,550,9,0.0,0.269358561679681,550,0.278741,True
rohcha_massdep_baseline,piecewise,30.0,crew_team_h,550,9,0.0,0.12932585877291514,550,0.130538,True
rohcha_massdep_baseline,piecewise,30.0,shift_ot_h,550,9,0.0,0.285932508004036,550,0.291949,True
rohcha_massdep_baseline,power_0.72,5.1,shift_h,550,9,0.0,0.322952510062011,550,0.322953,True
rohcha_massdep_baseline,power_0.72,5.1,crew_veh_h,550,9,0.0,0.3019539616361542,550,0.317589,True
rohcha_massdep_baseline,power_0.72,5.1,crew_team_h,550,9,0.0,0.07777815072937133,550,0.082669,True
rohcha_massdep_baseline,power_0.72,5.1,shift_ot_h,550,9,0.0,0.32605708967821245,550,0.335592,True
rohcha_massdep_baseline,power_0.72,6.364497,shift_h,550,9,0.0,0.3207450791412725,550,0.320745,True
rohcha_massdep_baseline,power_0.72,6.364497,crew_veh_h,550,9,0.0,0.30024411692331476,550,0.315418,True
rohcha_massdep_baseline,power_0.72,6.364497,crew_team_h,550,9,0.0,0.08278712804725763,550,0.087516,True
rohcha_massdep_baseline,power_0.72,6.364497,shift_ot_h,550,9,0.0,0.3238270949853643,550,0.333113,True
rohcha_massdep_baseline,power_0.72,7.942513,shift_h,550,9,0.0,0.3181595077976196,550,0.31816,True
rohcha_massdep_baseline,power_0.72,7.942513,crew_veh_h,550,9,0.0,0.298248909876178,550,0.312884,True
rohcha_massdep_baseline,power_0.72,7.942513,crew_team_h,550,9,0.0,0.08863207219250824,550,0.093172,True
rohcha_massdep_baseline,power_0.72,7.942513,shift_ot_h,550,9,0.0,0.3212103977826293,550,0.330203,True
rohcha_massdep_baseline,power_0.72,9.911784,shift_h,550,9,0.0,0.3151700576809371,550,0.31517,True
rohcha_massdep_baseline,power_0.72,9.911784,crew_veh_h,550,9,0.0,0.2959521199832926,550,0.309966,True
rohcha_massdep_baseline,power_0.72,9.911784,crew_team_h,550,9,0.0,0.09536050103228888,550,0.099685,True
rohcha_massdep_baseline,power_0.72,9.911784,shift_ot_h,550,9,0.0,0.31817862479584136,550,0.326829,True
rohcha_massdep_baseline,power_0.72,12.369317,shift_h,550,9,0.0,0.311765051639477,550,0.311765,True
rohcha_massdep_baseline,power_0.72,12.369317,crew_veh_h,550,9,0.0,0.29334913305105803,550,0.306658,True
rohcha_massdep_baseline,power_0.72,12.369317,crew_team_h,550,9,0.0,0.10298593181229787,550,0.107069,True
rohcha_massdep_baseline,power_0.72,12.369317,shift_ot_h,550,9,0.0,0.31471710855143287,550,0.322976,True
rohcha_massdep_baseline,power_0.72,15.436172,shift_h,550,9,0.0,0.3079522936880923,550,0.307952,True
rohcha_massdep_baseline,power_0.72,15.436172,crew_veh_h,550,9,0.0,0.2904508295783417,550,0.302973,True
rohcha_massdep_baseline,power_0.72,15.436172,crew_team_h,550,9,0.0,0.11147649019235217,550,0.115292,True
rohcha_massdep_baseline,power_0.72,15.436172,shift_ot_h,550,9,0.0,0.3108305371274518,550,0.318648,True
rohcha_massdep_baseline,power_0.72,19.263424,shift_h,550,9,0.0,0.30376361562703025,550,0.303764,True
rohcha_massdep_baseline,power_0.72,19.263424,crew_veh_h,550,9,0.0,0.2872865547074941,550,0.298949,True
rohcha_massdep_baseline,power_0.72,19.263424,crew_team_h,550,9,0.0,0.12074620979707329,550,0.124274,True
rohcha_massdep_baseline,power_0.72,19.263424,shift_ot_h,550,9,0.0,0.306547881020506,550,0.313876,True
rohcha_massdep_baseline,power_0.72,24.039607,shift_h,550,9,0.0,0.2992572866401737,550,0.299257,True
rohcha_massdep_baseline,power_0.72,24.039607,crew_veh_h,550,9,0.0,0.2839052248806164,550,0.294648,True
rohcha_massdep_baseline,power_0.72,24.039607,crew_team_h,550,9,0.0,0.13065179027461205,550,0.133876,True
rohcha_massdep_baseline,power_0.72,24.039607,shift_ot_h,550,9,0.0,0.30192530994760913,550,0.308723,True
rohcha_massdep_baseline,power_0.72,30.0,shift_h,550,9,0.0,0.294517102746944,550,0.294517,True
rohcha_massdep_baseline,power_0.72,30.0,crew_veh_h,550,9,0.0,0.2803737833650406,550,0.290153,True
rohcha_massdep_baseline,power_0.72,30.0,crew_team_h,550,9,0.0,0.140997121823224,550,0.143908,True
rohcha_massdep_baseline,power_0.72,30.0,shift_ot_h,550,9,0.0,0.2970458328596204,550,0.30328,True
rohcha_massdep_baseline,power_0.84,5.1,shift_h,550,9,0.0,0.32035301992137666,550,0.320353,True
rohcha_massdep_baseline,power_0.84,5.1,crew_veh_h,550,9,0.0,0.2994269352585699,550,0.3149,True
rohcha_massdep_baseline,power_0.84,5.1,crew_team_h,550,9,0.0,0.07771370026917856,550,0.082552,True
rohcha_massdep_baseline,power_0.84,5.1,shift_ot_h,550,9,0.0,0.32350159757158914,550,0.332955,True
rohcha_massdep_baseline,power_0.84,6.364497,shift_h,550,9,0.0,0.3176274031512598,550,0.317627,True
rohcha_massdep_baseline,power_0.84,6.364497,crew_veh_h,550,9,0.0,0.2972147981717561,550,0.312198,True
rohcha_massdep_baseline,power_0.84,6.364497,crew_team_h,550,9,0.0,0.08264283370583403,550,0.087309,True
rohcha_massdep_baseline,power_0.84,6.364497,shift_ot_h,550,9,0.0,0.3207594301043042,550,0.329948,True
rohcha_massdep_baseline,power_0.84,7.942513,shift_h,550,9,0.0,0.31445006978325085,550,0.31445,True
rohcha_massdep_baseline,power_0.84,7.942513,crew_veh_h,550,9,0.0,0.29464634118342903,550,0.30906,True
rohcha_massdep_baseline,power_0.84,7.942513,crew_team_h,550,9,0.0,0.08836592713310831,550,0.092835,True
rohcha_massdep_baseline,power_0.84,7.942513,shift_ot_h,550,9,0.0,0.3175566982911324,550,0.326435,True
rohcha_massdep_baseline,power_0.84,9.911784,shift_h,550,9,0.0,0.3107966935469384,550,0.310797,True
rohcha_massdep_baseline,power_0.84,9.911784,crew_veh_h,550,9,0.0,0.29170667915316817,550,0.305468,True
rohcha_massdep_baseline,power_0.84,9.911784,crew_team_h,550,9,0.0,0.0949161479545031,550,0.09916,True
rohcha_massdep_baseline,power_0.84,9.911784,shift_ot_h,550,9,0.0,0.31386597046550024,550,0.322386,True
rohcha_massdep_baseline,power_0.84,12.369317,shift_h,550,9,0.0,0.3066617198754318,550,0.306662,True
rohcha_massdep_baseline,power_0.84,12.369317,crew_veh_h,550,9,0.0,0.2883969414380878,550,0.301423,True
rohcha_massdep_baseline,power_0.84,12.369317,crew_team_h,550,9,0.0,0.1022909797111824,550,0.106285,True
rohcha_massdep_baseline,power_0.84,12.369317,shift_ot_h,550,9,0.0,0.30967816924968994,550,0.317789,True
rohcha_massdep_baseline,power_0.84,15.436172,shift_h,550,9,0.0,0.3020644242659183,550,0.302064,True
rohcha_massdep_baseline,power_0.84,15.436172,crew_veh_h,550,9,0.0,0.2847387064674751,550,0.29695,True
rohcha_massdep_baseline,power_0.84,15.436172,crew_team_h,550,9,0.0,0.11044234086337945,550,0.114162,True
rohcha_massdep_baseline,power_0.84,15.436172,shift_ot_h,550,9,0.0,0.3050089327878496,550,0.312661,True
rohcha_massdep_baseline,power_0.84,19.263424,shift_h,550,9,0.0,0.2970534102902693,550,0.297053,True
rohcha_massdep_baseline,power_0.84,19.263424,crew_veh_h,550,9,0.0,0.28077687734677714,550,0.292104,True
rohcha_massdep_baseline,power_0.84,19.263424,crew_team_h,550,9,0.0,0.11927017730514189,550,0.122695,True
rohcha_massdep_baseline,power_0.84,19.263424,shift_ot_h,550,9,0.0,0.2999035936078476,550,0.307051,True
rohcha_massdep_baseline,power_0.84,24.039607,shift_h,550,9,0.0,0.2917080610252367,550,0.291708,True
rohcha_massdep_baseline,power_0.84,24.039607,crew_veh_h,550,9,0.0,0.27657987435716613,550,0.286968,True
rohcha_massdep_baseline,power_0.84,24.039607,crew_team_h,550,9,0.0,0.12862203343248235,550,0.13174,True
rohcha_massdep_baseline,power_0.84,24.039607,shift_ot_h,550,9,0.0,0.2944392434495877,550,0.301043,True
rohcha_massdep_baseline,power_0.84,30.0,shift_h,550,9,0.0,0.2861357462447853,550,0.286136,True
rohcha_massdep_baseline,power_0.84,30.0,crew_veh_h,550,9,0.0,0.27223637161416736,550,0.281651,True
rohcha_massdep_baseline,power_0.84,30.0,crew_team_h,550,9,0.0,0.13556848954937006,550,0.136773,True
rohcha_massdep_baseline,power_0.84,30.0,shift_ot_h,550,9,0.0,0.2887225684648589,550,0.294754,True
rohcha_massdep_baseline,power_0.96,5.1,shift_h,550,9,0.0,0.3174464581146419,550,0.317446,True
rohcha_massdep_baseline,power_0.96,5.1,crew_veh_h,550,9,0.0,0.29659297284943253,550,0.311893,True
rohcha_massdep_baseline,power_0.96,5.1,crew_team_h,550,9,0.0,0.0775009806807554,550,0.082283,True
rohcha_massdep_baseline,power_0.96,5.1,shift_ot_h,550,9,0.0,0.3206441170450087,550,0.33001,True
rohcha_massdep_baseline,power_0.96,6.364497,shift_h,550,9,0.0,0.31415542808018015,550,0.314155,True
rohcha_massdep_baseline,power_0.96,6.364497,crew_veh_h,550,9,0.0,0.29383198940171984,550,0.308613,True
rohcha_massdep_baseline,power_0.96,6.364497,crew_team_h,550,9,0.0,0.08231634260871323,550,0.086918,True
rohcha_massdep_baseline,power_0.96,6.364497,shift_ot_h,550,9,0.0,0.31734267381524783,550,0.326428,True
rohcha_massdep_baseline,power_0.96,7.942513,shift_h,550,9,0.0,0.31033833385637744,550,0.310338,True
rohcha_massdep_baseline,power_0.96,7.942513,crew_veh_h,550,9,0.0,0.2906432061258277,550,0.304825,True
rohcha_massdep_baseline,power_0.96,7.942513,crew_team_h,550,9,0.0,0.08787781947883211,550,0.092272,True
rohcha_massdep_baseline,power_0.96,7.942513,shift_ot_h,550,9,0.0,0.31350574982466073,550,0.322264,True
rohcha_massdep_baseline,power_0.96,9.911784,shift_h,550,9,0.0,0.30597489218181395,550,0.305975,True
rohcha_massdep_baseline,power_0.96,9.911784,crew_veh_h,550,9,0.0,0.2870156954112224,550,0.300514,True
rohcha_massdep_baseline,power_0.96,9.911784,crew_team_h,550,9,0.0,0.09420446986235365,550,0.098365,True
rohcha_massdep_baseline,power_0.96,9.911784,shift_ot_h,550,9,0.0,0.30910940818121735,550,0.317492,True
rohcha_massdep_baseline,power_0.96,12.369317,shift_h,550,9,0.0,0.30106891230345934,550,0.301069,True
rohcha_massdep_baseline,power_0.96,12.369317,crew_veh_h,550,9,0.0,0.2829595110431027,550,0.295692,True
rohcha_massdep_baseline,power_0.96,12.369317,crew_team_h,550,9,0.0,0.1012787592048705,550,0.10518,True
rohcha_massdep_baseline,power_0.96,12.369317,shift_ot_h,550,9,0.0,0.30415335350626616,550,0.312109,True
rohcha_massdep_baseline,power_0.96,15.436172,shift_h,550,9,0.0,0.29565469432237657,550,0.295655,True
rohcha_massdep_baseline,power_0.96,15.436172,crew_veh_h,550,9,0.0,0.2785103606800665,550,0.290401,True
rohcha_massdep_baseline,power_0.96,15.436172,crew_team_h,550,9,0.0,0.10872163901066467,550,0.110314,True
rohcha_massdep_baseline,power_0.96,15.436172,shift_ot_h,550,9,0.0,0.29866772922222107,550,0.306148,True
rohcha_massdep_baseline,power_0.96,19.263424,shift_h,550,9,0.0,0.2898010018423136,550,0.289801,True
rohcha_massdep_baseline,power_0.96,19.263424,crew_veh_h,550,9,0.0,0.27373191730923074,550,0.284716,True
rohcha_massdep_baseline,power_0.96,19.263424,crew_team_h,550,9,0.0,0.10461061169082031,550,0.10609,True
rohcha_massdep_baseline,power_0.96,19.263424,shift_ot_h,550,9,0.0,0.2927176888126368,550,0.299678,True
rohcha_massdep_baseline,power_0.96,24.039607,shift_h,550,9,0.0,0.28361097503262056,550,0.283611,True
rohcha_massdep_baseline,power_0.96,24.039607,crew_veh_h,550,9,0.0,0.2687145470552905,550,0.278744,True
rohcha_massdep_baseline,power_0.96,24.039607,crew_team_h,550,9,0.0,0.10029402894891537,550,0.101653,True
rohcha_massdep_baseline,power_0.96,24.039607,shift_ot_h,550,9,0.0,0.28640403029129624,550,0.292809,True
rohcha_massdep_baseline,power_0.96,30.0,shift_h,550,9,0.0,0.2772169157936406,550,0.277217,True
rohcha_massdep_baseline,power_0.96,30.0,crew_veh_h,550,9,0.0,0.2635698359461607,550,0.272618,True
rohcha_massdep_baseline,power_0.96,30.0,crew_team_h,550,9,0.0,0.0958678913386164,550,0.097101,True
rohcha_massdep_baseline,power_0.96,30.0,shift_ot_h,550,9,0.0,0.279858667107046,550,0.285684,True
liu_short_baseline,affine,5.1,shift_h,L300_H425x2,5,0.01752577319587629,0.004980058132004084,L300_H425x2,0.00498,True
liu_short_baseline,affine,5.1,crew_veh_h,L300_H425x4,5,0.0,0.00011175452120748552,L300_H425x4,0.002266,True
liu_short_baseline,affine,5.1,crew_team_h,L300_H425x4,5,0.0,0.00011175452120748552,L300_H425x4,0.002266,True
liu_short_baseline,affine,5.1,shift_ot_h,L300_H425x3,5,0.0,0.0024608162789461208,L300_H425x3,0.000266,True
liu_short_baseline,affine,6.364497,shift_h,L300_H425x2,5,0.01752577319587629,0.006081276834050131,L300_H425x2,0.006081,True
liu_short_baseline,affine,6.364497,crew_veh_h,L300_H425x3,5,0.0,0.0012553071358663015,L300_H425x4,0.000845,False
liu_short_baseline,affine,6.364497,crew_team_h,L300_H425x3,5,0.0,0.0012553071358663015,L300_H425x4,0.000845,False
liu_short_baseline,affine,6.364497,shift_ot_h,L300_H425x3,5,0.0,0.0035766780636645734,L300_H425x3,0.001426,True
liu_short_baseline,affine,7.942513,shift_h,L300_H425x2,5,0.01752577319587629,0.007390886289033505,L300_H425x2,0.007391,True
liu_short_baseline,affine,7.942513,crew_veh_h,L300_H425x3,5,0.0,0.002866076836770759,L300_H425x3,0.000825,True
liu_short_baseline,affine,7.942513,crew_team_h,L300_H425x3,5,0.0,0.002866076836770759,L300_H425x3,0.000825,True
liu_short_baseline,affine,7.942513,shift_ot_h,L300_H425x3,5,0.0,0.004902250424199561,L300_H425x3,0.002804,True
liu_short_baseline,affine,9.911784,shift_h,L300_H425x2,5,0.01752577319587629,0.008932288101960895,L300_H425x2,0.008932,True
liu_short_baseline,affine,9.911784,crew_veh_h,L300_H425x3,5,0.0,0.004741411507169335,L300_H425x3,0.002768,True
liu_short_baseline,affine,9.911784,crew_team_h,L300_H425x3,5,0.0,0.004741411507169335,L300_H425x3,0.002768,True
liu_short_baseline,affine,9.911784,shift_ot_h,L300_H425x3,5,0.0,0.006460424196792713,L300_H425x3,0.004425,True
liu_short_baseline,affine,12.369317,shift_h,L300_H425x2,5,0.01752577319587629,0.010724565192788527,L300_H425x2,0.010725,True
liu_short_baseline,affine,12.369317,crew_veh_h,L300_H425x3,5,0.0,0.006894546786838873,L300_H425x3,0.005,True
liu_short_baseline,affine,12.369317,crew_team_h,L300_H425x3,5,0.0,0.006894546786838873,L300_H425x3,0.005,True
liu_short_baseline,affine,12.369317,shift_ot_h,L300_H425x3,5,0.0,0.008269467432818534,L300_H425x3,0.006306,True
liu_short_baseline,affine,15.436172,shift_h,L300_H425x2,5,0.01752577319587629,0.012779299064159977,L300_H425x2,0.012779,True
liu_short_baseline,affine,15.436172,crew_veh_h,L300_H425x3,5,0.0,0.00932743167686989,L300_H425x3,0.007524,True
liu_short_baseline,affine,15.436172,crew_team_h,L300_H425x3,5,0.0,0.00932743167686989,L300_H425x3,0.007524,True
liu_short_baseline,affine,15.436172,shift_ot_h,L300_H425x3,5,0.0,0.010339812373069135,L300_H425x3,0.00846,True
liu_short_baseline,affine,19.263424,shift_h,L300_H425x2,5,0.01752577319587629,0.015097096214537808,L300_H425x2,0.015097,True
liu_short_baseline,affine,19.263424,crew_veh_h,L300_H425x3,5,0.0,0.012027256699724598,L300_H425x3,0.010325,True
liu_short_baseline,affine,19.263424,crew_team_h,L300_H425x3,5,0.0,0.011620006208284073,L300_H425x3,0.010325,True
liu_short_baseline,affine,19.263424,shift_ot_h,L300_H425x3,5,0.0,0.011470678707450777,L300_H425x3,0.010383,True
liu_short_baseline,affine,24.039607,shift_h,L300_H425x2,5,0.01752577319587629,0.017664373269717926,L300_H425x2,0.017664,True
liu_short_baseline,affine,24.039607,crew_veh_h,L300_H425x3,5,0.0,0.01496397462565957,L300_H425x3,0.013373,True
liu_short_baseline,affine,24.039607,crew_team_h,L300_H425x3,5,0.0,0.006998095163023299,L300_H425x3,0.009822,True
liu_short_baseline,affine,24.039607,shift_ot_h,L300_H425x3,5,0.0,0.007361703339409331,L300_H425x3,0.006354,True
liu_short_baseline,affine,30.0,shift_h,L300_H425x2,5,0.01752577319587629,0.02045115735688574,L300_H425x2,0.020451,True
liu_short_baseline,affine,30.0,crew_veh_h,L300_H425x3,5,0.0,0.01521174015550919,L300_H425x3,0.01662,True
liu_short_baseline,affine,30.0,crew_team_h,L300_H425x3,5,0.0,0.0020787565553008758,L300_H425x3,0.004686,True
liu_short_baseline,affine,30.0,shift_ot_h,L300_H425x3,5,0.0,0.0029121714277671185,L300_H425x3,0.00199,True
liu_short_baseline,piecewise,5.1,shift_h,L300_H425x2,5,0.01752577319587629,0.005397844448161493,L300_H425x2,0.005398,True
liu_short_baseline,piecewise,5.1,crew_veh_h,L300_H425x3,5,0.0,0.0003695539788222124,L300_H425x4,0.00178,False
liu_short_baseline,piecewise,5.1,crew_team_h,L300_H425x3,5,0.0,0.0003695539788222124,L300_H425x4,0.00178,False
liu_short_baseline,piecewise,5.1,shift_ot_h,L300_H425x3,5,0.0,0.002867720018367992,L300_H425x3,0.000676,True
liu_short_baseline,piecewise,6.364497,shift_h,L300_H425x2,5,0.01752577319587629,0.006589466862445992,L300_H425x2,0.006589,True
liu_short_baseline,piecewise,6.364497,crew_veh_h,L300_H425x3,5,0.0,0.001836932358560306,L300_H425x4,0.00026,False
liu_short_baseline,piecewise,6.364497,crew_team_h,L300_H425x3,5,0.0,0.001836932358560306,L300_H425x4,0.00026,False
liu_short_baseline,piecewise,6.364497,shift_ot_h,L300_H425x3,5,0.0,0.004070770336178198,L300_H425x3,0.001923,True
liu_short_baseline,piecewise,7.942513,shift_h,L300_H425x2,5,0.01752577319587629,0.008005656314639342,L300_H425x2,0.008006,True
liu_short_baseline,piecewise,7.942513,crew_veh_h,L300_H425x3,5,0.0,0.003564276352646223,L300_H425x3,0.001526,True
liu_short_baseline,piecewise,7.942513,crew_team_h,L300_H425x3,5,0.0,0.003564276352646223,L300_H425x3,0.001526,True
liu_short_baseline,piecewise,7.942513,shift_ot_h,L300_H425x3,5,0.0,0.0054987273809807835,L300_H425x3,0.003404,True
liu_short_baseline,piecewise,9.911784,shift_h,L300_H425x2,5,0.01752577319587629,0.009671207081994426,L300_H425x2,0.009671,True
liu_short_baseline,piecewise,9.911784,crew_veh_h,L300_H425x3,5,0.0,0.0055730980488117865,L300_H425x3,0.003604,True
liu_short_baseline,piecewise,9.911784,crew_team_h,L300_H425x3,5,0.0,0.0055730980488117865,L300_H425x3,0.003604,True
liu_short_baseline,piecewise,9.911784,shift_ot_h,L300_H425x3,5,0.0,0.007175601947043697,L300_H425x3,0.005144,True
liu_short_baseline,piecewise,12.369317,shift_h,L300_H425x2,5,0.01752577319587629,0.01160608086696957,L300_H425x2,0.011606,True
liu_short_baseline,piecewise,12.369317,crew_veh_h,L300_H425x3,5,0.0,0.00787653523880505,L300_H425x3,0.005987,True
liu_short_baseline,piecewise,12.369317,crew_team_h,L300_H425x3,5,0.0,0.00787653523880505,L300_H425x3,0.005987,True
liu_short_baseline,piecewise,12.369317,shift_ot_h,L300_H425x3,5,0.0,0.009120224392034082,L300_H425x3,0.007162,True
liu_short_baseline,piecewise,15.436172,shift_h,L300_H425x2,5,0.01752577319587629,0.013821969948089263,L300_H425x2,0.013822,True
liu_short_baseline,piecewise,15.436172,crew_veh_h,L300_H425x3,5,0.0,0.010475451804986768,L300_H425x3,0.008677,True
liu_short_baseline,piecewise,15.436172,crew_team_h,L300_H425x3,5,0.0,0.010475451804986768,L300_H425x3,0.008677,True
liu_short_baseline,piecewise,15.436172,shift_ot_h,L300_H425x3,5,0.0,0.011342793487621572,L300_H425x3,0.009469,True
liu_short_baseline,piecewise,19.263424,shift_h,L300_H425x2,5,0.01752577319587629,0.01631858129337238,L300_H425x2,0.016319,True
liu_short_baseline,piecewise,19.263424,crew_veh_h,L300_H425x3,5,0.0,0.013354818985844341,L300_H425x3,0.011658,True
liu_short_baseline,piecewise,19.263424,crew_team_h,L300_H425x3,5,0.0,0.010153577665152458,L300_H425x3,0.011658,True
liu_short_baseline,piecewise,19.263424,shift_ot_h,L300_H425x3,5,0.0,0.010174705380545435,L300_H425x3,0.009096,True
liu_short_baseline,piecewise,24.039607,shift_h,L300_H425x2,5,0.01752577319587629,0.0190802469698641,L300_H425x2,0.01908,True
liu_short_baseline,piecewise,24.039607,crew_veh_h,L300_H425x3,5,0.0,0.016481224850983134,L300_H425x3,0.014897,True
liu_short_baseline,piecewise,24.039607,crew_team_h,L300_H425x3,5,0.0,0.0053315070331085845,L300_H425x3,0.008141,True
liu_short_baseline,piecewise,24.039607,shift_ot_h,L300_H425x3,5,0.0,0.005873346931654755,L300_H425x3,0.004876,True
liu_short_baseline,piecewise,30.0,shift_h,L300_H425x2,5,0.01752577319587629,0.022073680112210115,L300_H425x2,0.022074,True
liu_short_baseline,piecewise,30.0,crew_veh_h,L300_H425x3,5,0.0,0.013239745733676145,L300_H425x3,0.017578,True
liu_short_baseline,piecewise,30.0,crew_team_h,L300_H425x3,5,0.0,0.00020900238985732678,L300_H425x3,0.002802,True
liu_short_baseline,piecewise,30.0,shift_ot_h,L300_H425x3,5,0.0,0.0012239704456595835,L300_H425x3,0.000312,True
liu_short_baseline,power_0.72,5.1,shift_h,L300_H425x2,5,0.01752577319587629,0.004472338783918284,L300_H425x2,0.004472,True
liu_short_baseline,power_0.72,5.1,crew_veh_h,L300_H425x4,5,0.0,0.0006958151199798479,L300_H425x4,0.002854,True
liu_short_baseline,power_0.72,5.1,crew_team_h,L300_H425x4,5,0.0,0.0006958151199798479,L300_H425x4,0.002854,True
liu_short_baseline,power_0.72,5.1,shift_ot_h,L300_H425x3,5,0.0,0.0019668131468968397,L300_H425x4,0.00023,False
liu_short_baseline,power_0.72,6.364497,shift_h,L300_H425x2,5,0.01752577319587629,0.005462834569216479,L300_H425x2,0.005463,True
liu_short_baseline,power_0.72,6.364497,crew_veh_h,L300_H425x3,5,0.0,0.0005487591850259488,L300_H425x4,0.001556,False
liu_short_baseline,power_0.72,6.364497,crew_team_h,L300_H425x3,5,0.0,0.0005487591850259488,L300_H425x4,0.001556,False
liu_short_baseline,power_0.72,6.364497,shift_ot_h,L300_H425x3,5,0.0,0.002975878205959237,L300_H425x3,0.000823,True
liu_short_baseline,power_0.72,7.942513,shift_h,L300_H425x2,5,0.01752577319587629,0.00664149895555366,L300_H425x2,0.006641,True
liu_short_baseline,power_0.72,7.942513,crew_veh_h,L300_H425x3,5,0.0,0.002016054514346166,L300_H425x4,2.8e-05,False
liu_short_baseline,power_0.72,7.942513,crew_team_h,L300_H425x3,5,0.0,0.002016054514346166,L300_H425x4,2.8e-05,False
liu_short_baseline,power_0.72,7.942513,shift_ot_h,L300_H425x3,5,0.0,0.004175589733098839,L300_H425x3,0.002075,True
liu_short_baseline,power_0.72,9.911784,shift_h,L300_H425x2,5,0.01752577319587629,0.00802979731599085,L300_H425x2,0.00803,True
liu_short_baseline,power_0.72,9.911784,crew_veh_h,L300_H425x3,5,0.0,0.0037262683729164525,L300_H425x3,0.00175,True
liu_short_baseline,power_0.72,9.911784,crew_team_h,L300_H425x3,5,0.0,0.0037262683729164525,L300_H425x3,0.00175,True
liu_short_baseline,power_0.72,9.911784,shift_ot_h,L300_H425x3,5,0.0,0.005587217417238444,L300_H425x3,0.003548,True
liu_short_baseline,power_0.72,12.369317,shift_h,L300_H425x2,5,0.01752577319587629,0.009645437956502079,L300_H425x2,0.009645,True
liu_short_baseline,power_0.72,12.369317,crew_veh_h,L300_H425x3,5,0.0,0.005692373366225523,L300_H425x3,0.003795,True
liu_short_baseline,power_0.72,12.369317,crew_team_h,L300_H425x3,5,0.0,0.005692373366225523,L300_H425x3,0.003795,True
liu_short_baseline,power_0.72,12.369317,shift_ot_h,L300_H425x3,5,0.0,0.007228021091597592,L300_H425x3,0.005261,True
liu_short_baseline,power_0.72,15.436172,shift_h,L300_H425x2,5,0.01752577319587629,0.01149950506708275,L300_H425x2,0.0115,True
liu_short_baseline,power_0.72,15.436172,crew_veh_h,L300_H425x3,5,0.0,0.00791721534880141,L300_H425x3,0.006109,True
liu_short_baseline,power_0.72,15.436172,crew_team_h,L300_H425x3,5,0.0,0.00791721534880141,L300_H425x3,0.006109,True
liu_short_baseline,power_0.72,15.436172,shift_ot_h,L300_H425x3,5,0.0,0.009108336524578764,L300_H425x3,0.007224,True
liu_short_baseline,power_0.72,19.263424,shift_h,L300_H425x2,5,0.01752577319587629,0.013593302112331784,L300_H425x2,0.013593,True
liu_short_baseline,power_0.72,19.263424,crew_veh_h,L300_H425x3,5,0.0,0.010390263484044704,L300_H425x3,0.008683,True
liu_short_baseline,power_0.72,19.263424,crew_team_h,L300_H425x3,5,0.0,0.010390263484044704,L300_H425x3,0.008683,True
liu_short_baseline,power_0.72,19.263424,shift_ot_h,L300_H425x3,5,0.0,0.011228406396402768,L300_H425x3,0.009439,True
liu_short_baseline,power_0.72,24.039607,shift_h,L300_H425x2,5,0.01752577319587629,0.0159153911330272,L300_H425x2,0.015915,True
liu_short_baseline,power_0.72,24.039607,crew_veh_h,L300_H425x3,5,0.0,0.013085207969709023,L300_H425x3,0.01149,True
liu_short_baseline,power_0.72,24.039607,crew_team_h,L300_H425x3,5,0.0,0.00902883950901412,L300_H425x3,0.01149,True
liu_short_baseline,power_0.72,24.039607,shift_ot_h,L300_H425x3,5,0.0,0.009172121221678875,L300_H425x3,0.008153,True
liu_short_baseline,power_0.72,30.0,shift_h,L300_H425x2,5,0.01752577319587629,0.01843950719958687,L300_H425x2,0.01844,True
liu_short_baseline,power_0.72,30.0,crew_veh_h,L300_H425x3,5,0.0,0.01595920380131699,L300_H425x3,0.014484,True
liu_short_baseline,power_0.72,30.0,crew_team_h,L300_H425x3,5,0.0,0.004369334995155683,L300_H425x3,0.006991,True
liu_short_baseline,power_0.72,30.0,shift_ot_h,L300_H425x3,5,0.0,0.004975858249621101,L300_H425x3,0.004041,True
liu_short_baseline,power_0.84,5.1,shift_h,L300_H425x2,5,0.01752577319587629,0.005385433732847833,L300_H425x2,0.005385,True
liu_short_baseline,power_0.84,5.1,crew_veh_h,L300_H425x3,5,0.0,0.0003567030611453248,L300_H425x4,0.001793,False
liu_short_baseline,power_0.84,5.1,crew_team_h,L300_H425x3,5,0.0,0.0003567030611453248,L300_H425x4,0.001793,False
liu_short_baseline,power_0.84,5.1,shift_ot_h,L300_H425x3,5,0.0,0.0028562511636094357,L300_H425x3,0.000665,True
liu_short_baseline,power_0.84,6.364497,shift_h,L300_H425x2,5,0.01752577319587629,0.006574008920133156,L300_H425x2,0.006574,True
liu_short_baseline,power_0.84,6.364497,crew_veh_h,L300_H425x3,5,0.0,0.0018209083766869139,L300_H425x4,0.000276,False
liu_short_baseline,power_0.84,6.364497,crew_team_h,L300_H425x3,5,0.0,0.0018209083766869139,L300_H425x4,0.000276,False
liu_short_baseline,power_0.84,6.364497,shift_ot_h,L300_H425x3,5,0.0,0.004056493237495351,L300_H425x3,0.001909,True
liu_short_baseline,power_0.84,7.942513,shift_h,L300_H425x2,5,0.01752577319587629,0.007986432320754355,L300_H425x2,0.007986,True
liu_short_baseline,power_0.84,7.942513,crew_veh_h,L300_H425x3,5,0.0,0.00354433343634164,L300_H425x3,0.001507,True
liu_short_baseline,power_0.84,7.942513,crew_team_h,L300_H425x3,5,0.0,0.00354433343634164,L300_H425x3,0.001507,True
liu_short_baseline,power_0.84,7.942513,shift_ot_h,L300_H425x3,5,0.0,0.00548098387950291,L300_H425x3,0.003387,True
liu_short_baseline,power_0.84,9.911784,shift_h,L300_H425x2,5,0.01752577319587629,0.009647353036294382,L300_H425x2,0.009647,True
liu_short_baseline,power_0.84,9.911784,crew_veh_h,L300_H425x3,5,0.0,0.00554834776687807,L300_H425x3,0.00358,True
liu_short_baseline,power_0.84,9.911784,crew_team_h,L300_H425x3,5,0.0,0.00554834776687807,L300_H425x3,0.00358,True
liu_short_baseline,power_0.84,9.911784,shift_ot_h,L300_H425x3,5,0.0,0.007153603275584786,L300_H425x3,0.005123,True
liu_short_baseline,power_0.84,12.369317,shift_h,L300_H425x2,5,0.01752577319587629,0.011576575497916242,L300_H425x2,0.011577,True
liu_short_baseline,power_0.84,12.369317,crew_veh_h,L300_H425x3,5,0.0,0.007845941970023418,L300_H425x3,0.005957,True
liu_short_baseline,power_0.84,12.369317,crew_team_h,L300_H425x3,5,0.0,0.007845941970023418,L300_H425x3,0.005957,True
liu_short_baseline,power_0.84,12.369317,shift_ot_h,L300_H425x3,5,0.0,0.009093041587291184,L300_H425x3,0.007135,True
liu_short_baseline,power_0.84,15.436172,shift_h,L300_H425x2,5,0.01752577319587629,0.013785632668247949,L300_H425x2,0.013786,True
liu_short_baseline,power_0.84,15.436172,crew_veh_h,L300_H425x3,5,0.0,0.0104378421111877,L300_H425x3,0.00864,True
liu_short_baseline,power_0.84,15.436172,crew_team_h,L300_H425x3,5,0.0,0.0104378421111877,L300_H425x3,0.00864,True
liu_short_baseline,power_0.84,15.436172,shift_ot_h,L300_H425x3,5,0.0,0.011309357466284364,L300_H425x3,0.009436,True
liu_short_baseline,power_0.84,19.263424,shift_h,L300_H425x2,5,0.01752577319587629,0.016274086463701876,L300_H425x2,0.016274,True
liu_short_baseline,power_0.84,19.263424,crew_veh_h,L300_H425x3,5,0.0,0.01330891102237275,L300_H425x3,0.011613,True
liu_short_baseline,power_0.84,19.263424,crew_team_h,L300_H425x3,5,0.0,0.010183963339440494,L300_H425x3,0.011613,True
liu_short_baseline,power_0.84,19.263424,shift_ot_h,L300_H425x3,5,0.0,0.010201564858380863,L300_H425x3,0.009124,True
liu_short_baseline,power_0.84,24.039607,shift_h,L300_H425x2,5,0.01752577319587629,0.0190261607766391,L300_H425x2,0.019026,True
liu_short_baseline,power_0.84,24.039607,crew_veh_h,L300_H425x3,5,0.0,0.016425682265741814,L300_H425x3,0.014843,True
liu_short_baseline,power_0.84,24.039607,crew_team_h,L300_H425x3,5,0.0,0.005370374133381484,L300_H425x3,0.008178,True
liu_short_baseline,power_0.84,24.039607,shift_ot_h,L300_H425x3,5,0.0,0.005907639465074999,L300_H425x3,0.004911,True
liu_short_baseline,power_0.84,30.0,shift_h,L300_H425x2,5,0.01752577319587629,0.022008524279811814,L300_H425x2,0.022009,True
liu_short_baseline,power_0.84,30.0,crew_veh_h,L300_H425x3,5,0.0,0.013277318264914406,L300_H425x3,0.017612,True
liu_short_baseline,power_0.84,30.0,crew_team_h,L300_H425x3,5,0.0,0.0002579787644791942,L300_H425x3,0.002848,True
liu_short_baseline,power_0.84,30.0,shift_ot_h,L300_H425x3,5,0.0,0.0012672428647264589,L300_H425x3,0.000356,True
liu_short_baseline,power_0.96,5.1,shift_h,L300_H425x2,5,0.01752577319587629,0.006352731671953604,L300_H425x2,0.006353,True
liu_short_baseline,power_0.96,5.1,crew_veh_h,L300_H425x3,5,0.0,0.0014676130002182486,L300_H425x4,0.000674,False
liu_short_baseline,power_0.96,5.1,crew_team_h,L300_H425x3,5,0.0,0.0014676130002182486,L300_H425x4,0.000674,False
liu_short_baseline,power_0.96,5.1,shift_ot_h,L300_H425x3,5,0.0,0.0037967889378680564,L300_H425x3,0.00161,True
liu_short_baseline,power_0.96,6.364497,shift_h,L300_H425x2,5,0.01752577319587629,0.007749708676134448,L300_H425x2,0.00775,True
liu_short_baseline,power_0.96,6.364497,crew_veh_h,L300_H425x3,5,0.0,0.0031618222384428574,L300_H425x3,0.001071,True
liu_short_baseline,power_0.96,6.364497,crew_team_h,L300_H425x3,5,0.0,0.0031618222384428574,L300_H425x3,0.001071,True
liu_short_baseline,power_0.96,6.364497,shift_ot_h,L300_H425x3,5,0.0,0.005197383748632767,L300_H425x3,0.003056,True
liu_short_baseline,power_0.96,7.942513,shift_h,L300_H425x2,5,0.01752577319587629,0.009407403736994002,L300_H425x2,0.009407,True
liu_short_baseline,power_0.96,7.942513,crew_veh_h,L300_H425x3,5,0.0,0.005151795594121822,L300_H425x3,0.003121,True
liu_short_baseline,power_0.96,7.942513,crew_team_h,L300_H425x3,5,0.0,0.005151795594121822,L300_H425x3,0.003121,True
liu_short_baseline,power_0.96,7.942513,shift_ot_h,L300_H425x3,5,0.0,0.006856605412259631,L300_H425x3,0.00477,True
liu_short_baseline,power_0.96,9.911784,shift_h,L300_H425x2,5,0.01752577319587629,0.011353450394185893,L300_H425x2,0.011353,True
liu_short_baseline,power_0.96,9.911784,crew_veh_h,L300_H425x3,5,0.0,0.007460097154954326,L300_H425x3,0.005499,True
liu_short_baseline,power_0.96,9.911784,crew_team_h,L300_H425x3,5,0.0,0.007460097154954326,L300_H425x3,0.005499,True
liu_short_baseline,power_0.96,9.911784,shift_ot_h,L300_H425x3,5,0.0,0.008800623298516275,L300_H425x3,0.006778,True
liu_short_baseline,power_0.96,12.369317,shift_h,L300_H425x2,5,0.01752577319587629,0.013609394803194563,L300_H425x2,0.013609,True
liu_short_baseline,power_0.96,12.369317,crew_veh_h,L300_H425x3,5,0.0,0.010099099447677506,L300_H425x3,0.00822,True
liu_short_baseline,power_0.96,12.369317,crew_team_h,L300_H425x3,5,0.0,0.010099099447677506,L300_H425x3,0.00822,True
liu_short_baseline,power_0.96,12.369317,shift_ot_h,L300_H425x3,5,0.0,0.01104906762207758,L300_H425x3,0.009101,True
liu_short_baseline,power_0.96,15.436172,shift_h,L300_H425x2,5,0.01752577319587629,0.0161866937195283,L300_H425x2,0.016187,True
liu_short_baseline,power_0.96,15.436172,crew_veh_h,L300_H425x3,5,0.0,0.013066622251764581,L300_H425x3,0.011279,True
liu_short_baseline,power_0.96,15.436172,crew_team_h,L300_H425x3,5,0.0,0.011712774168635587,L300_H425x3,0.011279,True
liu_short_baseline,power_0.96,15.436172,shift_ot_h,L300_H425x3,5,0.0,0.011545919870127541,L300_H425x3,0.010412,True
liu_short_baseline,power_0.96,19.263424,shift_h,L300_H425x2,5,0.01752577319587629,0.019082483168063602,L300_H425x2,0.019082,True
liu_short_baseline,power_0.96,19.263424,crew_veh_h,L300_H425x3,5,0.0,0.016342052050193123,L300_H425x3,0.014658,True
liu_short_baseline,power_0.96,19.263424,crew_team_h,L300_H425x3,5,0.0,0.006848008434163555,L300_H425x3,0.009829,True
liu_short_baseline,power_0.96,19.263424,shift_ot_h,L300_H425x3,5,0.0,0.007246781382575618,L300_H425x3,0.00619,True
liu_short_baseline,power_0.96,24.039607,shift_h,L300_H425x2,5,0.01752577319587629,0.02227585362185791,L300_H425x2,0.022276,True
liu_short_baseline,power_0.96,24.039607,crew_veh_h,L300_H425x3,5,0.0,0.015568974987834716,L300_H425x3,0.018314,True
liu_short_baseline,power_0.96,24.039607,crew_team_h,L300_H425x3,5,0.0,0.0015875176932771407,L300_H425x3,0.004365,True
liu_short_baseline,power_0.96,24.039607,shift_ot_h,L300_H425x3,5,0.0,0.002521470029791084,L300_H425x3,0.001547,True
liu_short_baseline,power_0.96,30.0,shift_h,L300_H425x2,5,0.01752577319587629,0.025725589681650618,L300_H425x2,0.025726,True
liu_short_baseline,power_0.96,30.0,crew_veh_h,L300_H425x3,5,0.0,0.008821661816966087,L300_H425x3,0.013095,True
liu_short_baseline,power_0.96,30.0,crew_team_h,L300_H425x2,5,0.01752577319587629,0.003992057803666738,L300_H425x2,0.00142,True
liu_short_baseline,power_0.96,30.0,shift_ot_h,L300_H425x2,5,0.01752577319587629,0.0025714721722900347,L300_H425x2,0.003465,True
liu_massdep_baseline,affine,5.1,shift_h,425,8,0.0,0.014720251274813467,425,0.01472,True
liu_massdep_baseline,affine,5.1,crew_veh_h,425,8,0.0,0.01582974444492713,425,0.015795,True
liu_massdep_baseline,affine,5.1,crew_team_h,425,8,0.0,0.01582974444492713,425,0.015795,True
liu_massdep_baseline,affine,5.1,shift_ot_h,425,8,0.0,0.014273294941951509,425,0.01427,True
liu_massdep_baseline,affine,6.364497,shift_h,425,8,0.0,0.017916956583133636,425,0.017917,True
liu_massdep_baseline,affine,6.364497,crew_veh_h,425,8,0.0,0.01923164324390192,425,0.01919,True
liu_massdep_baseline,affine,6.364497,crew_team_h,425,8,0.0,0.01923164324390192,425,0.01919,True
liu_massdep_baseline,affine,6.364497,shift_ot_h,425,8,0.0,0.01738595651470143,425,0.017382,True
liu_massdep_baseline,affine,7.942513,shift_h,425,8,0.0,0.02169169628512191,425,0.021692,True
liu_massdep_baseline,affine,7.942513,crew_veh_h,425,8,0.0,0.023232461547364025,425,0.023184,True
liu_massdep_baseline,affine,7.942513,crew_team_h,425,8,0.0,0.023232461547364025,425,0.023184,True
liu_massdep_baseline,affine,7.942513,shift_ot_h,425,8,0.0,0.021067467614315216,425,0.021063,True
liu_massdep_baseline,affine,9.911784,shift_h,425,8,0.0,0.02609753227479672,425,0.026098,True
liu_massdep_baseline,affine,9.911784,crew_veh_h,425,8,0.0,0.027880106941130745,425,0.027824,True
liu_massdep_baseline,affine,9.911784,crew_team_h,425,8,0.0,0.027880106941130745,425,0.027824,True
liu_massdep_baseline,affine,9.911784,shift_ot_h,425,8,0.0,0.025372744488245225,425,0.025368,True
liu_massdep_baseline,affine,12.369317,shift_h,425,8,0.0,0.03117081525734644,425,0.031171,True
liu_massdep_baseline,affine,12.369317,crew_veh_h,425,8,0.0,0.03320261259029156,425,0.033139,True
liu_massdep_baseline,affine,12.369317,crew_team_h,425,8,0.0,0.03320261259029156,425,0.033139,True
liu_massdep_baseline,affine,12.369317,shift_ot_h,425,8,0.0,0.030341285015566877,425,0.030336,True
liu_massdep_baseline,affine,15.436172,shift_h,425,8,0.0,0.03692237112421726,425,0.036922,True
liu_massdep_baseline,affine,15.436172,crew_veh_h,425,8,0.0,0.03919921379336122,425,0.039128,True
liu_massdep_baseline,affine,15.436172,crew_team_h,425,8,0.0,0.03919921379336122,425,0.039128,True
liu_massdep_baseline,affine,15.436172,shift_ot_h,425,8,0.0,0.035988452653178404,425,0.035982,True
liu_massdep_baseline,affine,19.263424,shift_h,425,8,0.0,0.04332886836011407,425,0.043329,True
liu_massdep_baseline,affine,19.263424,crew_veh_h,425,8,0.0,0.045832211337184514,425,0.045755,True
liu_massdep_baseline,affine,19.263424,crew_team_h,425,8,0.0,0.045832211337184514,425,0.045755,True
liu_massdep_baseline,affine,19.263424,shift_ot_h,425,8,0.0,0.04229671018063552,425,0.04229,True
liu_massdep_baseline,affine,24.039607,shift_h,425,8,0.0,0.050326178597214444,425,0.050326,True
liu_massdep_baseline,affine,24.039607,crew_veh_h,425,8,0.0,0.05302158968937509,425,0.052938,True
liu_massdep_baseline,affine,24.039607,crew_team_h,425,8,0.0,0.05302158968937509,425,0.052938,True
liu_massdep_baseline,affine,24.039607,shift_ot_h,425,8,0.0,0.049208536274493175,425,0.049201,True
liu_massdep_baseline,affine,30.0,shift_h,425,8,0.0,0.057806822783515566,425,0.057807,True
liu_massdep_baseline,affine,30.0,crew_veh_h,425,8,0.0,0.06064444484638298,425,0.060557,True
liu_massdep_baseline,affine,30.0,crew_team_h,425,8,0.0,0.06064444484638298,425,0.060557,True
liu_massdep_baseline,affine,30.0,shift_ot_h,425,8,0.0,0.0566231072386727,425,0.056615,True
liu_massdep_baseline,piecewise,5.1,shift_h,425,8,0.0,0.015935481591964784,425,0.015935,True
liu_massdep_baseline,piecewise,5.1,crew_veh_h,425,8,0.0,0.01713322397956163,425,0.017096,True
liu_massdep_baseline,piecewise,5.1,crew_team_h,425,8,0.0,0.01713322397956163,425,0.017096,True
liu_massdep_baseline,piecewise,5.1,shift_ot_h,425,8,0.0,0.015452842138494516,425,0.01545,True
liu_massdep_baseline,piecewise,6.364497,shift_h,425,8,0.0,0.019385186456014836,425,0.019385,True
liu_massdep_baseline,piecewise,6.364497,crew_veh_h,425,8,0.0,0.020802797098432135,425,0.020758,True
liu_massdep_baseline,piecewise,6.364497,crew_team_h,425,8,0.0,0.020802797098432135,425,0.020758,True
liu_massdep_baseline,piecewise,6.364497,shift_ot_h,425,8,0.0,0.018812429665828523,425,0.018809,True
liu_massdep_baseline,piecewise,7.942513,shift_h,425,8,0.0,0.023453682577825985,425,0.023454,True
liu_massdep_baseline,piecewise,7.942513,crew_veh_h,425,8,0.0,0.025112801724249678,425,0.025061,True
liu_massdep_baseline,piecewise,7.942513,crew_team_h,425,8,0.0,0.025112801724249678,425,0.025061,True
liu_massdep_baseline,piecewise,7.942513,shift_ot_h,425,8,0.0,0.022781247989013265,425,0.022777,True
liu_massdep_baseline,piecewise,9.911784,shift_h,425,8,0.0,0.02819556577963689,425,0.028196,True
liu_massdep_baseline,piecewise,9.911784,crew_veh_h,425,8,0.0,0.030112018746121683,425,0.030052,True
liu_massdep_baseline,piecewise,9.911784,crew_team_h,425,8,0.0,0.030112018746121683,425,0.030052,True
liu_massdep_baseline,piecewise,9.911784,shift_ot_h,425,8,0.0,0.02741600044788628,425,0.027411,True
liu_massdep_baseline,piecewise,12.369317,shift_h,425,8,0.0,0.03364672284226122,425,0.033647,True
liu_massdep_baseline,piecewise,12.369317,crew_veh_h,425,8,0.0,0.03582713420170314,425,0.035759,True
liu_massdep_baseline,piecewise,12.369317,crew_team_h,425,8,0.0,0.03582713420170314,425,0.035759,True
liu_massdep_baseline,piecewise,12.369317,shift_ot_h,425,8,0.0,0.03275607035266348,425,0.03275,True
liu_massdep_baseline,piecewise,15.436172,shift_h,425,8,0.0,0.03981494684782172,425,0.039815,True
liu_massdep_baseline,piecewise,15.436172,crew_veh_h,425,8,0.0,0.04225329927082666,425,0.042178,True
liu_massdep_baseline,piecewise,15.436172,crew_team_h,425,8,0.0,0.04225329927082666,425,0.042178,True
liu_massdep_baseline,piecewise,15.436172,shift_ot_h,425,8,0.0,0.03881421710787292,425,0.038808,True
liu_massdep_baseline,piecewise,19.263424,shift_h,425,8,0.0,0.04667093360776953,425,0.046671,True
liu_massdep_baseline,piecewise,19.263424,crew_veh_h,425,8,0.0,0.049345737573393667,425,0.049263,True
liu_massdep_baseline,piecewise,19.263424,crew_team_h,425,8,0.0,0.049345737573393667,425,0.049263,True
liu_massdep_baseline,piecewise,19.263424,shift_ot_h,425,8,0.0,0.0455673972105628,425,0.04556,True
liu_massdep_baseline,piecewise,24.039607,shift_h,425,8,0.0,0.05414163368349345,425,0.054142,True
liu_massdep_baseline,piecewise,24.039607,crew_veh_h,425,8,0.0,0.057014522284336344,425,0.056926,True
liu_massdep_baseline,piecewise,24.039607,crew_team_h,425,8,0.0,0.057014522284336344,425,0.056926,True
liu_massdep_baseline,piecewise,24.039607,shift_ot_h,425,8,0.0,0.05294960650135683,425,0.052942,True
liu_massdep_baseline,piecewise,30.0,shift_h,425,8,0.0,0.062108172537772566,425,0.062108,True
liu_massdep_baseline,piecewise,30.0,crew_veh_h,425,8,0.0,0.06512466546653917,425,0.065032,True
liu_massdep_baseline,piecewise,30.0,crew_team_h,425,8,0.0,0.06512466546653917,425,0.065032,True
liu_massdep_baseline,piecewise,30.0,shift_ot_h,425,8,0.0,0.060848957010536164,425,0.060841,True
liu_massdep_baseline,power_0.72,5.1,shift_h,425,8,0.0,0.012349076268830084,425,0.012349,True
liu_massdep_baseline,power_0.72,5.1,crew_veh_h,425,8,0.0,0.013282638127556368,425,0.013253,True
liu_massdep_baseline,power_0.72,5.1,crew_team_h,425,8,0.0,0.013282638127556368,425,0.013253,True
liu_massdep_baseline,power_0.72,5.1,shift_ot_h,425,8,0.0,0.011973104145718283,425,0.011971,True
liu_massdep_baseline,power_0.72,6.364497,shift_h,425,8,0.0,0.015039945955546141,425,0.01504,True
liu_massdep_baseline,power_0.72,6.364497,crew_veh_h,425,8,0.0,0.016147546665393975,425,0.016113,True
liu_massdep_baseline,power_0.72,6.364497,crew_team_h,425,8,0.0,0.016147546665393975,425,0.016113,True
liu_massdep_baseline,power_0.72,6.364497,shift_ot_h,425,8,0.0,0.014592743927650087,425,0.01459,True
liu_massdep_baseline,power_0.72,7.942513,shift_h,425,8,0.0,0.01822158102609417,425,0.018222,True
liu_massdep_baseline,power_0.72,7.942513,crew_veh_h,425,8,0.0,0.019521562453485464,425,0.019481,True
liu_massdep_baseline,power_0.72,7.942513,crew_team_h,425,8,0.0,0.019521562453485464,425,0.019481,True
liu_massdep_baseline,power_0.72,7.942513,shift_ot_h,425,8,0.0,0.017695120017640065,425,0.017692,True
liu_massdep_baseline,power_0.72,9.911784,shift_h,425,8,0.0,0.02194091255046393,425,0.021941,True
liu_massdep_baseline,power_0.72,9.911784,crew_veh_h,425,8,0.0,0.02344749821133396,425,0.0234,True
liu_massdep_baseline,power_0.72,9.911784,crew_team_h,425,8,0.0,0.02344749821133396,425,0.0234,True
liu_massdep_baseline,power_0.72,9.911784,shift_ot_h,425,8,0.0,0.021328632026143657,425,0.021325,True
liu_massdep_baseline,power_0.72,12.369317,shift_h,425,8,0.0,0.026231397446737637,425,0.026231,True
liu_massdep_baseline,power_0.72,12.369317,crew_veh_h,425,8,0.0,0.027952010551329565,425,0.027898,True
liu_massdep_baseline,power_0.72,12.369317,crew_team_h,425,8,0.0,0.027952010551329565,425,0.027898,True
liu_massdep_baseline,power_0.72,12.369317,shift_ot_h,425,8,0.0,0.02552929714680441,425,0.025525,True
liu_massdep_baseline,power_0.72,15.436172,shift_h,425,8,0.0,0.031105504394480565,425,0.031106,True
liu_massdep_baseline,power_0.72,15.436172,crew_veh_h,425,8,0.0,0.03303794018658546,425,0.032978,True
liu_massdep_baseline,power_0.72,15.436172,crew_team_h,425,8,0.0,0.03303794018658546,425,0.032978,True
liu_massdep_baseline,power_0.72,15.436172,shift_ot_h,425,8,0.0,0.030313338741070783,425,0.030308,True
liu_massdep_baseline,power_0.72,19.263424,shift_h,425,8,0.0,0.036547194210421186,425,0.036547,True
liu_massdep_baseline,power_0.72,19.263424,crew_veh_h,425,8,0.0,0.03867714425974045,425,0.038611,True
liu_massdep_baseline,power_0.72,19.263424,crew_team_h,425,8,0.0,0.03867714425974045,425,0.038611,True
liu_massdep_baseline,power_0.72,19.263424,shift_ot_h,425,8,0.0,0.035669581000276285,425,0.035664,True
liu_massdep_baseline,power_0.72,24.039607,shift_h,425,8,0.0,0.04250589877576649,425,0.042506,True
liu_massdep_baseline,power_0.72,24.039607,crew_veh_h,425,8,0.0,0.04480547261220047,425,0.044734,True
liu_massdep_baseline,power_0.72,24.039607,crew_team_h,425,8,0.0,0.04480547261220047,425,0.044734,True
liu_massdep_baseline,power_0.72,24.039607,shift_ot_h,425,8,0.0,0.04155308142570502,425,0.041547,True
liu_massdep_baseline,power_0.72,30.0,shift_h,425,8,0.0,0.048893792001764025,425,0.048894,True
liu_massdep_baseline,power_0.72,30.0,crew_veh_h,425,8,0.0,0.05132167497978313,425,0.051247,True
liu_massdep_baseline,power_0.72,30.0,crew_team_h,425,8,0.0,0.05132167497978313,425,0.051247,True
liu_massdep_baseline,power_0.72,30.0,shift_ot_h,425,8,0.0,0.047881776171231794,425,0.047875,True
liu_massdep_baseline,power_0.84,5.1,shift_h,425,8,0.0,0.0152805174146593,425,0.015281,True
liu_massdep_baseline,power_0.84,5.1,crew_veh_h,425,8,0.0,0.016428815034665645,425,0.016393,True
liu_massdep_baseline,power_0.84,5.1,crew_team_h,425,8,0.0,0.016428815034665645,425,0.016393,True
liu_massdep_baseline,power_0.84,5.1,shift_ot_h,425,8,0.0,0.014817793558982162,425,0.014815,True
liu_massdep_baseline,power_0.84,6.364497,shift_h,425,8,0.0,0.018587730922017043,425,0.018588,True
liu_massdep_baseline,power_0.84,6.364497,crew_veh_h,425,8,0.0,0.01994671389367353,425,0.019904,True
liu_massdep_baseline,power_0.84,6.364497,crew_team_h,425,8,0.0,0.01994671389367353,425,0.019904,True
liu_massdep_baseline,power_0.84,6.364497,shift_ot_h,425,8,0.0,0.01803864943561928,425,0.018035,True
liu_massdep_baseline,power_0.84,7.942513,shift_h,425,8,0.0,0.02248785387580532,425,0.022488,True
liu_massdep_baseline,power_0.84,7.942513,crew_veh_h,425,8,0.0,0.02407821085332018,425,0.024028,True
liu_massdep_baseline,power_0.84,7.942513,crew_team_h,425,8,0.0,0.02407821085332018,425,0.024028,True
liu_massdep_baseline,power_0.84,7.942513,shift_ot_h,425,8,0.0,0.02184327180569734,425,0.021839,True
liu_massdep_baseline,power_0.84,9.911784,shift_h,425,8,0.0,0.027033055747785584,425,0.027033,True
liu_massdep_baseline,power_0.84,9.911784,crew_veh_h,425,8,0.0,0.028869884624233233,425,0.028812,True
liu_massdep_baseline,power_0.84,9.911784,crew_team_h,425,8,0.0,0.028869884624233233,425,0.028812,True
liu_massdep_baseline,power_0.84,9.911784,shift_ot_h,425,8,0.0,0.026285857366264542,425,0.026281,True
liu_massdep_baseline,power_0.84,12.369317,shift_h,425,8,0.0,0.032257527101905215,425,0.032258,True
liu_massdep_baseline,power_0.84,12.369317,crew_veh_h,425,8,0.0,0.03434709100218303,425,0.034282,True
liu_massdep_baseline,power_0.84,12.369317,crew_team_h,425,8,0.0,0.03434709100218303,425,0.034282,True
liu_massdep_baseline,power_0.84,12.369317,shift_ot_h,425,8,0.0,0.03140395508477112,425,0.031398,True
liu_massdep_baseline,power_0.84,15.436172,shift_h,425,8,0.0,0.03816849117612131,425,0.038168,True
liu_massdep_baseline,power_0.84,15.436172,crew_veh_h,425,8,0.0,0.04050492545813511,425,0.040432,True
liu_massdep_baseline,power_0.84,15.436172,crew_team_h,425,8,0.0,0.04050492545813511,425,0.040432,True
liu_massdep_baseline,power_0.84,15.436172,shift_ot_h,425,8,0.0,0.03720955364041423,425,0.037203,True
liu_massdep_baseline,power_0.84,19.263424,shift_h,425,8,0.0,0.04473759272825251,425,0.044738,True
liu_massdep_baseline,power_0.84,19.263424,crew_veh_h,425,8,0.0,0.04730020243261257,425,0.047221,True
liu_massdep_baseline,power_0.84,19.263424,crew_team_h,425,8,0.0,0.04730020243261257,425,0.047221,True
liu_massdep_baseline,power_0.84,19.263424,shift_ot_h,425,8,0.0,0.043680300095515046,425,0.043673,True
liu_massdep_baseline,power_0.84,24.039607,shift_h,425,8,0.0,0.05189455811380861,425,0.051895,True
liu_massdep_baseline,power_0.84,24.039607,crew_veh_h,425,8,0.0,0.05464648586659737,425,0.054562,True
liu_massdep_baseline,power_0.84,24.039607,crew_team_h,425,8,0.0,0.05464648586659737,425,0.054562,True
liu_massdep_baseline,power_0.84,24.039607,shift_ot_h,425,8,0.0,0.0507526693398046,425,0.050745,True
liu_massdep_baseline,power_0.84,30.0,shift_h,425,8,0.0,0.0595252445701,425,0.059525,True
liu_massdep_baseline,power_0.84,30.0,crew_veh_h,425,8,0.0,0.062414219814658445,425,0.062325,True
liu_massdep_baseline,power_0.84,30.0,crew_team_h,425,8,0.0,0.062414219814658445,425,0.062325,True
liu_massdep_baseline,power_0.84,30.0,shift_ot_h,425,8,0.0,0.058319203809063414,425,0.058311,True
liu_massdep_baseline,power_0.96,5.1,shift_h,425,8,0.0,0.018517405188925418,425,0.018517,True
liu_massdep_baseline,power_0.96,5.1,crew_veh_h,425,8,0.0,0.019900258044324826,425,0.019857,True
liu_massdep_baseline,power_0.96,5.1,crew_team_h,425,8,0.0,0.019900258044324826,425,0.019857,True
liu_massdep_baseline,power_0.96,5.1,shift_ot_h,425,8,0.0,0.01795982231732096,425,0.017956,True
liu_massdep_baseline,power_0.96,6.364497,shift_h,425,8,0.0,0.02249689587528203,425,0.022497,True
liu_massdep_baseline,power_0.96,6.364497,crew_veh_h,425,8,0.0,0.024129231007412155,425,0.024078,True
liu_massdep_baseline,power_0.96,6.364497,crew_team_h,425,8,0.0,0.024129231007412155,425,0.024078,True
liu_massdep_baseline,power_0.96,6.364497,shift_ot_h,425,8,0.0,0.021836891538558945,425,0.021833,True
liu_massdep_baseline,power_0.96,7.942513,shift_h,425,8,0.0,0.027176993190682897,425,0.027177,True
liu_massdep_baseline,power_0.96,7.942513,crew_veh_h,425,8,0.0,0.029081429812581217,425,0.029022,True
liu_massdep_baseline,power_0.96,7.942513,crew_team_h,425,8,0.0,0.029081429812581217,425,0.029022,True
liu_massdep_baseline,power_0.96,7.942513,shift_ot_h,425,8,0.0,0.02640445820689874,425,0.026399,True
liu_massdep_baseline,power_0.96,9.911784,shift_h,425,8,0.0,0.0326137384520544,425,0.032614,True
liu_massdep_baseline,power_0.96,9.911784,crew_veh_h,425,8,0.0,0.034805557286705424,425,0.034737,True
liu_massdep_baseline,power_0.96,9.911784,crew_team_h,425,8,0.0,0.034805557286705424,425,0.034737,True
liu_massdep_baseline,power_0.96,9.911784,shift_ot_h,425,8,0.0,0.031721262241455994,425,0.031715,True
liu_massdep_baseline,power_0.96,12.369317,shift_h,425,8,0.0,0.0388399241128603,425,0.03884,True
liu_massdep_baseline,power_0.96,12.369317,crew_veh_h,425,8,0.0,0.04132325438909379,425,0.041246,True
liu_massdep_baseline,power_0.96,12.369317,crew_team_h,425,8,0.0,0.04132325438909379,425,0.041246,True
liu_massdep_baseline,power_0.96,12.369317,shift_ot_h,425,8,0.0,0.03782437290122975,425,0.037818,True
liu_massdep_baseline,power_0.96,15.436172,shift_h,425,8,0.0,0.045854655265022304,425,0.045855,True
liu_massdep_baseline,power_0.96,15.436172,crew_veh_h,425,8,0.0,0.04861876354339634,425,0.048533,True
liu_massdep_baseline,power_0.96,15.436172,crew_team_h,425,8,0.0,0.04861876354339634,425,0.048533,True
liu_massdep_baseline,power_0.96,15.436172,shift_ot_h,425,8,0.0,0.04471877854151618,425,0.044711,True
liu_massdep_baseline,power_0.96,19.263424,shift_h,425,8,0.0,0.05361383154694144,425,0.053614,True
liu_massdep_baseline,power_0.96,19.263424,crew_veh_h,425,8,0.0,0.0566303054605235,425,0.056537,True
liu_massdep_baseline,power_0.96,19.263424,crew_team_h,425,8,0.0,0.0566303054605235,425,0.056537,True
liu_massdep_baseline,power_0.96,19.263424,shift_ot_h,425,8,0.0,0.05236758675576758,425,0.052359,True
liu_massdep_baseline,power_0.96,24.039607,shift_h,425,8,0.0,0.06202385163809354,425,0.062024,True
liu_massdep_baseline,power_0.96,24.039607,crew_veh_h,425,8,0.0,0.06524558661221125,425,0.065146,True
liu_massdep_baseline,power_0.96,24.039607,crew_team_h,425,8,0.0,0.06524558661221125,425,0.065146,True
liu_massdep_baseline,power_0.96,24.039607,shift_ot_h,425,8,0.0,0.060685067263993586,425,0.060676,True
liu_massdep_baseline,power_0.96,30.0,shift_h,425,8,0.0,0.07094094402941997,425,0.070941,True
liu_massdep_baseline,power_0.96,30.0,crew_veh_h,425,8,0.0,0.07430368463826031,425,0.0742,True
liu_massdep_baseline,power_0.96,30.0,crew_team_h,425,8,0.0,0.07430368463826031,425,0.0742,True
liu_massdep_baseline,power_0.96,30.0,shift_ot_h,425,8,0.0,0.06953497280332388,425,0.069526,True
