series,cell,family,K,K_star,labour,L,coop_share,on_time
extraheavy_long_baseline_270,extraheavy_long_baseline,270,13,13,shift_h,832.0,0.31305841924398625,2773
extraheavy_long_baseline_270,extraheavy_long_baseline,270,13,13,shift_ot_h,870.9808888888889,0.31305841924398625,2814
extraheavy_long_baseline_270,extraheavy_long_baseline,270,13,13,crew_veh_h,782.7461851851851,0.31305841924398625,2773
extraheavy_long_baseline_270,extraheavy_long_baseline,270,13,13,crew_team_h,560.925,0.31305841924398625,2773
extraheavy_long_baseline_270,extraheavy_long_baseline,270,14,13,shift_h,896.0,0.31305841924398625,2822
extraheavy_long_baseline_270,extraheavy_long_baseline,270,14,13,shift_ot_h,920.62,0.31305841924398625,2893
extraheavy_long_baseline_270,extraheavy_long_baseline,270,14,13,crew_veh_h,775.5197407407409,0.31305841924398625,2822
extraheavy_long_baseline_270,extraheavy_long_baseline,270,14,13,crew_team_h,553.6985555555555,0.31305841924398625,2822
extraheavy_long_baseline_300,extraheavy_long_baseline,300,12,12,shift_h,768.0,0.19347079037800688,2787
extraheavy_long_baseline_300,extraheavy_long_baseline,300,12,12,shift_ot_h,792.4409444444444,0.19347079037800688,2880
extraheavy_long_baseline_300,extraheavy_long_baseline,300,12,12,crew_veh_h,686.1859999999998,0.19347079037800688,2787
extraheavy_long_baseline_300,extraheavy_long_baseline,300,12,12,crew_team_h,540.5217777777776,0.19347079037800688,2787
extraheavy_long_baseline_325,extraheavy_long_baseline,325,11,11,shift_h,704.0,0.18419243986254297,2770
extraheavy_long_baseline_325,extraheavy_long_baseline,325,11,11,shift_ot_h,738.7669999999999,0.18419243986254297,2798
extraheavy_long_baseline_325,extraheavy_long_baseline,325,11,11,crew_veh_h,673.1945925925924,0.18419243986254297,2770
extraheavy_long_baseline_325,extraheavy_long_baseline,325,11,11,crew_team_h,542.6775925925926,0.18419243986254297,2770
extraheavy_long_baseline_325,extraheavy_long_baseline,325,12,11,shift_h,768.0,0.18419243986254297,2848
extraheavy_long_baseline_325,extraheavy_long_baseline,325,12,11,shift_ot_h,787.5581666666667,0.18419243986254297,2891
extraheavy_long_baseline_325,extraheavy_long_baseline,325,12,11,crew_veh_h,665.3855185185183,0.18419243986254297,2848
extraheavy_long_baseline_325,extraheavy_long_baseline,325,12,11,crew_team_h,534.8685185185185,0.18419243986254297,2848
extraheavy_long_baseline_380,extraheavy_long_baseline,380,10,10,shift_h,640.0,0.1584192439862543,2769
extraheavy_long_baseline_380,extraheavy_long_baseline,380,10,10,shift_ot_h,680.6250555555556,0.1584192439862543,2769
extraheavy_long_baseline_380,extraheavy_long_baseline,380,10,10,crew_veh_h,632.9222592592595,0.1584192439862543,2769
extraheavy_long_baseline_380,extraheavy_long_baseline,380,10,10,crew_team_h,539.4137777777779,0.1584192439862543,2769
extraheavy_long_baseline_380,extraheavy_long_baseline,380,11,10,shift_h,704.0,0.1584192439862543,2866
extraheavy_long_baseline_380,extraheavy_long_baseline,380,11,10,shift_ot_h,725.7926111111111,0.1584192439862543,2896
extraheavy_long_baseline_380,extraheavy_long_baseline,380,11,10,crew_veh_h,623.5911111111112,0.1584192439862543,2866
extraheavy_long_baseline_380,extraheavy_long_baseline,380,11,10,crew_team_h,530.0826296296295,0.1584192439862543,2866
extraheavy_long_baseline_425,extraheavy_long_baseline,425,10,10,shift_h,640.0,0.14432989690721648,2765
extraheavy_long_baseline_425,extraheavy_long_baseline,425,10,10,shift_ot_h,668.6032777777777,0.14432989690721648,2847
extraheavy_long_baseline_425,extraheavy_long_baseline,425,10,10,crew_veh_h,610.2257407407408,0.14432989690721648,2765
extraheavy_long_baseline_425,extraheavy_long_baseline,425,10,10,crew_team_h,532.4091851851852,0.14432989690721648,2765
extraheavy_long_baseline_500,extraheavy_long_baseline,500,10,10,shift_h,640.0,0.10824742268041238,2859
extraheavy_long_baseline_500,extraheavy_long_baseline,500,10,10,shift_ot_h,660.7041111111112,0.10824742268041238,2903
extraheavy_long_baseline_500,extraheavy_long_baseline,500,10,10,crew_veh_h,581.7675925925926,0.10824742268041238,2859
extraheavy_long_baseline_500,extraheavy_long_baseline,500,10,10,crew_team_h,523.3937407407407,0.10824742268041238,2859
extraheavy_long_baseline_550,extraheavy_long_baseline,550,9,9,shift_h,576.0,0.09140893470790377,2773
extraheavy_long_baseline_550,extraheavy_long_baseline,550,9,9,shift_ot_h,611.7155555555555,0.09140893470790377,2773
extraheavy_long_baseline_550,extraheavy_long_baseline,550,9,9,crew_veh_h,578.6129629629631,0.09140893470790377,2773
extraheavy_long_baseline_550,extraheavy_long_baseline,550,9,9,crew_team_h,529.3687407407407,0.09140893470790377,2773
extraheavy_long_baseline_550,extraheavy_long_baseline,550,10,9,shift_h,640.0,0.09140893470790377,2900
extraheavy_long_baseline_550,extraheavy_long_baseline,550,10,9,shift_ot_h,658.6019444444445,0.09140893470790377,2906
extraheavy_long_baseline_550,extraheavy_long_baseline,550,10,9,crew_veh_h,567.919074074074,0.09140893470790377,2900
extraheavy_long_baseline_550,extraheavy_long_baseline,550,10,9,crew_team_h,518.6748518518518,0.09140893470790377,2900
extraheavy_long_baseline_MX1,extraheavy_long_baseline,MX1,12,12,shift_h,768.0,0.21855670103092784,2765
extraheavy_long_baseline_MX1,extraheavy_long_baseline,MX1,12,12,shift_ot_h,799.147,0.22164948453608246,2830
extraheavy_long_baseline_MX1,extraheavy_long_baseline,MX1,12,12,crew_veh_h,707.9765925925926,0.21855670103092784,2765
extraheavy_long_baseline_MX1,extraheavy_long_baseline,MX1,12,12,crew_team_h,551.3002222222223,0.22027491408934707,2767
extraheavy_long_baseline_MX1,extraheavy_long_baseline,MX1,13,12,shift_h,832.0,0.20824742268041238,2803
extraheavy_long_baseline_MX1,extraheavy_long_baseline,MX1,13,12,shift_ot_h,851.9376666666667,0.211340206185567,2890
extraheavy_long_baseline_MX1,extraheavy_long_baseline,MX1,13,12,crew_veh_h,699.0979259259261,0.20824742268041238,2803
extraheavy_long_baseline_MX1,extraheavy_long_baseline,MX1,13,12,crew_team_h,544.2442592592594,0.2120274914089347,2849
extraheavy_long_baseline_MX2,extraheavy_long_baseline,MX2,11,11,shift_h,704.0,0.1457044673539519,2765
extraheavy_long_baseline_MX2,extraheavy_long_baseline,MX2,11,11,shift_ot_h,731.5552222222223,0.1508591065292096,2831
extraheavy_long_baseline_MX2,extraheavy_long_baseline,MX2,11,11,crew_veh_h,642.1577777777778,0.1457044673539519,2765
extraheavy_long_baseline_MX2,extraheavy_long_baseline,MX2,11,11,crew_team_h,542.8899259259259,0.14879725085910653,2766
extraheavy_long_baseline_MX2,extraheavy_long_baseline,MX2,12,11,shift_h,768.0,0.13676975945017184,2767
extraheavy_long_baseline_MX2,extraheavy_long_baseline,MX2,12,11,shift_ot_h,787.3569444444445,0.14192439862542955,2892
extraheavy_long_baseline_MX2,extraheavy_long_baseline,MX2,12,11,crew_veh_h,633.6070740740741,0.13676975945017184,2767
extraheavy_long_baseline_MX2,extraheavy_long_baseline,MX2,12,11,crew_team_h,535.8246296296296,0.13986254295532646,2811
extraheavy_long_tight_270,extraheavy_long_tight,270,15,15,shift_h,960.0,0.31305841924398625,2765
extraheavy_long_tight_270,extraheavy_long_tight,270,15,15,shift_ot_h,967.2036111111111,0.31305841924398625,2770
extraheavy_long_tight_270,extraheavy_long_tight,270,15,15,crew_veh_h,783.8380370370372,0.31305841924398625,2765
extraheavy_long_tight_270,extraheavy_long_tight,270,15,15,crew_team_h,562.0168518518518,0.31305841924398625,2765
extraheavy_long_tight_270,extraheavy_long_tight,270,16,15,shift_h,1024.0,0.31305841924398625,2781
extraheavy_long_tight_270,extraheavy_long_tight,270,16,15,shift_ot_h,1027.7732222222223,0.31305841924398625,2828
extraheavy_long_tight_270,extraheavy_long_tight,270,16,15,crew_veh_h,774.7986296296298,0.31305841924398625,2781
extraheavy_long_tight_270,extraheavy_long_tight,270,16,15,crew_team_h,552.9774444444446,0.31305841924398625,2781
extraheavy_long_tight_300,extraheavy_long_tight,300,13,13,shift_h,832.0,0.19347079037800688,2765
extraheavy_long_tight_300,extraheavy_long_tight,300,13,13,shift_ot_h,839.9208333333333,0.19347079037800688,2774
extraheavy_long_tight_300,extraheavy_long_tight,300,13,13,crew_veh_h,693.9223333333334,0.19347079037800688,2765
extraheavy_long_tight_300,extraheavy_long_tight,300,13,13,crew_team_h,548.258111111111,0.19347079037800688,2765
extraheavy_long_tight_300,extraheavy_long_tight,300,14,13,shift_h,896.0,0.19347079037800688,2792
extraheavy_long_tight_300,extraheavy_long_tight,300,14,13,shift_ot_h,900.5578888888889,0.19347079037800688,2819
extraheavy_long_tight_300,extraheavy_long_tight,300,14,13,crew_veh_h,686.1024074074074,0.19347079037800688,2792
extraheavy_long_tight_300,extraheavy_long_tight,300,14,13,crew_team_h,540.438185185185,0.19347079037800688,2792
extraheavy_long_tight_325,extraheavy_long_tight,325,13,13,shift_h,832.0,0.18419243986254297,2767
extraheavy_long_tight_325,extraheavy_long_tight,325,13,13,shift_ot_h,837.5092222222222,0.18419243986254297,2784
extraheavy_long_tight_325,extraheavy_long_tight,325,13,13,crew_veh_h,672.4886296296294,0.18419243986254297,2767
extraheavy_long_tight_325,extraheavy_long_tight,325,13,13,crew_team_h,541.9716296296298,0.18419243986254297,2767
extraheavy_long_tight_325,extraheavy_long_tight,325,14,13,shift_h,896.0,0.18419243986254297,2834
extraheavy_long_tight_325,extraheavy_long_tight,325,14,13,shift_ot_h,899.7684444444444,0.18419243986254297,2818
extraheavy_long_tight_325,extraheavy_long_tight,325,14,13,crew_veh_h,666.2778518518517,0.18419243986254297,2834
extraheavy_long_tight_325,extraheavy_long_tight,325,14,13,crew_team_h,535.7608518518516,0.18419243986254297,2834
extraheavy_long_tight_380,extraheavy_long_tight,380,12,12,shift_h,768.0,0.1584192439862543,2765
extraheavy_long_tight_380,extraheavy_long_tight,380,12,12,shift_ot_h,773.393,0.1584192439862543,2772
extraheavy_long_tight_380,extraheavy_long_tight,380,12,12,crew_veh_h,631.2864814814815,0.1584192439862543,2765
extraheavy_long_tight_380,extraheavy_long_tight,380,12,12,crew_team_h,537.7779999999999,0.1584192439862543,2765
extraheavy_long_tight_380,extraheavy_long_tight,380,13,12,shift_h,832.0,0.1584192439862543,2838
extraheavy_long_tight_380,extraheavy_long_tight,380,13,12,shift_ot_h,835.5295555555556,0.1584192439862543,2846
extraheavy_long_tight_380,extraheavy_long_tight,380,13,12,crew_veh_h,624.8920370370369,0.1584192439862543,2838
extraheavy_long_tight_380,extraheavy_long_tight,380,13,12,crew_team_h,531.3835555555555,0.1584192439862543,2838
extraheavy_long_tight_425,extraheavy_long_tight,425,12,12,shift_h,768.0,0.14432989690721648,2818
extraheavy_long_tight_425,extraheavy_long_tight,425,12,12,shift_ot_h,772.3178888888889,0.14432989690721648,2808
extraheavy_long_tight_425,extraheavy_long_tight,425,12,12,crew_veh_h,610.933037037037,0.14432989690721648,2818
extraheavy_long_tight_425,extraheavy_long_tight,425,12,12,crew_team_h,533.1164814814815,0.14432989690721648,2818
extraheavy_long_tight_500,extraheavy_long_tight,500,11,11,shift_h,704.0,0.10824742268041238,2765
extraheavy_long_tight_500,extraheavy_long_tight,500,11,11,shift_ot_h,709.0427777777778,0.10824742268041238,2766
extraheavy_long_tight_500,extraheavy_long_tight,500,11,11,crew_veh_h,588.2254814814816,0.10824742268041238,2765
extraheavy_long_tight_500,extraheavy_long_tight,500,11,11,crew_team_h,529.8516296296297,0.10824742268041238,2765
extraheavy_long_tight_500,extraheavy_long_tight,500,12,11,shift_h,768.0,0.10824742268041238,2852
extraheavy_long_tight_500,extraheavy_long_tight,500,12,11,shift_ot_h,771.1897222222223,0.10824742268041238,2843
extraheavy_long_tight_500,extraheavy_long_tight,500,12,11,crew_veh_h,582.6644444444445,0.10824742268041238,2852
extraheavy_long_tight_500,extraheavy_long_tight,500,12,11,crew_team_h,524.2905925925925,0.10824742268041238,2852
extraheavy_long_tight_550,extraheavy_long_tight,550,11,11,shift_h,704.0,0.09140893470790377,2798
extraheavy_long_tight_550,extraheavy_long_tight,550,11,11,shift_ot_h,708.3211111111111,0.09140893470790377,2809
extraheavy_long_tight_550,extraheavy_long_tight,550,11,11,crew_veh_h,576.0979629629629,0.09140893470790377,2798
extraheavy_long_tight_550,extraheavy_long_tight,550,11,11,crew_team_h,526.8537407407408,0.09140893470790377,2798
extraheavy_long_tight_MX1,extraheavy_long_tight,MX1,14,14,shift_h,896.0,0.218213058419244,2765
extraheavy_long_tight_MX1,extraheavy_long_tight,MX1,14,14,shift_ot_h,902.1608333333334,0.22268041237113403,2776
extraheavy_long_tight_MX1,extraheavy_long_tight,MX1,14,14,crew_veh_h,713.180111111111,0.218213058419244,2765
extraheavy_long_tight_MX1,extraheavy_long_tight,MX1,14,14,crew_team_h,551.5681111111111,0.22061855670103092,2765
extraheavy_long_tight_MX1,extraheavy_long_tight,MX1,15,14,shift_h,960.0,0.21924398625429553,2802
extraheavy_long_tight_MX1,extraheavy_long_tight,MX1,15,14,shift_ot_h,963.4836666666666,0.2268041237113402,2833
extraheavy_long_tight_MX1,extraheavy_long_tight,MX1,15,14,crew_veh_h,709.6637777777776,0.21924398625429553,2802
extraheavy_long_tight_MX1,extraheavy_long_tight,MX1,15,14,crew_team_h,547.2659629629629,0.22439862542955327,2784
extraheavy_long_tight_MX2,extraheavy_long_tight,MX2,13,13,shift_h,832.0,0.15017182130584192,2765
extraheavy_long_tight_MX2,extraheavy_long_tight,MX2,13,13,shift_ot_h,837.3496666666666,0.15979381443298968,2773
extraheavy_long_tight_MX2,extraheavy_long_tight,MX2,13,13,crew_veh_h,653.2151481481483,0.15017182130584192,2765
extraheavy_long_tight_MX2,extraheavy_long_tight,MX2,13,13,crew_team_h,542.7235925925926,0.15601374570446735,2775
extraheavy_long_tight_MX2,extraheavy_long_tight,MX2,14,13,shift_h,896.0,0.14914089347079038,2790
extraheavy_long_tight_MX2,extraheavy_long_tight,MX2,14,13,shift_ot_h,899.5193888888889,0.16391752577319588,2844
extraheavy_long_tight_MX2,extraheavy_long_tight,MX2,14,13,crew_veh_h,650.2252592592594,0.14914089347079038,2790
extraheavy_long_tight_MX2,extraheavy_long_tight,MX2,14,13,crew_team_h,538.0733703703704,0.15601374570446735,2833
extraheavy_massdep_baseline_270,extraheavy_massdep_baseline,270,13,13,shift_h,832.0,0.31305841924398625,2766
extraheavy_massdep_baseline_270,extraheavy_massdep_baseline,270,13,13,shift_ot_h,869.6151111111111,0.31305841924398625,2774
extraheavy_massdep_baseline_270,extraheavy_massdep_baseline,270,13,13,crew_veh_h,766.5744814814815,0.31305841924398625,2766
extraheavy_massdep_baseline_270,extraheavy_massdep_baseline,270,13,13,crew_team_h,505.5434444444444,0.31305841924398625,2766
extraheavy_massdep_baseline_270,extraheavy_massdep_baseline,270,14,13,shift_h,896.0,0.31305841924398625,2846
extraheavy_massdep_baseline_270,extraheavy_massdep_baseline,270,14,13,shift_ot_h,917.6198888888889,0.31305841924398625,2877
extraheavy_massdep_baseline_270,extraheavy_massdep_baseline,270,14,13,crew_veh_h,758.0133703703704,0.31305841924398625,2846
extraheavy_massdep_baseline_270,extraheavy_massdep_baseline,270,14,13,crew_team_h,496.9823333333334,0.31305841924398625,2846
extraheavy_massdep_baseline_300,extraheavy_massdep_baseline,300,12,12,shift_h,768.0,0.19347079037800688,2805
extraheavy_massdep_baseline_300,extraheavy_massdep_baseline,300,12,12,shift_ot_h,792.792,0.19347079037800688,2837
extraheavy_massdep_baseline_300,extraheavy_massdep_baseline,300,12,12,crew_veh_h,670.0676666666667,0.19347079037800688,2805
extraheavy_massdep_baseline_300,extraheavy_massdep_baseline,300,12,12,crew_team_h,483.5715925925925,0.19347079037800688,2805
extraheavy_massdep_baseline_300,extraheavy_massdep_baseline,300,13,12,shift_h,832.0,0.19347079037800688,2890
extraheavy_massdep_baseline_300,extraheavy_massdep_baseline,300,13,12,shift_ot_h,845.8764444444445,0.19347079037800688,2891
extraheavy_massdep_baseline_300,extraheavy_massdep_baseline,300,13,12,crew_veh_h,663.9822222222222,0.19347079037800688,2890
extraheavy_massdep_baseline_300,extraheavy_massdep_baseline,300,13,12,crew_team_h,477.4861481481481,0.19347079037800688,2890
extraheavy_massdep_baseline_325,extraheavy_massdep_baseline,325,11,11,shift_h,704.0,0.18419243986254297,2765
extraheavy_massdep_baseline_325,extraheavy_massdep_baseline,325,11,11,shift_ot_h,737.2928333333333,0.18419243986254297,2767
extraheavy_massdep_baseline_325,extraheavy_massdep_baseline,325,11,11,crew_veh_h,652.5643333333333,0.18419243986254297,2765
extraheavy_massdep_baseline_325,extraheavy_massdep_baseline,325,11,11,crew_team_h,484.0292592592592,0.18419243986254297,2765
extraheavy_massdep_baseline_325,extraheavy_massdep_baseline,325,12,11,shift_h,768.0,0.18419243986254297,2811
extraheavy_massdep_baseline_325,extraheavy_massdep_baseline,325,12,11,shift_ot_h,786.4316111111111,0.18419243986254297,2874
extraheavy_massdep_baseline_325,extraheavy_massdep_baseline,325,12,11,crew_veh_h,647.4591481481481,0.18419243986254297,2811
extraheavy_massdep_baseline_325,extraheavy_massdep_baseline,325,12,11,crew_team_h,478.924074074074,0.18419243986254297,2811
extraheavy_massdep_baseline_380,extraheavy_massdep_baseline,380,10,10,shift_h,640.0,0.1584192439862543,2777
extraheavy_massdep_baseline_380,extraheavy_massdep_baseline,380,10,10,shift_ot_h,670.4070555555555,0.1584192439862543,2803
extraheavy_massdep_baseline_380,extraheavy_massdep_baseline,380,10,10,crew_veh_h,601.3746296296296,0.1584192439862543,2777
extraheavy_massdep_baseline_380,extraheavy_massdep_baseline,380,10,10,crew_team_h,479.652925925926,0.1584192439862543,2777
extraheavy_massdep_baseline_380,extraheavy_massdep_baseline,380,11,10,shift_h,704.0,0.1584192439862543,2891
extraheavy_massdep_baseline_380,extraheavy_massdep_baseline,380,11,10,shift_ot_h,720.8776666666666,0.1584192439862543,2891
extraheavy_massdep_baseline_380,extraheavy_massdep_baseline,380,11,10,crew_veh_h,594.1614814814815,0.1584192439862543,2891
extraheavy_massdep_baseline_380,extraheavy_massdep_baseline,380,11,10,crew_team_h,472.4397777777778,0.1584192439862543,2891
extraheavy_massdep_baseline_425,extraheavy_massdep_baseline,425,10,10,shift_h,640.0,0.14432989690721648,2771
extraheavy_massdep_baseline_425,extraheavy_massdep_baseline,425,10,10,shift_ot_h,661.6756666666666,0.14432989690721648,2869
extraheavy_massdep_baseline_425,extraheavy_massdep_baseline,425,10,10,crew_veh_h,574.6071111111111,0.14432989690721648,2771
extraheavy_massdep_baseline_425,extraheavy_massdep_baseline,425,10,10,crew_team_h,472.7467407407408,0.14432989690721648,2771
extraheavy_massdep_baseline_500,extraheavy_massdep_baseline,500,9,9,shift_h,576.0,0.10824742268041238,2776
extraheavy_massdep_baseline_500,extraheavy_massdep_baseline,500,9,9,shift_ot_h,605.8780555555555,0.10824742268041238,2796
extraheavy_massdep_baseline_500,extraheavy_massdep_baseline,500,9,9,crew_veh_h,551.7388518518518,0.10824742268041238,2776
extraheavy_massdep_baseline_500,extraheavy_massdep_baseline,500,9,9,crew_team_h,471.9723703703704,0.10824742268041238,2776
extraheavy_massdep_baseline_500,extraheavy_massdep_baseline,500,10,9,shift_h,640.0,0.10824742268041238,2904
extraheavy_massdep_baseline_500,extraheavy_massdep_baseline,500,10,9,shift_ot_h,655.7872222222222,0.10824742268041238,2902
extraheavy_massdep_baseline_500,extraheavy_massdep_baseline,500,10,9,crew_veh_h,543.7527407407407,0.10824742268041238,2904
extraheavy_massdep_baseline_500,extraheavy_massdep_baseline,500,10,9,crew_team_h,463.9862592592593,0.10824742268041238,2904
extraheavy_massdep_baseline_550,extraheavy_massdep_baseline,550,9,9,shift_h,576.0,0.09140893470790377,2823
extraheavy_massdep_baseline_550,extraheavy_massdep_baseline,550,9,9,shift_ot_h,600.1632222222222,0.09140893470790377,2849
extraheavy_massdep_baseline_550,extraheavy_massdep_baseline,550,9,9,crew_veh_h,536.6731481481481,0.09140893470790377,2823
extraheavy_massdep_baseline_550,extraheavy_massdep_baseline,550,9,9,crew_team_h,467.78611111111115,0.09140893470790377,2823
extraheavy_massdep_baseline_550,extraheavy_massdep_baseline,550,10,9,shift_h,640.0,0.09140893470790377,2906
extraheavy_massdep_baseline_550,extraheavy_massdep_baseline,550,10,9,shift_ot_h,653.9748888888889,0.09140893470790377,2905
extraheavy_massdep_baseline_550,extraheavy_massdep_baseline,550,10,9,crew_veh_h,529.9983333333333,0.09140893470790377,2906
extraheavy_massdep_baseline_550,extraheavy_massdep_baseline,550,10,9,crew_team_h,461.1112962962962,0.09140893470790377,2906
extraheavy_massdep_baseline_MX1,extraheavy_massdep_baseline,MX1,12,12,shift_h,768.0,0.22096219931271477,2765
extraheavy_massdep_baseline_MX1,extraheavy_massdep_baseline,MX1,12,12,shift_ot_h,799.5982777777778,0.22164948453608246,2795
extraheavy_massdep_baseline_MX1,extraheavy_massdep_baseline,MX1,12,12,crew_veh_h,689.7068888888891,0.22096219931271477,2765
extraheavy_massdep_baseline_MX1,extraheavy_massdep_baseline,MX1,12,12,crew_team_h,494.8161111111112,0.2175257731958763,2765
extraheavy_massdep_baseline_MX1,extraheavy_massdep_baseline,MX1,13,12,shift_h,832.0,0.211340206185567,2782
extraheavy_massdep_baseline_MX1,extraheavy_massdep_baseline,MX1,13,12,shift_ot_h,850.5808333333333,0.20996563573883162,2875
extraheavy_massdep_baseline_MX1,extraheavy_massdep_baseline,MX1,13,12,crew_veh_h,682.492,0.211340206185567,2782
extraheavy_massdep_baseline_MX1,extraheavy_massdep_baseline,MX1,13,12,crew_team_h,488.1222592592592,0.20824742268041238,2847
extraheavy_massdep_baseline_MX2,extraheavy_massdep_baseline,MX2,11,11,shift_h,704.0,0.14948453608247422,2765
extraheavy_massdep_baseline_MX2,extraheavy_massdep_baseline,MX2,11,11,shift_ot_h,731.615,0.15463917525773196,2804
extraheavy_massdep_baseline_MX2,extraheavy_massdep_baseline,MX2,11,11,crew_veh_h,620.4495925925927,0.14948453608247422,2765
extraheavy_massdep_baseline_MX2,extraheavy_massdep_baseline,MX2,11,11,crew_team_h,485.02359259259254,0.14948453608247422,2767
extraheavy_massdep_baseline_MX2,extraheavy_massdep_baseline,MX2,12,11,shift_h,768.0,0.14329896907216494,2775
extraheavy_massdep_baseline_MX2,extraheavy_massdep_baseline,MX2,12,11,shift_ot_h,786.2044444444444,0.1470790378006873,2874
extraheavy_massdep_baseline_MX2,extraheavy_massdep_baseline,MX2,12,11,crew_veh_h,615.7297407407407,0.14329896907216494,2775
extraheavy_massdep_baseline_MX2,extraheavy_massdep_baseline,MX2,12,11,crew_team_h,479.70859259259265,0.1450171821305842,2854
extraheavy_massdep_tight_270,extraheavy_massdep_tight,270,15,15,shift_h,960.0,0.31305841924398625,2799
extraheavy_massdep_tight_270,extraheavy_massdep_tight,270,15,15,shift_ot_h,965.0601111111112,0.31305841924398625,2792
extraheavy_massdep_tight_270,extraheavy_massdep_tight,270,15,15,crew_veh_h,758.6782592592593,0.31305841924398625,2799
extraheavy_massdep_tight_270,extraheavy_massdep_tight,270,15,15,crew_team_h,497.6472222222222,0.31305841924398625,2799
extraheavy_massdep_tight_270,extraheavy_massdep_tight,270,16,15,shift_h,1024.0,0.31305841924398625,2854
extraheavy_massdep_tight_270,extraheavy_massdep_tight,270,16,15,shift_ot_h,1027.6360555555555,0.31305841924398625,2813
extraheavy_massdep_tight_270,extraheavy_massdep_tight,270,16,15,crew_veh_h,751.8629999999999,0.31305841924398625,2854
extraheavy_massdep_tight_270,extraheavy_massdep_tight,270,16,15,crew_team_h,490.831962962963,0.31305841924398625,2854
extraheavy_massdep_tight_300,extraheavy_massdep_tight,300,13,13,shift_h,832.0,0.19347079037800688,2776
extraheavy_massdep_tight_300,extraheavy_massdep_tight,300,13,13,shift_ot_h,839.1918888888889,0.19347079037800688,2793
extraheavy_massdep_tight_300,extraheavy_massdep_tight,300,13,13,crew_veh_h,670.1602962962965,0.19347079037800688,2776
extraheavy_massdep_tight_300,extraheavy_massdep_tight,300,13,13,crew_team_h,483.66422222222224,0.19347079037800688,2776
extraheavy_massdep_tight_300,extraheavy_massdep_tight,300,14,13,shift_h,896.0,0.19347079037800688,2832
extraheavy_massdep_tight_300,extraheavy_massdep_tight,300,14,13,shift_ot_h,900.1053888888889,0.19347079037800688,2821
extraheavy_massdep_tight_300,extraheavy_massdep_tight,300,14,13,crew_veh_h,664.8617777777779,0.19347079037800688,2832
extraheavy_massdep_tight_300,extraheavy_massdep_tight,300,14,13,crew_team_h,478.3657037037036,0.19347079037800688,2832
extraheavy_massdep_tight_325,extraheavy_massdep_tight,325,12,12,shift_h,768.0,0.18419243986254297,2765
extraheavy_massdep_tight_325,extraheavy_massdep_tight,325,12,12,shift_ot_h,778.2536111111111,0.18419243986254297,2765
extraheavy_massdep_tight_325,extraheavy_massdep_tight,325,12,12,crew_veh_h,652.4422222222221,0.18419243986254297,2765
extraheavy_massdep_tight_325,extraheavy_massdep_tight,325,12,12,crew_team_h,483.9071481481481,0.18419243986254297,2765
extraheavy_massdep_tight_325,extraheavy_massdep_tight,325,13,12,shift_h,832.0,0.18419243986254297,2823
extraheavy_massdep_tight_325,extraheavy_massdep_tight,325,13,12,shift_ot_h,837.101,0.18419243986254297,2811
extraheavy_massdep_tight_325,extraheavy_massdep_tight,325,13,12,crew_veh_h,647.1178888888887,0.18419243986254297,2823
extraheavy_massdep_tight_325,extraheavy_massdep_tight,325,13,12,crew_team_h,478.5828148148148,0.18419243986254297,2823
extraheavy_massdep_tight_325,extraheavy_massdep_tight,325,14,12,shift_h,896.0,0.18419243986254297,2839
extraheavy_massdep_tight_325,extraheavy_massdep_tight,325,14,12,shift_ot_h,899.175,0.18419243986254297,2842
extraheavy_massdep_tight_325,extraheavy_massdep_tight,325,14,12,crew_veh_h,643.369037037037,0.18419243986254297,2839
extraheavy_massdep_tight_325,extraheavy_massdep_tight,325,14,12,crew_team_h,474.833962962963,0.18419243986254297,2839
extraheavy_massdep_tight_380,extraheavy_massdep_tight,380,11,11,shift_h,704.0,0.1584192439862543,2766
extraheavy_massdep_tight_380,extraheavy_massdep_tight,380,11,11,shift_ot_h,711.7222222222222,0.1584192439862543,2777
extraheavy_massdep_tight_380,extraheavy_massdep_tight,380,11,11,crew_veh_h,601.7573333333335,0.1584192439862543,2766
extraheavy_massdep_tight_380,extraheavy_massdep_tight,380,11,11,crew_team_h,480.03562962962957,0.1584192439862543,2766
extraheavy_massdep_tight_380,extraheavy_massdep_tight,380,12,11,shift_h,768.0,0.1584192439862543,2853
extraheavy_massdep_tight_380,extraheavy_massdep_tight,380,12,11,shift_ot_h,772.3605,0.1584192439862543,2822
extraheavy_massdep_tight_380,extraheavy_massdep_tight,380,12,11,crew_veh_h,595.5392592592592,0.1584192439862543,2853
extraheavy_massdep_tight_380,extraheavy_massdep_tight,380,12,11,crew_team_h,473.8175555555555,0.1584192439862543,2853
extraheavy_massdep_tight_425,extraheavy_massdep_tight,425,11,11,shift_h,704.0,0.14432989690721648,2794
extraheavy_massdep_tight_425,extraheavy_massdep_tight,425,11,11,shift_ot_h,708.3372777777778,0.14432989690721648,2811
extraheavy_massdep_tight_425,extraheavy_massdep_tight,425,11,11,crew_veh_h,575.7777777777778,0.14432989690721648,2794
extraheavy_massdep_tight_425,extraheavy_massdep_tight,425,11,11,crew_team_h,473.91740740740744,0.14432989690721648,2794
extraheavy_massdep_tight_425,extraheavy_massdep_tight,425,12,11,shift_h,768.0,0.14432989690721648,2845
extraheavy_massdep_tight_425,extraheavy_massdep_tight,425,12,11,shift_ot_h,770.6542777777778,0.14432989690721648,2849
extraheavy_massdep_tight_425,extraheavy_massdep_tight,425,12,11,crew_veh_h,569.8198518518518,0.14432989690721648,2845
extraheavy_massdep_tight_425,extraheavy_massdep_tight,425,12,11,crew_team_h,467.9594814814814,0.14432989690721648,2845
extraheavy_massdep_tight_500,extraheavy_massdep_tight,500,10,10,shift_h,640.0,0.10824742268041238,2770
extraheavy_massdep_tight_500,extraheavy_massdep_tight,500,10,10,shift_ot_h,646.5136666666667,0.10824742268041238,2781
extraheavy_massdep_tight_500,extraheavy_massdep_tight,500,10,10,crew_veh_h,551.0697777777776,0.10824742268041238,2770
extraheavy_massdep_tight_500,extraheavy_massdep_tight,500,10,10,crew_team_h,471.30329629629625,0.10824742268041238,2770
extraheavy_massdep_tight_500,extraheavy_massdep_tight,500,11,10,shift_h,704.0,0.10824742268041238,2860
extraheavy_massdep_tight_500,extraheavy_massdep_tight,500,11,10,shift_ot_h,707.2982777777778,0.10824742268041238,2838
extraheavy_massdep_tight_500,extraheavy_massdep_tight,500,11,10,crew_veh_h,545.6950370370372,0.10824742268041238,2860
extraheavy_massdep_tight_500,extraheavy_massdep_tight,500,11,10,crew_team_h,465.9285555555556,0.10824742268041238,2860
extraheavy_massdep_tight_550,extraheavy_massdep_tight,550,10,10,shift_h,640.0,0.09140893470790377,2771
extraheavy_massdep_tight_550,extraheavy_massdep_tight,550,10,10,shift_ot_h,644.7925,0.09140893470790377,2798
extraheavy_massdep_tight_550,extraheavy_massdep_tight,550,10,10,crew_veh_h,536.2846296296296,0.09140893470790377,2771
extraheavy_massdep_tight_550,extraheavy_massdep_tight,550,10,10,crew_team_h,467.39759259259256,0.09140893470790377,2771
extraheavy_massdep_tight_550,extraheavy_massdep_tight,550,11,10,shift_h,704.0,0.09140893470790377,2868
extraheavy_massdep_tight_550,extraheavy_massdep_tight,550,11,10,shift_ot_h,706.9155,0.09140893470790377,2852
extraheavy_massdep_tight_550,extraheavy_massdep_tight,550,11,10,crew_veh_h,530.9955185185186,0.09140893470790377,2868
extraheavy_massdep_tight_550,extraheavy_massdep_tight,550,11,10,crew_team_h,462.10848148148153,0.09140893470790377,2868
extraheavy_massdep_tight_MX1,extraheavy_massdep_tight,MX1,13,13,shift_h,832.0,0.2309278350515464,2765
extraheavy_massdep_tight_MX1,extraheavy_massdep_tight,MX1,13,13,shift_ot_h,842.4582777777778,0.23195876288659795,2765
extraheavy_massdep_tight_MX1,extraheavy_massdep_tight,MX1,13,13,crew_veh_h,700.8158888888888,0.2309278350515464,2765
extraheavy_massdep_tight_MX1,extraheavy_massdep_tight,MX1,13,13,crew_team_h,496.6186296296297,0.23024054982817868,2765
extraheavy_massdep_tight_MX1,extraheavy_massdep_tight,MX1,14,13,shift_h,896.0,0.22955326460481099,2765
extraheavy_massdep_tight_MX1,extraheavy_massdep_tight,MX1,14,13,shift_ot_h,900.7829444444444,0.23195876288659795,2791
extraheavy_massdep_tight_MX1,extraheavy_massdep_tight,MX1,14,13,crew_veh_h,691.7148518518516,0.22955326460481099,2765
extraheavy_massdep_tight_MX1,extraheavy_massdep_tight,MX1,14,13,crew_team_h,490.51985185185185,0.22852233676975944,2781
extraheavy_massdep_tight_MX2,extraheavy_massdep_tight,MX2,12,12,shift_h,768.0,0.17010309278350516,2765
extraheavy_massdep_tight_MX2,extraheavy_massdep_tight,MX2,12,12,shift_ot_h,777.8875,0.17353951890034364,2765
extraheavy_massdep_tight_MX2,extraheavy_massdep_tight,MX2,12,12,crew_veh_h,640.7217777777779,0.17010309278350516,2765
extraheavy_massdep_tight_MX2,extraheavy_massdep_tight,MX2,12,12,crew_team_h,488.26,0.1711340206185567,2765
extraheavy_massdep_tight_MX2,extraheavy_massdep_tight,MX2,13,12,shift_h,832.0,0.17216494845360825,2765
extraheavy_massdep_tight_MX2,extraheavy_massdep_tight,MX2,13,12,shift_ot_h,836.3811111111111,0.1759450171821306,2814
extraheavy_massdep_tight_MX2,extraheavy_massdep_tight,MX2,13,12,crew_veh_h,633.9574814814815,0.17216494845360825,2765
extraheavy_massdep_tight_MX2,extraheavy_massdep_tight,MX2,13,12,crew_team_h,484.0008888888889,0.17353951890034364,2788
extraheavy_short_baseline_270,extraheavy_short_baseline,270,8,8,shift_h,512.0,0.31305841924398625,2861
extraheavy_short_baseline_270,extraheavy_short_baseline,270,8,8,shift_ot_h,527.1655555555556,0.31305841924398625,2889
extraheavy_short_baseline_270,extraheavy_short_baseline,270,8,8,crew_veh_h,457.78103703703704,0.31305841924398625,2861
extraheavy_short_baseline_270,extraheavy_short_baseline,270,8,8,crew_team_h,328.31225925925924,0.31305841924398625,2861
extraheavy_short_baseline_300,extraheavy_short_baseline,300,7,7,shift_h,448.0,0.19347079037800688,2893
extraheavy_short_baseline_300,extraheavy_short_baseline,300,7,7,shift_ot_h,460.9638888888889,0.19347079037800688,2896
extraheavy_short_baseline_300,extraheavy_short_baseline,300,7,7,crew_veh_h,394.34781481481474,0.19347079037800688,2893
extraheavy_short_baseline_300,extraheavy_short_baseline,300,7,7,crew_team_h,309.5925555555556,0.19347079037800688,2893
extraheavy_short_baseline_325,extraheavy_short_baseline,325,7,7,shift_h,448.0,0.18419243986254297,2865
extraheavy_short_baseline_325,extraheavy_short_baseline,325,7,7,shift_ot_h,458.22905555555553,0.18419243986254297,2907
extraheavy_short_baseline_325,extraheavy_short_baseline,325,7,7,crew_veh_h,381.07696296296297,0.18419243986254297,2865
extraheavy_short_baseline_325,extraheavy_short_baseline,325,7,7,crew_team_h,305.00711111111116,0.18419243986254297,2865
extraheavy_short_baseline_380,extraheavy_short_baseline,380,6,6,shift_h,384.0,0.1584192439862543,2893
extraheavy_short_baseline_380,extraheavy_short_baseline,380,6,6,shift_ot_h,400.7672777777778,0.1584192439862543,2892
extraheavy_short_baseline_380,extraheavy_short_baseline,380,6,6,crew_veh_h,357.6185925925926,0.1584192439862543,2893
extraheavy_short_baseline_380,extraheavy_short_baseline,380,6,6,crew_team_h,303.29911111111113,0.1584192439862543,2893
extraheavy_short_baseline_425,extraheavy_short_baseline,425,6,6,shift_h,384.0,0.14432989690721648,2906
extraheavy_short_baseline_425,extraheavy_short_baseline,425,6,6,shift_ot_h,395.3811111111111,0.14432989690721648,2906
extraheavy_short_baseline_425,extraheavy_short_baseline,425,6,6,crew_veh_h,342.2595555555555,0.14432989690721648,2906
extraheavy_short_baseline_425,extraheavy_short_baseline,425,6,6,crew_team_h,296.9982592592593,0.14432989690721648,2906
extraheavy_short_baseline_500,extraheavy_short_baseline,500,6,6,shift_h,384.0,0.10824742268041238,2910
extraheavy_short_baseline_500,extraheavy_short_baseline,500,6,6,shift_ot_h,392.4208888888889,0.10824742268041238,2910
extraheavy_short_baseline_500,extraheavy_short_baseline,500,6,6,crew_veh_h,322.82014814814806,0.10824742268041238,2910
extraheavy_short_baseline_500,extraheavy_short_baseline,500,6,6,crew_team_h,288.8405925925926,0.10824742268041238,2910
extraheavy_short_baseline_550,extraheavy_short_baseline,550,5,5,shift_h,320.0,0.09140893470790377,2808
extraheavy_short_baseline_550,extraheavy_short_baseline,550,5,5,shift_ot_h,344.77405555555555,0.09140893470790377,2808
extraheavy_short_baseline_550,extraheavy_short_baseline,550,5,5,crew_veh_h,326.49362962962965,0.09140893470790377,2808
extraheavy_short_baseline_550,extraheavy_short_baseline,550,5,5,crew_team_h,297.6595555555556,0.09140893470790377,2808
extraheavy_short_baseline_550,extraheavy_short_baseline,550,6,5,shift_h,384.0,0.09140893470790377,2910
extraheavy_short_baseline_550,extraheavy_short_baseline,550,6,5,shift_ot_h,391.1165,0.09140893470790377,2910
extraheavy_short_baseline_550,extraheavy_short_baseline,550,6,5,crew_veh_h,314.77466666666663,0.09140893470790377,2910
extraheavy_short_baseline_550,extraheavy_short_baseline,550,6,5,crew_team_h,285.9405925925926,0.09140893470790377,2910
extraheavy_short_baseline_MX1,extraheavy_short_baseline,MX1,7,7,shift_h,448.0,0.14398625429553263,2858
extraheavy_short_baseline_MX1,extraheavy_short_baseline,MX1,7,7,shift_ot_h,462.40172222222225,0.14914089347079038,2900
extraheavy_short_baseline_MX1,extraheavy_short_baseline,MX1,7,7,crew_veh_h,370.7668888888889,0.14398625429553263,2858
extraheavy_short_baseline_MX1,extraheavy_short_baseline,MX1,7,7,crew_team_h,307.32766666666674,0.1450171821305842,2886
extraheavy_short_baseline_MX2,extraheavy_short_baseline,MX2,6,6,shift_h,384.0,0.09518900343642611,2862
extraheavy_short_baseline_MX2,extraheavy_short_baseline,MX2,6,6,shift_ot_h,393.6982777777778,0.0979381443298969,2909
extraheavy_short_baseline_MX2,extraheavy_short_baseline,MX2,6,6,crew_veh_h,324.90599999999995,0.09518900343642611,2862
extraheavy_short_baseline_MX2,extraheavy_short_baseline,MX2,6,6,crew_team_h,294.52448148148153,0.09621993127147767,2881
extraheavy_short_tight_270,extraheavy_short_tight,270,8,8,shift_h,512.0,0.31305841924398625,2765
extraheavy_short_tight_270,extraheavy_short_tight,270,8,8,shift_ot_h,519.4600555555555,0.31305841924398625,2787
extraheavy_short_tight_270,extraheavy_short_tight,270,8,8,crew_veh_h,464.141851851852,0.31305841924398625,2765
extraheavy_short_tight_270,extraheavy_short_tight,270,8,8,crew_team_h,334.67307407407407,0.31305841924398625,2765
extraheavy_short_tight_270,extraheavy_short_tight,270,9,8,shift_h,576.0,0.31305841924398625,2901
extraheavy_short_tight_270,extraheavy_short_tight,270,9,8,shift_ot_h,577.7477777777777,0.31305841924398625,2898
extraheavy_short_tight_270,extraheavy_short_tight,270,9,8,crew_veh_h,452.7584444444444,0.31305841924398625,2901
extraheavy_short_tight_270,extraheavy_short_tight,270,9,8,crew_team_h,323.2896666666667,0.31305841924398625,2901
extraheavy_short_tight_300,extraheavy_short_tight,300,7,7,shift_h,448.0,0.19347079037800688,2786
extraheavy_short_tight_300,extraheavy_short_tight,300,7,7,shift_ot_h,454.32733333333334,0.19347079037800688,2806
extraheavy_short_tight_300,extraheavy_short_tight,300,7,7,crew_veh_h,400.44088888888876,0.19347079037800688,2786
extraheavy_short_tight_300,extraheavy_short_tight,300,7,7,crew_team_h,315.68562962962966,0.19347079037800688,2786
extraheavy_short_tight_300,extraheavy_short_tight,300,8,7,shift_h,512.0,0.19347079037800688,2905
extraheavy_short_tight_300,extraheavy_short_tight,300,8,7,shift_ot_h,513.6825555555556,0.19347079037800688,2892
extraheavy_short_tight_300,extraheavy_short_tight,300,8,7,crew_veh_h,390.25685185185193,0.19347079037800688,2905
extraheavy_short_tight_300,extraheavy_short_tight,300,8,7,crew_team_h,305.5015925925925,0.19347079037800688,2905
extraheavy_short_tight_325,extraheavy_short_tight,325,7,7,shift_h,448.0,0.18419243986254297,2766
extraheavy_short_tight_325,extraheavy_short_tight,325,7,7,shift_ot_h,451.8528888888889,0.18419243986254297,2841
extraheavy_short_tight_325,extraheavy_short_tight,325,7,7,crew_veh_h,387.0682222222222,0.18419243986254297,2766
extraheavy_short_tight_325,extraheavy_short_tight,325,7,7,crew_team_h,310.9983703703703,0.18419243986254297,2766
extraheavy_short_tight_380,extraheavy_short_tight,380,6,6,shift_h,384.0,0.1584192439862543,2768
extraheavy_short_tight_380,extraheavy_short_tight,380,6,6,shift_ot_h,391.56427777777776,0.1584192439862543,2766
extraheavy_short_tight_380,extraheavy_short_tight,380,6,6,crew_veh_h,360.11044444444445,0.1584192439862543,2768
extraheavy_short_tight_380,extraheavy_short_tight,380,6,6,crew_team_h,305.7909629629629,0.1584192439862543,2768
extraheavy_short_tight_380,extraheavy_short_tight,380,7,6,shift_h,448.0,0.1584192439862543,2907
extraheavy_short_tight_380,extraheavy_short_tight,380,7,6,shift_ot_h,449.6561111111111,0.1584192439862543,2878
extraheavy_short_tight_380,extraheavy_short_tight,380,7,6,crew_veh_h,351.3745925925925,0.1584192439862543,2907
extraheavy_short_tight_380,extraheavy_short_tight,380,7,6,crew_team_h,297.0551111111111,0.1584192439862543,2907
extraheavy_short_tight_425,extraheavy_short_tight,425,6,6,shift_h,384.0,0.14432989690721648,2783
extraheavy_short_tight_425,extraheavy_short_tight,425,6,6,shift_ot_h,388.81933333333336,0.14432989690721648,2854
extraheavy_short_tight_425,extraheavy_short_tight,425,6,6,crew_veh_h,347.6985925925926,0.14432989690721648,2783
extraheavy_short_tight_425,extraheavy_short_tight,425,6,6,crew_team_h,302.43729629629627,0.14432989690721648,2783
extraheavy_short_tight_500,extraheavy_short_tight,500,6,6,shift_h,384.0,0.10824742268041238,2849
extraheavy_short_tight_500,extraheavy_short_tight,500,6,6,shift_ot_h,386.37094444444443,0.10824742268041238,2900
extraheavy_short_tight_500,extraheavy_short_tight,500,6,6,crew_veh_h,328.40537037037035,0.10824742268041238,2849
extraheavy_short_tight_500,extraheavy_short_tight,500,6,6,crew_team_h,294.4258148148148,0.10824742268041238,2849
extraheavy_short_tight_550,extraheavy_short_tight,550,6,6,shift_h,384.0,0.09140893470790377,2896
extraheavy_short_tight_550,extraheavy_short_tight,550,6,6,shift_ot_h,385.92016666666666,0.09140893470790377,2904
extraheavy_short_tight_550,extraheavy_short_tight,550,6,6,crew_veh_h,318.3124074074074,0.09140893470790377,2896
extraheavy_short_tight_550,extraheavy_short_tight,550,6,6,crew_team_h,289.4783333333334,0.09140893470790377,2896
extraheavy_short_tight_MX1,extraheavy_short_tight,MX1,7,7,shift_h,448.0,0.15601374570446735,2769
extraheavy_short_tight_MX1,extraheavy_short_tight,MX1,7,7,shift_ot_h,452.2046111111111,0.16013745704467353,2830
extraheavy_short_tight_MX1,extraheavy_short_tight,MX1,7,7,crew_veh_h,379.84770370370376,0.15601374570446735,2769
extraheavy_short_tight_MX1,extraheavy_short_tight,MX1,7,7,crew_team_h,312.03174074074076,0.1577319587628866,2771
extraheavy_short_tight_MX2,extraheavy_short_tight,MX2,6,6,shift_h,384.0,0.0979381443298969,2768
extraheavy_short_tight_MX2,extraheavy_short_tight,MX2,6,6,shift_ot_h,386.9041111111111,0.10034364261168385,2868
extraheavy_short_tight_MX2,extraheavy_short_tight,MX2,6,6,crew_veh_h,330.82262962962966,0.0979381443298969,2768
extraheavy_short_tight_MX2,extraheavy_short_tight,MX2,6,6,crew_team_h,299.1710370370371,0.09828178694158075,2770
jiang_long_baseline_200,jiang_long_baseline,200,15,15,shift_h,960.0,0.5979381443298969,2765
jiang_long_baseline_200,jiang_long_baseline,200,15,15,shift_ot_h,1003.9216666666666,0.5979381443298969,2825
jiang_long_baseline_200,jiang_long_baseline,200,15,15,crew_veh_h,919.1455555555553,0.5979381443298969,2765
jiang_long_baseline_200,jiang_long_baseline,200,15,15,crew_team_h,587.0697407407407,0.5979381443298969,2765
jiang_long_baseline_250,jiang_long_baseline,250,12,12,shift_h,768.0,0.3415807560137457,2766
jiang_long_baseline_250,jiang_long_baseline,250,12,12,shift_ot_h,811.4238333333334,0.3415807560137457,2772
jiang_long_baseline_250,jiang_long_baseline,250,12,12,crew_veh_h,746.538888888889,0.3415807560137457,2766
jiang_long_baseline_250,jiang_long_baseline,250,12,12,crew_team_h,560.583222222222,0.3415807560137457,2766
jiang_long_baseline_250,jiang_long_baseline,250,13,12,shift_h,832.0,0.3415807560137457,2779
jiang_long_baseline_250,jiang_long_baseline,250,13,12,shift_ot_h,858.5510555555555,0.3415807560137457,2864
jiang_long_baseline_250,jiang_long_baseline,250,13,12,crew_veh_h,736.1017777777779,0.3415807560137457,2779
jiang_long_baseline_250,jiang_long_baseline,250,13,12,crew_team_h,550.146111111111,0.3415807560137457,2779
jiang_long_baseline_270,jiang_long_baseline,270,12,12,shift_h,768.0,0.277319587628866,2766
jiang_long_baseline_270,jiang_long_baseline,270,12,12,shift_ot_h,796.4708333333333,0.277319587628866,2871
jiang_long_baseline_270,jiang_long_baseline,270,12,12,crew_veh_h,695.7404444444443,0.277319587628866,2766
jiang_long_baseline_270,jiang_long_baseline,270,12,12,crew_team_h,544.0232962962963,0.277319587628866,2766
jiang_long_baseline_300,jiang_long_baseline,300,10,10,shift_h,640.0,0.12508591065292096,2766
jiang_long_baseline_300,jiang_long_baseline,300,10,10,shift_ot_h,665.0619444444444,0.12508591065292096,2874
jiang_long_baseline_300,jiang_long_baseline,300,10,10,crew_veh_h,596.1850370370371,0.12508591065292096,2766
jiang_long_baseline_300,jiang_long_baseline,300,10,10,crew_team_h,527.7596296296296,0.12508591065292096,2766
jiang_long_baseline_325,jiang_long_baseline,325,10,10,shift_h,640.0,0.09965635738831616,2852
jiang_long_baseline_325,jiang_long_baseline,325,10,10,shift_ot_h,661.3073333333333,0.09965635738831616,2899
jiang_long_baseline_325,jiang_long_baseline,325,10,10,crew_veh_h,576.0807777777777,0.09965635738831616,2852
jiang_long_baseline_325,jiang_long_baseline,325,10,10,crew_team_h,521.788962962963,0.09965635738831616,2852
jiang_long_baseline_380,jiang_long_baseline,380,9,9,shift_h,576.0,0.053951890034364264,2766
jiang_long_baseline_380,jiang_long_baseline,380,9,9,shift_ot_h,602.0464444444444,0.053951890034364264,2870
jiang_long_baseline_380,jiang_long_baseline,380,9,9,crew_veh_h,548.0333703703704,0.053951890034364264,2766
jiang_long_baseline_380,jiang_long_baseline,380,9,9,crew_team_h,518.5927037037037,0.053951890034364264,2766
jiang_long_baseline_425,jiang_long_baseline,425,8,8,shift_h,512.0,0.012714776632302405,2786
jiang_long_baseline_425,jiang_long_baseline,425,8,8,shift_ot_h,548.3062777777777,0.012714776632302405,2786
jiang_long_baseline_425,jiang_long_baseline,425,8,8,crew_veh_h,523.1544074074073,0.012714776632302405,2786
jiang_long_baseline_425,jiang_long_baseline,425,8,8,crew_team_h,516.3909629629629,0.012714776632302405,2786
jiang_long_baseline_425,jiang_long_baseline,425,9,8,shift_h,576.0,0.012714776632302405,2910
jiang_long_baseline_425,jiang_long_baseline,425,9,8,shift_ot_h,594.8741111111111,0.012714776632302405,2909
jiang_long_baseline_425,jiang_long_baseline,425,9,8,crew_veh_h,514.4013703703703,0.012714776632302405,2910
jiang_long_baseline_425,jiang_long_baseline,425,9,8,crew_team_h,507.6379259259258,0.012714776632302405,2910
jiang_long_baseline_500,jiang_long_baseline,500,8,8,shift_h,512.0,0.0,2787
jiang_long_baseline_500,jiang_long_baseline,500,8,8,shift_ot_h,539.4117222222222,0.0,2883
jiang_long_baseline_500,jiang_long_baseline,500,8,8,crew_veh_h,512.6866666666667,0.0,2787
jiang_long_baseline_500,jiang_long_baseline,500,8,8,crew_team_h,512.6866666666667,0.0,2787
jiang_long_baseline_550,jiang_long_baseline,550,8,8,shift_h,512.0,0.0,2787
jiang_long_baseline_550,jiang_long_baseline,550,8,8,shift_ot_h,539.4117222222222,0.0,2883
jiang_long_baseline_550,jiang_long_baseline,550,8,8,crew_veh_h,512.6866666666667,0.0,2787
jiang_long_baseline_550,jiang_long_baseline,550,8,8,crew_team_h,512.6866666666667,0.0,2787
jiang_long_baseline_MX1,jiang_long_baseline,MX1,10,10,shift_h,640.0,0.15395189003436427,2767
jiang_long_baseline_MX1,jiang_long_baseline,MX1,10,10,shift_ot_h,680.9280555555556,0.15463917525773196,2775
jiang_long_baseline_MX1,jiang_long_baseline,MX1,10,10,crew_veh_h,625.136814814815,0.15395189003436427,2767
jiang_long_baseline_MX1,jiang_long_baseline,MX1,10,10,crew_team_h,539.7336666666666,0.15395189003436427,2767
jiang_long_baseline_MX1,jiang_long_baseline,MX1,11,10,shift_h,704.0,0.1508591065292096,2777
jiang_long_baseline_MX1,jiang_long_baseline,MX1,11,10,shift_ot_h,727.2816111111111,0.1556701030927835,2892
jiang_long_baseline_MX1,jiang_long_baseline,MX1,11,10,crew_veh_h,616.5444444444444,0.1508591065292096,2777
jiang_long_baseline_MX1,jiang_long_baseline,MX1,11,10,crew_team_h,532.8180740740739,0.1549828178694158,2867
jiang_long_baseline_MX2,jiang_long_baseline,MX2,9,9,shift_h,576.0,0.05257731958762887,2767
jiang_long_baseline_MX2,jiang_long_baseline,MX2,9,9,shift_ot_h,608.7192777777777,0.05670103092783505,2807
jiang_long_baseline_MX2,jiang_long_baseline,MX2,9,9,crew_veh_h,556.0347037037038,0.05257731958762887,2767
jiang_long_baseline_MX2,jiang_long_baseline,MX2,9,9,crew_team_h,526.0441851851853,0.054982817869415807,2765
jiang_long_baseline_MX2,jiang_long_baseline,MX2,10,9,shift_h,640.0,0.05223367697594502,2766
jiang_long_baseline_MX2,jiang_long_baseline,MX2,10,9,shift_ot_h,660.6114444444445,0.061855670103092786,2901
jiang_long_baseline_MX2,jiang_long_baseline,MX2,10,9,crew_veh_h,549.6285555555555,0.05223367697594502,2766
jiang_long_baseline_MX2,jiang_long_baseline,MX2,10,9,crew_team_h,519.8337407407408,0.05567010309278351,2770
jiang_long_tight_200,jiang_long_tight,200,18,18,shift_h,1152.0,0.5979381443298969,2768
jiang_long_tight_200,jiang_long_tight,200,18,18,shift_ot_h,1158.0107777777778,0.5979381443298969,2784
jiang_long_tight_200,jiang_long_tight,200,18,18,crew_veh_h,915.6224444444443,0.5979381443298969,2768
jiang_long_tight_200,jiang_long_tight,200,18,18,crew_team_h,583.5466296296297,0.5979381443298969,2768
jiang_long_tight_250,jiang_long_tight,250,15,15,shift_h,960.0,0.3415807560137457,2782
jiang_long_tight_250,jiang_long_tight,250,15,15,shift_ot_h,966.3641111111111,0.3415807560137457,2816
jiang_long_tight_250,jiang_long_tight,250,15,15,crew_veh_h,739.8331851851852,0.3415807560137457,2782
jiang_long_tight_250,jiang_long_tight,250,15,15,crew_team_h,553.8775185185186,0.3415807560137457,2782
jiang_long_tight_270,jiang_long_tight,270,14,14,shift_h,896.0,0.277319587628866,2789
jiang_long_tight_270,jiang_long_tight,270,14,14,shift_ot_h,902.5922222222222,0.277319587628866,2799
jiang_long_tight_270,jiang_long_tight,270,14,14,crew_veh_h,698.6640000000001,0.277319587628866,2789
jiang_long_tight_270,jiang_long_tight,270,14,14,crew_team_h,546.946851851852,0.277319587628866,2789
jiang_long_tight_300,jiang_long_tight,300,11,11,shift_h,704.0,0.12508591065292096,2766
jiang_long_tight_300,jiang_long_tight,300,11,11,shift_ot_h,710.4423888888889,0.12508591065292096,2765
jiang_long_tight_300,jiang_long_tight,300,11,11,crew_veh_h,601.6324814814815,0.12508591065292096,2766
jiang_long_tight_300,jiang_long_tight,300,11,11,crew_team_h,533.2070740740741,0.12508591065292096,2766
jiang_long_tight_300,jiang_long_tight,300,12,11,shift_h,768.0,0.12508591065292096,2771
jiang_long_tight_300,jiang_long_tight,300,12,11,shift_ot_h,771.6588888888889,0.12508591065292096,2820
jiang_long_tight_300,jiang_long_tight,300,12,11,crew_veh_h,596.165074074074,0.12508591065292096,2771
jiang_long_tight_300,jiang_long_tight,300,12,11,crew_team_h,527.7396666666667,0.12508591065292096,2771
jiang_long_tight_325,jiang_long_tight,325,11,11,shift_h,704.0,0.09965635738831616,2766
jiang_long_tight_325,jiang_long_tight,325,11,11,shift_ot_h,709.4182222222222,0.09965635738831616,2786
jiang_long_tight_325,jiang_long_tight,325,11,11,crew_veh_h,582.9514444444444,0.09965635738831616,2766
jiang_long_tight_325,jiang_long_tight,325,11,11,crew_team_h,528.6596296296295,0.09965635738831616,2766
jiang_long_tight_380,jiang_long_tight,380,10,10,shift_h,640.0,0.053951890034364264,2767
jiang_long_tight_380,jiang_long_tight,380,10,10,shift_ot_h,646.5213333333334,0.053951890034364264,2778
jiang_long_tight_380,jiang_long_tight,380,10,10,crew_veh_h,554.9304814814815,0.053951890034364264,2767
jiang_long_tight_380,jiang_long_tight,380,10,10,crew_team_h,525.4898148148147,0.053951890034364264,2767
jiang_long_tight_380,jiang_long_tight,380,11,10,shift_h,704.0,0.053951890034364264,2817
jiang_long_tight_380,jiang_long_tight,380,11,10,shift_ot_h,707.8602222222222,0.053951890034364264,2850
jiang_long_tight_380,jiang_long_tight,380,11,10,crew_veh_h,548.5241481481481,0.053951890034364264,2817
jiang_long_tight_380,jiang_long_tight,380,11,10,crew_team_h,519.0834814814815,0.053951890034364264,2817
jiang_long_tight_425,jiang_long_tight,425,10,10,shift_h,640.0,0.012714776632302405,2816
jiang_long_tight_425,jiang_long_tight,425,10,10,shift_ot_h,644.0208333333334,0.012714776632302405,2813
jiang_long_tight_425,jiang_long_tight,425,10,10,crew_veh_h,522.0406296296298,0.012714776632302405,2816
jiang_long_tight_425,jiang_long_tight,425,10,10,crew_team_h,515.2771851851853,0.012714776632302405,2816
jiang_long_tight_500,jiang_long_tight,500,9,9,shift_h,576.0,0.0,2766
jiang_long_tight_500,jiang_long_tight,500,9,9,shift_ot_h,582.1992777777778,0.0,2777
jiang_long_tight_500,jiang_long_tight,500,9,9,crew_veh_h,518.5846666666666,0.0,2766
jiang_long_tight_500,jiang_long_tight,500,9,9,crew_team_h,518.5846666666666,0.0,2766
jiang_long_tight_500,jiang_long_tight,500,10,9,shift_h,640.0,0.0,2773
jiang_long_tight_500,jiang_long_tight,500,10,9,shift_ot_h,644.1023333333334,0.0,2846
jiang_long_tight_500,jiang_long_tight,500,10,9,crew_veh_h,512.005962962963,0.0,2773
jiang_long_tight_500,jiang_long_tight,500,10,9,crew_team_h,512.005962962963,0.0,2773
jiang_long_tight_550,jiang_long_tight,550,9,9,shift_h,576.0,0.0,2766
jiang_long_tight_550,jiang_long_tight,550,9,9,shift_ot_h,582.1992777777778,0.0,2777
jiang_long_tight_550,jiang_long_tight,550,9,9,crew_veh_h,518.5846666666666,0.0,2766
jiang_long_tight_550,jiang_long_tight,550,9,9,crew_team_h,518.5846666666666,0.0,2766
jiang_long_tight_550,jiang_long_tight,550,10,9,shift_h,640.0,0.0,2773
jiang_long_tight_550,jiang_long_tight,550,10,9,shift_ot_h,644.1023333333334,0.0,2846
jiang_long_tight_550,jiang_long_tight,550,10,9,crew_veh_h,512.005962962963,0.0,2773
jiang_long_tight_550,jiang_long_tight,550,10,9,crew_team_h,512.005962962963,0.0,2773
jiang_long_tight_MX1,jiang_long_tight,MX1,12,12,shift_h,768.0,0.16735395189003435,2765
jiang_long_tight_MX1,jiang_long_tight,MX1,12,12,shift_ot_h,775.9357222222222,0.1697594501718213,2768
jiang_long_tight_MX1,jiang_long_tight,MX1,12,12,crew_veh_h,634.3612592592593,0.16735395189003435,2765
jiang_long_tight_MX1,jiang_long_tight,MX1,12,12,crew_team_h,540.7043333333335,0.16804123711340208,2765
jiang_long_tight_MX1,jiang_long_tight,MX1,13,12,shift_h,832.0,0.16391752577319588,2765
jiang_long_tight_MX1,jiang_long_tight,MX1,13,12,shift_ot_h,836.9953888888889,0.16907216494845362,2833
jiang_long_tight_MX1,jiang_long_tight,MX1,13,12,crew_veh_h,628.477925925926,0.16391752577319588,2765
jiang_long_tight_MX1,jiang_long_tight,MX1,13,12,crew_team_h,536.3525185185185,0.16804123711340208,2789
jiang_long_tight_MX2,jiang_long_tight,MX2,11,11,shift_h,704.0,0.0725085910652921,2765
jiang_long_tight_MX2,jiang_long_tight,MX2,11,11,shift_ot_h,710.2861111111112,0.08041237113402062,2774
jiang_long_tight_MX2,jiang_long_tight,MX2,11,11,crew_veh_h,570.962185185185,0.0725085910652921,2765
jiang_long_tight_MX2,jiang_long_tight,MX2,11,11,crew_team_h,528.3891481481481,0.07766323024054983,2765
jiang_long_tight_MX2,jiang_long_tight,MX2,12,11,shift_h,768.0,0.07285223367697595,2765
jiang_long_tight_MX2,jiang_long_tight,MX2,12,11,shift_ot_h,772.0096111111111,0.0879725085910653,2836
jiang_long_tight_MX2,jiang_long_tight,MX2,12,11,crew_veh_h,569.0881851851852,0.07285223367697595,2765
jiang_long_tight_MX2,jiang_long_tight,MX2,12,11,crew_team_h,525.9502592592593,0.08419243986254296,2786
jiang_massdep_baseline_200,jiang_massdep_baseline,200,13,13,shift_h,832.0,0.5979381443298969,2766
jiang_massdep_baseline_200,jiang_massdep_baseline,200,13,13,shift_ot_h,872.1531111111111,0.5979381443298969,2826
jiang_massdep_baseline_200,jiang_massdep_baseline,200,13,13,crew_veh_h,792.5440740740739,0.5979381443298969,2766
jiang_massdep_baseline_200,jiang_massdep_baseline,200,13,13,crew_team_h,489.03214814814805,0.5979381443298969,2766
jiang_massdep_baseline_250,jiang_massdep_baseline,250,11,11,shift_h,704.0,0.3415807560137457,2765
jiang_massdep_baseline_250,jiang_massdep_baseline,250,11,11,shift_ot_h,730.9151111111111,0.3415807560137457,2877
jiang_massdep_baseline_250,jiang_massdep_baseline,250,11,11,crew_veh_h,632.3759629629628,0.3415807560137457,2765
jiang_massdep_baseline_250,jiang_massdep_baseline,250,11,11,crew_team_h,455.8835185185186,0.3415807560137457,2765
jiang_massdep_baseline_270,jiang_massdep_baseline,270,10,10,shift_h,640.0,0.277319587628866,2772
jiang_massdep_baseline_270,jiang_massdep_baseline,270,10,10,shift_ot_h,669.6235,0.277319587628866,2851
jiang_massdep_baseline_270,jiang_massdep_baseline,270,10,10,crew_veh_h,596.156074074074,0.277319587628866,2772
jiang_massdep_baseline_270,jiang_massdep_baseline,270,10,10,crew_team_h,450.67218518518524,0.277319587628866,2772
jiang_massdep_baseline_300,jiang_massdep_baseline,300,9,9,shift_h,576.0,0.12508591065292096,2844
jiang_massdep_baseline_300,jiang_massdep_baseline,300,9,9,shift_ot_h,593.6673888888889,0.12508591065292096,2902
jiang_massdep_baseline_300,jiang_massdep_baseline,300,9,9,crew_veh_h,495.4732222222222,0.12508591065292096,2844
jiang_massdep_baseline_300,jiang_massdep_baseline,300,9,9,crew_team_h,426.3711481481483,0.12508591065292096,2844
jiang_massdep_baseline_325,jiang_massdep_baseline,325,8,8,shift_h,512.0,0.09965635738831616,2855
jiang_massdep_baseline_325,jiang_massdep_baseline,325,8,8,shift_ot_h,535.3982777777778,0.09965635738831616,2851
jiang_massdep_baseline_325,jiang_massdep_baseline,325,8,8,crew_veh_h,483.18677777777793,0.09965635738831616,2855
jiang_massdep_baseline_325,jiang_massdep_baseline,325,8,8,crew_team_h,427.50807407407416,0.09965635738831616,2855
jiang_massdep_baseline_380,jiang_massdep_baseline,380,8,8,shift_h,512.0,0.053951890034364264,2905
jiang_massdep_baseline_380,jiang_massdep_baseline,380,8,8,shift_ot_h,527.7548333333333,0.053951890034364264,2905
jiang_massdep_baseline_380,jiang_massdep_baseline,380,8,8,crew_veh_h,448.1041481481481,0.053951890034364264,2905
jiang_massdep_baseline_380,jiang_massdep_baseline,380,8,8,crew_team_h,416.5236296296295,0.053951890034364264,2905
jiang_massdep_baseline_425,jiang_massdep_baseline,425,7,7,shift_h,448.0,0.012714776632302405,2899
jiang_massdep_baseline_425,jiang_massdep_baseline,425,7,7,shift_ot_h,467.4592777777778,0.012714776632302405,2899
jiang_massdep_baseline_425,jiang_massdep_baseline,425,7,7,crew_veh_h,421.0025555555555,0.012714776632302405,2899
jiang_massdep_baseline_425,jiang_massdep_baseline,425,7,7,crew_team_h,413.1646296296296,0.012714776632302405,2899
jiang_massdep_baseline_500,jiang_massdep_baseline,500,7,7,shift_h,448.0,0.0,2910
jiang_massdep_baseline_500,jiang_massdep_baseline,500,7,7,shift_ot_h,464.15472222222223,0.0,2910
jiang_massdep_baseline_500,jiang_massdep_baseline,500,7,7,crew_veh_h,408.4738888888888,0.0,2910
jiang_massdep_baseline_500,jiang_massdep_baseline,500,7,7,crew_team_h,408.4738888888888,0.0,2910
jiang_massdep_baseline_550,jiang_massdep_baseline,550,7,7,shift_h,448.0,0.0,2910
jiang_massdep_baseline_550,jiang_massdep_baseline,550,7,7,shift_ot_h,464.15472222222223,0.0,2910
jiang_massdep_baseline_550,jiang_massdep_baseline,550,7,7,crew_veh_h,408.4738888888888,0.0,2910
jiang_massdep_baseline_550,jiang_massdep_baseline,550,7,7,crew_team_h,408.4738888888888,0.0,2910
jiang_massdep_baseline_MX1,jiang_massdep_baseline,MX1,9,9,shift_h,576.0,0.14776632302405499,2768
jiang_massdep_baseline_MX1,jiang_massdep_baseline,MX1,9,9,shift_ot_h,600.1827222222222,0.152233676975945,2859
jiang_massdep_baseline_MX1,jiang_massdep_baseline,MX1,9,9,crew_veh_h,514.7911111111111,0.14776632302405499,2768
jiang_massdep_baseline_MX1,jiang_massdep_baseline,MX1,9,9,crew_team_h,436.52085185185183,0.14982817869415807,2789
jiang_massdep_baseline_MX2,jiang_massdep_baseline,MX2,8,8,shift_h,512.0,0.04054982817869416,2765
jiang_massdep_baseline_MX2,jiang_massdep_baseline,MX2,8,8,shift_ot_h,532.3961666666667,0.056357388316151204,2882
jiang_massdep_baseline_MX2,jiang_massdep_baseline,MX2,8,8,crew_veh_h,444.72707407407415,0.04054982817869416,2765
jiang_massdep_baseline_MX2,jiang_massdep_baseline,MX2,8,8,crew_team_h,422.6655555555556,0.04536082474226804,2803
jiang_massdep_tight_200,jiang_massdep_tight,200,15,15,shift_h,960.0,0.5979381443298969,2765
jiang_massdep_tight_200,jiang_massdep_tight,200,15,15,shift_ot_h,968.3398333333333,0.5979381443298969,2795
jiang_massdep_tight_200,jiang_massdep_tight,200,15,15,crew_veh_h,792.0812222222223,0.5979381443298969,2765
jiang_massdep_tight_200,jiang_massdep_tight,200,15,15,crew_team_h,488.56929629629644,0.5979381443298969,2765
jiang_massdep_tight_250,jiang_massdep_tight,250,12,12,shift_h,768.0,0.3415807560137457,2765
jiang_massdep_tight_250,jiang_massdep_tight,250,12,12,shift_ot_h,776.0836111111112,0.3415807560137457,2793
jiang_massdep_tight_250,jiang_massdep_tight,250,12,12,crew_veh_h,636.7269629629631,0.3415807560137457,2765
jiang_massdep_tight_250,jiang_massdep_tight,250,12,12,crew_team_h,460.2345185185186,0.3415807560137457,2765
jiang_massdep_tight_270,jiang_massdep_tight,270,11,11,shift_h,704.0,0.277319587628866,2765
jiang_massdep_tight_270,jiang_massdep_tight,270,11,11,shift_ot_h,713.2629444444444,0.277319587628866,2782
jiang_massdep_tight_270,jiang_massdep_tight,270,11,11,crew_veh_h,598.594962962963,0.277319587628866,2765
jiang_massdep_tight_270,jiang_massdep_tight,270,11,11,crew_team_h,453.11107407407417,0.277319587628866,2765
jiang_massdep_tight_300,jiang_massdep_tight,300,9,9,shift_h,576.0,0.12508591065292096,2765
jiang_massdep_tight_300,jiang_massdep_tight,300,9,9,shift_ot_h,583.5271111111111,0.12508591065292096,2784
jiang_massdep_tight_300,jiang_massdep_tight,300,9,9,crew_veh_h,501.8057777777778,0.12508591065292096,2765
jiang_massdep_tight_300,jiang_massdep_tight,300,9,9,crew_team_h,432.7037037037037,0.12508591065292096,2765
jiang_massdep_tight_325,jiang_massdep_tight,325,9,9,shift_h,576.0,0.09965635738831616,2810
jiang_massdep_tight_325,jiang_massdep_tight,325,9,9,shift_ot_h,581.55,0.09965635738831616,2827
jiang_massdep_tight_325,jiang_massdep_tight,325,9,9,crew_veh_h,482.9515185185184,0.09965635738831616,2810
jiang_massdep_tight_325,jiang_massdep_tight,325,9,9,crew_team_h,427.2728148148149,0.09965635738831616,2810
jiang_massdep_tight_380,jiang_massdep_tight,380,8,8,shift_h,512.0,0.053951890034364264,2767
jiang_massdep_tight_380,jiang_massdep_tight,380,8,8,shift_ot_h,519.1824444444444,0.053951890034364264,2826
jiang_massdep_tight_380,jiang_massdep_tight,380,8,8,crew_veh_h,454.4219259259259,0.053951890034364264,2767
jiang_massdep_tight_380,jiang_massdep_tight,380,8,8,crew_team_h,422.8414074074075,0.053951890034364264,2767
jiang_massdep_tight_425,jiang_massdep_tight,425,7,7,shift_h,448.0,0.012714776632302405,2765
jiang_massdep_tight_425,jiang_massdep_tight,425,7,7,shift_ot_h,455.2735,0.012714776632302405,2765
jiang_massdep_tight_425,jiang_massdep_tight,425,7,7,crew_veh_h,426.0045185185185,0.012714776632302405,2765
jiang_massdep_tight_425,jiang_massdep_tight,425,7,7,crew_team_h,418.1665925925925,0.012714776632302405,2765
jiang_massdep_tight_425,jiang_massdep_tight,425,8,7,shift_h,512.0,0.012714776632302405,2846
jiang_massdep_tight_425,jiang_massdep_tight,425,8,7,shift_ot_h,515.1126666666667,0.012714776632302405,2889
jiang_massdep_tight_425,jiang_massdep_tight,425,8,7,crew_veh_h,420.6895185185185,0.012714776632302405,2846
jiang_massdep_tight_425,jiang_massdep_tight,425,8,7,crew_team_h,412.85159259259257,0.012714776632302405,2846
jiang_massdep_tight_500,jiang_massdep_tight,500,7,7,shift_h,448.0,0.0,2777
jiang_massdep_tight_500,jiang_massdep_tight,500,7,7,shift_ot_h,452.63716666666664,0.0,2860
jiang_massdep_tight_500,jiang_massdep_tight,500,7,7,crew_veh_h,416.73481481481474,0.0,2777
jiang_massdep_tight_500,jiang_massdep_tight,500,7,7,crew_team_h,416.73481481481474,0.0,2777
jiang_massdep_tight_550,jiang_massdep_tight,550,7,7,shift_h,448.0,0.0,2777
jiang_massdep_tight_550,jiang_massdep_tight,550,7,7,shift_ot_h,452.63716666666664,0.0,2860
jiang_massdep_tight_550,jiang_massdep_tight,550,7,7,crew_veh_h,416.73481481481474,0.0,2777
jiang_massdep_tight_550,jiang_massdep_tight,550,7,7,crew_team_h,416.73481481481474,0.0,2777
jiang_massdep_tight_MX1,jiang_massdep_tight,MX1,10,10,shift_h,640.0,0.15876288659793814,2765
jiang_massdep_tight_MX1,jiang_massdep_tight,MX1,10,10,shift_ot_h,646.8418888888889,0.16426116838487972,2818
jiang_massdep_tight_MX1,jiang_massdep_tight,MX1,10,10,crew_veh_h,523.9025185185184,0.15876288659793814,2765
jiang_massdep_tight_MX1,jiang_massdep_tight,MX1,10,10,crew_team_h,438.601,0.16323024054982818,2766
jiang_massdep_tight_MX2,jiang_massdep_tight,MX2,8,8,shift_h,512.0,0.06632302405498282,2765
jiang_massdep_tight_MX2,jiang_massdep_tight,MX2,8,8,shift_ot_h,521.5889444444445,0.06804123711340206,2765
jiang_massdep_tight_MX2,jiang_massdep_tight,MX2,8,8,crew_veh_h,463.4963333333333,0.06632302405498282,2765
jiang_massdep_tight_MX2,jiang_massdep_tight,MX2,8,8,crew_team_h,428.2901481481482,0.06735395189003436,2765
jiang_massdep_tight_MX2,jiang_massdep_tight,MX2,9,8,shift_h,576.0,0.06219931271477663,2765
jiang_massdep_tight_MX2,jiang_massdep_tight,MX2,9,8,shift_ot_h,581.445,0.07525773195876288,2833
jiang_massdep_tight_MX2,jiang_massdep_tight,MX2,9,8,crew_veh_h,459.7095925925926,0.06219931271477663,2765
jiang_massdep_tight_MX2,jiang_massdep_tight,MX2,9,8,crew_team_h,425.8247037037037,0.06666666666666667,2765
jiang_short_baseline_200,jiang_short_baseline,200,9,9,shift_h,576.0,0.5979381443298969,2771
jiang_short_baseline_200,jiang_short_baseline,200,9,9,shift_ot_h,600.4962777777778,0.5979381443298969,2880
jiang_short_baseline_200,jiang_short_baseline,200,9,9,crew_veh_h,550.7696666666667,0.5979381443298969,2771
jiang_short_baseline_200,jiang_short_baseline,200,9,9,crew_team_h,357.280037037037,0.5979381443298969,2771
jiang_short_baseline_250,jiang_short_baseline,250,7,7,shift_h,448.0,0.3415807560137457,2807
jiang_short_baseline_250,jiang_short_baseline,250,7,7,shift_ot_h,476.38883333333337,0.3415807560137457,2827
jiang_short_baseline_250,jiang_short_baseline,250,7,7,crew_veh_h,438.56574074074075,0.3415807560137457,2807
jiang_short_baseline_250,jiang_short_baseline,250,7,7,crew_team_h,330.43155555555563,0.3415807560137457,2807
jiang_short_baseline_270,jiang_short_baseline,270,7,7,shift_h,448.0,0.277319587628866,2902
jiang_short_baseline_270,jiang_short_baseline,270,7,7,shift_ot_h,462.69983333333334,0.277319587628866,2902
jiang_short_baseline_270,jiang_short_baseline,270,7,7,crew_veh_h,402.48344444444433,0.277319587628866,2902
jiang_short_baseline_270,jiang_short_baseline,270,7,7,crew_team_h,314.32000000000005,0.277319587628866,2902
jiang_short_baseline_300,jiang_short_baseline,300,6,6,shift_h,384.0,0.12508591065292096,2908
jiang_short_baseline_300,jiang_short_baseline,300,6,6,shift_ot_h,395.49111111111114,0.12508591065292096,2908
jiang_short_baseline_300,jiang_short_baseline,300,6,6,crew_veh_h,333.2935925925927,0.12508591065292096,2908
jiang_short_baseline_300,jiang_short_baseline,300,6,6,crew_team_h,293.6401111111111,0.12508591065292096,2908
jiang_short_baseline_325,jiang_short_baseline,325,6,6,shift_h,384.0,0.09965635738831616,2910
jiang_short_baseline_325,jiang_short_baseline,325,6,6,shift_ot_h,393.45127777777776,0.09965635738831616,2910
jiang_short_baseline_325,jiang_short_baseline,325,6,6,crew_veh_h,320.6256296296296,0.09965635738831616,2910
jiang_short_baseline_325,jiang_short_baseline,325,6,6,crew_team_h,289.0754444444445,0.09965635738831616,2910
jiang_short_baseline_380,jiang_short_baseline,380,5,5,shift_h,320.0,0.053951890034364264,2888
jiang_short_baseline_380,jiang_short_baseline,380,5,5,shift_ot_h,334.25983333333335,0.053951890034364264,2888
jiang_short_baseline_380,jiang_short_baseline,380,5,5,crew_veh_h,304.2695925925926,0.053951890034364264,2888
jiang_short_baseline_380,jiang_short_baseline,380,5,5,crew_team_h,287.0281111111111,0.053951890034364264,2888
jiang_short_baseline_425,jiang_short_baseline,425,5,5,shift_h,320.0,0.012714776632302405,2910
jiang_short_baseline_425,jiang_short_baseline,425,5,5,shift_ot_h,330.9595,0.012714776632302405,2910
jiang_short_baseline_425,jiang_short_baseline,425,5,5,crew_veh_h,281.6419259259259,0.012714776632302405,2910
jiang_short_baseline_425,jiang_short_baseline,425,5,5,crew_team_h,277.59644444444444,0.012714776632302405,2910
jiang_short_baseline_500,jiang_short_baseline,500,5,5,shift_h,320.0,0.0,2910
jiang_short_baseline_500,jiang_short_baseline,500,5,5,shift_ot_h,330.5648888888889,0.0,2910
jiang_short_baseline_500,jiang_short_baseline,500,5,5,crew_veh_h,275.1708888888889,0.0,2910
jiang_short_baseline_500,jiang_short_baseline,500,5,5,crew_team_h,275.1708888888889,0.0,2910
jiang_short_baseline_550,jiang_short_baseline,550,5,5,shift_h,320.0,0.0,2910
jiang_short_baseline_550,jiang_short_baseline,550,5,5,shift_ot_h,330.5648888888889,0.0,2910
jiang_short_baseline_550,jiang_short_baseline,550,5,5,crew_veh_h,275.1708888888889,0.0,2910
jiang_short_baseline_550,jiang_short_baseline,550,5,5,crew_team_h,275.1708888888889,0.0,2910
jiang_short_baseline_MX1,jiang_short_baseline,MX1,5,5,shift_h,320.0,0.06254295532646048,2768
jiang_short_baseline_MX1,jiang_short_baseline,MX1,5,5,shift_ot_h,342.9456666666667,0.06597938144329897,2814
jiang_short_baseline_MX1,jiang_short_baseline,MX1,5,5,crew_veh_h,318.1901481481482,0.06254295532646048,2768
jiang_short_baseline_MX1,jiang_short_baseline,MX1,5,5,crew_team_h,297.1885555555556,0.06426116838487972,2786
jiang_short_baseline_MX1,jiang_short_baseline,MX1,6,5,shift_h,384.0,0.06013745704467354,2806
jiang_short_baseline_MX1,jiang_short_baseline,MX1,6,5,shift_ot_h,394.332,0.06632302405498282,2910
jiang_short_baseline_MX1,jiang_short_baseline,MX1,6,5,crew_veh_h,309.79692592592596,0.06013745704467354,2806
jiang_short_baseline_MX1,jiang_short_baseline,MX1,6,5,crew_team_h,288.9972592592593,0.06323024054982818,2882
jiang_short_baseline_MX2,jiang_short_baseline,MX2,5,5,shift_h,320.0,0.0010309278350515464,2864
jiang_short_baseline_MX2,jiang_short_baseline,MX2,5,5,shift_ot_h,330.60433333333333,0.002061855670103093,2910
jiang_short_baseline_MX2,jiang_short_baseline,MX2,5,5,crew_veh_h,278.91740740740744,0.0010309278350515464,2864
jiang_short_baseline_MX2,jiang_short_baseline,MX2,5,5,crew_team_h,278.5471111111111,0.0013745704467353953,2899
jiang_short_tight_200,jiang_short_tight,200,10,10,shift_h,640.0,0.5979381443298969,2808
jiang_short_tight_200,jiang_short_tight,200,10,10,shift_ot_h,643.4024444444444,0.5979381443298969,2877
jiang_short_tight_200,jiang_short_tight,200,10,10,crew_veh_h,547.3904814814814,0.5979381443298969,2808
jiang_short_tight_200,jiang_short_tight,200,10,10,crew_team_h,353.9008518518518,0.5979381443298969,2808
jiang_short_tight_250,jiang_short_tight,250,8,8,shift_h,512.0,0.3415807560137457,2889
jiang_short_tight_250,jiang_short_tight,250,8,8,shift_ot_h,515.5900555555555,0.3415807560137457,2882
jiang_short_tight_250,jiang_short_tight,250,8,8,crew_veh_h,429.65703703703707,0.3415807560137457,2889
jiang_short_tight_250,jiang_short_tight,250,8,8,crew_team_h,321.52285185185184,0.3415807560137457,2889
jiang_short_tight_270,jiang_short_tight,270,7,7,shift_h,448.0,0.277319587628866,2774
jiang_short_tight_270,jiang_short_tight,270,7,7,shift_ot_h,456.76466666666664,0.277319587628866,2804
jiang_short_tight_270,jiang_short_tight,270,7,7,crew_veh_h,409.09359259259253,0.277319587628866,2774
jiang_short_tight_270,jiang_short_tight,270,7,7,crew_team_h,320.93014814814813,0.277319587628866,2774
jiang_short_tight_270,jiang_short_tight,270,8,7,shift_h,512.0,0.277319587628866,2905
jiang_short_tight_270,jiang_short_tight,270,8,7,shift_ot_h,514.8012222222222,0.277319587628866,2895
jiang_short_tight_270,jiang_short_tight,270,8,7,crew_veh_h,399.2241111111112,0.277319587628866,2905
jiang_short_tight_270,jiang_short_tight,270,8,7,crew_team_h,311.06066666666663,0.277319587628866,2905
jiang_short_tight_300,jiang_short_tight,300,6,6,shift_h,384.0,0.12508591065292096,2859
jiang_short_tight_300,jiang_short_tight,300,6,6,shift_ot_h,387.98477777777777,0.12508591065292096,2847
jiang_short_tight_300,jiang_short_tight,300,6,6,crew_veh_h,337.626925925926,0.12508591065292096,2859
jiang_short_tight_300,jiang_short_tight,300,6,6,crew_team_h,297.97344444444457,0.12508591065292096,2859
jiang_short_tight_325,jiang_short_tight,325,6,6,shift_h,384.0,0.09965635738831616,2837
jiang_short_tight_325,jiang_short_tight,325,6,6,shift_ot_h,386.5287222222222,0.09965635738831616,2885
jiang_short_tight_325,jiang_short_tight,325,6,6,crew_veh_h,324.04122222222225,0.09965635738831616,2837
jiang_short_tight_325,jiang_short_tight,325,6,6,crew_team_h,292.4910370370371,0.09965635738831616,2837
jiang_short_tight_380,jiang_short_tight,380,6,6,shift_h,384.0,0.053951890034364264,2906
jiang_short_tight_380,jiang_short_tight,380,6,6,shift_ot_h,385.59855555555555,0.053951890034364264,2900
jiang_short_tight_380,jiang_short_tight,380,6,6,crew_veh_h,300.80718518518523,0.053951890034364264,2906
jiang_short_tight_380,jiang_short_tight,380,6,6,crew_team_h,283.56570370370366,0.053951890034364264,2906
jiang_short_tight_425,jiang_short_tight,425,5,5,shift_h,320.0,0.012714776632302405,2897
jiang_short_tight_425,jiang_short_tight,425,5,5,shift_ot_h,322.5268888888889,0.012714776632302405,2897
jiang_short_tight_425,jiang_short_tight,425,5,5,crew_veh_h,285.2155185185185,0.012714776632302405,2897
jiang_short_tight_425,jiang_short_tight,425,5,5,crew_team_h,281.17003703703705,0.012714776632302405,2897
jiang_short_tight_500,jiang_short_tight,500,5,5,shift_h,320.0,0.0,2855
jiang_short_tight_500,jiang_short_tight,500,5,5,shift_ot_h,322.36283333333336,0.0,2909
jiang_short_tight_500,jiang_short_tight,500,5,5,crew_veh_h,277.62481481481484,0.0,2855
jiang_short_tight_500,jiang_short_tight,500,5,5,crew_team_h,277.62481481481484,0.0,2855
jiang_short_tight_550,jiang_short_tight,550,5,5,shift_h,320.0,0.0,2855
jiang_short_tight_550,jiang_short_tight,550,5,5,shift_ot_h,322.36283333333336,0.0,2909
jiang_short_tight_550,jiang_short_tight,550,5,5,crew_veh_h,277.62481481481484,0.0,2855
jiang_short_tight_550,jiang_short_tight,550,5,5,crew_team_h,277.62481481481484,0.0,2855
jiang_short_tight_MX1,jiang_short_tight,MX1,6,6,shift_h,384.0,0.07663230240549829,2766
jiang_short_tight_MX1,jiang_short_tight,MX1,6,6,shift_ot_h,387.1018888888889,0.09003436426116838,2885
jiang_short_tight_MX1,jiang_short_tight,MX1,6,6,crew_veh_h,319.74159259259255,0.07663230240549829,2766
jiang_short_tight_MX1,jiang_short_tight,MX1,6,6,crew_team_h,294.68077777777773,0.07903780068728522,2765
jiang_short_tight_MX2,jiang_short_tight,MX2,5,5,shift_h,320.0,0.003780068728522337,2787
jiang_short_tight_MX2,jiang_short_tight,MX2,5,5,shift_ot_h,322.57561111111113,0.00584192439862543,2895
jiang_short_tight_MX2,jiang_short_tight,MX2,5,5,crew_veh_h,284.6612222222222,0.003780068728522337,2787
jiang_short_tight_MX2,jiang_short_tight,MX2,5,5,crew_team_h,283.34062962962963,0.004810996563573883,2767
lightskew_long_baseline_200,lightskew_long_baseline,200,15,15,shift_h,960.0,0.5474226804123712,2766
lightskew_long_baseline_200,lightskew_long_baseline,200,15,15,shift_ot_h,998.5875,0.5474226804123712,2845
lightskew_long_baseline_200,lightskew_long_baseline,200,15,15,crew_veh_h,899.8337407407408,0.5474226804123712,2766
lightskew_long_baseline_200,lightskew_long_baseline,200,15,15,crew_team_h,580.0750740740739,0.5474226804123712,2766
lightskew_long_baseline_250,lightskew_long_baseline,250,12,12,shift_h,768.0,0.31374570446735395,2767
lightskew_long_baseline_250,lightskew_long_baseline,250,12,12,shift_ot_h,797.4764444444445,0.31374570446735395,2838
lightskew_long_baseline_250,lightskew_long_baseline,250,12,12,crew_veh_h,722.529148148148,0.31374570446735395,2767
lightskew_long_baseline_250,lightskew_long_baseline,250,12,12,crew_team_h,552.0649259259261,0.31374570446735395,2767
lightskew_long_baseline_270,lightskew_long_baseline,270,11,11,shift_h,704.0,0.22577319587628866,2776
lightskew_long_baseline_270,lightskew_long_baseline,270,11,11,shift_ot_h,732.6212777777778,0.22577319587628866,2844
lightskew_long_baseline_270,lightskew_long_baseline,270,11,11,crew_veh_h,664.5855555555555,0.22577319587628866,2776
lightskew_long_baseline_270,lightskew_long_baseline,270,11,11,crew_team_h,541.6867777777779,0.22577319587628866,2776
lightskew_long_baseline_300,lightskew_long_baseline,300,10,10,shift_h,640.0,0.09003436426116838,2886
lightskew_long_baseline_300,lightskew_long_baseline,300,10,10,shift_ot_h,661.1188888888889,0.09003436426116838,2889
lightskew_long_baseline_300,lightskew_long_baseline,300,10,10,crew_veh_h,567.4192592592592,0.09003436426116838,2886
lightskew_long_baseline_300,lightskew_long_baseline,300,10,10,crew_team_h,518.8986296296296,0.09003436426116838,2886
lightskew_long_baseline_325,lightskew_long_baseline,325,9,9,shift_h,576.0,0.07594501718213058,2773
lightskew_long_baseline_325,lightskew_long_baseline,325,9,9,shift_ot_h,608.2046666666666,0.07594501718213058,2826
lightskew_long_baseline_325,lightskew_long_baseline,325,9,9,crew_veh_h,564.7900000000002,0.07594501718213058,2773
lightskew_long_baseline_325,lightskew_long_baseline,325,9,9,crew_team_h,523.7307777777777,0.07594501718213058,2773
lightskew_long_baseline_380,lightskew_long_baseline,380,9,9,shift_h,576.0,0.052920962199312714,2772
lightskew_long_baseline_380,lightskew_long_baseline,380,9,9,shift_ot_h,600.7341111111111,0.052920962199312714,2878
lightskew_long_baseline_380,lightskew_long_baseline,380,9,9,crew_veh_h,546.9073703703704,0.052920962199312714,2772
lightskew_long_baseline_380,lightskew_long_baseline,380,9,9,crew_team_h,518.3008148148148,0.052920962199312714,2772
lightskew_long_baseline_425,lightskew_long_baseline,425,9,9,shift_h,576.0,0.031958762886597936,2905
lightskew_long_baseline_425,lightskew_long_baseline,425,9,9,shift_ot_h,596.8345555555555,0.031958762886597936,2904
lightskew_long_baseline_425,lightskew_long_baseline,425,9,9,crew_veh_h,529.0671111111111,0.031958762886597936,2905
lightskew_long_baseline_425,lightskew_long_baseline,425,9,9,crew_team_h,511.8605185185186,0.031958762886597936,2905
lightskew_long_baseline_500,lightskew_long_baseline,500,8,8,shift_h,512.0,0.0,2787
lightskew_long_baseline_500,lightskew_long_baseline,500,8,8,shift_ot_h,539.4117222222222,0.0,2883
lightskew_long_baseline_500,lightskew_long_baseline,500,8,8,crew_veh_h,512.6866666666667,0.0,2787
lightskew_long_baseline_500,lightskew_long_baseline,500,8,8,crew_team_h,512.6866666666667,0.0,2787
lightskew_long_baseline_550,lightskew_long_baseline,550,8,8,shift_h,512.0,0.0,2787
lightskew_long_baseline_550,lightskew_long_baseline,550,8,8,shift_ot_h,539.4117222222222,0.0,2883
lightskew_long_baseline_550,lightskew_long_baseline,550,8,8,crew_veh_h,512.6866666666667,0.0,2787
lightskew_long_baseline_550,lightskew_long_baseline,550,8,8,crew_team_h,512.6866666666667,0.0,2787
lightskew_long_baseline_MX1,lightskew_long_baseline,MX1,10,10,shift_h,640.0,0.10721649484536082,2765
lightskew_long_baseline_MX1,lightskew_long_baseline,MX1,10,10,shift_ot_h,662.5001111111111,0.11271477663230241,2863
lightskew_long_baseline_MX1,lightskew_long_baseline,MX1,10,10,crew_veh_h,588.0686666666666,0.10721649484536082,2765
lightskew_long_baseline_MX1,lightskew_long_baseline,MX1,10,10,crew_team_h,529.0034814814813,0.10790378006872853,2767
lightskew_long_baseline_MX2,lightskew_long_baseline,MX2,9,9,shift_h,576.0,0.01958762886597938,2765
lightskew_long_baseline_MX2,lightskew_long_baseline,MX2,9,9,shift_ot_h,599.7305555555555,0.03161512027491409,2884
lightskew_long_baseline_MX2,lightskew_long_baseline,MX2,9,9,crew_veh_h,529.7063703703703,0.01958762886597938,2765
lightskew_long_baseline_MX2,lightskew_long_baseline,MX2,9,9,crew_team_h,518.2058148148149,0.02268041237113402,2780
lightskew_long_tight_200,lightskew_long_tight,200,18,18,shift_h,1152.0,0.5474226804123712,2786
lightskew_long_tight_200,lightskew_long_tight,200,18,18,shift_ot_h,1157.483,0.5474226804123712,2812
lightskew_long_tight_200,lightskew_long_tight,200,18,18,crew_veh_h,900.9944444444441,0.5474226804123712,2786
lightskew_long_tight_200,lightskew_long_tight,200,18,18,crew_team_h,581.2357777777778,0.5474226804123712,2786
lightskew_long_tight_250,lightskew_long_tight,250,14,14,shift_h,896.0,0.31374570446735395,2765
lightskew_long_tight_250,lightskew_long_tight,250,14,14,shift_ot_h,901.8189444444445,0.31374570446735395,2768
lightskew_long_tight_250,lightskew_long_tight,250,14,14,crew_veh_h,725.9198148148148,0.31374570446735395,2765
lightskew_long_tight_250,lightskew_long_tight,250,14,14,crew_team_h,555.4555925925926,0.31374570446735395,2765
lightskew_long_tight_270,lightskew_long_tight,270,13,13,shift_h,832.0,0.22577319587628866,2795
lightskew_long_tight_270,lightskew_long_tight,270,13,13,shift_ot_h,837.176,0.22577319587628866,2794
lightskew_long_tight_270,lightskew_long_tight,270,13,13,crew_veh_h,665.8415185185185,0.22577319587628866,2795
lightskew_long_tight_270,lightskew_long_tight,270,13,13,crew_team_h,542.9427407407406,0.22577319587628866,2795
lightskew_long_tight_300,lightskew_long_tight,300,11,11,shift_h,704.0,0.09003436426116838,2766
lightskew_long_tight_300,lightskew_long_tight,300,11,11,shift_ot_h,709.9464444444444,0.09003436426116838,2810
lightskew_long_tight_300,lightskew_long_tight,300,11,11,crew_veh_h,574.6888888888888,0.09003436426116838,2766
lightskew_long_tight_300,lightskew_long_tight,300,11,11,crew_team_h,526.1682592592592,0.09003436426116838,2766
lightskew_long_tight_325,lightskew_long_tight,325,11,11,shift_h,704.0,0.07594501718213058,2807
lightskew_long_tight_325,lightskew_long_tight,325,11,11,shift_ot_h,709.3592222222222,0.07594501718213058,2843
lightskew_long_tight_325,lightskew_long_tight,325,11,11,crew_veh_h,564.6404444444444,0.07594501718213058,2807
lightskew_long_tight_325,lightskew_long_tight,325,11,11,crew_team_h,523.5812222222222,0.07594501718213058,2807
lightskew_long_tight_380,lightskew_long_tight,380,10,10,shift_h,640.0,0.052920962199312714,2765
lightskew_long_tight_380,lightskew_long_tight,380,10,10,shift_ot_h,646.8090555555556,0.052920962199312714,2775
lightskew_long_tight_380,lightskew_long_tight,380,10,10,crew_veh_h,552.8924074074073,0.052920962199312714,2765
lightskew_long_tight_380,lightskew_long_tight,380,10,10,crew_team_h,524.2858518518518,0.052920962199312714,2765
lightskew_long_tight_380,lightskew_long_tight,380,11,10,shift_h,704.0,0.052920962199312714,2783
lightskew_long_tight_380,lightskew_long_tight,380,11,10,shift_ot_h,708.1801666666667,0.052920962199312714,2861
lightskew_long_tight_380,lightskew_long_tight,380,11,10,crew_veh_h,545.8528148148148,0.052920962199312714,2783
lightskew_long_tight_380,lightskew_long_tight,380,11,10,crew_team_h,517.2462592592591,0.052920962199312714,2783
lightskew_long_tight_425,lightskew_long_tight,425,10,10,shift_h,640.0,0.031958762886597936,2766
lightskew_long_tight_425,lightskew_long_tight,425,10,10,shift_ot_h,645.2989444444445,0.031958762886597936,2798
lightskew_long_tight_425,lightskew_long_tight,425,10,10,crew_veh_h,536.5647037037037,0.031958762886597936,2766
lightskew_long_tight_425,lightskew_long_tight,425,10,10,crew_team_h,519.358111111111,0.031958762886597936,2766
lightskew_long_tight_500,lightskew_long_tight,500,9,9,shift_h,576.0,0.0,2766
lightskew_long_tight_500,lightskew_long_tight,500,9,9,shift_ot_h,582.1992777777778,0.0,2777
lightskew_long_tight_500,lightskew_long_tight,500,9,9,crew_veh_h,518.5846666666666,0.0,2766
lightskew_long_tight_500,lightskew_long_tight,500,9,9,crew_team_h,518.5846666666666,0.0,2766
lightskew_long_tight_500,lightskew_long_tight,500,10,9,shift_h,640.0,0.0,2773
lightskew_long_tight_500,lightskew_long_tight,500,10,9,shift_ot_h,644.1023333333334,0.0,2846
lightskew_long_tight_500,lightskew_long_tight,500,10,9,crew_veh_h,512.005962962963,0.0,2773
lightskew_long_tight_500,lightskew_long_tight,500,10,9,crew_team_h,512.005962962963,0.0,2773
lightskew_long_tight_550,lightskew_long_tight,550,9,9,shift_h,576.0,0.0,2766
lightskew_long_tight_550,lightskew_long_tight,550,9,9,shift_ot_h,582.1992777777778,0.0,2777
lightskew_long_tight_550,lightskew_long_tight,550,9,9,crew_veh_h,518.5846666666666,0.0,2766
lightskew_long_tight_550,lightskew_long_tight,550,9,9,crew_team_h,518.5846666666666,0.0,2766
lightskew_long_tight_550,lightskew_long_tight,550,10,9,shift_h,640.0,0.0,2773
lightskew_long_tight_550,lightskew_long_tight,550,10,9,shift_ot_h,644.1023333333334,0.0,2846
lightskew_long_tight_550,lightskew_long_tight,550,10,9,crew_veh_h,512.005962962963,0.0,2773
lightskew_long_tight_550,lightskew_long_tight,550,10,9,crew_team_h,512.005962962963,0.0,2773
lightskew_long_tight_MX1,lightskew_long_tight,MX1,11,11,shift_h,704.0,0.12130584192439862,2765
lightskew_long_tight_MX1,lightskew_long_tight,MX1,11,11,shift_ot_h,709.7148888888889,0.12130584192439862,2765
lightskew_long_tight_MX1,lightskew_long_tight,MX1,11,11,crew_veh_h,603.0871481481481,0.12130584192439862,2765
lightskew_long_tight_MX1,lightskew_long_tight,MX1,11,11,crew_team_h,535.2462962962962,0.12336769759450172,2765
lightskew_long_tight_MX1,lightskew_long_tight,MX1,12,11,shift_h,768.0,0.11821305841924398,2765
lightskew_long_tight_MX1,lightskew_long_tight,MX1,12,11,shift_ot_h,771.9882222222222,0.12714776632302405,2813
lightskew_long_tight_MX1,lightskew_long_tight,MX1,12,11,crew_veh_h,597.3585185185186,0.11821305841924398,2765
lightskew_long_tight_MX1,lightskew_long_tight,MX1,12,11,crew_team_h,530.8199629629629,0.12268041237113401,2767
lightskew_long_tight_MX2,lightskew_long_tight,MX2,10,10,shift_h,640.0,0.04673539518900344,2766
lightskew_long_tight_MX2,lightskew_long_tight,MX2,10,10,shift_ot_h,645.9917222222223,0.04776632302405498,2766
lightskew_long_tight_MX2,lightskew_long_tight,MX2,10,10,crew_veh_h,552.5607037037036,0.04673539518900344,2766
lightskew_long_tight_MX2,lightskew_long_tight,MX2,10,10,crew_team_h,526.6006296296297,0.04673539518900344,2766
lightskew_long_tight_MX2,lightskew_long_tight,MX2,11,10,shift_h,704.0,0.038831615120274915,2765
lightskew_long_tight_MX2,lightskew_long_tight,MX2,11,10,shift_ot_h,708.1981111111111,0.047079037800687284,2811
lightskew_long_tight_MX2,lightskew_long_tight,MX2,11,10,crew_veh_h,544.1958888888889,0.038831615120274915,2765
lightskew_long_tight_MX2,lightskew_long_tight,MX2,11,10,crew_team_h,521.5255925925927,0.043642611683848795,2775
lightskew_massdep_baseline_200,lightskew_massdep_baseline,200,13,13,shift_h,832.0,0.5474226804123712,2765
lightskew_massdep_baseline_200,lightskew_massdep_baseline,200,13,13,shift_ot_h,873.5249444444445,0.5474226804123712,2823
lightskew_massdep_baseline_200,lightskew_massdep_baseline,200,13,13,crew_veh_h,792.179037037037,0.5474226804123712,2765
lightskew_massdep_baseline_200,lightskew_massdep_baseline,200,13,13,crew_team_h,495.72829629629626,0.5474226804123712,2765
lightskew_massdep_baseline_200,lightskew_massdep_baseline,200,14,13,shift_h,896.0,0.5474226804123712,2841
lightskew_massdep_baseline_200,lightskew_massdep_baseline,200,14,13,shift_ot_h,922.2216666666667,0.5474226804123712,2896
lightskew_massdep_baseline_200,lightskew_massdep_baseline,200,14,13,crew_veh_h,782.175962962963,0.5474226804123712,2841
lightskew_massdep_baseline_200,lightskew_massdep_baseline,200,14,13,crew_team_h,485.7252222222222,0.5474226804123712,2841
lightskew_massdep_baseline_250,lightskew_massdep_baseline,250,11,11,shift_h,704.0,0.31374570446735395,2838
lightskew_massdep_baseline_250,lightskew_massdep_baseline,250,11,11,shift_ot_h,722.7295,0.31374570446735395,2884
lightskew_massdep_baseline_250,lightskew_massdep_baseline,250,11,11,crew_veh_h,624.0487777777777,0.31374570446735395,2838
lightskew_massdep_baseline_250,lightskew_massdep_baseline,250,11,11,crew_team_h,460.5698518518518,0.31374570446735395,2838
lightskew_massdep_baseline_270,lightskew_massdep_baseline,270,10,10,shift_h,640.0,0.22577319587628866,2839
lightskew_massdep_baseline_270,lightskew_massdep_baseline,270,10,10,shift_ot_h,660.3237777777778,0.22577319587628866,2886
lightskew_massdep_baseline_270,lightskew_massdep_baseline,270,10,10,crew_veh_h,570.6799259259259,0.22577319587628866,2839
lightskew_massdep_baseline_270,lightskew_massdep_baseline,270,10,10,crew_team_h,450.41933333333327,0.22577319587628866,2839
lightskew_massdep_baseline_300,lightskew_massdep_baseline,300,9,9,shift_h,576.0,0.09003436426116838,2895
lightskew_massdep_baseline_300,lightskew_massdep_baseline,300,9,9,shift_ot_h,591.8835555555555,0.09003436426116838,2890
lightskew_massdep_baseline_300,lightskew_massdep_baseline,300,9,9,crew_veh_h,481.2761851851852,0.09003436426116838,2895
lightskew_massdep_baseline_300,lightskew_massdep_baseline,300,9,9,crew_team_h,429.6693333333334,0.09003436426116838,2895
lightskew_massdep_baseline_325,lightskew_massdep_baseline,325,8,8,shift_h,512.0,0.07594501718213058,2794
lightskew_massdep_baseline_325,lightskew_massdep_baseline,325,8,8,shift_ot_h,535.0933888888889,0.07594501718213058,2861
lightskew_massdep_baseline_325,lightskew_massdep_baseline,325,8,8,crew_veh_h,476.81640740740755,0.07594501718213058,2794
lightskew_massdep_baseline_325,lightskew_massdep_baseline,325,8,8,crew_team_h,432.47999999999996,0.07594501718213058,2794
lightskew_massdep_baseline_380,lightskew_massdep_baseline,380,8,8,shift_h,512.0,0.052920962199312714,2873
lightskew_massdep_baseline_380,lightskew_massdep_baseline,380,8,8,shift_ot_h,529.443,0.052920962199312714,2892
lightskew_massdep_baseline_380,lightskew_massdep_baseline,380,8,8,crew_veh_h,459.32540740740734,0.052920962199312714,2873
lightskew_massdep_baseline_380,lightskew_massdep_baseline,380,8,8,crew_team_h,427.7326666666666,0.052920962199312714,2873
lightskew_massdep_baseline_425,lightskew_massdep_baseline,425,7,7,shift_h,448.0,0.031958762886597936,2802
lightskew_massdep_baseline_425,lightskew_massdep_baseline,425,7,7,shift_ot_h,478.7055555555556,0.031958762886597936,2802
lightskew_massdep_baseline_425,lightskew_massdep_baseline,425,7,7,crew_veh_h,450.5378518518519,0.031958762886597936,2802
lightskew_massdep_baseline_425,lightskew_massdep_baseline,425,7,7,crew_team_h,430.96611111111105,0.031958762886597936,2802
lightskew_massdep_baseline_425,lightskew_massdep_baseline,425,8,7,shift_h,512.0,0.031958762886597936,2909
lightskew_massdep_baseline_425,lightskew_massdep_baseline,425,8,7,shift_ot_h,527.0808333333333,0.031958762886597936,2908
lightskew_massdep_baseline_425,lightskew_massdep_baseline,425,8,7,crew_veh_h,440.93414814814804,0.031958762886597936,2909
lightskew_massdep_baseline_425,lightskew_massdep_baseline,425,8,7,crew_team_h,421.36240740740743,0.031958762886597936,2909
lightskew_massdep_baseline_500,lightskew_massdep_baseline,500,7,7,shift_h,448.0,0.0,2910
lightskew_massdep_baseline_500,lightskew_massdep_baseline,500,7,7,shift_ot_h,464.5850555555555,0.0,2910
lightskew_massdep_baseline_500,lightskew_massdep_baseline,500,7,7,crew_veh_h,419.2034074074073,0.0,2910
lightskew_massdep_baseline_500,lightskew_massdep_baseline,500,7,7,crew_team_h,419.2034074074073,0.0,2910
lightskew_massdep_baseline_550,lightskew_massdep_baseline,550,7,7,shift_h,448.0,0.0,2910
lightskew_massdep_baseline_550,lightskew_massdep_baseline,550,7,7,shift_ot_h,464.5850555555555,0.0,2910
lightskew_massdep_baseline_550,lightskew_massdep_baseline,550,7,7,crew_veh_h,419.2034074074073,0.0,2910
lightskew_massdep_baseline_550,lightskew_massdep_baseline,550,7,7,crew_team_h,419.2034074074073,0.0,2910
lightskew_massdep_baseline_MX1,lightskew_massdep_baseline,MX1,8,8,shift_h,512.0,0.10687285223367697,2767
lightskew_massdep_baseline_MX1,lightskew_massdep_baseline,MX1,8,8,shift_ot_h,543.9406666666666,0.10756013745704468,2774
lightskew_massdep_baseline_MX1,lightskew_massdep_baseline,MX1,8,8,crew_veh_h,502.74733333333336,0.10687285223367697,2767
lightskew_massdep_baseline_MX1,lightskew_massdep_baseline,MX1,8,8,crew_team_h,445.2824444444446,0.10756013745704468,2774
lightskew_massdep_baseline_MX1,lightskew_massdep_baseline,MX1,9,8,shift_h,576.0,0.10378006872852234,2773
lightskew_massdep_baseline_MX1,lightskew_massdep_baseline,MX1,9,8,shift_ot_h,592.9224444444444,0.10859106529209622,2895
lightskew_massdep_baseline_MX1,lightskew_massdep_baseline,MX1,9,8,crew_veh_h,493.524,0.10378006872852234,2773
lightskew_massdep_baseline_MX1,lightskew_massdep_baseline,MX1,9,8,crew_team_h,436.76877777777787,0.10652920962199312,2846
lightskew_massdep_baseline_MX2,lightskew_massdep_baseline,MX2,7,7,shift_h,448.0,0.01958762886597938,2765
lightskew_massdep_baseline_MX2,lightskew_massdep_baseline,MX2,7,7,shift_ot_h,475.21472222222224,0.020962199312714775,2804
lightskew_massdep_baseline_MX2,lightskew_massdep_baseline,MX2,7,7,crew_veh_h,442.9082962962964,0.01958762886597938,2765
lightskew_massdep_baseline_MX2,lightskew_massdep_baseline,MX2,7,7,crew_team_h,431.86696296296293,0.02027491408934708,2775
lightskew_massdep_baseline_MX2,lightskew_massdep_baseline,MX2,8,7,shift_h,512.0,0.01993127147766323,2766
lightskew_massdep_baseline_MX2,lightskew_massdep_baseline,MX2,8,7,shift_ot_h,526.9233888888889,0.029209621993127148,2902
lightskew_massdep_baseline_MX2,lightskew_massdep_baseline,MX2,8,7,crew_veh_h,438.77748148148146,0.01993127147766323,2766
lightskew_massdep_baseline_MX2,lightskew_massdep_baseline,MX2,8,7,crew_team_h,426.4903703703704,0.027491408934707903,2895
lightskew_massdep_tight_200,lightskew_massdep_tight,200,15,15,shift_h,960.0,0.5474226804123712,2765
lightskew_massdep_tight_200,lightskew_massdep_tight,200,15,15,shift_ot_h,969.1917222222222,0.5474226804123712,2796
lightskew_massdep_tight_200,lightskew_massdep_tight,200,15,15,crew_veh_h,793.1110370370371,0.5474226804123712,2765
lightskew_massdep_tight_200,lightskew_massdep_tight,200,15,15,crew_team_h,496.6602962962962,0.5474226804123712,2765
lightskew_massdep_tight_250,lightskew_massdep_tight,250,12,12,shift_h,768.0,0.31374570446735395,2766
lightskew_massdep_tight_250,lightskew_massdep_tight,250,12,12,shift_ot_h,773.0461666666666,0.31374570446735395,2804
lightskew_massdep_tight_250,lightskew_massdep_tight,250,12,12,crew_veh_h,628.3834814814813,0.31374570446735395,2766
lightskew_massdep_tight_250,lightskew_massdep_tight,250,12,12,crew_team_h,464.90455555555553,0.31374570446735395,2766
lightskew_massdep_tight_270,lightskew_massdep_tight,270,11,11,shift_h,704.0,0.22577319587628866,2785
lightskew_massdep_tight_270,lightskew_massdep_tight,270,11,11,shift_ot_h,708.6900555555555,0.22577319587628866,2831
lightskew_massdep_tight_270,lightskew_massdep_tight,270,11,11,crew_veh_h,573.407148148148,0.22577319587628866,2785
lightskew_massdep_tight_270,lightskew_massdep_tight,270,11,11,crew_team_h,453.1465555555555,0.22577319587628866,2785
lightskew_massdep_tight_300,lightskew_massdep_tight,300,9,9,shift_h,576.0,0.09003436426116838,2783
lightskew_massdep_tight_300,lightskew_massdep_tight,300,9,9,shift_ot_h,582.9779444444445,0.09003436426116838,2813
lightskew_massdep_tight_300,lightskew_massdep_tight,300,9,9,crew_veh_h,487.68911111111123,0.09003436426116838,2783
lightskew_massdep_tight_300,lightskew_massdep_tight,300,9,9,crew_team_h,436.0822592592592,0.09003436426116838,2783
lightskew_massdep_tight_325,lightskew_massdep_tight,325,9,9,shift_h,576.0,0.07594501718213058,2775
lightskew_massdep_tight_325,lightskew_massdep_tight,325,9,9,shift_ot_h,581.27,0.07594501718213058,2837
lightskew_massdep_tight_325,lightskew_massdep_tight,325,9,9,crew_veh_h,477.8192592592593,0.07594501718213058,2775
lightskew_massdep_tight_325,lightskew_massdep_tight,325,9,9,crew_team_h,433.4828518518518,0.07594501718213058,2775
lightskew_massdep_tight_380,lightskew_massdep_tight,380,8,8,shift_h,512.0,0.052920962199312714,2768
lightskew_massdep_tight_380,lightskew_massdep_tight,380,8,8,shift_ot_h,520.9292777777778,0.052920962199312714,2801
lightskew_massdep_tight_380,lightskew_massdep_tight,380,8,8,crew_veh_h,465.90118518518506,0.052920962199312714,2768
lightskew_massdep_tight_380,lightskew_massdep_tight,380,8,8,crew_team_h,434.30844444444443,0.052920962199312714,2768
lightskew_massdep_tight_380,lightskew_massdep_tight,380,9,8,shift_h,576.0,0.052920962199312714,2780
lightskew_massdep_tight_380,lightskew_massdep_tight,380,9,8,shift_ot_h,579.8412777777778,0.052920962199312714,2874
lightskew_massdep_tight_380,lightskew_massdep_tight,380,9,8,crew_veh_h,459.59059259259254,0.052920962199312714,2780
lightskew_massdep_tight_380,lightskew_massdep_tight,380,9,8,crew_team_h,427.9978518518518,0.052920962199312714,2780
lightskew_massdep_tight_425,lightskew_massdep_tight,425,8,8,shift_h,512.0,0.031958762886597936,2769
lightskew_massdep_tight_425,lightskew_massdep_tight,425,8,8,shift_ot_h,516.8294444444444,0.031958762886597936,2860
lightskew_massdep_tight_425,lightskew_massdep_tight,425,8,8,crew_veh_h,447.66548148148144,0.031958762886597936,2769
lightskew_massdep_tight_425,lightskew_massdep_tight,425,8,8,crew_team_h,428.0937407407408,0.031958762886597936,2769
lightskew_massdep_tight_500,lightskew_massdep_tight,500,7,7,shift_h,448.0,0.0,2770
lightskew_massdep_tight_500,lightskew_massdep_tight,500,7,7,shift_ot_h,453.27405555555555,0.0,2827
lightskew_massdep_tight_500,lightskew_massdep_tight,500,7,7,crew_veh_h,426.86588888888895,0.0,2770
lightskew_massdep_tight_500,lightskew_massdep_tight,500,7,7,crew_team_h,426.86588888888895,0.0,2770
lightskew_massdep_tight_500,lightskew_massdep_tight,500,8,7,shift_h,512.0,0.0,2902
lightskew_massdep_tight_500,lightskew_massdep_tight,500,8,7,shift_ot_h,515.0472222222222,0.0,2884
lightskew_massdep_tight_500,lightskew_massdep_tight,500,8,7,crew_veh_h,419.4959259259259,0.0,2902
lightskew_massdep_tight_500,lightskew_massdep_tight,500,8,7,crew_team_h,419.4959259259259,0.0,2902
lightskew_massdep_tight_550,lightskew_massdep_tight,550,7,7,shift_h,448.0,0.0,2770
lightskew_massdep_tight_550,lightskew_massdep_tight,550,7,7,shift_ot_h,453.27405555555555,0.0,2827
lightskew_massdep_tight_550,lightskew_massdep_tight,550,7,7,crew_veh_h,426.86588888888895,0.0,2770
lightskew_massdep_tight_550,lightskew_massdep_tight,550,7,7,crew_team_h,426.86588888888895,0.0,2770
lightskew_massdep_tight_550,lightskew_massdep_tight,550,8,7,shift_h,512.0,0.0,2902
lightskew_massdep_tight_550,lightskew_massdep_tight,550,8,7,shift_ot_h,515.0472222222222,0.0,2884
lightskew_massdep_tight_550,lightskew_massdep_tight,550,8,7,crew_veh_h,419.4959259259259,0.0,2902
lightskew_massdep_tight_550,lightskew_massdep_tight,550,8,7,crew_team_h,419.4959259259259,0.0,2902
lightskew_massdep_tight_MX1,lightskew_massdep_tight,MX1,9,9,shift_h,576.0,0.11855670103092783,2765
lightskew_massdep_tight_MX1,lightskew_massdep_tight,MX1,9,9,shift_ot_h,583.2138888888888,0.11958762886597939,2767
lightskew_massdep_tight_MX1,lightskew_massdep_tight,MX1,9,9,crew_veh_h,510.4822592592593,0.11855670103092783,2765
lightskew_massdep_tight_MX1,lightskew_massdep_tight,MX1,9,9,crew_team_h,446.19251851851845,0.11855670103092783,2765
lightskew_massdep_tight_MX1,lightskew_massdep_tight,MX1,10,9,shift_h,640.0,0.11649484536082474,2765
lightskew_massdep_tight_MX1,lightskew_massdep_tight,MX1,10,9,shift_ot_h,643.9188333333333,0.12199312714776632,2849
lightskew_massdep_tight_MX1,lightskew_massdep_tight,MX1,10,9,crew_veh_h,505.1525925925925,0.11649484536082474,2765
lightskew_massdep_tight_MX1,lightskew_massdep_tight,MX1,10,9,crew_team_h,441.12396296296293,0.11993127147766323,2776
lightskew_massdep_tight_MX2,lightskew_massdep_tight,MX2,8,8,shift_h,512.0,0.030584192439862542,2765
lightskew_massdep_tight_MX2,lightskew_massdep_tight,MX2,8,8,shift_ot_h,517.5817222222222,0.04089347079037801,2807
lightskew_massdep_tight_MX2,lightskew_massdep_tight,MX2,8,8,crew_veh_h,452.11751851851864,0.030584192439862542,2765
lightskew_massdep_tight_MX2,lightskew_massdep_tight,MX2,8,8,crew_team_h,434.18196296296304,0.036426116838487975,2765
lightskew_massdep_tight_MX2,lightskew_massdep_tight,MX2,9,8,shift_h,576.0,0.031958762886597936,2765
lightskew_massdep_tight_MX2,lightskew_massdep_tight,MX2,9,8,shift_ot_h,579.7198333333333,0.04845360824742268,2871
lightskew_massdep_tight_MX2,lightskew_massdep_tight,MX2,9,8,crew_veh_h,449.19962962962956,0.031958762886597936,2765
lightskew_massdep_tight_MX2,lightskew_massdep_tight,MX2,9,8,crew_team_h,430.4251481481482,0.036426116838487975,2766
lightskew_short_baseline_200,lightskew_short_baseline,200,9,9,shift_h,576.0,0.5474226804123712,2802
lightskew_short_baseline_200,lightskew_short_baseline,200,9,9,shift_ot_h,599.0738888888889,0.5474226804123712,2889
lightskew_short_baseline_200,lightskew_short_baseline,200,9,9,crew_veh_h,539.8144444444445,0.5474226804123712,2802
lightskew_short_baseline_200,lightskew_short_baseline,200,9,9,crew_team_h,353.2802962962963,0.5474226804123712,2802
lightskew_short_baseline_250,lightskew_short_baseline,250,7,7,shift_h,448.0,0.31374570446735395,2788
lightskew_short_baseline_250,lightskew_short_baseline,250,7,7,shift_ot_h,465.73216666666667,0.31374570446735395,2893
lightskew_short_baseline_250,lightskew_short_baseline,250,7,7,crew_veh_h,423.38581481481475,0.31374570446735395,2788
lightskew_short_baseline_250,lightskew_short_baseline,250,7,7,crew_team_h,323.4208888888889,0.31374570446735395,2788
lightskew_short_baseline_270,lightskew_short_baseline,270,6,6,shift_h,384.0,0.22577319587628866,2765
lightskew_short_baseline_270,lightskew_short_baseline,270,6,6,shift_ot_h,412.0805555555556,0.22577319587628866,2765
lightskew_short_baseline_270,lightskew_short_baseline,270,6,6,crew_veh_h,386.4757407407407,0.22577319587628866,2765
lightskew_short_baseline_270,lightskew_short_baseline,270,6,6,crew_team_h,314.56014814814813,0.22577319587628866,2765
lightskew_short_baseline_270,lightskew_short_baseline,270,7,6,shift_h,448.0,0.22577319587628866,2909
lightskew_short_baseline_270,lightskew_short_baseline,270,7,6,shift_ot_h,457.2931111111111,0.22577319587628866,2906
lightskew_short_baseline_270,lightskew_short_baseline,270,7,6,crew_veh_h,376.0134444444445,0.22577319587628866,2909
lightskew_short_baseline_270,lightskew_short_baseline,270,7,6,crew_team_h,304.0978518518517,0.22577319587628866,2909
lightskew_short_baseline_300,lightskew_short_baseline,300,6,6,shift_h,384.0,0.09003436426116838,2901
lightskew_short_baseline_300,lightskew_short_baseline,300,6,6,shift_ot_h,393.08744444444443,0.09003436426116838,2901
lightskew_short_baseline_300,lightskew_short_baseline,300,6,6,crew_veh_h,315.13477777777774,0.09003436426116838,2901
lightskew_short_baseline_300,lightskew_short_baseline,300,6,6,crew_team_h,286.7455185185185,0.09003436426116838,2901
lightskew_short_baseline_325,lightskew_short_baseline,325,5,5,shift_h,320.0,0.07594501718213058,2814
lightskew_short_baseline_325,lightskew_short_baseline,325,5,5,shift_ot_h,341.8475555555556,0.07594501718213058,2814
lightskew_short_baseline_325,lightskew_short_baseline,325,5,5,crew_veh_h,317.85792592592594,0.07594501718213058,2814
lightskew_short_baseline_325,lightskew_short_baseline,325,5,5,crew_team_h,293.80162962962964,0.07594501718213058,2814
lightskew_short_baseline_325,lightskew_short_baseline,325,6,5,shift_h,384.0,0.07594501718213058,2910
lightskew_short_baseline_325,lightskew_short_baseline,325,6,5,shift_ot_h,391.9410555555556,0.07594501718213058,2910
lightskew_short_baseline_325,lightskew_short_baseline,325,6,5,crew_veh_h,308.0915185185185,0.07594501718213058,2910
lightskew_short_baseline_325,lightskew_short_baseline,325,6,5,crew_team_h,284.0352222222222,0.07594501718213058,2910
lightskew_short_baseline_380,lightskew_short_baseline,380,5,5,shift_h,320.0,0.052920962199312714,2882
lightskew_short_baseline_380,lightskew_short_baseline,380,5,5,shift_ot_h,335.73805555555555,0.052920962199312714,2882
lightskew_short_baseline_380,lightskew_short_baseline,380,5,5,crew_veh_h,303.32807407407404,0.052920962199312714,2882
lightskew_short_baseline_380,lightskew_short_baseline,380,5,5,crew_team_h,286.7131851851852,0.052920962199312714,2882
lightskew_short_baseline_425,lightskew_short_baseline,425,5,5,shift_h,320.0,0.031958762886597936,2907
lightskew_short_baseline_425,lightskew_short_baseline,425,5,5,shift_ot_h,330.4637222222222,0.031958762886597936,2907
lightskew_short_baseline_425,lightskew_short_baseline,425,5,5,crew_veh_h,290.872,0.031958762886597936,2907
lightskew_short_baseline_425,lightskew_short_baseline,425,5,5,crew_team_h,280.9158518518518,0.031958762886597936,2907
lightskew_short_baseline_500,lightskew_short_baseline,500,5,5,shift_h,320.0,0.0,2910
lightskew_short_baseline_500,lightskew_short_baseline,500,5,5,shift_ot_h,330.5648888888889,0.0,2910
lightskew_short_baseline_500,lightskew_short_baseline,500,5,5,crew_veh_h,275.1708888888889,0.0,2910
lightskew_short_baseline_500,lightskew_short_baseline,500,5,5,crew_team_h,275.1708888888889,0.0,2910
lightskew_short_baseline_550,lightskew_short_baseline,550,5,5,shift_h,320.0,0.0,2910
lightskew_short_baseline_550,lightskew_short_baseline,550,5,5,shift_ot_h,330.5648888888889,0.0,2910
lightskew_short_baseline_550,lightskew_short_baseline,550,5,5,crew_veh_h,275.1708888888889,0.0,2910
lightskew_short_baseline_550,lightskew_short_baseline,550,5,5,crew_team_h,275.1708888888889,0.0,2910
lightskew_short_baseline_MX1,lightskew_short_baseline,MX1,5,5,shift_h,320.0,0.03264604810996564,2769
lightskew_short_baseline_MX1,lightskew_short_baseline,MX1,5,5,shift_ot_h,333.9842777777778,0.03951890034364261,2883
lightskew_short_baseline_MX1,lightskew_short_baseline,MX1,5,5,crew_veh_h,300.8,0.03264604810996564,2769
lightskew_short_baseline_MX1,lightskew_short_baseline,MX1,5,5,crew_team_h,289.4932222222222,0.03470790378006873,2781
lightskew_short_baseline_MX2,lightskew_short_baseline,MX2,5,5,shift_h,320.0,0.0,2910
lightskew_short_baseline_MX2,lightskew_short_baseline,MX2,5,5,shift_ot_h,329.4075,0.0,2910
lightskew_short_baseline_MX2,lightskew_short_baseline,MX2,5,5,crew_veh_h,276.97592592592594,0.0,2910
lightskew_short_baseline_MX2,lightskew_short_baseline,MX2,5,5,crew_team_h,276.97592592592594,0.0,2910
lightskew_short_tight_200,lightskew_short_tight,200,10,10,shift_h,640.0,0.5474226804123712,2859
lightskew_short_tight_200,lightskew_short_tight,200,10,10,shift_ot_h,643.6116111111111,0.5474226804123712,2890
lightskew_short_tight_200,lightskew_short_tight,200,10,10,crew_veh_h,534.341851851852,0.5474226804123712,2859
lightskew_short_tight_200,lightskew_short_tight,200,10,10,crew_team_h,347.80770370370374,0.5474226804123712,2859
lightskew_short_tight_250,lightskew_short_tight,250,8,8,shift_h,512.0,0.31374570446735395,2860
lightskew_short_tight_250,lightskew_short_tight,250,8,8,shift_ot_h,514.0462222222222,0.31374570446735395,2865
lightskew_short_tight_250,lightskew_short_tight,250,8,8,crew_veh_h,416.7661851851852,0.31374570446735395,2860
lightskew_short_tight_250,lightskew_short_tight,250,8,8,crew_team_h,316.80125925925927,0.31374570446735395,2860
lightskew_short_tight_270,lightskew_short_tight,270,7,7,shift_h,448.0,0.22577319587628866,2854
lightskew_short_tight_270,lightskew_short_tight,270,7,7,shift_ot_h,450.8784444444444,0.22577319587628866,2864
lightskew_short_tight_270,lightskew_short_tight,270,7,7,crew_veh_h,381.17866666666674,0.22577319587628866,2854
lightskew_short_tight_270,lightskew_short_tight,270,7,7,crew_team_h,309.2630740740741,0.22577319587628866,2854
lightskew_short_tight_300,lightskew_short_tight,300,6,6,shift_h,384.0,0.09003436426116838,2863
lightskew_short_tight_300,lightskew_short_tight,300,6,6,shift_ot_h,387.47844444444445,0.09003436426116838,2878
lightskew_short_tight_300,lightskew_short_tight,300,6,6,crew_veh_h,317.73718518518507,0.09003436426116838,2863
lightskew_short_tight_300,lightskew_short_tight,300,6,6,crew_team_h,289.34792592592595,0.09003436426116838,2863
lightskew_short_tight_325,lightskew_short_tight,325,6,6,shift_h,384.0,0.07594501718213058,2849
lightskew_short_tight_325,lightskew_short_tight,325,6,6,shift_ot_h,386.70577777777777,0.07594501718213058,2896
lightskew_short_tight_325,lightskew_short_tight,325,6,6,crew_veh_h,311.2472962962963,0.07594501718213058,2849
lightskew_short_tight_325,lightskew_short_tight,325,6,6,crew_team_h,287.191,0.07594501718213058,2849
lightskew_short_tight_380,lightskew_short_tight,380,5,5,shift_h,320.0,0.052920962199312714,2765
lightskew_short_tight_380,lightskew_short_tight,380,5,5,shift_ot_h,327.1958333333333,0.052920962199312714,2766
lightskew_short_tight_380,lightskew_short_tight,380,5,5,crew_veh_h,305.8669259259259,0.052920962199312714,2765
lightskew_short_tight_380,lightskew_short_tight,380,5,5,crew_team_h,289.25203703703704,0.052920962199312714,2765
lightskew_short_tight_380,lightskew_short_tight,380,6,5,shift_h,384.0,0.052920962199312714,2894
lightskew_short_tight_380,lightskew_short_tight,380,6,5,shift_ot_h,385.8835555555556,0.052920962199312714,2891
lightskew_short_tight_380,lightskew_short_tight,380,6,5,crew_veh_h,299.5017407407407,0.052920962199312714,2894
lightskew_short_tight_380,lightskew_short_tight,380,6,5,crew_team_h,282.8868518518519,0.052920962199312714,2894
lightskew_short_tight_425,lightskew_short_tight,425,5,5,shift_h,320.0,0.031958762886597936,2873
lightskew_short_tight_425,lightskew_short_tight,425,5,5,shift_ot_h,324.1633888888889,0.031958762886597936,2873
lightskew_short_tight_425,lightskew_short_tight,425,5,5,crew_veh_h,295.79137037037043,0.031958762886597936,2873
lightskew_short_tight_425,lightskew_short_tight,425,5,5,crew_team_h,285.8352222222222,0.031958762886597936,2873
lightskew_short_tight_500,lightskew_short_tight,500,5,5,shift_h,320.0,0.0,2855
lightskew_short_tight_500,lightskew_short_tight,500,5,5,shift_ot_h,322.36283333333336,0.0,2909
lightskew_short_tight_500,lightskew_short_tight,500,5,5,crew_veh_h,277.62481481481484,0.0,2855
lightskew_short_tight_500,lightskew_short_tight,500,5,5,crew_team_h,277.62481481481484,0.0,2855
lightskew_short_tight_550,lightskew_short_tight,550,5,5,shift_h,320.0,0.0,2855
lightskew_short_tight_550,lightskew_short_tight,550,5,5,shift_ot_h,322.36283333333336,0.0,2909
lightskew_short_tight_550,lightskew_short_tight,550,5,5,crew_veh_h,277.62481481481484,0.0,2855
lightskew_short_tight_550,lightskew_short_tight,550,5,5,crew_team_h,277.62481481481484,0.0,2855
lightskew_short_tight_MX1,lightskew_short_tight,MX1,5,5,shift_h,320.0,0.03917525773195876,2765
lightskew_short_tight_MX1,lightskew_short_tight,MX1,5,5,shift_ot_h,325.7112222222222,0.04192439862542955,2765
lightskew_short_tight_MX1,lightskew_short_tight,MX1,5,5,crew_veh_h,305.3319259259259,0.03917525773195876,2765
lightskew_short_tight_MX1,lightskew_short_tight,MX1,5,5,crew_team_h,292.10670370370366,0.04089347079037801,2765
lightskew_short_tight_MX1,lightskew_short_tight,MX1,6,5,shift_h,384.0,0.04329896907216495,2765
lightskew_short_tight_MX1,lightskew_short_tight,MX1,6,5,shift_ot_h,386.15555555555557,0.05154639175257732,2894
lightskew_short_tight_MX1,lightskew_short_tight,MX1,6,5,crew_veh_h,302.6770740740741,0.04329896907216495,2765
lightskew_short_tight_MX1,lightskew_short_tight,MX1,6,5,crew_team_h,287.79681481481475,0.04914089347079038,2834
lightskew_short_tight_MX2,lightskew_short_tight,MX2,5,5,shift_h,320.0,0.0003436426116838488,2776
lightskew_short_tight_MX2,lightskew_short_tight,MX2,5,5,shift_ot_h,322.36383333333333,0.0010309278350515464,2906
lightskew_short_tight_MX2,lightskew_short_tight,MX2,5,5,crew_veh_h,281.58588888888886,0.0003436426116838488,2776
lightskew_short_tight_MX2,lightskew_short_tight,MX2,5,5,crew_team_h,281.38811111111113,0.0006872852233676976,2802
liu_long_baseline_200,liu_long_baseline,200,18,18,shift_h,1152.0,1.0,2784
liu_long_baseline_200,liu_long_baseline,200,18,18,shift_ot_h,1215.927222222222,1.0,2784
liu_long_baseline_200,liu_long_baseline,200,18,18,crew_veh_h,1161.7628888888892,1.0,2784
liu_long_baseline_200,liu_long_baseline,200,18,18,crew_team_h,617.4915925925925,1.0,2784
liu_long_baseline_200,liu_long_baseline,200,19,18,shift_h,1216.0,1.0,2779
liu_long_baseline_200,liu_long_baseline,200,19,18,shift_ot_h,1277.7303333333334,1.0,2782
liu_long_baseline_200,liu_long_baseline,200,19,18,crew_veh_h,1160.7035185185186,1.0,2779
liu_long_baseline_200,liu_long_baseline,200,19,18,crew_team_h,616.4322222222222,1.0,2779
liu_long_baseline_200,liu_long_baseline,200,20,18,shift_h,1280.0,1.0,2886
liu_long_baseline_200,liu_long_baseline,200,20,18,shift_ot_h,1315.8915555555554,1.0,2902
liu_long_baseline_200,liu_long_baseline,200,20,18,crew_veh_h,1145.4271851851854,1.0,2886
liu_long_baseline_200,liu_long_baseline,200,20,18,crew_team_h,601.155888888889,1.0,2886
liu_long_baseline_250,liu_long_baseline,250,16,16,shift_h,1024.0,0.6683848797250859,2769
liu_long_baseline_250,liu_long_baseline,250,16,16,shift_ot_h,1062.0284444444444,0.6683848797250859,2870
liu_long_baseline_250,liu_long_baseline,250,16,16,crew_veh_h,952.4644814814815,0.6683848797250859,2769
liu_long_baseline_250,liu_long_baseline,250,16,16,crew_team_h,587.8828518518518,0.6683848797250859,2769
liu_long_baseline_270,liu_long_baseline,270,15,15,shift_h,960.0,0.6360824742268041,2767
liu_long_baseline_270,liu_long_baseline,270,15,15,shift_ot_h,1011.5176111111111,0.6360824742268041,2776
liu_long_baseline_270,liu_long_baseline,270,15,15,crew_veh_h,938.3954814814817,0.6360824742268041,2767
liu_long_baseline_270,liu_long_baseline,270,15,15,crew_team_h,591.4256666666666,0.6360824742268041,2767
liu_long_baseline_270,liu_long_baseline,270,16,15,shift_h,1024.0,0.6360824742268041,2795
liu_long_baseline_270,liu_long_baseline,270,16,15,shift_ot_h,1058.3023888888888,0.6360824742268041,2879
liu_long_baseline_270,liu_long_baseline,270,16,15,crew_veh_h,926.9754074074075,0.6360824742268041,2795
liu_long_baseline_270,liu_long_baseline,270,16,15,crew_team_h,580.0055925925925,0.6360824742268041,2795
liu_long_baseline_300,liu_long_baseline,300,13,13,shift_h,832.0,0.44329896907216493,2766
liu_long_baseline_300,liu_long_baseline,300,13,13,shift_ot_h,874.298,0.44329896907216493,2792
liu_long_baseline_300,liu_long_baseline,300,13,13,crew_veh_h,814.4003703703703,0.44329896907216493,2766
liu_long_baseline_300,liu_long_baseline,300,13,13,crew_team_h,573.0304444444446,0.44329896907216493,2766
liu_long_baseline_325,liu_long_baseline,325,13,13,shift_h,832.0,0.40034364261168387,2766
liu_long_baseline_325,liu_long_baseline,325,13,13,shift_ot_h,863.8561111111111,0.40034364261168387,2861
liu_long_baseline_325,liu_long_baseline,325,13,13,crew_veh_h,780.0955555555556,0.40034364261168387,2766
liu_long_baseline_325,liu_long_baseline,325,13,13,crew_team_h,562.1643333333334,0.40034364261168387,2766
liu_long_baseline_380,liu_long_baseline,380,11,11,shift_h,704.0,0.19759450171821305,2814
liu_long_baseline_380,liu_long_baseline,380,11,11,shift_ot_h,727.9831666666666,0.19759450171821305,2895
liu_long_baseline_380,liu_long_baseline,380,11,11,crew_veh_h,644.1016666666667,0.19759450171821305,2814
liu_long_baseline_380,liu_long_baseline,380,11,11,crew_team_h,536.4540740740742,0.19759450171821305,2814
liu_long_baseline_425,liu_long_baseline,425,8,8,shift_h,512.0,0.0,2787
liu_long_baseline_425,liu_long_baseline,425,8,8,shift_ot_h,539.4117222222222,0.0,2883
liu_long_baseline_425,liu_long_baseline,425,8,8,crew_veh_h,512.6866666666667,0.0,2787
liu_long_baseline_425,liu_long_baseline,425,8,8,crew_team_h,512.6866666666667,0.0,2787
liu_long_baseline_500,liu_long_baseline,500,8,8,shift_h,512.0,0.0,2787
liu_long_baseline_500,liu_long_baseline,500,8,8,shift_ot_h,539.4117222222222,0.0,2883
liu_long_baseline_500,liu_long_baseline,500,8,8,crew_veh_h,512.6866666666667,0.0,2787
liu_long_baseline_500,liu_long_baseline,500,8,8,crew_team_h,512.6866666666667,0.0,2787
liu_long_baseline_550,liu_long_baseline,550,8,8,shift_h,512.0,0.0,2787
liu_long_baseline_550,liu_long_baseline,550,8,8,shift_ot_h,539.4117222222222,0.0,2883
liu_long_baseline_550,liu_long_baseline,550,8,8,crew_veh_h,512.6866666666667,0.0,2787
liu_long_baseline_550,liu_long_baseline,550,8,8,crew_team_h,512.6866666666667,0.0,2787
liu_long_baseline_MX1,liu_long_baseline,MX1,14,14,shift_h,896.0,0.5006872852233677,2766
liu_long_baseline_MX1,liu_long_baseline,MX1,14,14,shift_ot_h,934.7761666666667,0.5034364261168385,2819
liu_long_baseline_MX1,liu_long_baseline,MX1,14,14,crew_veh_h,855.6086666666669,0.5006872852233677,2766
liu_long_baseline_MX1,liu_long_baseline,MX1,14,14,crew_team_h,579.0275555555558,0.5037800687285223,2766
liu_long_baseline_MX2,liu_long_baseline,MX2,13,13,shift_h,832.0,0.3687285223367698,2765
liu_long_baseline_MX2,liu_long_baseline,MX2,13,13,shift_ot_h,865.2959444444444,0.37285223367697595,2852
liu_long_baseline_MX2,liu_long_baseline,MX2,13,13,crew_veh_h,770.5672592592595,0.3687285223367698,2765
liu_long_baseline_MX2,liu_long_baseline,MX2,13,13,crew_team_h,565.4352222222224,0.3697594501718213,2766
liu_long_tight_200,liu_long_tight,200,22,22,shift_h,1408.0,1.0,2765
liu_long_tight_200,liu_long_tight,200,22,22,shift_ot_h,1414.2991111111112,1.0,2788
liu_long_tight_200,liu_long_tight,200,22,22,crew_veh_h,1167.7098148148148,1.0,2765
liu_long_tight_200,liu_long_tight,200,22,22,crew_team_h,623.4385185185187,1.0,2765
liu_long_tight_250,liu_long_tight,250,19,19,shift_h,1216.0,0.6683848797250859,2777
liu_long_tight_250,liu_long_tight,250,19,19,shift_ot_h,1219.8100555555557,0.6683848797250859,2807
liu_long_tight_250,liu_long_tight,250,19,19,crew_veh_h,950.4642222222221,0.6683848797250859,2777
liu_long_tight_250,liu_long_tight,250,19,19,crew_team_h,585.8825925925925,0.6683848797250859,2777
liu_long_tight_270,liu_long_tight,270,18,18,shift_h,1152.0,0.6360824742268041,2765
liu_long_tight_270,liu_long_tight,270,18,18,shift_ot_h,1158.2158333333334,0.6360824742268041,2766
liu_long_tight_270,liu_long_tight,270,18,18,crew_veh_h,939.7281851851853,0.6360824742268041,2765
liu_long_tight_270,liu_long_tight,270,18,18,crew_team_h,592.7583703703705,0.6360824742268041,2765
liu_long_tight_300,liu_long_tight,300,16,16,shift_h,1024.0,0.44329896907216493,2787
liu_long_tight_300,liu_long_tight,300,16,16,shift_ot_h,1027.6408333333334,0.44329896907216493,2797
liu_long_tight_300,liu_long_tight,300,16,16,crew_veh_h,808.2524814814816,0.44329896907216493,2787
liu_long_tight_300,liu_long_tight,300,16,16,crew_team_h,566.8825555555555,0.44329896907216493,2787
liu_long_tight_325,liu_long_tight,325,15,15,shift_h,960.0,0.40034364261168387,2765
liu_long_tight_325,liu_long_tight,325,15,15,shift_ot_h,965.2568888888889,0.40034364261168387,2766
liu_long_tight_325,liu_long_tight,325,15,15,crew_veh_h,784.0760740740739,0.40034364261168387,2765
liu_long_tight_325,liu_long_tight,325,15,15,crew_team_h,566.1448518518519,0.40034364261168387,2765
liu_long_tight_380,liu_long_tight,380,12,12,shift_h,768.0,0.19759450171821305,2765
liu_long_tight_380,liu_long_tight,380,12,12,shift_ot_h,775.1761666666666,0.19759450171821305,2770
liu_long_tight_380,liu_long_tight,380,12,12,crew_veh_h,651.4047777777778,0.19759450171821305,2765
liu_long_tight_380,liu_long_tight,380,12,12,crew_team_h,543.7571851851852,0.19759450171821305,2765
liu_long_tight_380,liu_long_tight,380,13,12,shift_h,832.0,0.19759450171821305,2777
liu_long_tight_380,liu_long_tight,380,13,12,shift_ot_h,835.962,0.19759450171821305,2826
liu_long_tight_380,liu_long_tight,380,13,12,crew_veh_h,644.6873333333334,0.19759450171821305,2777
liu_long_tight_380,liu_long_tight,380,13,12,crew_team_h,537.0397407407407,0.19759450171821305,2777
liu_long_tight_425,liu_long_tight,425,9,9,shift_h,576.0,0.0,2766
liu_long_tight_425,liu_long_tight,425,9,9,shift_ot_h,582.1992777777778,0.0,2777
liu_long_tight_425,liu_long_tight,425,9,9,crew_veh_h,518.5846666666666,0.0,2766
liu_long_tight_425,liu_long_tight,425,9,9,crew_team_h,518.5846666666666,0.0,2766
liu_long_tight_425,liu_long_tight,425,10,9,shift_h,640.0,0.0,2773
liu_long_tight_425,liu_long_tight,425,10,9,shift_ot_h,644.1023333333334,0.0,2846
liu_long_tight_425,liu_long_tight,425,10,9,crew_veh_h,512.005962962963,0.0,2773
liu_long_tight_425,liu_long_tight,425,10,9,crew_team_h,512.005962962963,0.0,2773
liu_long_tight_500,liu_long_tight,500,9,9,shift_h,576.0,0.0,2766
liu_long_tight_500,liu_long_tight,500,9,9,shift_ot_h,582.1992777777778,0.0,2777
liu_long_tight_500,liu_long_tight,500,9,9,crew_veh_h,518.5846666666666,0.0,2766
liu_long_tight_500,liu_long_tight,500,9,9,crew_team_h,518.5846666666666,0.0,2766
liu_long_tight_500,liu_long_tight,500,10,9,shift_h,640.0,0.0,2773
liu_long_tight_500,liu_long_tight,500,10,9,shift_ot_h,644.1023333333334,0.0,2846
liu_long_tight_500,liu_long_tight,500,10,9,crew_veh_h,512.005962962963,0.0,2773
liu_long_tight_500,liu_long_tight,500,10,9,crew_team_h,512.005962962963,0.0,2773
liu_long_tight_550,liu_long_tight,550,9,9,shift_h,576.0,0.0,2766
liu_long_tight_550,liu_long_tight,550,9,9,shift_ot_h,582.1992777777778,0.0,2777
liu_long_tight_550,liu_long_tight,550,9,9,crew_veh_h,518.5846666666666,0.0,2766
liu_long_tight_550,liu_long_tight,550,9,9,crew_team_h,518.5846666666666,0.0,2766
liu_long_tight_550,liu_long_tight,550,10,9,shift_h,640.0,0.0,2773
liu_long_tight_550,liu_long_tight,550,10,9,shift_ot_h,644.1023333333334,0.0,2846
liu_long_tight_550,liu_long_tight,550,10,9,crew_veh_h,512.005962962963,0.0,2773
liu_long_tight_550,liu_long_tight,550,10,9,crew_team_h,512.005962962963,0.0,2773
liu_long_tight_MX1,liu_long_tight,MX1,17,17,shift_h,1088.0,0.5120274914089347,2791
liu_long_tight_MX1,liu_long_tight,MX1,17,17,shift_ot_h,1091.7522777777779,0.5130584192439862,2802
liu_long_tight_MX1,liu_long_tight,MX1,17,17,crew_veh_h,860.5375185185185,0.5120274914089347,2791
liu_long_tight_MX1,liu_long_tight,MX1,17,17,crew_team_h,577.0263703703706,0.5123711340206185,2793
liu_long_tight_MX2,liu_long_tight,MX2,15,15,shift_h,960.0,0.3945017182130584,2765
liu_long_tight_MX2,liu_long_tight,MX2,15,15,shift_ot_h,965.581,0.3972508591065292,2770
liu_long_tight_MX2,liu_long_tight,MX2,15,15,crew_veh_h,791.099222222222,0.3945017182130584,2765
liu_long_tight_MX2,liu_long_tight,MX2,15,15,crew_team_h,570.7095555555555,0.39759450171821303,2765
liu_long_tight_MX2,liu_long_tight,MX2,16,15,shift_h,1024.0,0.393127147766323,2768
liu_long_tight_MX2,liu_long_tight,MX2,16,15,shift_ot_h,1027.3978333333334,0.4020618556701031,2852
liu_long_tight_MX2,liu_long_tight,MX2,16,15,crew_veh_h,784.5892222222222,0.393127147766323,2768
liu_long_tight_MX2,liu_long_tight,MX2,16,15,crew_team_h,563.7422962962962,0.3989690721649485,2783
liu_massdep_baseline_200,liu_massdep_baseline,200,18,18,shift_h,1152.0,1.0,2765
liu_massdep_baseline_200,liu_massdep_baseline,200,18,18,shift_ot_h,1188.464,1.0,2902
liu_massdep_baseline_200,liu_massdep_baseline,200,18,18,crew_veh_h,1085.5865555555554,1.0,2765
liu_massdep_baseline_200,liu_massdep_baseline,200,18,18,crew_team_h,573.9047037037037,1.0,2765
liu_massdep_baseline_250,liu_massdep_baseline,250,15,15,shift_h,960.0,0.6683848797250859,2765
liu_massdep_baseline_250,liu_massdep_baseline,250,15,15,shift_ot_h,1006.5956111111111,0.6683848797250859,2811
liu_massdep_baseline_250,liu_massdep_baseline,250,15,15,crew_veh_h,919.626222222222,0.6683848797250859,2765
liu_massdep_baseline_250,liu_massdep_baseline,250,15,15,crew_team_h,559.752962962963,0.6683848797250859,2765
liu_massdep_baseline_270,liu_massdep_baseline,270,15,15,shift_h,960.0,0.6360824742268041,2766
liu_massdep_baseline_270,liu_massdep_baseline,270,15,15,shift_ot_h,998.3397222222222,0.6360824742268041,2843
liu_massdep_baseline_270,liu_massdep_baseline,270,15,15,crew_veh_h,896.0116296296295,0.6360824742268041,2766
liu_massdep_baseline_270,liu_massdep_baseline,270,15,15,crew_team_h,552.2497407407408,0.6360824742268041,2766
liu_massdep_baseline_300,liu_massdep_baseline,300,13,13,shift_h,832.0,0.44329896907216493,2765
liu_massdep_baseline_300,liu_massdep_baseline,300,13,13,shift_ot_h,866.1759444444444,0.44329896907216493,2846
liu_massdep_baseline_300,liu_massdep_baseline,300,13,13,crew_veh_h,780.8056666666665,0.44329896907216493,2765
liu_massdep_baseline_300,liu_massdep_baseline,300,13,13,crew_team_h,534.6060000000001,0.44329896907216493,2765
liu_massdep_baseline_325,liu_massdep_baseline,325,12,12,shift_h,768.0,0.40034364261168387,2765
liu_massdep_baseline_325,liu_massdep_baseline,325,12,12,shift_ot_h,807.7226666666667,0.40034364261168387,2765
liu_massdep_baseline_325,liu_massdep_baseline,325,12,12,crew_veh_h,757.2428518518518,0.40034364261168387,2765
liu_massdep_baseline_325,liu_massdep_baseline,325,12,12,crew_team_h,533.5597037037036,0.40034364261168387,2765
liu_massdep_baseline_325,liu_massdep_baseline,325,13,12,shift_h,832.0,0.40034364261168387,2785
liu_massdep_baseline_325,liu_massdep_baseline,325,13,12,shift_ot_h,855.7864444444444,0.40034364261168387,2878
liu_massdep_baseline_325,liu_massdep_baseline,325,13,12,crew_veh_h,748.7391111111111,0.40034364261168387,2785
liu_massdep_baseline_325,liu_massdep_baseline,325,13,12,crew_team_h,525.0559629629629,0.40034364261168387,2785
liu_massdep_baseline_380,liu_massdep_baseline,380,10,10,shift_h,640.0,0.19759450171821305,2768
liu_massdep_baseline_380,liu_massdep_baseline,380,10,10,shift_ot_h,676.4585555555556,0.19759450171821305,2807
liu_massdep_baseline_380,liu_massdep_baseline,380,10,10,crew_veh_h,621.5288518518518,0.19759450171821305,2768
liu_massdep_baseline_380,liu_massdep_baseline,380,10,10,crew_team_h,509.21611111111105,0.19759450171821305,2768
liu_massdep_baseline_425,liu_massdep_baseline,425,8,8,shift_h,512.0,0.0,2910
liu_massdep_baseline_425,liu_massdep_baseline,425,8,8,shift_ot_h,529.9758333333333,0.0,2910
liu_massdep_baseline_425,liu_massdep_baseline,425,8,8,crew_veh_h,473.2116666666667,0.0,2910
liu_massdep_baseline_425,liu_massdep_baseline,425,8,8,crew_team_h,473.2116666666667,0.0,2910
liu_massdep_baseline_500,liu_massdep_baseline,500,8,8,shift_h,512.0,0.0,2910
liu_massdep_baseline_500,liu_massdep_baseline,500,8,8,shift_ot_h,529.9758333333333,0.0,2910
liu_massdep_baseline_500,liu_massdep_baseline,500,8,8,crew_veh_h,473.2116666666667,0.0,2910
liu_massdep_baseline_500,liu_massdep_baseline,500,8,8,crew_team_h,473.2116666666667,0.0,2910
liu_massdep_baseline_550,liu_massdep_baseline,550,8,8,shift_h,512.0,0.0,2910
liu_massdep_baseline_550,liu_massdep_baseline,550,8,8,shift_ot_h,529.9758333333333,0.0,2910
liu_massdep_baseline_550,liu_massdep_baseline,550,8,8,crew_veh_h,473.2116666666667,0.0,2910
liu_massdep_baseline_550,liu_massdep_baseline,550,8,8,crew_team_h,473.2116666666667,0.0,2910
liu_massdep_baseline_MX1,liu_massdep_baseline,MX1,14,14,shift_h,896.0,0.5010309278350515,2769
liu_massdep_baseline_MX1,liu_massdep_baseline,MX1,14,14,shift_ot_h,927.1593333333334,0.5024054982817869,2869
liu_massdep_baseline_MX1,liu_massdep_baseline,MX1,14,14,crew_veh_h,814.8704074074077,0.5010309278350515,2769
liu_massdep_baseline_MX1,liu_massdep_baseline,MX1,14,14,crew_team_h,541.7833333333333,0.5013745704467354,2772
liu_massdep_baseline_MX2,liu_massdep_baseline,MX2,12,12,shift_h,768.0,0.37422680412371134,2765
liu_massdep_baseline_MX2,liu_massdep_baseline,MX2,12,12,shift_ot_h,808.1193888888889,0.3769759450171821,2793
liu_massdep_baseline_MX2,liu_massdep_baseline,MX2,12,12,crew_veh_h,741.1065555555556,0.37422680412371134,2765
liu_massdep_baseline_MX2,liu_massdep_baseline,MX2,12,12,crew_team_h,536.2564814814815,0.37422680412371134,2765
liu_massdep_baseline_MX2,liu_massdep_baseline,MX2,13,12,shift_h,832.0,0.3694158075601375,2769
liu_massdep_baseline_MX2,liu_massdep_baseline,MX2,13,12,shift_ot_h,857.3142777777778,0.37285223367697595,2883
liu_massdep_baseline_MX2,liu_massdep_baseline,MX2,13,12,crew_veh_h,730.1608148148149,0.3694158075601375,2769
liu_massdep_baseline_MX2,liu_massdep_baseline,MX2,13,12,crew_team_h,528.3353703703705,0.37010309278350517,2769
liu_massdep_tight_200,liu_massdep_tight,200,20,20,shift_h,1280.0,1.0,2765
liu_massdep_tight_200,liu_massdep_tight,200,20,20,shift_ot_h,1288.5032222222221,1.0,2765
liu_massdep_tight_200,liu_massdep_tight,200,20,20,crew_veh_h,1102.2158518518518,1.0,2765
liu_massdep_tight_200,liu_massdep_tight,200,20,20,crew_team_h,590.5340000000001,1.0,2765
liu_massdep_tight_200,liu_massdep_tight,200,21,20,shift_h,1344.0,1.0,2765
liu_massdep_tight_200,liu_massdep_tight,200,21,20,shift_ot_h,1352.2744444444445,1.0,2765
liu_massdep_tight_200,liu_massdep_tight,200,21,20,crew_veh_h,1100.9122962962963,1.0,2765
liu_massdep_tight_200,liu_massdep_tight,200,21,20,crew_team_h,589.2304444444446,1.0,2765
liu_massdep_tight_200,liu_massdep_tight,200,22,20,shift_h,1408.0,1.0,2849
liu_massdep_tight_200,liu_massdep_tight,200,22,20,shift_ot_h,1412.539888888889,1.0,2862
liu_massdep_tight_200,liu_massdep_tight,200,22,20,crew_veh_h,1087.2545925925924,1.0,2849
liu_massdep_tight_200,liu_massdep_tight,200,22,20,crew_team_h,575.5727407407408,1.0,2849
liu_massdep_tight_250,liu_massdep_tight,250,18,18,shift_h,1152.0,0.6683848797250859,2789
liu_massdep_tight_250,liu_massdep_tight,250,18,18,shift_ot_h,1156.8106666666667,0.6683848797250859,2815
liu_massdep_tight_250,liu_massdep_tight,250,18,18,crew_veh_h,917.0422962962963,0.6683848797250859,2789
liu_massdep_tight_250,liu_massdep_tight,250,18,18,crew_team_h,557.1690370370369,0.6683848797250859,2789
liu_massdep_tight_270,liu_massdep_tight,270,17,17,shift_h,1088.0,0.6360824742268041,2765
liu_massdep_tight_270,liu_massdep_tight,270,17,17,shift_ot_h,1094.5870555555555,0.6360824742268041,2766
liu_massdep_tight_270,liu_massdep_tight,270,17,17,crew_veh_h,905.1136296296297,0.6360824742268041,2765
liu_massdep_tight_270,liu_massdep_tight,270,17,17,crew_team_h,561.3517407407406,0.6360824742268041,2765
liu_massdep_tight_270,liu_massdep_tight,270,18,17,shift_h,1152.0,0.6360824742268041,2796
liu_massdep_tight_270,liu_massdep_tight,270,18,17,shift_ot_h,1156.1617222222221,0.6360824742268041,2816
liu_massdep_tight_270,liu_massdep_tight,270,18,17,crew_veh_h,893.2216296296298,0.6360824742268041,2796
liu_massdep_tight_270,liu_massdep_tight,270,18,17,crew_team_h,549.4597407407407,0.6360824742268041,2796
liu_massdep_tight_300,liu_massdep_tight,300,15,15,shift_h,960.0,0.44329896907216493,2765
liu_massdep_tight_300,liu_massdep_tight,300,15,15,shift_ot_h,965.0325,0.44329896907216493,2796
liu_massdep_tight_300,liu_massdep_tight,300,15,15,crew_veh_h,782.9835185185186,0.44329896907216493,2765
liu_massdep_tight_300,liu_massdep_tight,300,15,15,crew_team_h,536.7838518518519,0.44329896907216493,2765
liu_massdep_tight_325,liu_massdep_tight,325,14,14,shift_h,896.0,0.40034364261168387,2765
liu_massdep_tight_325,liu_massdep_tight,325,14,14,shift_ot_h,902.9082222222222,0.40034364261168387,2766
liu_massdep_tight_325,liu_massdep_tight,325,14,14,crew_veh_h,761.241888888889,0.40034364261168387,2765
liu_massdep_tight_325,liu_massdep_tight,325,14,14,crew_team_h,537.5587407407407,0.40034364261168387,2765
liu_massdep_tight_325,liu_massdep_tight,325,15,14,shift_h,960.0,0.40034364261168387,2775
liu_massdep_tight_325,liu_massdep_tight,325,15,14,shift_ot_h,963.5751666666666,0.40034364261168387,2825
liu_massdep_tight_325,liu_massdep_tight,325,15,14,crew_veh_h,752.5331481481481,0.40034364261168387,2775
liu_massdep_tight_325,liu_massdep_tight,325,15,14,crew_team_h,528.85,0.40034364261168387,2775
liu_massdep_tight_380,liu_massdep_tight,380,12,12,shift_h,768.0,0.19759450171821305,2820
liu_massdep_tight_380,liu_massdep_tight,380,12,12,shift_ot_h,772.4180555555556,0.19759450171821305,2826
liu_massdep_tight_380,liu_massdep_tight,380,12,12,crew_veh_h,617.4380740740739,0.19759450171821305,2820
liu_massdep_tight_380,liu_massdep_tight,380,12,12,crew_team_h,505.12533333333346,0.19759450171821305,2820
liu_massdep_tight_425,liu_massdep_tight,425,8,8,shift_h,512.0,0.0,2768
liu_massdep_tight_425,liu_massdep_tight,425,8,8,shift_ot_h,518.5918333333333,0.0,2765
liu_massdep_tight_425,liu_massdep_tight,425,8,8,crew_veh_h,483.8601851851852,0.0,2768
liu_massdep_tight_425,liu_massdep_tight,425,8,8,crew_team_h,483.8601851851852,0.0,2768
liu_massdep_tight_425,liu_massdep_tight,425,9,8,shift_h,576.0,0.0,2765
liu_massdep_tight_425,liu_massdep_tight,425,9,8,shift_ot_h,580.3050555555556,0.0,2853
liu_massdep_tight_425,liu_massdep_tight,425,9,8,crew_veh_h,477.7654074074075,0.0,2765
liu_massdep_tight_425,liu_massdep_tight,425,9,8,crew_team_h,477.7654074074075,0.0,2765
liu_massdep_tight_500,liu_massdep_tight,500,8,8,shift_h,512.0,0.0,2768
liu_massdep_tight_500,liu_massdep_tight,500,8,8,shift_ot_h,518.5918333333333,0.0,2765
liu_massdep_tight_500,liu_massdep_tight,500,8,8,crew_veh_h,483.8601851851852,0.0,2768
liu_massdep_tight_500,liu_massdep_tight,500,8,8,crew_team_h,483.8601851851852,0.0,2768
liu_massdep_tight_500,liu_massdep_tight,500,9,8,shift_h,576.0,0.0,2765
liu_massdep_tight_500,liu_massdep_tight,500,9,8,shift_ot_h,580.3050555555556,0.0,2853
liu_massdep_tight_500,liu_massdep_tight,500,9,8,crew_veh_h,477.7654074074075,0.0,2765
liu_massdep_tight_500,liu_massdep_tight,500,9,8,crew_team_h,477.7654074074075,0.0,2765
liu_massdep_tight_550,liu_massdep_tight,550,8,8,shift_h,512.0,0.0,2768
liu_massdep_tight_550,liu_massdep_tight,550,8,8,shift_ot_h,518.5918333333333,0.0,2765
liu_massdep_tight_550,liu_massdep_tight,550,8,8,crew_veh_h,483.8601851851852,0.0,2768
liu_massdep_tight_550,liu_massdep_tight,550,8,8,crew_team_h,483.8601851851852,0.0,2768
liu_massdep_tight_550,liu_massdep_tight,550,9,8,shift_h,576.0,0.0,2765
liu_massdep_tight_550,liu_massdep_tight,550,9,8,shift_ot_h,580.3050555555556,0.0,2853
liu_massdep_tight_550,liu_massdep_tight,550,9,8,crew_veh_h,477.7654074074075,0.0,2765
liu_massdep_tight_550,liu_massdep_tight,550,9,8,crew_team_h,477.7654074074075,0.0,2765
liu_massdep_tight_MX1,liu_massdep_tight,MX1,16,16,shift_h,1024.0,0.5120274914089347,2770
liu_massdep_tight_MX1,liu_massdep_tight,MX1,16,16,shift_ot_h,1029.0655555555556,0.5178694158075602,2791
liu_massdep_tight_MX1,liu_massdep_tight,MX1,16,16,crew_veh_h,827.5896296296297,0.5120274914089347,2770
liu_massdep_tight_MX1,liu_massdep_tight,MX1,16,16,crew_team_h,547.3752592592592,0.51340206185567,2777
liu_massdep_tight_MX2,liu_massdep_tight,MX2,14,14,shift_h,896.0,0.39828178694158073,2765
liu_massdep_tight_MX2,liu_massdep_tight,MX2,14,14,shift_ot_h,902.6316111111112,0.4,2767
liu_massdep_tight_MX2,liu_massdep_tight,MX2,14,14,crew_veh_h,757.7630000000001,0.39828178694158073,2765
liu_massdep_tight_MX2,liu_massdep_tight,MX2,14,14,crew_team_h,538.9278888888889,0.39862542955326463,2765
liu_massdep_tight_MX2,liu_massdep_tight,MX2,15,14,shift_h,960.0,0.39553264604810995,2766
liu_massdep_tight_MX2,liu_massdep_tight,MX2,15,14,shift_ot_h,963.8058333333333,0.4027491408934708,2829
liu_massdep_tight_MX2,liu_massdep_tight,MX2,15,14,crew_veh_h,749.8002222222221,0.39553264604810995,2766
liu_massdep_tight_MX2,liu_massdep_tight,MX2,15,14,crew_team_h,531.7325925925925,0.39828178694158073,2768
liu_short_baseline_200,liu_short_baseline,200,12,12,shift_h,768.0,1.0,2910
liu_short_baseline_200,liu_short_baseline,200,12,12,shift_ot_h,791.7558888888889,1.0,2910
liu_short_baseline_200,liu_short_baseline,200,12,12,crew_veh_h,689.6311481481482,1.0,2910
liu_short_baseline_200,liu_short_baseline,200,12,12,crew_team_h,372.18177777777777,1.0,2910
liu_short_baseline_250,liu_short_baseline,250,9,9,shift_h,576.0,0.6683848797250859,2781
liu_short_baseline_250,liu_short_baseline,250,9,9,shift_ot_h,616.8184444444445,0.6683848797250859,2781
liu_short_baseline_250,liu_short_baseline,250,9,9,crew_veh_h,582.3787777777778,0.6683848797250859,2781
liu_short_baseline_250,liu_short_baseline,250,9,9,crew_team_h,369.55525925925934,0.6683848797250859,2781
liu_short_baseline_250,liu_short_baseline,250,10,9,shift_h,640.0,0.6683848797250859,2903
liu_short_baseline_250,liu_short_baseline,250,10,9,shift_ot_h,657.3019444444444,0.6683848797250859,2909
liu_short_baseline_250,liu_short_baseline,250,10,9,crew_veh_h,567.5141111111112,0.6683848797250859,2903
liu_short_baseline_250,liu_short_baseline,250,10,9,crew_team_h,354.6905925925926,0.6683848797250859,2903
liu_short_baseline_270,liu_short_baseline,270,9,9,shift_h,576.0,0.6360824742268041,2766
liu_short_baseline_270,liu_short_baseline,270,9,9,shift_ot_h,607.9155,0.6360824742268041,2836
liu_short_baseline_270,liu_short_baseline,270,9,9,crew_veh_h,565.5045185185186,0.6360824742268041,2766
liu_short_baseline_270,liu_short_baseline,270,9,9,crew_team_h,363.3024074074074,0.6360824742268041,2766
liu_short_baseline_300,liu_short_baseline,300,8,8,shift_h,512.0,0.44329896907216493,2885
liu_short_baseline_300,liu_short_baseline,300,8,8,shift_ot_h,531.8212777777778,0.44329896907216493,2885
liu_short_baseline_300,liu_short_baseline,300,8,8,crew_veh_h,478.524074074074,0.44329896907216493,2885
liu_short_baseline_300,liu_short_baseline,300,8,8,crew_team_h,337.4828148148148,0.44329896907216493,2885
liu_short_baseline_325,liu_short_baseline,325,8,8,shift_h,512.0,0.40034364261168387,2862
liu_short_baseline_325,liu_short_baseline,325,8,8,shift_ot_h,527.0801111111111,0.40034364261168387,2904
liu_short_baseline_325,liu_short_baseline,325,8,8,crew_veh_h,455.70881481481484,0.40034364261168387,2862
liu_short_baseline_325,liu_short_baseline,325,8,8,crew_team_h,328.44329629629635,0.40034364261168387,2862
liu_short_baseline_380,liu_short_baseline,380,6,6,shift_h,384.0,0.19759450171821305,2866
liu_short_baseline_380,liu_short_baseline,380,6,6,shift_ot_h,404.2654444444444,0.19759450171821305,2866
liu_short_baseline_380,liu_short_baseline,380,6,6,crew_veh_h,372.41603703703703,0.19759450171821305,2866
liu_short_baseline_380,liu_short_baseline,380,6,6,crew_team_h,309.8285555555555,0.19759450171821305,2866
liu_short_baseline_425,liu_short_baseline,425,5,5,shift_h,320.0,0.0,2910
liu_short_baseline_425,liu_short_baseline,425,5,5,shift_ot_h,330.5648888888889,0.0,2910
liu_short_baseline_425,liu_short_baseline,425,5,5,crew_veh_h,275.1708888888889,0.0,2910
liu_short_baseline_425,liu_short_baseline,425,5,5,crew_team_h,275.1708888888889,0.0,2910
liu_short_baseline_500,liu_short_baseline,500,5,5,shift_h,320.0,0.0,2910
liu_short_baseline_500,liu_short_baseline,500,5,5,shift_ot_h,330.5648888888889,0.0,2910
liu_short_baseline_500,liu_short_baseline,500,5,5,crew_veh_h,275.1708888888889,0.0,2910
liu_short_baseline_500,liu_short_baseline,500,5,5,crew_team_h,275.1708888888889,0.0,2910
liu_short_baseline_550,liu_short_baseline,550,5,5,shift_h,320.0,0.0,2910
liu_short_baseline_550,liu_short_baseline,550,5,5,shift_ot_h,330.5648888888889,0.0,2910
liu_short_baseline_550,liu_short_baseline,550,5,5,crew_veh_h,275.1708888888889,0.0,2910
liu_short_baseline_550,liu_short_baseline,550,5,5,crew_team_h,275.1708888888889,0.0,2910
liu_short_baseline_MX1,liu_short_baseline,MX1,8,8,shift_h,512.0,0.3828178694158076,2774
liu_short_baseline_MX1,liu_short_baseline,MX1,8,8,shift_ot_h,529.5392777777778,0.38316151202749144,2898
liu_short_baseline_MX1,liu_short_baseline,MX1,8,8,crew_veh_h,458.17059259259264,0.3828178694158076,2774
liu_short_baseline_MX1,liu_short_baseline,MX1,8,8,crew_team_h,332.44285185185186,0.38384879725085913,2846
liu_short_baseline_MX2,liu_short_baseline,MX2,6,6,shift_h,384.0,0.1549828178694158,2766
liu_short_baseline_MX2,liu_short_baseline,MX2,6,6,shift_ot_h,404.339,0.16597938144329896,2860
liu_short_baseline_MX2,liu_short_baseline,MX2,6,6,crew_veh_h,362.4602222222223,0.1549828178694158,2766
liu_short_baseline_MX2,liu_short_baseline,MX2,6,6,crew_team_h,310.12370370370365,0.15738831615120275,2766
liu_short_baseline_MX2,liu_short_baseline,MX2,7,6,shift_h,448.0,0.14914089347079038,2769
liu_short_baseline_MX2,liu_short_baseline,MX2,7,6,shift_ot_h,461.43055555555554,0.15979381443298968,2910
liu_short_baseline_MX2,liu_short_baseline,MX2,7,6,crew_veh_h,353.6176296296297,0.14914089347079038,2769
liu_short_baseline_MX2,liu_short_baseline,MX2,7,6,crew_team_h,302.39907407407406,0.1515463917525773,2790
liu_short_tight_200,liu_short_tight,200,12,12,shift_h,768.0,1.0,2811
liu_short_tight_200,liu_short_tight,200,12,12,shift_ot_h,772.1587777777778,1.0,2906
liu_short_tight_200,liu_short_tight,200,12,12,crew_veh_h,696.8130740740739,1.0,2811
liu_short_tight_200,liu_short_tight,200,12,12,crew_team_h,379.36370370370366,1.0,2811
liu_short_tight_250,liu_short_tight,250,10,10,shift_h,640.0,0.6683848797250859,2768
liu_short_tight_250,liu_short_tight,250,10,10,shift_ot_h,645.0909444444444,0.6683848797250859,2857
liu_short_tight_250,liu_short_tight,250,10,10,crew_veh_h,576.6474074074074,0.6683848797250859,2768
liu_short_tight_250,liu_short_tight,250,10,10,crew_team_h,363.82388888888886,0.6683848797250859,2768
liu_short_tight_270,liu_short_tight,270,10,10,shift_h,640.0,0.6360824742268041,2765
liu_short_tight_270,liu_short_tight,270,10,10,shift_ot_h,644.1678888888889,0.6360824742268041,2865
liu_short_tight_270,liu_short_tight,270,10,10,crew_veh_h,558.8391481481482,0.6360824742268041,2765
liu_short_tight_270,liu_short_tight,270,10,10,crew_team_h,356.6370370370371,0.6360824742268041,2765
liu_short_tight_300,liu_short_tight,300,8,8,shift_h,512.0,0.44329896907216493,2768
liu_short_tight_300,liu_short_tight,300,8,8,shift_ot_h,522.2666666666667,0.44329896907216493,2768
liu_short_tight_300,liu_short_tight,300,8,8,crew_veh_h,484.687962962963,0.44329896907216493,2768
liu_short_tight_300,liu_short_tight,300,8,8,crew_team_h,343.64670370370374,0.44329896907216493,2768
liu_short_tight_300,liu_short_tight,300,9,8,shift_h,576.0,0.44329896907216493,2873
liu_short_tight_300,liu_short_tight,300,9,8,shift_ot_h,578.2875555555555,0.44329896907216493,2901
liu_short_tight_300,liu_short_tight,300,9,8,crew_veh_h,472.59196296296307,0.44329896907216493,2873
liu_short_tight_300,liu_short_tight,300,9,8,crew_team_h,331.55070370370373,0.44329896907216493,2873
liu_short_tight_325,liu_short_tight,325,8,8,shift_h,512.0,0.40034364261168387,2770
liu_short_tight_325,liu_short_tight,325,8,8,shift_ot_h,516.2119444444445,0.40034364261168387,2856
liu_short_tight_325,liu_short_tight,325,8,8,crew_veh_h,461.0104444444444,0.40034364261168387,2770
liu_short_tight_325,liu_short_tight,325,8,8,crew_team_h,333.74492592592594,0.40034364261168387,2770
liu_short_tight_380,liu_short_tight,380,7,7,shift_h,448.0,0.19759450171821305,2833
liu_short_tight_380,liu_short_tight,380,7,7,shift_ot_h,450.2034444444445,0.19759450171821305,2892
liu_short_tight_380,liu_short_tight,380,7,7,crew_veh_h,366.84940740740734,0.19759450171821305,2833
liu_short_tight_380,liu_short_tight,380,7,7,crew_team_h,304.261925925926,0.19759450171821305,2833
liu_short_tight_425,liu_short_tight,425,5,5,shift_h,320.0,0.0,2855
liu_short_tight_425,liu_short_tight,425,5,5,shift_ot_h,322.36283333333336,0.0,2909
liu_short_tight_425,liu_short_tight,425,5,5,crew_veh_h,277.62481481481484,0.0,2855
liu_short_tight_425,liu_short_tight,425,5,5,crew_team_h,277.62481481481484,0.0,2855
liu_short_tight_500,liu_short_tight,500,5,5,shift_h,320.0,0.0,2855
liu_short_tight_500,liu_short_tight,500,5,5,shift_ot_h,322.36283333333336,0.0,2909
liu_short_tight_500,liu_short_tight,500,5,5,crew_veh_h,277.62481481481484,0.0,2855
liu_short_tight_500,liu_short_tight,500,5,5,crew_team_h,277.62481481481484,0.0,2855
liu_short_tight_550,liu_short_tight,550,5,5,shift_h,320.0,0.0,2855
liu_short_tight_550,liu_short_tight,550,5,5,shift_ot_h,322.36283333333336,0.0,2909
liu_short_tight_550,liu_short_tight,550,5,5,crew_veh_h,277.62481481481484,0.0,2855
liu_short_tight_550,liu_short_tight,550,5,5,crew_team_h,277.62481481481484,0.0,2855
liu_short_tight_MX1,liu_short_tight,MX1,8,8,shift_h,512.0,0.4,2765
liu_short_tight_MX1,liu_short_tight,MX1,8,8,shift_ot_h,519.6278888888888,0.40515463917525774,2807
liu_short_tight_MX1,liu_short_tight,MX1,8,8,crew_veh_h,469.7354814814815,0.4,2765
liu_short_tight_MX1,liu_short_tight,MX1,8,8,crew_team_h,339.04855555555554,0.4006872852233677,2765
liu_short_tight_MX1,liu_short_tight,MX1,9,8,shift_h,576.0,0.39484536082474225,2803
liu_short_tight_MX1,liu_short_tight,MX1,9,8,shift_ot_h,578.5686666666667,0.3993127147766323,2883
liu_short_tight_MX1,liu_short_tight,MX1,9,8,crew_veh_h,457.5024444444444,0.39484536082474225,2803
liu_short_tight_MX1,liu_short_tight,MX1,9,8,crew_team_h,327.78281481481486,0.39484536082474225,2803
liu_short_tight_MX2,liu_short_tight,MX2,7,7,shift_h,448.0,0.18075601374570446,2765
liu_short_tight_MX2,liu_short_tight,MX2,7,7,shift_ot_h,451.535,0.19415807560137457,2865
liu_short_tight_MX2,liu_short_tight,MX2,7,7,crew_veh_h,371.1386666666666,0.18075601374570446,2765
liu_short_tight_MX2,liu_short_tight,MX2,7,7,crew_team_h,310.22762962962963,0.18075601374570446,2765
rohcha_long_baseline_200,rohcha_long_baseline,200,24,24,shift_h,1536.0,1.0,2766
rohcha_long_baseline_200,rohcha_long_baseline,200,24,24,shift_ot_h,1610.4562222222223,1.0,2808
rohcha_long_baseline_200,rohcha_long_baseline,200,24,24,crew_veh_h,1471.9092592592597,1.0,2766
rohcha_long_baseline_200,rohcha_long_baseline,200,24,24,crew_team_h,649.1281851851853,1.0,2766
rohcha_long_baseline_250,rohcha_long_baseline,250,21,21,shift_h,1344.0,1.0,2766
rohcha_long_baseline_250,rohcha_long_baseline,250,21,21,shift_ot_h,1412.3445555555556,1.0,2787
rohcha_long_baseline_250,rohcha_long_baseline,250,21,21,crew_veh_h,1302.1608148148148,1.0,2766
rohcha_long_baseline_250,rohcha_long_baseline,250,21,21,crew_team_h,638.4543333333332,1.0,2766
rohcha_long_baseline_270,rohcha_long_baseline,270,19,19,shift_h,1216.0,0.8972508591065292,2766
rohcha_long_baseline_270,rohcha_long_baseline,270,19,19,shift_ot_h,1279.8398333333334,0.8972508591065292,2794
rohcha_long_baseline_270,rohcha_long_baseline,270,19,19,crew_veh_h,1175.2810370370373,0.8972508591065292,2766
rohcha_long_baseline_270,rohcha_long_baseline,270,19,19,crew_team_h,623.2928148148148,0.8972508591065292,2766
rohcha_long_baseline_300,rohcha_long_baseline,300,15,15,shift_h,960.0,0.6072164948453608,2765
rohcha_long_baseline_300,rohcha_long_baseline,300,15,15,shift_ot_h,1011.6182777777777,0.6072164948453608,2802
rohcha_long_baseline_300,rohcha_long_baseline,300,15,15,crew_veh_h,917.1688518518517,0.6072164948453608,2765
rohcha_long_baseline_300,rohcha_long_baseline,300,15,15,crew_team_h,585.3055555555554,0.6072164948453608,2765
rohcha_long_baseline_325,rohcha_long_baseline,325,15,15,shift_h,960.0,0.6072164948453608,2765
rohcha_long_baseline_325,rohcha_long_baseline,325,15,15,shift_ot_h,1011.6182777777777,0.6072164948453608,2802
rohcha_long_baseline_325,rohcha_long_baseline,325,15,15,crew_veh_h,917.1688518518517,0.6072164948453608,2765
rohcha_long_baseline_325,rohcha_long_baseline,325,15,15,crew_team_h,585.3055555555554,0.6072164948453608,2765
rohcha_long_baseline_380,rohcha_long_baseline,380,14,14,shift_h,896.0,0.5096219931271477,2766
rohcha_long_baseline_380,rohcha_long_baseline,380,14,14,shift_ot_h,940.1702777777778,0.5096219931271477,2831
rohcha_long_baseline_380,rohcha_long_baseline,380,14,14,crew_veh_h,854.2887777777778,0.5096219931271477,2766
rohcha_long_baseline_380,rohcha_long_baseline,380,14,14,crew_team_h,575.779,0.5096219931271477,2766
rohcha_long_baseline_425,rohcha_long_baseline,425,14,14,shift_h,896.0,0.5096219931271477,2766
rohcha_long_baseline_425,rohcha_long_baseline,425,14,14,shift_ot_h,940.1702777777778,0.5096219931271477,2831
rohcha_long_baseline_425,rohcha_long_baseline,425,14,14,crew_veh_h,854.2887777777778,0.5096219931271477,2766
rohcha_long_baseline_425,rohcha_long_baseline,425,14,14,crew_team_h,575.779,0.5096219931271477,2766
rohcha_long_baseline_500,rohcha_long_baseline,500,11,11,shift_h,704.0,0.22027491408934707,2770
rohcha_long_baseline_500,rohcha_long_baseline,500,11,11,shift_ot_h,733.6917777777778,0.22027491408934707,2850
rohcha_long_baseline_500,rohcha_long_baseline,500,11,11,crew_veh_h,660.4022962962962,0.22027491408934707,2770
rohcha_long_baseline_500,rohcha_long_baseline,500,11,11,crew_team_h,540.9671111111112,0.22027491408934707,2770
rohcha_long_baseline_550,rohcha_long_baseline,550,8,8,shift_h,512.0,0.0,2787
rohcha_long_baseline_550,rohcha_long_baseline,550,8,8,shift_ot_h,539.4117222222222,0.0,2883
rohcha_long_baseline_550,rohcha_long_baseline,550,8,8,crew_veh_h,512.6866666666667,0.0,2787
rohcha_long_baseline_550,rohcha_long_baseline,550,8,8,crew_team_h,512.6866666666667,0.0,2787
rohcha_long_baseline_MX1,rohcha_long_baseline,MX1,17,17,shift_h,1088.0,0.7615120274914089,2765
rohcha_long_baseline_MX1,rohcha_long_baseline,MX1,17,17,shift_ot_h,1144.653388888889,0.7618556701030927,2765
rohcha_long_baseline_MX1,rohcha_long_baseline,MX1,17,17,crew_veh_h,1069.2832592592592,0.7615120274914089,2765
rohcha_long_baseline_MX1,rohcha_long_baseline,MX1,17,17,crew_team_h,613.9485925925926,0.7615120274914089,2765
rohcha_long_baseline_MX1,rohcha_long_baseline,MX1,18,17,shift_h,1152.0,0.7608247422680412,2765
rohcha_long_baseline_MX1,rohcha_long_baseline,MX1,18,17,shift_ot_h,1196.2151111111111,0.7625429553264604,2844
rohcha_long_baseline_MX1,rohcha_long_baseline,MX1,18,17,crew_veh_h,1062.091111111111,0.7608247422680412,2765
rohcha_long_baseline_MX1,rohcha_long_baseline,MX1,18,17,crew_team_h,607.7514814814814,0.7604810996563574,2765
rohcha_long_baseline_MX2,rohcha_long_baseline,MX2,16,16,shift_h,1024.0,0.625085910652921,2765
rohcha_long_baseline_MX2,rohcha_long_baseline,MX2,16,16,shift_ot_h,1071.3158333333333,0.634020618556701,2824
rohcha_long_baseline_MX2,rohcha_long_baseline,MX2,16,16,crew_veh_h,967.1081481481481,0.625085910652921,2765
rohcha_long_baseline_MX2,rohcha_long_baseline,MX2,16,16,crew_team_h,598.2222222222223,0.6264604810996564,2765
rohcha_long_tight_200,rohcha_long_tight,200,29,29,shift_h,1856.0,1.0,2778
rohcha_long_tight_200,rohcha_long_tight,200,29,29,shift_ot_h,1864.0632222222223,1.0,2796
rohcha_long_tight_200,rohcha_long_tight,200,29,29,crew_veh_h,1464.272444444445,1.0,2778
rohcha_long_tight_200,rohcha_long_tight,200,29,29,crew_team_h,641.4913703703703,1.0,2778
rohcha_long_tight_250,rohcha_long_tight,250,25,25,shift_h,1600.0,1.0,2765
rohcha_long_tight_250,rohcha_long_tight,250,25,25,shift_ot_h,1608.8040555555556,1.0,2773
rohcha_long_tight_250,rohcha_long_tight,250,25,25,crew_veh_h,1302.416962962963,1.0,2765
rohcha_long_tight_250,rohcha_long_tight,250,25,25,crew_team_h,638.7104814814815,1.0,2765
rohcha_long_tight_250,rohcha_long_tight,250,26,25,shift_h,1664.0,1.0,2784
rohcha_long_tight_250,rohcha_long_tight,250,26,25,shift_ot_h,1669.5162777777778,1.0,2827
rohcha_long_tight_250,rohcha_long_tight,250,26,25,crew_veh_h,1290.3581481481485,1.0,2784
rohcha_long_tight_250,rohcha_long_tight,250,26,25,crew_team_h,626.6516666666666,1.0,2784
rohcha_long_tight_270,rohcha_long_tight,270,23,23,shift_h,1472.0,0.8972508591065292,2780
rohcha_long_tight_270,rohcha_long_tight,270,23,23,shift_ot_h,1479.6086666666667,0.8972508591065292,2799
rohcha_long_tight_270,rohcha_long_tight,270,23,23,crew_veh_h,1169.1131851851856,0.8972508591065292,2780
rohcha_long_tight_270,rohcha_long_tight,270,23,23,crew_team_h,617.1249629629627,0.8972508591065292,2780
rohcha_long_tight_300,rohcha_long_tight,300,18,18,shift_h,1152.0,0.6072164948453608,2765
rohcha_long_tight_300,rohcha_long_tight,300,18,18,shift_ot_h,1159.2628333333334,0.6072164948453608,2788
rohcha_long_tight_300,rohcha_long_tight,300,18,18,crew_veh_h,917.8854074074073,0.6072164948453608,2765
rohcha_long_tight_300,rohcha_long_tight,300,18,18,crew_team_h,586.0221111111111,0.6072164948453608,2765
rohcha_long_tight_325,rohcha_long_tight,325,18,18,shift_h,1152.0,0.6072164948453608,2765
rohcha_long_tight_325,rohcha_long_tight,325,18,18,shift_ot_h,1159.2628333333334,0.6072164948453608,2788
rohcha_long_tight_325,rohcha_long_tight,325,18,18,crew_veh_h,917.8854074074073,0.6072164948453608,2765
rohcha_long_tight_325,rohcha_long_tight,325,18,18,crew_team_h,586.0221111111111,0.6072164948453608,2765
rohcha_long_tight_380,rohcha_long_tight,380,17,17,shift_h,1088.0,0.5096219931271477,2785
rohcha_long_tight_380,rohcha_long_tight,380,17,17,shift_ot_h,1093.7765555555557,0.5096219931271477,2813
rohcha_long_tight_380,rohcha_long_tight,380,17,17,crew_veh_h,849.872962962963,0.5096219931271477,2785
rohcha_long_tight_380,rohcha_long_tight,380,17,17,crew_team_h,571.3631851851853,0.5096219931271477,2785
rohcha_long_tight_425,rohcha_long_tight,425,17,17,shift_h,1088.0,0.5096219931271477,2785
rohcha_long_tight_425,rohcha_long_tight,425,17,17,shift_ot_h,1093.7765555555557,0.5096219931271477,2813
rohcha_long_tight_425,rohcha_long_tight,425,17,17,crew_veh_h,849.872962962963,0.5096219931271477,2785
rohcha_long_tight_425,rohcha_long_tight,425,17,17,crew_team_h,571.3631851851853,0.5096219931271477,2785
rohcha_long_tight_500,rohcha_long_tight,500,13,13,shift_h,832.0,0.22027491408934707,2786
rohcha_long_tight_500,rohcha_long_tight,500,13,13,shift_ot_h,837.5586666666667,0.22027491408934707,2792
rohcha_long_tight_500,rohcha_long_tight,500,13,13,crew_veh_h,660.8935555555555,0.22027491408934707,2786
rohcha_long_tight_500,rohcha_long_tight,500,13,13,crew_team_h,541.4583703703703,0.22027491408934707,2786
rohcha_long_tight_550,rohcha_long_tight,550,9,9,shift_h,576.0,0.0,2766
rohcha_long_tight_550,rohcha_long_tight,550,9,9,shift_ot_h,582.1992777777778,0.0,2777
rohcha_long_tight_550,rohcha_long_tight,550,9,9,crew_veh_h,518.5846666666666,0.0,2766
rohcha_long_tight_550,rohcha_long_tight,550,9,9,crew_team_h,518.5846666666666,0.0,2766
rohcha_long_tight_550,rohcha_long_tight,550,10,9,shift_h,640.0,0.0,2773
rohcha_long_tight_550,rohcha_long_tight,550,10,9,shift_ot_h,644.1023333333334,0.0,2846
rohcha_long_tight_550,rohcha_long_tight,550,10,9,crew_veh_h,512.005962962963,0.0,2773
rohcha_long_tight_550,rohcha_long_tight,550,10,9,crew_team_h,512.005962962963,0.0,2773
rohcha_long_tight_MX1,rohcha_long_tight,MX1,21,21,shift_h,1344.0,0.7694158075601375,2789
rohcha_long_tight_MX1,rohcha_long_tight,MX1,21,21,shift_ot_h,1349.232,0.7701030927835052,2806
rohcha_long_tight_MX1,rohcha_long_tight,MX1,21,21,crew_veh_h,1071.3485925925927,0.7694158075601375,2789
rohcha_long_tight_MX1,rohcha_long_tight,MX1,21,21,crew_team_h,612.2875185185184,0.768384879725086,2786
rohcha_long_tight_MX2,rohcha_long_tight,MX2,19,19,shift_h,1216.0,0.643298969072165,2766
rohcha_long_tight_MX2,rohcha_long_tight,MX2,19,19,shift_ot_h,1221.2987777777778,0.6467353951890035,2806
rohcha_long_tight_MX2,rohcha_long_tight,MX2,19,19,crew_veh_h,978.1543333333332,0.643298969072165,2766
rohcha_long_tight_MX2,rohcha_long_tight,MX2,19,19,crew_team_h,599.1817777777778,0.6443298969072165,2767
rohcha_massdep_baseline_200,rohcha_massdep_baseline,200,26,26,shift_h,1664.0,1.0,2765
rohcha_massdep_baseline_200,rohcha_massdep_baseline,200,26,26,shift_ot_h,1743.0997222222222,1.0,2787
rohcha_massdep_baseline_200,rohcha_massdep_baseline,200,26,26,crew_veh_h,1585.4544074074076,1.0,2765
rohcha_massdep_baseline_200,rohcha_massdep_baseline,200,26,26,crew_team_h,682.0142962962963,1.0,2765
rohcha_massdep_baseline_250,rohcha_massdep_baseline,250,23,23,shift_h,1472.0,1.0,2765
rohcha_massdep_baseline_250,rohcha_massdep_baseline,250,23,23,shift_ot_h,1529.4319444444445,1.0,2823
rohcha_massdep_baseline_250,rohcha_massdep_baseline,250,23,23,crew_veh_h,1380.8025185185184,1.0,2765
rohcha_massdep_baseline_250,rohcha_massdep_baseline,250,23,23,crew_team_h,660.2696296296297,1.0,2765
rohcha_massdep_baseline_270,rohcha_massdep_baseline,270,21,21,shift_h,1344.0,0.8972508591065292,2772
rohcha_massdep_baseline_270,rohcha_massdep_baseline,270,21,21,shift_ot_h,1395.5818333333334,0.8972508591065292,2827
rohcha_massdep_baseline_270,rohcha_massdep_baseline,270,21,21,crew_veh_h,1249.9388518518522,0.8972508591065292,2772
rohcha_massdep_baseline_270,rohcha_massdep_baseline,270,21,21,crew_team_h,646.7369629629629,0.8972508591065292,2772
rohcha_massdep_baseline_300,rohcha_massdep_baseline,300,17,17,shift_h,1088.0,0.6072164948453608,2765
rohcha_massdep_baseline_300,rohcha_massdep_baseline,300,17,17,shift_ot_h,1127.7014444444444,0.6072164948453608,2845
rohcha_massdep_baseline_300,rohcha_massdep_baseline,300,17,17,crew_veh_h,996.067037037037,0.6072164948453608,2765
rohcha_massdep_baseline_300,rohcha_massdep_baseline,300,17,17,crew_team_h,614.9238148148148,0.6072164948453608,2765
rohcha_massdep_baseline_325,rohcha_massdep_baseline,325,17,17,shift_h,1088.0,0.6072164948453608,2765
rohcha_massdep_baseline_325,rohcha_massdep_baseline,325,17,17,shift_ot_h,1127.7014444444444,0.6072164948453608,2845
rohcha_massdep_baseline_325,rohcha_massdep_baseline,325,17,17,crew_veh_h,996.067037037037,0.6072164948453608,2765
rohcha_massdep_baseline_325,rohcha_massdep_baseline,325,17,17,crew_team_h,614.9238148148148,0.6072164948453608,2765
rohcha_massdep_baseline_380,rohcha_massdep_baseline,380,16,16,shift_h,1024.0,0.5096219931271477,2765
rohcha_massdep_baseline_380,rohcha_massdep_baseline,380,16,16,shift_ot_h,1059.3625555555554,0.5096219931271477,2853
rohcha_massdep_baseline_380,rohcha_massdep_baseline,380,16,16,crew_veh_h,931.0244444444444,0.5096219931271477,2765
rohcha_massdep_baseline_380,rohcha_massdep_baseline,380,16,16,crew_team_h,603.1992962962962,0.5096219931271477,2765
rohcha_massdep_baseline_425,rohcha_massdep_baseline,425,16,16,shift_h,1024.0,0.5096219931271477,2765
rohcha_massdep_baseline_425,rohcha_massdep_baseline,425,16,16,shift_ot_h,1059.3625555555554,0.5096219931271477,2853
rohcha_massdep_baseline_425,rohcha_massdep_baseline,425,16,16,crew_veh_h,931.0244444444444,0.5096219931271477,2765
rohcha_massdep_baseline_425,rohcha_massdep_baseline,425,16,16,crew_team_h,603.1992962962962,0.5096219931271477,2765
rohcha_massdep_baseline_500,rohcha_massdep_baseline,500,12,12,shift_h,768.0,0.22027491408934707,2767
rohcha_massdep_baseline_500,rohcha_massdep_baseline,500,12,12,shift_ot_h,800.4505,0.22027491408934707,2832
rohcha_massdep_baseline_500,rohcha_massdep_baseline,500,12,12,crew_veh_h,717.4244074074074,0.22027491408934707,2767
rohcha_massdep_baseline_500,rohcha_massdep_baseline,500,12,12,crew_team_h,572.5064814814815,0.22027491408934707,2767
rohcha_massdep_baseline_550,rohcha_massdep_baseline,550,9,9,shift_h,576.0,0.0,2886
rohcha_massdep_baseline_550,rohcha_massdep_baseline,550,9,9,shift_ot_h,597.3071666666667,0.0,2905
rohcha_massdep_baseline_550,rohcha_massdep_baseline,550,9,9,crew_veh_h,540.2715185185186,0.0,2886
rohcha_massdep_baseline_550,rohcha_massdep_baseline,550,9,9,crew_team_h,540.2715185185186,0.0,2886
rohcha_massdep_baseline_MX1,rohcha_massdep_baseline,MX1,19,19,shift_h,1216.0,0.7738831615120275,2766
rohcha_massdep_baseline_MX1,rohcha_massdep_baseline,MX1,19,19,shift_ot_h,1267.232888888889,0.7725085910652921,2803
rohcha_massdep_baseline_MX1,rohcha_massdep_baseline,MX1,19,19,crew_veh_h,1148.8438888888886,0.7738831615120275,2766
rohcha_massdep_baseline_MX1,rohcha_massdep_baseline,MX1,19,19,crew_team_h,643.0241481481481,0.7738831615120275,2765
rohcha_massdep_baseline_MX2,rohcha_massdep_baseline,MX2,17,17,shift_h,1088.0,0.6518900343642612,2765
rohcha_massdep_baseline_MX2,rohcha_massdep_baseline,MX2,17,17,shift_ot_h,1141.4404444444444,0.6539518900343643,2765
rohcha_massdep_baseline_MX2,rohcha_massdep_baseline,MX2,17,17,crew_veh_h,1050.982185185185,0.6518900343642612,2765
rohcha_massdep_baseline_MX2,rohcha_massdep_baseline,MX2,17,17,crew_team_h,633.2008518518519,0.6525773195876289,2765
rohcha_massdep_baseline_MX2,rohcha_massdep_baseline,MX2,18,17,shift_h,1152.0,0.6515463917525773,2765
rohcha_massdep_baseline_MX2,rohcha_massdep_baseline,MX2,18,17,shift_ot_h,1191.7276666666667,0.6536082474226804,2844
rohcha_massdep_baseline_MX2,rohcha_massdep_baseline,MX2,18,17,crew_veh_h,1040.216888888889,0.6515463917525773,2765
rohcha_massdep_baseline_MX2,rohcha_massdep_baseline,MX2,18,17,crew_team_h,627.4655555555553,0.6532646048109966,2765
rohcha_massdep_tight_200,rohcha_massdep_tight,200,30,30,shift_h,1920.0,1.0,2765
rohcha_massdep_tight_200,rohcha_massdep_tight,200,30,30,shift_ot_h,1929.0717777777777,1.0,2777
rohcha_massdep_tight_200,rohcha_massdep_tight,200,30,30,crew_veh_h,1572.8399259259265,1.0,2765
rohcha_massdep_tight_200,rohcha_massdep_tight,200,30,30,crew_team_h,669.3998148148148,1.0,2765
rohcha_massdep_tight_250,rohcha_massdep_tight,250,26,26,shift_h,1664.0,1.0,2765
rohcha_massdep_tight_250,rohcha_massdep_tight,250,26,26,shift_ot_h,1672.491,1.0,2771
rohcha_massdep_tight_250,rohcha_massdep_tight,250,26,26,crew_veh_h,1383.0155555555552,1.0,2765
rohcha_massdep_tight_250,rohcha_massdep_tight,250,26,26,crew_team_h,662.4826666666667,1.0,2765
rohcha_massdep_tight_270,rohcha_massdep_tight,270,24,24,shift_h,1536.0,0.8972508591065292,2770
rohcha_massdep_tight_270,rohcha_massdep_tight,270,24,24,shift_ot_h,1542.847277777778,0.8972508591065292,2810
rohcha_massdep_tight_270,rohcha_massdep_tight,270,24,24,crew_veh_h,1246.566296296296,0.8972508591065292,2770
rohcha_massdep_tight_270,rohcha_massdep_tight,270,24,24,crew_team_h,643.3644074074075,0.8972508591065292,2770
rohcha_massdep_tight_300,rohcha_massdep_tight,300,19,19,shift_h,1216.0,0.6072164948453608,2767
rohcha_massdep_tight_300,rohcha_massdep_tight,300,19,19,shift_ot_h,1223.2858888888888,0.6072164948453608,2774
rohcha_massdep_tight_300,rohcha_massdep_tight,300,19,19,crew_veh_h,993.4776666666668,0.6072164948453608,2767
rohcha_massdep_tight_300,rohcha_massdep_tight,300,19,19,crew_team_h,612.3344444444444,0.6072164948453608,2767
rohcha_massdep_tight_325,rohcha_massdep_tight,325,19,19,shift_h,1216.0,0.6072164948453608,2767
rohcha_massdep_tight_325,rohcha_massdep_tight,325,19,19,shift_ot_h,1223.2858888888888,0.6072164948453608,2774
rohcha_massdep_tight_325,rohcha_massdep_tight,325,19,19,crew_veh_h,993.4776666666668,0.6072164948453608,2767
rohcha_massdep_tight_325,rohcha_massdep_tight,325,19,19,crew_team_h,612.3344444444444,0.6072164948453608,2767
rohcha_massdep_tight_380,rohcha_massdep_tight,380,18,18,shift_h,1152.0,0.5096219931271477,2774
rohcha_massdep_tight_380,rohcha_massdep_tight,380,18,18,shift_ot_h,1158.0611666666666,0.5096219931271477,2813
rohcha_massdep_tight_380,rohcha_massdep_tight,380,18,18,crew_veh_h,926.9000000000001,0.5096219931271477,2774
rohcha_massdep_tight_380,rohcha_massdep_tight,380,18,18,crew_team_h,599.074851851852,0.5096219931271477,2774
rohcha_massdep_tight_425,rohcha_massdep_tight,425,18,18,shift_h,1152.0,0.5096219931271477,2774
rohcha_massdep_tight_425,rohcha_massdep_tight,425,18,18,shift_ot_h,1158.0611666666666,0.5096219931271477,2813
rohcha_massdep_tight_425,rohcha_massdep_tight,425,18,18,crew_veh_h,926.9000000000001,0.5096219931271477,2774
rohcha_massdep_tight_425,rohcha_massdep_tight,425,18,18,crew_team_h,599.074851851852,0.5096219931271477,2774
rohcha_massdep_tight_500,rohcha_massdep_tight,500,14,14,shift_h,896.0,0.22027491408934707,2786
rohcha_massdep_tight_500,rohcha_massdep_tight,500,14,14,shift_ot_h,900.2755555555556,0.22027491408934707,2828
rohcha_massdep_tight_500,rohcha_massdep_tight,500,14,14,crew_veh_h,713.8345925925927,0.22027491408934707,2786
rohcha_massdep_tight_500,rohcha_massdep_tight,500,14,14,crew_team_h,568.9166666666666,0.22027491408934707,2786
rohcha_massdep_tight_550,rohcha_massdep_tight,550,10,10,shift_h,640.0,0.0,2770
rohcha_massdep_tight_550,rohcha_massdep_tight,550,10,10,shift_ot_h,644.4713888888889,0.0,2806
rohcha_massdep_tight_550,rohcha_massdep_tight,550,10,10,crew_veh_h,546.8991481481482,0.0,2770
rohcha_massdep_tight_550,rohcha_massdep_tight,550,10,10,crew_team_h,546.8991481481482,0.0,2770
rohcha_massdep_tight_MX1,rohcha_massdep_tight,MX1,22,22,shift_h,1408.0,0.7852233676975945,2771
rohcha_massdep_tight_MX1,rohcha_massdep_tight,MX1,22,22,shift_ot_h,1413.6906111111111,0.7838487972508591,2798
rohcha_massdep_tight_MX1,rohcha_massdep_tight,MX1,22,22,crew_veh_h,1157.5595555555556,0.7852233676975945,2771
rohcha_massdep_tight_MX1,rohcha_massdep_tight,MX1,22,22,crew_team_h,642.3713703703705,0.7824742268041237,2765
rohcha_massdep_tight_MX2,rohcha_massdep_tight,MX2,20,20,shift_h,1280.0,0.6714776632302405,2765
rohcha_massdep_tight_MX2,rohcha_massdep_tight,MX2,20,20,shift_ot_h,1285.365611111111,0.6714776632302405,2777
rohcha_massdep_tight_MX2,rohcha_massdep_tight,MX2,20,20,crew_veh_h,1061.5060000000003,0.6714776632302405,2765
rohcha_massdep_tight_MX2,rohcha_massdep_tight,MX2,20,20,crew_team_h,632.5603333333332,0.6697594501718213,2765
rohcha_short_baseline_200,rohcha_short_baseline,200,15,15,shift_h,960.0,1.0,2803
rohcha_short_baseline_200,rohcha_short_baseline,200,15,15,shift_ot_h,998.9495,1.0,2890
rohcha_short_baseline_200,rohcha_short_baseline,200,15,15,crew_veh_h,901.5313703703703,1.0,2803
rohcha_short_baseline_200,rohcha_short_baseline,200,15,15,crew_team_h,421.4731851851852,1.0,2803
rohcha_short_baseline_250,rohcha_short_baseline,250,13,13,shift_h,832.0,1.0,2767
rohcha_short_baseline_250,rohcha_short_baseline,250,13,13,shift_ot_h,870.0681111111111,1.0,2882
rohcha_short_baseline_250,rohcha_short_baseline,250,13,13,crew_veh_h,795.591740740741,1.0,2767
rohcha_short_baseline_250,rohcha_short_baseline,250,13,13,crew_team_h,408.4793703703704,1.0,2767
rohcha_short_baseline_270,rohcha_short_baseline,270,12,12,shift_h,768.0,0.8972508591065292,2817
rohcha_short_baseline_270,rohcha_short_baseline,270,12,12,shift_ot_h,799.1598888888889,0.8972508591065292,2902
rohcha_short_baseline_270,rohcha_short_baseline,270,12,12,crew_veh_h,709.7270370370371,0.8972508591065292,2817
rohcha_short_baseline_270,rohcha_short_baseline,270,12,12,crew_team_h,387.99596296296295,0.8972508591065292,2817
rohcha_short_baseline_300,rohcha_short_baseline,300,9,9,shift_h,576.0,0.6072164948453608,2772
rohcha_short_baseline_300,rohcha_short_baseline,300,9,9,shift_ot_h,606.9451666666666,0.6072164948453608,2856
rohcha_short_baseline_300,rohcha_short_baseline,300,9,9,crew_veh_h,551.4120740740741,0.6072164948453608,2772
rohcha_short_baseline_300,rohcha_short_baseline,300,9,9,crew_team_h,358.0927407407408,0.6072164948453608,2772
rohcha_short_baseline_325,rohcha_short_baseline,325,9,9,shift_h,576.0,0.6072164948453608,2772
rohcha_short_baseline_325,rohcha_short_baseline,325,9,9,shift_ot_h,606.9451666666666,0.6072164948453608,2856
rohcha_short_baseline_325,rohcha_short_baseline,325,9,9,crew_veh_h,551.4120740740741,0.6072164948453608,2772
rohcha_short_baseline_325,rohcha_short_baseline,325,9,9,crew_team_h,358.0927407407408,0.6072164948453608,2772
rohcha_short_baseline_380,rohcha_short_baseline,380,8,8,shift_h,512.0,0.5096219931271477,2770
rohcha_short_baseline_380,rohcha_short_baseline,380,8,8,shift_ot_h,554.7097777777777,0.5096219931271477,2770
rohcha_short_baseline_380,rohcha_short_baseline,380,8,8,crew_veh_h,515.6657777777776,0.5096219931271477,2770
rohcha_short_baseline_380,rohcha_short_baseline,380,8,8,crew_team_h,353.056962962963,0.5096219931271477,2770
rohcha_short_baseline_380,rohcha_short_baseline,380,9,8,shift_h,576.0,0.5096219931271477,2907
rohcha_short_baseline_380,rohcha_short_baseline,380,9,8,shift_ot_h,592.2318333333334,0.5096219931271477,2907
rohcha_short_baseline_380,rohcha_short_baseline,380,9,8,crew_veh_h,500.96862962962956,0.5096219931271477,2907
rohcha_short_baseline_380,rohcha_short_baseline,380,9,8,crew_team_h,338.35981481481485,0.5096219931271477,2907
rohcha_short_baseline_425,rohcha_short_baseline,425,8,8,shift_h,512.0,0.5096219931271477,2770
rohcha_short_baseline_425,rohcha_short_baseline,425,8,8,shift_ot_h,554.7097777777777,0.5096219931271477,2770
rohcha_short_baseline_425,rohcha_short_baseline,425,8,8,crew_veh_h,515.6657777777776,0.5096219931271477,2770
rohcha_short_baseline_425,rohcha_short_baseline,425,8,8,crew_team_h,353.056962962963,0.5096219931271477,2770
rohcha_short_baseline_425,rohcha_short_baseline,425,9,8,shift_h,576.0,0.5096219931271477,2907
rohcha_short_baseline_425,rohcha_short_baseline,425,9,8,shift_ot_h,592.2318333333334,0.5096219931271477,2907
rohcha_short_baseline_425,rohcha_short_baseline,425,9,8,crew_veh_h,500.96862962962956,0.5096219931271477,2907
rohcha_short_baseline_425,rohcha_short_baseline,425,9,8,crew_team_h,338.35981481481485,0.5096219931271477,2907
rohcha_short_baseline_500,rohcha_short_baseline,500,6,6,shift_h,384.0,0.22027491408934707,2783
rohcha_short_baseline_500,rohcha_short_baseline,500,6,6,shift_ot_h,410.21922222222224,0.22027491408934707,2781
rohcha_short_baseline_500,rohcha_short_baseline,500,6,6,crew_veh_h,381.8103703703702,0.22027491408934707,2783
rohcha_short_baseline_500,rohcha_short_baseline,500,6,6,crew_team_h,312.1473703703703,0.22027491408934707,2783
rohcha_short_baseline_500,rohcha_short_baseline,500,7,6,shift_h,448.0,0.22027491408934707,2909
rohcha_short_baseline_500,rohcha_short_baseline,500,7,6,shift_ot_h,459.58116666666666,0.22027491408934707,2909
rohcha_short_baseline_500,rohcha_short_baseline,500,7,6,crew_veh_h,373.09600000000006,0.22027491408934707,2909
rohcha_short_baseline_500,rohcha_short_baseline,500,7,6,crew_team_h,303.43299999999994,0.22027491408934707,2909
rohcha_short_baseline_550,rohcha_short_baseline,550,5,5,shift_h,320.0,0.0,2910
rohcha_short_baseline_550,rohcha_short_baseline,550,5,5,shift_ot_h,330.5648888888889,0.0,2910
rohcha_short_baseline_550,rohcha_short_baseline,550,5,5,crew_veh_h,275.1708888888889,0.0,2910
rohcha_short_baseline_550,rohcha_short_baseline,550,5,5,crew_team_h,275.1708888888889,0.0,2910
rohcha_short_baseline_MX1,rohcha_short_baseline,MX1,10,10,shift_h,640.0,0.6436426116838488,2765
rohcha_short_baseline_MX1,rohcha_short_baseline,MX1,10,10,shift_ot_h,668.5806666666666,0.6512027491408935,2884
rohcha_short_baseline_MX1,rohcha_short_baseline,MX1,10,10,crew_veh_h,589.637962962963,0.6436426116838488,2765
rohcha_short_baseline_MX1,rohcha_short_baseline,MX1,10,10,crew_team_h,368.8226296296297,0.6436426116838488,2771
rohcha_short_baseline_MX2,rohcha_short_baseline,MX2,8,8,shift_h,512.0,0.39347079037800686,2765
rohcha_short_baseline_MX2,rohcha_short_baseline,MX2,8,8,shift_ot_h,535.5008333333333,0.3993127147766323,2893
rohcha_short_baseline_MX2,rohcha_short_baseline,MX2,8,8,crew_veh_h,471.61537037037033,0.39347079037800686,2765
rohcha_short_baseline_MX2,rohcha_short_baseline,MX2,8,8,crew_team_h,337.3064444444444,0.39484536082474225,2816
rohcha_short_tight_200,rohcha_short_tight,200,16,16,shift_h,1024.0,1.0,2845
rohcha_short_tight_200,rohcha_short_tight,200,16,16,shift_ot_h,1029.4862777777778,1.0,2865
rohcha_short_tight_200,rohcha_short_tight,200,16,16,crew_veh_h,899.6523703703704,1.0,2845
rohcha_short_tight_200,rohcha_short_tight,200,16,16,crew_team_h,419.5941851851851,1.0,2845
rohcha_short_tight_250,rohcha_short_tight,250,14,14,shift_h,896.0,1.0,2770
rohcha_short_tight_250,rohcha_short_tight,250,14,14,shift_ot_h,901.3142222222223,1.0,2866
rohcha_short_tight_250,rohcha_short_tight,250,14,14,crew_veh_h,793.1575185185188,1.0,2770
rohcha_short_tight_250,rohcha_short_tight,250,14,14,crew_team_h,406.04514814814826,1.0,2770
rohcha_short_tight_270,rohcha_short_tight,270,12,12,shift_h,768.0,0.8972508591065292,2767
rohcha_short_tight_270,rohcha_short_tight,270,12,12,shift_ot_h,782.1961111111111,0.8972508591065292,2767
rohcha_short_tight_270,rohcha_short_tight,270,12,12,crew_veh_h,723.9217037037038,0.8972508591065292,2767
rohcha_short_tight_270,rohcha_short_tight,270,12,12,crew_team_h,402.1906296296296,0.8972508591065292,2767
rohcha_short_tight_270,rohcha_short_tight,270,13,12,shift_h,832.0,0.8972508591065292,2870
rohcha_short_tight_270,rohcha_short_tight,270,13,12,shift_ot_h,835.5857777777778,0.8972508591065292,2885
rohcha_short_tight_270,rohcha_short_tight,270,13,12,crew_veh_h,707.1614814814815,0.8972508591065292,2870
rohcha_short_tight_270,rohcha_short_tight,270,13,12,crew_team_h,385.43040740740736,0.8972508591065292,2870
rohcha_short_tight_300,rohcha_short_tight,300,10,10,shift_h,640.0,0.6072164948453608,2766
rohcha_short_tight_300,rohcha_short_tight,300,10,10,shift_ot_h,644.1610555555555,0.6072164948453608,2867
rohcha_short_tight_300,rohcha_short_tight,300,10,10,crew_veh_h,546.6708518518518,0.6072164948453608,2766
rohcha_short_tight_300,rohcha_short_tight,300,10,10,crew_team_h,353.3515185185185,0.6072164948453608,2766
rohcha_short_tight_325,rohcha_short_tight,325,10,10,shift_h,640.0,0.6072164948453608,2766
rohcha_short_tight_325,rohcha_short_tight,325,10,10,shift_ot_h,644.1610555555555,0.6072164948453608,2867
rohcha_short_tight_325,rohcha_short_tight,325,10,10,crew_veh_h,546.6708518518518,0.6072164948453608,2766
rohcha_short_tight_325,rohcha_short_tight,325,10,10,crew_team_h,353.3515185185185,0.6072164948453608,2766
rohcha_short_tight_380,rohcha_short_tight,380,9,9,shift_h,576.0,0.5096219931271477,2797
rohcha_short_tight_380,rohcha_short_tight,380,9,9,shift_ot_h,580.924,0.5096219931271477,2844
rohcha_short_tight_380,rohcha_short_tight,380,9,9,crew_veh_h,508.0885185185186,0.5096219931271477,2797
rohcha_short_tight_380,rohcha_short_tight,380,9,9,crew_team_h,345.4797037037038,0.5096219931271477,2797
rohcha_short_tight_425,rohcha_short_tight,425,9,9,shift_h,576.0,0.5096219931271477,2797
rohcha_short_tight_425,rohcha_short_tight,425,9,9,shift_ot_h,580.924,0.5096219931271477,2844
rohcha_short_tight_425,rohcha_short_tight,425,9,9,crew_veh_h,508.0885185185186,0.5096219931271477,2797
rohcha_short_tight_425,rohcha_short_tight,425,9,9,crew_team_h,345.4797037037038,0.5096219931271477,2797
rohcha_short_tight_500,rohcha_short_tight,500,7,7,shift_h,448.0,0.22027491408934707,2824
rohcha_short_tight_500,rohcha_short_tight,500,7,7,shift_ot_h,450.9631111111111,0.22027491408934707,2879
rohcha_short_tight_500,rohcha_short_tight,500,7,7,crew_veh_h,377.60559259259264,0.22027491408934707,2824
rohcha_short_tight_500,rohcha_short_tight,500,7,7,crew_team_h,307.94259259259246,0.22027491408934707,2824
rohcha_short_tight_550,rohcha_short_tight,550,5,5,shift_h,320.0,0.0,2855
rohcha_short_tight_550,rohcha_short_tight,550,5,5,shift_ot_h,322.36283333333336,0.0,2909
rohcha_short_tight_550,rohcha_short_tight,550,5,5,crew_veh_h,277.62481481481484,0.0,2855
rohcha_short_tight_550,rohcha_short_tight,550,5,5,crew_team_h,277.62481481481484,0.0,2855
rohcha_short_tight_MX1,rohcha_short_tight,MX1,11,11,shift_h,704.0,0.6542955326460481,2809
rohcha_short_tight_MX1,rohcha_short_tight,MX1,11,11,shift_ot_h,707.170111111111,0.659106529209622,2875
rohcha_short_tight_MX1,rohcha_short_tight,MX1,11,11,crew_veh_h,590.9959259259259,0.6542955326460481,2809
rohcha_short_tight_MX1,rohcha_short_tight,MX1,11,11,crew_team_h,364.04237037037035,0.656701030927835,2831
rohcha_short_tight_MX2,rohcha_short_tight,MX2,8,8,shift_h,512.0,0.4213058419243986,2772
rohcha_short_tight_MX2,rohcha_short_tight,MX2,8,8,shift_ot_h,519.9655,0.4274914089347079,2771
rohcha_short_tight_MX2,rohcha_short_tight,MX2,8,8,crew_veh_h,481.53355555555555,0.4213058419243986,2772
rohcha_short_tight_MX2,rohcha_short_tight,MX2,8,8,crew_team_h,339.28311111111105,0.4247422680412371,2773
rohcha_short_tight_MX2,rohcha_short_tight,MX2,9,8,shift_h,576.0,0.4195876288659794,2765
rohcha_short_tight_MX2,rohcha_short_tight,MX2,9,8,shift_ot_h,580.3336666666667,0.4261168384879725,2842
rohcha_short_tight_MX2,rohcha_short_tight,MX2,9,8,crew_veh_h,479.1712962962963,0.4195876288659794,2765
rohcha_short_tight_MX2,rohcha_short_tight,MX2,9,8,crew_team_h,336.97333333333324,0.4209621993127148,2765
uniform_long_baseline_200,uniform_long_baseline,200,19,19,shift_h,1216.0,0.7563573883161512,2765
uniform_long_baseline_200,uniform_long_baseline,200,19,19,shift_ot_h,1275.8831666666667,0.7563573883161512,2774
uniform_long_baseline_200,uniform_long_baseline,200,19,19,crew_veh_h,1171.3374814814815,0.7563573883161512,2765
uniform_long_baseline_200,uniform_long_baseline,200,19,19,crew_team_h,620.135,0.7563573883161512,2765
uniform_long_baseline_200,uniform_long_baseline,200,20,19,shift_h,1280.0,0.7563573883161512,2771
uniform_long_baseline_200,uniform_long_baseline,200,20,19,shift_ot_h,1321.4012777777778,0.7563573883161512,2867
uniform_long_baseline_200,uniform_long_baseline,200,20,19,crew_veh_h,1161.2775555555556,0.7563573883161512,2771
uniform_long_baseline_200,uniform_long_baseline,200,20,19,crew_team_h,610.0750740740742,0.7563573883161512,2771
uniform_long_baseline_250,uniform_long_baseline,250,15,15,shift_h,960.0,0.6312714776632302,2765
uniform_long_baseline_250,uniform_long_baseline,250,15,15,shift_ot_h,1008.3180555555556,0.6312714776632302,2792
uniform_long_baseline_250,uniform_long_baseline,250,15,15,crew_veh_h,932.8689259259259,0.6312714776632302,2765
uniform_long_baseline_250,uniform_long_baseline,250,15,15,crew_team_h,589.507925925926,0.6312714776632302,2765
uniform_long_baseline_270,uniform_long_baseline,270,15,15,shift_h,960.0,0.5810996563573884,2767
uniform_long_baseline_270,uniform_long_baseline,270,15,15,shift_ot_h,996.2031666666667,0.5810996563573884,2864
uniform_long_baseline_270,uniform_long_baseline,270,15,15,crew_veh_h,895.4440370370373,0.5810996563573884,2767
uniform_long_baseline_270,uniform_long_baseline,270,15,15,crew_team_h,579.5583333333333,0.5810996563573884,2767
uniform_long_baseline_300,uniform_long_baseline,300,14,14,shift_h,896.0,0.5061855670103093,2765
uniform_long_baseline_300,uniform_long_baseline,300,14,14,shift_ot_h,933.8797777777778,0.5061855670103093,2838
uniform_long_baseline_300,uniform_long_baseline,300,14,14,crew_veh_h,850.1905555555555,0.5061855670103093,2765
uniform_long_baseline_300,uniform_long_baseline,300,14,14,crew_team_h,575.4077777777779,0.5061855670103093,2765
uniform_long_baseline_325,uniform_long_baseline,325,13,13,shift_h,832.0,0.4457044673539519,2766
uniform_long_baseline_325,uniform_long_baseline,325,13,13,shift_ot_h,878.063,0.4457044673539519,2766
uniform_long_baseline_325,uniform_long_baseline,325,13,13,crew_veh_h,815.5924444444444,0.4457044673539519,2766
uniform_long_baseline_325,uniform_long_baseline,325,13,13,crew_team_h,573.2264444444445,0.4457044673539519,2766
uniform_long_baseline_325,uniform_long_baseline,325,14,13,shift_h,896.0,0.4457044673539519,2796
uniform_long_baseline_325,uniform_long_baseline,325,14,13,shift_ot_h,924.0218888888888,0.4457044673539519,2878
uniform_long_baseline_325,uniform_long_baseline,325,14,13,crew_veh_h,803.2520370370369,0.4457044673539519,2796
uniform_long_baseline_325,uniform_long_baseline,325,14,13,crew_team_h,560.886037037037,0.4457044673539519,2796
uniform_long_baseline_380,uniform_long_baseline,380,12,12,shift_h,768.0,0.3185567010309278,2765
uniform_long_baseline_380,uniform_long_baseline,380,12,12,shift_ot_h,800.2048333333333,0.3185567010309278,2847
uniform_long_baseline_380,uniform_long_baseline,380,12,12,crew_veh_h,726.2739259259258,0.3185567010309278,2765
uniform_long_baseline_380,uniform_long_baseline,380,12,12,crew_team_h,553.1333333333333,0.3185567010309278,2765
uniform_long_baseline_425,uniform_long_baseline,425,11,11,shift_h,704.0,0.18625429553264605,2770
uniform_long_baseline_425,uniform_long_baseline,425,11,11,shift_ot_h,727.5508333333333,0.18625429553264605,2887
uniform_long_baseline_425,uniform_long_baseline,425,11,11,crew_veh_h,634.5934814814815,0.18625429553264605,2770
uniform_long_baseline_425,uniform_long_baseline,425,11,11,crew_team_h,533.809962962963,0.18625429553264605,2770
uniform_long_baseline_500,uniform_long_baseline,500,8,8,shift_h,512.0,0.0,2787
uniform_long_baseline_500,uniform_long_baseline,500,8,8,shift_ot_h,539.4117222222222,0.0,2883
uniform_long_baseline_500,uniform_long_baseline,500,8,8,crew_veh_h,512.6866666666667,0.0,2787
uniform_long_baseline_500,uniform_long_baseline,500,8,8,crew_team_h,512.6866666666667,0.0,2787
uniform_long_baseline_550,uniform_long_baseline,550,8,8,shift_h,512.0,0.0,2787
uniform_long_baseline_550,uniform_long_baseline,550,8,8,shift_ot_h,539.4117222222222,0.0,2883
uniform_long_baseline_550,uniform_long_baseline,550,8,8,crew_veh_h,512.6866666666667,0.0,2787
uniform_long_baseline_550,uniform_long_baseline,550,8,8,crew_team_h,512.6866666666667,0.0,2787
uniform_long_baseline_MX1,uniform_long_baseline,MX1,14,14,shift_h,896.0,0.44536082474226807,2792
uniform_long_baseline_MX1,uniform_long_baseline,MX1,14,14,shift_ot_h,925.1179999999999,0.44742268041237115,2881
uniform_long_baseline_MX1,uniform_long_baseline,MX1,14,14,crew_veh_h,814.0590740740739,0.44536082474226807,2792
uniform_long_baseline_MX1,uniform_long_baseline,MX1,14,14,crew_team_h,568.9084074074074,0.4470790378006873,2778
uniform_long_baseline_MX2,uniform_long_baseline,MX2,12,12,shift_h,768.0,0.3171821305841924,2765
uniform_long_baseline_MX2,uniform_long_baseline,MX2,12,12,shift_ot_h,807.1056666666667,0.31958762886597936,2798
uniform_long_baseline_MX2,uniform_long_baseline,MX2,12,12,crew_veh_h,741.8200370370367,0.3171821305841924,2765
uniform_long_baseline_MX2,uniform_long_baseline,MX2,12,12,crew_team_h,564.7088518518518,0.31890034364261166,2765
uniform_long_baseline_MX2,uniform_long_baseline,MX2,13,12,shift_h,832.0,0.31237113402061856,2766
uniform_long_baseline_MX2,uniform_long_baseline,MX2,13,12,shift_ot_h,857.91,0.3199312714776632,2898
uniform_long_baseline_MX2,uniform_long_baseline,MX2,13,12,crew_veh_h,728.9568518518519,0.31237113402061856,2766
uniform_long_baseline_MX2,uniform_long_baseline,MX2,13,12,crew_team_h,554.6997777777777,0.3178694158075601,2765
uniform_long_tight_200,uniform_long_tight,200,23,23,shift_h,1472.0,0.7563573883161512,2765
uniform_long_tight_200,uniform_long_tight,200,23,23,shift_ot_h,1476.1472777777778,0.7563573883161512,2765
uniform_long_tight_200,uniform_long_tight,200,23,23,crew_veh_h,1166.963222222222,0.7563573883161512,2765
uniform_long_tight_200,uniform_long_tight,200,23,23,crew_team_h,615.7607407407407,0.7563573883161512,2765
uniform_long_tight_200,uniform_long_tight,200,24,23,shift_h,1536.0,0.7563573883161512,2798
uniform_long_tight_200,uniform_long_tight,200,24,23,shift_ot_h,1538.1606666666667,0.7563573883161512,2824
uniform_long_tight_200,uniform_long_tight,200,24,23,crew_veh_h,1156.1922222222222,0.7563573883161512,2798
uniform_long_tight_200,uniform_long_tight,200,24,23,crew_team_h,604.9897407407407,0.7563573883161512,2798
uniform_long_tight_250,uniform_long_tight,250,18,18,shift_h,1152.0,0.6312714776632302,2765
uniform_long_tight_250,uniform_long_tight,250,18,18,shift_ot_h,1156.9651666666666,0.6312714776632302,2765
uniform_long_tight_250,uniform_long_tight,250,18,18,crew_veh_h,932.8555555555555,0.6312714776632302,2765
uniform_long_tight_250,uniform_long_tight,250,18,18,crew_team_h,589.4945555555555,0.6312714776632302,2765
uniform_long_tight_250,uniform_long_tight,250,19,18,shift_h,1216.0,0.6312714776632302,2778
uniform_long_tight_250,uniform_long_tight,250,19,18,shift_ot_h,1218.4147222222223,0.6312714776632302,2827
uniform_long_tight_250,uniform_long_tight,250,19,18,crew_veh_h,925.0573703703703,0.6312714776632302,2778
uniform_long_tight_250,uniform_long_tight,250,19,18,crew_team_h,581.6963703703706,0.6312714776632302,2778
uniform_long_tight_270,uniform_long_tight,270,18,18,shift_h,1152.0,0.5810996563573884,2787
uniform_long_tight_270,uniform_long_tight,270,18,18,shift_ot_h,1155.6115,0.5810996563573884,2816
uniform_long_tight_270,uniform_long_tight,270,18,18,crew_veh_h,896.4468888888888,0.5810996563573884,2787
uniform_long_tight_270,uniform_long_tight,270,18,18,crew_team_h,580.5611851851851,0.5810996563573884,2787
uniform_long_tight_300,uniform_long_tight,300,17,17,shift_h,1088.0,0.5061855670103093,2786
uniform_long_tight_300,uniform_long_tight,300,17,17,shift_ot_h,1091.6736666666666,0.5061855670103093,2799
uniform_long_tight_300,uniform_long_tight,300,17,17,crew_veh_h,847.3126666666665,0.5061855670103093,2786
uniform_long_tight_300,uniform_long_tight,300,17,17,crew_team_h,572.5298888888888,0.5061855670103093,2786
uniform_long_tight_325,uniform_long_tight,325,16,16,shift_h,1024.0,0.4457044673539519,2766
uniform_long_tight_325,uniform_long_tight,325,16,16,shift_ot_h,1028.2542222222223,0.4457044673539519,2806
uniform_long_tight_325,uniform_long_tight,325,16,16,crew_veh_h,808.6985555555553,0.4457044673539519,2766
uniform_long_tight_325,uniform_long_tight,325,16,16,crew_team_h,566.3325555555555,0.4457044673539519,2766
uniform_long_tight_380,uniform_long_tight,380,14,14,shift_h,896.0,0.3185567010309278,2765
uniform_long_tight_380,uniform_long_tight,380,14,14,shift_ot_h,902.2396111111111,0.3185567010309278,2766
uniform_long_tight_380,uniform_long_tight,380,14,14,crew_veh_h,728.5527777777776,0.3185567010309278,2765
uniform_long_tight_380,uniform_long_tight,380,14,14,crew_team_h,555.4121851851851,0.3185567010309278,2765
uniform_long_tight_425,uniform_long_tight,425,12,12,shift_h,768.0,0.18625429553264605,2765
uniform_long_tight_425,uniform_long_tight,425,12,12,shift_ot_h,774.1367222222223,0.18625429553264605,2765
uniform_long_tight_425,uniform_long_tight,425,12,12,crew_veh_h,643.2942592592593,0.18625429553264605,2765
uniform_long_tight_425,uniform_long_tight,425,12,12,crew_team_h,542.5107407407407,0.18625429553264605,2765
uniform_long_tight_425,uniform_long_tight,425,13,12,shift_h,832.0,0.18625429553264605,2771
uniform_long_tight_425,uniform_long_tight,425,13,12,shift_ot_h,835.9506666666666,0.18625429553264605,2821
uniform_long_tight_425,uniform_long_tight,425,13,12,crew_veh_h,635.7326296296297,0.18625429553264605,2771
uniform_long_tight_425,uniform_long_tight,425,13,12,crew_team_h,534.949111111111,0.18625429553264605,2771
uniform_long_tight_500,uniform_long_tight,500,9,9,shift_h,576.0,0.0,2766
uniform_long_tight_500,uniform_long_tight,500,9,9,shift_ot_h,582.1992777777778,0.0,2777
uniform_long_tight_500,uniform_long_tight,500,9,9,crew_veh_h,518.5846666666666,0.0,2766
uniform_long_tight_500,uniform_long_tight,500,9,9,crew_team_h,518.5846666666666,0.0,2766
uniform_long_tight_500,uniform_long_tight,500,10,9,shift_h,640.0,0.0,2773
uniform_long_tight_500,uniform_long_tight,500,10,9,shift_ot_h,644.1023333333334,0.0,2846
uniform_long_tight_500,uniform_long_tight,500,10,9,crew_veh_h,512.005962962963,0.0,2773
uniform_long_tight_500,uniform_long_tight,500,10,9,crew_team_h,512.005962962963,0.0,2773
uniform_long_tight_550,uniform_long_tight,550,9,9,shift_h,576.0,0.0,2766
uniform_long_tight_550,uniform_long_tight,550,9,9,shift_ot_h,582.1992777777778,0.0,2777
uniform_long_tight_550,uniform_long_tight,550,9,9,crew_veh_h,518.5846666666666,0.0,2766
uniform_long_tight_550,uniform_long_tight,550,9,9,crew_team_h,518.5846666666666,0.0,2766
uniform_long_tight_550,uniform_long_tight,550,10,9,shift_h,640.0,0.0,2773
uniform_long_tight_550,uniform_long_tight,550,10,9,shift_ot_h,644.1023333333334,0.0,2846
uniform_long_tight_550,uniform_long_tight,550,10,9,crew_veh_h,512.005962962963,0.0,2773
uniform_long_tight_550,uniform_long_tight,550,10,9,crew_team_h,512.005962962963,0.0,2773
uniform_long_tight_MX1,uniform_long_tight,MX1,16,16,shift_h,1024.0,0.4563573883161512,2766
uniform_long_tight_MX1,uniform_long_tight,MX1,16,16,shift_ot_h,1028.8392222222221,0.45979381443298967,2787
uniform_long_tight_MX1,uniform_long_tight,MX1,16,16,crew_veh_h,827.5291111111112,0.4563573883161512,2766
uniform_long_tight_MX1,uniform_long_tight,MX1,16,16,crew_team_h,574.4549259259259,0.45807560137457043,2766
uniform_long_tight_MX2,uniform_long_tight,MX2,14,14,shift_h,896.0,0.3436426116838488,2765
uniform_long_tight_MX2,uniform_long_tight,MX2,14,14,shift_ot_h,902.844388888889,0.34398625429553265,2766
uniform_long_tight_MX2,uniform_long_tight,MX2,14,14,crew_veh_h,761.5065185185188,0.3436426116838488,2765
uniform_long_tight_MX2,uniform_long_tight,MX2,14,14,crew_team_h,568.8575185185185,0.34398625429553265,2767
uniform_long_tight_MX2,uniform_long_tight,MX2,15,14,shift_h,960.0,0.3395189003436426,2765
uniform_long_tight_MX2,uniform_long_tight,MX2,15,14,shift_ot_h,963.8290555555556,0.34982817869415805,2805
uniform_long_tight_MX2,uniform_long_tight,MX2,15,14,crew_veh_h,753.0493333333336,0.3395189003436426,2765
uniform_long_tight_MX2,uniform_long_tight,MX2,15,14,crew_team_h,562.2626666666667,0.3436426116838488,2765
uniform_massdep_baseline_200,uniform_massdep_baseline,200,19,19,shift_h,1216.0,0.7563573883161512,2765
uniform_massdep_baseline_200,uniform_massdep_baseline,200,19,19,shift_ot_h,1275.0986666666668,0.7563573883161512,2765
uniform_massdep_baseline_200,uniform_massdep_baseline,200,19,19,crew_veh_h,1157.7892222222222,0.7563573883161512,2765
uniform_massdep_baseline_200,uniform_massdep_baseline,200,19,19,crew_team_h,589.1070740740743,0.7563573883161512,2765
uniform_massdep_baseline_200,uniform_massdep_baseline,200,20,19,shift_h,1280.0,0.7563573883161512,2775
uniform_massdep_baseline_200,uniform_massdep_baseline,200,20,19,shift_ot_h,1317.2727777777777,0.7563573883161512,2861
uniform_massdep_baseline_200,uniform_massdep_baseline,200,20,19,crew_veh_h,1147.2567777777776,0.7563573883161512,2775
uniform_massdep_baseline_200,uniform_massdep_baseline,200,20,19,crew_team_h,578.5746296296297,0.7563573883161512,2775
uniform_massdep_baseline_250,uniform_massdep_baseline,250,15,15,shift_h,960.0,0.6312714776632302,2765
uniform_massdep_baseline_250,uniform_massdep_baseline,250,15,15,shift_ot_h,1000.4721666666667,0.6312714776632302,2812
uniform_massdep_baseline_250,uniform_massdep_baseline,250,15,15,crew_veh_h,910.8125555555555,0.6312714776632302,2765
uniform_massdep_baseline_250,uniform_massdep_baseline,250,15,15,crew_team_h,556.7987777777778,0.6312714776632302,2765
uniform_massdep_baseline_270,uniform_massdep_baseline,270,15,15,shift_h,960.0,0.5810996563573884,2766
uniform_massdep_baseline_270,uniform_massdep_baseline,270,15,15,shift_ot_h,992.5888333333334,0.5810996563573884,2870
uniform_massdep_baseline_270,uniform_massdep_baseline,270,15,15,crew_veh_h,876.2616666666669,0.5810996563573884,2766
uniform_massdep_baseline_270,uniform_massdep_baseline,270,15,15,crew_team_h,547.1442222222221,0.5810996563573884,2766
uniform_massdep_baseline_300,uniform_massdep_baseline,300,14,14,shift_h,896.0,0.5061855670103093,2765
uniform_massdep_baseline_300,uniform_massdep_baseline,300,14,14,shift_ot_h,928.7783888888889,0.5061855670103093,2845
uniform_massdep_baseline_300,uniform_massdep_baseline,300,14,14,crew_veh_h,833.3984074074075,0.5061855670103093,2765
uniform_massdep_baseline_300,uniform_massdep_baseline,300,14,14,crew_team_h,541.9079259259258,0.5061855670103093,2765
uniform_massdep_baseline_325,uniform_massdep_baseline,325,13,13,shift_h,832.0,0.4457044673539519,2766
uniform_massdep_baseline_325,uniform_massdep_baseline,325,13,13,shift_ot_h,875.5806666666666,0.4457044673539519,2767
uniform_massdep_baseline_325,uniform_massdep_baseline,325,13,13,crew_veh_h,801.3398148148149,0.4457044673539519,2766
uniform_massdep_baseline_325,uniform_massdep_baseline,325,13,13,crew_team_h,541.1941851851851,0.4457044673539519,2766
uniform_massdep_baseline_325,uniform_massdep_baseline,325,14,13,shift_h,896.0,0.4457044673539519,2773
uniform_massdep_baseline_325,uniform_massdep_baseline,325,14,13,shift_ot_h,920.7561111111111,0.4457044673539519,2888
uniform_massdep_baseline_325,uniform_massdep_baseline,325,14,13,crew_veh_h,790.5894074074074,0.4457044673539519,2773
uniform_massdep_baseline_325,uniform_massdep_baseline,325,14,13,crew_team_h,530.4437777777779,0.4457044673539519,2773
uniform_massdep_baseline_380,uniform_massdep_baseline,380,12,12,shift_h,768.0,0.3185567010309278,2769
uniform_massdep_baseline_380,uniform_massdep_baseline,380,12,12,shift_ot_h,799.2085,0.3185567010309278,2844
uniform_massdep_baseline_380,uniform_massdep_baseline,380,12,12,crew_veh_h,712.5222962962963,0.3185567010309278,2769
uniform_massdep_baseline_380,uniform_massdep_baseline,380,12,12,crew_team_h,521.5032962962963,0.3185567010309278,2769
uniform_massdep_baseline_425,uniform_massdep_baseline,425,11,11,shift_h,704.0,0.18625429553264605,2866
uniform_massdep_baseline_425,uniform_massdep_baseline,425,11,11,shift_ot_h,722.4240555555556,0.18625429553264605,2876
uniform_massdep_baseline_425,uniform_massdep_baseline,425,11,11,crew_veh_h,614.6081481481483,0.18625429553264605,2866
uniform_massdep_baseline_425,uniform_massdep_baseline,425,11,11,crew_team_h,499.9757777777778,0.18625429553264605,2866
uniform_massdep_baseline_500,uniform_massdep_baseline,500,8,8,shift_h,512.0,0.0,2880
uniform_massdep_baseline_500,uniform_massdep_baseline,500,8,8,shift_ot_h,531.0925555555556,0.0,2909
uniform_massdep_baseline_500,uniform_massdep_baseline,500,8,8,crew_veh_h,475.27829629629633,0.0,2880
uniform_massdep_baseline_500,uniform_massdep_baseline,500,8,8,crew_team_h,475.27829629629633,0.0,2880
uniform_massdep_baseline_550,uniform_massdep_baseline,550,8,8,shift_h,512.0,0.0,2880
uniform_massdep_baseline_550,uniform_massdep_baseline,550,8,8,shift_ot_h,531.0925555555556,0.0,2909
uniform_massdep_baseline_550,uniform_massdep_baseline,550,8,8,crew_veh_h,475.27829629629633,0.0,2880
uniform_massdep_baseline_550,uniform_massdep_baseline,550,8,8,crew_team_h,475.27829629629633,0.0,2880
uniform_massdep_baseline_MX1,uniform_massdep_baseline,MX1,13,13,shift_h,832.0,0.45326460481099656,2767
uniform_massdep_baseline_MX1,uniform_massdep_baseline,MX1,13,13,shift_ot_h,876.1491111111111,0.45395189003436426,2770
uniform_massdep_baseline_MX1,uniform_massdep_baseline,MX1,13,13,crew_veh_h,803.4979259259258,0.45326460481099656,2767
uniform_massdep_baseline_MX1,uniform_massdep_baseline,MX1,13,13,crew_team_h,543.8875185185185,0.45326460481099656,2767
uniform_massdep_baseline_MX1,uniform_massdep_baseline,MX1,14,13,shift_h,896.0,0.4498281786941581,2767
uniform_massdep_baseline_MX1,uniform_massdep_baseline,MX1,14,13,shift_ot_h,920.3610555555556,0.4542955326460481,2885
uniform_massdep_baseline_MX1,uniform_massdep_baseline,MX1,14,13,crew_veh_h,794.8653703703706,0.4498281786941581,2767
uniform_massdep_baseline_MX1,uniform_massdep_baseline,MX1,14,13,crew_team_h,536.9687037037037,0.45085910652920963,2768
uniform_massdep_baseline_MX2,uniform_massdep_baseline,MX2,12,12,shift_h,768.0,0.3302405498281787,2765
uniform_massdep_baseline_MX2,uniform_massdep_baseline,MX2,12,12,shift_ot_h,802.1611666666666,0.33367697594501716,2821
uniform_massdep_baseline_MX2,uniform_massdep_baseline,MX2,12,12,crew_veh_h,720.2370370370371,0.3302405498281787,2765
uniform_massdep_baseline_MX2,uniform_massdep_baseline,MX2,12,12,crew_team_h,530.201962962963,0.33127147766323023,2767
uniform_massdep_baseline_MX2,uniform_massdep_baseline,MX2,13,12,shift_h,832.0,0.32646048109965636,2765
uniform_massdep_baseline_MX2,uniform_massdep_baseline,MX2,13,12,shift_ot_h,853.6591111111111,0.3353951890034364,2899
uniform_massdep_baseline_MX2,uniform_massdep_baseline,MX2,13,12,crew_veh_h,712.159962962963,0.32646048109965636,2765
uniform_massdep_baseline_MX2,uniform_massdep_baseline,MX2,13,12,crew_team_h,523.6061111111111,0.33058419243986253,2811
uniform_massdep_tight_200,uniform_massdep_tight,200,22,22,shift_h,1408.0,0.7563573883161512,2765
uniform_massdep_tight_200,uniform_massdep_tight,200,22,22,shift_ot_h,1414.1284444444445,0.7563573883161512,2765
uniform_massdep_tight_200,uniform_massdep_tight,200,22,22,crew_veh_h,1148.7627777777777,0.7563573883161512,2765
uniform_massdep_tight_200,uniform_massdep_tight,200,22,22,crew_team_h,580.0806296296297,0.7563573883161512,2765
uniform_massdep_tight_200,uniform_massdep_tight,200,23,22,shift_h,1472.0,0.7563573883161512,2782
uniform_massdep_tight_200,uniform_massdep_tight,200,23,22,shift_ot_h,1476.0063333333333,0.7563573883161512,2799
uniform_massdep_tight_200,uniform_massdep_tight,200,23,22,crew_veh_h,1144.0522592592592,0.7563573883161512,2782
uniform_massdep_tight_200,uniform_massdep_tight,200,23,22,crew_team_h,575.3701111111111,0.7563573883161512,2782
uniform_massdep_tight_250,uniform_massdep_tight,250,17,17,shift_h,1088.0,0.6312714776632302,2765
uniform_massdep_tight_250,uniform_massdep_tight,250,17,17,shift_ot_h,1093.5080555555555,0.6312714776632302,2765
uniform_massdep_tight_250,uniform_massdep_tight,250,17,17,crew_veh_h,911.4007037037037,0.6312714776632302,2765
uniform_massdep_tight_250,uniform_massdep_tight,250,17,17,crew_team_h,557.386925925926,0.6312714776632302,2765
uniform_massdep_tight_250,uniform_massdep_tight,250,18,17,shift_h,1152.0,0.6312714776632302,2766
uniform_massdep_tight_250,uniform_massdep_tight,250,18,17,shift_ot_h,1154.8628333333334,0.6312714776632302,2818
uniform_massdep_tight_250,uniform_massdep_tight,250,18,17,crew_veh_h,905.1988518518518,0.6312714776632302,2766
uniform_massdep_tight_250,uniform_massdep_tight,250,18,17,crew_team_h,551.185074074074,0.6312714776632302,2766
uniform_massdep_tight_270,uniform_massdep_tight,270,17,17,shift_h,1088.0,0.5810996563573884,2766
uniform_massdep_tight_270,uniform_massdep_tight,270,17,17,shift_ot_h,1092.7067777777777,0.5810996563573884,2789
uniform_massdep_tight_270,uniform_massdep_tight,270,17,17,crew_veh_h,878.035888888889,0.5810996563573884,2766
uniform_massdep_tight_270,uniform_massdep_tight,270,17,17,crew_team_h,548.9184444444444,0.5810996563573884,2766
uniform_massdep_tight_300,uniform_massdep_tight,300,16,16,shift_h,1024.0,0.5061855670103093,2765
uniform_massdep_tight_300,uniform_massdep_tight,300,16,16,shift_ot_h,1028.0144444444445,0.5061855670103093,2779
uniform_massdep_tight_300,uniform_massdep_tight,300,16,16,crew_veh_h,833.6358148148146,0.5061855670103093,2765
uniform_massdep_tight_300,uniform_massdep_tight,300,16,16,crew_team_h,542.1453333333334,0.5061855670103093,2765
uniform_massdep_tight_325,uniform_massdep_tight,325,15,15,shift_h,960.0,0.4457044673539519,2766
uniform_massdep_tight_325,uniform_massdep_tight,325,15,15,shift_ot_h,965.2358333333333,0.4457044673539519,2773
uniform_massdep_tight_325,uniform_massdep_tight,325,15,15,crew_veh_h,799.039148148148,0.4457044673539519,2766
uniform_massdep_tight_325,uniform_massdep_tight,325,15,15,crew_team_h,538.8935185185186,0.4457044673539519,2766
uniform_massdep_tight_380,uniform_massdep_tight,380,13,13,shift_h,832.0,0.3185567010309278,2765
uniform_massdep_tight_380,uniform_massdep_tight,380,13,13,shift_ot_h,841.0663888888889,0.3185567010309278,2765
uniform_massdep_tight_380,uniform_massdep_tight,380,13,13,crew_veh_h,717.064037037037,0.3185567010309278,2765
uniform_massdep_tight_380,uniform_massdep_tight,380,13,13,crew_team_h,526.045037037037,0.3185567010309278,2765
uniform_massdep_tight_380,uniform_massdep_tight,380,14,13,shift_h,896.0,0.3185567010309278,2766
uniform_massdep_tight_380,uniform_massdep_tight,380,14,13,shift_ot_h,900.4407777777777,0.3185567010309278,2818
uniform_massdep_tight_380,uniform_massdep_tight,380,14,13,crew_veh_h,709.5195925925926,0.3185567010309278,2766
uniform_massdep_tight_380,uniform_massdep_tight,380,14,13,crew_team_h,518.5005925925927,0.3185567010309278,2766
uniform_massdep_tight_425,uniform_massdep_tight,425,12,12,shift_h,768.0,0.18625429553264605,2791
uniform_massdep_tight_425,uniform_massdep_tight,425,12,12,shift_ot_h,771.9372777777778,0.18625429553264605,2818
uniform_massdep_tight_425,uniform_massdep_tight,425,12,12,crew_veh_h,619.2138518518519,0.18625429553264605,2791
uniform_massdep_tight_425,uniform_massdep_tight,425,12,12,crew_team_h,504.58148148148155,0.18625429553264605,2791
uniform_massdep_tight_500,uniform_massdep_tight,500,8,8,shift_h,512.0,0.0,2765
uniform_massdep_tight_500,uniform_massdep_tight,500,8,8,shift_ot_h,517.8941111111111,0.0,2765
uniform_massdep_tight_500,uniform_massdep_tight,500,8,8,crew_veh_h,485.16744444444436,0.0,2765
uniform_massdep_tight_500,uniform_massdep_tight,500,8,8,crew_team_h,485.16744444444436,0.0,2765
uniform_massdep_tight_500,uniform_massdep_tight,500,9,8,shift_h,576.0,0.0,2786
uniform_massdep_tight_500,uniform_massdep_tight,500,9,8,shift_ot_h,579.5241666666667,0.0,2867
uniform_massdep_tight_500,uniform_massdep_tight,500,9,8,crew_veh_h,479.6491851851852,0.0,2786
uniform_massdep_tight_500,uniform_massdep_tight,500,9,8,crew_team_h,479.6491851851852,0.0,2786
uniform_massdep_tight_550,uniform_massdep_tight,550,8,8,shift_h,512.0,0.0,2765
uniform_massdep_tight_550,uniform_massdep_tight,550,8,8,shift_ot_h,517.8941111111111,0.0,2765
uniform_massdep_tight_550,uniform_massdep_tight,550,8,8,crew_veh_h,485.16744444444436,0.0,2765
uniform_massdep_tight_550,uniform_massdep_tight,550,8,8,crew_team_h,485.16744444444436,0.0,2765
uniform_massdep_tight_550,uniform_massdep_tight,550,9,8,shift_h,576.0,0.0,2786
uniform_massdep_tight_550,uniform_massdep_tight,550,9,8,shift_ot_h,579.5241666666667,0.0,2867
uniform_massdep_tight_550,uniform_massdep_tight,550,9,8,crew_veh_h,479.6491851851852,0.0,2786
uniform_massdep_tight_550,uniform_massdep_tight,550,9,8,crew_team_h,479.6491851851852,0.0,2786
uniform_massdep_tight_MX1,uniform_massdep_tight,MX1,15,15,shift_h,960.0,0.4676975945017182,2765
uniform_massdep_tight_MX1,uniform_massdep_tight,MX1,15,15,shift_ot_h,967.0435555555556,0.46872852233676976,2765
uniform_massdep_tight_MX1,uniform_massdep_tight,MX1,15,15,crew_veh_h,816.8332592592592,0.4676975945017182,2765
uniform_massdep_tight_MX1,uniform_massdep_tight,MX1,15,15,crew_team_h,548.7632222222222,0.4676975945017182,2765
uniform_massdep_tight_MX1,uniform_massdep_tight,MX1,16,15,shift_h,1024.0,0.4652920962199313,2765
uniform_massdep_tight_MX1,uniform_massdep_tight,MX1,16,15,shift_ot_h,1027.6296111111112,0.46872852233676976,2823
uniform_massdep_tight_MX1,uniform_massdep_tight,MX1,16,15,crew_veh_h,806.2355185185185,0.4652920962199313,2765
uniform_massdep_tight_MX1,uniform_massdep_tight,MX1,16,15,crew_team_h,539.6524814814815,0.4690721649484536,2770
uniform_massdep_tight_MX2,uniform_massdep_tight,MX2,14,14,shift_h,896.0,0.35429553264604813,2765
uniform_massdep_tight_MX2,uniform_massdep_tight,MX2,14,14,shift_ot_h,900.9380555555556,0.3604810996563574,2785
uniform_massdep_tight_MX2,uniform_massdep_tight,MX2,14,14,crew_veh_h,737.7543333333332,0.35429553264604813,2765
uniform_massdep_tight_MX2,uniform_massdep_tight,MX2,14,14,crew_team_h,532.6622222222223,0.3577319587628866,2765
uniform_massdep_tight_MX2,uniform_massdep_tight,MX2,15,14,shift_h,960.0,0.35670103092783506,2768
uniform_massdep_tight_MX2,uniform_massdep_tight,MX2,15,14,shift_ot_h,962.6807222222222,0.3621993127147766,2856
uniform_massdep_tight_MX2,uniform_massdep_tight,MX2,15,14,crew_veh_h,733.3656296296297,0.35670103092783506,2768
uniform_massdep_tight_MX2,uniform_massdep_tight,MX2,15,14,crew_team_h,526.9198148148147,0.36082474226804123,2806
uniform_short_baseline_200,uniform_short_baseline,200,12,12,shift_h,768.0,0.7563573883161512,2822
uniform_short_baseline_200,uniform_short_baseline,200,12,12,shift_ot_h,794.3176111111111,0.7563573883161512,2897
uniform_short_baseline_200,uniform_short_baseline,200,12,12,crew_veh_h,710.2621851851852,0.7563573883161512,2822
uniform_short_baseline_200,uniform_short_baseline,200,12,12,crew_team_h,388.66011111111123,0.7563573883161512,2822
uniform_short_baseline_250,uniform_short_baseline,250,9,9,shift_h,576.0,0.6312714776632302,2771
uniform_short_baseline_250,uniform_short_baseline,250,9,9,shift_ot_h,607.9636111111112,0.6312714776632302,2845
uniform_short_baseline_250,uniform_short_baseline,250,9,9,crew_veh_h,562.9218888888887,0.6312714776632302,2771
uniform_short_baseline_250,uniform_short_baseline,250,9,9,crew_team_h,362.88029629629625,0.6312714776632302,2771
uniform_short_baseline_270,uniform_short_baseline,270,9,9,shift_h,576.0,0.5810996563573884,2838
uniform_short_baseline_270,uniform_short_baseline,270,9,9,shift_ot_h,597.4568333333333,0.5810996563573884,2902
uniform_short_baseline_270,uniform_short_baseline,270,9,9,crew_veh_h,535.1525925925927,0.5810996563573884,2838
uniform_short_baseline_270,uniform_short_baseline,270,9,9,crew_team_h,351.3701111111111,0.5810996563573884,2838
uniform_short_baseline_300,uniform_short_baseline,300,8,8,shift_h,512.0,0.5061855670103093,2771
uniform_short_baseline_300,uniform_short_baseline,300,8,8,shift_ot_h,547.8456111111111,0.5061855670103093,2817
uniform_short_baseline_300,uniform_short_baseline,300,8,8,crew_veh_h,511.84218518518514,0.5061855670103093,2771
uniform_short_baseline_300,uniform_short_baseline,300,8,8,crew_team_h,351.7689259259259,0.5061855670103093,2771
uniform_short_baseline_325,uniform_short_baseline,325,8,8,shift_h,512.0,0.4457044673539519,2847
uniform_short_baseline_325,uniform_short_baseline,325,8,8,shift_ot_h,531.6296666666667,0.4457044673539519,2893
uniform_short_baseline_325,uniform_short_baseline,325,8,8,crew_veh_h,478.5758148148149,0.4457044673539519,2847
uniform_short_baseline_325,uniform_short_baseline,325,8,8,crew_team_h,337.48862962962966,0.4457044673539519,2847
uniform_short_baseline_380,uniform_short_baseline,380,7,7,shift_h,448.0,0.3185567010309278,2873
uniform_short_baseline_380,uniform_short_baseline,380,7,7,shift_ot_h,468.5076666666667,0.3185567010309278,2885
uniform_short_baseline_380,uniform_short_baseline,380,7,7,crew_veh_h,426.3702592592593,0.3185567010309278,2873
uniform_short_baseline_380,uniform_short_baseline,380,7,7,crew_team_h,325.53048148148156,0.3185567010309278,2873
uniform_short_baseline_425,uniform_short_baseline,425,6,6,shift_h,384.0,0.18625429553264605,2862
uniform_short_baseline_425,uniform_short_baseline,425,6,6,shift_ot_h,401.6572777777778,0.18625429553264605,2862
uniform_short_baseline_425,uniform_short_baseline,425,6,6,crew_veh_h,364.8705185185184,0.18625429553264605,2862
uniform_short_baseline_425,uniform_short_baseline,425,6,6,crew_team_h,306.04585185185186,0.18625429553264605,2862
uniform_short_baseline_500,uniform_short_baseline,500,5,5,shift_h,320.0,0.0,2910
uniform_short_baseline_500,uniform_short_baseline,500,5,5,shift_ot_h,330.5648888888889,0.0,2910
uniform_short_baseline_500,uniform_short_baseline,500,5,5,crew_veh_h,275.1708888888889,0.0,2910
uniform_short_baseline_500,uniform_short_baseline,500,5,5,crew_team_h,275.1708888888889,0.0,2910
uniform_short_baseline_550,uniform_short_baseline,550,5,5,shift_h,320.0,0.0,2910
uniform_short_baseline_550,uniform_short_baseline,550,5,5,shift_ot_h,330.5648888888889,0.0,2910
uniform_short_baseline_550,uniform_short_baseline,550,5,5,crew_veh_h,275.1708888888889,0.0,2910
uniform_short_baseline_550,uniform_short_baseline,550,5,5,crew_team_h,275.1708888888889,0.0,2910
uniform_short_baseline_MX1,uniform_short_baseline,MX1,7,7,shift_h,448.0,0.3288659793814433,2767
uniform_short_baseline_MX1,uniform_short_baseline,MX1,7,7,shift_ot_h,478.6683888888889,0.3302405498281787,2820
uniform_short_baseline_MX1,uniform_short_baseline,MX1,7,7,crew_veh_h,441.80603703703696,0.3288659793814433,2767
uniform_short_baseline_MX1,uniform_short_baseline,MX1,7,7,crew_team_h,334.0193333333333,0.32989690721649484,2767
uniform_short_baseline_MX1,uniform_short_baseline,MX1,8,7,shift_h,512.0,0.3281786941580756,2837
uniform_short_baseline_MX1,uniform_short_baseline,MX1,8,7,shift_ot_h,525.6961666666666,0.329553264604811,2910
uniform_short_baseline_MX1,uniform_short_baseline,MX1,8,7,crew_veh_h,429.06288888888884,0.3281786941580756,2837
uniform_short_baseline_MX1,uniform_short_baseline,MX1,8,7,crew_team_h,321.5131111111111,0.329553264604811,2910
uniform_short_baseline_MX2,uniform_short_baseline,MX2,6,6,shift_h,384.0,0.10652920962199312,2765
uniform_short_baseline_MX2,uniform_short_baseline,MX2,6,6,shift_ot_h,400.22144444444444,0.12268041237113401,2903
uniform_short_baseline_MX2,uniform_short_baseline,MX2,6,6,crew_veh_h,337.0761851851851,0.10652920962199312,2765
uniform_short_baseline_MX2,uniform_short_baseline,MX2,6,6,crew_team_h,300.8916666666667,0.11030927835051546,2769
uniform_short_tight_200,uniform_short_tight,200,12,12,shift_h,768.0,0.7563573883161512,2765
uniform_short_tight_200,uniform_short_tight,200,12,12,shift_ot_h,782.2551666666667,0.7563573883161512,2765
uniform_short_tight_200,uniform_short_tight,200,12,12,crew_veh_h,718.6579259259257,0.7563573883161512,2765
uniform_short_tight_200,uniform_short_tight,200,12,12,crew_team_h,397.05585185185197,0.7563573883161512,2765
uniform_short_tight_200,uniform_short_tight,200,13,12,shift_h,832.0,0.7563573883161512,2771
uniform_short_tight_200,uniform_short_tight,200,13,12,shift_ot_h,835.2428888888888,0.7563573883161512,2868
uniform_short_tight_200,uniform_short_tight,200,13,12,crew_veh_h,707.5366296296294,0.7563573883161512,2771
uniform_short_tight_200,uniform_short_tight,200,13,12,crew_team_h,385.9345555555556,0.7563573883161512,2771
uniform_short_tight_250,uniform_short_tight,250,10,10,shift_h,640.0,0.6312714776632302,2820
uniform_short_tight_250,uniform_short_tight,250,10,10,shift_ot_h,642.4956666666667,0.6312714776632302,2881
uniform_short_tight_250,uniform_short_tight,250,10,10,crew_veh_h,556.2992222222222,0.6312714776632302,2820
uniform_short_tight_250,uniform_short_tight,250,10,10,crew_team_h,356.2576296296296,0.6312714776632302,2820
uniform_short_tight_270,uniform_short_tight,270,9,9,shift_h,576.0,0.5810996563573884,2766
uniform_short_tight_270,uniform_short_tight,270,9,9,shift_ot_h,586.8201111111111,0.5810996563573884,2778
uniform_short_tight_270,uniform_short_tight,270,9,9,crew_veh_h,543.1802962962963,0.5810996563573884,2766
uniform_short_tight_270,uniform_short_tight,270,9,9,crew_team_h,359.39781481481475,0.5810996563573884,2766
uniform_short_tight_270,uniform_short_tight,270,10,9,shift_h,640.0,0.5810996563573884,2907
uniform_short_tight_270,uniform_short_tight,270,10,9,shift_ot_h,642.2087777777778,0.5810996563573884,2897
uniform_short_tight_270,uniform_short_tight,270,10,9,crew_veh_h,529.2853333333331,0.5810996563573884,2907
uniform_short_tight_270,uniform_short_tight,270,10,9,crew_team_h,345.50285185185186,0.5810996563573884,2907
uniform_short_tight_300,uniform_short_tight,300,9,9,shift_h,576.0,0.5061855670103093,2765
uniform_short_tight_300,uniform_short_tight,300,9,9,shift_ot_h,580.2989444444445,0.5061855670103093,2882
uniform_short_tight_300,uniform_short_tight,300,9,9,crew_veh_h,504.26022222222224,0.5061855670103093,2765
uniform_short_tight_300,uniform_short_tight,300,9,9,crew_team_h,344.1869629629629,0.5061855670103093,2765
uniform_short_tight_325,uniform_short_tight,325,8,8,shift_h,512.0,0.4457044673539519,2765
uniform_short_tight_325,uniform_short_tight,325,8,8,shift_ot_h,520.9101666666667,0.4457044673539519,2765
uniform_short_tight_325,uniform_short_tight,325,8,8,crew_veh_h,480.9068888888889,0.4457044673539519,2765
uniform_short_tight_325,uniform_short_tight,325,8,8,crew_team_h,339.8197037037037,0.4457044673539519,2765
uniform_short_tight_325,uniform_short_tight,325,9,8,shift_h,576.0,0.4457044673539519,2872
uniform_short_tight_325,uniform_short_tight,325,9,8,shift_ot_h,577.9225555555555,0.4457044673539519,2892
uniform_short_tight_325,uniform_short_tight,325,9,8,crew_veh_h,472.6911481481482,0.4457044673539519,2872
uniform_short_tight_325,uniform_short_tight,325,9,8,crew_team_h,331.60396296296295,0.4457044673539519,2872
uniform_short_tight_380,uniform_short_tight,380,8,8,shift_h,512.0,0.3185567010309278,2901
uniform_short_tight_380,uniform_short_tight,380,8,8,shift_ot_h,514.3248333333333,0.3185567010309278,2893
uniform_short_tight_380,uniform_short_tight,380,8,8,crew_veh_h,417.181962962963,0.3185567010309278,2901
uniform_short_tight_380,uniform_short_tight,380,8,8,crew_team_h,316.3421851851852,0.3185567010309278,2901
uniform_short_tight_425,uniform_short_tight,425,7,7,shift_h,448.0,0.18625429553264605,2892
uniform_short_tight_425,uniform_short_tight,425,7,7,shift_ot_h,449.86438888888887,0.18625429553264605,2859
uniform_short_tight_425,uniform_short_tight,425,7,7,crew_veh_h,359.56840740740734,0.18625429553264605,2892
uniform_short_tight_425,uniform_short_tight,425,7,7,crew_team_h,300.74374074074075,0.18625429553264605,2892
uniform_short_tight_500,uniform_short_tight,500,5,5,shift_h,320.0,0.0,2855
uniform_short_tight_500,uniform_short_tight,500,5,5,shift_ot_h,322.36283333333336,0.0,2909
uniform_short_tight_500,uniform_short_tight,500,5,5,crew_veh_h,277.62481481481484,0.0,2855
uniform_short_tight_500,uniform_short_tight,500,5,5,crew_team_h,277.62481481481484,0.0,2855
uniform_short_tight_550,uniform_short_tight,550,5,5,shift_h,320.0,0.0,2855
uniform_short_tight_550,uniform_short_tight,550,5,5,shift_ot_h,322.36283333333336,0.0,2909
uniform_short_tight_550,uniform_short_tight,550,5,5,crew_veh_h,277.62481481481484,0.0,2855
uniform_short_tight_550,uniform_short_tight,550,5,5,crew_team_h,277.62481481481484,0.0,2855
uniform_short_tight_MX1,uniform_short_tight,MX1,8,8,shift_h,512.0,0.34398625429553265,2771
uniform_short_tight_MX1,uniform_short_tight,MX1,8,8,shift_ot_h,515.1711666666666,0.3494845360824742,2869
uniform_short_tight_MX1,uniform_short_tight,MX1,8,8,crew_veh_h,442.3400740740741,0.34398625429553265,2771
uniform_short_tight_MX1,uniform_short_tight,MX1,8,8,crew_team_h,329.60981481481485,0.34776632302405497,2766
uniform_short_tight_MX2,uniform_short_tight,MX2,6,6,shift_h,384.0,0.13848797250859107,2765
uniform_short_tight_MX2,uniform_short_tight,MX2,6,6,shift_ot_h,390.7518333333333,0.14432989690721648,2806
uniform_short_tight_MX2,uniform_short_tight,MX2,6,6,crew_veh_h,355.90311111111106,0.13848797250859107,2765
uniform_short_tight_MX2,uniform_short_tight,MX2,6,6,crew_team_h,309.062,0.13986254295532646,2773
uniform_short_tight_MX2,uniform_short_tight,MX2,7,6,shift_h,448.0,0.12852233676975944,2765
uniform_short_tight_MX2,uniform_short_tight,MX2,7,6,shift_ot_h,450.84816666666666,0.1422680412371134,2893
uniform_short_tight_MX2,uniform_short_tight,MX2,7,6,crew_veh_h,344.43025925925923,0.12852233676975944,2765
uniform_short_tight_MX2,uniform_short_tight,MX2,7,6,crew_team_h,300.5637037037037,0.1323024054982818,2768
