cell,model,r,labour,winner,margin,status,flip_by
extraheavy_long_baseline,affine,5.1,shift_h,550,0.07492565079222846,search-dependent,380 425 500
extraheavy_long_baseline,affine,5.1,crew_veh_h,550,0.007847244386860686,search-dependent,500
extraheavy_long_baseline,affine,5.1,crew_team_h,425,0.0011735205473948351,search-dependent,300 325 380 500 550 MX2
extraheavy_long_baseline,affine,5.1,shift_ot_h,550,0.0781492072180805,search-dependent,380 425 500
extraheavy_long_baseline,affine,6.364496630910889,shift_h,550,0.06729533314673697,search-dependent,380 425 500
extraheavy_long_baseline,affine,6.364496630910889,crew_veh_h,550,0.008352651966359037,search-dependent,500
extraheavy_long_baseline,affine,6.364496630910889,crew_team_h,380,0.0013669157894649064,search-dependent,300 325 425 500 550 MX2
extraheavy_long_baseline,affine,6.364496630910889,shift_ot_h,550,0.07081014744261394,search-dependent,380 425 500
extraheavy_long_baseline,affine,7.9425132087992285,shift_h,550,0.05838632248813025,search-dependent,380 425 500
extraheavy_long_baseline,affine,7.9425132087992285,crew_veh_h,550,0.008942906571013598,search-dependent,500
extraheavy_long_baseline,affine,7.9425132087992285,crew_team_h,380,0.0006584689145117117,search-dependent,300 325 425 500 550 MX2
extraheavy_long_baseline,affine,7.9425132087992285,shift_ot_h,550,0.06221266565915329,search-dependent,380 425 500
extraheavy_long_baseline,affine,9.911784031052534,shift_h,550,0.04812368669219902,search-dependent,380 425 500
extraheavy_long_baseline,affine,9.911784031052534,crew_veh_h,550,0.009623044887411725,search-dependent,500
extraheavy_long_baseline,affine,9.911784031052534,crew_team_h,325,0.00042059574815667133,search-dependent,300 380 425 MX2
extraheavy_long_baseline,affine,9.911784031052534,shift_ot_h,550,0.052270579695343766,search-dependent,380 425 500
extraheavy_long_baseline,affine,12.36931687685298,shift_h,550,0.036483824583988245,search-dependent,380 425 500
extraheavy_long_baseline,affine,12.36931687685298,crew_veh_h,550,0.010394717161377853,search-dependent,425 500
extraheavy_long_baseline,affine,12.36931687685298,crew_team_h,MX2,1.024034915975136e-05,search-dependent,300 325 380 425 MX1
extraheavy_long_baseline,affine,12.36931687685298,shift_ot_h,550,0.040944331727924554,search-dependent,380 425 500
extraheavy_long_baseline,affine,15.436171684196077,shift_h,550,0.02351204443695387,search-dependent,325 380 425 500 MX2
extraheavy_long_baseline,affine,15.436171684196077,crew_veh_h,550,0.0072579464624784595,search-dependent,380 425 500 MX2
extraheavy_long_baseline,affine,15.436171684196077,crew_team_h,MX2,0.000522807640525258,search-dependent,300 325 380 425 MX1
extraheavy_long_baseline,affine,15.436171684196077,shift_ot_h,550,0.028259054765455538,search-dependent,325 380 425 500 MX2
extraheavy_long_baseline,affine,19.26342405455451,shift_h,550,0.009336206189250129,search-dependent,325 380 425 500 MX2
extraheavy_long_baseline,affine,19.26342405455451,crew_veh_h,MX2,3.548055174329434e-05,search-dependent,380 425 500 550
extraheavy_long_baseline,affine,19.26342405455451,crew_team_h,MX2,0.0010921001015449239,search-dependent,300 325 380 425 MX1
extraheavy_long_baseline,affine,19.26342405455451,shift_ot_h,550,0.014319776139854357,search-dependent,325 380 425 500 MX2
extraheavy_long_baseline,affine,24.039607351964708,shift_h,380,0.005861981738080724,search-dependent,325 425 500 550 MX2
extraheavy_long_baseline,affine,24.039607351964708,crew_veh_h,MX2,0.002468409877986577,search-dependent,380 425 500 550
extraheavy_long_baseline,affine,24.039607351964708,crew_team_h,MX2,0.0017119250946318054,search-dependent,300 325 380 425 MX1
extraheavy_long_baseline,affine,24.039607351964708,shift_ot_h,380,0.0006809102408240619,search-dependent,325 425 500 550 MX2
extraheavy_long_baseline,affine,30.000000000000004,shift_h,380,0.022163032542086514,search-dependent,325 425 500 550 MX2
extraheavy_long_baseline,affine,30.000000000000004,crew_veh_h,MX2,0.0051032351489610495,search-dependent,380 425 550
extraheavy_long_baseline,affine,30.000000000000004,crew_team_h,MX2,0.002372302522418712,search-dependent,300 325 380 425 MX1
extraheavy_long_baseline,affine,30.000000000000004,shift_ot_h,380,0.016738993359014742,search-dependent,325 425 500 550 MX2
extraheavy_long_baseline,piecewise,5.1,shift_h,550,0.07201564735850186,search-dependent,380 425 500
extraheavy_long_baseline,piecewise,5.1,crew_veh_h,550,0.007415251644127041,search-dependent,500
extraheavy_long_baseline,piecewise,5.1,crew_team_h,425,0.00028461821411696064,search-dependent,300 325 380 500 550 MX2
extraheavy_long_baseline,piecewise,5.1,shift_ot_h,550,0.07537461967660852,search-dependent,380 425 500
extraheavy_long_baseline,piecewise,6.364496630910889,shift_h,550,0.06381716336228993,search-dependent,380 425 500
extraheavy_long_baseline,piecewise,6.364496630910889,crew_veh_h,550,0.007827229213874798,search-dependent,500
extraheavy_long_baseline,piecewise,6.364496630910889,crew_team_h,300,0.00029357654208173045,search-dependent,325 380 425 500 550 MX2
extraheavy_long_baseline,piecewise,6.364496630910889,shift_ot_h,550,0.06748688179003204,search-dependent,380 425 500
extraheavy_long_baseline,piecewise,7.9425132087992285,shift_h,550,0.0542646743505073,search-dependent,380 425 500
extraheavy_long_baseline,piecewise,7.9425132087992285,crew_veh_h,550,0.00830737173182805,search-dependent,500
extraheavy_long_baseline,piecewise,7.9425132087992285,crew_team_h,300,9.280708332504162e-06,search-dependent,325 380 425 500 MX2
extraheavy_long_baseline,piecewise,7.9425132087992285,shift_ot_h,550,0.0582650606998687,search-dependent,380 425 500
extraheavy_long_baseline,piecewise,9.911784031052534,shift_h,550,0.043287275581811224,search-dependent,380 425 500
extraheavy_long_baseline,piecewise,9.911784031052534,crew_veh_h,550,0.008859302319621953,search-dependent,425 500
extraheavy_long_baseline,piecewise,9.911784031052534,crew_team_h,325,0.00028633959457291525,search-dependent,300 380 425 MX2
extraheavy_long_baseline,piecewise,9.911784031052534,shift_ot_h,550,0.04762569189890331,search-dependent,380 425 500
extraheavy_long_baseline,piecewise,12.36931687685298,shift_h,550,0.0308709158942031,search-dependent,380 425 500
extraheavy_long_baseline,piecewise,12.36931687685298,crew_veh_h,550,0.009483797463582189,search-dependent,380 425 500
extraheavy_long_baseline,piecewise,12.36931687685298,crew_team_h,MX2,0.000196160062699402,search-dependent,300 325 380 425 MX1
extraheavy_long_baseline,piecewise,12.36931687685298,shift_ot_h,550,0.035537243914294026,search-dependent,380 425 500
extraheavy_long_baseline,piecewise,15.436171684196077,shift_h,550,0.01707640800444543,search-dependent,325 380 425 500 MX2
extraheavy_long_baseline,piecewise,15.436171684196077,crew_veh_h,550,0.0029717670967064347,search-dependent,380 425 500 MX2
extraheavy_long_baseline,piecewise,15.436171684196077,crew_team_h,MX2,0.0007412372609021389,search-dependent,300 325 380 425 MX1
extraheavy_long_baseline,piecewise,15.436171684196077,shift_ot_h,550,0.02203880399792313,search-dependent,325 380 425 500 MX2
extraheavy_long_baseline,piecewise,19.26342405455451,shift_h,550,0.002052604418733006,search-dependent,325 380 425 500 MX2
extraheavy_long_baseline,piecewise,19.26342405455451,crew_veh_h,MX2,0.002783761312884936,search-dependent,380 425 500 550
extraheavy_long_baseline,piecewise,19.26342405455451,crew_team_h,MX2,0.0013460971363892238,search-dependent,300 325 380 425 MX1
extraheavy_long_baseline,piecewise,19.26342405455451,shift_ot_h,550,0.0072550825437687205,search-dependent,325 380 425 500 MX2
extraheavy_long_baseline,piecewise,24.039607351964708,shift_h,380,0.014157331364541115,search-dependent,325 425 500 550 MX2
extraheavy_long_baseline,piecewise,24.039607351964708,crew_veh_h,MX2,0.005670814182625383,search-dependent,380 425 500 550
extraheavy_long_baseline,piecewise,24.039607351964708,crew_team_h,MX2,0.002004000941211448,search-dependent,300 325 380 425 MX1
extraheavy_long_baseline,piecewise,24.039607351964708,shift_ot_h,380,0.00867125921516898,search-dependent,325 425 500 550 MX2
extraheavy_long_baseline,piecewise,30.000000000000004,shift_h,380,0.03160491649328634,search-dependent,325 425 500 550 MX2
extraheavy_long_baseline,piecewise,30.000000000000004,crew_veh_h,MX2,0.00879431906514383,search-dependent,380 425 550
extraheavy_long_baseline,piecewise,30.000000000000004,crew_team_h,MX2,0.002704208998696389,search-dependent,270 300 325 380 MX1
extraheavy_long_baseline,piecewise,30.000000000000004,shift_ot_h,380,0.02586418351924258,search-dependent,325 425 500 550 MX2
extraheavy_long_baseline,power_0.72,5.1,shift_h,550,0.08062476702530708,search-dependent,380 425 500
extraheavy_long_baseline,power_0.72,5.1,crew_veh_h,550,0.009189900349183766,search-dependent,500
extraheavy_long_baseline,power_0.72,5.1,crew_team_h,500,0.00039633322886722944,search-dependent,300 325 380 425 550 MX2
extraheavy_long_baseline,power_0.72,5.1,shift_ot_h,550,0.08326340709259661,search-dependent,380 425 500
extraheavy_long_baseline,power_0.72,6.364496630910889,shift_h,550,0.07414199616635408,search-dependent,380 425 500
extraheavy_long_baseline,power_0.72,6.364496630910889,crew_veh_h,550,0.009985246066543496,search-dependent,500
extraheavy_long_baseline,power_0.72,6.364496630910889,crew_team_h,425,0.0002799632205452429,search-dependent,300 325 380 500 550 MX2
extraheavy_long_baseline,power_0.72,6.364496630910889,shift_ot_h,550,0.07733923643553564,search-dependent,380 425 500
extraheavy_long_baseline,power_0.72,7.9425132087992285,shift_h,550,0.06654870461511897,search-dependent,380 425 500
extraheavy_long_baseline,power_0.72,7.9425132087992285,crew_veh_h,550,0.010917065412286986,search-dependent,500
extraheavy_long_baseline,power_0.72,7.9425132087992285,crew_team_h,380,0.001866797674248799,search-dependent,300 325 425 500 550 MX2
extraheavy_long_baseline,power_0.72,7.9425132087992285,shift_ot_h,550,0.0700132529129267,search-dependent,380 425 500
extraheavy_long_baseline,power_0.72,9.911784031052534,shift_h,550,0.057769304128040266,search-dependent,380 425 500
extraheavy_long_baseline,power_0.72,9.911784031052534,crew_veh_h,550,0.011994746475337159,search-dependent,500
extraheavy_long_baseline,power_0.72,9.911784031052534,crew_team_h,380,0.0004613241180468908,search-dependent,300 325 425 500 550 MX2
extraheavy_long_baseline,power_0.72,9.911784031052534,shift_ot_h,550,0.06151135791444107,search-dependent,380 425 500
extraheavy_long_baseline,power_0.72,12.36931687685298,shift_h,550,0.047769501310765516,search-dependent,380 425 500
extraheavy_long_baseline,power_0.72,12.36931687685298,crew_veh_h,550,0.013222634548395229,search-dependent,500
extraheavy_long_baseline,power_0.72,12.36931687685298,crew_team_h,MX2,0.0011515991643955559,search-dependent,300 325 380 425 550 MX1
extraheavy_long_baseline,power_0.72,12.36931687685298,shift_ot_h,550,0.051786160720307395,search-dependent,380 425 500
extraheavy_long_baseline,power_0.72,15.436171684196077,shift_h,550,0.03657221495074192,search-dependent,380 425 500
extraheavy_long_baseline,power_0.72,15.436171684196077,crew_veh_h,550,0.014598070550979836,search-dependent,425 500
extraheavy_long_baseline,power_0.72,15.436171684196077,crew_team_h,MX2,0.002821850743933485,search-dependent,300 325 380 425 MX1
extraheavy_long_baseline,power_0.72,15.436171684196077,shift_ot_h,550,0.04084358345395489,search-dependent,380 425 500
extraheavy_long_baseline,power_0.72,19.26342405455451,shift_h,550,0.02427092850201018,search-dependent,325 380 425 500 MX2
extraheavy_long_baseline,power_0.72,19.26342405455451,crew_veh_h,550,0.010704150891878372,search-dependent,380 425 500 MX2
extraheavy_long_baseline,power_0.72,19.26342405455451,crew_team_h,MX2,0.0037906647556038564,search-dependent,300 325 380 425 MX1
extraheavy_long_baseline,power_0.72,19.26342405455451,shift_ot_h,550,0.02875734507896377,search-dependent,325 380 425 500 MX2
extraheavy_long_baseline,power_0.72,24.039607351964708,shift_h,550,0.011036766579934021,search-dependent,325 380 425 500 MX2
extraheavy_long_baseline,power_0.72,24.039607351964708,crew_veh_h,MX2,0.0010314157277069302,search-dependent,380 425 500 550
extraheavy_long_baseline,power_0.72,24.039607351964708,crew_team_h,MX2,0.0048470487395562145,search-dependent,300 325 380 425 MX1
extraheavy_long_baseline,power_0.72,24.039607351964708,shift_ot_h,550,0.015678172957717562,search-dependent,325 380 425 500 MX2
extraheavy_long_baseline,power_0.72,30.000000000000004,shift_h,380,0.0028925216820676614,search-dependent,325 425 500 550 MX2
extraheavy_long_baseline,power_0.72,30.000000000000004,crew_veh_h,MX2,0.004259496454560585,search-dependent,380 425 500 550
extraheavy_long_baseline,power_0.72,30.000000000000004,crew_team_h,MX2,0.005974357402152242,search-dependent,300 325 380 425 MX1
extraheavy_long_baseline,power_0.72,30.000000000000004,shift_ot_h,550,0.0018340577645141742,search-dependent,325 380 425 500 MX2
extraheavy_long_baseline,power_0.84,5.1,shift_h,550,0.07357586701866481,search-dependent,380 425 500
extraheavy_long_baseline,power_0.84,5.1,crew_veh_h,550,0.007994196209476723,search-dependent,500
extraheavy_long_baseline,power_0.84,5.1,crew_team_h,425,0.0005037502480316203,search-dependent,300 325 380 500 550 MX2
extraheavy_long_baseline,power_0.84,5.1,shift_ot_h,550,0.07685815196941825,search-dependent,380 425 500
extraheavy_long_baseline,power_0.84,6.364496630910889,shift_h,550,0.0656941859280864,search-dependent,380 425 500
extraheavy_long_baseline,power_0.84,6.364496630910889,crew_veh_h,550,0.008528366431137968,search-dependent,500
extraheavy_long_baseline,power_0.84,6.364496630910889,crew_team_h,300,0.0004144106308960893,search-dependent,325 380 425 500 550 MX2
extraheavy_long_baseline,power_0.84,6.364496630910889,shift_ot_h,550,0.06927485272200307,search-dependent,380 425 500
extraheavy_long_baseline,power_0.84,7.9425132087992285,shift_h,550,0.056506273452766154,search-dependent,380 425 500
extraheavy_long_baseline,power_0.84,7.9425132087992285,crew_veh_h,550,0.009151226653153932,search-dependent,500
extraheavy_long_baseline,power_0.84,7.9425132087992285,crew_team_h,MX2,0.00014789607801324323,search-dependent,300 325 380 425 500
extraheavy_long_baseline,power_0.84,7.9425132087992285,shift_ot_h,550,0.0604047510704242,search-dependent,380 425 500
extraheavy_long_baseline,power_0.84,9.911784031052534,shift_h,550,0.0459417851819961,search-dependent,380 425 500
extraheavy_long_baseline,power_0.84,9.911784031052534,crew_veh_h,550,0.00986762225540172,search-dependent,500
extraheavy_long_baseline,power_0.84,9.911784031052534,crew_team_h,MX2,0.0009582488767332364,search-dependent,300 325 380 425 MX1
extraheavy_long_baseline,power_0.84,9.911784031052534,shift_ot_h,550,0.05016552412174047,search-dependent,380 425 500
extraheavy_long_baseline,power_0.84,12.36931687685298,shift_h,550,0.03398465894397562,search-dependent,380 425 500
extraheavy_long_baseline,power_0.84,12.36931687685298,crew_veh_h,550,0.010678733284730235,search-dependent,425 500
extraheavy_long_baseline,power_0.84,12.36931687685298,crew_team_h,MX2,0.001680649693924563,search-dependent,300 325 380 425 MX1
extraheavy_long_baseline,power_0.84,12.36931687685298,shift_ot_h,550,0.0385243740660175,search-dependent,380 425 500
extraheavy_long_baseline,power_0.84,15.436171684196077,shift_h,550,0.020690633800541258,search-dependent,325 380 425 500 MX2
extraheavy_long_baseline,power_0.84,15.436171684196077,crew_veh_h,550,0.006053154696807228,search-dependent,380 425 500 MX2
extraheavy_long_baseline,power_0.84,15.436171684196077,crew_team_h,MX2,0.0024970358041098706,search-dependent,300 325 380 425 MX1
extraheavy_long_baseline,power_0.84,15.436171684196077,shift_ot_h,550,0.025516164326883528,search-dependent,325 380 425 500 MX2
extraheavy_long_baseline,power_0.84,19.26342405455451,shift_h,550,0.0062002569693166976,search-dependent,325 380 425 500 MX2
extraheavy_long_baseline,power_0.84,19.26342405455451,crew_veh_h,MX2,0.004568616700093342,search-dependent,380 425 500 550
extraheavy_long_baseline,power_0.84,19.26342405455451,crew_team_h,MX2,0.0034031539084287132,search-dependent,300 325 380 425 MX1
extraheavy_long_baseline,power_0.84,19.26342405455451,shift_ot_h,550,0.01125815246344053,search-dependent,325 380 425 500 MX2
extraheavy_long_baseline,power_0.84,24.039607351964708,shift_h,380,0.009343410260148177,search-dependent,325 425 500 550 MX2
extraheavy_long_baseline,power_0.84,24.039607351964708,crew_veh_h,MX2,0.007758395418935526,search-dependent,380 425 500 550
extraheavy_long_baseline,power_0.84,24.039607351964708,crew_team_h,MX2,0.0043889655691309315,search-dependent,300 325 380 MX1
extraheavy_long_baseline,power_0.84,24.039607351964708,shift_ot_h,380,0.00405938964645669,search-dependent,325 425 500 550 MX2
extraheavy_long_baseline,power_0.84,30.000000000000004,shift_h,380,0.026030825317887585,search-dependent,325 425 500 550 MX2
extraheavy_long_baseline,power_0.84,30.000000000000004,crew_veh_h,MX2,0.0112102431297465,search-dependent,380 425 550
extraheavy_long_baseline,power_0.84,30.000000000000004,crew_team_h,MX2,0.005438430320792831,search-dependent,270 300 325 380 MX1
extraheavy_long_baseline,power_0.84,30.000000000000004,shift_ot_h,380,0.02050776549685973,search-dependent,325 425 500 550 MX2
extraheavy_long_baseline,power_0.96,5.1,shift_h,550,0.06586937746390742,search-dependent,380 425 500
extraheavy_long_baseline,power_0.96,5.1,crew_veh_h,550,0.006606825279505291,search-dependent,500
extraheavy_long_baseline,power_0.96,5.1,crew_team_h,300,0.0024178580855669374,search-dependent,325 380 425 500 MX2
extraheavy_long_baseline,power_0.96,5.1,shift_ot_h,550,0.06950867073903466,search-dependent,380 425 500
extraheavy_long_baseline,power_0.96,6.364496630910889,shift_h,550,0.05649737055918247,search-dependent,380 425 500
extraheavy_long_baseline,power_0.96,6.364496630910889,crew_veh_h,550,0.006846218445622165,search-dependent,500
extraheavy_long_baseline,power_0.96,6.364496630910889,crew_team_h,300,0.002081104835443881,search-dependent,325 380 425 MX2
extraheavy_long_baseline,power_0.96,6.364496630910889,shift_ot_h,550,0.06048519177581224,search-dependent,380 425 500
extraheavy_long_baseline,power_0.96,7.9425132087992285,shift_h,550,0.04562726817577767,search-dependent,380 425 500
extraheavy_long_baseline,power_0.96,7.9425132087992285,crew_veh_h,550,0.007123954621654827,search-dependent,500
extraheavy_long_baseline,power_0.96,7.9425132087992285,crew_team_h,300,0.001685409543303873,search-dependent,325 380 425 MX2
extraheavy_long_baseline,power_0.96,7.9425132087992285,shift_ot_h,550,0.04998163792081223,search-dependent,380 425 500
extraheavy_long_baseline,power_0.96,9.911784031052534,shift_h,550,0.03320130880313443,search-dependent,380 425 500
extraheavy_long_baseline,power_0.96,9.911784031052534,crew_veh_h,550,0.0074415443806343795,search-dependent,425 500
extraheavy_long_baseline,power_0.96,9.911784031052534,crew_team_h,300,0.000786047680409796,search-dependent,325 380 425 MX1 MX2
extraheavy_long_baseline,power_0.96,9.911784031052534,shift_ot_h,550,0.037924816970894115,search-dependent,380 425 500
extraheavy_long_baseline,power_0.96,12.36931687685298,shift_h,550,0.01923034019667469,search-dependent,325 380 425 500 MX2
extraheavy_long_baseline,power_0.96,12.36931687685298,crew_veh_h,550,0.0030108524064444975,search-dependent,380 425 500 MX2
extraheavy_long_baseline,power_0.96,12.36931687685298,crew_team_h,MX2,0.00035761781860887965,search-dependent,300 325 380 425 MX1
extraheavy_long_baseline,power_0.96,12.36931687685298,shift_ot_h,550,0.024304920890539483,search-dependent,325 380 425 500 MX2
extraheavy_long_baseline,power_0.96,15.436171684196077,shift_h,550,0.0038120402203625225,search-dependent,325 380 425 500 MX2
extraheavy_long_baseline,power_0.96,15.436171684196077,crew_veh_h,MX2,0.005955328044656483,search-dependent,380 425 500 550
extraheavy_long_baseline,power_0.96,15.436171684196077,crew_team_h,MX2,0.0016468521302341887,search-dependent,300 325 380 MX1
extraheavy_long_baseline,power_0.96,15.436171684196077,shift_ot_h,550,0.009194882046043018,search-dependent,325 380 425 500 MX2
extraheavy_long_baseline,power_0.96,19.26342405455451,shift_h,380,0.013025245686269837,search-dependent,325 425 500 550 MX2
extraheavy_long_baseline,power_0.96,19.26342405455451,crew_veh_h,MX2,0.009586212015692652,search-dependent,380 425 550
extraheavy_long_baseline,power_0.96,19.26342405455451,crew_team_h,MX2,0.0025301823007990443,search-dependent,270 300 325 380 MX1
extraheavy_long_baseline,power_0.96,19.26342405455451,shift_ot_h,380,0.007288628714505085,search-dependent,325 425 500 550 MX2
extraheavy_long_baseline,power_0.96,24.039607351964708,shift_h,380,0.031443954732135015,search-dependent,325 425 500 550 MX2
extraheavy_long_baseline,power_0.96,24.039607351964708,crew_veh_h,MX2,0.013587601453413978,search-dependent,380 425
extraheavy_long_baseline,power_0.96,24.039607351964708,crew_team_h,MX2,0.0033693750945211765,search-dependent,270 300 325 380 MX1
extraheavy_long_baseline,power_0.96,24.039607351964708,shift_ot_h,380,0.025344668968374062,search-dependent,325 425 500 550 MX2
extraheavy_long_baseline,power_0.96,30.000000000000004,shift_h,380,0.034362000106389345,search-dependent,325 425 550 MX2
extraheavy_long_baseline,power_0.96,30.000000000000004,crew_veh_h,MX2,0.017907144409930353,search-dependent,380 425
extraheavy_long_baseline,power_0.96,30.000000000000004,crew_team_h,MX2,0.004260452007191606,search-dependent,270 300 325 380 MX1
extraheavy_long_baseline,power_0.96,30.000000000000004,shift_ot_h,380,0.02785081838557346,search-dependent,325 425 500 550 MX2
extraheavy_long_tight,affine,5.1,shift_h,500,0.009671139250001959,search-dependent,380 425 550
extraheavy_long_tight,affine,5.1,crew_veh_h,550,0.006566505916115295,search-dependent,500
extraheavy_long_tight,affine,5.1,crew_team_h,380,0.0005529680932920833,search-dependent,300 325 425 500 550 MX2
extraheavy_long_tight,affine,5.1,shift_ot_h,500,0.009165751407614886,search-dependent,380 425 550
extraheavy_long_tight,affine,6.364496630910889,shift_h,500,0.011734393110204078,search-dependent,380 425 550
extraheavy_long_tight,affine,6.364496630910889,crew_veh_h,550,0.0036103120126813604,search-dependent,500
extraheavy_long_tight,affine,6.364496630910889,crew_team_h,MX2,0.0016146013602604814,search-dependent,300 325 380 425 500
extraheavy_long_tight,affine,6.364496630910889,shift_ot_h,500,0.011226505639846618,search-dependent,380 425 550
extraheavy_long_tight,affine,7.9425132087992285,shift_h,500,0.014154104324551886,search-dependent,380 425 550
extraheavy_long_tight,affine,7.9425132087992285,crew_veh_h,550,0.00020030792048175705,search-dependent,500
extraheavy_long_tight,affine,7.9425132087992285,crew_team_h,MX2,0.0013726083268150724,search-dependent,300 325 380 425
extraheavy_long_tight,affine,7.9425132087992285,shift_ot_h,500,0.013644475915417287,search-dependent,380 425 550
extraheavy_long_tight,affine,9.911784031052534,shift_h,500,0.016955849032492587,search-dependent,380 425 550
extraheavy_long_tight,affine,9.911784031052534,crew_veh_h,500,0.003686893219116305,search-dependent,550
extraheavy_long_tight,affine,9.911784031052534,crew_team_h,300,1.9634720330730104e-05,search-dependent,325 380 MX2
extraheavy_long_tight,affine,9.911784031052534,shift_ot_h,500,0.01644581169165593,search-dependent,380 425 550
extraheavy_long_tight,affine,12.36931687685298,shift_h,500,0.020152377469790483,search-dependent,380 425 550
extraheavy_long_tight,affine,12.36931687685298,crew_veh_h,500,0.008062320892420871,search-dependent,380 425 550
extraheavy_long_tight,affine,12.36931687685298,crew_team_h,300,0.0016051053252825742,search-dependent,325 380 MX2
extraheavy_long_tight,affine,12.36931687685298,shift_ot_h,500,0.019643981563902235,search-dependent,380 425 550
extraheavy_long_tight,affine,15.436171684196077,shift_h,500,0.023738434783815654,search-dependent,300 380 425 550 MX2
extraheavy_long_tight,affine,15.436171684196077,crew_veh_h,500,0.008402815307110956,search-dependent,380 425 550 MX2
extraheavy_long_tight,affine,15.436171684196077,crew_team_h,300,0.0033827650366922146,search-dependent,325 380 MX1 MX2
extraheavy_long_tight,affine,15.436171684196077,shift_ot_h,500,0.02323455724594048,search-dependent,300 380 425 550 MX2
extraheavy_long_tight,affine,19.26342405455451,shift_h,500,0.018421333192356393,search-dependent,300 325 380 425 550 MX2
extraheavy_long_tight,affine,19.26342405455451,crew_veh_h,380,0.0011138765039999665,search-dependent,425 500 550 MX2
extraheavy_long_tight,affine,19.26342405455451,crew_team_h,300,0.005338534617381319,search-dependent,325 380 MX1 MX2
extraheavy_long_tight,affine,19.26342405455451,shift_ot_h,500,0.01990002797902002,search-dependent,300 325 380 425 550 MX2
extraheavy_long_tight,affine,24.039607351964708,shift_h,500,0.00727596914382711,search-dependent,300 325 380 425 550 MX2
extraheavy_long_tight,affine,24.039607351964708,crew_veh_h,MX2,0.0041302582301527835,search-dependent,380 425 500 550
extraheavy_long_tight,affine,24.039607351964708,crew_team_h,300,0.007445950027096249,search-dependent,325 380 MX1 MX2
extraheavy_long_tight,affine,24.039607351964708,shift_ot_h,500,0.008707693164374808,search-dependent,300 325 380 425 550 MX2
extraheavy_long_tight,affine,30.000000000000004,shift_h,380,0.004496297906075197,search-dependent,300 325 425 500 550 MX2
extraheavy_long_tight,affine,30.000000000000004,crew_veh_h,MX2,0.009735671735529028,search-dependent,300 325 380 425 500
extraheavy_long_tight,affine,30.000000000000004,crew_team_h,300,0.00966646210012767,search-dependent,325 380 MX1 MX2
extraheavy_long_tight,affine,30.000000000000004,shift_ot_h,380,0.0031150182166470586,search-dependent,300 325 425 500 550 MX2
extraheavy_long_tight,piecewise,5.1,shift_h,500,0.010457016795984098,search-dependent,380 425 550
extraheavy_long_tight,piecewise,5.1,crew_veh_h,550,0.005563648323255288,search-dependent,500
extraheavy_long_tight,piecewise,5.1,crew_team_h,MX2,0.0009153189270276751,search-dependent,300 325 380 425 500
extraheavy_long_tight,piecewise,5.1,shift_ot_h,500,0.009947126187064947,search-dependent,380 425 550
extraheavy_long_tight,piecewise,6.364496630910889,shift_h,500,0.012677698095920675,search-dependent,380 425 550
extraheavy_long_tight,piecewise,6.364496630910889,crew_veh_h,550,0.002423372973014981,search-dependent,500
extraheavy_long_tight,piecewise,6.364496630910889,crew_team_h,MX2,0.0019750825003121975,search-dependent,300 325 380 425
extraheavy_long_tight,piecewise,6.364496630910889,shift_ot_h,500,0.012164657859169647,search-dependent,380 425 550
extraheavy_long_tight,piecewise,7.9425132087992285,shift_h,500,0.01527747532827739,search-dependent,380 425 550
extraheavy_long_tight,piecewise,7.9425132087992285,crew_veh_h,500,0.0011917864092552133,search-dependent,550
extraheavy_long_tight,piecewise,7.9425132087992285,crew_team_h,MX2,0.0008915542334486659,search-dependent,300 325 380
extraheavy_long_tight,piecewise,7.9425132087992285,shift_ot_h,500,0.014762056664952228,search-dependent,380 425 550
extraheavy_long_tight,piecewise,9.911784031052534,shift_h,500,0.018281584242038962,search-dependent,380 425 550
extraheavy_long_tight,piecewise,9.911784031052534,crew_veh_h,500,0.005312397412346348,search-dependent,425 550
extraheavy_long_tight,piecewise,9.911784031052534,crew_team_h,300,0.0005925210159083427,search-dependent,325 380 MX2
extraheavy_long_tight,piecewise,9.911784031052534,shift_ot_h,500,0.01776517693302826,search-dependent,380 425 550
extraheavy_long_tight,piecewise,12.36931687685298,shift_h,500,0.02170098164663825,search-dependent,300 380 425 550
extraheavy_long_tight,piecewise,12.36931687685298,crew_veh_h,500,0.009938621188534613,search-dependent,380 425 550
extraheavy_long_tight,piecewise,12.36931687685298,crew_team_h,300,0.002283165407614751,search-dependent,325 380 MX2
extraheavy_long_tight,piecewise,12.36931687685298,shift_ot_h,500,0.021185747085318063,search-dependent,300 380 425 550
extraheavy_long_tight,piecewise,15.436171684196077,shift_h,500,0.02407491030490272,search-dependent,300 325 380 425 550 MX2
extraheavy_long_tight,piecewise,15.436171684196077,crew_veh_h,500,0.0033129676675989206,search-dependent,380 425 550 MX2
extraheavy_long_tight,piecewise,15.436171684196077,crew_team_h,300,0.00417775387510777,search-dependent,325 380 MX1 MX2
extraheavy_long_tight,piecewise,15.436171684196077,shift_ot_h,500,0.025015925006027562,search-dependent,300 325 380 425 550 MX2
extraheavy_long_tight,piecewise,19.26342405455451,shift_h,500,0.013079478381782916,search-dependent,300 325 380 425 550 MX2
extraheavy_long_tight,piecewise,19.26342405455451,crew_veh_h,MX2,0.00255349415560735,search-dependent,380 425 500 550
extraheavy_long_tight,piecewise,19.26342405455451,crew_team_h,300,0.006260954604073055,search-dependent,325 380 MX1 MX2
extraheavy_long_tight,piecewise,19.26342405455451,shift_ot_h,500,0.014575170558381423,search-dependent,300 325 380 425 550 MX2
extraheavy_long_tight,piecewise,24.039607351964708,shift_h,500,0.0012610231433103358,search-dependent,300 325 380 425 550 MX2
extraheavy_long_tight,piecewise,24.039607351964708,crew_veh_h,MX2,0.00837029386553878,search-dependent,380 425 500
extraheavy_long_tight,piecewise,24.039607351964708,crew_team_h,300,0.008504260551336351,search-dependent,325 MX1 MX2
extraheavy_long_tight,piecewise,24.039607351964708,shift_ot_h,500,0.0027092197726867884,search-dependent,300 325 380 425 550 MX2
extraheavy_long_tight,piecewise,30.000000000000004,shift_h,380,0.008785886082234518,search-dependent,300 325 425 500 550 MX2
extraheavy_long_tight,piecewise,30.000000000000004,crew_veh_h,MX2,0.014583688785587912,search-dependent,300 325 380 425
extraheavy_long_tight,piecewise,30.000000000000004,crew_team_h,300,0.010866362250724126,search-dependent,325 MX1 MX2
extraheavy_long_tight,piecewise,30.000000000000004,shift_ot_h,380,0.008864037444591188,search-dependent,300 325 425 500 550 MX2
extraheavy_long_tight,power_0.72,5.1,shift_h,500,0.00784670892747008,search-dependent,380 425 550
extraheavy_long_tight,power_0.72,5.1,crew_veh_h,550,0.008835497116378654,search-dependent,500
extraheavy_long_tight,power_0.72,5.1,crew_team_h,380,0.0011744720683128929,search-dependent,300 325 425 500 550 MX2
extraheavy_long_tight,power_0.72,5.1,shift_ot_h,500,0.007353735507281245,search-dependent,380 425 550
extraheavy_long_tight,power_0.72,6.364496630910889,shift_h,500,0.009531176296523114,search-dependent,380 425 550
extraheavy_long_tight,power_0.72,6.364496630910889,crew_veh_h,550,0.006317482189824641,search-dependent,500
extraheavy_long_tight,power_0.72,6.364496630910889,crew_team_h,MX2,0.0008710190704110943,search-dependent,300 325 380 425 500 550
extraheavy_long_tight,power_0.72,6.364496630910889,shift_ot_h,500,0.009037767762688276,search-dependent,380 425 550
extraheavy_long_tight,power_0.72,7.9425132087992285,shift_h,500,0.01151137282396597,search-dependent,380 425 550
extraheavy_long_tight,power_0.72,7.9425132087992285,crew_veh_h,550,0.0034023115934469494,search-dependent,500
extraheavy_long_tight,power_0.72,7.9425132087992285,crew_team_h,MX2,0.0032195215702350843,search-dependent,300 325 380 425 500
extraheavy_long_tight,power_0.72,7.9425132087992285,shift_ot_h,500,0.011018396477221692,search-dependent,380 425 550
extraheavy_long_tight,power_0.72,9.911784031052534,shift_h,500,0.013810590916602639,search-dependent,380 425 550
extraheavy_long_tight,power_0.72,9.911784031052534,crew_veh_h,550,7.689687983369886e-05,search-dependent,500
extraheavy_long_tight,power_0.72,9.911784031052534,crew_team_h,MX2,0.0021863251379252713,search-dependent,300 325 380 425 500
extraheavy_long_tight,power_0.72,9.911784031052534,shift_ot_h,500,0.01331939691111561,search-dependent,380 425 550
extraheavy_long_tight,power_0.72,12.36931687685298,shift_h,500,0.01644218350450788,search-dependent,380 425 550
extraheavy_long_tight,power_0.72,12.36931687685298,crew_veh_h,500,0.0036664847166274495,search-dependent,425 550
extraheavy_long_tight,power_0.72,12.36931687685298,crew_team_h,MX2,0.001010464678275813,search-dependent,300 325 380
extraheavy_long_tight,power_0.72,12.36931687685298,shift_ot_h,500,0.01595471974699514,search-dependent,380 425 550
extraheavy_long_tight,power_0.72,15.436171684196077,shift_h,500,0.019405172319911568,search-dependent,300 380 425 550
extraheavy_long_tight,power_0.72,15.436171684196077,crew_veh_h,500,0.007819261059423877,search-dependent,380 425 550
extraheavy_long_tight,power_0.72,15.436171684196077,crew_team_h,300,0.00030508969385767415,search-dependent,325 380 MX1 MX2
extraheavy_long_tight,power_0.72,15.436171684196077,shift_ot_h,500,0.018924070074931798,search-dependent,380 425 550
extraheavy_long_tight,power_0.72,19.26342405455451,shift_h,500,0.0226802752829407,search-dependent,300 325 380 425 550 MX2
extraheavy_long_tight,power_0.72,19.26342405455451,crew_veh_h,500,0.009244915185067315,search-dependent,380 425 550 MX2
extraheavy_long_tight,power_0.72,19.26342405455451,crew_team_h,300,0.001751748953624288,search-dependent,325 380 MX1 MX2
extraheavy_long_tight,power_0.72,19.26342405455451,shift_ot_h,500,0.022208871754013648,search-dependent,300 325 380 425 550 MX2
extraheavy_long_tight,power_0.72,24.039607351964708,shift_h,500,0.018688949060333693,search-dependent,300 325 380 425 550 MX2
extraheavy_long_tight,power_0.72,24.039607351964708,crew_veh_h,MX2,0.0023450119533019453,search-dependent,380 425 500 550
extraheavy_long_tight,power_0.72,24.039607351964708,crew_team_h,300,0.0033110682347856635,search-dependent,325 380 MX1 MX2
extraheavy_long_tight,power_0.72,24.039607351964708,shift_ot_h,500,0.02007845549177434,search-dependent,300 325 380 425 550 MX2
extraheavy_long_tight,power_0.72,30.000000000000004,shift_h,500,0.00834145307153733,search-dependent,300 325 380 425 550 MX2
extraheavy_long_tight,power_0.72,30.000000000000004,crew_veh_h,MX2,0.0077142311026305865,search-dependent,300 380 425 500 550
extraheavy_long_tight,power_0.72,30.000000000000004,crew_team_h,300,0.004954619580723962,search-dependent,325 380 MX1 MX2
extraheavy_long_tight,power_0.72,30.000000000000004,shift_ot_h,500,0.00967042870204926,search-dependent,300 325 380 425 550 MX2
extraheavy_long_tight,power_0.84,5.1,shift_h,500,0.009830941586159936,search-dependent,380 425 550
extraheavy_long_tight,power_0.84,5.1,crew_veh_h,550,0.0063135624582209005,search-dependent,500
extraheavy_long_tight,power_0.84,5.1,crew_team_h,MX2,0.0016751927123219712,search-dependent,300 325 380 425 500
extraheavy_long_tight,power_0.84,5.1,shift_ot_h,500,0.009325913783338802,search-dependent,380 425 550
extraheavy_long_tight,power_0.84,6.364496630910889,shift_h,500,0.01191985696753961,search-dependent,380 425 550
extraheavy_long_tight,power_0.84,6.364496630910889,crew_veh_h,550,0.0033206832602348246,search-dependent,500
extraheavy_long_tight,power_0.84,6.364496630910889,crew_team_h,MX2,0.0029112747424382412,search-dependent,300 325 380 425 500
extraheavy_long_tight,power_0.84,6.364496630910889,shift_ot_h,500,0.011412526629472453,search-dependent,380 425 550
extraheavy_long_tight,power_0.84,7.9425132087992285,shift_h,500,0.014365904026461873,search-dependent,380 425 550
extraheavy_long_tight,power_0.84,7.9425132087992285,crew_veh_h,500,0.0001254009578914861,search-dependent,550
extraheavy_long_tight,power_0.84,7.9425132087992285,crew_team_h,MX2,0.0017746057732135334,search-dependent,300 325 380
extraheavy_long_tight,power_0.84,7.9425132087992285,shift_ot_h,500,0.013857105897584265,search-dependent,380 425 550
extraheavy_long_tight,power_0.84,9.911784031052534,shift_h,500,0.017193085622921433,search-dependent,380 425 550
extraheavy_long_tight,power_0.84,9.911784031052534,crew_veh_h,500,0.004048230642816009,search-dependent,425 550
extraheavy_long_tight,power_0.84,9.911784031052534,crew_team_h,MX2,0.0004630400707703597,search-dependent,300 325 380
extraheavy_long_tight,power_0.84,9.911784031052534,shift_ot_h,500,0.016684243283142663,search-dependent,380 425 550
extraheavy_long_tight,power_0.84,12.36931687685298,shift_h,500,0.02041202635097039,search-dependent,300 380 425 550
extraheavy_long_tight,power_0.84,12.36931687685298,crew_veh_h,500,0.008453808745386926,search-dependent,380 425 550
extraheavy_long_tight,power_0.84,12.36931687685298,crew_team_h,300,0.0010284404930531732,search-dependent,325 380 MX1 MX2
extraheavy_long_tight,power_0.84,12.36931687685298,shift_ot_h,500,0.019905292679612607,search-dependent,300 380 425 550
extraheavy_long_tight,power_0.84,15.436171684196077,shift_h,500,0.02401487091166299,search-dependent,300 325 380 425 550 MX2
extraheavy_long_tight,power_0.84,15.436171684196077,crew_veh_h,500,0.005691385123840265,search-dependent,380 425 550 MX2
extraheavy_long_tight,power_0.84,15.436171684196077,crew_team_h,300,0.002699197237708617,search-dependent,325 380 MX1 MX2
extraheavy_long_tight,power_0.84,15.436171684196077,shift_ot_h,500,0.02351322682875101,search-dependent,300 325 380 425 550 MX2
extraheavy_long_tight,power_0.84,19.26342405455451,shift_h,500,0.015538449437243917,search-dependent,300 325 380 425 550 MX2
extraheavy_long_tight,power_0.84,19.26342405455451,crew_veh_h,MX2,0.004452208299959182,search-dependent,380 425 500 550
extraheavy_long_tight,power_0.84,19.26342405455451,crew_team_h,300,0.00453579235783641,search-dependent,325 380 MX1 MX2
extraheavy_long_tight,power_0.84,19.26342405455451,shift_ot_h,500,0.017021008397473336,search-dependent,300 325 380 425 550 MX2
extraheavy_long_tight,power_0.84,24.039607351964708,shift_h,500,0.0040757657453707186,search-dependent,300 325 380 425 550 MX2
extraheavy_long_tight,power_0.84,24.039607351964708,crew_veh_h,MX2,0.010579332945503728,search-dependent,380 425 500
extraheavy_long_tight,power_0.84,24.039607351964708,crew_team_h,300,0.006512965190640374,search-dependent,325 MX1 MX2
extraheavy_long_tight,power_0.84,24.039607351964708,shift_ot_h,500,0.005510193950293063,search-dependent,300 325 380 425 550 MX2
extraheavy_long_tight,power_0.84,30.000000000000004,shift_h,380,0.008039175909313911,search-dependent,300 325 425 500 550 MX1 MX2
extraheavy_long_tight,power_0.84,30.000000000000004,crew_veh_h,MX2,0.01712561764409859,search-dependent,300 380 500
extraheavy_long_tight,power_0.84,30.000000000000004,crew_team_h,300,0.008594196853202396,search-dependent,325 MX1 MX2
extraheavy_long_tight,power_0.84,30.000000000000004,shift_ot_h,380,0.006646860016512379,search-dependent,300 325 425 500 550 MX1 MX2
extraheavy_long_tight,power_0.96,5.1,shift_h,500,0.012058839371298813,search-dependent,380 425 550
extraheavy_long_tight,power_0.96,5.1,crew_veh_h,550,0.0035156063008536798,search-dependent,500
extraheavy_long_tight,power_0.96,5.1,crew_team_h,MX2,0.002004367240547422,search-dependent,300 325 380 425
extraheavy_long_tight,power_0.96,5.1,shift_ot_h,500,0.01154031696628266,search-dependent,380 425 550
extraheavy_long_tight,power_0.96,6.364496630910889,shift_h,500,0.014593331080456462,search-dependent,380 425 550
extraheavy_long_tight,power_0.96,6.364496630910889,crew_veh_h,550,1.1042513258896491e-05,search-dependent,500
extraheavy_long_tight,power_0.96,6.364496630910889,crew_team_h,MX2,0.0014738872597321873,search-dependent,300 325 380
extraheavy_long_tight,power_0.96,6.364496630910889,shift_ot_h,500,0.014070527195891414,search-dependent,380 425 550
extraheavy_long_tight,power_0.96,7.9425132087992285,shift_h,500,0.01754890235812656,search-dependent,380 425 550
extraheavy_long_tight,power_0.96,7.9425132087992285,crew_veh_h,500,0.0040170767885086,search-dependent,425 550
extraheavy_long_tight,power_0.96,7.9425132087992285,crew_team_h,MX2,4.9168137886468344e-05,search-dependent,300 325 380
extraheavy_long_tight,power_0.96,7.9425132087992285,shift_ot_h,500,0.01702266808512576,search-dependent,380 425 550
extraheavy_long_tight,power_0.96,9.911784031052534,shift_h,500,0.020948673144713492,search-dependent,300 380 425 550
extraheavy_long_tight,power_0.96,9.911784031052534,crew_veh_h,500,0.008592596165127642,search-dependent,380 425 550
extraheavy_long_tight,power_0.96,9.911784031052534,crew_team_h,300,0.00159497766541139,search-dependent,325 380 MX2
extraheavy_long_tight,power_0.96,9.911784031052534,shift_ot_h,500,0.020420575199154856,search-dependent,380 425 550
extraheavy_long_tight,power_0.96,12.36931687685298,shift_h,500,0.024798395169362886,search-dependent,300 325 380 425 550 MX2
extraheavy_long_tight,power_0.96,12.36931687685298,crew_veh_h,500,0.003951302140544399,search-dependent,380 425 550 MX2
extraheavy_long_tight,power_0.96,12.36931687685298,crew_team_h,300,0.0034668616363322524,search-dependent,325 MX1 MX2
extraheavy_long_tight,power_0.96,12.36931687685298,shift_ot_h,500,0.024270879142929136,search-dependent,300 325 380 425 550 MX2
extraheavy_long_tight,power_0.96,15.436171684196077,shift_h,500,0.014221784590326303,search-dependent,300 325 380 425 550 MX2
extraheavy_long_tight,power_0.96,15.436171684196077,crew_veh_h,MX2,0.004875007978086154,search-dependent,380 425 500 550
extraheavy_long_tight,power_0.96,15.436171684196077,crew_team_h,300,0.0055618849573970675,search-dependent,325 MX1 MX2
extraheavy_long_tight,power_0.96,15.436171684196077,shift_ot_h,500,0.01578390992095069,search-dependent,300 325 380 425 550 MX2
extraheavy_long_tight,power_0.96,19.26342405455451,shift_h,500,0.0019056562465940008,search-dependent,300 325 380 425 550 MX2
extraheavy_long_tight,power_0.96,19.26342405455451,crew_veh_h,MX2,0.011489211307321279,search-dependent,380 425 500
extraheavy_long_tight,power_0.96,19.26342405455451,crew_team_h,300,0.007862226390298543,search-dependent,325 MX1 MX2
extraheavy_long_tight,power_0.96,19.26342405455451,shift_ot_h,500,0.003432951084148206,search-dependent,300 325 380 425 550 MX2
extraheavy_long_tight,power_0.96,24.039607351964708,shift_h,380,0.007949115415600838,search-dependent,300 325 425 500 550 MX1 MX2
extraheavy_long_tight,power_0.96,24.039607351964708,crew_veh_h,MX2,0.01869446236718053,search-dependent,380
extraheavy_long_tight,power_0.96,24.039607351964708,crew_team_h,300,0.010335565525037893,search-dependent,325 MX1 MX2
extraheavy_long_tight,power_0.96,24.039607351964708,shift_ot_h,380,0.008038264755484859,search-dependent,300 325 425 500 550 MX1 MX2
extraheavy_long_tight,power_0.96,30.000000000000004,shift_h,300,0.003384810703619401,search-dependent,325 380 425 500 550 MX1 MX2
extraheavy_long_tight,power_0.96,30.000000000000004,crew_veh_h,MX2,0.021256910759442915,search-dependent,300 380
extraheavy_long_tight,power_0.96,30.000000000000004,crew_team_h,300,0.012935637416219503,search-dependent,325 MX1 MX2
extraheavy_long_tight,power_0.96,30.000000000000004,shift_ot_h,300,0.0032284725525182356,search-dependent,325 380 425 500 550 MX1 MX2
extraheavy_massdep_baseline,affine,5.1,shift_h,500,0.009671139250002181,search-dependent,380 425 550
extraheavy_massdep_baseline,affine,5.1,crew_veh_h,550,0.014196955580714876,certain,
extraheavy_massdep_baseline,affine,5.1,crew_team_h,425,0.0011214654414222203,search-dependent,300 325 380 500 550 MX2
extraheavy_massdep_baseline,affine,5.1,shift_ot_h,500,0.0031532996924263923,search-dependent,380 425 550
extraheavy_massdep_baseline,affine,6.364496630910889,shift_h,500,0.011734393110204078,search-dependent,380 425 550
extraheavy_massdep_baseline,affine,6.364496630910889,crew_veh_h,550,0.011302794427150431,search-dependent,500
extraheavy_massdep_baseline,affine,6.364496630910889,crew_team_h,380,0.0016870858258386523,search-dependent,300 325 425 500 550 MX2
extraheavy_massdep_baseline,affine,6.364496630910889,shift_ot_h,500,0.0052957098465520325,search-dependent,380 425 550
extraheavy_massdep_baseline,affine,7.9425132087992285,shift_h,500,0.014154104324551886,search-dependent,380 425 550
extraheavy_massdep_baseline,affine,7.9425132087992285,crew_veh_h,550,0.007937422533557115,search-dependent,500
extraheavy_massdep_baseline,affine,7.9425132087992285,crew_team_h,380,0.0026340938286284477,search-dependent,300 325 425 500 550 MX2
extraheavy_massdep_baseline,affine,7.9425132087992285,shift_ot_h,500,0.007815308384439223,search-dependent,380 425 550
extraheavy_massdep_baseline,affine,9.911784031052534,shift_h,500,0.016955849032492365,search-dependent,380 425 550
extraheavy_massdep_baseline,affine,9.911784031052534,crew_veh_h,550,0.004079017642845129,search-dependent,500
extraheavy_massdep_baseline,affine,9.911784031052534,crew_team_h,380,0.0013660764185283725,search-dependent,300 325 425 500 550 MX2
extraheavy_massdep_baseline,affine,9.911784031052534,shift_ot_h,500,0.01074226990134508,search-dependent,380 425 550
extraheavy_massdep_baseline,affine,12.36931687685298,shift_h,500,0.020152377469790483,search-dependent,380 425 550
extraheavy_massdep_baseline,affine,12.36931687685298,crew_veh_h,500,0.00027372257894708873,search-dependent,425 550
extraheavy_massdep_baseline,affine,12.36931687685298,crew_team_h,MX2,2.701968629725826e-05,search-dependent,300 325 380 425 500
extraheavy_massdep_baseline,affine,12.36931687685298,shift_ot_h,500,0.014094253597523254,search-dependent,380 425 550
extraheavy_massdep_baseline,affine,15.436171684196077,shift_h,500,0.023738434783815432,search-dependent,380 425 550
extraheavy_massdep_baseline,affine,15.436171684196077,crew_veh_h,500,0.005121255621364229,search-dependent,425 550
extraheavy_massdep_baseline,affine,15.436171684196077,crew_team_h,MX2,0.0005829144717011125,search-dependent,300 325 380 425 500 MX1
extraheavy_massdep_baseline,affine,15.436171684196077,shift_ot_h,500,0.017870783330194318,search-dependent,380 425 550
extraheavy_massdep_baseline,affine,19.26342405455451,shift_h,500,0.027686296350141637,search-dependent,380 425 550
extraheavy_massdep_baseline,affine,19.26342405455451,crew_veh_h,500,0.010437141370744252,search-dependent,380 425 550
extraheavy_massdep_baseline,affine,19.26342405455451,crew_team_h,MX2,0.0011941726058648516,search-dependent,300 325 380 425 500 MX1
extraheavy_massdep_baseline,affine,19.26342405455451,shift_ot_h,500,0.02204812290060798,search-dependent,380 425 550
extraheavy_massdep_baseline,affine,24.039607351964708,shift_h,500,0.02592922783167606,search-dependent,325 380 425 550 MX2
extraheavy_massdep_baseline,affine,24.039607351964708,crew_veh_h,500,0.010745182566801903,search-dependent,380 425 550 MX2
extraheavy_massdep_baseline,affine,24.039607351964708,crew_team_h,MX2,0.001852435309938505,search-dependent,300 325 380 425 500 MX1
extraheavy_massdep_baseline,affine,24.039607351964708,shift_ot_h,500,0.026575885980670177,search-dependent,325 380 425 550 MX2
extraheavy_massdep_baseline,affine,30.000000000000004,shift_h,500,0.013959454745301914,search-dependent,325 380 425 550 MX2
extraheavy_massdep_baseline,affine,30.000000000000004,crew_veh_h,380,0.00017836966741713312,search-dependent,425 500 550 MX2
extraheavy_massdep_baseline,affine,30.000000000000004,crew_team_h,MX2,0.002545585988556809,search-dependent,300 325 380 425 MX1
extraheavy_massdep_baseline,affine,30.000000000000004,shift_ot_h,500,0.016225249306104583,search-dependent,325 380 425 550 MX2
extraheavy_massdep_baseline,piecewise,5.1,shift_h,500,0.010457016795984098,search-dependent,380 425 550
extraheavy_massdep_baseline,piecewise,5.1,crew_veh_h,550,0.0132626288847566,search-dependent,500
extraheavy_massdep_baseline,piecewise,5.1,crew_team_h,425,0.00013583406501327389,search-dependent,300 325 380 500 550 MX2
extraheavy_massdep_baseline,piecewise,5.1,shift_ot_h,500,0.003926294073262726,search-dependent,380 425 550
extraheavy_massdep_baseline,piecewise,6.364496630910889,shift_h,500,0.012677698095920675,search-dependent,380 425 550
extraheavy_massdep_baseline,piecewise,6.364496630910889,crew_veh_h,550,0.01019166137929095,search-dependent,500
extraheavy_massdep_baseline,piecewise,6.364496630910889,crew_team_h,380,0.0024152197718989576,search-dependent,300 325 425 500 550 MX2
extraheavy_massdep_baseline,piecewise,6.364496630910889,shift_ot_h,500,0.006224714583182633,search-dependent,380 425 550
extraheavy_massdep_baseline,piecewise,7.9425132087992285,shift_h,500,0.01527747532827739,search-dependent,380 425 550
extraheavy_massdep_baseline,piecewise,7.9425132087992285,crew_veh_h,550,0.006628487568053565,search-dependent,500
extraheavy_massdep_baseline,piecewise,7.9425132087992285,crew_team_h,380,0.0010515922380240905,search-dependent,300 325 425 500 550 MX2
extraheavy_massdep_baseline,piecewise,7.9425132087992285,shift_ot_h,500,0.008923237034115905,search-dependent,380 425 550
extraheavy_massdep_baseline,piecewise,9.911784031052534,shift_h,500,0.018281584242038962,search-dependent,380 425 550
extraheavy_massdep_baseline,piecewise,9.911784031052534,crew_veh_h,550,0.0025535745396703113,search-dependent,500
extraheavy_massdep_baseline,piecewise,9.911784031052534,crew_team_h,325,0.00029721712659758204,search-dependent,300 380 425 500 MX2
extraheavy_massdep_baseline,piecewise,9.911784031052534,shift_ot_h,500,0.012051887779866988,search-dependent,380 425 550
extraheavy_massdep_baseline,piecewise,12.36931687685298,shift_h,500,0.02170098164663803,search-dependent,380 425 550
extraheavy_massdep_baseline,piecewise,12.36931687685298,crew_veh_h,500,0.002034344964004342,search-dependent,425 550
extraheavy_massdep_baseline,piecewise,12.36931687685298,crew_team_h,MX2,0.00022987835619825425,search-dependent,300 325 380 425 500 MX1
extraheavy_massdep_baseline,piecewise,12.36931687685298,shift_ot_h,500,0.015626737502717702,search-dependent,380 425 550
extraheavy_massdep_baseline,piecewise,15.436171684196077,shift_h,500,0.025526943980766603,search-dependent,380 425 550
extraheavy_massdep_baseline,piecewise,15.436171684196077,crew_veh_h,500,0.007142235646901529,search-dependent,425 550
extraheavy_massdep_baseline,piecewise,15.436171684196077,crew_team_h,MX2,0.0008199781769755443,search-dependent,300 325 380 425 500 MX1
extraheavy_massdep_baseline,piecewise,15.436171684196077,shift_ot_h,500,0.01964402401192622,search-dependent,380 425 550
extraheavy_massdep_baseline,piecewise,19.26342405455451,shift_h,500,0.029726588118069053,search-dependent,325 380 425 550 MX2
extraheavy_massdep_baseline,piecewise,19.26342405455451,crew_veh_h,500,0.012726945180570048,search-dependent,380 425 550
extraheavy_massdep_baseline,piecewise,19.26342405455451,crew_team_h,MX2,0.001468238578087755,search-dependent,300 325 380 425 MX1
extraheavy_massdep_baseline,piecewise,19.26342405455451,shift_ot_h,500,0.024074966965091926,search-dependent,380 425 550 MX2
extraheavy_massdep_baseline,piecewise,24.039607351964708,shift_h,500,0.019802893942260535,search-dependent,325 380 425 550 MX2
extraheavy_massdep_baseline,piecewise,24.039607351964708,crew_veh_h,500,0.004649711726988359,search-dependent,380 425 550 MX2
extraheavy_massdep_baseline,piecewise,24.039607351964708,crew_team_h,MX2,0.002165636228457668,search-dependent,300 325 380 425 MX1
extraheavy_massdep_baseline,piecewise,24.039607351964708,shift_ot_h,500,0.02205470495402495,search-dependent,325 380 425 550 MX2
extraheavy_massdep_baseline,piecewise,30.000000000000004,shift_h,500,0.00715321698040472,search-dependent,325 380 425 550 MX2
extraheavy_massdep_baseline,piecewise,30.000000000000004,crew_veh_h,380,0.0008504983753172546,search-dependent,425 500 550 MX2
extraheavy_massdep_baseline,piecewise,30.000000000000004,crew_team_h,MX2,0.0028991983588082526,search-dependent,270 300 325 380 MX1
extraheavy_massdep_baseline,piecewise,30.000000000000004,shift_ot_h,500,0.009591251485670638,search-dependent,325 380 425 550 MX2
extraheavy_massdep_baseline,power_0.72,5.1,shift_h,500,0.007846708927469859,search-dependent,380 425 550
extraheavy_massdep_baseline,power_0.72,5.1,crew_veh_h,550,0.016280741688931455,certain,
extraheavy_massdep_baseline,power_0.72,5.1,crew_team_h,425,9.999253825543342e-05,search-dependent,325 380 500 550 MX2
extraheavy_massdep_baseline,power_0.72,5.1,shift_ot_h,500,0.0013821934480502396,search-dependent,380 425 550
extraheavy_massdep_baseline,power_0.72,6.364496630910889,shift_h,500,0.009531176296523114,search-dependent,380 425 550
extraheavy_massdep_baseline,power_0.72,6.364496630910889,crew_veh_h,550,0.013799190008441764,search-dependent,500
extraheavy_massdep_baseline,power_0.72,6.364496630910889,crew_team_h,425,0.00013431735544688905,search-dependent,300 325 380 500 550 MX2
extraheavy_massdep_baseline,power_0.72,6.364496630910889,shift_ot_h,500,0.003154467271302419,search-dependent,380 425 550
extraheavy_massdep_baseline,power_0.72,7.9425132087992285,shift_h,500,0.011511372823965749,search-dependent,380 425 550
extraheavy_massdep_baseline,power_0.72,7.9425132087992285,crew_veh_h,550,0.01090394149399354,search-dependent,500
extraheavy_massdep_baseline,power_0.72,7.9425132087992285,crew_team_h,380,0.0027842265265420885,search-dependent,300 325 425 500 550 MX2
extraheavy_massdep_baseline,power_0.72,7.9425132087992285,shift_ot_h,500,0.005243545653128123,search-dependent,380 425 550
extraheavy_massdep_baseline,power_0.72,9.911784031052534,shift_h,500,0.013810590916602639,search-dependent,380 425 550
extraheavy_massdep_baseline,power_0.72,9.911784031052534,crew_veh_h,550,0.007571676889508661,search-dependent,500
extraheavy_massdep_baseline,power_0.72,9.911784031052534,crew_team_h,380,0.002324612491557687,search-dependent,300 325 425 500 550 MX2
extraheavy_massdep_baseline,power_0.72,9.911784031052534,shift_ot_h,500,0.007676895249675519,search-dependent,380 425 550
extraheavy_massdep_baseline,power_0.72,12.36931687685298,shift_h,500,0.01644218350450788,search-dependent,380 425 550
extraheavy_massdep_baseline,power_0.72,12.36931687685298,crew_veh_h,550,0.0037959614009315246,search-dependent,500
extraheavy_massdep_baseline,power_0.72,12.36931687685298,crew_team_h,380,0.00047020577574730105,search-dependent,300 325 425 500 550 MX2
extraheavy_massdep_baseline,power_0.72,12.36931687685298,shift_ot_h,500,0.010472226961432574,search-dependent,380 425 550
extraheavy_massdep_baseline,power_0.72,15.436171684196077,shift_h,500,0.019405172319911568,search-dependent,380 425 550
extraheavy_massdep_baseline,power_0.72,15.436171684196077,crew_veh_h,500,0.0004072978171312247,search-dependent,425 550
extraheavy_massdep_baseline,power_0.72,15.436171684196077,crew_team_h,MX2,0.0016050613805751457,search-dependent,300 325 380 425 500 550 MX1
extraheavy_massdep_baseline,power_0.72,15.436171684196077,shift_ot_h,500,0.01363270435835906,search-dependent,380 425 550
extraheavy_massdep_baseline,power_0.72,19.26342405455451,shift_h,500,0.02268027528294092,search-dependent,380 425 550
extraheavy_massdep_baseline,power_0.72,19.26342405455451,crew_veh_h,500,0.005019818959296041,search-dependent,425 550
extraheavy_massdep_baseline,power_0.72,19.26342405455451,crew_team_h,MX2,0.003890027931028772,search-dependent,300 325 380 425 500 MX1
extraheavy_massdep_baseline,power_0.72,19.26342405455451,shift_ot_h,500,0.017142388357779037,search-dependent,380 425 550
extraheavy_massdep_baseline,power_0.72,24.039607351964708,shift_h,500,0.02622732775374992,search-dependent,380 425 550 MX2
extraheavy_massdep_baseline,power_0.72,24.039607351964708,crew_veh_h,500,0.009994582661745133,search-dependent,380 425 550
extraheavy_massdep_baseline,power_0.72,24.039607351964708,crew_team_h,MX2,0.005223538051069898,search-dependent,300 325 380 425 500 MX1
extraheavy_massdep_baseline,power_0.72,24.039607351964708,shift_ot_h,500,0.02096293578143782,search-dependent,380 425 550
extraheavy_massdep_baseline,power_0.72,30.000000000000004,shift_h,500,0.02701444294323241,search-dependent,325 380 425 550 MX2
extraheavy_massdep_baseline,power_0.72,30.000000000000004,crew_veh_h,500,0.012918034051262683,search-dependent,380 425 550 MX2
extraheavy_massdep_baseline,power_0.72,30.000000000000004,crew_team_h,MX2,0.006395768735898422,search-dependent,300 325 380 425 500 MX1
extraheavy_massdep_baseline,power_0.72,30.000000000000004,shift_ot_h,500,0.025032677412661464,search-dependent,325 380 425 550 MX2
extraheavy_massdep_baseline,power_0.84,5.1,shift_h,500,0.009830941586159714,search-dependent,380 425 550
extraheavy_massdep_baseline,power_0.84,5.1,crew_veh_h,550,0.013942474453866316,certain,
extraheavy_massdep_baseline,power_0.84,5.1,crew_team_h,425,0.00037888369275052014,search-dependent,300 325 380 500 550 MX2
extraheavy_massdep_baseline,power_0.84,5.1,shift_ot_h,500,0.003326304570163474,search-dependent,380 425 550
extraheavy_massdep_baseline,power_0.84,6.364496630910889,shift_h,500,0.01191985696753961,search-dependent,380 425 550
extraheavy_massdep_baseline,power_0.84,6.364496630910889,crew_veh_h,550,0.011008378684107978,search-dependent,500
extraheavy_massdep_baseline,power_0.84,6.364496630910889,crew_team_h,380,0.002437492792659368,search-dependent,300 325 425 500 550 MX2
extraheavy_massdep_baseline,power_0.84,6.364496630910889,shift_ot_h,500,0.0054975281616875815,search-dependent,380 425 550
extraheavy_massdep_baseline,power_0.84,7.9425132087992285,shift_h,500,0.014365904026462095,search-dependent,380 425 550
extraheavy_massdep_baseline,power_0.84,7.9425132087992285,crew_veh_h,550,0.00760224536230103,search-dependent,500
extraheavy_massdep_baseline,power_0.84,7.9425132087992285,crew_team_h,380,0.0006996489575936682,search-dependent,300 325 425 500 550 MX2
extraheavy_massdep_baseline,power_0.84,7.9425132087992285,shift_ot_h,500,0.008047243017173189,search-dependent,380 425 550
extraheavy_massdep_baseline,power_0.84,9.911784031052534,shift_h,500,0.017193085622921656,search-dependent,380 425 550
extraheavy_massdep_baseline,power_0.84,9.911784031052534,crew_veh_h,550,0.003704596072590105,search-dependent,500
extraheavy_massdep_baseline,power_0.84,9.911784031052534,crew_team_h,MX2,0.0010668926805097456,search-dependent,300 325 380 425 500
extraheavy_massdep_baseline,power_0.84,9.911784031052534,shift_ot_h,500,0.011004085797381435,search-dependent,380 425 550
extraheavy_massdep_baseline,power_0.84,12.36931687685298,shift_h,500,0.02041202635097039,search-dependent,380 425 550
extraheavy_massdep_baseline,power_0.84,12.36931687685298,crew_veh_h,500,0.0006832342565141758,search-dependent,425 550
extraheavy_massdep_baseline,power_0.84,12.36931687685298,crew_team_h,MX2,0.001850058858130721,search-dependent,300 325 380 425 500 MX1
extraheavy_massdep_baseline,power_0.84,12.36931687685298,shift_ot_h,500,0.014383569832181697,search-dependent,380 425 550
extraheavy_massdep_baseline,power_0.84,15.436171684196077,shift_h,500,0.02401487091166321,search-dependent,380 425 550
extraheavy_massdep_baseline,power_0.84,15.436171684196077,crew_veh_h,500,0.005561672119594574,search-dependent,425 550
extraheavy_massdep_baseline,power_0.84,15.436171684196077,crew_team_h,MX2,0.0027271618677446874,search-dependent,300 325 380 425 500 MX1
extraheavy_massdep_baseline,power_0.84,15.436171684196077,shift_ot_h,500,0.018182514766800884,search-dependent,380 425 550
extraheavy_massdep_baseline,power_0.84,19.26342405455451,shift_h,500,0.027971032461142187,search-dependent,325 380 425 550 MX2
extraheavy_massdep_baseline,power_0.84,19.26342405455451,crew_veh_h,500,0.01089746855812157,search-dependent,380 425 550
extraheavy_massdep_baseline,power_0.84,19.26342405455451,crew_team_h,MX2,0.0036909284500075135,search-dependent,300 325 380 425 MX1
extraheavy_massdep_baseline,power_0.84,19.26342405455451,shift_ot_h,500,0.022374111309310107,search-dependent,380 425 550 MX2
extraheavy_massdep_baseline,power_0.84,24.039607351964708,shift_h,500,0.02266976140732213,search-dependent,325 380 425 550 MX2
extraheavy_massdep_baseline,power_0.84,24.039607351964708,crew_veh_h,500,0.007568658939774986,search-dependent,380 425 550 MX2
extraheavy_massdep_baseline,power_0.84,24.039607351964708,crew_team_h,MX2,0.004727999568557628,search-dependent,300 325 380 MX1
extraheavy_massdep_baseline,power_0.84,24.039607351964708,shift_ot_h,500,0.02483122102930757,search-dependent,325 380 425 550 MX2
extraheavy_massdep_baseline,power_0.84,30.000000000000004,shift_h,500,0.01039576919195806,search-dependent,325 380 425 550 MX2
extraheavy_massdep_baseline,power_0.84,30.000000000000004,crew_veh_h,MX2,0.0016095526153494522,search-dependent,380 425 500 550
extraheavy_massdep_baseline,power_0.84,30.000000000000004,crew_team_h,MX2,0.005819131754796869,search-dependent,300 325 380 MX1
extraheavy_massdep_baseline,power_0.84,30.000000000000004,shift_ot_h,500,0.012740959412140596,search-dependent,325 380 425 550 MX2
extraheavy_massdep_baseline,power_0.96,5.1,shift_h,500,0.012058839371299035,search-dependent,380 425 550
extraheavy_massdep_baseline,power_0.96,5.1,crew_veh_h,550,0.011345342347052645,search-dependent,500
extraheavy_massdep_baseline,power_0.96,5.1,crew_team_h,380,0.0010934842883454365,search-dependent,300 325 425 500 550 MX2
extraheavy_massdep_baseline,power_0.96,5.1,shift_ot_h,500,0.005507516338655316,search-dependent,380 425 550
extraheavy_massdep_baseline,power_0.96,6.364496630910889,shift_h,500,0.014593331080456462,search-dependent,380 425 550
extraheavy_massdep_baseline,power_0.96,6.364496630910889,crew_veh_h,550,0.007921537151142743,search-dependent,500
extraheavy_massdep_baseline,power_0.96,6.364496630910889,crew_team_h,325,0.0005882145077740208,search-dependent,300 380 425 500 MX2
extraheavy_massdep_baseline,power_0.96,6.364496630910889,shift_ot_h,500,0.008118336822356964,search-dependent,380 425 550
extraheavy_massdep_baseline,power_0.96,7.9425132087992285,shift_h,500,0.01754890235812656,search-dependent,380 425 550
extraheavy_massdep_baseline,power_0.96,7.9425132087992285,crew_veh_h,550,0.0039679335383262515,search-dependent,500
extraheavy_massdep_baseline,power_0.96,7.9425132087992285,crew_team_h,325,9.292368828184294e-05,search-dependent,300 380 425 500 MX2
extraheavy_massdep_baseline,power_0.96,7.9425132087992285,shift_ot_h,500,0.011172114399774724,search-dependent,380 425 550
extraheavy_massdep_baseline,power_0.96,9.911784031052534,shift_h,500,0.020948673144713492,search-dependent,380 425 550
extraheavy_massdep_baseline,power_0.96,9.911784031052534,crew_veh_h,500,0.0005289898677676153,search-dependent,425 550
extraheavy_massdep_baseline,power_0.96,9.911784031052534,crew_team_h,MX2,0.0004983610165840702,search-dependent,300 325 380 425
extraheavy_massdep_baseline,power_0.96,9.911784031052534,shift_ot_h,500,0.014697156806317446,search-dependent,380 425 550
extraheavy_massdep_baseline,power_0.96,12.36931687685298,shift_h,500,0.024798395169362886,search-dependent,380 425 550
extraheavy_massdep_baseline,power_0.96,12.36931687685298,crew_veh_h,500,0.005586619781534408,search-dependent,425 550
extraheavy_massdep_baseline,power_0.96,12.36931687685298,crew_team_h,MX2,0.001170692536490714,search-dependent,300 325 380 425 MX1
extraheavy_massdep_baseline,power_0.96,12.36931687685298,shift_ot_h,500,0.01870471419354791,search-dependent,380 425 550
extraheavy_massdep_baseline,power_0.96,15.436171684196077,shift_h,500,0.029080772196532045,search-dependent,325 380 425 550 MX2
extraheavy_massdep_baseline,power_0.96,15.436171684196077,crew_veh_h,500,0.011191936440714256,search-dependent,380 425 550
extraheavy_massdep_baseline,power_0.96,15.436171684196077,crew_team_h,MX2,0.0019221038469994234,search-dependent,300 325 380 MX1
extraheavy_massdep_baseline,power_0.96,15.436171684196077,shift_ot_h,500,0.023182737963207467,search-dependent,380 425 550 MX2
extraheavy_massdep_baseline,power_0.96,19.26342405455451,shift_h,500,0.020459464695605112,search-dependent,325 380 425 550 MX2
extraheavy_massdep_baseline,power_0.96,19.26342405455451,crew_veh_h,500,0.004426884029569811,search-dependent,380 425 550 MX2
extraheavy_massdep_baseline,power_0.96,19.26342405455451,crew_team_h,MX2,0.00274586156629697,search-dependent,300 325 380 MX1
extraheavy_massdep_baseline,power_0.96,19.26342405455451,shift_ot_h,500,0.02281396142137937,search-dependent,325 380 425 550 MX2
extraheavy_massdep_baseline,power_0.96,24.039607351964708,shift_h,500,0.0070700493594051395,search-dependent,325 380 425 550 MX2
extraheavy_massdep_baseline,power_0.96,24.039607351964708,crew_veh_h,MX2,0.0033467093948040816,search-dependent,380 425 500 550
extraheavy_massdep_baseline,power_0.96,24.039607351964708,crew_team_h,MX2,0.003630062817059798,search-dependent,270 300 325 380 MX1
extraheavy_massdep_baseline,power_0.96,24.039607351964708,shift_ot_h,500,0.009666866657256357,search-dependent,325 380 425 550 MX2
extraheavy_massdep_baseline,power_0.96,30.000000000000004,shift_h,380,0.006944870246852419,search-dependent,325 425 500 550 MX2
extraheavy_massdep_baseline,power_0.96,30.000000000000004,crew_veh_h,MX2,0.008542979119848582,search-dependent,380 425 500
extraheavy_massdep_baseline,power_0.96,30.000000000000004,crew_team_h,MX2,0.004557890469774062,search-dependent,270 300 325 380 MX1
extraheavy_massdep_baseline,power_0.96,30.000000000000004,shift_ot_h,380,0.004142453206257057,search-dependent,325 425 500 550 MX2
extraheavy_massdep_tight,affine,5.1,shift_h,500,0.009671139250002181,search-dependent,380 425 550
extraheavy_massdep_tight,affine,5.1,crew_veh_h,550,0.012437139736520164,search-dependent,500
extraheavy_massdep_tight,affine,5.1,crew_team_h,380,0.0014568653217819083,search-dependent,300 325 425 500 550 MX2
extraheavy_massdep_tight,affine,5.1,shift_ot_h,500,0.007973395269017525,search-dependent,380 425 550
extraheavy_massdep_tight,affine,6.364496630910889,shift_h,500,0.011734393110204078,search-dependent,380 425 550
extraheavy_massdep_tight,affine,6.364496630910889,crew_veh_h,550,0.00933588707416666,search-dependent,500
extraheavy_massdep_tight,affine,6.364496630910889,crew_team_h,380,0.00111220027086123,search-dependent,300 325 425 500 550 MX2
extraheavy_massdep_tight,affine,6.364496630910889,shift_ot_h,500,0.010058604921282965,search-dependent,380 425 550
extraheavy_massdep_tight,affine,7.9425132087992285,shift_h,500,0.014154104324551886,search-dependent,380 425 550
extraheavy_massdep_tight,affine,7.9425132087992285,crew_veh_h,550,0.005753120947061152,search-dependent,500
extraheavy_massdep_tight,affine,7.9425132087992285,crew_team_h,325,0.0002815890790446307,search-dependent,300 380 425 500 MX2
extraheavy_massdep_tight,affine,7.9425132087992285,shift_ot_h,500,0.01250586895618655,search-dependent,380 425 550
extraheavy_massdep_tight,affine,9.911784031052534,shift_h,500,0.016955849032492365,search-dependent,380 425 550
extraheavy_massdep_tight,affine,9.911784031052534,crew_veh_h,550,0.0016761296740479548,search-dependent,500
extraheavy_massdep_tight,affine,9.911784031052534,crew_team_h,325,0.0018822757183558636,search-dependent,300 380 425 500 MX2
extraheavy_massdep_tight,affine,9.911784031052534,shift_ot_h,500,0.01534195225817836,search-dependent,380 425 550
extraheavy_massdep_tight,affine,12.36931687685298,shift_h,500,0.02015237746979026,search-dependent,380 425 550
extraheavy_massdep_tight,affine,12.36931687685298,crew_veh_h,500,0.002892623850727638,search-dependent,425 550
extraheavy_massdep_tight,affine,12.36931687685298,crew_team_h,325,0.001491283910167951,search-dependent,300 380 425 500 MX2
extraheavy_massdep_tight,affine,12.36931687685298,shift_ot_h,500,0.01858085448075819,search-dependent,380 425 550
extraheavy_massdep_tight,affine,15.436171684196077,shift_h,500,0.023738434783815432,search-dependent,380 425 550
extraheavy_massdep_tight,affine,15.436171684196077,crew_veh_h,500,0.007951208884127148,search-dependent,380 425 550
extraheavy_massdep_tight,affine,15.436171684196077,crew_team_h,325,0.00019400864827656683,search-dependent,300 380 425 MX1 MX2
extraheavy_massdep_tight,affine,15.436171684196077,shift_ot_h,500,0.022218510782737955,search-dependent,380 425 550
extraheavy_massdep_tight,affine,19.26342405455451,shift_h,500,0.02690817763562592,search-dependent,325 380 425 550 MX2
extraheavy_massdep_tight,affine,19.26342405455451,crew_veh_h,500,0.0134437083052108,search-dependent,380 425 550
extraheavy_massdep_tight,affine,19.26342405455451,crew_team_h,MX2,0.0012208711809686967,search-dependent,300 325 380 425 MX1
extraheavy_massdep_tight,affine,19.26342405455451,shift_ot_h,500,0.02622815266174583,search-dependent,325 380 425 550 MX2
extraheavy_massdep_tight,affine,24.039607351964708,shift_h,500,0.01566993555335916,search-dependent,325 380 425 550 MX2
extraheavy_massdep_tight,affine,24.039607351964708,crew_veh_h,500,0.003032092868723524,search-dependent,380 425 550 MX2
extraheavy_massdep_tight,affine,24.039607351964708,crew_team_h,MX2,0.0027338067952193956,search-dependent,300 325 380 MX1
extraheavy_massdep_tight,affine,24.039607351964708,shift_ot_h,500,0.018038821939001526,search-dependent,325 380 425 550 MX2
extraheavy_massdep_tight,affine,30.000000000000004,shift_h,500,0.0038198601978489677,search-dependent,325 380 425 550 MX2
extraheavy_massdep_tight,affine,30.000000000000004,crew_veh_h,380,0.008725615757082528,search-dependent,425 500 550 MX2
extraheavy_massdep_tight,affine,30.000000000000004,crew_team_h,MX2,0.004315058211459943,search-dependent,300 325 380 MX1
extraheavy_massdep_tight,affine,30.000000000000004,shift_ot_h,500,0.006079708043093879,search-dependent,325 380 425 550 MX2
extraheavy_massdep_tight,piecewise,5.1,shift_h,500,0.010457016795983876,search-dependent,380 425 550
extraheavy_massdep_tight,piecewise,5.1,crew_veh_h,550,0.011423114929802747,search-dependent,500
extraheavy_massdep_tight,piecewise,5.1,crew_team_h,380,0.0011207899036693725,search-dependent,300 325 425 500 550 MX2
extraheavy_massdep_tight,piecewise,5.1,shift_ot_h,500,0.008756037741579403,search-dependent,380 425 550
extraheavy_massdep_tight,piecewise,6.364496630910889,shift_h,500,0.012677698095920897,search-dependent,380 425 550
extraheavy_massdep_tight,piecewise,6.364496630910889,crew_veh_h,550,0.008135191855280999,search-dependent,500
extraheavy_massdep_tight,piecewise,6.364496630910889,crew_team_h,325,0.0003218145961905172,search-dependent,300 380 425 500 550 MX2
extraheavy_massdep_tight,piecewise,6.364496630910889,shift_ot_h,500,0.010998330291316138,search-dependent,380 425 550
extraheavy_massdep_tight,piecewise,7.9425132087992285,shift_h,500,0.01527747532827739,search-dependent,380 425 550
extraheavy_massdep_tight,piecewise,7.9425132087992285,crew_veh_h,550,0.004345658159563559,search-dependent,500
extraheavy_massdep_tight,piecewise,7.9425132087992285,crew_team_h,325,0.0020004975502676547,search-dependent,300 380 425 500 MX2
extraheavy_massdep_tight,piecewise,7.9425132087992285,shift_ot_h,500,0.013625389881150252,search-dependent,380 425 550
extraheavy_massdep_tight,piecewise,9.911784031052534,shift_h,500,0.01828158424203874,search-dependent,380 425 550
extraheavy_massdep_tight,piecewise,9.911784031052534,crew_veh_h,550,4.4921157486443875e-05,search-dependent,500
extraheavy_massdep_tight,piecewise,9.911784031052534,crew_team_h,325,0.0022791196265403713,search-dependent,300 380 425 500 MX2
extraheavy_massdep_tight,piecewise,9.911784031052534,shift_ot_h,500,0.016663689740666232,search-dependent,380 425 550
extraheavy_massdep_tight,piecewise,12.36931687685298,shift_h,500,0.02170098164663803,search-dependent,380 425 550
extraheavy_massdep_tight,piecewise,12.36931687685298,crew_veh_h,500,0.004773947999069383,search-dependent,425 550
extraheavy_massdep_tight,piecewise,12.36931687685298,crew_team_h,325,0.001045897212458291,search-dependent,300 380 425 MX1 MX2
extraheavy_massdep_tight,piecewise,12.36931687685298,shift_ot_h,500,0.02012548728033514,search-dependent,380 425 550
extraheavy_massdep_tight,piecewise,15.436171684196077,shift_h,500,0.025526943980766603,search-dependent,380 425 550 MX2
extraheavy_massdep_tight,piecewise,15.436171684196077,crew_veh_h,500,0.010097599520595413,search-dependent,380 425 550
extraheavy_massdep_tight,piecewise,15.436171684196077,crew_team_h,MX2,0.0003234560250924279,search-dependent,300 325 380 MX1
extraheavy_massdep_tight,piecewise,15.436171684196077,shift_ot_h,500,0.024003293448589202,search-dependent,380 425 550
extraheavy_massdep_tight,piecewise,19.26342405455451,shift_h,500,0.021521807368297674,search-dependent,325 380 425 550 MX2
extraheavy_massdep_tight,piecewise,19.26342405455451,crew_veh_h,500,0.008503803625375062,search-dependent,380 425 550
extraheavy_massdep_tight,piecewise,19.26342405455451,crew_team_h,MX2,0.001816893105494044,search-dependent,300 325 380 MX1
extraheavy_massdep_tight,piecewise,19.26342405455451,shift_ot_h,500,0.02400114131193054,search-dependent,325 380 425 550 MX2
extraheavy_massdep_tight,piecewise,24.039607351964708,shift_h,500,0.009604865002838192,search-dependent,325 380 425 550 MX2
extraheavy_massdep_tight,piecewise,24.039607351964708,crew_veh_h,380,0.0034377900904072334,search-dependent,425 500 550 MX2
extraheavy_massdep_tight,piecewise,24.039607351964708,crew_team_h,MX2,0.0034123282052560544,search-dependent,300 325 380 MX1
extraheavy_massdep_tight,piecewise,24.039607351964708,shift_ot_h,500,0.011996205710543162,search-dependent,325 380 425 550 MX2
extraheavy_massdep_tight,piecewise,30.000000000000004,shift_h,380,0.0029268566797051587,search-dependent,325 425 500 550 MX2
extraheavy_massdep_tight,piecewise,30.000000000000004,crew_veh_h,380,0.010498081006353965,search-dependent,325 425 500 550 MX2
extraheavy_massdep_tight,piecewise,30.000000000000004,crew_team_h,MX2,0.005078100859459145,search-dependent,300 325 380 MX1
extraheavy_massdep_tight,piecewise,30.000000000000004,shift_ot_h,380,0.0006382105251316883,search-dependent,325 425 500 550 MX2
extraheavy_massdep_tight,power_0.72,5.1,shift_h,500,0.00784670892747008,search-dependent,380 425 550
extraheavy_massdep_tight,power_0.72,5.1,crew_veh_h,550,0.014707909089577642,certain,
extraheavy_massdep_tight,power_0.72,5.1,crew_team_h,500,0.0016481122833329476,search-dependent,300 325 380 425 550
extraheavy_massdep_tight,power_0.72,5.1,shift_ot_h,500,0.006162792149869034,search-dependent,380 425 550
extraheavy_massdep_tight,power_0.72,6.364496630910889,shift_h,500,0.009531176296523114,search-dependent,380 425 550
extraheavy_massdep_tight,power_0.72,6.364496630910889,crew_veh_h,550,0.012046214303800928,search-dependent,500
extraheavy_massdep_tight,power_0.72,6.364496630910889,crew_team_h,380,0.0015994780877643944,search-dependent,300 325 425 500 550 MX2
extraheavy_massdep_tight,power_0.72,6.364496630910889,shift_ot_h,500,0.007871443567238234,search-dependent,380 425 550
extraheavy_massdep_tight,power_0.72,7.9425132087992285,shift_h,500,0.011511372823965749,search-dependent,380 425 550
extraheavy_massdep_tight,power_0.72,7.9425132087992285,crew_veh_h,550,0.00896019296599948,search-dependent,500
extraheavy_massdep_tight,power_0.72,7.9425132087992285,crew_team_h,380,0.0017774415000308963,search-dependent,300 325 425 500 550 MX2
extraheavy_massdep_tight,power_0.72,7.9425132087992285,shift_ot_h,500,0.009881503634354916,search-dependent,380 425 550
extraheavy_massdep_tight,power_0.72,9.911784031052534,shift_h,500,0.01381059091660286,search-dependent,380 425 550
extraheavy_massdep_tight,power_0.72,9.911784031052534,crew_veh_h,550,0.005433962464817421,search-dependent,500
extraheavy_massdep_tight,power_0.72,9.911784031052534,crew_team_h,380,0.0005694082183198557,search-dependent,300 325 425 500 550 MX2
extraheavy_massdep_tight,power_0.72,9.911784031052534,shift_ot_h,500,0.012217342625185257,search-dependent,380 425 550
extraheavy_massdep_tight,power_0.72,12.36931687685298,shift_h,500,0.01644218350450788,search-dependent,380 425 550
extraheavy_massdep_tight,power_0.72,12.36931687685298,crew_veh_h,550,0.0014711980925672385,search-dependent,500
extraheavy_massdep_tight,power_0.72,12.36931687685298,crew_team_h,MX2,0.00042299835526837803,search-dependent,300 325 380 425 500 550
extraheavy_massdep_tight,power_0.72,12.36931687685298,shift_ot_h,500,0.014893420039911565,search-dependent,380 425 550
extraheavy_massdep_tight,power_0.72,15.436171684196077,shift_h,500,0.019405172319911568,search-dependent,380 425 550
extraheavy_massdep_tight,power_0.72,15.436171684196077,crew_veh_h,500,0.0029081820169105654,search-dependent,425 550
extraheavy_massdep_tight,power_0.72,15.436171684196077,crew_team_h,MX2,0.0020572510331100524,search-dependent,300 325 380 425 500 MX1
extraheavy_massdep_tight,power_0.72,15.436171684196077,shift_ot_h,500,0.017909783905393217,search-dependent,380 425 550
extraheavy_massdep_tight,power_0.72,19.26342405455451,shift_h,500,0.0226802752829407,search-dependent,380 425 550
extraheavy_massdep_tight,power_0.72,19.26342405455451,crew_veh_h,500,0.007681277408498888,search-dependent,380 425 550
extraheavy_massdep_tight,power_0.72,19.26342405455451,crew_team_h,MX2,0.0038450459293073447,search-dependent,300 325 380 425 500 MX1
extraheavy_massdep_tight,power_0.72,19.26342405455451,shift_ot_h,500,0.02124794403360708,search-dependent,380 425 550
extraheavy_massdep_tight,power_0.72,24.039607351964708,shift_h,500,0.02622732775374992,search-dependent,325 380 425 550 MX2
extraheavy_massdep_tight,power_0.72,24.039607351964708,crew_veh_h,500,0.012775092856174286,search-dependent,380 425 550
extraheavy_massdep_tight,power_0.72,24.039607351964708,crew_team_h,MX2,0.005759607371777387,search-dependent,300 325 380 425 500 MX1
extraheavy_massdep_tight,power_0.72,24.039607351964708,shift_ot_h,500,0.02486810732030098,search-dependent,325 380 425 550 MX2
extraheavy_massdep_tight,power_0.72,30.000000000000004,shift_h,500,0.016744298513799993,search-dependent,325 380 425 550 MX2
extraheavy_massdep_tight,power_0.72,30.000000000000004,crew_veh_h,500,0.005136680720579934,search-dependent,380 425 550 MX2
extraheavy_massdep_tight,power_0.72,30.000000000000004,crew_team_h,MX2,0.007763736965966883,search-dependent,300 325 380 MX1
extraheavy_massdep_tight,power_0.72,30.000000000000004,shift_ot_h,500,0.018944426996023722,search-dependent,325 380 425 550 MX2
extraheavy_massdep_tight,power_0.84,5.1,shift_h,500,0.009830941586159714,search-dependent,380 425 550
extraheavy_massdep_tight,power_0.84,5.1,crew_veh_h,550,0.012165495730040332,search-dependent,500
extraheavy_massdep_tight,power_0.84,5.1,crew_team_h,380,0.00113702004009264,search-dependent,300 325 425 500 550 MX2
extraheavy_massdep_tight,power_0.84,5.1,shift_ot_h,500,0.00813680866074562,search-dependent,380 425 550
extraheavy_massdep_tight,power_0.84,6.364496630910889,shift_h,500,0.01191985696753961,search-dependent,380 425 550
extraheavy_massdep_tight,power_0.84,6.364496630910889,crew_veh_h,550,0.009023949086945926,search-dependent,500
extraheavy_massdep_tight,power_0.84,6.364496630910889,crew_team_h,325,0.0003013102964093406,search-dependent,300 380 425 500 550 MX2
extraheavy_massdep_tight,power_0.84,6.364496630910889,shift_ot_h,500,0.010248526902983501,search-dependent,380 425 550
extraheavy_massdep_tight,power_0.84,7.9425132087992285,shift_h,500,0.014365904026462095,search-dependent,380 425 550
extraheavy_massdep_tight,power_0.84,7.9425132087992285,crew_veh_h,550,0.005401106822894963,search-dependent,500
extraheavy_massdep_tight,power_0.84,7.9425132087992285,crew_team_h,325,0.0019745718655845845,search-dependent,300 380 425 500 MX2
extraheavy_massdep_tight,power_0.84,7.9425132087992285,shift_ot_h,500,0.012723136862434314,search-dependent,380 425 550
extraheavy_massdep_tight,power_0.84,9.911784031052534,shift_h,500,0.017193085622921656,search-dependent,380 425 550
extraheavy_massdep_tight,power_0.84,9.911784031052534,crew_veh_h,550,0.0012869294638535589,search-dependent,500
extraheavy_massdep_tight,power_0.84,9.911784031052534,crew_team_h,325,0.0008630903684712088,search-dependent,300 380 425 500 MX2
extraheavy_massdep_tight,power_0.84,9.911784031052534,shift_ot_h,500,0.015585836864723701,search-dependent,380 425 550
extraheavy_massdep_tight,power_0.84,12.36931687685298,shift_h,500,0.02041202635097039,search-dependent,380 425 550
extraheavy_massdep_tight,power_0.84,12.36931687685298,crew_veh_h,500,0.0033154482646300387,search-dependent,425 550
extraheavy_massdep_tight,power_0.84,12.36931687685298,crew_team_h,MX2,0.0006276445813948595,search-dependent,300 325 380 425 MX1
extraheavy_massdep_tight,power_0.84,12.36931687685298,shift_ot_h,500,0.01884849241637032,search-dependent,380 425 550
extraheavy_massdep_tight,power_0.84,15.436171684196077,shift_h,500,0.02401487091166299,search-dependent,380 425 550
extraheavy_massdep_tight,power_0.84,15.436171684196077,crew_veh_h,500,0.008399883293289001,search-dependent,380 425 550
extraheavy_massdep_tight,power_0.84,15.436171684196077,crew_team_h,MX2,0.0022866116781512513,search-dependent,300 325 380 MX1
extraheavy_massdep_tight,power_0.84,15.436171684196077,shift_ot_h,500,0.022504407482902833,search-dependent,380 425 550
extraheavy_massdep_tight,power_0.84,19.26342405455451,shift_h,500,0.024001269849220908,search-dependent,325 380 425 550 MX2
extraheavy_massdep_tight,power_0.84,19.26342405455451,crew_veh_h,500,0.01121629473904795,search-dependent,380 425 550
extraheavy_massdep_tight,power_0.84,19.26342405455451,crew_team_h,MX2,0.0040977377092434875,search-dependent,300 325 380 MX1
extraheavy_massdep_tight,power_0.84,19.26342405455451,shift_ot_h,500,0.02646104036368646,search-dependent,325 380 425 550 MX2
extraheavy_massdep_tight,power_0.84,24.039607351964708,shift_h,500,0.012443063793248887,search-dependent,325 380 425 550 MX2
extraheavy_massdep_tight,power_0.84,24.039607351964708,crew_veh_h,380,0.00034542169505447085,search-dependent,425 500 550 MX2
extraheavy_massdep_tight,power_0.84,24.039607351964708,crew_team_h,MX2,0.006033005248613721,search-dependent,300 325 380 MX1
extraheavy_massdep_tight,power_0.84,24.039607351964708,shift_ot_h,500,0.01481389491099061,search-dependent,325 380 425 550 MX2
extraheavy_massdep_tight,power_0.84,30.000000000000004,shift_h,500,0.0002918115000385413,search-dependent,325 380 425 550 MX2
extraheavy_massdep_tight,power_0.84,30.000000000000004,crew_veh_h,380,0.007974360191900454,search-dependent,325 425 500 550 MX2
extraheavy_massdep_tight,power_0.84,30.000000000000004,crew_team_h,MX2,0.008054084410021867,search-dependent,300 325 380 MX1
extraheavy_massdep_tight,power_0.84,30.000000000000004,shift_ot_h,500,0.0025513362176801113,search-dependent,325 380 425 550 MX2
extraheavy_massdep_tight,power_0.96,5.1,shift_h,500,0.012058839371299035,search-dependent,380 425 550
extraheavy_massdep_tight,power_0.96,5.1,crew_veh_h,550,0.00934680021718659,search-dependent,500
extraheavy_massdep_tight,power_0.96,5.1,crew_team_h,300,1.514171193983671e-05,search-dependent,325 380 425 500 MX2
extraheavy_massdep_tight,power_0.96,5.1,shift_ot_h,500,0.010352789638615523,search-dependent,380 425 550
extraheavy_massdep_tight,power_0.96,6.364496630910889,shift_h,500,0.014593331080456684,search-dependent,380 425 550
extraheavy_massdep_tight,power_0.96,6.364496630910889,crew_veh_h,550,0.005688267912702383,search-dependent,500
extraheavy_massdep_tight,power_0.96,6.364496630910889,crew_team_h,325,8.64207801638539e-05,search-dependent,300 380 425 500 MX2
extraheavy_massdep_tight,power_0.96,6.364496630910889,shift_ot_h,500,0.0129085821246826,search-dependent,380 425 550
extraheavy_massdep_tight,power_0.96,7.9425132087992285,shift_h,500,0.01754890235812656,search-dependent,380 425 550
extraheavy_massdep_tight,power_0.96,7.9425132087992285,crew_veh_h,550,0.0014931239608000357,search-dependent,500
extraheavy_massdep_tight,power_0.96,7.9425132087992285,crew_team_h,325,0.0002045234423277975,search-dependent,300 380 425 MX2
extraheavy_massdep_tight,power_0.96,7.9425132087992285,shift_ot_h,500,0.015891356429865056,search-dependent,380 425 550
extraheavy_massdep_tight,power_0.96,9.911784031052534,shift_h,500,0.020948673144713492,search-dependent,380 425 550
extraheavy_massdep_tight,power_0.96,9.911784031052534,crew_veh_h,500,0.0032507579635507877,search-dependent,425 550
extraheavy_massdep_tight,power_0.96,9.911784031052534,crew_team_h,325,0.0003399344601258125,search-dependent,300 380 MX1 MX2
extraheavy_massdep_tight,power_0.96,9.911784031052534,shift_ot_h,500,0.019325569695363365,search-dependent,380 425 550
extraheavy_massdep_tight,power_0.96,12.36931687685298,shift_h,500,0.024798395169362886,search-dependent,380 425 550
extraheavy_massdep_tight,power_0.96,12.36931687685298,crew_veh_h,500,0.008557030010238886,search-dependent,380 425 550
extraheavy_massdep_tight,power_0.96,12.36931687685298,crew_team_h,MX2,0.0004632056304973986,search-dependent,300 325 380 MX1
extraheavy_massdep_tight,power_0.96,12.36931687685298,shift_ot_h,500,0.02321836866415672,search-dependent,380 425 550
extraheavy_massdep_tight,power_0.96,15.436171684196077,shift_h,500,0.022673632795245702,search-dependent,325 380 425 550 MX2
extraheavy_massdep_tight,power_0.96,15.436171684196077,crew_veh_h,500,0.009063337508339542,search-dependent,380 425 550
extraheavy_massdep_tight,power_0.96,15.436171684196077,crew_team_h,MX2,0.0020820939402688143,search-dependent,300 325 380 MX1
extraheavy_massdep_tight,power_0.96,15.436171684196077,shift_ot_h,500,0.025263775239771746,search-dependent,325 380 425 550 MX2
extraheavy_massdep_tight,power_0.96,19.26342405455451,shift_h,500,0.01025487004864889,search-dependent,325 380 425 550 MX2
extraheavy_massdep_tight,power_0.96,19.26342405455451,crew_veh_h,380,0.0035495565138168317,search-dependent,425 500 550 MX2
extraheavy_massdep_tight,power_0.96,19.26342405455451,crew_team_h,MX2,0.003845589444058106,search-dependent,300 325 380 MX1
extraheavy_massdep_tight,power_0.96,19.26342405455451,shift_ot_h,500,0.012776951495695021,search-dependent,325 380 425 550 MX2
extraheavy_massdep_tight,power_0.96,24.039607351964708,shift_h,380,0.003009682140316716,search-dependent,325 425 500 550 MX2
extraheavy_massdep_tight,power_0.96,24.039607351964708,crew_veh_h,380,0.007674689077461716,search-dependent,325 425 500 550 MX2
extraheavy_massdep_tight,power_0.96,24.039607351964708,crew_team_h,MX2,0.0057255057695477785,search-dependent,300 325 380 MX1
extraheavy_massdep_tight,power_0.96,24.039607351964708,shift_ot_h,380,0.0005701860267146586,search-dependent,325 425 500 550 MX2
extraheavy_massdep_tight,power_0.96,30.000000000000004,shift_h,380,0.017116030552376094,search-dependent,325 425 500 550 MX1 MX2
extraheavy_massdep_tight,power_0.96,30.000000000000004,crew_veh_h,MX2,0.00036000273417324813,search-dependent,325 380 425 500
extraheavy_massdep_tight,power_0.96,30.000000000000004,crew_team_h,MX2,0.007683882982751689,search-dependent,300 325 380 MX1
extraheavy_massdep_tight,power_0.96,30.000000000000004,shift_ot_h,380,0.014726730718481074,search-dependent,325 425 500 550 MX1 MX2
extraheavy_short_baseline,affine,5.1,shift_h,550,0.1570883011747839,search-dependent,380 425 500 MX2
extraheavy_short_baseline,affine,5.1,crew_veh_h,MX2,0.022671311964833185,search-dependent,550
extraheavy_short_baseline,affine,5.1,crew_team_h,MX2,0.016886066199452987,search-dependent,500
extraheavy_short_baseline,affine,5.1,shift_ot_h,550,0.12222040529312839,search-dependent,380 425 500 MX2
extraheavy_short_baseline,affine,6.364496630910889,shift_h,550,0.14803964213165965,search-dependent,380 425 500 MX2
extraheavy_short_baseline,affine,6.364496630910889,crew_veh_h,MX2,0.02651369639172141,search-dependent,550
extraheavy_short_baseline,affine,6.364496630910889,crew_team_h,MX2,0.02471616294181911,search-dependent,425 500
extraheavy_short_baseline,affine,6.364496630910889,shift_ot_h,550,0.11470258862524685,search-dependent,380 425 500 MX2
extraheavy_short_baseline,affine,7.9425132087992285,shift_h,550,0.13747460360945318,search-dependent,380 425 500 MX2
extraheavy_short_baseline,affine,7.9425132087992285,crew_veh_h,MX2,0.031041805483309703,search-dependent,550
extraheavy_short_baseline,affine,7.9425132087992285,crew_team_h,MX2,0.029257120371292578,search-dependent,425 500 550
extraheavy_short_baseline,affine,7.9425132087992285,shift_ot_h,550,0.10588886601100178,search-dependent,380 425 500 MX2
extraheavy_short_baseline,affine,9.911784031052534,shift_h,550,0.12530432492439592,search-dependent,380 425 500 MX2
extraheavy_short_baseline,affine,9.911784031052534,crew_veh_h,MX2,0.036314594138145306,search-dependent,550
extraheavy_short_baseline,affine,9.911784031052534,crew_team_h,MX2,0.030678720663767534,search-dependent,380 425 550
extraheavy_short_baseline,affine,9.911784031052534,shift_ot_h,550,0.09568751680670728,search-dependent,380 425 500 MX2
extraheavy_short_baseline,affine,12.36931687685298,shift_h,550,0.11150081785959998,search-dependent,380 425 500 MX2
extraheavy_short_baseline,affine,12.36931687685298,crew_veh_h,MX2,0.042369720600926364,search-dependent,550
extraheavy_short_baseline,affine,12.36931687685298,crew_team_h,MX2,0.03095164220469515,search-dependent,380 425 550
extraheavy_short_baseline,affine,12.36931687685298,shift_ot_h,550,0.08405386489349675,search-dependent,380 425 500 MX2
extraheavy_short_baseline,affine,15.436171684196077,shift_h,550,0.09611781269699926,search-dependent,380 425 500 MX2
extraheavy_short_baseline,affine,15.436171684196077,crew_veh_h,MX2,0.04921318942803654,search-dependent,550
extraheavy_short_baseline,affine,15.436171684196077,crew_team_h,MX2,0.03125773371602558,search-dependent,300 380 425 550
extraheavy_short_baseline,affine,15.436171684196077,shift_ot_h,550,0.07100904278014797,search-dependent,380 425 500 MX2
extraheavy_short_baseline,affine,19.26342405455451,shift_h,550,0.07930693628089891,search-dependent,380 425 500 MX2
extraheavy_short_baseline,affine,19.26342405455451,crew_veh_h,MX2,0.056809547962207496,search-dependent,550
extraheavy_short_baseline,affine,19.26342405455451,crew_team_h,MX2,0.03159459953478483,search-dependent,300 325 380 425 550 MX1
extraheavy_short_baseline,affine,19.26342405455451,shift_ot_h,550,0.05665605330259749,search-dependent,380 425 500 MX2
extraheavy_short_baseline,affine,24.039607351964708,shift_h,550,0.061324186209541054,search-dependent,380 425 500 MX2
extraheavy_short_baseline,affine,24.039607351964708,crew_veh_h,MX2,0.06507484547437237,search-dependent,550
extraheavy_short_baseline,affine,24.039607351964708,crew_team_h,MX2,0.03195770944601439,search-dependent,300 325 380 425 550 MX1
extraheavy_short_baseline,affine,24.039607351964708,shift_ot_h,550,0.04118880402371117,search-dependent,300 380 425 500 MX2
extraheavy_short_baseline,affine,30.000000000000004,shift_h,550,0.04252242019971919,search-dependent,300 380 425 500 MX2
extraheavy_short_baseline,affine,30.000000000000004,crew_veh_h,MX2,0.07387478358199795,search-dependent,550
extraheavy_short_baseline,affine,30.000000000000004,crew_team_h,MX2,0.03093276913150733,search-dependent,300 325 380 425 550 MX1
extraheavy_short_baseline,affine,30.000000000000004,shift_ot_h,550,0.02488995935681415,search-dependent,300 325 380 425 500 MX1 MX2
extraheavy_short_baseline,piecewise,5.1,shift_h,550,0.15363737945572908,search-dependent,380 425 500 MX2
extraheavy_short_baseline,piecewise,5.1,crew_veh_h,MX2,0.025385191400326468,search-dependent,550
extraheavy_short_baseline,piecewise,5.1,crew_team_h,MX2,0.01978569719138834,search-dependent,500
extraheavy_short_baseline,piecewise,5.1,shift_ot_h,550,0.11913671789413893,search-dependent,380 425 500 MX2
extraheavy_short_baseline,piecewise,6.364496630910889,shift_h,550,0.1439149419637511,search-dependent,380 425 500 MX2
extraheavy_short_baseline,piecewise,6.364496630910889,crew_veh_h,MX2,0.0298040140160738,search-dependent,550
extraheavy_short_baseline,piecewise,6.364496630910889,crew_team_h,MX2,0.02714198512254473,search-dependent,500
extraheavy_short_baseline,piecewise,6.364496630910889,shift_ot_h,550,0.11100389858493598,search-dependent,380 425 500 MX2
extraheavy_short_baseline,piecewise,7.9425132087992285,shift_h,550,0.13258681381801307,search-dependent,380 425 500 MX2
extraheavy_short_baseline,piecewise,7.9425132087992285,crew_veh_h,MX2,0.03500693593925197,search-dependent,550
extraheavy_short_baseline,piecewise,7.9425132087992285,crew_team_h,MX2,0.03087327764510972,search-dependent,425
extraheavy_short_baseline,piecewise,7.9425132087992285,shift_ot_h,550,0.10148797467491222,search-dependent,380 425 500 MX2
extraheavy_short_baseline,piecewise,9.911784031052534,shift_h,550,0.11956891033701855,search-dependent,380 425 500 MX2
extraheavy_short_baseline,piecewise,9.911784031052534,crew_veh_h,MX2,0.041059390431331444,search-dependent,550
extraheavy_short_baseline,piecewise,9.911784031052534,crew_team_h,MX2,0.031197226991653393,search-dependent,380 425 550
extraheavy_short_baseline,piecewise,9.911784031052534,shift_ot_h,550,0.09049914344655363,search-dependent,380 425 500 MX2
extraheavy_short_baseline,piecewise,12.36931687685298,shift_h,550,0.10484456849571377,search-dependent,380 425 500 MX2
extraheavy_short_baseline,piecewise,12.36931687685298,crew_veh_h,MX2,0.048001747808101625,search-dependent,550
extraheavy_short_baseline,piecewise,12.36931687685298,crew_team_h,MX2,0.03156627101598897,search-dependent,380 425 550
extraheavy_short_baseline,piecewise,12.36931687685298,shift_ot_h,550,0.07800041833651172,search-dependent,380 425 500 MX2
extraheavy_short_baseline,piecewise,15.436171684196077,shift_h,550,0.08848590502174258,search-dependent,380 425 500 MX2
extraheavy_short_baseline,piecewise,15.436171684196077,crew_veh_h,MX2,0.0558375348767195,search-dependent,550
extraheavy_short_baseline,piecewise,15.436171684196077,crew_team_h,MX2,0.03197958834914094,search-dependent,300 325 380 425 550
extraheavy_short_baseline,piecewise,15.436171684196077,shift_ot_h,550,0.06402720219956803,search-dependent,380 425 500 MX2
extraheavy_short_baseline,piecewise,19.26342405455451,shift_h,550,0.07066944147539145,search-dependent,380 425 500 MX2
extraheavy_short_baseline,piecewise,19.26342405455451,crew_veh_h,MX2,0.06452245504998055,search-dependent,550
extraheavy_short_baseline,piecewise,19.26342405455451,crew_team_h,MX2,0.031873184587371206,search-dependent,300 325 380 425 550 MX1
extraheavy_short_baseline,piecewise,19.26342405455451,shift_ot_h,550,0.04870331017763174,search-dependent,380 425 500 MX2
extraheavy_short_baseline,piecewise,24.039607351964708,shift_h,550,0.05168073309370791,search-dependent,380 425 500 MX2
extraheavy_short_baseline,piecewise,24.039607351964708,crew_veh_h,MX2,0.07395675887953757,search-dependent,550
extraheavy_short_baseline,piecewise,24.039607351964708,crew_team_h,MX2,0.029018765421266135,search-dependent,300 325 380 425 550 MX1
extraheavy_short_baseline,piecewise,24.039607351964708,shift_ot_h,550,0.03224882110816729,search-dependent,300 380 425 500 MX2
extraheavy_short_baseline,piecewise,30.000000000000004,shift_h,550,0.03190383414072895,search-dependent,300 325 380 425 500 MX1 MX2
extraheavy_short_baseline,piecewise,30.000000000000004,crew_veh_h,MX2,0.07504386765713322,search-dependent,550
extraheavy_short_baseline,piecewise,30.000000000000004,crew_team_h,MX2,0.02601547169170826,search-dependent,300 325 380 425 550 MX1
extraheavy_short_baseline,piecewise,30.000000000000004,shift_ot_h,550,0.014975562028779255,search-dependent,300 325 380 425 500 MX1 MX2
extraheavy_short_baseline,power_0.72,5.1,shift_h,550,0.16235291012086783,search-dependent,380 425 500 MX2
extraheavy_short_baseline,power_0.72,5.1,crew_veh_h,MX2,0.018559497108892264,search-dependent,550
extraheavy_short_baseline,power_0.72,5.1,crew_team_h,MX2,0.013300247788622377,search-dependent,500 550
extraheavy_short_baseline,power_0.72,5.1,shift_ot_h,550,0.12692133411352136,search-dependent,380 425 500 MX2
extraheavy_short_baseline,power_0.72,6.364496630910889,shift_h,550,0.15434744195105665,search-dependent,380 425 500 MX2
extraheavy_short_baseline,power_0.72,6.364496630910889,crew_veh_h,MX2,0.021523537388838054,search-dependent,550
extraheavy_short_baseline,power_0.72,6.364496630910889,crew_team_h,MX2,0.02039176919203256,search-dependent,425 500 550
extraheavy_short_baseline,power_0.72,6.364496630910889,shift_ot_h,550,0.12035403127280331,search-dependent,380 425 500 MX2
extraheavy_short_baseline,power_0.72,7.9425132087992285,shift_h,550,0.14497060986180244,search-dependent,380 425 500 MX2
extraheavy_short_baseline,power_0.72,7.9425132087992285,crew_veh_h,MX2,0.025021131816713726,search-dependent,550
extraheavy_short_baseline,power_0.72,7.9425132087992285,crew_team_h,MX2,0.028596142791962986,search-dependent,425 500 550
extraheavy_short_baseline,power_0.72,7.9425132087992285,shift_ot_h,550,0.11263139377332831,search-dependent,380 425 500 MX2
extraheavy_short_baseline,power_0.72,9.911784031052534,shift_h,550,0.13412907116199335,search-dependent,380 425 500 MX2
extraheavy_short_baseline,power_0.72,9.911784031052534,crew_veh_h,MX2,0.029100190644345325,search-dependent,550
extraheavy_short_baseline,power_0.72,9.911784031052534,crew_team_h,MX2,0.03249894619505689,search-dependent,380 425 500 550
extraheavy_short_baseline,power_0.72,9.911784031052534,shift_ot_h,550,0.10366138724177199,search-dependent,380 425 500 MX2
extraheavy_short_baseline,power_0.72,12.36931687685298,shift_h,550,0.12178047749736831,search-dependent,380 425 500 MX2
extraheavy_short_baseline,power_0.72,12.36931687685298,crew_veh_h,MX2,0.03379280026693454,search-dependent,550
extraheavy_short_baseline,power_0.72,12.36931687685298,crew_team_h,MX2,0.03311863144004823,search-dependent,380 425 500 550
extraheavy_short_baseline,power_0.72,12.36931687685298,shift_ot_h,550,0.09339044834805077,search-dependent,380 425 500 MX2
extraheavy_short_baseline,power_0.72,15.436171684196077,shift_h,550,0.10795313090534164,search-dependent,380 425 500 MX2
extraheavy_short_baseline,power_0.72,15.436171684196077,crew_veh_h,MX2,0.039107110819112556,search-dependent,550
extraheavy_short_baseline,power_0.72,15.436171684196077,crew_team_h,MX2,0.03381511582311236,search-dependent,380 425 550
extraheavy_short_baseline,power_0.72,15.436171684196077,shift_ot_h,550,0.08182068354209515,search-dependent,380 425 500 MX2
extraheavy_short_baseline,power_0.72,19.26342405455451,shift_h,550,0.09276247258104653,search-dependent,380 425 500 MX2
extraheavy_short_baseline,power_0.72,19.26342405455451,crew_veh_h,MX2,0.04501948151458324,search-dependent,550
extraheavy_short_baseline,power_0.72,19.26342405455451,crew_team_h,MX2,0.034583444963941945,search-dependent,300 380 425 550
extraheavy_short_baseline,power_0.72,19.26342405455451,shift_ot_h,550,0.06902551789157774,search-dependent,380 425 500 MX2
extraheavy_short_baseline,power_0.72,24.039607351964708,shift_h,550,0.07641982152544191,search-dependent,380 425 500 MX2
extraheavy_short_baseline,power_0.72,24.039607351964708,crew_veh_h,MX2,0.05146857375142089,search-dependent,550
extraheavy_short_baseline,power_0.72,24.039607351964708,crew_team_h,MX2,0.0354137763917286,search-dependent,300 325 380 425 550 MX1
extraheavy_short_baseline,power_0.72,24.039607351964708,shift_ot_h,550,0.05515999435089669,search-dependent,380 425 500 MX2
extraheavy_short_baseline,power_0.72,30.000000000000004,shift_h,550,0.05922907235191377,search-dependent,380 425 500 MX2
extraheavy_short_baseline,power_0.72,30.000000000000004,crew_veh_h,MX2,0.05835331089533202,search-dependent,550
extraheavy_short_baseline,power_0.72,30.000000000000004,crew_team_h,MX2,0.03629140560627686,search-dependent,300 325 380 425 550 MX1
extraheavy_short_baseline,power_0.72,30.000000000000004,shift_ot_h,550,0.040461767676069904,search-dependent,300 380 425 500 MX2
extraheavy_short_baseline,power_0.84,5.1,shift_h,550,0.15445888057505308,search-dependent,380 425 500 MX2
extraheavy_short_baseline,power_0.84,5.1,crew_veh_h,MX2,0.024737800418212164,search-dependent,550
extraheavy_short_baseline,power_0.84,5.1,crew_team_h,MX2,0.01966095582299232,search-dependent,500
extraheavy_short_baseline,power_0.84,5.1,shift_ot_h,550,0.11987095995244701,search-dependent,380 425 500 MX2
extraheavy_short_baseline,power_0.84,6.364496630910889,shift_h,550,0.14489611926913626,search-dependent,380 425 500 MX2
extraheavy_short_baseline,power_0.84,6.364496630910889,crew_veh_h,MX2,0.02901935188792759,search-dependent,550
extraheavy_short_baseline,power_0.84,6.364496630910889,crew_team_h,MX2,0.02801157178674285,search-dependent,500
extraheavy_short_baseline,power_0.84,6.364496630910889,shift_ot_h,550,0.11188396572578618,search-dependent,380 425 500 MX2
extraheavy_short_baseline,power_0.84,7.9425132087992285,shift_h,550,0.13374852107385182,search-dependent,380 425 500 MX2
extraheavy_short_baseline,power_0.84,7.9425132087992285,crew_veh_h,MX2,0.034061683617243155,search-dependent,550
extraheavy_short_baseline,power_0.84,7.9425132087992285,crew_team_h,MX2,0.0321576318055814,search-dependent,425
extraheavy_short_baseline,power_0.84,7.9425132087992285,shift_ot_h,550,0.10253427375196189,search-dependent,380 425 500 MX2
extraheavy_short_baseline,power_0.84,9.911784031052534,shift_h,550,0.1209307378507658,search-dependent,380 425 500 MX2
extraheavy_short_baseline,power_0.84,9.911784031052534,crew_veh_h,MX2,0.03992874119604295,search-dependent,550
extraheavy_short_baseline,power_0.84,9.911784031052534,crew_team_h,MX2,0.03287478611237615,search-dependent,380 425 550
extraheavy_short_baseline,power_0.84,9.911784031052534,shift_ot_h,550,0.0917315062435895,search-dependent,380 425 500 MX2
extraheavy_short_baseline,power_0.84,12.36931687685298,shift_h,550,0.10642328153467795,search-dependent,380 425 500 MX2
extraheavy_short_baseline,power_0.84,12.36931687685298,crew_veh_h,MX2,0.046660316287290504,search-dependent,550
extraheavy_short_baseline,power_0.84,12.36931687685298,crew_team_h,MX2,0.03355917897055094,search-dependent,380 425 550
extraheavy_short_baseline,power_0.84,12.36931687685298,shift_ot_h,550,0.07943671925353102,search-dependent,380 425 500 MX2
extraheavy_short_baseline,power_0.84,15.436171684196077,shift_h,550,0.09029377974685748,search-dependent,380 425 500 MX2
extraheavy_short_baseline,power_0.84,15.436171684196077,crew_veh_h,MX2,0.05426060129443888,search-dependent,550
extraheavy_short_baseline,power_0.84,15.436171684196077,crew_team_h,MX2,0.034325932338738374,search-dependent,300 380 425 550
extraheavy_short_baseline,power_0.84,15.436171684196077,shift_ot_h,550,0.06568179926681617,search-dependent,380 425 500 MX2
extraheavy_short_baseline,power_0.84,19.26342405455451,shift_h,550,0.07271275695776946,search-dependent,380 425 500 MX2
extraheavy_short_baseline,power_0.84,19.26342405455451,crew_veh_h,MX2,0.06268748207322261,search-dependent,550
extraheavy_short_baseline,power_0.84,19.26342405455451,crew_team_h,MX2,0.034269022872713384,search-dependent,300 325 380 425 550 MX1
extraheavy_short_baseline,power_0.84,19.26342405455451,shift_ot_h,550,0.05058551727239324,search-dependent,380 425 500 MX2
extraheavy_short_baseline,power_0.84,24.039607351964708,shift_h,550,0.05395872679524083,search-dependent,380 425 500 MX2
extraheavy_short_baseline,power_0.84,24.039607351964708,crew_veh_h,MX2,0.07184503743025084,search-dependent,550
extraheavy_short_baseline,power_0.84,24.039607351964708,crew_team_h,MX2,0.03177613693844483,search-dependent,300 325 380 425 550 MX1
extraheavy_short_baseline,power_0.84,24.039607351964708,shift_ot_h,550,0.03436168594390021,search-dependent,300 380 425 500 MX2
extraheavy_short_baseline,power_0.84,30.000000000000004,shift_h,550,0.0344083935454933,search-dependent,300 380 425 500 MX1 MX2
extraheavy_short_baseline,power_0.84,30.000000000000004,crew_veh_h,MX2,0.0785128492701268,search-dependent,550
extraheavy_short_baseline,power_0.84,30.000000000000004,crew_team_h,MX2,0.02915211068705381,search-dependent,300 325 380 425 550 MX1
extraheavy_short_baseline,power_0.84,30.000000000000004,shift_ot_h,550,0.017315227550910084,search-dependent,300 325 380 425 500 MX1 MX2
extraheavy_short_baseline,power_0.96,5.1,shift_h,550,0.14604516788126398,search-dependent,380 425 500 MX2
extraheavy_short_baseline,power_0.96,5.1,crew_veh_h,MX2,0.03140841605369449,certain,
extraheavy_short_baseline,power_0.96,5.1,crew_team_h,MX2,0.026387901104459655,search-dependent,500
extraheavy_short_baseline,power_0.96,5.1,shift_ot_h,550,0.11234614713409985,search-dependent,380 425 500 MX2
extraheavy_short_baseline,power_0.96,6.364496630910889,shift_h,550,0.13486820761923557,search-dependent,380 425 500 MX2
extraheavy_short_baseline,power_0.96,6.364496630910889,crew_veh_h,MX2,0.037097275375231,certain,
extraheavy_short_baseline,power_0.96,6.364496630910889,crew_team_h,MX2,0.03092863003099877,certain,
extraheavy_short_baseline,power_0.96,6.364496630910889,shift_ot_h,550,0.10288270157912982,search-dependent,380 425 500 MX2
extraheavy_short_baseline,power_0.96,7.9425132087992285,shift_h,550,0.12190463390246387,search-dependent,380 425 500 MX2
extraheavy_short_baseline,power_0.96,7.9425132087992285,crew_veh_h,MX2,0.04378277833145483,certain,
extraheavy_short_baseline,power_0.96,7.9425132087992285,crew_team_h,MX2,0.03227827647767345,certain,
extraheavy_short_baseline,power_0.96,7.9425132087992285,shift_ot_h,550,0.09185776504188681,search-dependent,380 425 500 MX2
extraheavy_short_baseline,power_0.96,9.911784031052534,shift_h,550,0.10708556094002342,search-dependent,380 425 500 MX2
extraheavy_short_baseline,power_0.96,9.911784031052534,crew_veh_h,MX2,0.05154250165085039,certain,
extraheavy_short_baseline,power_0.96,9.911784031052534,crew_team_h,MX2,0.032874497668073044,search-dependent,380
extraheavy_short_baseline,power_0.96,9.911784031052534,shift_ot_h,550,0.07919017447118981,search-dependent,380 425 500 MX2
extraheavy_short_baseline,power_0.96,12.36931687685298,shift_h,550,0.09042392565487223,search-dependent,380 425 500 MX2
extraheavy_short_baseline,power_0.96,12.36931687685298,crew_veh_h,MX2,0.060420206947013666,certain,
extraheavy_short_baseline,power_0.96,12.36931687685298,crew_team_h,MX2,0.031162840423785365,search-dependent,300 380 425
extraheavy_short_baseline,power_0.96,12.36931687685298,shift_ot_h,550,0.06486450817596956,search-dependent,380 425 500 MX2
extraheavy_short_baseline,power_0.96,15.436171684196077,shift_h,550,0.07203621767565682,search-dependent,380 425 500 MX2
extraheavy_short_baseline,power_0.96,15.436171684196077,crew_veh_h,MX2,0.07041107816965342,certain,
extraheavy_short_baseline,power_0.96,15.436171684196077,crew_team_h,MX2,0.027764088231789774,search-dependent,300 325 380 425 MX1
extraheavy_short_baseline,power_0.96,15.436171684196077,shift_ot_h,550,0.04895181028174722,search-dependent,380 425 500 MX2
extraheavy_short_baseline,power_0.96,19.26342405455451,shift_h,550,0.05215597120245885,search-dependent,380 425 500 MX2
extraheavy_short_baseline,power_0.96,19.26342405455451,crew_veh_h,MX2,0.08144844908909188,certain,
extraheavy_short_baseline,power_0.96,19.26342405455451,crew_team_h,MX2,0.02404216040630458,search-dependent,300 325 380 425 MX1
extraheavy_short_baseline,power_0.96,19.26342405455451,shift_ot_h,550,0.03162469272981361,search-dependent,300 380 425 500 MX2
extraheavy_short_baseline,power_0.96,24.039607351964708,shift_h,550,0.031133469752046672,search-dependent,300 325 380 425 500 MX1 MX2
extraheavy_short_baseline,power_0.96,24.039607351964708,crew_veh_h,MX2,0.08059585552646831,certain,
extraheavy_short_baseline,power_0.96,24.039607351964708,crew_team_h,MX2,0.02005185037473689,search-dependent,300 325 380 425 MX1
extraheavy_short_baseline,power_0.96,24.039607351964708,shift_ot_h,550,0.013161701838258821,search-dependent,300 325 380 425 500 MX1 MX2
extraheavy_short_baseline,power_0.96,30.000000000000004,shift_h,550,0.009418035593507845,search-dependent,300 325 380 425 500 MX1 MX2
extraheavy_short_baseline,power_0.96,30.000000000000004,crew_veh_h,MX2,0.07772519560016256,certain,
extraheavy_short_baseline,power_0.96,30.000000000000004,crew_team_h,MX2,0.015869899110326102,search-dependent,300 325 380 425 MX1
extraheavy_short_baseline,power_0.96,30.000000000000004,shift_ot_h,MX2,0.006100065151768419,search-dependent,300 325 380 425 500 550 MX1
extraheavy_short_tight,affine,5.1,shift_h,MX2,0.003311243987976553,search-dependent,300 325 380 425 500 550 MX1
extraheavy_short_tight,affine,5.1,crew_veh_h,MX2,0.008547206858032785,search-dependent,550
extraheavy_short_tight,affine,5.1,crew_team_h,MX2,0.01734505330315872,search-dependent,500 550
extraheavy_short_tight,affine,5.1,shift_ot_h,MX2,0.002770028052725415,search-dependent,300 325 380 425 500 550 MX1
extraheavy_short_tight,affine,6.364496630910889,shift_h,MX2,0.0040410779354289605,search-dependent,300 325 380 425 500 550 MX1
extraheavy_short_tight,affine,6.364496630910889,crew_veh_h,MX2,0.018586861487587925,search-dependent,550
extraheavy_short_tight,affine,6.364496630910889,crew_team_h,MX2,0.02375719687651001,search-dependent,380 500 550
extraheavy_short_tight,affine,6.364496630910889,shift_ot_h,MX2,0.003497139583419573,search-dependent,300 325 380 425 500 550 MX1
extraheavy_short_tight,affine,7.9425132087992285,shift_h,MX2,0.004907911490957817,search-dependent,300 325 380 425 500 550 MX1
extraheavy_short_tight,affine,7.9425132087992285,crew_veh_h,MX2,0.030428789915308174,search-dependent,550
extraheavy_short_tight,affine,7.9425132087992285,crew_team_h,MX2,0.024175660734899962,search-dependent,380 425
extraheavy_short_tight,affine,7.9425132087992285,shift_ot_h,MX2,0.00436158252211416,search-dependent,300 325 380 425 500 550 MX1
extraheavy_short_tight,affine,9.911784031052534,shift_h,MX2,0.005926624963098037,search-dependent,300 325 380 425 500 550 MX1
extraheavy_short_tight,affine,9.911784031052534,crew_veh_h,MX2,0.04423263129994326,certain,
extraheavy_short_tight,affine,9.911784031052534,crew_team_h,MX2,0.024660550769753264,search-dependent,380 425
extraheavy_short_tight,affine,9.911784031052534,shift_ot_h,MX2,0.005378658101291789,search-dependent,300 325 380 425 500 550 MX1
extraheavy_short_tight,affine,12.36931687685298,shift_h,MX2,0.00710904802240564,search-dependent,300 325 380 425 500 550 MX1
extraheavy_short_tight,affine,12.36931687685298,crew_veh_h,MX2,0.05990413132728212,certain,
extraheavy_short_tight,affine,12.36931687685298,crew_team_h,MX2,0.025214233970966005,search-dependent,380 425
extraheavy_short_tight,affine,12.36931687685298,shift_ot_h,MX2,0.006560770506755409,search-dependent,300 325 380 425 500 550 MX1
extraheavy_short_tight,affine,15.436171684196077,shift_h,MX2,0.008461859836114805,search-dependent,300 325 380 425 500 550 MX1
extraheavy_short_tight,affine,15.436171684196077,crew_veh_h,MX2,0.0722332242827386,certain,
extraheavy_short_tight,affine,15.436171684196077,crew_team_h,MX2,0.025835984829462255,search-dependent,380 425
extraheavy_short_tight,affine,15.436171684196077,shift_ot_h,MX2,0.007915327295191732,search-dependent,300 325 380 425 500 550 MX1
extraheavy_short_tight,affine,19.26342405455451,shift_h,MX2,0.009984339061716696,search-dependent,300 325 380 425 500 550 MX1
extraheavy_short_tight,affine,19.26342405455451,crew_veh_h,MX2,0.07263008067437804,certain,
extraheavy_short_tight,affine,19.26342405455451,crew_team_h,MX2,0.026521195053191393,search-dependent,300 325 380 425 MX1
extraheavy_short_tight,affine,19.26342405455451,shift_ot_h,MX2,0.009442457903729773,search-dependent,300 325 380 425 500 550 MX1
extraheavy_short_tight,affine,24.039607351964708,shift_h,MX2,0.011666340265602093,search-dependent,300 325 380 425 500 550 MX1
extraheavy_short_tight,affine,24.039607351964708,crew_veh_h,MX2,0.07008272691962691,certain,
extraheavy_short_tight,affine,24.039607351964708,crew_team_h,MX2,0.027260903556945326,search-dependent,300 325 380 425 MX1
extraheavy_short_tight,affine,24.039607351964708,shift_ot_h,MX2,0.011132916196225251,search-dependent,300 325 380 425 500 550 MX1
extraheavy_short_tight,affine,30.000000000000004,shift_h,MX2,0.013486998383938742,search-dependent,300 325 380 425 500 550 MX1
extraheavy_short_tight,affine,30.000000000000004,crew_veh_h,MX2,0.06736563807711016,search-dependent,380
extraheavy_short_tight,affine,30.000000000000004,crew_team_h,MX2,0.028041849789276485,search-dependent,300 325 380 425 MX1
extraheavy_short_tight,affine,30.000000000000004,shift_ot_h,MX2,0.012966666814105965,search-dependent,300 325 380 425 500 550 MX1
extraheavy_short_tight,piecewise,5.1,shift_h,MX2,0.0035882329795917656,search-dependent,300 325 380 425 500 550 MX1
extraheavy_short_tight,piecewise,5.1,crew_veh_h,MX2,0.012147029570863666,search-dependent,550
extraheavy_short_tight,piecewise,5.1,crew_team_h,MX2,0.02126297186091941,search-dependent,500 550
extraheavy_short_tight,piecewise,5.1,shift_ot_h,MX2,0.003042267916996577,search-dependent,300 325 380 425 500 550 MX1
extraheavy_short_tight,piecewise,6.364496630910889,shift_h,MX2,0.004377593371519106,search-dependent,300 325 380 425 500 550 MX1
extraheavy_short_tight,piecewise,6.364496630910889,crew_veh_h,MX2,0.022942428280905425,search-dependent,550
extraheavy_short_tight,piecewise,6.364496630910889,crew_team_h,MX2,0.024128343302140642,search-dependent,380 500 550
extraheavy_short_tight,piecewise,6.364496630910889,shift_ot_h,MX2,0.003828044199557734,search-dependent,300 325 380 425 500 550 MX1
extraheavy_short_tight,piecewise,7.9425132087992285,shift_h,MX2,0.005314413347480285,search-dependent,300 325 380 425 500 550 MX1
extraheavy_short_tight,piecewise,7.9425132087992285,crew_veh_h,MX2,0.03566491449774789,search-dependent,550
extraheavy_short_tight,piecewise,7.9425132087992285,crew_team_h,MX2,0.024622061442803655,search-dependent,380
extraheavy_short_tight,piecewise,7.9425132087992285,shift_ot_h,MX2,0.004761532913710065,search-dependent,300 325 380 425 500 550 MX1
extraheavy_short_tight,piecewise,9.911784031052534,shift_h,MX2,0.006414386131154748,search-dependent,300 325 380 425 500 550 MX1
extraheavy_short_tight,piecewise,9.911784031052534,crew_veh_h,MX2,0.05048039194119602,certain,
extraheavy_short_tight,piecewise,9.911784031052534,crew_team_h,MX2,0.02519354039556787,search-dependent,380 425
extraheavy_short_tight,piecewise,9.911784031052534,shift_ot_h,MX2,0.005858874261148284,search-dependent,300 325 380 425 500 550 MX1
extraheavy_short_tight,piecewise,12.36931687685298,shift_h,MX2,0.007689788149651822,search-dependent,300 325 380 425 500 550 MX1
extraheavy_short_tight,piecewise,12.36931687685298,crew_veh_h,MX2,0.06525498989752676,certain,
extraheavy_short_tight,piecewise,12.36931687685298,crew_team_h,MX2,0.025845296354264802,search-dependent,380 425
extraheavy_short_tight,piecewise,12.36931687685298,shift_ot_h,MX2,0.0071329592913649265,search-dependent,300 325 380 425 500 550 MX1
extraheavy_short_tight,piecewise,15.436171684196077,shift_h,MX2,0.009147215942001408,search-dependent,300 325 380 425 500 550 MX1
extraheavy_short_tight,piecewise,15.436171684196077,crew_veh_h,MX2,0.07542281577781274,certain,
extraheavy_short_tight,piecewise,15.436171684196077,crew_team_h,MX2,0.026576160831196738,search-dependent,300 380 425
extraheavy_short_tight,piecewise,15.436171684196077,shift_ot_h,MX2,0.008591166970575381,search-dependent,300 325 380 425 500 550 MX1
extraheavy_short_tight,piecewise,19.26342405455451,shift_h,MX2,0.01078518807908413,search-dependent,300 325 380 425 500 550 MX1
extraheavy_short_tight,piecewise,19.26342405455451,crew_veh_h,MX2,0.07318926710036289,certain,
extraheavy_short_tight,piecewise,19.26342405455451,crew_team_h,MX2,0.027380379380304243,search-dependent,300 325 380 425 MX1
extraheavy_short_tight,piecewise,19.26342405455451,shift_ot_h,MX2,0.01023293147767057,search-dependent,300 325 380 425 500 550 MX1
extraheavy_short_tight,piecewise,24.039607351964708,shift_h,MX2,0.01259202652605973,search-dependent,300 325 380 425 500 550 MX1
extraheavy_short_tight,piecewise,24.039607351964708,crew_veh_h,MX2,0.07074653846575019,certain,
extraheavy_short_tight,piecewise,24.039607351964708,crew_team_h,MX2,0.028247103240314653,search-dependent,300 325 380 425 MX1
extraheavy_short_tight,piecewise,24.039607351964708,shift_ot_h,MX2,0.012047542926292065,search-dependent,300 325 380 425 500 550 MX1
extraheavy_short_tight,piecewise,30.000000000000004,shift_h,MX2,0.014544559038229155,search-dependent,300 325 380 425 500 550 MX1
extraheavy_short_tight,piecewise,30.000000000000004,crew_veh_h,MX2,0.06814559152470934,search-dependent,380
extraheavy_short_tight,piecewise,30.000000000000004,crew_team_h,MX2,0.028607579410706796,search-dependent,300 325 380 425 MX1
extraheavy_short_tight,piecewise,30.000000000000004,shift_ot_h,MX2,0.014012721704048658,search-dependent,300 325 380 425 500 550 MX1
extraheavy_short_tight,power_0.72,5.1,shift_h,MX2,0.004062310358024401,search-dependent,300 325 380 425 500 550 MX1
extraheavy_short_tight,power_0.72,5.1,crew_veh_h,MX2,0.0030934978375343203,search-dependent,500 550
extraheavy_short_tight,power_0.72,5.1,crew_team_h,MX2,0.011406910644087054,search-dependent,500 550
extraheavy_short_tight,power_0.72,5.1,shift_ot_h,MX2,0.003504616445985098,search-dependent,300 325 380 425 500 550 MX1
extraheavy_short_tight,power_0.72,6.364496630910889,shift_h,MX2,0.004960303718374304,search-dependent,300 325 380 425 500 550 MX1
extraheavy_short_tight,power_0.72,6.364496630910889,crew_veh_h,MX2,0.011981704918170744,search-dependent,550
extraheavy_short_tight,power_0.72,6.364496630910889,crew_team_h,MX2,0.020882287335527883,search-dependent,500 550
extraheavy_short_tight,power_0.72,6.364496630910889,shift_ot_h,MX2,0.004396586273327507,search-dependent,300 325 380 425 500 550 MX1
extraheavy_short_tight,power_0.72,7.9425132087992285,shift_h,MX2,0.006028094575597054,search-dependent,300 325 380 425 500 550 MX1
extraheavy_short_tight,power_0.72,7.9425132087992285,crew_veh_h,MX2,0.0224790509568773,search-dependent,550
extraheavy_short_tight,power_0.72,7.9425132087992285,crew_team_h,MX2,0.02564585872643499,search-dependent,380 425 500 550
extraheavy_short_tight,power_0.72,7.9425132087992285,shift_ot_h,MX2,0.0054582285289535015,search-dependent,300 325 380 425 500 550 MX1
extraheavy_short_tight,power_0.72,9.911784031052534,shift_h,MX2,0.007284688759300995,search-dependent,300 325 380 425 500 550 MX1
extraheavy_short_tight,power_0.72,9.911784031052534,crew_veh_h,MX2,0.034734121678506646,search-dependent,550
extraheavy_short_tight,power_0.72,9.911784031052534,crew_team_h,MX2,0.02642655683798445,search-dependent,380 425 500
extraheavy_short_tight,power_0.72,9.911784031052534,shift_ot_h,MX2,0.006708999973870311,search-dependent,300 325 380 425 500 550 MX1
extraheavy_short_tight,power_0.72,12.36931687685298,shift_h,MX2,0.008745547025515554,search-dependent,300 325 380 425 500 550 MX1
extraheavy_short_tight,power_0.72,12.36931687685298,crew_veh_h,MX2,0.04884930963101475,search-dependent,550
extraheavy_short_tight,power_0.72,12.36931687685298,crew_team_h,MX2,0.02731968268514695,search-dependent,380 425
extraheavy_short_tight,power_0.72,12.36931687685298,shift_ot_h,MX2,0.008165013062584547,search-dependent,300 325 380 425 500 550 MX1
extraheavy_short_tight,power_0.72,15.436171684196077,shift_h,MX2,0.010419990629049414,search-dependent,300 325 380 425 500 550 MX1
extraheavy_short_tight,power_0.72,15.436171684196077,crew_veh_h,MX2,0.06449723821675968,certain,
extraheavy_short_tight,power_0.72,15.436171684196077,crew_team_h,MX2,0.028324731117299606,search-dependent,380 425
extraheavy_short_tight,power_0.72,15.436171684196077,shift_ot_h,MX2,0.009836453032392,search-dependent,300 325 380 425 500 550 MX1
extraheavy_short_tight,power_0.72,19.26342405455451,shift_h,MX2,0.01230837491093184,search-dependent,300 325 380 425 500 550 MX1
extraheavy_short_tight,power_0.72,19.26342405455451,crew_veh_h,MX2,0.07570657342804288,certain,
extraheavy_short_tight,power_0.72,19.26342405455451,crew_team_h,MX2,0.029434973298879896,search-dependent,300 380 425
extraheavy_short_tight,power_0.72,19.26342405455451,shift_ot_h,MX2,0.011724725786594448,search-dependent,300 325 380 425 500 550 MX1
extraheavy_short_tight,power_0.72,24.039607351964708,shift_h,MX2,0.01439948064029628,search-dependent,300 325 380 425 500 550 MX1
extraheavy_short_tight,power_0.72,24.039607351964708,crew_veh_h,MX2,0.07364986229564696,certain,
extraheavy_short_tight,power_0.72,24.039607351964708,crew_team_h,MX2,0.03063660539397861,search-dependent,300 380 425 MX1
extraheavy_short_tight,power_0.72,24.039607351964708,shift_ot_h,MX2,0.013819770978003465,search-dependent,300 325 380 425 500 550 MX1
extraheavy_short_tight,power_0.72,30.000000000000004,shift_h,MX2,0.01666874016871156,search-dependent,300 325 380 425 500 550 MX1
extraheavy_short_tight,power_0.72,30.000000000000004,crew_veh_h,MX2,0.07143456983801544,certain,
extraheavy_short_tight,power_0.72,30.000000000000004,crew_team_h,MX2,0.03190871839139153,search-dependent,300 325 380 425 MX1
extraheavy_short_tight,power_0.72,30.000000000000004,shift_ot_h,MX2,0.01609815145589466,search-dependent,300 325 380 425 500 550 MX1
extraheavy_short_tight,power_0.84,5.1,shift_h,MX2,0.004333680384192684,search-dependent,300 325 380 425 500 550 MX1
extraheavy_short_tight,power_0.84,5.1,crew_veh_h,MX2,0.011288279190919015,search-dependent,550
extraheavy_short_tight,power_0.84,5.1,crew_team_h,MX2,0.020328458708239516,search-dependent,500 550
extraheavy_short_tight,power_0.84,5.1,shift_ot_h,MX2,0.003772471053611781,search-dependent,300 325 380 425 500 550 MX1
extraheavy_short_tight,power_0.84,6.364496630910889,shift_h,MX2,0.005287467946927471,search-dependent,300 325 380 425 500 550 MX1
extraheavy_short_tight,power_0.84,6.364496630910889,crew_veh_h,MX2,0.021903702090698696,search-dependent,550
extraheavy_short_tight,power_0.84,6.364496630910889,crew_team_h,MX2,0.025271098413111037,search-dependent,500 550
extraheavy_short_tight,power_0.84,6.364496630910889,shift_ot_h,MX2,0.004719712069232607,search-dependent,300 325 380 425 500 550 MX1
extraheavy_short_tight,power_0.84,7.9425132087992285,shift_h,MX2,0.006419637265098199,search-dependent,300 325 380 425 500 550 MX1
extraheavy_short_tight,power_0.84,7.9425132087992285,crew_veh_h,MX2,0.034416629459764536,search-dependent,550
extraheavy_short_tight,power_0.84,7.9425132087992285,crew_team_h,MX2,0.02600075273200897,search-dependent,380
extraheavy_short_tight,power_0.84,7.9425132087992285,shift_ot_h,MX2,0.005845219088162379,search-dependent,300 325 380 425 500 550 MX1
extraheavy_short_tight,power_0.84,9.911784031052534,shift_h,MX2,0.007749265723986598,search-dependent,300 325 380 425 500 550 MX1
extraheavy_short_tight,power_0.84,9.911784031052534,crew_veh_h,MX2,0.048991543978740726,certain,
extraheavy_short_tight,power_0.84,9.911784031052534,crew_team_h,MX2,0.026845543078050538,search-dependent,380
extraheavy_short_tight,power_0.84,9.911784031052534,shift_ot_h,MX2,0.007168562320976513,search-dependent,300 325 380 425 500 550 MX1
extraheavy_short_tight,power_0.84,12.36931687685298,shift_h,MX2,0.009291335690764457,search-dependent,300 325 380 425 500 550 MX1
extraheavy_short_tight,power_0.84,12.36931687685298,crew_veh_h,MX2,0.06505906623979318,certain,
extraheavy_short_tight,power_0.84,12.36931687685298,crew_team_h,MX2,0.027809285048608468,search-dependent,380 425
extraheavy_short_tight,power_0.84,12.36931687685298,shift_ot_h,MX2,0.008705428912376023,search-dependent,300 325 380 425 500 550 MX1
extraheavy_short_tight,power_0.84,15.436171684196077,shift_h,MX2,0.011053997538649885,search-dependent,300 325 380 425 500 550 MX1
extraheavy_short_tight,power_0.84,15.436171684196077,crew_veh_h,MX2,0.07708843870441462,certain,
extraheavy_short_tight,power_0.84,15.436171684196077,crew_team_h,MX2,0.028890361119638053,search-dependent,300 380 425
extraheavy_short_tight,power_0.84,15.436171684196077,shift_ot_h,MX2,0.010464893119300989,search-dependent,300 325 380 425 500 550 MX1
extraheavy_short_tight,power_0.84,19.26342405455451,shift_h,MX2,0.013035661670278254,search-dependent,300 325 380 425 500 550 MX1
extraheavy_short_tight,power_0.84,19.26342405455451,crew_veh_h,MX2,0.07576893473579638,certain,
extraheavy_short_tight,power_0.84,19.26342405455451,crew_team_h,MX2,0.03008037764356941,search-dependent,300 325 380 425 MX1
extraheavy_short_tight,power_0.84,19.26342405455451,shift_ot_h,MX2,0.01244647411966504,search-dependent,300 325 380 425 500 550 MX1
extraheavy_short_tight,power_0.84,24.039607351964708,shift_h,MX2,0.015222418301506169,search-dependent,300 325 380 425 500 550 MX1
extraheavy_short_tight,power_0.84,24.039607351964708,crew_veh_h,MX2,0.07373398911053552,certain,
extraheavy_short_tight,power_0.84,24.039607351964708,crew_team_h,MX2,0.03136339731065463,search-dependent,300 325 380 425 MX1
extraheavy_short_tight,power_0.84,24.039607351964708,shift_ot_h,MX2,0.0146374653406669,search-dependent,300 325 380 425 500 550 MX1
extraheavy_short_tight,power_0.84,30.000000000000004,shift_h,MX2,0.017586439769785134,search-dependent,300 325 380 425 500 550 MX1
extraheavy_short_tight,power_0.84,30.000000000000004,crew_veh_h,MX2,0.07156633803006685,certain,
extraheavy_short_tight,power_0.84,30.000000000000004,crew_team_h,MX2,0.031721511834589045,search-dependent,300 325 380 425 MX1
extraheavy_short_tight,power_0.84,30.000000000000004,shift_ot_h,MX2,0.01701118655592837,search-dependent,300 325 380 425 500 550 MX1
extraheavy_short_tight,power_0.96,5.1,shift_h,MX2,0.00444464138282874,search-dependent,300 325 380 425 500 550 MX1
extraheavy_short_tight,power_0.96,5.1,crew_veh_h,MX2,0.02013728717737684,search-dependent,550
extraheavy_short_tight,power_0.96,5.1,crew_team_h,MX2,0.024688726575684106,certain,
extraheavy_short_tight,power_0.96,5.1,shift_ot_h,MX2,0.003883342038170312,search-dependent,300 325 380 425 500 550 MX1
extraheavy_short_tight,power_0.96,6.364496630910889,shift_h,MX2,0.005418208513903844,search-dependent,300 325 380 425 500 550 MX1
extraheavy_short_tight,power_0.96,6.364496630910889,crew_veh_h,MX2,0.03259798588733953,search-dependent,550
extraheavy_short_tight,power_0.96,6.364496630910889,crew_team_h,MX2,0.025315713398325057,certain,
extraheavy_short_tight,power_0.96,6.364496630910889,shift_ot_h,MX2,0.0048505252087562845,search-dependent,300 325 380 425 500 550 MX1
extraheavy_short_tight,power_0.96,7.9425132087992285,shift_h,MX2,0.00657169558318893,search-dependent,300 325 380 425 500 550 MX1
extraheavy_short_tight,power_0.96,7.9425132087992285,crew_veh_h,MX2,0.04725531268988159,certain,
extraheavy_short_tight,power_0.96,7.9425132087992285,crew_team_h,MX2,0.026049319898192147,search-dependent,380
extraheavy_short_tight,power_0.96,7.9425132087992285,shift_ot_h,MX2,0.0059976151086522655,search-dependent,300 325 380 425 500 550 MX1
extraheavy_short_tight,power_0.96,9.911784031052534,shift_h,MX2,0.007923373654980637,search-dependent,300 325 380 425 500 550 MX1
extraheavy_short_tight,power_0.96,9.911784031052534,crew_veh_h,MX2,0.06379258956574407,certain,
extraheavy_short_tight,power_0.96,9.911784031052534,crew_team_h,MX2,0.026896465013715565,search-dependent,380
extraheavy_short_tight,power_0.96,9.911784031052534,shift_ot_h,MX2,0.007343409561306524,search-dependent,300 325 380 425 500 550 MX1
extraheavy_short_tight,power_0.96,12.36931687685298,shift_h,MX2,0.009486990806188977,search-dependent,300 325 380 425 500 550 MX1
extraheavy_short_tight,power_0.96,12.36931687685298,crew_veh_h,MX2,0.07719839372918358,certain,
extraheavy_short_tight,power_0.96,12.36931687685298,crew_team_h,MX2,0.027859995063737708,search-dependent,380
extraheavy_short_tight,power_0.96,12.36931687685298,shift_ot_h,MX2,0.008902395786050787,search-dependent,300 325 380 425 500 550 MX1
extraheavy_short_tight,power_0.96,15.436171684196077,shift_h,MX2,0.011269008978565864,search-dependent,300 325 380 425 500 550 MX1
extraheavy_short_tight,power_0.96,15.436171684196077,crew_veh_h,MX2,0.07714441742436029,certain,
extraheavy_short_tight,power_0.96,15.436171684196077,crew_team_h,MX2,0.028937175121099168,search-dependent,300 325 380 425 MX1
extraheavy_short_tight,power_0.96,15.436171684196077,shift_ot_h,MX2,0.010681987609416188,search-dependent,300 325 380 425 500 550 MX1
extraheavy_short_tight,power_0.96,19.26342405455451,shift_h,MX2,0.013265749092045587,search-dependent,300 325 380 425 500 550 MX1
extraheavy_short_tight,power_0.96,19.26342405455451,crew_veh_h,MX2,0.07521545515454786,certain,
extraheavy_short_tight,power_0.96,19.26342405455451,crew_team_h,MX2,0.02709346049773087,search-dependent,300 325 380 425 MX1
extraheavy_short_tight,power_0.96,19.26342405455451,shift_ot_h,MX2,0.012679626878203454,search-dependent,300 325 380 425 500 550 MX1
extraheavy_short_tight,power_0.96,24.039607351964708,shift_h,MX2,0.015460972592744149,search-dependent,300 325 380 425 500 550 MX1
extraheavy_short_tight,power_0.96,24.039607351964708,crew_veh_h,MX2,0.073123925903263,certain,
extraheavy_short_tight,power_0.96,24.039607351964708,crew_team_h,MX2,0.02290414113129513,search-dependent,300 325 380 425 MX1
extraheavy_short_tight,power_0.96,24.039607351964708,shift_ot_h,MX2,0.014880264013565458,search-dependent,300 325 380 425 500 550 MX1
extraheavy_short_tight,power_0.96,30.000000000000004,shift_h,MX2,0.017824561445023424,search-dependent,300 325 380 425 500 550 MX1
extraheavy_short_tight,power_0.96,30.000000000000004,crew_veh_h,MX2,0.07090542109104891,search-dependent,380
extraheavy_short_tight,power_0.96,30.000000000000004,crew_team_h,MX2,0.018506460901310806,search-dependent,300 325 380 425 MX1
extraheavy_short_tight,power_0.96,30.000000000000004,shift_ot_h,MX2,0.017254879491020336,search-dependent,300 325 380 425 500 550 MX1
jiang_long_baseline,affine,5.1,shift_h,425,0.014720251274813467,search-dependent,380 500 550 MX2
jiang_long_baseline,affine,5.1,crew_veh_h,500,0.0035824902952152904,search-dependent,425 550
jiang_long_baseline,affine,5.1,crew_team_h,425,0.006622376504247018,search-dependent,380 500 MX2
jiang_long_baseline,affine,5.1,shift_ot_h,425,0.008141002232321837,search-dependent,380 500 550 MX2
jiang_long_baseline,affine,6.364496630910889,shift_h,425,0.017916956583133636,search-dependent,380 500 550 MX2
jiang_long_baseline,affine,6.364496630910889,crew_veh_h,425,9.768476136651216e-06,search-dependent,500 550
jiang_long_baseline,affine,6.364496630910889,crew_team_h,425,0.004833155969563574,search-dependent,325 380 500 MX2
jiang_long_baseline,affine,6.364496630910889,shift_ot_h,425,0.011303544150962352,search-dependent,380 500 550 MX2
jiang_long_baseline,affine,7.9425132087992285,shift_h,425,0.02169169628512191,search-dependent,380 500 550 MX2
jiang_long_baseline,affine,7.9425132087992285,crew_veh_h,425,0.004240852167916254,search-dependent,500 550
jiang_long_baseline,affine,7.9425132087992285,crew_team_h,425,0.0017277548709826451,search-dependent,300 325 380 500 MX2
jiang_long_baseline,affine,7.9425132087992285,shift_ot_h,425,0.015050005997651716,search-dependent,380 500 550 MX2
jiang_long_baseline,affine,9.911784031052534,shift_h,425,0.02609753227479672,search-dependent,380 500 550 MX2
jiang_long_baseline,affine,9.911784031052534,crew_veh_h,425,0.009185318761699257,search-dependent,500 550
jiang_long_baseline,affine,9.911784031052534,crew_team_h,MX2,0.0019021971681889571,search-dependent,300 325 380 425 500
jiang_long_baseline,affine,9.911784031052534,shift_ot_h,425,0.019439445498373953,search-dependent,380 500 550 MX2
jiang_long_baseline,affine,12.36931687685298,shift_h,425,0.03117081525734644,search-dependent,380 500 550 MX2
jiang_long_baseline,affine,12.36931687685298,crew_veh_h,425,0.014886839373533078,search-dependent,500
jiang_long_baseline,affine,12.36931687685298,crew_team_h,MX2,0.0061137734190801485,search-dependent,300 325 380 425
jiang_long_baseline,affine,12.36931687685298,shift_ot_h,425,0.02451614587158879,search-dependent,380 500 550 MX2
jiang_long_baseline,affine,15.436171684196077,shift_h,425,0.03692237112421726,search-dependent,380 500 550 MX2
jiang_long_baseline,affine,15.436171684196077,crew_veh_h,425,0.02136101742384544,search-dependent,500 MX2
jiang_long_baseline,affine,15.436171684196077,crew_team_h,MX2,0.010934539869624782,search-dependent,300 325 380 425
jiang_long_baseline,affine,15.436171684196077,shift_ot_h,425,0.030300648872523483,search-dependent,380 500 550 MX2
jiang_long_baseline,affine,19.26342405455451,shift_h,425,0.04332886836011407,search-dependent,380 500 550 MX2
jiang_long_baseline,affine,19.26342405455451,crew_veh_h,425,0.014719508278324689,search-dependent,500 MX2
jiang_long_baseline,affine,19.26342405455451,crew_team_h,MX2,0.016362852135955563,search-dependent,300 325 380 425
jiang_long_baseline,affine,19.26342405455451,shift_ot_h,425,0.03678051020692141,search-dependent,380 500 550 MX2
jiang_long_baseline,affine,24.039607351964708,shift_h,425,0.0465750383526744,search-dependent,380 500 550 MX2
jiang_long_baseline,affine,24.039607351964708,crew_veh_h,425,0.006888541170003926,search-dependent,500 MX2
jiang_long_baseline,affine,24.039607351964708,crew_team_h,MX2,0.019091781379817263,search-dependent,300 325 380 425 MX1
jiang_long_baseline,affine,24.039607351964708,shift_ot_h,425,0.043902497179900246,search-dependent,380 500 550 MX2
jiang_long_baseline,affine,30.000000000000004,shift_h,425,0.034917701162354486,search-dependent,380 500 550 MX2
jiang_long_baseline,affine,30.000000000000004,crew_veh_h,MX2,0.001503660237826887,search-dependent,380 425 500
jiang_long_baseline,affine,30.000000000000004,crew_team_h,MX2,0.021701106139488946,search-dependent,300 325 380 425 MX1
jiang_long_baseline,affine,30.000000000000004,shift_ot_h,425,0.03316117285699138,search-dependent,380 500 550 MX2
jiang_long_baseline,piecewise,5.1,shift_h,425,0.015935481591964784,search-dependent,380 500 550 MX2
jiang_long_baseline,piecewise,5.1,crew_veh_h,500,0.002336709276002269,search-dependent,425 550
jiang_long_baseline,piecewise,5.1,crew_team_h,425,0.005825810697002609,search-dependent,325 380 500 MX2
jiang_long_baseline,piecewise,5.1,shift_ot_h,425,0.009299682123441011,search-dependent,380 500 550 MX2
jiang_long_baseline,piecewise,6.364496630910889,shift_h,425,0.019385186456014836,search-dependent,380 500 550 MX2
jiang_long_baseline,piecewise,6.364496630910889,crew_veh_h,425,0.0015059642804677864,search-dependent,500 550
jiang_long_baseline,piecewise,6.364496630910889,crew_team_h,425,0.0028506786594317823,search-dependent,300 325 380 500 MX2
jiang_long_baseline,piecewise,6.364496630910889,shift_ot_h,425,0.012705795585082003,search-dependent,380 500 550 MX2
jiang_long_baseline,piecewise,7.9425132087992285,shift_h,425,0.023453682577825985,search-dependent,380 500 550 MX2
jiang_long_baseline,piecewise,7.9425132087992285,crew_veh_h,425,0.006036257363458475,search-dependent,500 550
jiang_long_baseline,piecewise,7.9425132087992285,crew_team_h,MX2,0.0006600236160991813,search-dependent,300 325 380 425 500
jiang_long_baseline,piecewise,7.9425132087992285,shift_ot_h,425,0.016736105502143772,search-dependent,380 500 550 MX2
jiang_long_baseline,piecewise,9.911784031052534,shift_h,425,0.02819556577963689,search-dependent,380 500 550 MX2
jiang_long_baseline,piecewise,9.911784031052534,crew_veh_h,425,0.011322888827900224,search-dependent,500
jiang_long_baseline,piecewise,9.911784031052534,crew_team_h,MX2,0.004775555312898305,search-dependent,300 325 380 425
jiang_long_baseline,piecewise,9.911784031052534,shift_ot_h,425,0.021451641709453018,search-dependent,380 500 550 MX2
jiang_long_baseline,piecewise,12.36931687685298,shift_h,425,0.03364672284226122,search-dependent,380 500 550 MX2
jiang_long_baseline,piecewise,12.36931687685298,crew_veh_h,425,0.017408961983019333,search-dependent,500
jiang_long_baseline,piecewise,12.36931687685298,crew_team_h,MX2,0.009551425050386975,search-dependent,300 325 380 425
jiang_long_baseline,piecewise,12.36931687685298,shift_ot_h,425,0.02689681427123558,search-dependent,380 500 550 MX2
jiang_long_baseline,piecewise,15.436171684196077,shift_h,425,0.03981494684782172,search-dependent,380 500 550 MX2
jiang_long_baseline,piecewise,15.436171684196077,crew_veh_h,425,0.017729218767234434,search-dependent,500 MX2
jiang_long_baseline,piecewise,15.436171684196077,crew_team_h,MX2,0.013626140319357605,search-dependent,300 325 380 425
jiang_long_baseline,piecewise,15.436171684196077,shift_ot_h,425,0.03308984130615622,search-dependent,380 500 550 MX2
jiang_long_baseline,piecewise,19.26342405455451,shift_h,425,0.04667093360776953,search-dependent,380 500 550 MX2
jiang_long_baseline,piecewise,19.26342405455451,crew_veh_h,425,0.009908633303254977,search-dependent,500 MX2
jiang_long_baseline,piecewise,19.26342405455451,crew_team_h,MX2,0.015641438507262295,search-dependent,300 325 380 425
jiang_long_baseline,piecewise,19.26342405455451,shift_ot_h,425,0.04001305671175337,search-dependent,380 500 550 MX2
jiang_long_baseline,piecewise,24.039607351964708,shift_h,425,0.04062928750988948,search-dependent,380 500 550 MX2
jiang_long_baseline,piecewise,24.039607351964708,crew_veh_h,425,0.0013696789223658357,search-dependent,380 500 MX2
jiang_long_baseline,piecewise,24.039607351964708,crew_team_h,MX2,0.017867191590998033,search-dependent,300 325 380 425 MX1
jiang_long_baseline,piecewise,24.039607351964708,shift_ot_h,425,0.038493586842944794,search-dependent,380 500 550 MX2
jiang_long_baseline,piecewise,30.000000000000004,shift_h,425,0.028214764461971464,search-dependent,380 500 550 MX2
jiang_long_baseline,piecewise,30.000000000000004,crew_veh_h,MX2,0.00781642770569313,search-dependent,380 425 500
jiang_long_baseline,piecewise,30.000000000000004,crew_team_h,MX2,0.020275594142745046,search-dependent,300 325 380 425 MX1
jiang_long_baseline,piecewise,30.000000000000004,shift_ot_h,425,0.026745939001735053,search-dependent,380 500 550 MX2
jiang_long_baseline,power_0.72,5.1,shift_h,425,0.012349076268830084,search-dependent,380 500 550 MX2
jiang_long_baseline,power_0.72,5.1,crew_veh_h,500,0.005980775441047692,search-dependent,425 550
jiang_long_baseline,power_0.72,5.1,crew_team_h,425,0.005789155284667835,search-dependent,380 500 550
jiang_long_baseline,power_0.72,5.1,shift_ot_h,425,0.005894927266543393,search-dependent,380 500 550 MX2
jiang_long_baseline,power_0.72,6.364496630910889,shift_h,425,0.015039945955546141,search-dependent,380 500 550 MX2
jiang_long_baseline,power_0.72,6.364496630910889,crew_veh_h,500,0.0028810767393179226,search-dependent,425 550
jiang_long_baseline,power_0.72,6.364496630910889,crew_team_h,425,0.00664575522477695,search-dependent,380 500 MX2
jiang_long_baseline,power_0.72,6.364496630910889,shift_ot_h,425,0.008574189498222529,search-dependent,380 500 550 MX2
jiang_long_baseline,power_0.72,7.9425132087992285,shift_h,425,0.01822158102609417,search-dependent,380 500 550 MX2
jiang_long_baseline,power_0.72,7.9425132087992285,crew_veh_h,425,0.0007636471050904703,search-dependent,500 550
jiang_long_baseline,power_0.72,7.9425132087992285,crew_team_h,425,0.003911610114697872,search-dependent,325 380 500 MX2
jiang_long_baseline,power_0.72,7.9425132087992285,shift_ot_h,425,0.011752120946658673,search-dependent,380 500 550 MX2
jiang_long_baseline,power_0.72,9.911784031052534,shift_h,425,0.02194091255046393,search-dependent,380 500 550 MX2
jiang_long_baseline,power_0.72,9.911784031052534,crew_veh_h,425,0.005019711730888554,search-dependent,500 550
jiang_long_baseline,power_0.72,9.911784031052534,crew_team_h,425,0.0007138812045290877,search-dependent,300 325 380 500 MX2
jiang_long_baseline,power_0.72,9.911784031052534,shift_ot_h,425,0.015480960094570229,search-dependent,380 500 550 MX2
jiang_long_baseline,power_0.72,12.36931687685298,shift_h,425,0.026231397446737637,search-dependent,380 500 550 MX2
jiang_long_baseline,power_0.72,12.36931687685298,crew_veh_h,425,0.009936137420224478,search-dependent,500 550
jiang_long_baseline,power_0.72,12.36931687685298,crew_team_h,MX2,0.0029858181156992014,search-dependent,300 325 380 425 500
jiang_long_baseline,power_0.72,12.36931687685298,shift_ot_h,425,0.01980105163263235,search-dependent,380 500 550 MX2
jiang_long_baseline,power_0.72,15.436171684196077,shift_h,425,0.031105504394480565,search-dependent,380 500 550 MX2
jiang_long_baseline,power_0.72,15.436171684196077,crew_veh_h,425,0.015530169005087302,search-dependent,500 550
jiang_long_baseline,power_0.72,15.436171684196077,crew_team_h,MX2,0.007224243578377143,search-dependent,300 325 380 425 500
jiang_long_baseline,power_0.72,15.436171684196077,shift_ot_h,425,0.024733188952723806,search-dependent,380 500 550 MX2
jiang_long_baseline,power_0.72,19.26342405455451,shift_h,425,0.036547194210421186,search-dependent,380 500 550 MX2
jiang_long_baseline,power_0.72,19.26342405455451,crew_veh_h,425,0.019170417983691346,search-dependent,500 MX2
jiang_long_baseline,power_0.72,19.26342405455451,crew_team_h,MX2,0.012002148093742004,search-dependent,300 325 380 425
jiang_long_baseline,power_0.72,19.26342405455451,shift_ot_h,425,0.030270569074094533,search-dependent,380 500 550 MX2
jiang_long_baseline,power_0.72,24.039607351964708,shift_h,425,0.04250589877576649,search-dependent,380 500 550 MX2
jiang_long_baseline,power_0.72,24.039607351964708,crew_veh_h,425,0.011996450180279838,search-dependent,500 MX2
jiang_long_baseline,power_0.72,24.039607351964708,crew_team_h,MX2,0.017290426749206222,search-dependent,300 325 380 425 MX1
jiang_long_baseline,power_0.72,24.039607351964708,shift_ot_h,425,0.03637178381247974,search-dependent,380 500 550 MX2
jiang_long_baseline,power_0.72,30.000000000000004,shift_h,425,0.04118653267247541,search-dependent,380 500 550 MX2
jiang_long_baseline,power_0.72,30.000000000000004,crew_veh_h,425,0.004289314295140123,search-dependent,380 500 MX2
jiang_long_baseline,power_0.72,30.000000000000004,crew_team_h,MX2,0.0230262245777082,search-dependent,300 380 425 MX1
jiang_long_baseline,power_0.72,30.000000000000004,shift_ot_h,425,0.039153095896363954,search-dependent,380 500 550 MX2
jiang_long_baseline,power_0.84,5.1,shift_h,425,0.0152805174146593,search-dependent,380 500 550 MX2
jiang_long_baseline,power_0.84,5.1,crew_veh_h,500,0.0029794031969940793,search-dependent,425 550
jiang_long_baseline,power_0.84,5.1,crew_team_h,425,0.005532586342867907,search-dependent,325 380 500 MX2
jiang_long_baseline,power_0.84,5.1,shift_ot_h,425,0.008684919875326491,search-dependent,380 500 550 MX2
jiang_long_baseline,power_0.84,6.364496630910889,shift_h,425,0.018587730922017043,search-dependent,380 500 550 MX2
jiang_long_baseline,power_0.84,6.364496630910889,crew_veh_h,425,0.0007271309709773188,search-dependent,500 550
jiang_long_baseline,power_0.84,6.364496630910889,crew_team_h,425,0.0024945515342635893,search-dependent,300 325 380 500 MX2
jiang_long_baseline,power_0.84,6.364496630910889,shift_ot_h,425,0.011956165555917053,search-dependent,380 500 550 MX2
jiang_long_baseline,power_0.84,7.9425132087992285,shift_h,425,0.02248785387580532,search-dependent,380 500 550 MX2
jiang_long_baseline,power_0.84,7.9425132087992285,crew_veh_h,425,0.0050923228837445045,search-dependent,500 550
jiang_long_baseline,power_0.84,7.9425132087992285,crew_team_h,MX2,0.0010908266365139418,search-dependent,300 325 380 425 500
jiang_long_baseline,power_0.84,7.9425132087992285,shift_ot_h,425,0.015826588199525204,search-dependent,380 500 550 MX2
jiang_long_baseline,power_0.84,9.911784031052534,shift_h,425,0.027033055747785584,search-dependent,380 500 550 MX2
jiang_long_baseline,power_0.84,9.911784031052534,crew_veh_h,425,0.010185803211329558,search-dependent,500 550
jiang_long_baseline,power_0.84,9.911784031052534,crew_team_h,MX2,0.0052966114417547505,search-dependent,300 325 380 425 500
jiang_long_baseline,power_0.84,9.911784031052534,shift_ot_h,425,0.020354635203764015,search-dependent,380 500 550 MX2
jiang_long_baseline,power_0.84,12.36931687685298,shift_h,425,0.032257527101905215,search-dependent,380 500 550 MX2
jiang_long_baseline,power_0.84,12.36931687685298,crew_veh_h,425,0.016048868807653438,search-dependent,500
jiang_long_baseline,power_0.84,12.36931687685298,crew_team_h,MX2,0.010177596937140265,search-dependent,300 325 380 425
jiang_long_baseline,power_0.84,12.36931687685298,shift_ot_h,425,0.025582747390132887,search-dependent,380 500 550 MX2
jiang_long_baseline,power_0.84,15.436171684196077,shift_h,425,0.03816849117612131,search-dependent,380 500 550 MX2
jiang_long_baseline,power_0.84,15.436171684196077,crew_veh_h,425,0.01699773020235451,search-dependent,500 MX2
jiang_long_baseline,power_0.84,15.436171684196077,crew_team_h,MX2,0.014657794237348476,search-dependent,300 325 380 425
jiang_long_baseline,power_0.84,15.436171684196077,shift_ot_h,425,0.03152817181370793,search-dependent,380 500 550 MX2
jiang_long_baseline,power_0.84,19.26342405455451,shift_h,425,0.04473759272825251,search-dependent,380 500 550 MX2
jiang_long_baseline,power_0.84,19.26342405455451,crew_veh_h,425,0.009054375483649846,search-dependent,500 MX2
jiang_long_baseline,power_0.84,19.26342405455451,crew_team_h,MX2,0.016859307993232653,search-dependent,300 325 380 425
jiang_long_baseline,power_0.84,19.26342405455451,shift_ot_h,425,0.038173670771157964,search-dependent,380 500 550 MX2
jiang_long_baseline,power_0.84,24.039607351964708,shift_h,425,0.03960510250500349,search-dependent,380 500 550 MX2
jiang_long_baseline,power_0.84,24.039607351964708,crew_veh_h,425,0.000382728992905923,search-dependent,380 500 MX2
jiang_long_baseline,power_0.84,24.039607351964708,crew_team_h,MX2,0.019290999411560872,search-dependent,300 325 380 425 MX1
jiang_long_baseline,power_0.84,24.039607351964708,shift_ot_h,425,0.03751542657357132,search-dependent,380 500 550 MX2
jiang_long_baseline,power_0.84,30.000000000000004,shift_h,425,0.027048454728517912,search-dependent,380 500 550 MX2
jiang_long_baseline,power_0.84,30.000000000000004,crew_veh_h,MX2,0.008962614056577056,search-dependent,425 500
jiang_long_baseline,power_0.84,30.000000000000004,crew_team_h,MX2,0.021922566992004455,search-dependent,300 425 MX1
jiang_long_baseline,power_0.84,30.000000000000004,shift_ot_h,425,0.025627659802708536,search-dependent,380 500 550 MX2
jiang_long_baseline,power_0.96,5.1,shift_h,425,0.018517405188925418,search-dependent,380 500 550 MX2
jiang_long_baseline,power_0.96,5.1,crew_veh_h,425,0.00030878025042246904,search-dependent,500 550
jiang_long_baseline,power_0.96,5.1,crew_team_h,425,0.0020007206203753736,search-dependent,300 325 380 500 MX2
jiang_long_baseline,power_0.96,5.1,shift_ot_h,425,0.011765635599874091,search-dependent,380 500 550 MX2
jiang_long_baseline,power_0.96,6.364496630910889,shift_h,425,0.02249689587528203,search-dependent,380 500 550 MX2
jiang_long_baseline,power_0.96,6.364496630910889,crew_veh_h,425,0.0046875978309905975,search-dependent,500 550
jiang_long_baseline,power_0.96,6.364496630910889,crew_team_h,MX2,0.0017790626089466688,search-dependent,300 325 380 425 500
jiang_long_baseline,power_0.96,6.364496630910889,shift_ot_h,425,0.01568308033414345,search-dependent,380 500 550 MX2
jiang_long_baseline,power_0.96,7.9425132087992285,shift_h,425,0.027176993190682897,search-dependent,380 500 550 MX2
jiang_long_baseline,power_0.96,7.9425132087992285,crew_veh_h,425,0.009842975901893425,search-dependent,500
jiang_long_baseline,power_0.96,7.9425132087992285,crew_team_h,MX2,0.006258280052934051,search-dependent,300 325 380 425
jiang_long_baseline,power_0.96,7.9425132087992285,shift_ot_h,425,0.02030602235542478,search-dependent,380 500 550 MX2
jiang_long_baseline,power_0.96,9.911784031052534,shift_h,425,0.0326137384520544,search-dependent,380 500 550 MX2
jiang_long_baseline,power_0.96,9.911784031052534,crew_veh_h,425,0.015839524771027458,search-dependent,500
jiang_long_baseline,power_0.96,9.911784031052534,crew_team_h,MX2,0.009086398533104889,search-dependent,300 325 380 425
jiang_long_baseline,power_0.96,9.911784031052534,shift_ot_h,425,0.025697954332616124,search-dependent,380 500 550 MX2
jiang_long_baseline,power_0.96,12.36931687685298,shift_h,425,0.0388399241128603,search-dependent,380 500 550 MX2
jiang_long_baseline,power_0.96,12.36931687685298,crew_veh_h,425,0.016567808196188638,search-dependent,500 MX2
jiang_long_baseline,power_0.96,12.36931687685298,crew_team_h,MX2,0.010410533713818282,search-dependent,300 325 380 425
jiang_long_baseline,power_0.96,12.36931687685298,shift_ot_h,425,0.03190149868387726,search-dependent,380 500 550 MX2
jiang_long_baseline,power_0.96,15.436171684196077,shift_h,425,0.045854655265022304,search-dependent,380 500 550 MX2
jiang_long_baseline,power_0.96,15.436171684196077,crew_veh_h,425,0.008160260191453217,search-dependent,500 MX2
jiang_long_baseline,power_0.96,15.436171684196077,crew_team_h,MX2,0.0119226234328067,search-dependent,300 325 380 425
jiang_long_baseline,power_0.96,15.436171684196077,shift_ot_h,425,0.038927677577887954,search-dependent,380 500 550 MX2
jiang_long_baseline,power_0.96,19.26342405455451,shift_h,425,0.04030687396662547,search-dependent,380 500 550 MX2
jiang_long_baseline,power_0.96,19.26342405455451,crew_veh_h,MX2,0.0011583551528360214,search-dependent,425 500
jiang_long_baseline,power_0.96,19.26342405455451,crew_team_h,MX2,0.01362072371160905,search-dependent,300 325 425 MX1
jiang_long_baseline,power_0.96,19.26342405455451,shift_ot_h,425,0.03806973037358885,search-dependent,380 500 550 MX2
jiang_long_baseline,power_0.96,24.039607351964708,shift_h,425,0.027021666195203187,search-dependent,380 500 550 MX2
jiang_long_baseline,power_0.96,24.039607351964708,crew_veh_h,MX2,0.01140522264582522,search-dependent,425
jiang_long_baseline,power_0.96,24.039607351964708,crew_team_h,MX2,0.015492288818570454,search-dependent,300 325 425 MX1
jiang_long_baseline,power_0.96,24.039607351964708,shift_ot_h,425,0.025511202819685774,search-dependent,380 500 550 MX2
jiang_long_baseline,power_0.96,30.000000000000004,shift_h,425,0.012935442398856356,search-dependent,300 380 500 550 MX1 MX2
jiang_long_baseline,power_0.96,30.000000000000004,crew_veh_h,MX2,0.0225262993210118,search-dependent,425
jiang_long_baseline,power_0.96,30.000000000000004,crew_team_h,MX2,0.017512882393669882,search-dependent,300 325 425 MX1
jiang_long_baseline,power_0.96,30.000000000000004,shift_ot_h,425,0.01210240381189931,search-dependent,300 380 500 550 MX1 MX2
jiang_long_tight,affine,5.1,shift_h,500,0.009671139250002181,search-dependent,380 425 550
jiang_long_tight,affine,5.1,crew_veh_h,500,0.0021608116028872804,search-dependent,425 550
jiang_long_tight,affine,5.1,crew_team_h,425,0.006653108891101489,search-dependent,325 380 500 MX2
jiang_long_tight,affine,5.1,shift_ot_h,500,0.009576766850992735,search-dependent,380 425 550
jiang_long_tight,affine,6.364496630910889,shift_h,500,0.011734393110204078,search-dependent,380 425 550
jiang_long_tight,affine,6.364496630910889,crew_veh_h,500,0.0012146660057916758,search-dependent,425 550
jiang_long_tight,affine,6.364496630910889,crew_team_h,425,0.002303667513365859,search-dependent,300 325 380 500 MX2
jiang_long_tight,affine,6.364496630910889,shift_ot_h,500,0.01162303172717305,search-dependent,380 425 550
jiang_long_tight,affine,7.9425132087992285,shift_h,500,0.014154104324551886,search-dependent,380 425 550
jiang_long_tight,affine,7.9425132087992285,crew_veh_h,500,0.0001114894418774437,search-dependent,425 550
jiang_long_tight,affine,7.9425132087992285,crew_team_h,MX2,0.0016586710887116496,search-dependent,300 325 380 425 500
jiang_long_tight,affine,7.9425132087992285,shift_ot_h,500,0.014024230358351986,search-dependent,380 425 550
jiang_long_tight,affine,9.911784031052534,shift_h,500,0.016955849032492365,search-dependent,380 425 550
jiang_long_tight,affine,9.911784031052534,crew_veh_h,425,0.001158612079930954,search-dependent,500 550
jiang_long_tight,affine,9.911784031052534,crew_team_h,MX2,0.0005183554074756902,search-dependent,300 325 380 425 500
jiang_long_tight,affine,9.911784031052534,shift_ot_h,500,0.01680644504434259,search-dependent,380 425 550
jiang_long_tight,affine,12.36931687685298,shift_h,500,0.020152377469790483,search-dependent,380 425 550
jiang_long_tight,affine,12.36931687685298,crew_veh_h,425,0.002600416561158392,search-dependent,500 550
jiang_long_tight,affine,12.36931687685298,crew_team_h,300,0.0007918924260150728,search-dependent,325 380 425 500 MX2
jiang_long_tight,affine,12.36931687685298,shift_ot_h,500,0.019983191616181006,search-dependent,380 425 550
jiang_long_tight,affine,15.436171684196077,shift_h,500,0.023738434783815432,search-dependent,380 425 550
jiang_long_tight,affine,15.436171684196077,crew_veh_h,425,0.00420879776418448,search-dependent,380 500 550
jiang_long_tight,affine,15.436171684196077,crew_team_h,300,0.0022767103353531493,search-dependent,325 380 425 MX2
jiang_long_tight,affine,15.436171684196077,shift_ot_h,500,0.023550231893897378,search-dependent,380 425 550
jiang_long_tight,affine,19.26342405455451,shift_h,500,0.027686296350141637,search-dependent,300 380 425 550 MX2
jiang_long_tight,affine,19.26342405455451,crew_veh_h,425,0.005968396645225749,search-dependent,380 500 550 MX2
jiang_long_tight,affine,19.26342405455451,crew_team_h,300,0.003930233368598879,search-dependent,325 380 425 MX2
jiang_long_tight,affine,19.26342405455451,shift_ot_h,500,0.027481046304521195,search-dependent,300 380 425 550 MX2
jiang_long_tight,affine,24.039607351964708,shift_h,500,0.02592922783167606,search-dependent,300 325 380 425 550 MX2
jiang_long_tight,affine,24.039607351964708,crew_veh_h,425,0.0012648202184029067,search-dependent,300 325 380 500 550 MX2
jiang_long_tight,affine,24.039607351964708,crew_team_h,300,0.005735795478797545,search-dependent,325 380 MX2
jiang_long_tight,affine,24.039607351964708,shift_ot_h,500,0.026238267832926265,search-dependent,300 325 380 425 550 MX2
jiang_long_tight,affine,30.000000000000004,shift_h,500,0.013959454745301914,search-dependent,300 325 380 425 550 MX2
jiang_long_tight,affine,30.000000000000004,crew_veh_h,MX2,0.007060226545517301,search-dependent,300 325 380 425 500
jiang_long_tight,affine,30.000000000000004,crew_team_h,300,0.007665555630897547,search-dependent,325 380 MX1 MX2
jiang_long_tight,affine,30.000000000000004,shift_ot_h,500,0.014317124160041494,search-dependent,300 325 380 425 550 MX2
jiang_long_tight,piecewise,5.1,shift_h,500,0.010457016795984098,search-dependent,380 425 550
jiang_long_tight,piecewise,5.1,crew_veh_h,500,0.0011098722298261698,search-dependent,425 550
jiang_long_tight,piecewise,5.1,crew_team_h,425,0.0044254912350920605,search-dependent,300 325 380 500 MX2
jiang_long_tight,piecewise,5.1,shift_ot_h,500,0.010355357992184677,search-dependent,380 425 550
jiang_long_tight,piecewise,6.364496630910889,shift_h,500,0.012677698095920675,search-dependent,380 425 550
jiang_long_tight,piecewise,6.364496630910889,crew_veh_h,425,5.1221348483343476e-05,search-dependent,500 550
jiang_long_tight,piecewise,6.364496630910889,crew_team_h,MX2,0.00037543953446106393,search-dependent,300 325 380 425 500
jiang_long_tight,piecewise,6.364496630910889,shift_ot_h,500,0.012557931227775043,search-dependent,380 425 550
jiang_long_tight,piecewise,7.9425132087992285,shift_h,500,0.01527747532827739,search-dependent,380 425 550
jiang_long_tight,piecewise,7.9425132087992285,crew_veh_h,425,0.0014044340945316147,search-dependent,500 550
jiang_long_tight,piecewise,7.9425132087992285,crew_team_h,MX2,0.0012711992662057803,search-dependent,300 325 380 425 500
jiang_long_tight,piecewise,7.9425132087992285,shift_ot_h,500,0.015138061402715008,search-dependent,380 425 550
jiang_long_tight,piecewise,9.911784031052534,shift_h,500,0.018281584242038962,search-dependent,380 425 550
jiang_long_tight,piecewise,9.911784031052534,crew_veh_h,425,0.0029618909424464768,search-dependent,500 550
jiang_long_tight,piecewise,9.911784031052534,crew_team_h,MX2,5.4747583832837066e-05,search-dependent,300 325 380 425
jiang_long_tight,piecewise,9.911784031052534,shift_ot_h,500,0.01812155486887934,search-dependent,380 425 550
jiang_long_tight,piecewise,12.36931687685298,shift_h,500,0.02170098164663803,search-dependent,380 425 550
jiang_long_tight,piecewise,12.36931687685298,crew_veh_h,425,0.004726593814866398,search-dependent,380 500 550
jiang_long_tight,piecewise,12.36931687685298,crew_team_h,300,0.0013432912775674932,search-dependent,325 380 425 MX2
jiang_long_tight,piecewise,12.36931687685298,shift_ot_h,500,0.021520213259441645,search-dependent,380 425 550
jiang_long_tight,piecewise,15.436171684196077,shift_h,500,0.025526943980766603,search-dependent,300 380 425 550
jiang_long_tight,piecewise,15.436171684196077,crew_veh_h,425,0.006691024204471097,search-dependent,380 500 550 MX2
jiang_long_tight,piecewise,15.436171684196077,crew_team_h,300,0.0029271472399654552,search-dependent,325 380 MX2
jiang_long_tight,piecewise,15.436171684196077,shift_ot_h,500,0.025326415895180476,search-dependent,300 380 425 550
jiang_long_tight,piecewise,19.26342405455451,shift_h,500,0.029726588118069053,search-dependent,300 325 380 425 550 MX2
jiang_long_tight,piecewise,19.26342405455451,crew_veh_h,425,0.007068426053157717,search-dependent,380 500 550 MX2
jiang_long_tight,piecewise,19.26342405455451,crew_team_h,300,0.0046899974493999075,search-dependent,325 380 MX2
jiang_long_tight,piecewise,19.26342405455451,shift_ot_h,500,0.029508565312549973,search-dependent,300 325 380 425 550 MX2
jiang_long_tight,piecewise,24.039607351964708,shift_h,500,0.019802893942260535,search-dependent,300 325 380 425 550 MX2
jiang_long_tight,piecewise,24.039607351964708,crew_veh_h,MX2,0.005806026725005076,search-dependent,300 325 380 425 500
jiang_long_tight,piecewise,24.039607351964708,crew_team_h,300,0.0066137804868313665,search-dependent,325 380 MX2
jiang_long_tight,piecewise,24.039607351964708,shift_ot_h,500,0.02014962729877423,search-dependent,300 325 380 425 550 MX2
jiang_long_tight,piecewise,30.000000000000004,shift_h,500,0.00715321698040472,search-dependent,300 325 380 425 550 MX2
jiang_long_tight,piecewise,30.000000000000004,crew_veh_h,MX2,0.011807969693259368,search-dependent,300 325 380 425 500
jiang_long_tight,piecewise,30.000000000000004,crew_team_h,300,0.008668557476794625,search-dependent,325 380 MX1 MX2
jiang_long_tight,piecewise,30.000000000000004,shift_ot_h,500,0.007547957442523234,search-dependent,300 325 380 425 550 MX2
jiang_long_tight,power_0.72,5.1,shift_h,500,0.007846708927469859,search-dependent,380 425 550
jiang_long_tight,power_0.72,5.1,crew_veh_h,500,0.00445210274931318,search-dependent,425 550
jiang_long_tight,power_0.72,5.1,crew_team_h,425,0.007058606570339521,search-dependent,380 500
jiang_long_tight,power_0.72,5.1,shift_ot_h,500,0.007769750318304958,search-dependent,380 425 550
jiang_long_tight,power_0.72,6.364496630910889,shift_h,500,0.009531176296523114,search-dependent,380 425 550
jiang_long_tight,power_0.72,6.364496630910889,crew_veh_h,500,0.0039841746693505264,search-dependent,425 550
jiang_long_tight,power_0.72,6.364496630910889,crew_team_h,425,0.004878915822772223,search-dependent,300 325 380 500 MX2
jiang_long_tight,power_0.72,6.364496630910889,shift_ot_h,500,0.009440165102460707,search-dependent,380 425 550
jiang_long_tight,power_0.72,7.9425132087992285,shift_h,500,0.011511372823965749,search-dependent,380 425 550
jiang_long_tight,power_0.72,7.9425132087992285,crew_veh_h,500,0.003437182643624359,search-dependent,425 550
jiang_long_tight,power_0.72,7.9425132087992285,crew_team_h,425,0.0003019921556042249,search-dependent,300 325 380 500 550 MX2
jiang_long_tight,power_0.72,7.9425132087992285,shift_ot_h,500,0.01140495957453802,search-dependent,380 425 550
jiang_long_tight,power_0.72,9.911784031052534,shift_h,500,0.013810590916602639,search-dependent,380 425 550
jiang_long_tight,power_0.72,9.911784031052534,crew_veh_h,500,0.0028062139490323545,search-dependent,425 550
jiang_long_tight,power_0.72,9.911784031052534,crew_team_h,MX2,0.002147836346436227,search-dependent,300 325 380 425 500
jiang_long_tight,power_0.72,9.911784031052534,shift_ot_h,500,0.013687811034428066,search-dependent,380 425 550
jiang_long_tight,power_0.72,12.36931687685298,shift_h,500,0.01644218350450788,search-dependent,380 425 550
jiang_long_tight,power_0.72,12.36931687685298,crew_veh_h,500,0.002089444137812313,search-dependent,425 550
jiang_long_tight,power_0.72,12.36931687685298,crew_team_h,MX2,0.0011496238782728874,search-dependent,300 325 380 425 500
jiang_long_tight,power_0.72,12.36931687685298,shift_ot_h,500,0.0163026734890952,search-dependent,380 425 550
jiang_long_tight,power_0.72,15.436171684196077,shift_h,500,0.019405172319911568,search-dependent,380 425 550
jiang_long_tight,power_0.72,15.436171684196077,crew_veh_h,500,0.0012892423036194867,search-dependent,380 425 550
jiang_long_tight,power_0.72,15.436171684196077,crew_team_h,MX2,2.0313165117302745e-05,search-dependent,300 325 380 425 500
jiang_long_tight,power_0.72,15.436171684196077,shift_ot_h,500,0.01924938662370801,search-dependent,380 425 550
jiang_long_tight,power_0.72,19.26342405455451,shift_h,500,0.02268027528294092,search-dependent,380 425 550
jiang_long_tight,power_0.72,19.26342405455451,crew_veh_h,500,0.00041305544331748933,search-dependent,380 425 550 MX2
jiang_long_tight,power_0.72,19.26342405455451,crew_team_h,300,0.001236180694828004,search-dependent,325 380 425 500 MX2
jiang_long_tight,power_0.72,19.26342405455451,shift_ot_h,500,0.02250966053743153,search-dependent,380 425 550
jiang_long_tight,power_0.72,24.039607351964708,shift_h,500,0.02622732775374992,search-dependent,300 380 425 550 MX2
jiang_long_tight,power_0.72,24.039607351964708,crew_veh_h,425,0.0005264688068440382,search-dependent,380 500 550 MX2
jiang_long_tight,power_0.72,24.039607351964708,crew_team_h,300,0.0026086163152521102,search-dependent,325 380 425 500 MX2
jiang_long_tight,power_0.72,24.039607351964708,shift_ot_h,500,0.02604440242194861,search-dependent,300 380 425 550 MX2
jiang_long_tight,power_0.72,30.000000000000004,shift_h,500,0.02701444294323241,search-dependent,300 325 380 425 550 MX2
jiang_long_tight,power_0.72,30.000000000000004,crew_veh_h,MX2,0.0037088890249832307,search-dependent,300 325 380 425 500 550
jiang_long_tight,power_0.72,30.000000000000004,crew_team_h,300,0.004075929505749087,search-dependent,325 380 MX1 MX2
jiang_long_tight,power_0.72,30.000000000000004,shift_ot_h,500,0.027295619185341513,search-dependent,300 325 380 425 550 MX2
jiang_long_tight,power_0.84,5.1,shift_h,500,0.009830941586159714,search-dependent,380 425 550
jiang_long_tight,power_0.84,5.1,crew_veh_h,500,0.0018357465295404385,search-dependent,425 550
jiang_long_tight,power_0.84,5.1,crew_team_h,425,0.004096732640860301,search-dependent,300 325 380 500 MX2
jiang_long_tight,power_0.84,5.1,shift_ot_h,500,0.009735324766299458,search-dependent,380 425 550
jiang_long_tight,power_0.84,6.364496630910889,shift_h,500,0.01191985696753961,search-dependent,380 425 550
jiang_long_tight,power_0.84,6.364496630910889,crew_veh_h,500,0.0008257649991525451,search-dependent,425 550
jiang_long_tight,power_0.84,6.364496630910889,crew_team_h,MX2,0.0007724514828497675,search-dependent,300 325 380 425 500
jiang_long_tight,power_0.84,6.364496630910889,shift_ot_h,500,0.011807185929059827,search-dependent,380 425 550
jiang_long_tight,power_0.84,7.9425132087992285,shift_h,500,0.014365904026462095,search-dependent,380 425 550
jiang_long_tight,power_0.84,7.9425132087992285,crew_veh_h,425,0.0003500200800530262,search-dependent,500 550
jiang_long_tight,power_0.84,7.9425132087992285,crew_team_h,MX2,0.0018906519438492975,search-dependent,300 325 380 425 500
jiang_long_tight,power_0.84,7.9425132087992285,shift_ot_h,500,0.014234719431608145,search-dependent,380 425 550
jiang_long_tight,power_0.84,9.911784031052534,shift_h,500,0.017193085622921656,search-dependent,380 425 550
jiang_long_tight,power_0.84,9.911784031052534,crew_veh_h,425,0.0017023355921588212,search-dependent,500 550
jiang_long_tight,power_0.84,9.911784031052534,crew_team_h,MX2,0.0007986823837853319,search-dependent,300 325 380 425 500
jiang_long_tight,power_0.84,9.911784031052534,shift_ot_h,500,0.017042461947686327,search-dependent,380 425 550
jiang_long_tight,power_0.84,12.36931687685298,shift_h,500,0.02041202635097039,search-dependent,380 425 550
jiang_long_tight,power_0.84,12.36931687685298,crew_veh_h,425,0.0032344058175381996,search-dependent,500 550
jiang_long_tight,power_0.84,12.36931687685298,crew_team_h,300,0.00045497314724363136,search-dependent,325 380 425 MX2
jiang_long_tight,power_0.84,12.36931687685298,shift_ot_h,500,0.02024183044872596,search-dependent,380 425 550
jiang_long_tight,power_0.84,15.436171684196077,shift_h,500,0.02401487091166321,search-dependent,300 380 425 550
jiang_long_tight,power_0.84,15.436171684196077,crew_veh_h,425,0.0049396323130352915,search-dependent,380 500 550 MX2
jiang_long_tight,power_0.84,15.436171684196077,crew_team_h,300,0.0018742190720537621,search-dependent,325 380 425 MX2
jiang_long_tight,power_0.84,15.436171684196077,shift_ot_h,500,0.023826006200608374,search-dependent,380 425 550
jiang_long_tight,power_0.84,19.26342405455451,shift_h,500,0.027971032461142187,search-dependent,300 325 380 425 550 MX2
jiang_long_tight,power_0.84,19.26342405455451,crew_veh_h,425,0.006155760590411008,search-dependent,380 500 550 MX2
jiang_long_tight,power_0.84,19.26342405455451,crew_team_h,300,0.003453460193762581,search-dependent,325 380 MX2
jiang_long_tight,power_0.84,19.26342405455451,shift_ot_h,500,0.027765613185693372,search-dependent,300 325 380 425 550 MX2
jiang_long_tight,power_0.84,24.039607351964708,shift_h,500,0.02266976140732213,search-dependent,300 325 380 425 550 MX2
jiang_long_tight,power_0.84,24.039607351964708,crew_veh_h,MX2,0.006858390711275808,search-dependent,300 325 380 425 500
jiang_long_tight,power_0.84,24.039607351964708,crew_team_h,300,0.005176396150875284,search-dependent,325 380 MX1 MX2
jiang_long_tight,power_0.84,24.039607351964708,shift_ot_h,500,0.022997577038411432,search-dependent,300 325 380 425 550 MX2
jiang_long_tight,power_0.84,30.000000000000004,shift_h,500,0.01039576919195806,search-dependent,300 325 380 425 550 MX2
jiang_long_tight,power_0.84,30.000000000000004,crew_veh_h,MX2,0.013852335130434712,search-dependent,300 325 380 425 500
jiang_long_tight,power_0.84,30.000000000000004,crew_team_h,300,0.007016101476560177,search-dependent,325 380 MX1 MX2
jiang_long_tight,power_0.84,30.000000000000004,shift_ot_h,500,0.010771113164573576,search-dependent,300 325 380 425 550 MX2
jiang_long_tight,power_0.96,5.1,shift_h,500,0.012058839371299035,search-dependent,380 425 550
jiang_long_tight,power_0.96,5.1,crew_veh_h,425,0.0010658988919065582,search-dependent,500 550
jiang_long_tight,power_0.96,5.1,crew_team_h,MX2,0.0007524098116127309,search-dependent,300 325 380 425 500
jiang_long_tight,power_0.96,5.1,shift_ot_h,500,0.011942595726642802,search-dependent,380 425 550
jiang_long_tight,power_0.96,6.364496630910889,shift_h,500,0.014593331080456462,search-dependent,380 425 550
jiang_long_tight,power_0.96,6.364496630910889,crew_veh_h,425,0.0026693874457968114,search-dependent,500 550
jiang_long_tight,power_0.96,6.364496630910889,crew_team_h,MX2,0.0017286461955219323,search-dependent,300 325 380 425
jiang_long_tight,power_0.96,6.364496630910889,shift_ot_h,500,0.01445687280215835,search-dependent,380 425 550
jiang_long_tight,power_0.96,7.9425132087992285,shift_h,500,0.01754890235812656,search-dependent,380 425 550
jiang_long_tight,power_0.96,7.9425132087992285,crew_veh_h,425,0.004534090380620137,search-dependent,500 550
jiang_long_tight,power_0.96,7.9425132087992285,crew_team_h,MX2,0.000564242608175558,search-dependent,300 325 380 425
jiang_long_tight,power_0.96,7.9425132087992285,shift_ot_h,500,0.017390724806989777,search-dependent,380 425 550
jiang_long_tight,power_0.96,9.911784031052534,shift_h,500,0.020948673144713492,search-dependent,380 425 550
jiang_long_tight,power_0.96,9.911784031052534,crew_veh_h,425,0.006672165597954249,search-dependent,500
jiang_long_tight,power_0.96,9.911784031052534,crew_team_h,300,0.0007901268411119045,search-dependent,325 380 425 MX2
jiang_long_tight,power_0.96,9.911784031052534,shift_ot_h,500,0.02076798312498629,search-dependent,380 425 550
jiang_long_tight,power_0.96,12.36931687685298,shift_h,500,0.024798395169362886,search-dependent,300 380 425 550
jiang_long_tight,power_0.96,12.36931687685298,crew_veh_h,425,0.009084371193396557,search-dependent,380 500
jiang_long_tight,power_0.96,12.36931687685298,crew_team_h,300,0.002346752432285548,search-dependent,325 380 MX2
jiang_long_tight,power_0.96,12.36931687685298,shift_ot_h,500,0.024595408714949807,search-dependent,380 425 550
jiang_long_tight,power_0.96,15.436171684196077,shift_h,500,0.029080772196532045,search-dependent,300 325 380 425 550 MX2
jiang_long_tight,power_0.96,15.436171684196077,crew_veh_h,425,0.006598181634390299,search-dependent,380 500 MX2
jiang_long_tight,power_0.96,15.436171684196077,crew_team_h,300,0.004108194627445494,search-dependent,325 380 MX2
jiang_long_tight,power_0.96,15.436171684196077,shift_ot_h,500,0.028856976202453533,search-dependent,300 325 380 425 550 MX2
jiang_long_tight,power_0.96,19.26342405455451,shift_h,500,0.020459464695605112,search-dependent,300 325 380 425 550 MX2
jiang_long_tight,power_0.96,19.26342405455451,crew_veh_h,MX2,0.007207338241300043,search-dependent,325 380 425 500
jiang_long_tight,power_0.96,19.26342405455451,crew_team_h,300,0.006066103898005659,search-dependent,325 380 MX2
jiang_long_tight,power_0.96,19.26342405455451,shift_ot_h,500,0.02082133647819595,search-dependent,300 325 380 425 550 MX2
jiang_long_tight,power_0.96,24.039607351964708,shift_h,500,0.0070700493594051395,search-dependent,300 325 380 425 550 MX2
jiang_long_tight,power_0.96,24.039607351964708,crew_veh_h,MX2,0.016570345944156406,search-dependent,300 325 380 425 500
jiang_long_tight,power_0.96,24.039607351964708,crew_team_h,300,0.008199638357108574,search-dependent,325 MX1 MX2
jiang_long_tight,power_0.96,24.039607351964708,shift_ot_h,500,0.0074912759801892825,search-dependent,300 325 380 425 550 MX2
jiang_long_tight,power_0.96,30.000000000000004,shift_h,380,0.006944870246852419,search-dependent,300 325 425 500 550 MX2
jiang_long_tight,power_0.96,30.000000000000004,crew_veh_h,MX2,0.018316336521814636,search-dependent,300 325 380 425
jiang_long_tight,power_0.96,30.000000000000004,crew_team_h,300,0.010474866910904268,search-dependent,325 MX1 MX2
jiang_long_tight,power_0.96,30.000000000000004,shift_ot_h,380,0.006471805049047097,search-dependent,300 325 425 500 550 MX2
jiang_massdep_baseline,affine,5.1,shift_h,425,0.01472025127481369,search-dependent,325 380 500 550 MX2
jiang_massdep_baseline,affine,5.1,crew_veh_h,500,0.010490224843371587,search-dependent,425 550
jiang_massdep_baseline,affine,5.1,crew_team_h,425,0.005716840215202801,search-dependent,380 500 550
jiang_massdep_baseline,affine,5.1,shift_ot_h,425,0.007792311123818285,search-dependent,325 380 500 550
jiang_massdep_baseline,affine,6.364496630910889,shift_h,425,0.017916956583133636,search-dependent,325 380 500 550 MX2
jiang_massdep_baseline,affine,6.364496630910889,crew_veh_h,500,0.0069925087984819,search-dependent,425 550
jiang_massdep_baseline,affine,6.364496630910889,crew_team_h,425,0.009385439760569492,search-dependent,380 500 550 MX2
jiang_massdep_baseline,affine,6.364496630910889,shift_ot_h,425,0.01103645267369524,search-dependent,325 380 500 550
jiang_massdep_baseline,affine,7.9425132087992285,shift_h,425,0.02169169628512213,search-dependent,325 380 500 550 MX2
jiang_massdep_baseline,affine,7.9425132087992285,crew_veh_h,500,0.0021879157829047813,search-dependent,425 550
jiang_massdep_baseline,affine,7.9425132087992285,crew_team_h,425,0.009351473709290348,search-dependent,325 380 500 MX2
jiang_massdep_baseline,affine,7.9425132087992285,shift_ot_h,425,0.014874956568072806,search-dependent,325 380 500 550 MX2
jiang_massdep_baseline,affine,9.911784031052534,shift_h,425,0.02609753227479672,search-dependent,325 380 500 550 MX2
jiang_massdep_baseline,affine,9.911784031052534,crew_veh_h,425,0.0033536679640073785,search-dependent,500 550
jiang_massdep_baseline,affine,9.911784031052534,crew_team_h,425,0.006245982406615891,search-dependent,325 380 500 MX2
jiang_massdep_baseline,affine,9.911784031052534,shift_ot_h,425,0.019365867750503973,search-dependent,325 380 500 550 MX2
jiang_massdep_baseline,affine,12.36931687685298,shift_h,425,0.03117081525734644,search-dependent,325 380 500 550 MX2
jiang_massdep_baseline,affine,12.36931687685298,crew_veh_h,425,0.009702771976414892,search-dependent,500 550
jiang_massdep_baseline,affine,12.36931687685298,crew_team_h,425,0.0026894813898348247,search-dependent,300 325 380 500 MX2
jiang_massdep_baseline,affine,12.36931687685298,shift_ot_h,425,0.02455137933234619,search-dependent,325 380 500 550 MX2
jiang_massdep_baseline,affine,15.436171684196077,shift_h,425,0.03692237112421726,search-dependent,325 380 500 550 MX2
jiang_massdep_baseline,affine,15.436171684196077,crew_veh_h,425,0.016866662343202554,search-dependent,500 550 MX2
jiang_massdep_baseline,affine,15.436171684196077,crew_team_h,MX2,0.0013192880867118895,search-dependent,300 325 380 425 500
jiang_massdep_baseline,affine,15.436171684196077,shift_ot_h,425,0.030448718573933498,search-dependent,325 380 500 550 MX2
jiang_massdep_baseline,affine,19.26342405455451,shift_h,425,0.04332886836011429,search-dependent,325 380 500 550 MX2
jiang_massdep_baseline,affine,19.26342405455451,crew_veh_h,425,0.0162544601161132,search-dependent,500 550 MX2
jiang_massdep_baseline,affine,19.26342405455451,crew_team_h,MX2,0.0050006515952372155,search-dependent,300 325 380 425 500
jiang_massdep_baseline,affine,19.26342405455451,shift_ot_h,425,0.037040924231457995,search-dependent,325 380 500 550 MX2
jiang_massdep_baseline,affine,24.039607351964708,shift_h,425,0.050326178597214444,search-dependent,325 380 500 550 MX2
jiang_massdep_baseline,affine,24.039607351964708,crew_veh_h,425,0.009920534024951744,search-dependent,500 MX2
jiang_massdep_baseline,affine,24.039607351964708,crew_team_h,MX2,0.004252768124383577,search-dependent,300 325 380 425 500 MX1
jiang_massdep_baseline,affine,24.039607351964708,shift_ot_h,425,0.044269312218897516,search-dependent,325 380 500 550 MX2
jiang_massdep_baseline,affine,30.000000000000004,shift_h,425,0.05477055575845213,search-dependent,325 380 500 550 MX2
jiang_massdep_baseline,affine,30.000000000000004,crew_veh_h,425,0.003191561067836579,search-dependent,500 MX2
jiang_massdep_baseline,affine,30.000000000000004,crew_team_h,MX2,0.0034517916850069774,search-dependent,300 325 380 425 MX1
jiang_massdep_baseline,affine,30.000000000000004,shift_ot_h,425,0.052029809114386705,search-dependent,325 380 500 550 MX2
jiang_massdep_baseline,piecewise,5.1,shift_h,425,0.015935481591964784,search-dependent,325 380 500 550 MX2
jiang_massdep_baseline,piecewise,5.1,crew_veh_h,500,0.009726882104268197,search-dependent,425 550
jiang_massdep_baseline,piecewise,5.1,crew_team_h,425,0.007048110488903081,search-dependent,380 500 550
jiang_massdep_baseline,piecewise,5.1,shift_ot_h,425,0.00897930649712464,search-dependent,325 380 500 550
jiang_massdep_baseline,piecewise,6.364496630910889,shift_h,425,0.019385186456015058,search-dependent,325 380 500 550 MX2
jiang_massdep_baseline,piecewise,6.364496630910889,crew_veh_h,500,0.005339855960927675,search-dependent,425 550
jiang_massdep_baseline,piecewise,6.364496630910889,crew_team_h,425,0.010036756291244453,search-dependent,380 500 MX2
jiang_massdep_baseline,piecewise,6.364496630910889,shift_ot_h,425,0.012471923856947953,search-dependent,325 380 500 550 MX2
jiang_massdep_baseline,piecewise,7.9425132087992285,shift_h,425,0.023453682577825985,search-dependent,325 380 500 550 MX2
jiang_massdep_baseline,piecewise,7.9425132087992285,crew_veh_h,500,0.00023058312293544603,search-dependent,425 550
jiang_massdep_baseline,piecewise,7.9425132087992285,crew_team_h,425,0.006962531563446062,search-dependent,325 380 500 MX2
jiang_massdep_baseline,piecewise,7.9425132087992285,shift_ot_h,425,0.0165995224890938,search-dependent,325 380 500 550 MX2
jiang_massdep_baseline,piecewise,9.911784031052534,shift_h,425,0.02819556577963711,search-dependent,325 380 500 550 MX2
jiang_massdep_baseline,piecewise,9.911784031052534,crew_veh_h,425,0.005669752330411448,search-dependent,500 550
jiang_massdep_baseline,piecewise,9.911784031052534,crew_team_h,425,0.0033966392558886227,search-dependent,300 325 380 500 MX2
jiang_massdep_baseline,piecewise,9.911784031052534,shift_ot_h,425,0.02142192890358019,search-dependent,325 380 500 550 MX2
jiang_massdep_baseline,piecewise,12.36931687685298,shift_h,425,0.03364672284226122,search-dependent,325 380 500 550 MX2
jiang_massdep_baseline,piecewise,12.36931687685298,crew_veh_h,425,0.012423961133792849,search-dependent,500 550
jiang_massdep_baseline,piecewise,12.36931687685298,crew_team_h,MX2,0.0006804493460426109,search-dependent,300 325 380 425 500
jiang_massdep_baseline,piecewise,12.36931687685298,shift_ot_h,425,0.026981193294192796,search-dependent,325 380 500 550 MX2
jiang_massdep_baseline,piecewise,15.436171684196077,shift_h,425,0.03981494684782172,search-dependent,325 380 500 550 MX2
jiang_massdep_baseline,piecewise,15.436171684196077,crew_veh_h,425,0.0180360802723063,search-dependent,500 550 MX2
jiang_massdep_baseline,piecewise,15.436171684196077,crew_team_h,MX2,0.005291779049483303,search-dependent,300 325 380 425 500
jiang_massdep_baseline,piecewise,15.436171684196077,shift_ot_h,425,0.03329188030522934,search-dependent,325 380 500 550 MX2
jiang_massdep_baseline,piecewise,19.26342405455451,shift_h,425,0.04667093360776953,search-dependent,325 380 500 550 MX2
jiang_massdep_baseline,piecewise,19.26342405455451,crew_veh_h,425,0.01156491746033983,search-dependent,500 MX2
jiang_massdep_baseline,piecewise,19.26342405455451,crew_team_h,MX2,0.004834108972088691,search-dependent,300 325 380 425 500
jiang_massdep_baseline,piecewise,19.26342405455451,shift_ot_h,425,0.04033142841530979,search-dependent,325 380 500 550 MX2
jiang_massdep_baseline,piecewise,24.039607351964708,shift_h,425,0.05414163368349345,search-dependent,325 380 500 550 MX2
jiang_massdep_baseline,piecewise,24.039607351964708,crew_veh_h,425,0.00455500726621394,search-dependent,500 MX2
jiang_massdep_baseline,piecewise,24.039607351964708,crew_team_h,MX2,0.004062255669492476,search-dependent,300 325 380 425 MX1
jiang_massdep_baseline,piecewise,24.039607351964708,shift_ot_h,425,0.048032541199329204,search-dependent,325 380 500 550 MX2
jiang_massdep_baseline,piecewise,30.000000000000004,shift_h,425,0.04821611803768011,search-dependent,325 380 500 550 MX2
jiang_massdep_baseline,piecewise,30.000000000000004,crew_veh_h,MX2,0.0028812291496966846,search-dependent,425 500
jiang_massdep_baseline,piecewise,30.000000000000004,crew_team_h,MX2,0.003236562351527139,search-dependent,300 325 380 425 MX1
jiang_massdep_baseline,piecewise,30.000000000000004,shift_ot_h,425,0.05222192189689001,search-dependent,325 380 500 550 MX2
jiang_massdep_baseline,power_0.72,5.1,shift_h,425,0.012349076268830084,search-dependent,325 380 500 550 MX2
jiang_massdep_baseline,power_0.72,5.1,crew_veh_h,500,0.008514979210565876,search-dependent,425 550
jiang_massdep_baseline,power_0.72,5.1,crew_team_h,425,0.0031401620989064405,search-dependent,380 500 550
jiang_massdep_baseline,power_0.72,5.1,shift_ot_h,425,0.005491821847693368,search-dependent,325 380 500 550
jiang_massdep_baseline,power_0.72,6.364496630910889,shift_h,425,0.015039945955546141,search-dependent,325 380 500 550 MX2
jiang_massdep_baseline,power_0.72,6.364496630910889,crew_veh_h,500,0.010173363741555308,search-dependent,425 550
jiang_massdep_baseline,power_0.72,6.364496630910889,crew_team_h,425,0.00626633798368692,search-dependent,380 500 550
jiang_massdep_baseline,power_0.72,6.364496630910889,shift_ot_h,425,0.008242745454242195,search-dependent,325 380 500 550
jiang_massdep_baseline,power_0.72,7.9425132087992285,shift_h,425,0.01822158102609417,search-dependent,325 380 500 550 MX2
jiang_massdep_baseline,power_0.72,7.9425132087992285,crew_veh_h,500,0.0059803440820835885,search-dependent,425 550
jiang_massdep_baseline,power_0.72,7.9425132087992285,crew_team_h,425,0.009948107948382079,search-dependent,380 500 550 MX2
jiang_massdep_baseline,power_0.72,7.9425132087992285,shift_ot_h,425,0.011501832004410906,search-dependent,325 380 500 550 MX2
jiang_massdep_baseline,power_0.72,9.911784031052534,shift_h,425,0.021940912550464153,search-dependent,325 380 500 550 MX2
jiang_massdep_baseline,power_0.72,9.911784031052534,crew_veh_h,500,0.0011396617388073071,search-dependent,425 550
jiang_massdep_baseline,power_0.72,9.911784031052534,crew_team_h,425,0.008747521009312642,search-dependent,325 380 500 550 MX2
jiang_massdep_baseline,power_0.72,9.911784031052534,shift_ot_h,425,0.015320586441859962,search-dependent,325 380 500 550 MX2
jiang_massdep_baseline,power_0.72,12.36931687685298,shift_h,425,0.026231397446737414,search-dependent,325 380 500 550 MX2
jiang_massdep_baseline,power_0.72,12.36931687685298,crew_veh_h,425,0.004383519765132071,search-dependent,500 550
jiang_massdep_baseline,power_0.72,12.36931687685298,crew_team_h,425,0.00564920839969596,search-dependent,300 325 380 500 550 MX2
jiang_massdep_baseline,power_0.72,12.36931687685298,shift_ot_h,425,0.019737699452792024,search-dependent,325 380 500 550 MX2
jiang_massdep_baseline,power_0.72,15.436171684196077,shift_h,425,0.031105504394480787,search-dependent,325 380 500 550 MX2
jiang_massdep_baseline,power_0.72,15.436171684196077,crew_veh_h,425,0.01062730082137664,search-dependent,500 550 MX2
jiang_massdep_baseline,power_0.72,15.436171684196077,crew_team_h,425,0.0021508975483095494,search-dependent,300 325 380 500 MX2
jiang_massdep_baseline,power_0.72,15.436171684196077,shift_ot_h,425,0.024771243539911447,search-dependent,325 380 500 550 MX2
jiang_massdep_baseline,power_0.72,19.26342405455451,shift_h,425,0.036547194210421186,search-dependent,325 380 500 550 MX2
jiang_massdep_baseline,power_0.72,19.26342405455451,crew_veh_h,425,0.01756170185769812,search-dependent,500 550 MX2
jiang_massdep_baseline,power_0.72,19.26342405455451,crew_team_h,MX2,0.00173107542201123,search-dependent,300 325 380 425 500
jiang_massdep_baseline,power_0.72,19.26342405455451,shift_ot_h,425,0.03041061832825287,search-dependent,325 380 500 550 MX2
jiang_massdep_baseline,power_0.72,24.039607351964708,shift_h,425,0.04250589877576627,search-dependent,325 380 500 550 MX2
jiang_massdep_baseline,power_0.72,24.039607351964708,crew_veh_h,425,0.014680364084012298,search-dependent,500 550 MX2
jiang_massdep_baseline,power_0.72,24.039607351964708,crew_team_h,MX2,0.005979178706319033,search-dependent,300 325 380 425 500 MX1
jiang_massdep_baseline,power_0.72,24.039607351964708,shift_ot_h,425,0.036609739243444794,search-dependent,325 380 500 550 MX2
jiang_massdep_baseline,power_0.72,30.000000000000004,shift_h,425,0.048893792001764025,search-dependent,325 380 500 550 MX2
jiang_massdep_baseline,power_0.72,30.000000000000004,crew_veh_h,425,0.008572064024882309,search-dependent,500 550 MX2
jiang_massdep_baseline,power_0.72,30.000000000000004,crew_team_h,MX2,0.0069407309117957006,search-dependent,300 325 380 425 500 MX1
jiang_massdep_baseline,power_0.72,30.000000000000004,shift_ot_h,425,0.043283339200688165,search-dependent,325 380 500 550 MX2
jiang_massdep_baseline,power_0.84,5.1,shift_h,425,0.015280517414659522,search-dependent,325 380 500 550 MX2
jiang_massdep_baseline,power_0.84,5.1,crew_veh_h,500,0.010428401682593735,search-dependent,425 550
jiang_massdep_baseline,power_0.84,5.1,crew_team_h,425,0.006345798351464094,search-dependent,380 500 550
jiang_massdep_baseline,power_0.84,5.1,shift_ot_h,425,0.00835003862704009,search-dependent,325 380 500 550
jiang_massdep_baseline,power_0.84,6.364496630910889,shift_h,425,0.018587730922017043,search-dependent,325 380 500 550 MX2
jiang_massdep_baseline,power_0.84,6.364496630910889,crew_veh_h,500,0.006185699274153356,search-dependent,425 550
jiang_massdep_baseline,power_0.84,6.364496630910889,crew_team_h,425,0.009627963169012821,search-dependent,380 500 550 MX2
jiang_massdep_baseline,power_0.84,6.364496630910889,shift_ot_h,425,0.01170501993332862,search-dependent,325 380 500 550 MX2
jiang_massdep_baseline,power_0.84,7.9425132087992285,shift_h,425,0.02248785387580532,search-dependent,325 380 500 550 MX2
jiang_massdep_baseline,power_0.84,7.9425132087992285,crew_veh_h,500,0.0012433690186262059,search-dependent,425 550
jiang_massdep_baseline,power_0.84,7.9425132087992285,crew_team_h,425,0.006469910631137443,search-dependent,325 380 500 MX2
jiang_massdep_baseline,power_0.84,7.9425132087992285,shift_ot_h,425,0.01566964185836084,search-dependent,325 380 500 550 MX2
jiang_massdep_baseline,power_0.84,9.911784031052534,shift_h,425,0.027033055747785584,search-dependent,325 380 500 550 MX2
jiang_massdep_baseline,power_0.84,9.911784031052534,crew_veh_h,425,0.004454526923001856,search-dependent,500 550
jiang_massdep_baseline,power_0.84,9.911784031052534,crew_team_h,425,0.002807158560703238,search-dependent,300 325 380 500 MX2
jiang_massdep_baseline,power_0.84,9.911784031052534,shift_ot_h,425,0.02030120172185712,search-dependent,325 380 500 550 MX2
jiang_massdep_baseline,power_0.84,12.36931687685298,shift_h,425,0.032257527101905215,search-dependent,325 380 500 550 MX2
jiang_massdep_baseline,power_0.84,12.36931687685298,crew_veh_h,425,0.010974531994172532,search-dependent,500 550
jiang_massdep_baseline,power_0.84,12.36931687685298,crew_team_h,MX2,0.0013816132002457682,search-dependent,300 325 380 425 500
jiang_massdep_baseline,power_0.84,12.36931687685298,shift_ot_h,425,0.02563987601756068,search-dependent,325 380 500 550 MX2
jiang_massdep_baseline,power_0.84,15.436171684196077,shift_h,425,0.03816849117612131,search-dependent,325 380 500 550 MX2
jiang_massdep_baseline,power_0.84,15.436171684196077,crew_veh_h,425,0.017213495128673095,search-dependent,500 550 MX2
jiang_massdep_baseline,power_0.84,15.436171684196077,crew_team_h,MX2,0.006124252089866555,search-dependent,300 325 380 425 500
jiang_massdep_baseline,power_0.84,15.436171684196077,shift_ot_h,425,0.031699400902398756,search-dependent,325 380 500 550 MX2
jiang_massdep_baseline,power_0.84,19.26342405455451,shift_h,425,0.04473759272825251,search-dependent,325 380 500 550 MX2
jiang_massdep_baseline,power_0.84,19.26342405455451,crew_veh_h,425,0.010606946717372168,search-dependent,500 MX2
jiang_massdep_baseline,power_0.84,19.26342405455451,crew_team_h,MX2,0.006486725720645126,search-dependent,300 325 380 425 500
jiang_massdep_baseline,power_0.84,19.26342405455451,shift_ot_h,425,0.03845783055834762,search-dependent,325 380 500 550 MX2
jiang_massdep_baseline,power_0.84,24.039607351964708,shift_h,425,0.05189455811380883,search-dependent,325 380 500 550 MX2
jiang_massdep_baseline,power_0.84,24.039607351964708,crew_veh_h,425,0.0034515327882187474,search-dependent,500 MX2
jiang_massdep_baseline,power_0.84,24.039607351964708,crew_team_h,MX2,0.005982098378462641,search-dependent,300 325 380 425 MX1
jiang_massdep_baseline,power_0.84,24.039607351964708,shift_ot_h,425,0.045850260972775336,search-dependent,325 380 500 550 MX2
jiang_massdep_baseline,power_0.84,30.000000000000004,shift_h,425,0.04902395636289336,search-dependent,325 380 500 550 MX2
jiang_massdep_baseline,power_0.84,30.000000000000004,crew_veh_h,MX2,0.004146420545268148,search-dependent,425 500
jiang_massdep_baseline,power_0.84,30.000000000000004,crew_team_h,MX2,0.005442194009293022,search-dependent,300 325 380 425 MX1
jiang_massdep_baseline,power_0.84,30.000000000000004,shift_ot_h,425,0.05300680751307785,search-dependent,325 380 500 550 MX2
jiang_massdep_baseline,power_0.96,5.1,shift_h,425,0.018517405188925418,search-dependent,325 380 500 550 MX2
jiang_massdep_baseline,power_0.96,5.1,crew_veh_h,500,0.006788949742851935,search-dependent,425 550
jiang_massdep_baseline,power_0.96,5.1,crew_team_h,425,0.00880162822417141,search-dependent,380 500 MX2
jiang_massdep_baseline,power_0.96,5.1,shift_ot_h,425,0.01150518144672219,search-dependent,325 380 500 550
jiang_massdep_baseline,power_0.96,6.364496630910889,shift_h,425,0.022496895875282252,search-dependent,325 380 500 550 MX2
jiang_massdep_baseline,power_0.96,6.364496630910889,crew_veh_h,500,0.0018422086677809535,search-dependent,425 550
jiang_massdep_baseline,power_0.96,6.364496630910889,crew_team_h,425,0.005385931457481341,search-dependent,325 380 500 MX2
jiang_massdep_baseline,power_0.96,6.364496630910889,shift_ot_h,425,0.015519176372988053,search-dependent,325 380 500 550 MX2
jiang_massdep_baseline,power_0.96,7.9425132087992285,shift_h,425,0.02717699319068312,search-dependent,325 380 500 550 MX2
jiang_massdep_baseline,power_0.96,7.9425132087992285,crew_veh_h,425,0.003910184962560459,search-dependent,500 550
jiang_massdep_baseline,power_0.96,7.9425132087992285,crew_team_h,425,0.0013860241364105352,search-dependent,300 325 380 500 MX2
jiang_massdep_baseline,power_0.96,7.9425132087992285,shift_ot_h,425,0.020249998892932997,search-dependent,325 380 500 550 MX2
jiang_massdep_baseline,power_0.96,9.911784031052534,shift_h,425,0.0326137384520544,search-dependent,325 380 500 550 MX2
jiang_massdep_baseline,power_0.96,9.911784031052534,crew_veh_h,425,0.010563306771110614,search-dependent,500 550
jiang_massdep_baseline,power_0.96,9.911784031052534,crew_team_h,MX2,0.0032479800631868283,search-dependent,300 325 380 425 500
jiang_massdep_baseline,power_0.96,9.911784031052534,shift_ot_h,425,0.025759488763554828,search-dependent,325 380 500 550 MX2
jiang_massdep_baseline,power_0.96,12.36931687685298,shift_h,425,0.03883992411286008,search-dependent,325 380 500 550 MX2
jiang_massdep_baseline,power_0.96,12.36931687685298,crew_veh_h,425,0.01585445894582782,search-dependent,500 MX2
jiang_massdep_baseline,power_0.96,12.36931687685298,crew_team_h,MX2,0.0062419674398068725,search-dependent,300 325 380 425
jiang_massdep_baseline,power_0.96,12.36931687685298,shift_ot_h,425,0.03208729951577438,search-dependent,325 380 500 550 MX2
jiang_massdep_baseline,power_0.96,15.436171684196077,shift_h,425,0.04585465526502208,search-dependent,325 380 500 550 MX2
jiang_massdep_baseline,power_0.96,15.436171684196077,crew_veh_h,425,0.008665470805803599,search-dependent,500 MX2
jiang_massdep_baseline,power_0.96,15.436171684196077,crew_team_h,MX2,0.005624878491518048,search-dependent,300 325 380 425
jiang_massdep_baseline,power_0.96,15.436171684196077,shift_ot_h,425,0.03924006548708303,search-dependent,325 380 500 550 MX2
jiang_massdep_baseline,power_0.96,19.26342405455451,shift_h,425,0.05361383154694144,search-dependent,325 380 500 550 MX2
jiang_massdep_baseline,power_0.96,19.26342405455451,crew_veh_h,425,0.0007572720702844205,search-dependent,500 MX2
jiang_massdep_baseline,power_0.96,19.26342405455451,crew_team_h,MX2,0.004938646945941372,search-dependent,300 325 380 425 MX1
jiang_massdep_baseline,power_0.96,19.26342405455451,shift_ot_h,425,0.04718112958999576,search-dependent,325 380 500 550 MX2
jiang_massdep_baseline,power_0.96,24.039607351964708,shift_h,425,0.047540963866549824,search-dependent,325 380 500 550 MX2
jiang_massdep_baseline,power_0.96,24.039607351964708,crew_veh_h,MX2,0.00782357819684254,search-dependent,425 500
jiang_massdep_baseline,power_0.96,24.039607351964708,crew_team_h,MX2,0.004190483552341195,search-dependent,300 325 380 425 MX1
jiang_massdep_baseline,power_0.96,24.039607351964708,shift_ot_h,425,0.05182237298470205,search-dependent,325 380 500 550 MX2
jiang_massdep_baseline,power_0.96,30.000000000000004,shift_h,425,0.0338374747732455,search-dependent,325 380 500 550 MX2
jiang_massdep_baseline,power_0.96,30.000000000000004,crew_veh_h,MX2,0.017023740295061485,search-dependent,425
jiang_massdep_baseline,power_0.96,30.000000000000004,crew_team_h,MX2,0.003392199373636773,search-dependent,300 325 380 425 MX1
jiang_massdep_baseline,power_0.96,30.000000000000004,shift_ot_h,425,0.038106935746577086,search-dependent,325 380 500 550 MX2
jiang_massdep_tight,affine,5.1,shift_h,425,0.01472025127481369,search-dependent,380 500 550 MX2
jiang_massdep_tight,affine,5.1,crew_veh_h,500,0.004055356527703058,search-dependent,425 550
jiang_massdep_tight,affine,5.1,crew_team_h,425,0.012603980936086723,search-dependent,500
jiang_massdep_tight,affine,5.1,shift_ot_h,425,0.015467960251529522,search-dependent,380 500 550 MX2
jiang_massdep_tight,affine,6.364496630910889,shift_h,425,0.017916956583133636,search-dependent,380 500 550 MX2
jiang_massdep_tight,affine,6.364496630910889,crew_veh_h,500,0.0002152447964820503,search-dependent,425 550
jiang_massdep_tight,affine,6.364496630910889,crew_team_h,425,0.011967736548055274,search-dependent,380 500 MX2
jiang_massdep_tight,affine,6.364496630910889,shift_ot_h,425,0.018596862658854407,search-dependent,380 500 550 MX2
jiang_massdep_tight,affine,7.9425132087992285,shift_h,425,0.02169169628512213,search-dependent,380 500 550 MX2
jiang_massdep_tight,affine,7.9425132087992285,crew_veh_h,425,0.004288829976784703,search-dependent,500 550
jiang_massdep_tight,affine,7.9425132087992285,crew_team_h,425,0.009323182540371455,search-dependent,380 500 MX2
jiang_massdep_tight,affine,7.9425132087992285,shift_ot_h,425,0.022294704998827797,search-dependent,380 500 550 MX2
jiang_massdep_tight,affine,9.911784031052534,shift_h,425,0.02609753227479672,search-dependent,380 500 550 MX2
jiang_massdep_tight,affine,9.911784031052534,crew_veh_h,425,0.009530642766607977,search-dependent,500 550
jiang_massdep_tight,affine,9.911784031052534,crew_team_h,425,0.0062488091069961005,search-dependent,380 500 MX2
jiang_massdep_tight,affine,9.911784031052534,shift_ot_h,425,0.02661512922467546,search-dependent,380 500 550 MX2
jiang_massdep_tight,affine,12.36931687685298,shift_h,425,0.03117081525734644,search-dependent,380 500 550 MX2
jiang_massdep_tight,affine,12.36931687685298,crew_veh_h,425,0.01554630531782486,search-dependent,500 550
jiang_massdep_tight,affine,12.36931687685298,crew_team_h,425,0.002725028674041896,search-dependent,300 325 380 500 MX2
jiang_massdep_tight,affine,12.36931687685298,shift_ot_h,425,0.031595864170318455,search-dependent,380 500 550 MX2
jiang_massdep_tight,affine,15.436171684196077,shift_h,425,0.03692237112421726,search-dependent,380 500 550 MX2
jiang_massdep_tight,affine,15.436171684196077,crew_veh_h,425,0.022340168735225818,search-dependent,500
jiang_massdep_tight,affine,15.436171684196077,crew_team_h,MX2,0.0012504342633083976,search-dependent,300 325 380 425 500
jiang_massdep_tight,affine,15.436171684196077,shift_ot_h,425,0.0372500255386925,search-dependent,380 500 550 MX2
jiang_massdep_tight,affine,19.26342405455451,shift_h,425,0.04332886836011429,search-dependent,380 500 550 MX2
jiang_massdep_tight,affine,19.26342405455451,crew_veh_h,425,0.029875254118218786,search-dependent,500
jiang_massdep_tight,affine,19.26342405455451,crew_team_h,MX2,0.005681343250964144,search-dependent,300 325 380 425 500
jiang_massdep_tight,affine,19.26342405455451,shift_ot_h,425,0.04355747417799338,search-dependent,380 500 550 MX2
jiang_massdep_tight,affine,24.039607351964708,shift_h,425,0.050326178597214444,search-dependent,380 500 550 MX2
jiang_massdep_tight,affine,24.039607351964708,crew_veh_h,425,0.030523221203847095,search-dependent,500 MX2
jiang_massdep_tight,affine,24.039607351964708,crew_team_h,MX2,0.01053417325261452,search-dependent,300 325 380 425
jiang_massdep_tight,affine,24.039607351964708,shift_ot_h,425,0.05045799101238102,search-dependent,380 500 550 MX2
jiang_massdep_tight,affine,30.000000000000004,shift_h,425,0.05697272043591939,search-dependent,380 500 550 MX2
jiang_massdep_tight,affine,30.000000000000004,crew_veh_h,425,0.022151605165430244,search-dependent,500 MX2
jiang_massdep_tight,affine,30.000000000000004,crew_team_h,MX2,0.015737631162917154,search-dependent,300 325 380 425
jiang_massdep_tight,affine,30.000000000000004,shift_ot_h,425,0.05784834181970333,search-dependent,380 500 550 MX2
jiang_massdep_tight,piecewise,5.1,shift_h,425,0.015935481591964784,search-dependent,380 500 550 MX2
jiang_massdep_tight,piecewise,5.1,crew_veh_h,500,0.0027244233568122223,search-dependent,425 550
jiang_massdep_tight,piecewise,5.1,crew_team_h,425,0.01258909110857065,search-dependent,380 500
jiang_massdep_tight,piecewise,5.1,shift_ot_h,425,0.01666198998921886,search-dependent,380 500 550 MX2
jiang_massdep_tight,piecewise,6.364496630910889,shift_h,425,0.019385186456015058,search-dependent,380 500 550 MX2
jiang_massdep_tight,piecewise,6.364496630910889,crew_veh_h,425,0.001378482746284826,search-dependent,500 550
jiang_massdep_tight,piecewise,6.364496630910889,crew_team_h,425,0.01000054544830653,search-dependent,380 500 MX2
jiang_massdep_tight,piecewise,6.364496630910889,shift_ot_h,425,0.020040250395512604,search-dependent,380 500 550 MX2
jiang_massdep_tight,piecewise,7.9425132087992285,shift_h,425,0.023453682577825985,search-dependent,380 500 550 MX2
jiang_massdep_tight,piecewise,7.9425132087992285,crew_veh_h,425,0.006196441653225415,search-dependent,500 550
jiang_massdep_tight,piecewise,7.9425132087992285,crew_team_h,425,0.006958281369146224,search-dependent,380 500 MX2
jiang_massdep_tight,piecewise,7.9425132087992285,shift_ot_h,425,0.024027965355688963,search-dependent,380 500 550 MX2
jiang_massdep_tight,piecewise,9.911784031052534,shift_h,425,0.02819556577963711,search-dependent,380 500 550 MX2
jiang_massdep_tight,piecewise,9.911784031052534,crew_veh_h,425,0.011795270445396078,search-dependent,500 550
jiang_massdep_tight,piecewise,9.911784031052534,crew_team_h,425,0.0034268836038555683,search-dependent,300 325 380 500 MX2
jiang_massdep_tight,piecewise,9.911784031052534,shift_ot_h,425,0.028680455132098492,search-dependent,380 500 550 MX2
jiang_massdep_tight,piecewise,12.36931687685298,shift_h,425,0.03364672284226122,search-dependent,380 500 550 MX2
jiang_massdep_tight,piecewise,12.36931687685298,crew_veh_h,425,0.01820962880121013,search-dependent,500
jiang_massdep_tight,piecewise,12.36931687685298,crew_team_h,MX2,0.0006140797485074678,search-dependent,300 325 380 425 500
jiang_massdep_tight,piecewise,12.36931687685298,shift_ot_h,425,0.03403518622759738,search-dependent,380 500 550 MX2
jiang_massdep_tight,piecewise,15.436171684196077,shift_h,425,0.03981494684782172,search-dependent,380 500 550 MX2
jiang_massdep_tight,piecewise,15.436171684196077,crew_veh_h,425,0.025439633419022778,search-dependent,500
jiang_massdep_tight,piecewise,15.436171684196077,crew_team_h,MX2,0.005188226944089269,search-dependent,300 325 380 425 500
jiang_massdep_tight,piecewise,15.436171684196077,shift_ot_h,425,0.04010249164138169,search-dependent,380 500 550 MX2
jiang_massdep_tight,piecewise,19.26342405455451,shift_h,425,0.04667093360776953,search-dependent,380 500 550 MX2
jiang_massdep_tight,piecewise,19.26342405455451,crew_veh_h,425,0.033440966394879146,search-dependent,500
jiang_massdep_tight,piecewise,19.26342405455451,crew_team_h,MX2,0.01029100878482092,search-dependent,300 325 380 425
jiang_massdep_tight,piecewise,19.26342405455451,shift_ot_h,425,0.04685653508671872,search-dependent,380 500 550 MX2
jiang_massdep_tight,piecewise,24.039607351964708,shift_h,425,0.05414163368349345,search-dependent,380 500 550 MX2
jiang_massdep_tight,piecewise,24.039607351964708,crew_veh_h,425,0.025010385136825075,search-dependent,500 MX2
jiang_massdep_tight,piecewise,24.039607351964708,crew_team_h,MX2,0.01587374903311667,search-dependent,300 325 380 425
jiang_massdep_tight,piecewise,24.039607351964708,shift_ot_h,425,0.054228440167673364,search-dependent,380 500 550 MX2
jiang_massdep_tight,piecewise,30.000000000000004,shift_h,425,0.05058214365816682,search-dependent,380 500 550 MX2
jiang_massdep_tight,piecewise,30.000000000000004,crew_veh_h,425,0.015931325635731408,search-dependent,500 MX2
jiang_massdep_tight,piecewise,30.000000000000004,crew_team_h,MX2,0.021852967287212754,search-dependent,300 325 380 425
jiang_massdep_tight,piecewise,30.000000000000004,shift_ot_h,425,0.052805186387401504,search-dependent,380 500 550 MX2
jiang_massdep_tight,power_0.72,5.1,shift_h,425,0.012349076268830084,search-dependent,380 500 550 MX2
jiang_massdep_tight,power_0.72,5.1,crew_veh_h,500,0.006618018387713809,search-dependent,425 550
jiang_massdep_tight,power_0.72,5.1,crew_team_h,425,0.010075270083259369,search-dependent,500
jiang_massdep_tight,power_0.72,5.1,shift_ot_h,425,0.013136682208829908,search-dependent,380 500 550 MX2
jiang_massdep_tight,power_0.72,6.364496630910889,shift_h,425,0.015039945955546141,search-dependent,380 500 550 MX2
jiang_massdep_tight,power_0.72,6.364496630910889,crew_veh_h,500,0.003297066469846177,search-dependent,425 550
jiang_massdep_tight,power_0.72,6.364496630910889,crew_team_h,425,0.01299154690776505,search-dependent,380 500
jiang_massdep_tight,power_0.72,6.364496630910889,shift_ot_h,425,0.015766955815593953,search-dependent,380 500 550 MX2
jiang_massdep_tight,power_0.72,7.9425132087992285,shift_h,425,0.01822158102609417,search-dependent,380 500 550 MX2
jiang_massdep_tight,power_0.72,7.9425132087992285,crew_veh_h,425,0.0005923412335910871,search-dependent,500 550
jiang_massdep_tight,power_0.72,7.9425132087992285,crew_team_h,425,0.011398229117888237,search-dependent,380 500 MX2
jiang_massdep_tight,power_0.72,7.9425132087992285,shift_ot_h,425,0.01887955314898404,search-dependent,380 500 550 MX2
jiang_massdep_tight,power_0.72,9.911784031052534,shift_h,425,0.021940912550464153,search-dependent,380 500 550 MX2
jiang_massdep_tight,power_0.72,9.911784031052534,crew_veh_h,425,0.005113496318319699,search-dependent,500 550
jiang_massdep_tight,power_0.72,9.911784031052534,crew_team_h,425,0.008726035571116064,search-dependent,380 500 MX2
jiang_massdep_tight,power_0.72,9.911784031052534,shift_ot_h,425,0.022521769849196183,search-dependent,380 500 550 MX2
jiang_massdep_tight,power_0.72,12.36931687685298,shift_h,425,0.026231397446737414,search-dependent,380 500 550 MX2
jiang_massdep_tight,power_0.72,12.36931687685298,crew_veh_h,425,0.01031174751530517,search-dependent,500 550
jiang_massdep_tight,power_0.72,12.36931687685298,crew_team_h,425,0.005657470334128112,search-dependent,380 500 MX2
jiang_massdep_tight,power_0.72,12.36931687685298,shift_ot_h,425,0.02672811270997233,search-dependent,380 500 550 MX2
jiang_massdep_tight,power_0.72,15.436171684196077,shift_h,425,0.031105504394480787,search-dependent,380 500 550 MX2
jiang_massdep_tight,power_0.72,15.436171684196077,crew_veh_h,425,0.016194878573553506,search-dependent,500 550
jiang_massdep_tight,power_0.72,15.436171684196077,crew_team_h,425,0.002189535750036997,search-dependent,300 380 500 MX2
jiang_massdep_tight,power_0.72,15.436171684196077,shift_ot_h,425,0.031512901897543966,search-dependent,380 500 550 MX2
jiang_massdep_tight,power_0.72,19.26342405455451,shift_h,425,0.036547194210421186,search-dependent,380 500 550 MX2
jiang_massdep_tight,power_0.72,19.26342405455451,crew_veh_h,425,0.022735331656984048,search-dependent,500 550
jiang_massdep_tight,power_0.72,19.26342405455451,crew_team_h,MX2,0.0016625117617605767,search-dependent,300 325 380 425 500
jiang_massdep_tight,power_0.72,19.26342405455451,shift_ot_h,425,0.036862768801999346,search-dependent,380 500 550 MX2
jiang_massdep_tight,power_0.72,24.039607351964708,shift_h,425,0.04250589877576627,search-dependent,380 500 550 MX2
jiang_massdep_tight,power_0.72,24.039607351964708,crew_veh_h,425,0.029863822613211743,search-dependent,500 550 MX2
jiang_massdep_tight,power_0.72,24.039607351964708,crew_team_h,MX2,0.005882200680705996,search-dependent,300 325 380 425 500
jiang_massdep_tight,power_0.72,24.039607351964708,shift_ot_h,425,0.042730503648247486,search-dependent,380 500 550 MX2
jiang_massdep_tight,power_0.72,30.000000000000004,shift_h,425,0.048893792001764025,search-dependent,380 500 550 MX2
jiang_massdep_tight,power_0.72,30.000000000000004,crew_veh_h,425,0.027710093591178264,search-dependent,500 MX2
jiang_massdep_tight,power_0.72,30.000000000000004,crew_team_h,MX2,0.010413849313178458,search-dependent,300 325 380 425 500
jiang_massdep_tight,power_0.72,30.000000000000004,shift_ot_h,425,0.04903202250559269,search-dependent,380 500 550 MX2
jiang_massdep_tight,power_0.84,5.1,shift_h,425,0.015280517414659522,search-dependent,380 500 550 MX2
jiang_massdep_tight,power_0.84,5.1,crew_veh_h,500,0.003410279091783597,search-dependent,425 550
jiang_massdep_tight,power_0.84,5.1,crew_team_h,425,0.012255501707267857,search-dependent,380 500
jiang_massdep_tight,power_0.84,5.1,shift_ot_h,425,0.016017297795264174,search-dependent,380 500 550 MX2
jiang_massdep_tight,power_0.84,6.364496630910889,shift_h,425,0.018587730922017043,search-dependent,380 500 550 MX2
jiang_massdep_tight,power_0.84,6.364496630910889,crew_veh_h,425,0.000549329274474708,search-dependent,500 550
jiang_massdep_tight,power_0.84,6.364496630910889,crew_team_h,425,0.009595990631922513,search-dependent,380 500 MX2
jiang_massdep_tight,power_0.84,6.364496630910889,shift_ot_h,425,0.019255001982871445,search-dependent,380 500 550 MX2
jiang_massdep_tight,power_0.84,7.9425132087992285,shift_h,425,0.02248785387580532,search-dependent,380 500 550 MX2
jiang_massdep_tight,power_0.84,7.9425132087992285,crew_veh_h,425,0.0051933870725562326,search-dependent,500 550
jiang_massdep_tight,power_0.84,7.9425132087992285,crew_team_h,425,0.006470594141557706,search-dependent,380 500 MX2
jiang_massdep_tight,power_0.84,7.9425132087992285,shift_ot_h,425,0.023076491963728074,search-dependent,380 500 550 MX2
jiang_massdep_tight,power_0.84,9.911784031052534,shift_h,425,0.027033055747785584,search-dependent,380 500 550 MX2
jiang_massdep_tight,power_0.84,9.911784031052534,crew_veh_h,425,0.01058958878222005,search-dependent,500 550
jiang_massdep_tight,power_0.84,9.911784031052534,crew_team_h,425,0.0028430662148914987,search-dependent,300 380 500 MX2
jiang_massdep_tight,power_0.84,9.911784031052534,shift_ot_h,425,0.027534619543196248,search-dependent,380 500 550 MX2
jiang_massdep_tight,power_0.84,12.36931687685298,shift_h,425,0.032257527101905215,search-dependent,380 500 550 MX2
jiang_massdep_tight,power_0.84,12.36931687685298,crew_veh_h,425,0.016771090596853666,search-dependent,500 550
jiang_massdep_tight,power_0.84,12.36931687685298,crew_team_h,MX2,0.00130873666172171,search-dependent,300 325 380 425 500
jiang_massdep_tight,power_0.84,12.36931687685298,shift_ot_h,425,0.0326650831015467,search-dependent,380 500 550 MX2
jiang_massdep_tight,power_0.84,15.436171684196077,shift_h,425,0.03816849117612131,search-dependent,380 500 550 MX2
jiang_massdep_tight,power_0.84,15.436171684196077,crew_veh_h,425,0.02373771403710645,search-dependent,500
jiang_massdep_tight,power_0.84,15.436171684196077,crew_team_h,MX2,0.006013346845121337,search-dependent,300 325 380 425 500
jiang_massdep_tight,power_0.84,15.436171684196077,shift_ot_h,425,0.038477541706291474,search-dependent,380 500 550 MX2
jiang_massdep_tight,power_0.84,19.26342405455451,shift_h,425,0.04473759272825251,search-dependent,380 500 550 MX2
jiang_massdep_tight,power_0.84,19.26342405455451,crew_veh_h,425,0.03144643736382635,search-dependent,500
jiang_massdep_tight,power_0.84,19.26342405455451,crew_team_h,MX2,0.011262294698319186,search-dependent,300 325 380 425
jiang_massdep_tight,power_0.84,19.26342405455451,shift_ot_h,425,0.04494697466150166,search-dependent,380 500 550 MX2
jiang_massdep_tight,power_0.84,24.039607351964708,shift_h,425,0.05189455811380883,search-dependent,380 500 550 MX2
jiang_massdep_tight,power_0.84,24.039607351964708,crew_veh_h,425,0.023902549756479097,search-dependent,500 MX2
jiang_massdep_tight,power_0.84,24.039607351964708,crew_team_h,MX2,0.017005704754552653,search-dependent,300 325 380 425
jiang_massdep_tight,power_0.84,24.039607351964708,shift_ot_h,425,0.052007128818235104,search-dependent,380 500 550 MX2
jiang_massdep_tight,power_0.84,30.000000000000004,shift_h,425,0.04933421053283782,search-dependent,380 500 550 MX2
jiang_massdep_tight,power_0.84,30.000000000000004,crew_veh_h,425,0.014670326899990371,search-dependent,500 MX2
jiang_massdep_tight,power_0.84,30.000000000000004,crew_team_h,MX2,0.023157879266814563,search-dependent,300 325 380 425
jiang_massdep_tight,power_0.84,30.000000000000004,shift_ot_h,425,0.05156894178786353,search-dependent,380 500 550 MX2
jiang_massdep_tight,power_0.96,5.1,shift_h,425,0.018517405188925418,search-dependent,380 500 550 MX2
jiang_massdep_tight,power_0.96,5.1,crew_veh_h,425,9.966246273429569e-05,search-dependent,500 550
jiang_massdep_tight,power_0.96,5.1,crew_team_h,425,0.00877770997562366,search-dependent,380 500 MX2
jiang_massdep_tight,power_0.96,5.1,shift_ot_h,425,0.01919888160244354,search-dependent,380 500 550 MX2
jiang_massdep_tight,power_0.96,6.364496630910889,shift_h,425,0.022496895875282252,search-dependent,380 500 550 MX2
jiang_massdep_tight,power_0.96,6.364496630910889,crew_veh_h,425,0.004765248147590606,search-dependent,500 550
jiang_massdep_tight,power_0.96,6.364496630910889,crew_team_h,425,0.005397765309032687,search-dependent,380 500 MX2
jiang_massdep_tight,power_0.96,6.364496630910889,shift_ot_h,425,0.023099435612293773,search-dependent,380 500 550 MX2
jiang_massdep_tight,power_0.96,7.9425132087992285,shift_h,425,0.02717699319068312,search-dependent,380 500 550 MX2
jiang_massdep_tight,power_0.96,7.9425132087992285,crew_veh_h,425,0.010237820556924238,search-dependent,500 550
jiang_massdep_tight,power_0.96,7.9425132087992285,crew_team_h,425,0.0014371458915549695,search-dependent,300 325 380 500 MX2
jiang_massdep_tight,power_0.96,7.9425132087992285,shift_ot_h,425,0.0276908736653092,search-dependent,380 500 550 MX2
jiang_massdep_tight,power_0.96,9.911784031052534,shift_h,425,0.0326137384520544,search-dependent,380 500 550 MX2
jiang_massdep_tight,power_0.96,9.911784031052534,crew_veh_h,425,0.016575690049761116,search-dependent,500
jiang_massdep_tight,power_0.96,9.911784031052534,crew_team_h,MX2,0.0031543191169500773,search-dependent,300 325 380 425
jiang_massdep_tight,power_0.96,9.911784031052534,shift_ot_h,425,0.03303029975941896,search-dependent,380 500 550 MX2
jiang_massdep_tight,power_0.96,12.36931687685298,shift_h,425,0.03883992411286008,search-dependent,380 500 550 MX2
jiang_massdep_tight,power_0.96,12.36931687685298,crew_veh_h,425,0.023808265517665017,search-dependent,500
jiang_massdep_tight,power_0.96,12.36931687685298,crew_team_h,MX2,0.008436346836717457,search-dependent,300 325 380 425
jiang_massdep_tight,power_0.96,12.36931687685298,shift_ot_h,425,0.03915253880087821,search-dependent,380 500 550 MX2
jiang_massdep_tight,power_0.96,15.436171684196077,shift_h,425,0.04585465526502208,search-dependent,380 500 550 MX2
jiang_massdep_tight,power_0.96,15.436171684196077,crew_veh_h,425,0.03180757193876094,search-dependent,500
jiang_massdep_tight,power_0.96,15.436171684196077,crew_team_h,MX2,0.014421152556845174,search-dependent,300 325 380 425
jiang_massdep_tight,power_0.96,15.436171684196077,shift_ot_h,425,0.046059775302995654,search-dependent,380 500 550 MX2
jiang_massdep_tight,power_0.96,19.26342405455451,shift_h,425,0.05361383154694144,search-dependent,380 500 550 MX2
jiang_massdep_tight,power_0.96,19.26342405455451,crew_veh_h,425,0.022451153986790207,search-dependent,500 MX2
jiang_massdep_tight,power_0.96,19.26342405455451,crew_team_h,MX2,0.01769993365471878,search-dependent,300 325 380 425
jiang_massdep_tight,power_0.96,19.26342405455451,shift_ot_h,425,0.053711944174392734,search-dependent,380 500 550 MX2
jiang_massdep_tight,power_0.96,24.039607351964708,shift_h,425,0.049409952666243706,search-dependent,380 500 550 MX2
jiang_massdep_tight,power_0.96,24.039607351964708,crew_veh_h,425,0.012359123734384747,search-dependent,500 MX2
jiang_massdep_tight,power_0.96,24.039607351964708,crew_team_h,MX2,0.01896173868938078,search-dependent,300 325 380 425
jiang_massdep_tight,power_0.96,24.039607351964708,shift_ot_h,425,0.051791403555236926,search-dependent,380 500 550 MX2
jiang_massdep_tight,power_0.96,30.000000000000004,shift_h,425,0.0359751657796723,search-dependent,380 500 550 MX2
jiang_massdep_tight,power_0.96,30.000000000000004,crew_veh_h,425,0.0017140989786272876,search-dependent,380 500 MX2
jiang_massdep_tight,power_0.96,30.000000000000004,crew_team_h,MX2,0.02030967777473691,search-dependent,300 325 380 425
jiang_massdep_tight,power_0.96,30.000000000000004,shift_ot_h,425,0.03829874859356042,search-dependent,380 500 550 MX2
jiang_short_baseline,affine,5.1,shift_h,MX1,0.009225792137261601,search-dependent,300 380 425 500 550 MX2
jiang_short_baseline,affine,5.1,crew_veh_h,MX2,0.018996379064037727,search-dependent,425 500
jiang_short_baseline,affine,5.1,crew_team_h,MX2,0.011108703603085912,search-dependent,425 500
jiang_short_baseline,affine,5.1,shift_ot_h,MX2,0.007592496053012487,search-dependent,300 325 380 425 500 550 MX1
jiang_short_baseline,affine,6.364496630910889,shift_h,MX1,0.011282864719071695,search-dependent,300 380 425 500 550 MX2
jiang_short_baseline,affine,6.364496630910889,crew_veh_h,MX2,0.025796490609572453,search-dependent,425 500
jiang_short_baseline,affine,6.364496630910889,crew_team_h,MX2,0.01426350733197812,search-dependent,425 500
jiang_short_baseline,affine,6.364496630910889,shift_ot_h,MX2,0.008680149075609656,search-dependent,300 325 380 425 500 550 MX1
jiang_short_baseline,affine,7.9425132087992285,shift_h,MX1,0.013737312818889125,search-dependent,300 380 425 500 550 MX2
jiang_short_baseline,affine,7.9425132087992285,crew_veh_h,MX2,0.029169178429926168,search-dependent,425 500
jiang_short_baseline,affine,7.9425132087992285,crew_team_h,MX2,0.017987060946587308,search-dependent,425 500
jiang_short_baseline,affine,7.9425132087992285,shift_ot_h,MX2,0.009474629536626145,search-dependent,300 325 380 425 500 550 MX1
jiang_short_baseline,affine,9.911784031052534,shift_h,MX1,0.016637521248617615,search-dependent,300 380 425 500 550 MX2
jiang_short_baseline,affine,9.911784031052534,crew_veh_h,MX2,0.0331039196391516,search-dependent,425 500
jiang_short_baseline,affine,9.911784031052534,crew_team_h,MX2,0.022330815802222848,search-dependent,380 425 500
jiang_short_baseline,affine,9.911784031052534,shift_ot_h,MX2,0.01041029359258605,search-dependent,300 325 380 425 500 550 MX1
jiang_short_baseline,affine,12.36931687685298,shift_h,MX1,0.02002527680043875,search-dependent,300 380 425 500 550 MX2
jiang_short_baseline,affine,12.36931687685298,crew_veh_h,MX2,0.037632308927054936,search-dependent,425 500
jiang_short_baseline,affine,12.36931687685298,crew_team_h,MX2,0.02732949703090859,search-dependent,380 425 500 MX1
jiang_short_baseline,affine,12.36931687685298,shift_ot_h,MX2,0.011499014253993467,search-dependent,300 325 380 425 500 550 MX1
jiang_short_baseline,affine,15.436171684196077,shift_h,MX1,0.02392980664984168,search-dependent,300 380 425 500 550 MX2
jiang_short_baseline,affine,15.436171684196077,crew_veh_h,MX2,0.04276297561139697,search-dependent,425
jiang_short_baseline,affine,15.436171684196077,crew_team_h,MX2,0.023926904595733323,search-dependent,380 425 MX1
jiang_short_baseline,affine,15.436171684196077,shift_ot_h,MX2,0.009169972461549936,search-dependent,300 325 380 425 500 550 MX1
jiang_short_baseline,affine,19.26342405455451,shift_h,MX1,0.028360965827321172,search-dependent,300 380 425 500 550 MX2
jiang_short_baseline,affine,19.26342405455451,crew_veh_h,MX2,0.04847394989114884,search-dependent,425
jiang_short_baseline,affine,19.26342405455451,crew_team_h,MX2,0.01644215011386474,search-dependent,300 380 425 MX1
jiang_short_baseline,affine,19.26342405455451,shift_ot_h,MX2,0.0033580481320192312,search-dependent,300 325 380 425 500 550 MX1
jiang_short_baseline,affine,24.039607351964708,shift_h,MX1,0.033302490790545036,search-dependent,300 380 425 500 550 MX2
jiang_short_baseline,affine,24.039607351964708,crew_veh_h,MX2,0.054706866059375026,search-dependent,380 425
jiang_short_baseline,affine,24.039607351964708,crew_team_h,MX2,0.008274336815125904,search-dependent,300 325 380 425 MX1
jiang_short_baseline,affine,24.039607351964708,shift_ot_h,MX1,0.0030956915277242647,search-dependent,300 325 380 425 500 550 MX2
jiang_short_baseline,affine,30.000000000000004,shift_h,MX1,0.03870670123600095,search-dependent,300 380 425 500 550 MX2
jiang_short_baseline,affine,30.000000000000004,crew_veh_h,MX2,0.04359368118442042,search-dependent,380 425 MX1
jiang_short_baseline,affine,30.000000000000004,crew_team_h,MX1,0.0004495704570062209,search-dependent,300 325 380 425 MX2
jiang_short_baseline,affine,30.000000000000004,shift_ot_h,MX1,0.010192111763065004,search-dependent,300 325 380 425 500 550 MX2
jiang_short_baseline,piecewise,5.1,shift_h,MX1,0.010005484732912073,search-dependent,300 380 425 500 550 MX2
jiang_short_baseline,piecewise,5.1,crew_veh_h,MX2,0.021608720824465744,search-dependent,500
jiang_short_baseline,piecewise,5.1,crew_team_h,MX2,0.012298387115386777,search-dependent,425 500
jiang_short_baseline,piecewise,5.1,shift_ot_h,MX2,0.008294742960226031,search-dependent,300 325 380 425 500 550 MX1
jiang_short_baseline,piecewise,6.364496630910889,shift_h,MX1,0.0122342584743933,search-dependent,300 380 425 500 550 MX2
jiang_short_baseline,piecewise,6.364496630910889,crew_veh_h,MX2,0.02721050658599644,search-dependent,425 500
jiang_short_baseline,piecewise,6.364496630910889,crew_team_h,MX2,0.015703911066309972,search-dependent,425 500
jiang_short_baseline,piecewise,6.364496630910889,shift_ot_h,MX2,0.009023626166760002,search-dependent,300 325 380 425 500 550 MX1
jiang_short_baseline,piecewise,7.9425132087992285,shift_h,MX1,0.014892553159587152,search-dependent,300 380 425 500 550 MX2
jiang_short_baseline,piecewise,7.9425132087992285,crew_veh_h,MX2,0.03087120458923942,search-dependent,425 500
jiang_short_baseline,piecewise,7.9425132087992285,crew_team_h,MX2,0.019720030793016985,search-dependent,425 500
jiang_short_baseline,piecewise,7.9425132087992285,shift_ot_h,MX2,0.009890251774241632,search-dependent,300 325 380 425 500 550 MX1
jiang_short_baseline,piecewise,9.911784031052534,shift_h,MX1,0.0180321956444498,search-dependent,300 380 425 500 550 MX2
jiang_short_baseline,piecewise,9.911784031052534,crew_veh_h,MX2,0.0351377786207987,search-dependent,425 500
jiang_short_baseline,piecewise,9.911784031052534,crew_team_h,MX2,0.024400499198800718,search-dependent,380 425
jiang_short_baseline,piecewise,9.911784031052534,shift_ot_h,MX2,0.010910001653994472,search-dependent,300 325 380 425 500 550 MX1
jiang_short_baseline,piecewise,12.36931687685298,shift_h,MX1,0.02169767068726891,search-dependent,300 380 425 500 550 MX2
jiang_short_baseline,piecewise,12.36931687685298,crew_veh_h,MX2,0.04004251105388823,search-dependent,425
jiang_short_baseline,piecewise,12.36931687685298,crew_team_h,MX2,0.028673519465948205,search-dependent,380 425 MX1
jiang_short_baseline,piecewise,12.36931687685298,shift_ot_h,MX2,0.012095366663905427,search-dependent,300 325 380 425 500 550 MX1
jiang_short_baseline,piecewise,15.436171684196077,shift_h,MX1,0.025919659327599875,search-dependent,300 380 425 500 550 MX2
jiang_short_baseline,piecewise,15.436171684196077,crew_veh_h,MX2,0.045592405214764264,search-dependent,425
jiang_short_baseline,piecewise,15.436171684196077,crew_team_h,MX2,0.021615689004387262,search-dependent,380 425 MX1
jiang_short_baseline,piecewise,15.436171684196077,shift_ot_h,MX2,0.007205557203218582,search-dependent,300 325 380 425 500 550 MX1
jiang_short_baseline,piecewise,19.26342405455451,shift_h,MX1,0.030707693735111175,search-dependent,300 380 425 500 550 MX2
jiang_short_baseline,piecewise,19.26342405455451,crew_veh_h,MX2,0.05176108495693543,search-dependent,425
jiang_short_baseline,piecewise,19.26342405455451,crew_team_h,MX2,0.01377181900079405,search-dependent,300 325 380 425 MX1
jiang_short_baseline,piecewise,19.26342405455451,shift_ot_h,MX2,0.0010643144758821776,search-dependent,300 325 380 425 500 550 MX1
jiang_short_baseline,piecewise,24.039607351964708,shift_h,MX1,0.0360429375074085,search-dependent,300 380 425 500 550 MX2
jiang_short_baseline,piecewise,24.039607351964708,crew_veh_h,MX2,0.05280480400573362,search-dependent,380 425 MX1
jiang_short_baseline,piecewise,24.039607351964708,crew_team_h,MX2,0.005225758015941384,search-dependent,300 325 380 425 MX1
jiang_short_baseline,piecewise,24.039607351964708,shift_ot_h,MX1,0.005768029513818496,search-dependent,300 325 380 425 500 550 MX2
jiang_short_baseline,piecewise,30.000000000000004,shift_h,MX1,0.041872595299247584,search-dependent,300 380 425 500 550 MX2
jiang_short_baseline,piecewise,30.000000000000004,crew_veh_h,MX2,0.039856676521455636,search-dependent,380 425 MX1
jiang_short_baseline,piecewise,30.000000000000004,crew_team_h,MX1,0.0039014166173498843,search-dependent,300 325 380 425 MX2
jiang_short_baseline,piecewise,30.000000000000004,shift_ot_h,MX1,0.013286205741152246,search-dependent,300 325 380 425 500 550 MX2
jiang_short_baseline,power_0.72,5.1,shift_h,MX1,0.008175149275615912,search-dependent,300 380 425 500 550 MX2
jiang_short_baseline,power_0.72,5.1,crew_veh_h,MX2,0.01546812675381748,search-dependent,425 500 550
jiang_short_baseline,power_0.72,5.1,crew_team_h,MX2,0.010324794326354247,search-dependent,425 500 550
jiang_short_baseline,power_0.72,5.1,shift_ot_h,MX2,0.006917902083663829,search-dependent,300 325 380 425 500 550 MX1
jiang_short_baseline,power_0.72,6.364496630910889,shift_h,MX1,0.010000324785778725,search-dependent,300 380 425 500 550 MX2
jiang_short_baseline,power_0.72,6.364496630910889,crew_veh_h,MX2,0.021756079179400922,search-dependent,425 500 550
jiang_short_baseline,power_0.72,6.364496630910889,crew_team_h,MX2,0.01331822973207708,search-dependent,425 500
jiang_short_baseline,power_0.72,6.364496630910889,shift_ot_h,MX2,0.009237062375417215,search-dependent,300 325 380 425 500 550 MX1
jiang_short_baseline,power_0.72,7.9425132087992285,shift_h,MX1,0.012179208922251883,search-dependent,300 380 425 500 550 MX2
jiang_short_baseline,power_0.72,7.9425132087992285,crew_veh_h,MX2,0.028077973058788785,search-dependent,425 500
jiang_short_baseline,power_0.72,7.9425132087992285,crew_team_h,MX2,0.016855313203482103,search-dependent,425 500
jiang_short_baseline,power_0.72,7.9425132087992285,shift_ot_h,MX2,0.010154423396024903,search-dependent,300 325 380 425 500 550 MX1
jiang_short_baseline,power_0.72,9.911784031052534,shift_h,MX1,0.014755393262490646,search-dependent,300 380 425 500 550 MX2
jiang_short_baseline,power_0.72,9.911784031052534,crew_veh_h,MX2,0.03180710838592482,search-dependent,425 500
jiang_short_baseline,power_0.72,9.911784031052534,crew_team_h,MX2,0.020987008016257747,search-dependent,380 425 500
jiang_short_baseline,power_0.72,9.911784031052534,shift_ot_h,MX2,0.01123606533963617,search-dependent,300 325 380 425 500 550 MX1
jiang_short_baseline,power_0.72,12.36931687685298,shift_h,MX1,0.01776683144761715,search-dependent,300 380 425 500 550 MX2
jiang_short_baseline,power_0.72,12.36931687685298,crew_veh_h,MX2,0.03610545864013859,search-dependent,425 500
jiang_short_baseline,power_0.72,12.36931687685298,crew_team_h,MX2,0.02574895985567993,search-dependent,380 425 500 MX1
jiang_short_baseline,power_0.72,12.36931687685298,shift_ot_h,MX2,0.012496362819762297,search-dependent,300 325 380 425 500 550 MX1
jiang_short_baseline,power_0.72,15.436171684196077,shift_h,MX1,0.021240553913607352,search-dependent,300 380 425 500 550 MX2
jiang_short_baseline,power_0.72,15.436171684196077,crew_veh_h,MX2,0.04098403013424745,search-dependent,425 500
jiang_short_baseline,power_0.72,15.436171684196077,crew_team_h,MX2,0.027068035233638987,search-dependent,380 425 500 MX1
jiang_short_baseline,power_0.72,15.436171684196077,shift_ot_h,MX2,0.011836277706982923,search-dependent,300 325 380 425 500 550 MX1
jiang_short_baseline,power_0.72,19.26342405455451,shift_h,MX1,0.025186585371018255,search-dependent,300 380 425 500 550 MX2
jiang_short_baseline,power_0.72,19.26342405455451,crew_veh_h,MX2,0.046425094277132706,search-dependent,425 500
jiang_short_baseline,power_0.72,19.26342405455451,crew_team_h,MX2,0.02007788941358868,search-dependent,380 425 500 MX1
jiang_short_baseline,power_0.72,19.26342405455451,shift_ot_h,MX2,0.0064764947592625965,search-dependent,300 325 380 425 500 550 MX1
jiang_short_baseline,power_0.72,24.039607351964708,shift_h,MX1,0.02959186114233292,search-dependent,300 380 425 500 550 MX2
jiang_short_baseline,power_0.72,24.039607351964708,crew_veh_h,MX2,0.05237633573865441,search-dependent,425 500
jiang_short_baseline,power_0.72,24.039607351964708,crew_team_h,MX2,0.012433239332702684,search-dependent,300 380 425 500 MX1
jiang_short_baseline,power_0.72,24.039607351964708,shift_ot_h,MX2,0.0005216724325716182,search-dependent,300 325 380 425 500 550 MX1
jiang_short_baseline,power_0.72,30.000000000000004,shift_h,MX1,0.03441536077223106,search-dependent,300 380 425 500 550 MX2
jiang_short_baseline,power_0.72,30.000000000000004,crew_veh_h,MX2,0.048702394421746176,search-dependent,380 425 500 MX1
jiang_short_baseline,power_0.72,30.000000000000004,crew_team_h,MX2,0.004249124337645016,search-dependent,300 325 380 425 MX1
jiang_short_baseline,power_0.72,30.000000000000004,shift_ot_h,MX1,0.005999754358988696,search-dependent,300 325 380 425 500 550 MX2
jiang_short_baseline,power_0.84,5.1,shift_h,MX1,0.009908782769801006,search-dependent,300 380 425 500 550 MX2
jiang_short_baseline,power_0.84,5.1,crew_veh_h,MX2,0.021285000687227607,search-dependent,500
jiang_short_baseline,power_0.84,5.1,crew_team_h,MX2,0.012721645606018628,search-dependent,425 500
jiang_short_baseline,power_0.84,5.1,shift_ot_h,MX2,0.008836857197858317,search-dependent,300 325 380 425 500 550 MX1
jiang_short_baseline,power_0.84,6.364496630910889,shift_h,MX1,0.012116279279169806,search-dependent,300 380 425 500 550 MX2
jiang_short_baseline,power_0.84,6.364496630910889,crew_veh_h,MX2,0.027728785969525438,search-dependent,425 500
jiang_short_baseline,power_0.84,6.364496630910889,crew_team_h,MX2,0.01621971306090897,search-dependent,425 500
jiang_short_baseline,power_0.84,6.364496630910889,shift_ot_h,MX2,0.009685743422551463,search-dependent,300 325 380 425 500 550 MX1
jiang_short_baseline,power_0.84,7.9425132087992285,shift_h,MX1,0.01474932188705691,search-dependent,300 380 425 500 550 MX2
jiang_short_baseline,power_0.84,7.9425132087992285,crew_veh_h,MX2,0.03149947254849206,search-dependent,425 500
jiang_short_baseline,power_0.84,7.9425132087992285,crew_team_h,MX2,0.02034539556357262,search-dependent,425 500
jiang_short_baseline,power_0.84,7.9425132087992285,shift_ot_h,MX2,0.010695141099108962,search-dependent,300 325 380 425 500 550 MX1
jiang_short_baseline,power_0.84,9.911784031052534,shift_h,MX1,0.017859315840540457,search-dependent,300 380 425 500 550 MX2
jiang_short_baseline,power_0.84,9.911784031052534,crew_veh_h,MX2,0.03589477130604113,search-dependent,425 500
jiang_short_baseline,power_0.84,9.911784031052534,crew_team_h,MX2,0.025154133380143495,search-dependent,380 425
jiang_short_baseline,power_0.84,9.911784031052534,shift_ot_h,MX2,0.011883016375031197,search-dependent,300 325 380 425 500 550 MX1
jiang_short_baseline,power_0.84,12.36931687685298,shift_h,MX1,0.021490418011995693,search-dependent,300 380 425 500 550 MX2
jiang_short_baseline,power_0.84,12.36931687685298,crew_veh_h,MX2,0.04094818988204563,search-dependent,425
jiang_short_baseline,power_0.84,12.36931687685298,crew_team_h,MX2,0.028918251208882584,search-dependent,380 425 MX1
jiang_short_baseline,power_0.84,12.36931687685298,shift_ot_h,MX2,0.012858063531822284,search-dependent,300 325 380 425 500 550 MX1
jiang_short_baseline,power_0.84,15.436171684196077,shift_h,MX1,0.025673137195836748,search-dependent,300 380 425 500 550 MX2
jiang_short_baseline,power_0.84,15.436171684196077,crew_veh_h,MX2,0.04666724139804557,search-dependent,425
jiang_short_baseline,power_0.84,15.436171684196077,crew_team_h,MX2,0.021901428061917638,search-dependent,380 425 MX1
jiang_short_baseline,power_0.84,15.436171684196077,shift_ot_h,MX2,0.007448539082373307,search-dependent,300 325 380 425 500 550 MX1
jiang_short_baseline,power_0.84,19.26342405455451,shift_h,MX1,0.030417054583407266,search-dependent,300 380 425 500 550 MX2
jiang_short_baseline,power_0.84,19.26342405455451,crew_veh_h,MX2,0.05302507677163848,search-dependent,425
jiang_short_baseline,power_0.84,19.26342405455451,crew_team_h,MX2,0.014101735374605573,search-dependent,300 380 425 MX1
jiang_short_baseline,power_0.84,19.26342405455451,shift_ot_h,MX2,0.0013478558874553404,search-dependent,300 325 380 425 500 550 MX1
jiang_short_baseline,power_0.84,24.039607351964708,shift_h,MX1,0.035703661893242034,search-dependent,300 380 425 500 550 MX2
jiang_short_baseline,power_0.84,24.039607351964708,crew_veh_h,MX2,0.053216275327623075,search-dependent,425 MX1
jiang_short_baseline,power_0.84,24.039607351964708,crew_team_h,MX2,0.005602131920251274,search-dependent,300 325 380 425 MX1
jiang_short_baseline,power_0.84,24.039607351964708,shift_ot_h,MX1,0.005437141135476997,search-dependent,300 325 380 425 500 550 MX2
jiang_short_baseline,power_0.84,30.000000000000004,shift_h,MX1,0.04148080593468806,search-dependent,300 380 425 500 550 MX2
jiang_short_baseline,power_0.84,30.000000000000004,crew_veh_h,MX2,0.040317685929414315,search-dependent,380 425 MX1
jiang_short_baseline,power_0.84,30.000000000000004,crew_team_h,MX1,0.003474299879893339,search-dependent,300 325 380 425 MX2
jiang_short_baseline,power_0.84,30.000000000000004,shift_ot_h,MX1,0.012903245507946526,search-dependent,300 325 380 425 500 550 MX2
jiang_short_baseline,power_0.96,5.1,shift_h,MX1,0.01176870016943976,search-dependent,300 380 425 500 550 MX2
jiang_short_baseline,power_0.96,5.1,crew_veh_h,MX2,0.026907622548961063,search-dependent,500
jiang_short_baseline,power_0.96,5.1,crew_team_h,MX2,0.015149796874728061,search-dependent,425 500
jiang_short_baseline,power_0.96,5.1,shift_ot_h,MX2,0.009102521532053487,search-dependent,300 325 380 425 500 550 MX1
jiang_short_baseline,power_0.96,6.364496630910889,shift_h,MX1,0.01438453246964766,search-dependent,300 380 425 500 550 MX2
jiang_short_baseline,power_0.96,6.364496630910889,crew_veh_h,MX2,0.030599965524830575,search-dependent,425
jiang_short_baseline,power_0.96,6.364496630910889,crew_team_h,MX2,0.019152987904689445,search-dependent,425
jiang_short_baseline,power_0.96,6.364496630910889,shift_ot_h,MX2,0.010006163415939184,search-dependent,300 325 380 425 500 550 MX1
jiang_short_baseline,power_0.96,7.9425132087992285,shift_h,MX1,0.017501766425678245,search-dependent,300 380 425 500 550 MX2
jiang_short_baseline,power_0.96,7.9425132087992285,crew_veh_h,MX2,0.034946441540229634,search-dependent,425
jiang_short_baseline,power_0.96,7.9425132087992285,crew_team_h,MX2,0.023865070149972967,search-dependent,425
jiang_short_baseline,power_0.96,7.9425132087992285,shift_ot_h,MX2,0.011078809037543769,search-dependent,300 325 380 425 500 550 MX1
jiang_short_baseline,power_0.96,9.911784031052534,shift_h,MX1,0.02117965578386327,search-dependent,300 380 425 500 550 MX2
jiang_short_baseline,power_0.96,9.911784031052534,crew_veh_h,MX2,0.04000117347630616,search-dependent,425
jiang_short_baseline,power_0.96,9.911784031052534,crew_team_h,MX2,0.02934456010090747,search-dependent,380 425
jiang_short_baseline,power_0.96,9.911784031052534,shift_ot_h,MX2,0.012338533039758737,search-dependent,300 325 380 425 500 550 MX1
jiang_short_baseline,power_0.96,12.36931687685298,shift_h,MX1,0.025468333603987148,search-dependent,300 380 425 500 550 MX2
jiang_short_baseline,power_0.96,12.36931687685298,crew_veh_h,MX2,0.0457972102751365,search-dependent,425
jiang_short_baseline,power_0.96,12.36931687685298,crew_team_h,MX2,0.02424232790496994,search-dependent,380 425 MX1
jiang_short_baseline,power_0.96,12.36931687685298,shift_ot_h,MX2,0.008915416385039343,search-dependent,300 325 380 425 500 550 MX1
jiang_short_baseline,power_0.96,15.436171684196077,shift_h,MX1,0.03040122729121797,search-dependent,300 380 425 500 550 MX2
jiang_short_baseline,power_0.96,15.436171684196077,crew_veh_h,MX2,0.05233671484237945,search-dependent,425
jiang_short_baseline,power_0.96,15.436171684196077,crew_team_h,MX2,0.016450378723936288,search-dependent,300 380 425 MX1
jiang_short_baseline,power_0.96,15.436171684196077,shift_ot_h,MX2,0.002807405179000133,search-dependent,300 325 380 425 500 550 MX1
jiang_short_baseline,power_0.96,19.26342405455451,shift_h,MX1,0.03598653908953908,search-dependent,300 380 425 500 550 MX2
jiang_short_baseline,power_0.96,19.26342405455451,crew_veh_h,MX2,0.0584068022239963,search-dependent,425
jiang_short_baseline,power_0.96,19.26342405455451,crew_team_h,MX2,0.007818623890427423,search-dependent,300 325 380 425 MX1
jiang_short_baseline,power_0.96,19.26342405455451,shift_ot_h,MX1,0.004076049138389992,search-dependent,300 325 380 425 500 550 MX2
jiang_short_baseline,power_0.96,24.039607351964708,shift_h,MX1,0.042199015293050035,search-dependent,300 380 425 500 550 MX2
jiang_short_baseline,power_0.96,24.039607351964708,crew_veh_h,MX2,0.04539439825266722,search-dependent,380 425 MX1
jiang_short_baseline,power_0.96,24.039607351964708,crew_team_h,MX1,0.0015548927691149128,search-dependent,300 325 380 425 MX2
jiang_short_baseline,power_0.96,24.039607351964708,shift_ot_h,MX1,0.01177412441365222,search-dependent,300 325 380 425 500 550 MX2
jiang_short_baseline,power_0.96,30.000000000000004,shift_h,MX1,0.04897378328405133,search-dependent,300 380 425 500 550 MX2
jiang_short_baseline,power_0.96,30.000000000000004,crew_veh_h,MX2,0.0315713643880029,search-dependent,380 425 MX1
jiang_short_baseline,power_0.96,30.000000000000004,crew_team_h,MX1,0.011639973002349313,search-dependent,300 325 380 425 MX2
jiang_short_baseline,power_0.96,30.000000000000004,shift_ot_h,MX1,0.02023012605406893,search-dependent,300 325 380 425 500 550 MX2
jiang_short_tight,affine,5.1,shift_h,MX2,0.012519818768521151,search-dependent,300 325 425 500 550 MX1
jiang_short_tight,affine,5.1,crew_veh_h,MX2,0.008260283873605223,search-dependent,425 500 550
jiang_short_tight,affine,5.1,crew_team_h,MX2,0.006819032710399853,search-dependent,425 500 550
jiang_short_tight,affine,5.1,shift_ot_h,MX2,0.0016927114570519652,search-dependent,300 325 380 425 500 550 MX1
jiang_short_tight,affine,6.364496630910889,shift_h,MX2,0.015280214478928134,search-dependent,300 325 425 500 550 MX1
jiang_short_tight,affine,6.364496630910889,crew_veh_h,MX2,0.01543290979437928,search-dependent,425 500 550
jiang_short_tight,affine,6.364496630910889,crew_team_h,MX2,0.010031353054988035,search-dependent,425 500 550
jiang_short_tight,affine,6.364496630910889,shift_ot_h,MX2,0.004639527617718686,search-dependent,300 325 380 425 500 550 MX1
jiang_short_tight,affine,7.9425132087992285,shift_h,MX2,0.018559192385706025,search-dependent,300 325 425 500 550 MX1
jiang_short_tight,affine,7.9425132087992285,crew_veh_h,MX2,0.022178138831558503,search-dependent,425 500 550
jiang_short_tight,affine,7.9425132087992285,crew_team_h,MX2,0.013825970966545142,search-dependent,425 500
jiang_short_tight,affine,7.9425132087992285,shift_ot_h,MX2,0.008142926150143781,search-dependent,300 325 380 425 500 550 MX1
jiang_short_tight,affine,9.911784031052534,shift_h,MX2,0.022413269163752414,search-dependent,300 325 425 500 550 MX1
jiang_short_tight,affine,9.911784031052534,crew_veh_h,MX2,0.026296325548512467,search-dependent,425 500
jiang_short_tight,affine,9.911784031052534,crew_team_h,MX2,0.018256981572152275,search-dependent,425 500
jiang_short_tight,affine,9.911784031052534,shift_ot_h,MX2,0.012264924938641064,search-dependent,300 325 380 425 500 550 MX1
jiang_short_tight,affine,12.36931687685298,shift_h,MX2,0.026887493083056047,search-dependent,300 325 425 500 550 MX1
jiang_short_tight,affine,12.36931687685298,crew_veh_h,MX2,0.031042178052102187,search-dependent,425 500
jiang_short_tight,affine,12.36931687685298,crew_team_h,MX2,0.02336188730989286,search-dependent,425 500
jiang_short_tight,affine,12.36931687685298,shift_ot_h,MX2,0.017055802461722003,search-dependent,300 325 380 425 500 550 MX1
jiang_short_tight,affine,15.436171684196077,shift_h,MX2,0.032007497617197345,search-dependent,300 325 425 500 550 MX1
jiang_short_tight,affine,15.436171684196077,crew_veh_h,MX2,0.036427447390973144,search-dependent,425 500
jiang_short_tight,affine,15.436171684196077,crew_team_h,MX2,0.029152707170078562,search-dependent,425 500
jiang_short_tight,affine,15.436171684196077,shift_ot_h,MX2,0.022545588592367993,search-dependent,300 325 380 425 500 550 MX1
jiang_short_tight,affine,19.26342405455451,shift_h,MX2,0.03777097110786776,search-dependent,300 325 425 500 550 MX1
jiang_short_tight,affine,19.26342405455451,crew_veh_h,MX2,0.042432112218569795,search-dependent,425 500
jiang_short_tight,affine,19.26342405455451,crew_team_h,MX2,0.03560721388658128,search-dependent,300 325 425 500 MX1
jiang_short_tight,affine,19.26342405455451,shift_ot_h,MX2,0.028734817795453615,search-dependent,300 325 425 500 550 MX1
jiang_short_tight,affine,24.039607351964708,shift_h,MX2,0.04413996234958284,search-dependent,300 325 425 500 550 MX1
jiang_short_tight,affine,24.039607351964708,crew_veh_h,MX2,0.048997966893365774,search-dependent,425 500
jiang_short_tight,affine,24.039607351964708,crew_team_h,MX2,0.04266211342606474,search-dependent,300 325 425 MX1
jiang_short_tight,affine,24.039607351964708,shift_ot_h,MX2,0.03558602770130048,search-dependent,300 325 425 500 550 MX1
jiang_short_tight,affine,30.000000000000004,shift_h,MX2,0.05103591960050302,search-dependent,300 325 425 500 550 MX1
jiang_short_tight,affine,30.000000000000004,crew_veh_h,MX2,0.05602595283649281,search-dependent,425
jiang_short_tight,affine,30.000000000000004,crew_team_h,MX2,0.0456399838740873,search-dependent,300 325 425 MX1
jiang_short_tight,affine,30.000000000000004,shift_ot_h,MX2,0.04301802849277636,search-dependent,300 325 425 500 550 MX1
jiang_short_tight,piecewise,5.1,shift_h,MX2,0.013567415306620534,search-dependent,300 325 425 500 550 MX1
jiang_short_tight,piecewise,5.1,crew_veh_h,MX2,0.010843907900518257,search-dependent,425 500 550
jiang_short_tight,piecewise,5.1,crew_team_h,MX2,0.00799782634419044,search-dependent,425 500 550
jiang_short_tight,piecewise,5.1,shift_ot_h,MX2,0.002738411115845274,search-dependent,300 325 380 425 500 550 MX1
jiang_short_tight,piecewise,6.364496630910889,shift_h,MX2,0.016553099963596773,search-dependent,300 325 425 500 550 MX1
jiang_short_tight,piecewise,6.364496630910889,crew_veh_h,MX2,0.018562147951177943,search-dependent,425 500 550
jiang_short_tight,piecewise,6.364496630910889,crew_team_h,MX2,0.011459048534915084,search-dependent,425 500
jiang_short_tight,piecewise,6.364496630910889,shift_ot_h,MX2,0.00591034370023813,search-dependent,300 325 380 425 500 550 MX1
jiang_short_tight,piecewise,7.9425132087992285,shift_h,MX2,0.02009702676605829,search-dependent,300 325 425 500 550 MX1
jiang_short_tight,piecewise,7.9425132087992285,crew_veh_h,MX2,0.023868842641847188,search-dependent,425 500
jiang_short_tight,piecewise,7.9425132087992285,crew_team_h,MX2,0.015544318748162533,search-dependent,425 500
jiang_short_tight,piecewise,7.9425132087992285,shift_ot_h,MX2,0.009678587762130153,search-dependent,300 325 380 425 500 550 MX1
jiang_short_tight,piecewise,9.911784031052534,shift_h,MX2,0.024258828014962486,search-dependent,300 325 425 500 550 MX1
jiang_short_tight,piecewise,9.911784031052534,crew_veh_h,MX2,0.02831749055558208,search-dependent,425 500
jiang_short_tight,piecewise,9.911784031052534,crew_team_h,MX2,0.02031011608030986,search-dependent,425 500
jiang_short_tight,piecewise,9.911784031052534,shift_ot_h,MX2,0.014108320316507994,search-dependent,300 325 380 425 500 550 MX1
jiang_short_tight,piecewise,12.36931687685298,shift_h,MX2,0.029085291984374484,search-dependent,300 325 425 500 550 MX1
jiang_short_tight,piecewise,12.36931687685298,crew_veh_h,MX2,0.03343844582550615,search-dependent,425 500
jiang_short_tight,piecewise,12.36931687685298,crew_team_h,MX2,0.025794576558465065,search-dependent,425 500
jiang_short_tight,piecewise,12.36931687685298,shift_ot_h,MX2,0.019251609716414597,search-dependent,300 325 380 425 500 550 MX1
jiang_short_tight,piecewise,15.436171684196077,shift_h,MX2,0.03460179706954736,search-dependent,300 325 425 500 550 MX1
jiang_short_tight,piecewise,15.436171684196077,crew_veh_h,MX2,0.039241944443048515,search-dependent,425 500
jiang_short_tight,piecewise,15.436171684196077,crew_team_h,MX2,0.03200799480640759,search-dependent,425 500
jiang_short_tight,piecewise,15.436171684196077,shift_ot_h,MX2,0.025138280497622567,search-dependent,300 325 380 425 500 550 MX1
jiang_short_tight,piecewise,19.26342405455451,shift_h,MX2,0.04080321656813135,search-dependent,300 325 425 500 550 MX1
jiang_short_tight,piecewise,19.26342405455451,crew_veh_h,MX2,0.04570366968772377,search-dependent,425
jiang_short_tight,piecewise,19.26342405455451,crew_team_h,MX2,0.03892358958183917,search-dependent,300 325 425 MX1
jiang_short_tight,piecewise,19.26342405455451,shift_ot_h,MX2,0.03176609126522578,search-dependent,300 325 425 500 550 MX1
jiang_short_tight,piecewise,24.039607351964708,shift_h,MX2,0.04764585690002088,search-dependent,300 325 425 500 550 MX1
jiang_short_tight,piecewise,24.039607351964708,crew_veh_h,MX2,0.052758136788028764,search-dependent,425
jiang_short_tight,piecewise,24.039607351964708,crew_team_h,MX2,0.04249287433998461,search-dependent,300 325 425 MX1
jiang_short_tight,piecewise,24.039607351964708,shift_ot_h,MX2,0.039091852755268164,search-dependent,300 325 425 500 550 MX1
jiang_short_tight,piecewise,30.000000000000004,shift_h,MX2,0.05504247865093426,search-dependent,300 325 425 500 550 MX1
jiang_short_tight,piecewise,30.000000000000004,crew_veh_h,MX2,0.0602962344642588,search-dependent,425
jiang_short_tight,piecewise,30.000000000000004,crew_team_h,MX2,0.04118440836799864,search-dependent,300 325 425 MX1
jiang_short_tight,piecewise,30.000000000000004,shift_ot_h,MX2,0.047025666670791555,search-dependent,300 325 425 500 550 MX1
jiang_short_tight,power_0.72,5.1,shift_h,MX2,0.011831391425450866,search-dependent,300 325 425 500 550 MX1
jiang_short_tight,power_0.72,5.1,crew_veh_h,MX2,0.004771080469164746,search-dependent,425 500 550
jiang_short_tight,power_0.72,5.1,crew_team_h,MX2,0.006037190125104397,search-dependent,425 500 550
jiang_short_tight,power_0.72,5.1,shift_ot_h,MX2,0.0009940928808045424,search-dependent,300 325 380 425 500 550 MX1
jiang_short_tight,power_0.72,6.364496630910889,shift_h,MX2,0.014446701884249125,search-dependent,300 325 425 500 550 MX1
jiang_short_tight,power_0.72,6.364496630910889,crew_veh_h,MX2,0.01120310679179326,search-dependent,425 500 550
jiang_short_tight,power_0.72,6.364496630910889,crew_team_h,MX2,0.009088258485961509,search-dependent,425 500 550
jiang_short_tight,power_0.72,6.364496630910889,shift_ot_h,MX2,0.0037935933612303074,search-dependent,300 325 380 425 500 550 MX1
jiang_short_tight,power_0.72,7.9425132087992285,shift_h,MX2,0.01755649380302149,search-dependent,300 325 425 500 550 MX1
jiang_short_tight,power_0.72,7.9425132087992285,crew_veh_h,MX2,0.01881109457190977,search-dependent,425 500 550
jiang_short_tight,power_0.72,7.9425132087992285,crew_team_h,MX2,0.012696411610721992,search-dependent,425 500 550
jiang_short_tight,power_0.72,7.9425132087992285,shift_ot_h,MX2,0.007125181499167521,search-dependent,300 325 380 425 500 550 MX1
jiang_short_tight,power_0.72,9.911784031052534,shift_h,MX2,0.021216099330475524,search-dependent,300 325 425 500 550 MX1
jiang_short_tight,power_0.72,9.911784031052534,crew_veh_h,MX2,0.02499277805778255,search-dependent,425 500 550
jiang_short_tight,power_0.72,9.911784031052534,crew_team_h,MX2,0.016915202590116918,search-dependent,425 500 550
jiang_short_tight,power_0.72,9.911784031052534,shift_ot_h,MX2,0.011049672012979794,search-dependent,300 325 380 425 500 550 MX1
jiang_short_tight,power_0.72,12.36931687685298,shift_h,MX2,0.025470519812638814,search-dependent,300 325 425 500 550 MX1
jiang_short_tight,power_0.72,12.36931687685298,crew_veh_h,MX2,0.029506894995981137,search-dependent,425 500 550
jiang_short_tight,power_0.72,12.36931687685298,crew_team_h,MX2,0.021782997283718464,search-dependent,425 500
jiang_short_tight,power_0.72,12.36931687685298,shift_ot_h,MX2,0.015617305687514627,search-dependent,300 325 380 425 500 550 MX1
jiang_short_tight,power_0.72,15.436171684196077,shift_h,MX2,0.03034687005327119,search-dependent,300 325 425 500 550 MX1
jiang_short_tight,power_0.72,15.436171684196077,crew_veh_h,MX2,0.0346380846229597,search-dependent,425 500
jiang_short_tight,power_0.72,15.436171684196077,crew_team_h,MX2,0.027314441247118015,search-dependent,425 500
jiang_short_tight,power_0.72,15.436171684196077,shift_ot_h,MX2,0.020859644794561483,search-dependent,300 325 425 500 550 MX1
jiang_short_tight,power_0.72,19.26342405455451,shift_h,MX2,0.035846148312188575,search-dependent,300 325 425 500 550 MX1
jiang_short_tight,power_0.72,19.26342405455451,crew_veh_h,MX2,0.040370606183070645,search-dependent,425 500
jiang_short_tight,power_0.72,19.26342405455451,crew_team_h,MX2,0.03349189670582575,search-dependent,425 500
jiang_short_tight,power_0.72,19.26342405455451,shift_ot_h,MX2,0.026780640371705466,search-dependent,300 325 425 500 550 MX1
jiang_short_tight,power_0.72,24.039607351964708,shift_h,MX2,0.04193564227563873,search-dependent,300 325 425 500 550 MX1
jiang_short_tight,power_0.72,24.039607351964708,crew_veh_h,MX2,0.046652392481476124,search-dependent,425 500
jiang_short_tight,power_0.72,24.039607351964708,crew_team_h,MX2,0.04025855135671752,search-dependent,300 325 425 500 MX1
jiang_short_tight,power_0.72,24.039607351964708,shift_ot_h,MX2,0.03334824029865335,search-dependent,300 325 425 500 550 MX1
jiang_short_tight,power_0.72,30.000000000000004,shift_h,MX2,0.04854376814976891,search-dependent,300 325 425 500 550 MX1
jiang_short_tight,power_0.72,30.000000000000004,crew_veh_h,MX2,0.05339200586058768,search-dependent,425 500
jiang_short_tight,power_0.72,30.000000000000004,crew_team_h,MX2,0.047515236784439585,search-dependent,300 325 425 500 MX1
jiang_short_tight,power_0.72,30.000000000000004,shift_ot_h,MX2,0.040488457388022425,search-dependent,300 325 425 500 550 MX1
jiang_short_tight,power_0.84,5.1,shift_h,MX2,0.013941141131508017,search-dependent,300 325 425 500 550 MX1
jiang_short_tight,power_0.84,5.1,crew_veh_h,MX2,0.010523737474791295,search-dependent,425 500 550
jiang_short_tight,power_0.84,5.1,crew_team_h,MX2,0.008413627282708225,search-dependent,425 500 550
jiang_short_tight,power_0.84,5.1,shift_ot_h,MX2,0.0031034882440375,search-dependent,300 325 380 425 500 550 MX1
jiang_short_tight,power_0.84,6.364496630910889,shift_h,MX2,0.0170097930706139,search-dependent,300 325 425 500 550 MX1
jiang_short_tight,power_0.84,6.364496630910889,crew_veh_h,MX2,0.018174491317675123,search-dependent,425 500 550
jiang_short_tight,power_0.84,6.364496630910889,crew_team_h,MX2,0.011965976054045147,search-dependent,425 500
jiang_short_tight,power_0.84,6.364496630910889,shift_ot_h,MX2,0.006356690674510057,search-dependent,300 325 380 425 500 550 MX1
jiang_short_tight,power_0.84,7.9425132087992285,shift_h,MX2,0.020652538921815067,search-dependent,300 325 425 500 550 MX1
jiang_short_tight,power_0.84,7.9425132087992285,crew_veh_h,MX2,0.02448412488460927,search-dependent,425 500
jiang_short_tight,power_0.84,7.9425132087992285,crew_team_h,MX2,0.016159230747930353,search-dependent,425 500
jiang_short_tight,power_0.84,7.9425132087992285,shift_ot_h,MX2,0.010221837439668313,search-dependent,300 325 380 425 500 550 MX1
jiang_short_tight,power_0.84,9.911784031052534,shift_h,MX2,0.024930858130026934,search-dependent,300 325 425 500 550 MX1
jiang_short_tight,power_0.84,9.911784031052534,crew_veh_h,MX2,0.02905937753658816,search-dependent,425 500
jiang_short_tight,power_0.84,9.911784031052534,crew_team_h,MX2,0.02105158646608074,search-dependent,425 500
jiang_short_tight,power_0.84,9.911784031052534,shift_ot_h,MX2,0.014765975511072726,search-dependent,300 325 380 425 500 550 MX1
jiang_short_tight,power_0.84,12.36931687685298,shift_h,MX2,0.02989308460639184,search-dependent,300 325 425 500 550 MX1
jiang_short_tight,power_0.84,12.36931687685298,crew_veh_h,MX2,0.03432679925969362,search-dependent,425 500
jiang_short_tight,power_0.84,12.36931687685298,crew_team_h,MX2,0.02668247065259899,search-dependent,425 500
jiang_short_tight,power_0.84,12.36931687685298,shift_ot_h,MX2,0.020042766771380283,search-dependent,300 325 380 425 500 550 MX1
jiang_short_tight,power_0.84,15.436171684196077,shift_h,MX2,0.03556559885122068,search-dependent,300 325 425 500 550 MX1
jiang_short_tight,power_0.84,15.436171684196077,crew_veh_h,MX2,0.040297228610075786,search-dependent,425 500
jiang_short_tight,power_0.84,15.436171684196077,crew_team_h,MX2,0.03306278403061791,search-dependent,425 500
jiang_short_tight,power_0.84,15.436171684196077,shift_ot_h,MX2,0.02608311543171382,search-dependent,300 325 425 500 550 MX1
jiang_short_tight,power_0.84,19.26342405455451,shift_h,MX2,0.04194346298548868,search-dependent,300 325 425 500 550 MX1
jiang_short_tight,power_0.84,19.26342405455451,crew_veh_h,MX2,0.046945996292113046,search-dependent,425 500
jiang_short_tight,power_0.84,19.26342405455451,crew_team_h,MX2,0.0401653963944093,search-dependent,300 325 425 MX1
jiang_short_tight,power_0.84,19.26342405455451,shift_ot_h,MX2,0.03288507729147505,search-dependent,300 325 425 500 550 MX1
jiang_short_tight,power_0.84,24.039607351964708,shift_h,MX2,0.04898210159732108,search-dependent,300 325 425 500 550 MX1
jiang_short_tight,power_0.84,24.039607351964708,crew_veh_h,MX2,0.0542060818032446,search-dependent,425
jiang_short_tight,power_0.84,24.039607351964708,crew_team_h,MX2,0.04402051536439622,search-dependent,300 325 425 MX1
jiang_short_tight,power_0.84,24.039607351964708,shift_ot_h,MX2,0.040404715864049034,search-dependent,300 325 425 500 550 MX1
jiang_short_tight,power_0.84,30.000000000000004,shift_h,MX2,0.05659213528090001,search-dependent,300 325 425 500 550 MX1
jiang_short_tight,power_0.84,30.000000000000004,crew_veh_h,MX2,0.06196553117263082,search-dependent,425
jiang_short_tight,power_0.84,30.000000000000004,crew_team_h,MX2,0.043292204997100736,search-dependent,300 325 425 MX1
jiang_short_tight,power_0.84,30.000000000000004,shift_ot_h,MX2,0.04855014195644913,search-dependent,300 325 425 500 550 MX1
jiang_short_tight,power_0.96,5.1,shift_h,MX2,0.016080256873280296,search-dependent,300 325 425 500 550 MX1
jiang_short_tight,power_0.96,5.1,crew_veh_h,MX2,0.016668593803243148,search-dependent,425 500 550
jiang_short_tight,power_0.96,5.1,crew_team_h,MX2,0.01082231834004932,search-dependent,425 500
jiang_short_tight,power_0.96,5.1,shift_ot_h,MX2,0.005244554128340129,search-dependent,300 325 380 425 500 550 MX1
jiang_short_tight,power_0.96,6.364496630910889,shift_h,MX2,0.019603736489055335,search-dependent,300 325 425 500 550 MX1
jiang_short_tight,power_0.96,6.364496630910889,crew_veh_h,MX2,0.023420283771958594,search-dependent,425 500
jiang_short_tight,power_0.96,6.364496630910889,crew_team_h,MX2,0.014876766848680445,search-dependent,425 500
jiang_short_tight,power_0.96,6.364496630910889,shift_ot_h,MX2,0.00895348869345991,search-dependent,300 325 380 425 500 550 MX1
jiang_short_tight,power_0.96,7.9425132087992285,shift_h,MX2,0.023778936949795826,search-dependent,300 325 425 500 550 MX1
jiang_short_tight,power_0.96,7.9425132087992285,crew_veh_h,MX2,0.02791493680062551,search-dependent,425 500
jiang_short_tight,power_0.96,7.9425132087992285,crew_team_h,MX2,0.01965334988436429,search-dependent,425 500
jiang_short_tight,power_0.96,7.9425132087992285,shift_ot_h,MX2,0.013352347285553012,search-dependent,300 325 380 425 500 550 MX1
jiang_short_tight,power_0.96,9.911784031052534,shift_h,MX2,0.02867229571440788,search-dependent,300 325 425 500 550 MX1
jiang_short_tight,power_0.96,9.911784031052534,crew_veh_h,MX2,0.03314825634980334,search-dependent,425 500
jiang_short_tight,power_0.96,9.911784031052534,crew_team_h,MX2,0.025213519106374038,search-dependent,425
jiang_short_tight,power_0.96,9.911784031052534,shift_ot_h,MX2,0.01851322728595961,search-dependent,300 325 380 425 500 550 MX1
jiang_short_tight,power_0.96,12.36931687685298,shift_h,MX2,0.034333968129500736,search-dependent,300 325 425 500 550 MX1
jiang_short_tight,power_0.96,12.36931687685298,crew_veh_h,MX2,0.039157379487493316,search-dependent,425
jiang_short_tight,power_0.96,12.36931687685298,crew_team_h,MX2,0.03159606995921038,search-dependent,425
jiang_short_tight,power_0.96,12.36931687685298,shift_ot_h,MX2,0.02449169925108552,search-dependent,300 325 380 425 500 550 MX1
jiang_short_tight,power_0.96,15.436171684196077,shift_h,MX2,0.04078781799301634,search-dependent,300 325 425 500 550 MX1
jiang_short_tight,power_0.96,15.436171684196077,crew_veh_h,MX2,0.04594798315570214,search-dependent,425
jiang_short_tight,power_0.96,15.436171684196077,crew_team_h,MX2,0.03746810332050399,search-dependent,300 325 425 MX1
jiang_short_tight,power_0.96,15.436171684196077,shift_ot_h,MX2,0.03131621192834966,search-dependent,300 325 425 500 550 MX1
jiang_short_tight,power_0.96,19.26342405455451,shift_h,MX2,0.048021054512476846,search-dependent,300 325 425 500 550 MX1
jiang_short_tight,power_0.96,19.26342405455451,crew_veh_h,MX2,0.05348457657782002,search-dependent,425
jiang_short_tight,power_0.96,19.26342405455451,crew_team_h,MX2,0.03658773553034789,search-dependent,300 325 425 MX1
jiang_short_tight,power_0.96,19.26342405455451,shift_ot_h,MX2,0.03897697569844483,search-dependent,300 325 425 500 550 MX1
jiang_short_tight,power_0.96,24.039607351964708,shift_h,MX2,0.05597542272446687,search-dependent,300 325 425 500 550 MX1
jiang_short_tight,power_0.96,24.039607351964708,crew_veh_h,MX2,0.061683550792010156,search-dependent,425
jiang_short_tight,power_0.96,24.039607351964708,crew_team_h,MX2,0.034246379040162145,search-dependent,300 325 425 MX1
jiang_short_tight,power_0.96,24.039607351964708,shift_ot_h,MX2,0.04741629893263455,search-dependent,300 325 425 500 550 MX1
jiang_short_tight,power_0.96,30.000000000000004,shift_h,MX2,0.0645423456160319,search-dependent,300 325 425 500 550 MX1
jiang_short_tight,power_0.96,30.000000000000004,crew_veh_h,MX2,0.07041139218061643,search-dependent,425
jiang_short_tight,power_0.96,30.000000000000004,crew_team_h,MX2,0.03175509680680766,search-dependent,300 325 425 MX1
jiang_short_tight,power_0.96,30.000000000000004,shift_ot_h,MX2,0.05652291512473928,search-dependent,300 325 425 500 550 MX1
lightskew_long_baseline,affine,5.1,shift_h,500,0.009671139250001959,search-dependent,325 380 425 550 MX2
lightskew_long_baseline,affine,5.1,crew_veh_h,500,0.004862624336199772,search-dependent,550 MX2
lightskew_long_baseline,affine,5.1,crew_team_h,MX2,0.005319420734804625,search-dependent,300 325 425 500
lightskew_long_baseline,affine,5.1,shift_ot_h,500,0.00915149579361385,search-dependent,325 380 425 550 MX2
lightskew_long_baseline,affine,6.364496630910889,shift_h,500,0.011734393110204078,search-dependent,325 380 425 550 MX2
lightskew_long_baseline,affine,6.364496630910889,crew_veh_h,MX2,0.0011848201307578243,search-dependent,500 550
lightskew_long_baseline,affine,6.364496630910889,crew_team_h,MX2,0.006416225591578506,search-dependent,300 325
lightskew_long_baseline,affine,6.364496630910889,shift_ot_h,500,0.011120454391402301,search-dependent,325 380 425 550 MX2
lightskew_long_baseline,affine,7.9425132087992285,shift_h,500,0.014154104324551886,search-dependent,325 380 425 550 MX2
lightskew_long_baseline,affine,7.9425132087992285,crew_veh_h,MX2,0.008343547945222518,search-dependent,500 550
lightskew_long_baseline,affine,7.9425132087992285,crew_team_h,MX2,0.007718456555630304,search-dependent,300 325
lightskew_long_baseline,affine,7.9425132087992285,shift_ot_h,500,0.013437077839759892,search-dependent,325 380 425 550 MX2
lightskew_long_baseline,affine,9.911784031052534,shift_h,500,0.016955849032492365,search-dependent,325 380 425 550 MX2
lightskew_long_baseline,affine,9.911784031052534,crew_veh_h,MX2,0.01676219169897597,search-dependent,500
lightskew_long_baseline,affine,9.911784031052534,crew_team_h,MX2,0.009248217974325401,search-dependent,300 325
lightskew_long_baseline,affine,9.911784031052534,shift_ot_h,500,0.01612962486277003,search-dependent,325 380 425 550 MX2
lightskew_long_baseline,affine,12.36931687685298,shift_h,500,0.020152377469790483,search-dependent,325 380 425 550 MX2
lightskew_long_baseline,affine,12.36931687685298,crew_veh_h,MX2,0.026541352162185783,search-dependent,500
lightskew_long_baseline,affine,12.36931687685298,crew_team_h,MX2,0.009595375246083782,search-dependent,300 325
lightskew_long_baseline,affine,12.36931687685298,shift_ot_h,500,0.01921497454290777,search-dependent,325 380 425 550 MX2
lightskew_long_baseline,affine,15.436171684196077,shift_h,500,0.023738434783815432,search-dependent,325 380 425 550 MX2
lightskew_long_baseline,affine,15.436171684196077,crew_veh_h,MX2,0.03773975860683909,certain,
lightskew_long_baseline,affine,15.436171684196077,crew_team_h,MX2,0.009584189519704633,search-dependent,300 325
lightskew_long_baseline,affine,15.436171684196077,shift_ot_h,500,0.02269342939869734,search-dependent,325 380 425 550 MX2
lightskew_long_baseline,affine,19.26342405455451,shift_h,500,0.013562657190679728,search-dependent,325 380 425 550 MX1 MX2
lightskew_long_baseline,affine,19.26342405455451,crew_veh_h,MX2,0.05035550401668076,certain,
lightskew_long_baseline,affine,19.26342405455451,crew_team_h,MX2,0.009571608874270554,search-dependent,300 325 MX1
lightskew_long_baseline,affine,19.26342405455451,shift_ot_h,500,0.011807120752702183,search-dependent,300 325 380 425 550 MX1 MX2
lightskew_long_baseline,affine,24.039607351964708,shift_h,MX2,0.002805048509588959,search-dependent,300 325 380 425 500 550 MX1
lightskew_long_baseline,affine,24.039607351964708,crew_veh_h,MX2,0.048160324614606065,certain,
lightskew_long_baseline,affine,24.039607351964708,crew_team_h,MX2,0.009557719867774317,search-dependent,300 325 MX1
lightskew_long_baseline,affine,24.039607351964708,shift_ot_h,MX2,0.00456460699747363,search-dependent,300 325 380 425 500 550 MX1
lightskew_long_baseline,affine,30.000000000000004,shift_h,MX2,0.003258292575906596,search-dependent,300 325 380 425 500 550 MX1
lightskew_long_baseline,affine,30.000000000000004,crew_veh_h,MX2,0.04532650148375983,certain,
lightskew_long_baseline,affine,30.000000000000004,crew_team_h,MX2,0.009542697506576436,search-dependent,300 325 MX1
lightskew_long_baseline,affine,30.000000000000004,shift_ot_h,MX2,0.007745163966805579,search-dependent,300 325 380 425 500 550 MX1
lightskew_long_baseline,piecewise,5.1,shift_h,500,0.010457016795983876,search-dependent,325 380 425 550 MX2
lightskew_long_baseline,piecewise,5.1,crew_veh_h,500,0.0020100896576269456,search-dependent,550 MX2
lightskew_long_baseline,piecewise,5.1,crew_team_h,MX2,0.00498006869590184,search-dependent,300 325 425
lightskew_long_baseline,piecewise,5.1,shift_ot_h,500,0.009897159008937173,search-dependent,325 380 425 550 MX2
lightskew_long_baseline,piecewise,6.364496630910889,shift_h,500,0.012677698095920675,search-dependent,325 380 425 550 MX2
lightskew_long_baseline,piecewise,6.364496630910889,crew_veh_h,MX2,0.00463553023543084,search-dependent,500 550
lightskew_long_baseline,piecewise,6.364496630910889,crew_team_h,MX2,0.006000945206543706,search-dependent,300 325
lightskew_long_baseline,piecewise,6.364496630910889,shift_ot_h,500,0.012017289937435116,search-dependent,325 380 425 550 MX2
lightskew_long_baseline,piecewise,7.9425132087992285,shift_h,500,0.01527747532827739,search-dependent,325 380 425 550 MX2
lightskew_long_baseline,piecewise,7.9425132087992285,crew_veh_h,MX2,0.012524699336349032,search-dependent,500
lightskew_long_baseline,piecewise,7.9425132087992285,crew_team_h,MX2,0.007212466057512135,search-dependent,300 325
lightskew_long_baseline,piecewise,7.9425132087992285,shift_ot_h,500,0.014507602757747096,search-dependent,325 380 425 550 MX2
lightskew_long_baseline,piecewise,9.911784031052534,shift_h,500,0.01828158424203874,search-dependent,325 380 425 550 MX2
lightskew_long_baseline,piecewise,9.911784031052534,crew_veh_h,MX2,0.021797350985605313,search-dependent,500
lightskew_long_baseline,piecewise,9.911784031052534,crew_team_h,MX2,0.008634891129160494,search-dependent,300 325
lightskew_long_baseline,piecewise,9.911784031052534,shift_ot_h,500,0.017396366534287777,search-dependent,325 380 425 550 MX2
lightskew_long_baseline,piecewise,12.36931687685298,shift_h,500,0.02170098164663825,search-dependent,325 380 425 550 MX2
lightskew_long_baseline,piecewise,12.36931687685298,crew_veh_h,MX2,0.03256176928174459,certain,
lightskew_long_baseline,piecewise,12.36931687685298,crew_team_h,MX2,0.009732287469335521,search-dependent,300 325
lightskew_long_baseline,piecewise,12.36931687685298,shift_ot_h,500,0.020699103846338662,search-dependent,325 380 425 550 MX2
lightskew_long_baseline,piecewise,15.436171684196077,shift_h,500,0.022254050477415577,search-dependent,325 380 425 550 MX2
lightskew_long_baseline,piecewise,15.436171684196077,crew_veh_h,MX2,0.04487950360798254,certain,
lightskew_long_baseline,piecewise,15.436171684196077,crew_team_h,MX2,0.009747070474669162,search-dependent,300 325 MX1
lightskew_long_baseline,piecewise,15.436171684196077,shift_ot_h,500,0.020018360757509734,search-dependent,300 325 380 425 550 MX2
lightskew_long_baseline,piecewise,19.26342405455451,shift_h,500,0.005350482824772129,search-dependent,300 325 380 425 550 MX1 MX2
lightskew_long_baseline,piecewise,19.26342405455451,crew_veh_h,MX2,0.05084706977591358,certain,
lightskew_long_baseline,piecewise,19.26342405455451,crew_team_h,MX2,0.009763683193910744,search-dependent,300 325 MX1
lightskew_long_baseline,piecewise,19.26342405455451,shift_ot_h,500,0.003948401848352878,search-dependent,300 325 380 425 550 MX1 MX2
lightskew_long_baseline,piecewise,24.039607351964708,shift_h,MX2,0.003034953948324981,search-dependent,300 325 380 425 500 550 MX1
lightskew_long_baseline,piecewise,24.039607351964708,crew_veh_h,MX2,0.04825314484779697,certain,
lightskew_long_baseline,piecewise,24.039607351964708,crew_team_h,MX2,0.009782006649876163,search-dependent,300 325 MX1
lightskew_long_baseline,piecewise,24.039607351964708,shift_ot_h,MX2,0.007836743582041894,search-dependent,300 325 380 425 500 550 MX1
lightskew_long_baseline,piecewise,30.000000000000004,shift_h,MX2,0.003523560307233886,search-dependent,300 325 380 425 500 550 MX1
lightskew_long_baseline,piecewise,30.000000000000004,crew_veh_h,MX2,0.04544471086678281,certain,
lightskew_long_baseline,piecewise,30.000000000000004,crew_team_h,MX2,0.009801805318124579,search-dependent,300 325 MX1
lightskew_long_baseline,piecewise,30.000000000000004,shift_ot_h,MX2,0.00798544852574068,search-dependent,300 325 380 425 500 550 MX1
lightskew_long_baseline,power_0.72,5.1,shift_h,500,0.00784670892747008,search-dependent,325 380 425 550 MX2
lightskew_long_baseline,power_0.72,5.1,crew_veh_h,500,0.007837359000270716,search-dependent,550 MX2
lightskew_long_baseline,power_0.72,5.1,crew_team_h,MX2,0.00631141171073879,search-dependent,300 425 500
lightskew_long_baseline,power_0.72,5.1,shift_ot_h,500,0.007423046799125421,search-dependent,325 380 425 550 MX2
lightskew_long_baseline,power_0.72,6.364496630910889,shift_h,500,0.009531176296522892,search-dependent,325 380 425 550 MX2
lightskew_long_baseline,power_0.72,6.364496630910889,crew_veh_h,500,0.003481096047208476,search-dependent,550 MX2
lightskew_long_baseline,power_0.72,6.364496630910889,crew_team_h,MX2,0.0076287467195510494,search-dependent,300 325 425 500
lightskew_long_baseline,power_0.72,6.364496630910889,shift_ot_h,500,0.009029562767482124,search-dependent,325 380 425 550 MX2
lightskew_long_baseline,power_0.72,7.9425132087992285,shift_h,500,0.01151137282396597,search-dependent,325 380 425 550 MX2
lightskew_long_baseline,power_0.72,7.9425132087992285,crew_veh_h,MX2,0.002701313864833743,search-dependent,500 550
lightskew_long_baseline,power_0.72,7.9425132087992285,crew_team_h,MX2,0.009193788567111172,search-dependent,300 325
lightskew_long_baseline,power_0.72,7.9425132087992285,shift_ot_h,500,0.010924055064937876,search-dependent,325 380 425 550 MX2
lightskew_long_baseline,power_0.72,9.911784031052534,shift_h,500,0.013810590916602639,search-dependent,325 380 425 550 MX2
lightskew_long_baseline,power_0.72,9.911784031052534,crew_veh_h,MX2,0.009962878358962257,search-dependent,500 550
lightskew_long_baseline,power_0.72,9.911784031052534,crew_team_h,MX2,0.010788588902517215,search-dependent,300 325
lightskew_long_baseline,power_0.72,9.911784031052534,shift_ot_h,500,0.013131846445839424,search-dependent,325 380 425 550 MX2
lightskew_long_baseline,power_0.72,12.36931687685298,shift_h,500,0.01644218350450788,search-dependent,325 380 425 550 MX2
lightskew_long_baseline,power_0.72,12.36931687685298,crew_veh_h,MX2,0.01840512557627738,search-dependent,500
lightskew_long_baseline,power_0.72,12.36931687685298,crew_team_h,MX2,0.01101517208691849,search-dependent,300 325
lightskew_long_baseline,power_0.72,12.36931687685298,shift_ot_h,500,0.01566952144576428,search-dependent,325 380 425 550 MX2
lightskew_long_baseline,power_0.72,15.436171684196077,shift_h,500,0.01940517231991179,search-dependent,325 380 425 550 MX2
lightskew_long_baseline,power_0.72,15.436171684196077,crew_veh_h,MX2,0.02808205599181801,search-dependent,500
lightskew_long_baseline,power_0.72,15.436171684196077,crew_team_h,MX2,0.011274518198345795,search-dependent,300 325
lightskew_long_baseline,power_0.72,15.436171684196077,shift_ot_h,500,0.018540561122857513,search-dependent,325 380 425 550 MX2
lightskew_long_baseline,power_0.72,19.26342405455451,shift_h,500,0.0226802752829407,search-dependent,325 380 425 550 MX2
lightskew_long_baseline,power_0.72,19.26342405455451,crew_veh_h,MX2,0.038995879187378124,search-dependent,500
lightskew_long_baseline,power_0.72,19.26342405455451,crew_team_h,MX2,0.0115665341022273,search-dependent,300 325 MX1
lightskew_long_baseline,power_0.72,19.26342405455451,shift_ot_h,500,0.02173116239218631,search-dependent,325 380 425 550 MX2
lightskew_long_baseline,power_0.72,24.039607351964708,shift_h,500,0.009238053310321792,search-dependent,300 325 380 425 550 MX1 MX2
lightskew_long_baseline,power_0.72,24.039607351964708,crew_veh_h,MX2,0.05063272196822477,certain,
lightskew_long_baseline,power_0.72,24.039607351964708,crew_team_h,MX2,0.011889323030242371,search-dependent,300 325 MX1
lightskew_long_baseline,power_0.72,24.039607351964708,shift_ot_h,500,0.007751302940911531,search-dependent,300 325 380 425 550 MX1 MX2
lightskew_long_baseline,power_0.72,30.000000000000004,shift_h,MX2,0.005747881786408504,search-dependent,300 325 380 425 500 550 MX1
lightskew_long_baseline,power_0.72,30.000000000000004,crew_veh_h,MX2,0.048173832717125054,certain,
lightskew_long_baseline,power_0.72,30.000000000000004,crew_team_h,MX2,0.012238929992127723,search-dependent,300 325 MX1
lightskew_long_baseline,power_0.72,30.000000000000004,shift_ot_h,MX2,0.008188029173802125,search-dependent,300 325 380 425 500 550 MX1
lightskew_long_baseline,power_0.84,5.1,shift_h,500,0.009830941586159936,search-dependent,325 380 425 550 MX2
lightskew_long_baseline,power_0.84,5.1,crew_veh_h,500,0.002362949125958469,search-dependent,550 MX2
lightskew_long_baseline,power_0.84,5.1,crew_team_h,MX2,0.005388356356838653,search-dependent,300 325
lightskew_long_baseline,power_0.84,5.1,shift_ot_h,500,0.009304369196175166,search-dependent,325 380 425 550 MX2
lightskew_long_baseline,power_0.84,6.364496630910889,shift_h,500,0.01191985696753961,search-dependent,325 380 425 550 MX2
lightskew_long_baseline,power_0.84,6.364496630910889,crew_veh_h,MX2,0.004207689786097868,search-dependent,500 550
lightskew_long_baseline,power_0.84,6.364496630910889,crew_team_h,MX2,0.0064991998579084775,search-dependent,300 325
lightskew_long_baseline,power_0.84,6.364496630910889,shift_ot_h,500,0.011298591113179768,search-dependent,325 380 425 550 MX2
lightskew_long_baseline,power_0.84,7.9425132087992285,shift_h,500,0.014365904026462095,search-dependent,325 380 425 550 MX2
lightskew_long_baseline,power_0.84,7.9425132087992285,crew_veh_h,MX2,0.012006406507372613,search-dependent,500
lightskew_long_baseline,power_0.84,7.9425132087992285,crew_team_h,MX2,0.007817564287793788,search-dependent,300 325
lightskew_long_baseline,power_0.84,7.9425132087992285,shift_ot_h,500,0.013641496046228774,search-dependent,325 380 425 550 MX2
lightskew_long_baseline,power_0.84,9.911784031052534,shift_h,500,0.017193085622921656,search-dependent,325 380 425 550 MX2
lightskew_long_baseline,power_0.84,9.911784031052534,crew_veh_h,MX2,0.02117335480075666,search-dependent,500
lightskew_long_baseline,power_0.84,9.911784031052534,crew_team_h,MX2,0.009365537290399795,search-dependent,300 325
lightskew_long_baseline,power_0.84,9.911784031052534,shift_ot_h,500,0.016359923581123814,search-dependent,325 380 425 550 MX2
lightskew_long_baseline,power_0.84,12.36931687685298,shift_h,500,0.020412026350970613,search-dependent,325 380 425 550 MX2
lightskew_long_baseline,power_0.84,12.36931687685298,crew_veh_h,MX2,0.03181589285896713,certain,
lightskew_long_baseline,power_0.84,12.36931687685298,crew_team_h,MX2,0.010815607577171038,search-dependent,300 325
lightskew_long_baseline,power_0.84,12.36931687685298,shift_ot_h,500,0.019468779548037496,search-dependent,325 380 425 550 MX2
lightskew_long_baseline,power_0.84,15.436171684196077,shift_h,500,0.023140260985970995,search-dependent,325 380 425 550 MX2
lightskew_long_baseline,power_0.84,15.436171684196077,crew_veh_h,MX2,0.043995251744465724,certain,
lightskew_long_baseline,power_0.84,15.436171684196077,crew_team_h,MX2,0.011035718712170794,search-dependent,300 325 MX1
lightskew_long_baseline,power_0.84,15.436171684196077,shift_ot_h,500,0.020863407425223857,search-dependent,300 325 380 425 550 MX2
lightskew_long_baseline,power_0.84,19.26342405455451,shift_h,500,0.006360092380877536,search-dependent,300 325 380 425 550 MX1 MX2
lightskew_long_baseline,power_0.84,19.26342405455451,crew_veh_h,MX2,0.05235810667737639,certain,
lightskew_long_baseline,power_0.84,19.26342405455451,crew_team_h,MX2,0.01128309876611211,search-dependent,300 325 MX1
lightskew_long_baseline,power_0.84,19.26342405455451,shift_ot_h,500,0.004914933562303103,search-dependent,300 325 380 425 550 MX1 MX2
lightskew_long_baseline,power_0.84,24.039607351964708,shift_h,MX2,0.004683135274873962,search-dependent,300 325 380 425 500 550 MX1
lightskew_long_baseline,power_0.84,24.039607351964708,crew_veh_h,MX2,0.05001797609767156,certain,
lightskew_long_baseline,power_0.84,24.039607351964708,crew_team_h,MX2,0.011555984642465322,search-dependent,300 325 MX1
lightskew_long_baseline,power_0.84,24.039607351964708,shift_ot_h,MX2,0.009425367842564647,search-dependent,300 325 380 425 500 550 MX1
lightskew_long_baseline,power_0.84,30.000000000000004,shift_h,MX2,0.00543742828344107,search-dependent,300 325 380 425 500 550 MX1
lightskew_long_baseline,power_0.84,30.000000000000004,crew_veh_h,MX2,0.0474840102226628,certain,
lightskew_long_baseline,power_0.84,30.000000000000004,crew_team_h,MX2,0.011850877260227488,search-dependent,300 325 MX1
lightskew_long_baseline,power_0.84,30.000000000000004,shift_ot_h,MX2,0.009834803350189603,search-dependent,300 325 380 425 500 550 MX1
lightskew_long_baseline,power_0.96,5.1,shift_h,500,0.012058839371299035,search-dependent,325 380 425 550 MX2
lightskew_long_baseline,power_0.96,5.1,crew_veh_h,MX2,0.0043973803120687105,search-dependent,500 550
lightskew_long_baseline,power_0.96,5.1,crew_team_h,MX2,0.00432062126314281,search-dependent,300 325
lightskew_long_baseline,power_0.96,5.1,shift_ot_h,500,0.01141842092388834,search-dependent,325 380 425 550 MX2
lightskew_long_baseline,power_0.96,6.364496630910889,shift_h,500,0.014593331080456906,search-dependent,325 380 425 550 MX2
lightskew_long_baseline,power_0.96,6.364496630910889,crew_veh_h,MX2,0.012429791366915577,search-dependent,500
lightskew_long_baseline,power_0.96,6.364496630910889,crew_team_h,MX2,0.005194126588149883,search-dependent,300 325
lightskew_long_baseline,power_0.96,6.364496630910889,shift_ot_h,500,0.013840554145503114,search-dependent,325 380 425 550 MX2
lightskew_long_baseline,power_0.96,7.9425132087992285,shift_h,500,0.01754890235812656,search-dependent,325 380 425 550 MX2
lightskew_long_baseline,power_0.96,7.9425132087992285,crew_veh_h,MX2,0.021961234802658103,search-dependent,500
lightskew_long_baseline,power_0.96,7.9425132087992285,crew_team_h,MX2,0.006229672499505234,search-dependent,300 325
lightskew_long_baseline,power_0.96,7.9425132087992285,shift_ot_h,500,0.016674966741923702,search-dependent,325 380 425 550 MX2
lightskew_long_baseline,power_0.96,9.911784031052534,shift_h,500,0.020948673144713492,search-dependent,325 380 425 550 MX2
lightskew_long_baseline,power_0.96,9.911784031052534,crew_veh_h,MX2,0.03315056704276209,certain,
lightskew_long_baseline,power_0.96,9.911784031052534,crew_team_h,MX2,0.007443991103508685,search-dependent,300 325
lightskew_long_baseline,power_0.96,9.911784031052534,shift_ot_h,500,0.019948582900908507,search-dependent,325 380 425 550 MX2
lightskew_long_baseline,power_0.96,12.36931687685298,shift_h,500,0.023877705778673652,search-dependent,325 380 425 550 MX2
lightskew_long_baseline,power_0.96,12.36931687685298,crew_veh_h,MX2,0.04612163359593291,certain,
lightskew_long_baseline,power_0.96,12.36931687685298,crew_team_h,MX2,0.008849851692635635,search-dependent,300 325
lightskew_long_baseline,power_0.96,12.36931687685298,shift_ot_h,500,0.021477934790364195,search-dependent,300 325 380 425 550 MX2
lightskew_long_baseline,power_0.96,15.436171684196077,shift_h,500,0.006415132626236053,search-dependent,300 325 380 425 550 MX1 MX2
lightskew_long_baseline,power_0.96,15.436171684196077,crew_veh_h,MX2,0.05369698172220083,certain,
lightskew_long_baseline,power_0.96,15.436171684196077,crew_team_h,MX2,0.010453571943318307,search-dependent,300 325 MX1
lightskew_long_baseline,power_0.96,15.436171684196077,shift_ot_h,500,0.004900864231532465,search-dependent,300 325 380 425 550 MX1 MX2
lightskew_long_baseline,power_0.96,19.26342405455451,shift_h,MX2,0.00344951915335856,search-dependent,300 325 380 425 500 550 MX1
lightskew_long_baseline,power_0.96,19.26342405455451,crew_veh_h,MX2,0.051454520169384566,certain,
lightskew_long_baseline,power_0.96,19.26342405455451,crew_team_h,MX2,0.010647584796818155,search-dependent,300 325 MX1
lightskew_long_baseline,power_0.96,19.26342405455451,shift_ot_h,MX2,0.008499971964197162,search-dependent,300 325 380 425 500 550 MX1
lightskew_long_baseline,power_0.96,24.039607351964708,shift_h,MX2,0.004042241997008311,search-dependent,300 325 380 425 500 550 MX1
lightskew_long_baseline,power_0.96,24.039607351964708,crew_veh_h,MX2,0.048981645695790554,certain,
lightskew_long_baseline,power_0.96,24.039607351964708,crew_team_h,MX2,0.010812668625912458,search-dependent,300 325 MX1
lightskew_long_baseline,power_0.96,24.039607351964708,shift_ot_h,MX2,0.008774141473294916,search-dependent,300 325 380 425 500 550 MX1
lightskew_long_baseline,power_0.96,30.000000000000004,shift_h,MX2,0.004687684557480143,search-dependent,300 325 380 425 500 550 MX1
lightskew_long_baseline,power_0.96,30.000000000000004,crew_veh_h,MX2,0.046310282713853956,certain,
lightskew_long_baseline,power_0.96,30.000000000000004,crew_team_h,MX2,0.010990639947626502,search-dependent,300 325 MX1
lightskew_long_baseline,power_0.96,30.000000000000004,shift_ot_h,MX2,0.009074198122214439,search-dependent,300 325 380 425 500 550 MX1
lightskew_long_tight,affine,5.1,shift_h,500,0.009671139250002181,search-dependent,380 425 550 MX2
lightskew_long_tight,affine,5.1,crew_veh_h,500,0.010606823139466925,search-dependent,550
lightskew_long_tight,affine,5.1,crew_team_h,MX2,0.004878503006116253,search-dependent,300 325 380
lightskew_long_tight,affine,5.1,shift_ot_h,500,0.009576766850992735,search-dependent,380 425 550 MX2
lightskew_long_tight,affine,6.364496630910889,shift_h,500,0.011734393110204078,search-dependent,380 425 550 MX2
lightskew_long_tight,affine,6.364496630910889,crew_veh_h,500,0.012835267755213264,search-dependent,550
lightskew_long_tight,affine,6.364496630910889,crew_team_h,MX2,0.006122356677368268,search-dependent,300 325
lightskew_long_tight,affine,6.364496630910889,shift_ot_h,500,0.01162303172717305,search-dependent,380 425 550 MX2
lightskew_long_tight,affine,7.9425132087992285,shift_h,500,0.014154104324551886,search-dependent,380 425 550 MX2
lightskew_long_tight,affine,7.9425132087992285,crew_veh_h,500,0.010778958545511141,search-dependent,550 MX2
lightskew_long_tight,affine,7.9425132087992285,crew_team_h,MX2,0.007593952843444329,search-dependent,300 325
lightskew_long_tight,affine,7.9425132087992285,shift_ot_h,500,0.014024230358351986,search-dependent,380 425 550 MX2
lightskew_long_tight,affine,9.911784031052534,shift_h,500,0.016955849032492365,search-dependent,380 425 550 MX2
lightskew_long_tight,affine,9.911784031052534,crew_veh_h,500,0.00018043340039763933,search-dependent,425 550 MX2
lightskew_long_tight,affine,9.911784031052534,crew_team_h,MX2,0.009315467623489893,search-dependent,300 325
lightskew_long_tight,affine,9.911784031052534,shift_ot_h,500,0.01680644504434259,search-dependent,380 425 550 MX2
lightskew_long_tight,affine,12.36931687685298,shift_h,500,0.020152377469790483,search-dependent,380 425 550 MX2
lightskew_long_tight,affine,12.36931687685298,crew_veh_h,MX2,0.011959810077421418,search-dependent,500
lightskew_long_tight,affine,12.36931687685298,crew_team_h,MX2,0.011302977902262201,search-dependent,300
lightskew_long_tight,affine,12.36931687685298,shift_ot_h,500,0.019983191616181006,search-dependent,380 425 550 MX2
lightskew_long_tight,affine,15.436171684196077,shift_h,500,0.014047288883954456,search-dependent,380 425 550 MX2
lightskew_long_tight,affine,15.436171684196077,crew_veh_h,MX2,0.025812498184406785,search-dependent,500
lightskew_long_tight,affine,15.436171684196077,crew_team_h,MX2,0.013562969741407693,search-dependent,300 MX1
lightskew_long_tight,affine,15.436171684196077,shift_ot_h,500,0.013593854694767149,search-dependent,380 425 550 MX2
lightskew_long_tight,affine,19.26342405455451,shift_h,MX2,0.0020994769783568845,search-dependent,300 380 425 500 550 MX1
lightskew_long_tight,affine,19.26342405455451,crew_veh_h,MX2,0.04135561409768518,certain,
lightskew_long_tight,affine,19.26342405455451,crew_team_h,MX2,0.016088810649965923,search-dependent,300 MX1
lightskew_long_tight,affine,19.26342405455451,shift_ot_h,MX2,0.00240517206340618,search-dependent,300 380 425 500 550 MX1
lightskew_long_tight,affine,24.039607351964708,shift_h,MX2,0.019888966845962308,search-dependent,300 380 425 500 550 MX1
lightskew_long_tight,affine,24.039607351964708,crew_veh_h,MX2,0.04566629725884197,certain,
lightskew_long_tight,affine,24.039607351964708,crew_team_h,MX2,0.01885787562143859,search-dependent,300 MX1
lightskew_long_tight,affine,24.039607351964708,shift_ot_h,MX2,0.020057654770811784,search-dependent,300 380 425 500 550 MX1
lightskew_long_tight,affine,30.000000000000004,shift_h,MX2,0.039344124449604,search-dependent,300 380 425 500 550 MX1
lightskew_long_tight,affine,30.000000000000004,crew_veh_h,MX2,0.0465309650811605,certain,
lightskew_long_tight,affine,30.000000000000004,crew_team_h,MX2,0.02183016172481711,search-dependent,300 MX1
lightskew_long_tight,affine,30.000000000000004,shift_ot_h,MX2,0.03937996573083202,search-dependent,300 380 425 500 550 MX1
lightskew_long_tight,piecewise,5.1,shift_h,500,0.010457016795984098,search-dependent,380 425 550 MX2
lightskew_long_tight,piecewise,5.1,crew_veh_h,500,0.011464537961207721,search-dependent,550
lightskew_long_tight,piecewise,5.1,crew_team_h,MX2,0.004608377655222595,search-dependent,300 325
lightskew_long_tight,piecewise,5.1,shift_ot_h,500,0.010355357992184677,search-dependent,380 425 550 MX2
lightskew_long_tight,piecewise,6.364496630910889,shift_h,500,0.012677698095920675,search-dependent,380 425 550 MX2
lightskew_long_tight,piecewise,6.364496630910889,crew_veh_h,500,0.013861105271830931,search-dependent,550
lightskew_long_tight,piecewise,6.364496630910889,crew_team_h,MX2,0.005791924023136552,search-dependent,300 325
lightskew_long_tight,piecewise,6.364496630910889,shift_ot_h,500,0.012557931227775043,search-dependent,380 425 550 MX2
lightskew_long_tight,piecewise,7.9425132087992285,shift_h,500,0.01527747532827739,search-dependent,380 425 550 MX2
lightskew_long_tight,piecewise,7.9425132087992285,crew_veh_h,500,0.006028671138453845,search-dependent,550 MX2
lightskew_long_tight,piecewise,7.9425132087992285,crew_team_h,MX2,0.007191544411114581,search-dependent,300 325
lightskew_long_tight,piecewise,7.9425132087992285,shift_ot_h,500,0.015138061402715008,search-dependent,380 425 550 MX2
lightskew_long_tight,piecewise,9.911784031052534,shift_h,500,0.018281584242038962,search-dependent,380 425 550 MX2
lightskew_long_tight,piecewise,9.911784031052534,crew_veh_h,MX2,0.005436288297405278,search-dependent,500 550
lightskew_long_tight,piecewise,9.911784031052534,crew_team_h,MX2,0.008827998632278788,search-dependent,300 325
lightskew_long_tight,piecewise,9.911784031052534,shift_ot_h,500,0.01812155486887934,search-dependent,380 425 550 MX2
lightskew_long_tight,piecewise,12.36931687685298,shift_h,500,0.02170098164663803,search-dependent,380 425 550 MX2
lightskew_long_tight,piecewise,12.36931687685298,crew_veh_h,MX2,0.01866324831131494,search-dependent,500
lightskew_long_tight,piecewise,12.36931687685298,crew_team_h,MX2,0.010716151429782439,search-dependent,300
lightskew_long_tight,piecewise,12.36931687685298,shift_ot_h,500,0.021520213259441645,search-dependent,380 425 550 MX2
lightskew_long_tight,piecewise,15.436171684196077,shift_h,500,0.006734273500866417,search-dependent,300 380 425 550 MX1 MX2
lightskew_long_tight,piecewise,15.436171684196077,crew_veh_h,MX2,0.03374571919785252,search-dependent,500
lightskew_long_tight,piecewise,15.436171684196077,crew_team_h,MX2,0.01286166293462454,search-dependent,300 MX1
lightskew_long_tight,piecewise,15.436171684196077,shift_ot_h,500,0.006342441901428186,search-dependent,380 425 550 MX1 MX2
lightskew_long_tight,piecewise,19.26342405455451,shift_h,MX2,0.010547697446399829,search-dependent,300 380 425 500 550 MX1
lightskew_long_tight,piecewise,19.26342405455451,crew_veh_h,MX2,0.043983995757407746,certain,
lightskew_long_tight,piecewise,19.26342405455451,crew_team_h,MX2,0.015257668484891074,search-dependent,300 MX1
lightskew_long_tight,piecewise,19.26342405455451,shift_ot_h,MX2,0.01079273139090664,search-dependent,300 380 425 500 550 MX1
lightskew_long_tight,piecewise,24.039607351964708,shift_h,MX2,0.02975457502667056,search-dependent,300 380 425 500 550 MX1
lightskew_long_tight,piecewise,24.039607351964708,crew_veh_h,MX2,0.044637157199733934,certain,
lightskew_long_tight,piecewise,24.039607351964708,crew_team_h,MX2,0.01788210810078117,search-dependent,300 MX1
lightskew_long_tight,piecewise,24.039607351964708,shift_ot_h,MX2,0.029856938646176,search-dependent,300 380 425 500 550 MX1
lightskew_long_tight,piecewise,30.000000000000004,shift_h,MX2,0.05074134307729161,search-dependent,300 380 425 500 550 MX1
lightskew_long_tight,piecewise,30.000000000000004,crew_veh_h,MX2,0.04534092347681784,certain,
lightskew_long_tight,piecewise,30.000000000000004,crew_team_h,MX2,0.020696495925370373,search-dependent,300 MX1
lightskew_long_tight,piecewise,30.000000000000004,shift_ot_h,MX2,0.05070621666958974,search-dependent,300 380 425 500 550 MX1
lightskew_long_tight,power_0.72,5.1,shift_h,500,0.007846708927469859,search-dependent,380 425 550 MX2
lightskew_long_tight,power_0.72,5.1,crew_veh_h,500,0.008610155955993015,search-dependent,550
lightskew_long_tight,power_0.72,5.1,crew_team_h,MX2,0.005817524519187156,search-dependent,300 325 380 425 500
lightskew_long_tight,power_0.72,5.1,shift_ot_h,500,0.007769750318304958,search-dependent,380 425 550 MX2
lightskew_long_tight,power_0.72,6.364496630910889,shift_h,500,0.009531176296523114,search-dependent,380 425 550 MX2
lightskew_long_tight,power_0.72,6.364496630910889,crew_veh_h,500,0.010431456992665566,search-dependent,550
lightskew_long_tight,power_0.72,6.364496630910889,crew_team_h,MX2,0.007268543235313674,search-dependent,300 325
lightskew_long_tight,power_0.72,6.364496630910889,shift_ot_h,500,0.009440165102460707,search-dependent,380 425 550 MX2
lightskew_long_tight,power_0.72,7.9425132087992285,shift_h,500,0.011511372823965749,search-dependent,380 425 550 MX2
lightskew_long_tight,power_0.72,7.9425132087992285,crew_veh_h,500,0.012560496018461098,search-dependent,550
lightskew_long_tight,power_0.72,7.9425132087992285,crew_team_h,MX2,0.008986271728685713,search-dependent,300 325
lightskew_long_tight,power_0.72,7.9425132087992285,shift_ot_h,500,0.01140495957453802,search-dependent,380 425 550 MX2
lightskew_long_tight,power_0.72,9.911784031052534,shift_h,500,0.013810590916602639,search-dependent,380 425 550 MX2
lightskew_long_tight,power_0.72,9.911784031052534,crew_veh_h,500,0.007824252461027248,search-dependent,550 MX2
lightskew_long_tight,power_0.72,9.911784031052534,crew_team_h,MX2,0.010997146349370102,search-dependent,300
lightskew_long_tight,power_0.72,9.911784031052534,shift_ot_h,500,0.013687811034428066,search-dependent,380 425 550 MX2
lightskew_long_tight,power_0.72,12.36931687685298,shift_h,500,0.01644218350450788,search-dependent,380 425 550 MX2
lightskew_long_tight,power_0.72,12.36931687685298,crew_veh_h,MX2,0.0029027176846443403,search-dependent,500 550
lightskew_long_tight,power_0.72,12.36931687685298,crew_team_h,MX2,0.01332064244201936,search-dependent,300
lightskew_long_tight,power_0.72,12.36931687685298,shift_ot_h,500,0.0163026734890952,search-dependent,380 425 550 MX2
lightskew_long_tight,power_0.72,15.436171684196077,shift_h,500,0.019405172319911568,search-dependent,380 425 550 MX2
lightskew_long_tight,power_0.72,15.436171684196077,crew_veh_h,MX2,0.015084693207973565,search-dependent,500
lightskew_long_tight,power_0.72,15.436171684196077,crew_team_h,MX2,0.015965181365561243,search-dependent,300
lightskew_long_tight,power_0.72,15.436171684196077,shift_ot_h,500,0.01924938662370801,search-dependent,380 425 550 MX2
lightskew_long_tight,power_0.72,19.26342405455451,shift_h,500,0.009416129072083779,search-dependent,380 425 550 MX1 MX2
lightskew_long_tight,power_0.72,19.26342405455451,crew_veh_h,MX2,0.02876744090447869,search-dependent,500
lightskew_long_tight,power_0.72,19.26342405455451,crew_team_h,MX2,0.018923955940734816,search-dependent,300 MX1
lightskew_long_tight,power_0.72,19.26342405455451,shift_ot_h,500,0.009020729922008641,search-dependent,380 425 550 MX1 MX2
lightskew_long_tight,power_0.72,24.039607351964708,shift_h,MX2,0.006530700112398424,search-dependent,300 380 425 500 550 MX1
lightskew_long_tight,power_0.72,24.039607351964708,crew_veh_h,MX2,0.043850609107726424,search-dependent,500
lightskew_long_tight,power_0.72,24.039607351964708,crew_team_h,MX2,0.022171472231854006,search-dependent,300 MX1
lightskew_long_tight,power_0.72,24.039607351964708,shift_ot_h,MX2,0.006789785371144275,search-dependent,300 380 425 500 550 MX1
lightskew_long_tight,power_0.72,30.000000000000004,shift_h,MX2,0.023895298780031382,search-dependent,300 380 425 500 550 MX1
lightskew_long_tight,power_0.72,30.000000000000004,crew_veh_h,MX2,0.05037148026279481,certain,
lightskew_long_tight,power_0.72,30.000000000000004,crew_team_h,MX2,0.025661787417837978,search-dependent,300 MX1
lightskew_long_tight,power_0.72,30.000000000000004,shift_ot_h,MX2,0.024028078893922,search-dependent,300 380 425 500 550 MX1
lightskew_long_tight,power_0.84,5.1,shift_h,500,0.009830941586159714,search-dependent,380 425 550 MX2
lightskew_long_tight,power_0.84,5.1,crew_veh_h,500,0.010778629014520646,search-dependent,550
lightskew_long_tight,power_0.84,5.1,crew_team_h,MX2,0.005035758164082527,search-dependent,300 325
lightskew_long_tight,power_0.84,5.1,shift_ot_h,500,0.009735324766299458,search-dependent,380 425 550 MX2
lightskew_long_tight,power_0.84,6.364496630910889,shift_h,500,0.01191985696753961,search-dependent,380 425 550 MX2
lightskew_long_tight,power_0.84,6.364496630910889,crew_veh_h,500,0.013033215985660318,search-dependent,550
lightskew_long_tight,power_0.84,6.364496630910889,crew_team_h,MX2,0.006312649267580017,search-dependent,300 325
lightskew_long_tight,power_0.84,6.364496630910889,shift_ot_h,500,0.011807185929059827,search-dependent,380 425 550 MX2
lightskew_long_tight,power_0.84,7.9425132087992285,shift_h,500,0.014365904026462095,search-dependent,380 425 550 MX2
lightskew_long_tight,power_0.84,7.9425132087992285,crew_veh_h,500,0.006615122446859356,search-dependent,550 MX2
lightskew_long_tight,power_0.84,7.9425132087992285,crew_team_h,MX2,0.007822739656451638,search-dependent,300 325
lightskew_long_tight,power_0.84,7.9425132087992285,shift_ot_h,500,0.014234719431608145,search-dependent,380 425 550 MX2
lightskew_long_tight,power_0.84,9.911784031052534,shift_h,500,0.017193085622921656,search-dependent,380 425 550 MX2
lightskew_long_tight,power_0.84,9.911784031052534,crew_veh_h,MX2,0.004740173620681132,search-dependent,500 550
lightskew_long_tight,power_0.84,9.911784031052534,crew_team_h,MX2,0.009588471988586367,search-dependent,300
lightskew_long_tight,power_0.84,9.911784031052534,shift_ot_h,500,0.017042461947686327,search-dependent,380 425 550 MX2
lightskew_long_tight,power_0.84,12.36931687685298,shift_h,500,0.02041202635097039,search-dependent,380 425 550 MX2
lightskew_long_tight,power_0.84,12.36931687685298,crew_veh_h,MX2,0.017832676605167297,search-dependent,500
lightskew_long_tight,power_0.84,12.36931687685298,crew_team_h,MX2,0.011625941081399471,search-dependent,300
lightskew_long_tight,power_0.84,12.36931687685298,shift_ot_h,500,0.02024183044872596,search-dependent,380 425 550 MX2
lightskew_long_tight,power_0.84,15.436171684196077,shift_h,500,0.007634550842891219,search-dependent,300 380 425 550 MX1 MX2
lightskew_long_tight,power_0.84,15.436171684196077,crew_veh_h,MX2,0.03276308656542892,search-dependent,500
lightskew_long_tight,power_0.84,15.436171684196077,crew_team_h,MX2,0.013941321606970813,search-dependent,300 MX1
lightskew_long_tight,power_0.84,15.436171684196077,shift_ot_h,500,0.007235192906005716,search-dependent,380 425 550 MX1 MX2
lightskew_long_tight,power_0.84,19.26342405455451,shift_h,MX2,0.00950139650026638,search-dependent,300 380 425 500 550 MX1
lightskew_long_tight,power_0.84,19.26342405455451,crew_veh_h,MX2,0.04522046717593686,certain,
lightskew_long_tight,power_0.84,19.26342405455451,crew_team_h,MX2,0.016527281137268757,search-dependent,300 MX1
lightskew_long_tight,power_0.84,19.26342405455451,shift_ot_h,MX2,0.009753927616217073,search-dependent,300 380 425 500 550 MX1
lightskew_long_tight,power_0.84,24.039607351964708,shift_h,MX2,0.028533182815670965,search-dependent,300 380 425 500 550 MX1
lightskew_long_tight,power_0.84,24.039607351964708,crew_veh_h,MX2,0.04607907753739715,certain,
lightskew_long_tight,power_0.84,24.039607351964708,crew_team_h,MX2,0.019360090414016984,search-dependent,300 MX1
lightskew_long_tight,power_0.84,24.039607351964708,shift_ot_h,MX2,0.028643737414783654,search-dependent,300 380 425 500 550 MX1
lightskew_long_tight,power_0.84,30.000000000000004,shift_h,MX2,0.04933090136487661,search-dependent,300 380 425 500 550 MX1
lightskew_long_tight,power_0.84,30.000000000000004,crew_veh_h,MX2,0.047004316699509996,certain,
lightskew_long_tight,power_0.84,30.000000000000004,crew_team_h,MX2,0.02150796256768084,search-dependent,300 MX1
lightskew_long_tight,power_0.84,30.000000000000004,shift_ot_h,MX2,0.04930453220418207,search-dependent,300 380 425 500 550 MX1
lightskew_long_tight,power_0.96,5.1,shift_h,500,0.012058839371299035,search-dependent,380 425 550 MX2
lightskew_long_tight,power_0.96,5.1,crew_veh_h,500,0.013209869693159737,search-dependent,550
lightskew_long_tight,power_0.96,5.1,crew_team_h,MX2,0.00411348287144353,search-dependent,300 325
lightskew_long_tight,power_0.96,5.1,shift_ot_h,500,0.011942595726642802,search-dependent,380 425 550 MX2
lightskew_long_tight,power_0.96,6.364496630910889,shift_h,500,0.014593331080456462,search-dependent,380 425 550 MX2
lightskew_long_tight,power_0.96,6.364496630910889,crew_veh_h,500,0.0070697060764903785,search-dependent,550 MX2
lightskew_long_tight,power_0.96,6.364496630910889,crew_team_h,MX2,0.005186364829777634,search-dependent,300 325
lightskew_long_tight,power_0.96,6.364496630910889,shift_ot_h,500,0.01445687280215835,search-dependent,380 425 550 MX2
lightskew_long_tight,power_0.96,7.9425132087992285,shift_h,500,0.01754890235812656,search-dependent,380 425 550 MX2
lightskew_long_tight,power_0.96,7.9425132087992285,crew_veh_h,MX2,0.004552899687374934,search-dependent,500 550
lightskew_long_tight,power_0.96,7.9425132087992285,crew_team_h,MX2,0.006453835465532132,search-dependent,300 325
lightskew_long_tight,power_0.96,7.9425132087992285,shift_ot_h,500,0.017390724806989777,search-dependent,380 425 550 MX2
lightskew_long_tight,power_0.96,9.911784031052534,shift_h,500,0.020948673144713492,search-dependent,380 425 550 MX2
lightskew_long_tight,power_0.96,9.911784031052534,crew_veh_h,MX2,0.018104163944768548,search-dependent,500
lightskew_long_tight,power_0.96,9.911784031052534,crew_team_h,MX2,0.007934019786165036,search-dependent,300
lightskew_long_tight,power_0.96,9.911784031052534,shift_ot_h,500,0.02076798312498629,search-dependent,380 425 550 MX2
lightskew_long_tight,power_0.96,12.36931687685298,shift_h,500,0.008383701108493957,search-dependent,300 380 425 550 MX1 MX2
lightskew_long_tight,power_0.96,12.36931687685298,crew_veh_h,MX2,0.033766553462702076,certain,
lightskew_long_tight,power_0.96,12.36931687685298,crew_team_h,MX2,0.009639516041098695,search-dependent,300 MX1
lightskew_long_tight,power_0.96,12.36931687685298,shift_ot_h,500,0.007961911828795909,search-dependent,380 425 550 MX1 MX2
lightskew_long_tight,power_0.96,15.436171684196077,shift_h,MX2,0.009444418248384823,search-dependent,300 380 425 500 550 MX1
lightskew_long_tight,power_0.96,15.436171684196077,crew_veh_h,MX2,0.04199147060849873,certain,
lightskew_long_tight,power_0.96,15.436171684196077,crew_team_h,MX2,0.011574423813158097,search-dependent,300 MX1
lightskew_long_tight,power_0.96,15.436171684196077,shift_ot_h,MX2,0.009709453835872184,search-dependent,300 380 425 500 550 MX1
lightskew_long_tight,power_0.96,19.26342405455451,shift_h,MX2,0.02955154072234034,search-dependent,300 380 425 500 550 MX1
lightskew_long_tight,power_0.96,19.26342405455451,crew_veh_h,MX2,0.042334710941916986,certain,
lightskew_long_tight,power_0.96,19.26342405455451,crew_team_h,MX2,0.013731410814779688,search-dependent,300 MX1
lightskew_long_tight,power_0.96,19.26342405455451,shift_ot_h,MX2,0.029661173467689483,search-dependent,300 380 425 500 550 MX1
lightskew_long_tight,power_0.96,24.039607351964708,shift_h,MX2,0.05191645505497933,search-dependent,300 380 425 500 550 MX1
lightskew_long_tight,power_0.96,24.039607351964708,crew_veh_h,MX2,0.042711598224263625,certain,
lightskew_long_tight,power_0.96,24.039607351964708,crew_team_h,MX2,0.016089423844336315,search-dependent,300 MX1
lightskew_long_tight,power_0.96,24.039607351964708,shift_ot_h,MX2,0.051871185329342095,search-dependent,300 380 425 500 550 MX1
lightskew_long_tight,power_0.96,30.000000000000004,shift_h,MX2,0.06888237045065737,search-dependent,300 380 500 550 MX1
lightskew_long_tight,power_0.96,30.000000000000004,crew_veh_h,MX2,0.043116839258712014,certain,
lightskew_long_tight,power_0.96,30.000000000000004,crew_team_h,MX2,0.016902867711381164,search-dependent,300 MX1
lightskew_long_tight,power_0.96,30.000000000000004,shift_ot_h,MX2,0.0699554805220135,search-dependent,300 380 500 550 MX1
lightskew_massdep_baseline,affine,5.1,shift_h,MX2,0.01783668058928156,search-dependent,325 425 500 550 MX1
lightskew_massdep_baseline,affine,5.1,crew_veh_h,500,0.010254469791717513,search-dependent,550
lightskew_massdep_baseline,affine,5.1,crew_team_h,MX2,0.006870068452512923,search-dependent,300 325 500 550
lightskew_massdep_baseline,affine,5.1,shift_ot_h,MX2,0.004428785614695618,search-dependent,325 380 425 500 550 MX1
lightskew_massdep_baseline,affine,6.364496630910889,shift_h,MX2,0.021794582343730662,search-dependent,325 425 500 550 MX1
lightskew_massdep_baseline,affine,6.364496630910889,crew_veh_h,500,0.007381314708846842,search-dependent,550 MX2
lightskew_massdep_baseline,affine,6.364496630910889,crew_team_h,MX2,0.013337576326278189,search-dependent,325 500
lightskew_massdep_baseline,affine,6.364496630910889,shift_ot_h,MX2,0.011853433668426616,search-dependent,325 380 425 500 550 MX1
lightskew_massdep_baseline,affine,7.9425132087992285,shift_h,MX2,0.026507975278569296,search-dependent,325 425 500 550 MX1
lightskew_massdep_baseline,affine,7.9425132087992285,crew_veh_h,MX2,0.0026481853630520025,search-dependent,500 550
lightskew_massdep_baseline,affine,7.9425132087992285,crew_team_h,MX2,0.01598516740153566,search-dependent,325 500
lightskew_massdep_baseline,affine,7.9425132087992285,shift_ot_h,MX2,0.020718959633747147,search-dependent,325 380 425 500 550 MX1
lightskew_massdep_baseline,affine,9.911784031052534,shift_h,MX2,0.03206469240440746,search-dependent,325 425 500 550 MX1
lightskew_massdep_baseline,affine,9.911784031052534,crew_veh_h,MX2,0.014401730490177567,search-dependent,500 550
lightskew_massdep_baseline,affine,9.911784031052534,crew_team_h,MX2,0.019100789821868247,search-dependent,325
lightskew_massdep_baseline,affine,9.911784031052534,shift_ot_h,MX2,0.030933152979990552,search-dependent,325 380 425 500 550 MX1
lightskew_massdep_baseline,affine,12.36931687685298,shift_h,MX2,0.038538193039194146,search-dependent,325 425 500 550 MX1
lightskew_massdep_baseline,affine,12.36931687685298,crew_veh_h,MX2,0.028085344926102485,search-dependent,500
lightskew_massdep_baseline,affine,12.36931687685298,crew_team_h,MX2,0.02272272269374076,search-dependent,325
lightskew_massdep_baseline,affine,12.36931687685298,shift_ot_h,MX2,0.03710763149951646,search-dependent,325 425 500 550 MX1
lightskew_massdep_baseline,affine,15.436171684196077,shift_h,MX2,0.04597609221901022,search-dependent,325 425 500 550 MX1
lightskew_massdep_baseline,affine,15.436171684196077,crew_veh_h,MX2,0.04379540695056461,search-dependent,500
lightskew_massdep_baseline,affine,15.436171684196077,crew_team_h,MX2,0.026874009071618188,search-dependent,325
lightskew_massdep_baseline,affine,15.436171684196077,shift_ot_h,MX2,0.044232585681455605,search-dependent,325 425 500 550 MX1
lightskew_massdep_baseline,affine,19.26342405455451,shift_h,MX2,0.05438739605252785,search-dependent,325 425 500 550 MX1
lightskew_massdep_baseline,affine,19.26342405455451,crew_veh_h,MX2,0.061545904904171556,certain,
lightskew_massdep_baseline,affine,19.26342405455451,crew_team_h,MX2,0.03155545115745473,search-dependent,325
lightskew_massdep_baseline,affine,19.26342405455451,shift_ot_h,MX2,0.0523297194446668,search-dependent,325 425 500 550 MX1
lightskew_massdep_baseline,affine,24.039607351964708,shift_h,MX2,0.06373033679629181,search-dependent,325 425 500 550 MX1
lightskew_massdep_baseline,affine,24.039607351964708,crew_veh_h,MX2,0.07612919240027649,certain,
lightskew_massdep_baseline,affine,24.039607351964708,crew_team_h,MX2,0.03516425146362723,search-dependent,325 MX1
lightskew_massdep_baseline,affine,24.039607351964708,shift_ot_h,MX2,0.061373516491242563,search-dependent,325 425 500 550 MX1
lightskew_massdep_baseline,affine,30.000000000000004,shift_h,MX2,0.07390351190383337,search-dependent,325 425 500 MX1
lightskew_massdep_baseline,affine,30.000000000000004,crew_veh_h,MX2,0.08549346782191347,certain,
lightskew_massdep_baseline,affine,30.000000000000004,crew_team_h,MX2,0.03585387939462481,search-dependent,325 MX1
lightskew_massdep_baseline,affine,30.000000000000004,shift_ot_h,MX2,0.07128112170691958,search-dependent,325 425 500 550 MX1
lightskew_massdep_baseline,piecewise,5.1,shift_h,MX2,0.019337662568884362,search-dependent,325 425 500 550 MX1
lightskew_massdep_baseline,piecewise,5.1,crew_veh_h,500,0.011085219190604345,search-dependent,550
lightskew_massdep_baseline,piecewise,5.1,crew_team_h,MX2,0.009754800607866931,search-dependent,300 325 500
lightskew_massdep_baseline,piecewise,5.1,shift_ot_h,MX2,0.0070595682218204114,search-dependent,325 380 425 500 550 MX1
lightskew_massdep_baseline,piecewise,6.364496630910889,shift_h,MX2,0.023622759589600806,search-dependent,325 425 500 550 MX1
lightskew_massdep_baseline,piecewise,6.364496630910889,crew_veh_h,500,0.003878323935149197,search-dependent,550 MX2
lightskew_massdep_baseline,piecewise,6.364496630910889,crew_team_h,MX2,0.013257325718155855,search-dependent,300 325 500
lightskew_massdep_baseline,piecewise,6.364496630910889,shift_ot_h,MX2,0.01506156612692422,search-dependent,325 380 425 500 550 MX1
lightskew_massdep_baseline,piecewise,7.9425132087992285,shift_h,MX2,0.028723027803087664,search-dependent,325 425 500 550 MX1
lightskew_massdep_baseline,piecewise,7.9425132087992285,crew_veh_h,MX2,0.006842084028539697,search-dependent,500 550
lightskew_massdep_baseline,piecewise,7.9425132087992285,crew_team_h,MX2,0.015883129439988375,search-dependent,325
lightskew_massdep_baseline,piecewise,7.9425132087992285,shift_ot_h,MX2,0.0246115521163337,search-dependent,325 380 425 500 550 MX1
lightskew_massdep_baseline,piecewise,9.911784031052534,shift_h,MX2,0.034731968182355466,search-dependent,325 425 500 550 MX1
lightskew_massdep_baseline,piecewise,9.911784031052534,crew_veh_h,MX2,0.019447571765524696,search-dependent,500
lightskew_massdep_baseline,piecewise,9.911784031052534,crew_team_h,MX2,0.018971069396338525,search-dependent,325
lightskew_massdep_baseline,piecewise,9.911784031052534,shift_ot_h,MX2,0.03345828885203028,search-dependent,325 380 425 500 550 MX1
lightskew_massdep_baseline,piecewise,12.36931687685298,shift_h,MX2,0.04172702436438325,search-dependent,325 425 500 550 MX1
lightskew_massdep_baseline,piecewise,12.36931687685298,crew_veh_h,MX2,0.03411187528370707,search-dependent,500
lightskew_massdep_baseline,piecewise,12.36931687685298,crew_team_h,MX2,0.022558046828599743,search-dependent,325
lightskew_massdep_baseline,piecewise,12.36931687685298,shift_ot_h,MX2,0.040133329068905654,search-dependent,325 425 500 550 MX1
lightskew_massdep_baseline,piecewise,15.436171684196077,shift_h,MX2,0.049757173907433394,search-dependent,325 425 500 550 MX1
lightskew_massdep_baseline,piecewise,15.436171684196077,crew_veh_h,MX2,0.05093308216266701,certain,
lightskew_massdep_baseline,piecewise,15.436171684196077,crew_team_h,MX2,0.02666560487569014,search-dependent,325
lightskew_massdep_baseline,piecewise,15.436171684196077,shift_ot_h,MX2,0.04782945881341827,search-dependent,325 425 500 550 MX1
lightskew_massdep_baseline,piecewise,19.26342405455451,shift_h,MX2,0.05882922432177029,search-dependent,325 425 500 550 MX1
lightskew_massdep_baseline,piecewise,19.26342405455451,crew_veh_h,MX2,0.06992006126277528,certain,
lightskew_massdep_baseline,piecewise,19.26342405455451,crew_team_h,MX2,0.031293045625750526,search-dependent,325
lightskew_massdep_baseline,piecewise,19.26342405455451,shift_ot_h,MX2,0.05656733700904382,search-dependent,325 425 500 550 MX1
lightskew_massdep_baseline,piecewise,24.039607351964708,shift_h,MX2,0.06889490015518596,search-dependent,325 425 500 550 MX1
lightskew_massdep_baseline,piecewise,24.039607351964708,crew_veh_h,MX2,0.08128474227186122,certain,
lightskew_massdep_baseline,piecewise,24.039607351964708,crew_team_h,MX2,0.03297609474169638,search-dependent,325 MX1
lightskew_massdep_baseline,piecewise,24.039607351964708,shift_ot_h,MX2,0.06631628363926478,search-dependent,325 425 500 550 MX1
lightskew_massdep_baseline,piecewise,30.000000000000004,shift_h,MX2,0.07984165708539748,search-dependent,325 425 500 MX1
lightskew_massdep_baseline,piecewise,30.000000000000004,crew_veh_h,MX2,0.08951443952563931,certain,
lightskew_massdep_baseline,piecewise,30.000000000000004,crew_team_h,MX2,0.03331933796411857,search-dependent,325 MX1
lightskew_massdep_baseline,piecewise,30.000000000000004,shift_ot_h,MX2,0.07698368594689575,search-dependent,325 425 500 MX1
lightskew_massdep_baseline,power_0.72,5.1,shift_h,MX2,0.016541672698169085,search-dependent,325 425 500 550 MX1
lightskew_massdep_baseline,power_0.72,5.1,crew_veh_h,500,0.008322573311860593,search-dependent,550
lightskew_massdep_baseline,power_0.72,5.1,crew_team_h,MX2,0.0029794826110929318,search-dependent,325 380 425 500 550
lightskew_massdep_baseline,power_0.72,5.1,shift_ot_h,MX2,0.0008815551333130056,search-dependent,325 380 425 500 550 MX1
lightskew_massdep_baseline,power_0.72,6.364496630910889,shift_h,MX2,0.020218989275792243,search-dependent,325 425 500 550 MX1
lightskew_massdep_baseline,power_0.72,6.364496630910889,crew_veh_h,500,0.010092877904042563,search-dependent,550 MX2
lightskew_massdep_baseline,power_0.72,6.364496630910889,crew_team_h,MX2,0.010215173126302712,search-dependent,325 500 550
lightskew_massdep_baseline,power_0.72,6.364496630910889,shift_ot_h,MX2,0.007525337347411565,search-dependent,325 380 425 500 550 MX1
lightskew_massdep_baseline,power_0.72,7.9425132087992285,shift_h,MX2,0.02460145471168107,search-dependent,325 425 500 550 MX1
lightskew_massdep_baseline,power_0.72,7.9425132087992285,crew_veh_h,500,0.00302412202420399,search-dependent,550 MX2
lightskew_massdep_baseline,power_0.72,7.9425132087992285,crew_team_h,MX2,0.017310823415426224,search-dependent,325 500
lightskew_massdep_baseline,power_0.72,7.9425132087992285,shift_ot_h,MX2,0.01546398791723802,search-dependent,325 380 425 500 550 MX1
lightskew_massdep_baseline,power_0.72,9.911784031052534,shift_h,MX2,0.029772530769619054,search-dependent,325 425 500 550 MX1
lightskew_massdep_baseline,power_0.72,9.911784031052534,crew_veh_h,MX2,0.007582498368847279,search-dependent,500 550
lightskew_massdep_baseline,power_0.72,9.911784031052534,crew_team_h,MX2,0.020712260635257218,search-dependent,325 500
lightskew_massdep_baseline,power_0.72,9.911784031052534,shift_ot_h,MX2,0.024860504487400403,search-dependent,325 380 425 500 550 MX1
lightskew_massdep_baseline,power_0.72,12.36931687685298,shift_h,MX2,0.03580290924911589,search-dependent,325 425 500 550 MX1
lightskew_massdep_baseline,power_0.72,12.36931687685298,crew_veh_h,MX2,0.019932918002487865,search-dependent,500 550
lightskew_massdep_baseline,power_0.72,12.36931687685298,crew_team_h,MX2,0.02467058977950254,search-dependent,325
lightskew_massdep_baseline,power_0.72,12.36931687685298,shift_ot_h,MX2,0.03451142980868527,search-dependent,325 380 425 500 550 MX1
lightskew_massdep_baseline,power_0.72,15.436171684196077,shift_h,MX2,0.0427398488772357,search-dependent,325 425 500 550 MX1
lightskew_massdep_baseline,power_0.72,15.436171684196077,crew_veh_h,MX2,0.034129202986038054,search-dependent,500
lightskew_massdep_baseline,power_0.72,15.436171684196077,crew_team_h,MX2,0.029212914009750124,search-dependent,325
lightskew_massdep_baseline,power_0.72,15.436171684196077,shift_ot_h,MX2,0.04115267684448409,search-dependent,325 425 500 550 MX1
lightskew_massdep_baseline,power_0.72,19.26342405455451,shift_h,MX2,0.05059518773520533,search-dependent,325 425 500 550 MX1
lightskew_massdep_baseline,power_0.72,19.26342405455451,crew_veh_h,MX2,0.05019103317702989,certain,
lightskew_massdep_baseline,power_0.72,19.26342405455451,crew_team_h,MX2,0.03434236421014947,search-dependent,325
lightskew_massdep_baseline,power_0.72,19.26342405455451,shift_ot_h,MX2,0.048709888024133674,search-dependent,325 425 500 550 MX1
lightskew_massdep_baseline,power_0.72,24.039607351964708,shift_h,MX2,0.05933374691732207,search-dependent,325 425 500 550 MX1
lightskew_massdep_baseline,power_0.72,24.039607351964708,crew_veh_h,MX2,0.06804141726939306,certain,
lightskew_massdep_baseline,power_0.72,24.039607351964708,crew_team_h,MX2,0.038135863694991556,search-dependent,325 MX1
lightskew_massdep_baseline,power_0.72,24.039607351964708,shift_ot_h,MX2,0.057162970456040574,search-dependent,325 425 500 550 MX1
lightskew_massdep_baseline,power_0.72,30.000000000000004,shift_h,MX2,0.06886462520478998,search-dependent,325 425 500 550 MX1
lightskew_massdep_baseline,power_0.72,30.000000000000004,crew_veh_h,MX2,0.08049058235890594,certain,
lightskew_massdep_baseline,power_0.72,30.000000000000004,crew_team_h,MX2,0.03930113035387128,search-dependent,325 MX1
lightskew_massdep_baseline,power_0.72,30.000000000000004,shift_ot_h,MX2,0.06643841107800941,search-dependent,325 425 500 550 MX1
lightskew_massdep_baseline,power_0.84,5.1,shift_h,MX2,0.019657962533099482,search-dependent,325 425 500 550 MX1
lightskew_massdep_baseline,power_0.84,5.1,crew_veh_h,500,0.010421826807327284,search-dependent,550
lightskew_massdep_baseline,power_0.84,5.1,crew_team_h,MX2,0.00939713561812816,search-dependent,300 325 500
lightskew_massdep_baseline,power_0.84,5.1,shift_ot_h,MX2,0.006733359862752586,search-dependent,325 380 425 500 550 MX1
lightskew_massdep_baseline,power_0.84,6.364496630910889,shift_h,MX2,0.024014775322904525,search-dependent,325 425 500 550 MX1
lightskew_massdep_baseline,power_0.84,6.364496630910889,crew_veh_h,500,0.0043112351769372115,search-dependent,550 MX2
lightskew_massdep_baseline,power_0.84,6.364496630910889,crew_team_h,MX2,0.013938114883793373,search-dependent,325 500
lightskew_massdep_baseline,power_0.84,6.364496630910889,shift_ot_h,MX2,0.014663850336722017,search-dependent,325 380 425 500 550 MX1
lightskew_massdep_baseline,power_0.84,7.9425132087992285,shift_h,MX2,0.02920075182106774,search-dependent,325 425 500 550 MX1
lightskew_massdep_baseline,power_0.84,7.9425132087992285,crew_veh_h,MX2,0.0063223395499047985,search-dependent,500 550
lightskew_massdep_baseline,power_0.84,7.9425132087992285,crew_team_h,MX2,0.016710796182642484,search-dependent,325
lightskew_massdep_baseline,power_0.84,7.9425132087992285,shift_ot_h,MX2,0.024129101861209312,search-dependent,325 380 425 500 550 MX1
lightskew_massdep_baseline,power_0.84,9.911784031052534,shift_h,MX2,0.03531115819688435,search-dependent,325 425 500 550 MX1
lightskew_massdep_baseline,power_0.84,9.911784031052534,crew_veh_h,MX2,0.018822439583826567,search-dependent,500
lightskew_massdep_baseline,power_0.84,9.911784031052534,crew_team_h,MX2,0.01997173121535467,search-dependent,325
lightskew_massdep_baseline,power_0.84,9.911784031052534,shift_ot_h,MX2,0.03400583826992065,search-dependent,325 380 425 500 550 MX1
lightskew_massdep_baseline,power_0.84,12.36931687685298,shift_h,MX2,0.04242499653580101,search-dependent,325 425 500 550 MX1
lightskew_massdep_baseline,power_0.84,12.36931687685298,crew_veh_h,MX2,0.03336551238859853,search-dependent,500
lightskew_massdep_baseline,power_0.84,12.36931687685298,crew_team_h,MX2,0.023760024036217242,search-dependent,325
lightskew_massdep_baseline,power_0.84,12.36931687685298,shift_ot_h,MX2,0.04079441428829722,search-dependent,325 425 500 550 MX1
lightskew_massdep_baseline,power_0.84,15.436171684196077,shift_h,MX2,0.05059238690895351,search-dependent,325 425 500 550 MX1
lightskew_massdep_baseline,power_0.84,15.436171684196077,crew_veh_h,MX2,0.050049471550996705,certain,
lightskew_massdep_baseline,power_0.84,15.436171684196077,crew_team_h,MX2,0.028098593548333994,search-dependent,325
lightskew_massdep_baseline,power_0.84,15.436171684196077,shift_ot_h,MX2,0.04862225856259328,search-dependent,325 425 500 550 MX1
lightskew_massdep_baseline,power_0.84,19.26342405455451,shift_h,MX2,0.05982061919085058,search-dependent,325 425 500 550 MX1
lightskew_massdep_baseline,power_0.84,19.26342405455451,crew_veh_h,MX2,0.0688838613469096,certain,
lightskew_massdep_baseline,power_0.84,19.26342405455451,crew_team_h,MX2,0.03289068137274587,search-dependent,325
lightskew_massdep_baseline,power_0.84,19.26342405455451,shift_ot_h,MX2,0.05751073330617329,search-dependent,325 425 500 550 MX1
lightskew_massdep_baseline,power_0.84,24.039607351964708,shift_h,MX2,0.0700609913813457,search-dependent,325 425 500 550 MX1
lightskew_massdep_baseline,power_0.84,24.039607351964708,crew_veh_h,MX2,0.08246624043801809,certain,
lightskew_massdep_baseline,power_0.84,24.039607351964708,crew_team_h,MX2,0.03324669665795743,search-dependent,325 MX1
lightskew_massdep_baseline,power_0.84,24.039607351964708,shift_ot_h,MX2,0.06742902417231589,search-dependent,325 425 500 550 MX1
lightskew_massdep_baseline,power_0.84,30.000000000000004,shift_h,MX2,0.08119941862769342,search-dependent,325 425 500 MX1
lightskew_massdep_baseline,power_0.84,30.000000000000004,crew_veh_h,MX2,0.09180345110751098,certain,
lightskew_massdep_baseline,power_0.84,30.000000000000004,crew_team_h,MX2,0.0336325992548423,search-dependent,325 MX1
lightskew_massdep_baseline,power_0.84,30.000000000000004,shift_ot_h,MX2,0.07828332264496218,search-dependent,325 425 500 550 MX1
lightskew_massdep_baseline,power_0.96,5.1,shift_h,MX2,0.022879076268140563,search-dependent,325 425 500 550 MX1
lightskew_massdep_baseline,power_0.96,5.1,crew_veh_h,500,0.006475739333846153,search-dependent,550 MX2
lightskew_massdep_baseline,power_0.96,5.1,crew_team_h,MX2,0.00944199270495405,search-dependent,300 325 500
lightskew_massdep_baseline,power_0.96,5.1,shift_ot_h,MX2,0.013003696741792137,search-dependent,325 380 425 500 550 MX1
lightskew_massdep_baseline,power_0.96,6.364496630910889,shift_h,MX2,0.027933256980612553,search-dependent,325 425 500 550 MX1
lightskew_massdep_baseline,power_0.96,6.364496630910889,crew_veh_h,MX2,0.0039548005627585425,search-dependent,500 550
lightskew_massdep_baseline,power_0.96,6.364496630910889,crew_team_h,MX2,0.0127225831916018,search-dependent,300 325
lightskew_massdep_baseline,power_0.96,6.364496630910889,shift_ot_h,MX2,0.02230462971752245,search-dependent,325 380 425 500 550 MX1
lightskew_massdep_baseline,power_0.96,7.9425132087992285,shift_h,MX2,0.033941532547057784,search-dependent,325 425 500 550 MX1
lightskew_massdep_baseline,power_0.96,7.9425132087992285,crew_veh_h,MX2,0.016298697249649274,search-dependent,500
lightskew_massdep_baseline,power_0.96,7.9425132087992285,crew_team_h,MX2,0.015892729319624266,search-dependent,300 325
lightskew_massdep_baseline,power_0.96,7.9425132087992285,shift_ot_h,MX2,0.032677876140815965,search-dependent,325 380 425 500 550 MX1
lightskew_massdep_baseline,power_0.96,9.911784031052534,shift_h,MX2,0.04100997813582796,search-dependent,325 425 500 550 MX1
lightskew_massdep_baseline,power_0.96,9.911784031052534,crew_veh_h,MX2,0.030812189396440592,search-dependent,500
lightskew_massdep_baseline,power_0.96,9.911784031052534,crew_team_h,MX2,0.01896821197846643,search-dependent,300 325
lightskew_massdep_baseline,power_0.96,9.911784031052534,shift_ot_h,MX2,0.039403603147051935,search-dependent,325 425 500 550 MX1
lightskew_massdep_baseline,power_0.96,12.36931687685298,shift_h,MX2,0.04922444574079399,search-dependent,325 425 500 550 MX1
lightskew_massdep_baseline,power_0.96,12.36931687685298,crew_veh_h,MX2,0.047667243903871004,certain,
lightskew_massdep_baseline,power_0.96,12.36931687685298,crew_team_h,MX2,0.02253450471713525,search-dependent,325
lightskew_massdep_baseline,power_0.96,12.36931687685298,shift_ot_h,MX2,0.047249748129669644,search-dependent,325 425 500 550 MX1
lightskew_massdep_baseline,power_0.96,15.436171684196077,shift_h,MX2,0.05863597378502505,search-dependent,325 425 500 550 MX1
lightskew_massdep_baseline,power_0.96,15.436171684196077,crew_veh_h,MX2,0.06696328297156007,certain,
lightskew_massdep_baseline,power_0.96,15.436171684196077,crew_team_h,MX2,0.02661019604635806,search-dependent,325
lightskew_massdep_baseline,power_0.96,15.436171684196077,shift_ot_h,MX2,0.0562791159865792,search-dependent,325 425 500 550 MX1
lightskew_massdep_baseline,power_0.96,19.26342405455451,shift_h,MX2,0.06924495148186671,search-dependent,325 425 500 550 MX1
lightskew_massdep_baseline,power_0.96,19.26342405455451,crew_veh_h,MX2,0.0823554622437297,certain,
lightskew_massdep_baseline,power_0.96,19.26342405455451,crew_team_h,MX2,0.028469190997005622,search-dependent,325 MX1
lightskew_massdep_baseline,power_0.96,19.26342405455451,shift_ot_h,MX2,0.06650867891131629,search-dependent,325 425 500 550 MX1
lightskew_massdep_baseline,power_0.96,24.039607351964708,shift_h,MX2,0.08098658736630715,search-dependent,325 425 500 MX1
lightskew_massdep_baseline,power_0.96,24.039607351964708,crew_veh_h,MX2,0.08711769071357112,certain,
lightskew_massdep_baseline,power_0.96,24.039607351964708,crew_team_h,MX2,0.028080678063799436,search-dependent,325 MX1
lightskew_massdep_baseline,power_0.96,24.039607351964708,shift_ot_h,MX2,0.07789437153418488,search-dependent,325 425 500 MX1
lightskew_massdep_baseline,power_0.96,30.000000000000004,shift_h,MX2,0.09372115622766608,search-dependent,325 425 MX1
lightskew_massdep_baseline,power_0.96,30.000000000000004,crew_veh_h,MX2,0.08877119609703943,certain,
lightskew_massdep_baseline,power_0.96,30.000000000000004,crew_team_h,MX2,0.027660778473530545,search-dependent,325 MX1
lightskew_massdep_baseline,power_0.96,30.000000000000004,shift_ot_h,MX2,0.09031956194663393,search-dependent,325 425 500 MX1
lightskew_massdep_tight,affine,5.1,shift_h,500,0.009671139250001959,search-dependent,380 425 550 MX2
lightskew_massdep_tight,affine,5.1,crew_veh_h,500,0.010092488933101995,search-dependent,550
lightskew_massdep_tight,affine,5.1,crew_team_h,MX2,0.00550723199921066,search-dependent,300 325 380 425 500 550
lightskew_massdep_tight,affine,5.1,shift_ot_h,500,0.009531479338163562,search-dependent,380 425 550 MX2
lightskew_massdep_tight,affine,6.364496630910889,shift_h,500,0.011734393110203856,search-dependent,380 425 550 MX2
lightskew_massdep_tight,affine,6.364496630910889,crew_veh_h,500,0.01223086024639164,search-dependent,550
lightskew_massdep_tight,affine,6.364496630910889,crew_team_h,MX2,0.007963579089354411,search-dependent,300 325 380 425 500
lightskew_massdep_tight,affine,6.364496630910889,shift_ot_h,500,0.01156957012057136,search-dependent,380 425 550 MX2
lightskew_massdep_tight,affine,7.9425132087992285,shift_h,500,0.014154104324551886,search-dependent,380 425 550 MX2
lightskew_massdep_tight,affine,7.9425132087992285,crew_veh_h,500,0.01473210200162356,search-dependent,550
lightskew_massdep_tight,affine,7.9425132087992285,crew_team_h,MX2,0.009220178906675702,search-dependent,300 325 380 425 500
lightskew_massdep_tight,affine,7.9425132087992285,shift_ot_h,500,0.013961852057066126,search-dependent,380 425 550 MX2
lightskew_massdep_tight,affine,9.911784031052534,shift_h,500,0.016955849032492365,search-dependent,380 425 550 MX2
lightskew_massdep_tight,affine,9.911784031052534,crew_veh_h,500,0.007223031390884538,search-dependent,550 MX2
lightskew_massdep_tight,affine,9.911784031052534,crew_team_h,MX2,0.010690578900120817,search-dependent,300 325 380 425 500
lightskew_massdep_tight,affine,9.911784031052534,shift_ot_h,500,0.01673464742950248,search-dependent,380 425 550 MX2
lightskew_massdep_tight,affine,12.36931687685298,shift_h,500,0.02015237746979026,search-dependent,380 425 550 MX2
lightskew_massdep_tight,affine,12.36931687685298,crew_veh_h,MX2,0.002458612837486829,search-dependent,500 550
lightskew_massdep_tight,affine,12.36931687685298,crew_team_h,MX2,0.012388702653119532,search-dependent,300 325 380 500
lightskew_massdep_tight,affine,12.36931687685298,shift_ot_h,500,0.01990183708904203,search-dependent,380 425 550 MX2
lightskew_massdep_tight,affine,15.436171684196077,shift_h,500,0.023738434783815432,search-dependent,380 425 550 MX2
lightskew_massdep_tight,affine,15.436171684196077,crew_veh_h,MX2,0.013442830079590129,search-dependent,500 550
lightskew_massdep_tight,affine,15.436171684196077,crew_team_h,MX2,0.014320322674125752,search-dependent,300 325 380 500
lightskew_massdep_tight,affine,15.436171684196077,shift_ot_h,500,0.023459669706894948,search-dependent,380 425 550 MX2
lightskew_massdep_tight,affine,19.26342405455451,shift_h,500,0.027686296350141637,search-dependent,380 425 550 MX2
lightskew_massdep_tight,affine,19.26342405455451,crew_veh_h,MX2,0.025762368168309013,search-dependent,500
lightskew_massdep_tight,affine,19.26342405455451,crew_team_h,MX2,0.016480032258950894,search-dependent,300 325 380 MX1
lightskew_massdep_tight,affine,19.26342405455451,shift_ot_h,500,0.027382205193078546,search-dependent,380 425 550 MX2
lightskew_massdep_tight,affine,24.039607351964708,shift_h,500,0.016909644008263447,search-dependent,300 380 425 550 MX1 MX2
lightskew_massdep_tight,affine,24.039607351964708,crew_veh_h,MX2,0.03932091771874968,search-dependent,500
lightskew_massdep_tight,affine,24.039607351964708,crew_team_h,MX2,0.018848762751079606,search-dependent,300 325 380 MX1
lightskew_massdep_tight,affine,24.039607351964708,shift_ot_h,500,0.016225356795067647,search-dependent,300 380 425 550 MX1 MX2
lightskew_massdep_tight,affine,30.000000000000004,shift_h,MX2,0.000789142738946369,search-dependent,300 325 380 425 500 550 MX1
lightskew_massdep_tight,affine,30.000000000000004,crew_veh_h,MX2,0.05393625034257865,search-dependent,500
lightskew_massdep_tight,affine,30.000000000000004,crew_team_h,MX2,0.021392560572405905,search-dependent,300 325 380 MX1
lightskew_massdep_tight,affine,30.000000000000004,shift_ot_h,MX2,0.0012514907513923035,search-dependent,300 380 425 500 550 MX1
lightskew_massdep_tight,piecewise,5.1,shift_h,500,0.010457016795983876,search-dependent,380 425 550 MX2
lightskew_massdep_tight,piecewise,5.1,crew_veh_h,500,0.010910806938899231,search-dependent,550
lightskew_massdep_tight,piecewise,5.1,crew_team_h,MX2,0.0064240974647089555,search-dependent,300 325 380 425 500 550
lightskew_massdep_tight,piecewise,5.1,shift_ot_h,500,0.010306571207323367,search-dependent,380 425 550 MX2
lightskew_massdep_tight,piecewise,6.364496630910889,shift_h,500,0.012677698095920453,search-dependent,380 425 550 MX2
lightskew_massdep_tight,piecewise,6.364496630910889,crew_veh_h,500,0.013211511415669674,search-dependent,550
lightskew_massdep_tight,piecewise,6.364496630910889,crew_team_h,MX2,0.0073803696080130265,search-dependent,300 325 380 425 500
lightskew_massdep_tight,piecewise,6.364496630910889,shift_ot_h,500,0.012500430669136753,search-dependent,380 425 550 MX2
lightskew_massdep_tight,piecewise,7.9425132087992285,shift_h,500,0.01527747532827739,search-dependent,380 425 550 MX2
lightskew_massdep_tight,piecewise,7.9425132087992285,crew_veh_h,500,0.011534443596332933,search-dependent,550 MX2
lightskew_massdep_tight,piecewise,7.9425132087992285,crew_team_h,MX2,0.008511374310287367,search-dependent,300 325 380 425 500
lightskew_massdep_tight,piecewise,7.9425132087992285,shift_ot_h,500,0.015071096043460797,search-dependent,380 425 550 MX2
lightskew_massdep_tight,piecewise,9.911784031052534,shift_h,500,0.01828158424203874,search-dependent,380 425 550 MX2
lightskew_massdep_tight,piecewise,9.911784031052534,crew_veh_h,500,0.0022652901937318948,search-dependent,550 MX2
lightskew_massdep_tight,piecewise,9.911784031052534,crew_team_h,MX2,0.009833966928204374,search-dependent,300 325 380 500
lightskew_massdep_tight,piecewise,9.911784031052534,shift_ot_h,500,0.018044644480127436,search-dependent,380 425 550 MX2
lightskew_massdep_tight,piecewise,12.36931687685298,shift_h,500,0.02170098164663825,search-dependent,380 425 550 MX2
lightskew_massdep_tight,piecewise,12.36931687685298,crew_veh_h,MX2,0.008316301460466802,search-dependent,500 550
lightskew_massdep_tight,piecewise,12.36931687685298,crew_team_h,MX2,0.01136026169520421,search-dependent,300 325 380
lightskew_massdep_tight,piecewise,12.36931687685298,shift_ot_h,500,0.021433280682106037,search-dependent,380 425 550 MX2
lightskew_massdep_tight,piecewise,15.436171684196077,shift_h,500,0.025526943980766603,search-dependent,380 425 550 MX2
lightskew_massdep_tight,piecewise,15.436171684196077,crew_veh_h,MX2,0.0203702821792473,search-dependent,500 550
lightskew_massdep_tight,piecewise,15.436171684196077,crew_team_h,MX2,0.01309495457941301,search-dependent,300 325 380
lightskew_massdep_tight,piecewise,15.436171684196077,shift_ot_h,500,0.025229912425989376,search-dependent,380 425 550 MX2
lightskew_massdep_tight,piecewise,19.26342405455451,shift_h,500,0.025649452563042185,search-dependent,380 425 550 MX2
lightskew_massdep_tight,piecewise,19.26342405455451,crew_veh_h,MX2,0.033876971700187664,search-dependent,500
lightskew_massdep_tight,piecewise,19.26342405455451,crew_team_h,MX2,0.015032631834084764,search-dependent,300 325 380 MX1
lightskew_massdep_tight,piecewise,19.26342405455451,shift_ot_h,500,0.024822813176501812,search-dependent,380 425 550 MX2
lightskew_massdep_tight,piecewise,24.039607351964708,shift_h,500,0.007851421757485433,search-dependent,300 380 425 550 MX1 MX2
lightskew_massdep_tight,piecewise,24.039607351964708,crew_veh_h,MX2,0.04872661811751566,search-dependent,500
lightskew_massdep_tight,piecewise,24.039607351964708,crew_team_h,MX2,0.01715559684038004,search-dependent,300 325 380 MX1
lightskew_massdep_tight,piecewise,24.039607351964708,shift_ot_h,500,0.007266455631754765,search-dependent,300 380 425 550 MX1 MX2
lightskew_massdep_tight,piecewise,30.000000000000004,shift_h,MX2,0.010971087743288255,search-dependent,300 325 380 425 500 550 MX1
lightskew_massdep_tight,piecewise,30.000000000000004,crew_veh_h,MX2,0.06471557652703464,search-dependent,500
lightskew_massdep_tight,piecewise,30.000000000000004,crew_team_h,MX2,0.01943285478405321,search-dependent,300 325 380 MX1
lightskew_massdep_tight,piecewise,30.000000000000004,shift_ot_h,MX2,0.011341938320869493,search-dependent,300 380 425 500 550 MX1
lightskew_massdep_tight,power_0.72,5.1,shift_h,500,0.00784670892747008,search-dependent,380 425 550 MX2
lightskew_massdep_tight,power_0.72,5.1,crew_veh_h,500,0.008190404392313333,search-dependent,550
lightskew_massdep_tight,power_0.72,5.1,crew_team_h,MX2,0.0016812971520641096,search-dependent,300 325 380 425 500 550
lightskew_massdep_tight,power_0.72,5.1,shift_ot_h,500,0.007732822088783564,search-dependent,380 425 550 MX2
lightskew_massdep_tight,power_0.72,6.364496630910889,shift_h,500,0.009531176296522892,search-dependent,380 425 550 MX2
lightskew_massdep_tight,power_0.72,6.364496630910889,crew_veh_h,500,0.00993705008984147,search-dependent,550
lightskew_massdep_tight,power_0.72,6.364496630910889,crew_team_h,MX2,0.006236153008092993,search-dependent,300 325 380 425 500 550
lightskew_massdep_tight,power_0.72,6.364496630910889,shift_ot_h,500,0.00939647690155132,search-dependent,380 425 550 MX2
lightskew_massdep_tight,power_0.72,7.9425132087992285,shift_h,500,0.01151137282396597,search-dependent,380 425 550 MX2
lightskew_massdep_tight,power_0.72,7.9425132087992285,crew_veh_h,500,0.01198513819069369,search-dependent,550
lightskew_massdep_tight,power_0.72,7.9425132087992285,crew_team_h,MX2,0.0110190657219571,search-dependent,300 325 380 425 500 550
lightskew_massdep_tight,power_0.72,7.9425132087992285,shift_ot_h,500,0.011353854654152506,search-dependent,380 425 550 MX2
lightskew_massdep_tight,power_0.72,9.911784031052534,shift_h,500,0.013810590916602639,search-dependent,380 425 550 MX2
lightskew_massdep_tight,power_0.72,9.911784031052534,crew_veh_h,500,0.014000512989511327,search-dependent,550 MX2
lightskew_massdep_tight,power_0.72,9.911784031052534,crew_team_h,MX2,0.012862812471303497,search-dependent,300 325 380 425 500
lightskew_massdep_tight,power_0.72,9.911784031052534,shift_ot_h,500,0.01362881486100509,search-dependent,380 425 550 MX2
lightskew_massdep_tight,power_0.72,12.36931687685298,shift_h,500,0.01644218350450788,search-dependent,380 425 550 MX2
lightskew_massdep_tight,power_0.72,12.36931687685298,crew_veh_h,500,0.0054936976157218265,search-dependent,550 MX2
lightskew_massdep_tight,power_0.72,12.36931687685298,crew_team_h,MX2,0.014994235512300502,search-dependent,300 325 380 500
lightskew_massdep_tight,power_0.72,12.36931687685298,shift_ot_h,500,0.016235597824998615,search-dependent,380 425 550 MX2
lightskew_massdep_tight,power_0.72,15.436171684196077,shift_h,500,0.019405172319911568,search-dependent,380 425 550 MX2
lightskew_massdep_tight,power_0.72,15.436171684196077,crew_veh_h,MX2,0.004063978680608926,search-dependent,500 550
lightskew_massdep_tight,power_0.72,15.436171684196077,crew_team_h,MX2,0.01742151665854963,search-dependent,300 325 380 500
lightskew_massdep_tight,power_0.72,15.436171684196077,shift_ot_h,500,0.01917443458628476,search-dependent,380 425 550 MX2
lightskew_massdep_tight,power_0.72,19.26342405455451,shift_h,500,0.0226802752829407,search-dependent,380 425 550 MX2
lightskew_massdep_tight,power_0.72,19.26342405455451,crew_veh_h,MX2,0.014763454187498137,search-dependent,500 550
lightskew_massdep_tight,power_0.72,19.26342405455451,crew_team_h,MX2,0.0201389286351783,search-dependent,300 325 380 500
lightskew_massdep_tight,power_0.72,19.26342405455451,shift_ot_h,500,0.022427511942747946,search-dependent,380 425 550 MX2
lightskew_massdep_tight,power_0.72,24.039607351964708,shift_h,500,0.02622732775374992,search-dependent,380 425 550 MX2
lightskew_massdep_tight,power_0.72,24.039607351964708,crew_veh_h,MX2,0.026555617056213565,search-dependent,500 550
lightskew_massdep_tight,power_0.72,24.039607351964708,crew_team_h,MX2,0.023123609931317013,search-dependent,300 325 380 500 MX1
lightskew_massdep_tight,power_0.72,24.039607351964708,shift_ot_h,500,0.025956254387969446,search-dependent,380 425 550 MX2
lightskew_massdep_tight,power_0.72,30.000000000000004,shift_h,500,0.01321013389365766,search-dependent,300 380 425 550 MX1 MX2
lightskew_massdep_tight,power_0.72,30.000000000000004,crew_veh_h,MX2,0.03928642336124,search-dependent,500
lightskew_massdep_tight,power_0.72,30.000000000000004,crew_team_h,MX2,0.0263338710778247,search-dependent,300 325 380 500 MX1
lightskew_massdep_tight,power_0.72,30.000000000000004,shift_ot_h,500,0.012607096925040473,search-dependent,300 380 425 550 MX1 MX2
lightskew_massdep_tight,power_0.84,5.1,shift_h,500,0.009830941586159714,search-dependent,380 425 550 MX2
lightskew_massdep_tight,power_0.84,5.1,crew_veh_h,500,0.010257771840625596,search-dependent,550
lightskew_massdep_tight,power_0.84,5.1,crew_team_h,MX2,0.006873386611792931,search-dependent,300 325 380 425 500 550
lightskew_massdep_tight,power_0.84,5.1,shift_ot_h,500,0.009689437882751228,search-dependent,380 425 550 MX2
lightskew_massdep_tight,power_0.84,6.364496630910889,shift_h,500,0.01191985696753961,search-dependent,380 425 550 MX2
lightskew_massdep_tight,power_0.84,6.364496630910889,crew_veh_h,500,0.012422058187411933,search-dependent,550
lightskew_massdep_tight,power_0.84,6.364496630910889,crew_team_h,MX2,0.007927812647329224,search-dependent,300 325 380 425 500
lightskew_massdep_tight,power_0.84,6.364496630910889,shift_ot_h,500,0.011753092537817977,search-dependent,380 425 550 MX2
lightskew_massdep_tight,power_0.84,7.9425132087992285,shift_h,500,0.014365904026462095,search-dependent,380 425 550 MX2
lightskew_massdep_tight,power_0.84,7.9425132087992285,crew_veh_h,500,0.012052950858690403,search-dependent,550 MX2
lightskew_massdep_tight,power_0.84,7.9425132087992285,crew_team_h,MX2,0.009174989978992576,search-dependent,300 325 380 425 500
lightskew_massdep_tight,power_0.84,7.9425132087992285,shift_ot_h,500,0.014171707490568064,search-dependent,380 425 550 MX2
lightskew_massdep_tight,power_0.84,9.911784031052534,shift_h,500,0.017193085622921656,search-dependent,380 425 550 MX2
lightskew_massdep_tight,power_0.84,9.911784031052534,crew_veh_h,500,0.002876895516423561,search-dependent,550 MX2
lightskew_massdep_tight,power_0.84,9.911784031052534,crew_team_h,MX2,0.010633549636444473,search-dependent,300 325 380 500
lightskew_massdep_tight,power_0.84,9.911784031052534,shift_ot_h,500,0.01697007272415596,search-dependent,380 425 550 MX2
lightskew_massdep_tight,power_0.84,12.36931687685298,shift_h,500,0.020412026350970613,search-dependent,380 425 550 MX2
lightskew_massdep_tight,power_0.84,12.36931687685298,crew_veh_h,MX2,0.007590789960349786,search-dependent,500 550
lightskew_massdep_tight,power_0.84,12.36931687685298,crew_team_h,MX2,0.01231690710895772,search-dependent,300 325 380
lightskew_massdep_tight,power_0.84,12.36931687685298,shift_ot_h,500,0.020159983226215594,search-dependent,380 425 550 MX2
lightskew_massdep_tight,power_0.84,15.436171684196077,shift_h,500,0.02401487091166321,search-dependent,380 425 550 MX2
lightskew_massdep_tight,power_0.84,15.436171684196077,crew_veh_h,MX2,0.0195126057557673,search-dependent,500 550
lightskew_massdep_tight,power_0.84,15.436171684196077,crew_team_h,MX2,0.014230308698172545,search-dependent,300 325 380
lightskew_massdep_tight,power_0.84,15.436171684196077,shift_ot_h,500,0.023735116904974207,search-dependent,380 425 550 MX2
lightskew_massdep_tight,power_0.84,19.26342405455451,shift_h,500,0.026638457842492524,search-dependent,380 425 550 MX2
lightskew_massdep_tight,power_0.84,19.26342405455451,crew_veh_h,MX2,0.03287275182501781,search-dependent,500
lightskew_massdep_tight,power_0.84,19.26342405455451,crew_team_h,MX2,0.01636785891941761,search-dependent,300 325 380 MX1
lightskew_massdep_tight,power_0.84,19.26342405455451,shift_ot_h,500,0.025799964240545314,search-dependent,380 425 550 MX2
lightskew_massdep_tight,power_0.84,24.039607351964708,shift_h,500,0.008963432137610194,search-dependent,300 380 425 550 MX1 MX2
lightskew_massdep_tight,power_0.84,24.039607351964708,crew_veh_h,MX2,0.047563174457407875,search-dependent,500
lightskew_massdep_tight,power_0.84,24.039607351964708,crew_team_h,MX2,0.01871011571037262,search-dependent,300 325 380 MX1
lightskew_massdep_tight,power_0.84,24.039607351964708,shift_ot_h,500,0.00836639458542865,search-dependent,300 380 425 550 MX1 MX2
lightskew_massdep_tight,power_0.84,30.000000000000004,shift_h,MX2,0.009711904877367283,search-dependent,300 325 380 425 500 550 MX1
lightskew_massdep_tight,power_0.84,30.000000000000004,crew_veh_h,MX2,0.0633829069179368,search-dependent,500
lightskew_massdep_tight,power_0.84,30.000000000000004,crew_team_h,MX2,0.021222959174032496,search-dependent,300 325 380 MX1
lightskew_massdep_tight,power_0.84,30.000000000000004,shift_ot_h,MX2,0.010094031399900727,search-dependent,300 380 425 500 550 MX1
lightskew_massdep_tight,power_0.96,5.1,shift_h,500,0.012058839371299035,search-dependent,380 425 550 MX2
lightskew_massdep_tight,power_0.96,5.1,crew_veh_h,500,0.012577499800721093,search-dependent,550
lightskew_massdep_tight,power_0.96,5.1,crew_team_h,MX2,0.005459785860173261,search-dependent,300 325 380 425 500
lightskew_massdep_tight,power_0.96,5.1,shift_ot_h,500,0.011886802745868064,search-dependent,380 425 550 MX2
lightskew_massdep_tight,power_0.96,6.364496630910889,shift_h,500,0.014593331080456684,search-dependent,380 425 550 MX2
lightskew_massdep_tight,power_0.96,6.364496630910889,crew_veh_h,500,0.011713217637205675,search-dependent,550 MX2
lightskew_massdep_tight,power_0.96,6.364496630910889,crew_team_h,MX2,0.006203443252632779,search-dependent,300 325 380 500
lightskew_massdep_tight,power_0.96,6.364496630910889,shift_ot_h,500,0.014391349200131298,search-dependent,380 425 550 MX2
lightskew_massdep_tight,power_0.96,7.9425132087992285,shift_h,500,0.01754890235812656,search-dependent,380 425 550 MX2
lightskew_massdep_tight,power_0.96,7.9425132087992285,crew_veh_h,500,0.002191053435511847,search-dependent,550 MX2
lightskew_massdep_tight,power_0.96,7.9425132087992285,crew_team_h,MX2,0.007081908333867126,search-dependent,300 325 380
lightskew_massdep_tight,power_0.96,7.9425132087992285,shift_ot_h,500,0.01731473392019245,search-dependent,380 425 550 MX2
lightskew_massdep_tight,power_0.96,9.911784031052534,shift_h,500,0.020948673144713492,search-dependent,380 425 550 MX2
lightskew_massdep_tight,power_0.96,9.911784031052534,crew_veh_h,MX2,0.008803457799234193,search-dependent,500 550
lightskew_massdep_tight,power_0.96,9.911784031052534,crew_team_h,MX2,0.008107706827645167,search-dependent,300 325
lightskew_massdep_tight,power_0.96,9.911784031052534,shift_ot_h,500,0.020681126562445584,search-dependent,380 425 550 MX2
lightskew_massdep_tight,power_0.96,12.36931687685298,shift_h,500,0.024798395169362886,search-dependent,380 425 550 MX2
lightskew_massdep_tight,power_0.96,12.36931687685298,crew_veh_h,MX2,0.021495872993289256,search-dependent,500
lightskew_massdep_tight,power_0.96,12.36931687685298,crew_team_h,MX2,0.00928952390226856,search-dependent,300 325
lightskew_massdep_tight,power_0.96,12.36931687685298,shift_ot_h,500,0.024497770273189223,search-dependent,380 425 550 MX2
lightskew_massdep_tight,power_0.96,15.436171684196077,shift_h,500,0.02669237481753739,search-dependent,380 425 550 MX2
lightskew_massdep_tight,power_0.96,15.436171684196077,crew_veh_h,MX2,0.03593443188791001,search-dependent,500
lightskew_massdep_tight,power_0.96,15.436171684196077,crew_team_h,MX2,0.010630145832522642,search-dependent,300 325 MX1
lightskew_massdep_tight,power_0.96,15.436171684196077,shift_ot_h,500,0.025813265072053504,search-dependent,380 425 550 MX2
lightskew_massdep_tight,power_0.96,19.26342405455451,shift_h,500,0.008036090474354385,search-dependent,300 380 425 550 MX1 MX2
lightskew_massdep_tight,power_0.96,19.26342405455451,crew_veh_h,MX2,0.052079065198464614,search-dependent,500
lightskew_massdep_tight,power_0.96,19.26342405455451,crew_team_h,MX2,0.012124431100054123,search-dependent,300 325 MX1
lightskew_massdep_tight,power_0.96,19.26342405455451,shift_ot_h,500,0.007415809420410646,search-dependent,300 380 425 550 MX1 MX2
lightskew_massdep_tight,power_0.96,24.039607351964708,shift_h,MX2,0.012019991748507541,search-dependent,300 325 380 425 500 550 MX1
lightskew_massdep_tight,power_0.96,24.039607351964708,crew_veh_h,MX2,0.0641827230397174,certain,
lightskew_massdep_tight,power_0.96,24.039607351964708,crew_team_h,MX2,0.013757730933396273,search-dependent,300 325 MX1
lightskew_massdep_tight,power_0.96,24.039607351964708,shift_ot_h,MX2,0.012405699850417173,search-dependent,300 380 425 500 550 MX1
lightskew_massdep_tight,power_0.96,30.000000000000004,shift_h,MX2,0.03375156027358295,search-dependent,300 325 380 425 500 550 MX1
lightskew_massdep_tight,power_0.96,30.000000000000004,crew_veh_h,MX2,0.061988507680462934,certain,
lightskew_massdep_tight,power_0.96,30.000000000000004,crew_team_h,MX2,0.015505248838815655,search-dependent,300 325 MX1
lightskew_massdep_tight,power_0.96,30.000000000000004,shift_ot_h,MX2,0.03392033201406708,search-dependent,300 380 425 500 550 MX1
lightskew_short_baseline,affine,5.1,shift_h,MX1,0.0018050462877250428,search-dependent,270 300 325 380 425 500 550 MX2
lightskew_short_baseline,affine,5.1,crew_veh_h,MX2,0.025400705924745193,search-dependent,500
lightskew_short_baseline,affine,5.1,crew_team_h,MX2,0.025400705924745193,search-dependent,500
lightskew_short_baseline,affine,5.1,shift_ot_h,MX2,0.015116921587183807,search-dependent,300 325 380 425 500 550 MX1
lightskew_short_baseline,affine,6.364496630910889,shift_h,MX1,0.002207517010253124,search-dependent,270 300 325 380 425 500 550 MX2
lightskew_short_baseline,affine,6.364496630910889,crew_veh_h,MX2,0.03231896316688898,search-dependent,500
lightskew_short_baseline,affine,6.364496630910889,crew_team_h,MX2,0.027542991118482796,search-dependent,500
lightskew_short_baseline,affine,6.364496630910889,shift_ot_h,MX2,0.01775130345424536,search-dependent,300 325 380 425 500 550 MX1
lightskew_short_baseline,affine,7.9425132087992285,shift_h,MX1,0.0026877351167391428,search-dependent,270 300 325 380 425 500 550 MX2
lightskew_short_baseline,affine,7.9425132087992285,crew_veh_h,MX2,0.0404821876995638,certain,
lightskew_short_baseline,affine,7.9425132087992285,crew_team_h,MX2,0.023663089264667425,search-dependent,425 MX1
lightskew_short_baseline,affine,7.9425132087992285,shift_ot_h,MX2,0.016330551615737487,search-dependent,300 325 380 425 500 550 MX1
lightskew_short_baseline,affine,9.911784031052534,shift_h,MX1,0.0032551672008165333,search-dependent,270 300 325 380 425 500 550 MX2
lightskew_short_baseline,affine,9.911784031052534,crew_veh_h,MX2,0.05000200133769206,certain,
lightskew_short_baseline,affine,9.911784031052534,crew_team_h,MX2,0.01913841369869318,search-dependent,380 425 MX1
lightskew_short_baseline,affine,9.911784031052534,shift_ot_h,MX2,0.012642852429750828,search-dependent,300 325 380 425 500 550 MX1
lightskew_short_baseline,affine,12.36931687685298,shift_h,MX1,0.003917988939216244,search-dependent,270 300 325 380 425 500 550 MX2
lightskew_short_baseline,affine,12.36931687685298,crew_veh_h,MX2,0.04520305440294736,certain,
lightskew_short_baseline,affine,12.36931687685298,crew_team_h,MX2,0.013933490433859497,search-dependent,300 325 380 425 MX1
lightskew_short_baseline,affine,12.36931687685298,shift_ot_h,MX2,0.008354356215041658,search-dependent,300 325 380 425 500 550 MX1
lightskew_short_baseline,affine,15.436171684196077,shift_h,MX1,0.004681918692360343,search-dependent,270 300 325 380 425 500 550 MX2
lightskew_short_baseline,affine,15.436171684196077,crew_veh_h,MX2,0.03770182115269982,search-dependent,MX1
lightskew_short_baseline,affine,15.436171684196077,crew_team_h,MX2,0.008039419188545782,search-dependent,300 325 380 425 MX1
lightskew_short_baseline,affine,15.436171684196077,shift_ot_h,MX2,0.0034370755577679546,search-dependent,270 300 325 380 425 500 550 MX1
lightskew_short_baseline,affine,19.26342405455451,shift_h,MX1,0.005548884618388872,search-dependent,270 300 325 380 425 500 550 MX2
lightskew_short_baseline,affine,19.26342405455451,crew_veh_h,MX2,0.02935709458392166,search-dependent,MX1
lightskew_short_baseline,affine,19.26342405455451,crew_team_h,MX2,0.0014825756298659787,search-dependent,300 325 380 425 MX1
lightskew_short_baseline,affine,19.26342405455451,shift_ot_h,MX1,0.0021152286639718465,search-dependent,270 300 325 380 425 500 550 MX2
lightskew_short_baseline,affine,24.039607351964708,shift_h,MX1,0.006515704719889159,search-dependent,270 300 325 380 425 500 550 MX2
lightskew_short_baseline,affine,24.039607351964708,crew_veh_h,MX2,0.020255652851981498,search-dependent,MX1
lightskew_short_baseline,affine,24.039607351964708,crew_team_h,MX1,0.005701173694696804,search-dependent,300 325 380 425 MX2
lightskew_short_baseline,affine,24.039607351964708,shift_ot_h,MX1,0.00832574974399658,search-dependent,270 300 325 380 425 500 550 MX2
lightskew_short_baseline,affine,30.000000000000004,shift_h,MX1,0.007573050241826307,search-dependent,270 300 325 380 425 500 550 MX2
lightskew_short_baseline,affine,30.000000000000004,crew_veh_h,MX2,0.010540333876791985,search-dependent,325 380 425 MX1
lightskew_short_baseline,affine,30.000000000000004,crew_team_h,MX1,0.013481982873227993,search-dependent,300 325 380 425 MX2
lightskew_short_baseline,affine,30.000000000000004,shift_ot_h,MX1,0.009696737029547986,search-dependent,270 300 325 380 425 500 550 MX2
lightskew_short_baseline,piecewise,5.1,shift_h,MX1,0.0019575948390480047,search-dependent,270 300 325 380 425 500 550 MX2
lightskew_short_baseline,piecewise,5.1,crew_veh_h,MX2,0.028018069481224872,certain,
lightskew_short_baseline,piecewise,5.1,crew_team_h,MX2,0.028018069481224872,certain,
lightskew_short_baseline,piecewise,5.1,shift_ot_h,MX2,0.016133343554617374,search-dependent,300 325 380 425 500 550 MX1
lightskew_short_baseline,piecewise,6.364496630910889,shift_h,MX1,0.0023936592667292977,search-dependent,270 300 325 380 425 500 550 MX2
lightskew_short_baseline,piecewise,6.364496630910889,crew_veh_h,MX2,0.03548748863255691,certain,
lightskew_short_baseline,piecewise,6.364496630910889,crew_team_h,MX2,0.026404096931228027,certain,
lightskew_short_baseline,piecewise,6.364496630910889,shift_ot_h,MX2,0.018500821309856752,search-dependent,300 325 380 425 500 550 MX1
lightskew_short_baseline,piecewise,7.9425132087992285,shift_h,MX1,0.002913760400788723,search-dependent,270 300 325 380 425 500 550 MX2
lightskew_short_baseline,piecewise,7.9425132087992285,crew_veh_h,MX2,0.04429367311610566,certain,
lightskew_short_baseline,piecewise,7.9425132087992285,crew_team_h,MX2,0.022295559378363583,search-dependent,425 MX1
lightskew_short_baseline,piecewise,7.9425132087992285,shift_ot_h,MX2,0.015168219031856722,search-dependent,300 325 380 425 500 550 MX1
lightskew_short_baseline,piecewise,9.911784031052534,shift_h,MX1,0.003528038278261869,search-dependent,270 300 325 380 425 500 550 MX2
lightskew_short_baseline,piecewise,9.911784031052534,crew_veh_h,MX2,0.05009516828247884,certain,
lightskew_short_baseline,piecewise,9.911784031052534,crew_team_h,MX2,0.017508957927539592,search-dependent,325 380 425 MX1
lightskew_short_baseline,piecewise,9.911784031052534,shift_ot_h,MX2,0.011248708428605037,search-dependent,300 325 380 425 500 550 MX1
lightskew_short_baseline,piecewise,12.36931687685298,shift_h,MX1,0.004245196438813492,search-dependent,270 300 325 380 425 500 550 MX2
lightskew_short_baseline,piecewise,12.36931687685298,crew_veh_h,MX2,0.04316145651030978,certain,
lightskew_short_baseline,piecewise,12.36931687685298,crew_team_h,MX2,0.012008986301771163,search-dependent,300 325 380 425 MX1
lightskew_short_baseline,piecewise,12.36931687685298,shift_ot_h,MX2,0.006695259821803301,search-dependent,300 325 380 425 500 550 MX1
lightskew_short_baseline,piecewise,15.436171684196077,shift_h,MX1,0.00507123769453055,search-dependent,270 300 325 380 425 500 550 MX2
lightskew_short_baseline,piecewise,15.436171684196077,crew_veh_h,MX2,0.03531986916661811,search-dependent,MX1
lightskew_short_baseline,piecewise,15.436171684196077,crew_team_h,MX2,0.005788867942597475,search-dependent,300 325 380 425 MX1
lightskew_short_baseline,piecewise,15.436171684196077,shift_ot_h,MX2,0.0014802904717061693,search-dependent,270 300 325 380 425 500 550 MX1
lightskew_short_baseline,piecewise,19.26342405455451,shift_h,MX1,0.00600802703513037,search-dependent,270 300 325 380 425 500 550 MX2
lightskew_short_baseline,piecewise,19.26342405455451,crew_veh_h,MX2,0.02660918134290191,search-dependent,MX1
lightskew_short_baseline,piecewise,19.26342405455451,crew_team_h,MX1,0.0011218971431721236,search-dependent,300 325 380 425 MX2
lightskew_short_baseline,piecewise,19.26342405455451,shift_ot_h,MX1,0.004414994222625035,search-dependent,270 300 325 380 425 500 550 MX2
lightskew_short_baseline,piecewise,24.039607351964708,shift_h,MX1,0.00705187907753646,search-dependent,270 300 325 380 425 500 550 MX2
lightskew_short_baseline,piecewise,24.039607351964708,crew_veh_h,MX2,0.017123765706451355,search-dependent,325 MX1
lightskew_short_baseline,piecewise,24.039607351964708,crew_team_h,MX1,0.00872006089165156,search-dependent,300 325 380 425 MX2
lightskew_short_baseline,piecewise,24.039607351964708,shift_ot_h,MX1,0.00934165072197568,search-dependent,270 300 325 380 425 500 550 MX2
lightskew_short_baseline,piecewise,30.000000000000004,shift_h,MX1,0.008192464297678947,search-dependent,270 300 325 380 425 500 550 MX2
lightskew_short_baseline,piecewise,30.000000000000004,crew_veh_h,MX2,0.007016000273448508,search-dependent,325 380 425 MX1
lightskew_short_baseline,piecewise,30.000000000000004,crew_team_h,MX1,0.016944718406097792,search-dependent,300 325 380 425 MX2
lightskew_short_baseline,piecewise,30.000000000000004,shift_ot_h,MX1,0.01028446442112152,search-dependent,270 300 325 380 425 500 550 MX2
lightskew_short_baseline,power_0.72,5.1,shift_h,MX1,0.002278943636671915,search-dependent,270 300 325 380 425 500 550 MX2
lightskew_short_baseline,power_0.72,5.1,crew_veh_h,MX2,0.02186557901125452,search-dependent,500
lightskew_short_baseline,power_0.72,5.1,crew_team_h,MX2,0.02186557901125452,search-dependent,500
lightskew_short_baseline,power_0.72,5.1,shift_ot_h,MX2,0.014451774978470056,search-dependent,300 325 380 425 500 550 MX1
lightskew_short_baseline,power_0.72,6.364496630910889,shift_h,MX1,0.002787738274477647,search-dependent,270 300 325 380 425 500 550 MX2
lightskew_short_baseline,power_0.72,6.364496630910889,crew_veh_h,MX2,0.02803554033746858,search-dependent,500
lightskew_short_baseline,power_0.72,6.364496630910889,crew_team_h,MX2,0.02803554033746858,search-dependent,500
lightskew_short_baseline,power_0.72,6.364496630910889,shift_ot_h,MX2,0.016945264402294713,search-dependent,300 325 380 425 500 550 MX1
lightskew_short_baseline,power_0.72,7.9425132087992285,shift_h,MX1,0.0033951344174047993,search-dependent,270 300 325 380 425 500 550 MX2
lightskew_short_baseline,power_0.72,7.9425132087992285,crew_veh_h,MX2,0.03532406646271147,search-dependent,500
lightskew_short_baseline,power_0.72,7.9425132087992285,crew_team_h,MX2,0.025513781102017852,search-dependent,425 500
lightskew_short_baseline,power_0.72,7.9425132087992285,shift_ot_h,MX2,0.017902211695101977,search-dependent,300 325 380 425 500 550 MX1
lightskew_short_baseline,power_0.72,9.911784031052534,shift_h,MX1,0.004113283861671313,search-dependent,270 300 325 380 425 500 550 MX2
lightskew_short_baseline,power_0.72,9.911784031052534,crew_veh_h,MX2,0.04383513179599774,search-dependent,500
lightskew_short_baseline,power_0.72,9.911784031052534,crew_team_h,MX2,0.021346319416022164,search-dependent,380 425 500 MX1
lightskew_short_baseline,power_0.72,9.911784031052534,shift_ot_h,MX2,0.014530042554086853,search-dependent,300 325 380 425 500 550 MX1
lightskew_short_baseline,power_0.72,12.36931687685298,shift_h,MX1,0.00495276674545142,search-dependent,270 300 325 380 425 500 550 MX2
lightskew_short_baseline,power_0.72,12.36931687685298,crew_veh_h,MX2,0.04797337627038667,search-dependent,500
lightskew_short_baseline,power_0.72,12.36931687685298,crew_team_h,MX2,0.016544923321955674,search-dependent,325 380 425 500 MX1
lightskew_short_baseline,power_0.72,12.36931687685298,shift_ot_h,MX2,0.010603088329496746,search-dependent,300 325 380 425 500 550 MX1
lightskew_short_baseline,power_0.72,15.436171684196077,shift_h,MX1,0.005921118202108389,search-dependent,270 300 325 380 425 500 550 MX2
lightskew_short_baseline,power_0.72,15.436171684196077,crew_veh_h,MX2,0.040939230571812146,search-dependent,500 MX1
lightskew_short_baseline,power_0.72,15.436171684196077,crew_team_h,MX2,0.011098236429364139,search-dependent,300 325 380 425 500 MX1
lightskew_short_baseline,power_0.72,15.436171684196077,shift_ot_h,MX2,0.006093205236982424,search-dependent,300 325 380 425 500 550 MX1
lightskew_short_baseline,power_0.72,19.26342405455451,shift_h,MX1,0.007021132767811578,search-dependent,270 300 325 380 425 500 550 MX2
lightskew_short_baseline,power_0.72,19.26342405455451,crew_veh_h,MX2,0.03309864564479592,search-dependent,MX1
lightskew_short_baseline,power_0.72,19.26342405455451,crew_team_h,MX2,0.005027106688494154,search-dependent,300 325 380 425 MX1
lightskew_short_baseline,power_0.72,19.26342405455451,shift_ot_h,MX2,0.0009958061254600192,search-dependent,270 300 325 380 425 500 550 MX1
lightskew_short_baseline,power_0.72,24.039607351964708,shift_h,MX1,0.008249168470690682,search-dependent,270 300 325 380 425 500 550 MX2
lightskew_short_baseline,power_0.72,24.039607351964708,crew_veh_h,MX2,0.024528429050497902,search-dependent,MX1
lightskew_short_baseline,power_0.72,24.039607351964708,crew_team_h,MX1,0.0016115852193638869,search-dependent,300 325 380 425 MX2
lightskew_short_baseline,power_0.72,24.039607351964708,shift_ot_h,MX1,0.004684672929964551,search-dependent,270 300 325 380 425 500 550 MX2
lightskew_short_baseline,power_0.72,30.000000000000004,shift_h,MX1,0.009593790252807155,search-dependent,270 300 325 380 425 500 550 MX2
lightskew_short_baseline,power_0.72,30.000000000000004,crew_veh_h,MX2,0.015358640287584713,search-dependent,325 380 425 MX1
lightskew_short_baseline,power_0.72,30.000000000000004,crew_team_h,MX1,0.008785871658531619,search-dependent,300 325 380 425 MX2
lightskew_short_baseline,power_0.72,30.000000000000004,shift_ot_h,MX1,0.010938653858999059,search-dependent,270 300 325 380 425 500 550 MX2
lightskew_short_baseline,power_0.84,5.1,shift_h,MX1,0.002405835264434275,search-dependent,270 300 325 380 425 500 550 MX2
lightskew_short_baseline,power_0.84,5.1,crew_veh_h,MX2,0.027693730195486266,certain,
lightskew_short_baseline,power_0.84,5.1,crew_team_h,MX2,0.027693730195486266,certain,
lightskew_short_baseline,power_0.84,5.1,shift_ot_h,MX2,0.016497835854877962,search-dependent,300 325 380 425 500 550 MX1
lightskew_short_baseline,power_0.84,6.364496630910889,shift_h,MX1,0.002941811586828047,search-dependent,270 300 325 380 425 500 550 MX2
lightskew_short_baseline,power_0.84,6.364496630910889,crew_veh_h,MX2,0.03509498258689425,certain,
lightskew_short_baseline,power_0.84,6.364496630910889,crew_team_h,MX2,0.026545179229196192,certain,
lightskew_short_baseline,power_0.84,6.364496630910889,shift_ot_h,MX2,0.01862008580767105,search-dependent,300 325 380 425 500 550 MX1
lightskew_short_baseline,power_0.84,7.9425132087992285,shift_h,MX1,0.0035811097636051503,search-dependent,270 300 325 380 425 500 550 MX2
lightskew_short_baseline,power_0.84,7.9425132087992285,crew_veh_h,MX2,0.04382170704325916,certain,
lightskew_short_baseline,power_0.84,7.9425132087992285,crew_team_h,MX2,0.022464896956604807,search-dependent,425 MX1
lightskew_short_baseline,power_0.84,7.9425132087992285,shift_ot_h,MX2,0.01531219313207055,search-dependent,300 325 380 425 500 550 MX1
lightskew_short_baseline,power_0.84,9.911784031052534,shift_h,MX1,0.004336210899566151,search-dependent,270 300 325 380 425 500 550 MX2
lightskew_short_baseline,power_0.84,9.911784031052534,crew_veh_h,MX2,0.05030954510113639,certain,
lightskew_short_baseline,power_0.84,9.911784031052534,crew_team_h,MX2,0.017710635619735182,search-dependent,380 425 MX1
lightskew_short_baseline,power_0.84,9.911784031052534,shift_ot_h,MX2,0.011421325174821417,search-dependent,300 325 380 425 500 550 MX1
lightskew_short_baseline,power_0.84,12.36931687685298,shift_h,MX1,0.005217836206710347,search-dependent,270 300 325 380 425 500 550 MX2
lightskew_short_baseline,power_0.84,12.36931687685298,crew_veh_h,MX2,0.04341401043674109,certain,
lightskew_short_baseline,power_0.84,12.36931687685298,crew_team_h,MX2,0.012247055255870665,search-dependent,300 325 380 425 MX1
lightskew_short_baseline,power_0.84,12.36931687685298,shift_ot_h,MX2,0.006900583589947162,search-dependent,300 325 380 425 500 550 MX1
lightskew_short_baseline,power_0.84,15.436171684196077,shift_h,MX1,0.006233393167387691,search-dependent,270 300 325 380 425 500 550 MX2
lightskew_short_baseline,power_0.84,15.436171684196077,crew_veh_h,MX2,0.03561434866419244,search-dependent,MX1
lightskew_short_baseline,power_0.84,15.436171684196077,crew_team_h,MX2,0.006067102434327065,search-dependent,300 325 380 425 MX1
lightskew_short_baseline,power_0.84,15.436171684196077,shift_ot_h,MX2,0.0017223224344040666,search-dependent,270 300 325 380 425 500 550 MX1
lightskew_short_baseline,power_0.84,19.26342405455451,shift_h,MX1,0.007385208078232619,search-dependent,270 300 325 380 425 500 550 MX2
lightskew_short_baseline,power_0.84,19.26342405455451,crew_veh_h,MX2,0.026948676795981008,search-dependent,MX1
lightskew_short_baseline,power_0.84,19.26342405455451,crew_team_h,MX1,0.0007996603093023413,search-dependent,300 325 380 425 MX2
lightskew_short_baseline,power_0.84,19.26342405455451,shift_ot_h,MX1,0.00413014363297215,search-dependent,270 300 325 380 425 500 550 MX2
lightskew_short_baseline,power_0.84,24.039607351964708,shift_h,MX1,0.008668787160617919,search-dependent,270 300 325 380 425 500 550 MX2
lightskew_short_baseline,power_0.84,24.039607351964708,crew_veh_h,MX2,0.017510417258590483,search-dependent,MX1
lightskew_short_baseline,power_0.84,24.039607351964708,crew_team_h,MX1,0.00834637962571061,search-dependent,300 325 380 425 MX2
lightskew_short_baseline,power_0.84,24.039607351964708,shift_ot_h,MX1,0.010682557863956221,search-dependent,270 300 325 380 425 500 550 MX2
lightskew_short_baseline,power_0.84,30.000000000000004,shift_h,MX1,0.01007146771034062,search-dependent,270 300 325 380 425 500 550 MX2
lightskew_short_baseline,power_0.84,30.000000000000004,crew_veh_h,MX2,0.007450762923687515,search-dependent,325 380 425 MX1
lightskew_short_baseline,power_0.84,30.000000000000004,crew_team_h,MX1,0.016516275610582554,search-dependent,300 325 380 425 MX2
lightskew_short_baseline,power_0.84,30.000000000000004,shift_ot_h,MX1,0.01208849822070901,search-dependent,270 300 325 380 425 500 550 MX2
lightskew_short_baseline,power_0.96,5.1,shift_h,MX1,0.0024402424438976222,search-dependent,270 300 325 380 425 500 550 MX2
lightskew_short_baseline,power_0.96,5.1,crew_veh_h,MX2,0.033917992567919386,certain,
lightskew_short_baseline,power_0.96,5.1,crew_team_h,MX2,0.027765090778688162,certain,
lightskew_short_baseline,power_0.96,5.1,shift_ot_h,MX2,0.018572287182000657,search-dependent,300 325 380 425 500 550 MX1
lightskew_short_baseline,power_0.96,6.364496630910889,shift_h,MX1,0.002982635818967294,search-dependent,270 300 325 380 425 500 550 MX2
lightskew_short_baseline,power_0.96,6.364496630910889,crew_veh_h,MX2,0.04262088109344542,certain,
lightskew_short_baseline,power_0.96,6.364496630910889,crew_team_h,MX2,0.023840071709672284,certain,
lightskew_short_baseline,power_0.96,6.364496630910889,shift_ot_h,MX2,0.016331732372717678,search-dependent,300 325 380 425 500 550 MX1
lightskew_short_baseline,power_0.96,7.9425132087992285,shift_h,MX1,0.003628994932339813,search-dependent,270 300 325 380 425 500 550 MX2
lightskew_short_baseline,power_0.96,7.9425132087992285,crew_veh_h,MX2,0.052856177650669744,certain,
lightskew_short_baseline,power_0.96,7.9425132087992285,crew_team_h,MX2,0.01922133579593277,search-dependent,MX1
lightskew_short_baseline,power_0.96,7.9425132087992285,shift_ot_h,MX2,0.012552212891968395,search-dependent,300 325 380 425 500 550 MX1
lightskew_short_baseline,power_0.96,9.911784031052534,shift_h,MX1,0.00439160606072142,search-dependent,270 300 325 380 425 500 550 MX2
lightskew_short_baseline,power_0.96,9.911784031052534,crew_veh_h,MX2,0.04620815834985015,certain,
lightskew_short_baseline,power_0.96,9.911784031052534,crew_team_h,MX2,0.013852204377114541,search-dependent,300 325 380 425 MX1
lightskew_short_baseline,power_0.96,9.911784031052534,shift_ot_h,MX2,0.008115758537714735,search-dependent,300 325 380 425 500 550 MX1
lightskew_short_baseline,power_0.96,12.36931687685298,shift_h,MX1,0.0052808643045541,search-dependent,270 300 325 380 425 500 550 MX2
lightskew_short_baseline,power_0.96,12.36931687685298,crew_veh_h,MX2,0.03858881332110031,certain,
lightskew_short_baseline,power_0.96,12.36931687685298,crew_team_h,MX2,0.007698602389280884,search-dependent,300 325 380 425 MX1
lightskew_short_baseline,power_0.96,12.36931687685298,shift_ot_h,MX2,0.0029735009575908578,search-dependent,270 300 325 380 425 500 550 MX1
lightskew_short_baseline,power_0.96,15.436171684196077,shift_h,MX1,0.006303700843297122,search-dependent,270 300 325 380 425 500 550 MX2
lightskew_short_baseline,power_0.96,15.436171684196077,crew_veh_h,MX2,0.029996791621338392,search-dependent,MX1
lightskew_short_baseline,power_0.96,15.436171684196077,crew_team_h,MX2,0.0007594387719798146,search-dependent,300 325 380 425 MX1
lightskew_short_baseline,power_0.96,15.436171684196077,shift_ot_h,MX1,0.0029088049698433593,search-dependent,270 300 325 380 425 500 550 MX2
lightskew_short_baseline,power_0.96,19.26342405455451,shift_h,MX1,0.0074618164139577114,search-dependent,270 300 325 380 425 500 550 MX2
lightskew_short_baseline,power_0.96,19.26342405455451,crew_veh_h,MX2,0.020483431678742337,search-dependent,MX1
lightskew_short_baseline,power_0.96,19.26342405455451,crew_team_h,MX1,0.006972097662697019,search-dependent,300 325 380 425 MX2
lightskew_short_baseline,power_0.96,19.26342405455451,shift_ot_h,MX1,0.009590064073567328,search-dependent,270 300 325 380 425 500 550 MX2
lightskew_short_baseline,power_0.96,24.039607351964708,shift_h,MX1,0.008749974655330783,search-dependent,270 300 325 380 425 500 550 MX2
lightskew_short_baseline,power_0.96,24.039607351964708,crew_veh_h,MX2,0.010160797120012388,search-dependent,325 MX1
lightskew_short_baseline,power_0.96,24.039607351964708,crew_team_h,MX1,0.015497177854483679,search-dependent,300 325 380 MX2
lightskew_short_baseline,power_0.96,24.039607351964708,shift_ot_h,MX1,0.010952871643030715,search-dependent,270 300 325 380 425 500 550 MX2
lightskew_short_baseline,power_0.96,30.000000000000004,shift_h,MX1,0.010154724216554945,search-dependent,270 300 325 380 425 500 550 MX2
lightskew_short_baseline,power_0.96,30.000000000000004,crew_veh_h,MX1,0.0007977130062517546,search-dependent,325 380 MX2
lightskew_short_baseline,power_0.96,30.000000000000004,crew_team_h,MX1,0.019621779781312076,search-dependent,300 325 380 MX2
lightskew_short_baseline,power_0.96,30.000000000000004,shift_ot_h,MX1,0.012153285339297382,search-dependent,270 300 325 380 425 500 550 MX2
lightskew_short_tight,affine,5.1,shift_h,MX1,0.009225792137261601,search-dependent,300 380 425 500 550 MX2
lightskew_short_tight,affine,5.1,crew_veh_h,MX2,0.018150350709001284,search-dependent,500
lightskew_short_tight,affine,5.1,crew_team_h,MX2,0.018565836609254704,search-dependent,500
lightskew_short_tight,affine,5.1,shift_ot_h,MX1,0.008304292729613527,search-dependent,300 380 425 500 550 MX2
lightskew_short_tight,affine,6.364496630910889,shift_h,MX1,0.011282864719071695,search-dependent,300 380 425 500 550 MX2
lightskew_short_tight,affine,6.364496630910889,crew_veh_h,MX2,0.02514798296728471,search-dependent,500
lightskew_short_tight,affine,6.364496630910889,crew_team_h,MX2,0.021061756838851142,search-dependent,500
lightskew_short_tight,affine,6.364496630910889,shift_ot_h,MX1,0.010343641984762897,search-dependent,300 380 425 500 550 MX2
lightskew_short_tight,affine,7.9425132087992285,shift_h,MX1,0.013737312818889125,search-dependent,300 380 425 500 550 MX2
lightskew_short_tight,affine,7.9425132087992285,crew_veh_h,MX2,0.033411485865260326,search-dependent,500
lightskew_short_tight,affine,7.9425132087992285,crew_team_h,MX2,0.017427727894454126,search-dependent,380 425 500 MX1
lightskew_short_tight,affine,7.9425132087992285,shift_ot_h,MX1,0.012778842372271892,search-dependent,300 380 425 500 550 MX2
lightskew_short_tight,affine,9.911784031052534,shift_h,MX1,0.016637521248617615,search-dependent,300 380 425 500 550 MX2
lightskew_short_tight,affine,9.911784031052534,crew_veh_h,MX2,0.0430573054500043,search-dependent,500
lightskew_short_tight,affine,9.911784031052534,crew_team_h,MX2,0.013185908628248866,search-dependent,300 380 425 500 MX1
lightskew_short_tight,affine,9.911784031052534,shift_ot_h,MX1,0.015658974551455263,search-dependent,300 380 425 500 550 MX2
lightskew_short_tight,affine,12.36931687685298,shift_h,MX1,0.02002527680043875,search-dependent,300 380 425 500 550 MX2
lightskew_short_tight,affine,12.36931687685298,crew_veh_h,MX2,0.0444053078543456,search-dependent,500
lightskew_short_tight,affine,12.36931687685298,crew_team_h,MX2,0.008301196789164411,search-dependent,300 325 380 425 500 MX1
lightskew_short_tight,affine,12.36931687685298,shift_ot_h,MX1,0.0190269429031531,search-dependent,300 380 425 500 550 MX2
lightskew_short_tight,affine,15.436171684196077,shift_h,MX1,0.02392980664984168,search-dependent,300 380 425 500 550 MX2
lightskew_short_tight,affine,15.436171684196077,crew_veh_h,MX2,0.03703600076538183,search-dependent,MX1
lightskew_short_tight,affine,15.436171684196077,crew_team_h,MX2,0.002763044079111321,search-dependent,300 325 380 425 MX1
lightskew_short_tight,affine,15.436171684196077,shift_ot_h,MX1,0.022913573259216724,search-dependent,300 380 425 500 550 MX2
lightskew_short_tight,affine,19.26342405455451,shift_h,MX1,0.028360965827321172,search-dependent,300 380 425 500 550 MX2
lightskew_short_tight,affine,19.26342405455451,crew_veh_h,MX2,0.028826590710535616,search-dependent,MX1
lightskew_short_tight,affine,19.26342405455451,crew_team_h,MX1,0.003417865587560076,search-dependent,300 325 380 425 MX2
lightskew_short_tight,affine,19.26342405455451,shift_ot_h,MX1,0.02733079611928879,search-dependent,300 380 425 500 550 MX2
lightskew_short_tight,affine,24.039607351964708,shift_h,MX1,0.033302490790545036,search-dependent,300 380 425 500 550 MX2
lightskew_short_tight,affine,24.039607351964708,crew_veh_h,MX2,0.01985896331396786,search-dependent,380 MX1
lightskew_short_tight,affine,24.039607351964708,crew_team_h,MX1,0.010248973612845491,search-dependent,300 325 380 425 MX2
lightskew_short_tight,affine,24.039607351964708,shift_ot_h,MX1,0.032264794736814206,search-dependent,300 380 425 500 550 MX2
lightskew_short_tight,affine,30.000000000000004,shift_h,MX1,0.03870670123600095,search-dependent,300 380 425 500 550 MX2
lightskew_short_tight,affine,30.000000000000004,crew_veh_h,MX2,0.010270589334813618,search-dependent,380 425 MX1
lightskew_short_tight,affine,30.000000000000004,crew_team_h,MX1,0.017656241508055004,search-dependent,300 325 380 425 MX2
lightskew_short_tight,affine,30.000000000000004,shift_ot_h,MX1,0.03767047457684969,search-dependent,300 380 425 500 550 MX2
lightskew_short_tight,piecewise,5.1,shift_h,MX1,0.010005484732912073,search-dependent,300 380 425 500 550 MX2
lightskew_short_tight,piecewise,5.1,crew_veh_h,MX2,0.020741976424610842,search-dependent,500
lightskew_short_tight,piecewise,5.1,crew_team_h,MX2,0.021157791118233904,search-dependent,500
lightskew_short_tight,piecewise,5.1,shift_ot_h,MX1,0.00907085111429784,search-dependent,300 380 425 500 550 MX2
lightskew_short_tight,piecewise,6.364496630910889,shift_h,MX1,0.0122342584743933,search-dependent,300 380 425 500 550 MX2
lightskew_short_tight,piecewise,6.364496630910889,crew_veh_h,MX2,0.02828642277382376,search-dependent,500
lightskew_short_tight,piecewise,6.364496630910889,crew_team_h,MX2,0.01995251302975909,search-dependent,500
lightskew_short_tight,piecewise,6.364496630910889,shift_ot_h,MX1,0.01127936308345423,search-dependent,300 380 425 500 550 MX2
lightskew_short_tight,piecewise,7.9425132087992285,shift_h,MX1,0.014892553159587152,search-dependent,300 380 425 500 550 MX2
lightskew_short_tight,piecewise,7.9425132087992285,crew_veh_h,MX2,0.03718828362809967,search-dependent,500
lightskew_short_tight,piecewise,7.9425132087992285,crew_team_h,MX2,0.01609472102799514,search-dependent,380 500 MX1
lightskew_short_tight,piecewise,7.9425132087992285,shift_ot_h,MX1,0.013915562943956683,search-dependent,300 380 425 500 550 MX2
lightskew_short_tight,piecewise,9.911784031052534,shift_h,MX1,0.0180321956444498,search-dependent,300 380 425 500 550 MX2
lightskew_short_tight,piecewise,9.911784031052534,crew_veh_h,MX2,0.04756915703757647,search-dependent,500
lightskew_short_tight,piecewise,9.911784031052534,crew_team_h,MX2,0.011596087700031621,search-dependent,300 380 425 500 MX1
lightskew_short_tight,piecewise,9.911784031052534,shift_ot_h,MX1,0.017032016468257805,search-dependent,300 380 425 500 550 MX2
lightskew_short_tight,piecewise,12.36931687685298,shift_h,MX1,0.02169767068726891,search-dependent,300 380 425 500 550 MX2
lightskew_short_tight,piecewise,12.36931687685298,crew_veh_h,MX2,0.04239277575159517,certain,
lightskew_short_tight,piecewise,12.36931687685298,crew_team_h,MX2,0.006421465594656395,search-dependent,300 325 380 425 MX1
lightskew_short_tight,piecewise,12.36931687685298,shift_ot_h,MX1,0.020674407862237176,search-dependent,300 380 425 500 550 MX2
lightskew_short_tight,piecewise,15.436171684196077,shift_h,MX1,0.025919659327599875,search-dependent,300 380 425 500 550 MX2
lightskew_short_tight,piecewise,15.436171684196077,crew_veh_h,MX2,0.034685866382319075,search-dependent,MX1
lightskew_short_tight,piecewise,15.436171684196077,crew_team_h,MX2,0.0005621513961944213,search-dependent,300 325 380 425 MX1
lightskew_short_tight,piecewise,15.436171684196077,shift_ot_h,MX1,0.024875143082515816,search-dependent,300 380 425 500 550 MX2
lightskew_short_tight,piecewise,19.26342405455451,shift_h,MX1,0.030707693735111175,search-dependent,300 380 425 500 550 MX2
lightskew_short_tight,piecewise,19.26342405455451,crew_veh_h,MX2,0.026112734002838422,search-dependent,MX1
lightskew_short_tight,piecewise,19.26342405455451,crew_team_h,MX1,0.005991153006217553,search-dependent,300 325 380 425 MX2
lightskew_short_tight,piecewise,19.26342405455451,shift_ot_h,MX1,0.02964599999223161,search-dependent,300 380 425 500 550 MX2
lightskew_short_tight,piecewise,24.039607351964708,shift_h,MX1,0.0360429375074085,search-dependent,300 380 425 500 550 MX2
lightskew_short_tight,piecewise,24.039607351964708,crew_veh_h,MX2,0.016762652129791222,search-dependent,380 MX1
lightskew_short_tight,piecewise,24.039607351964708,crew_team_h,MX1,0.013236375083138352,search-dependent,300 325 380 425 MX2
lightskew_short_tight,piecewise,24.039607351964708,shift_ot_h,MX1,0.03497079353368737,search-dependent,300 380 425 500 550 MX2
lightskew_short_tight,piecewise,30.000000000000004,shift_h,MX1,0.041872595299247584,search-dependent,300 380 425 500 550 MX2
lightskew_short_tight,piecewise,30.000000000000004,crew_veh_h,MX2,0.006782472845546783,search-dependent,380 425 MX1
lightskew_short_tight,piecewise,30.000000000000004,crew_team_h,MX1,0.021085526509932784,search-dependent,300 325 380 425 MX2
lightskew_short_tight,piecewise,30.000000000000004,shift_ot_h,MX1,0.040799532504879776,search-dependent,300 380 425 500 550 MX2
lightskew_short_tight,power_0.72,5.1,shift_h,MX1,0.008175149275615912,search-dependent,300 380 425 500 550 MX2
lightskew_short_tight,power_0.72,5.1,crew_veh_h,MX2,0.014650201197960788,search-dependent,500 550
lightskew_short_tight,power_0.72,5.1,crew_team_h,MX2,0.015065237170055923,search-dependent,500 550
lightskew_short_tight,power_0.72,5.1,shift_ot_h,MX1,0.007271382250541247,search-dependent,300 380 425 500 550 MX2
lightskew_short_tight,power_0.72,6.364496630910889,shift_h,MX1,0.010000324785778725,search-dependent,300 380 425 500 550 MX2
lightskew_short_tight,power_0.72,6.364496630910889,crew_veh_h,MX2,0.020905540862203198,search-dependent,500 550
lightskew_short_tight,power_0.72,6.364496630910889,crew_team_h,MX2,0.021313054180343904,search-dependent,500 550
lightskew_short_tight,power_0.72,6.364496630910889,shift_ot_h,MX1,0.009082279456281928,search-dependent,300 380 425 500 550 MX2
lightskew_short_tight,power_0.72,7.9425132087992285,shift_h,MX1,0.012179208922251883,search-dependent,300 380 425 500 550 MX2
lightskew_short_tight,power_0.72,7.9425132087992285,crew_veh_h,MX2,0.02830074480961886,search-dependent,500
lightskew_short_tight,power_0.72,7.9425132087992285,crew_team_h,MX2,0.01923154935636684,search-dependent,380 425 500 MX1
lightskew_short_tight,power_0.72,7.9425132087992285,shift_ot_h,MX1,0.011245788315676686,search-dependent,300 380 425 500 550 MX2
lightskew_short_tight,power_0.72,9.911784031052534,shift_h,MX1,0.014755393262490646,search-dependent,300 380 425 500 550 MX2
lightskew_short_tight,power_0.72,9.911784031052534,crew_veh_h,MX2,0.03694437169908826,search-dependent,500
lightskew_short_tight,power_0.72,9.911784031052534,crew_team_h,MX2,0.015339901552488877,search-dependent,380 425 500 MX1
lightskew_short_tight,power_0.72,9.911784031052534,shift_ot_h,MX1,0.013806141778744285,search-dependent,300 380 425 500 550 MX2
lightskew_short_tight,power_0.72,12.36931687685298,shift_h,MX1,0.01776683144761715,search-dependent,300 380 425 500 550 MX2
lightskew_short_tight,power_0.72,12.36931687685298,crew_veh_h,MX2,0.04691351414272393,search-dependent,500
lightskew_short_tight,power_0.72,12.36931687685298,crew_team_h,MX2,0.010851594461209757,search-dependent,300 380 425 500 MX1
lightskew_short_tight,power_0.72,12.36931687685298,shift_ot_h,MX1,0.01680230444175268,search-dependent,300 380 425 500 550 MX2
lightskew_short_tight,power_0.72,15.436171684196077,shift_h,MX1,0.021240553913607352,search-dependent,300 380 425 500 550 MX2
lightskew_short_tight,power_0.72,15.436171684196077,crew_veh_h,MX2,0.0402297587479723,search-dependent,500 MX1
lightskew_short_tight,power_0.72,15.436171684196077,crew_team_h,MX2,0.005753997774487152,search-dependent,300 325 380 425 500 MX1
lightskew_short_tight,power_0.72,15.436171684196077,shift_ot_h,MX1,0.02026273837437076,search-dependent,300 380 425 500 550 MX2
lightskew_short_tight,power_0.72,19.26342405455451,shift_h,MX1,0.025186585371018255,search-dependent,300 380 425 500 550 MX2
lightskew_short_tight,power_0.72,19.26342405455451,crew_veh_h,MX2,0.03252125132093142,search-dependent,500 MX1
lightskew_short_tight,power_0.72,19.26342405455451,crew_team_h,MX2,6.435289179806958e-05,search-dependent,300 325 380 425 500 MX1
lightskew_short_tight,power_0.72,19.26342405455451,shift_ot_h,MX1,0.02419931595435454,search-dependent,300 380 425 500 550 MX2
lightskew_short_tight,power_0.72,24.039607351964708,shift_h,MX1,0.02959186114233292,search-dependent,300 380 425 500 550 MX2
lightskew_short_tight,power_0.72,24.039607351964708,crew_veh_h,MX2,0.024082562525278295,search-dependent,500 MX1
lightskew_short_tight,power_0.72,24.039607351964708,crew_team_h,MX1,0.006202208538929499,search-dependent,300 325 380 425 MX2
lightskew_short_tight,power_0.72,24.039607351964708,shift_ot_h,MX1,0.028601142545364056,search-dependent,300 380 425 500 550 MX2
lightskew_short_tight,power_0.72,30.000000000000004,shift_h,MX1,0.03441536077223106,search-dependent,300 380 425 500 550 MX2
lightskew_short_tight,power_0.72,30.000000000000004,crew_veh_h,MX2,0.015038616197501131,search-dependent,380 425 500 MX1
lightskew_short_tight,power_0.72,30.000000000000004,crew_team_h,MX1,0.013005705841063975,search-dependent,300 325 380 425 MX2
lightskew_short_tight,power_0.72,30.000000000000004,shift_ot_h,MX1,0.03342948434735815,search-dependent,300 380 425 500 550 MX2
lightskew_short_tight,power_0.84,5.1,shift_h,MX1,0.009908782769801006,search-dependent,300 380 425 500 550 MX2
lightskew_short_tight,power_0.84,5.1,crew_veh_h,MX2,0.02042081918560501,search-dependent,500
lightskew_short_tight,power_0.84,5.1,crew_team_h,MX2,0.02083659333560539,search-dependent,500
lightskew_short_tight,power_0.84,5.1,shift_ot_h,MX1,0.008975776966812399,search-dependent,300 380 425 500 550 MX2
lightskew_short_tight,power_0.84,6.364496630910889,shift_h,MX1,0.012116279279169806,search-dependent,300 380 425 500 550 MX2
lightskew_short_tight,power_0.84,6.364496630910889,crew_veh_h,MX2,0.02789763308978732,search-dependent,500
lightskew_short_tight,power_0.84,6.364496630910889,crew_team_h,MX2,0.020089925966319422,search-dependent,500
lightskew_short_tight,power_0.84,6.364496630910889,shift_ot_h,MX1,0.011163325698399174,search-dependent,300 380 425 500 550 MX2
lightskew_short_tight,power_0.84,7.9425132087992285,shift_h,MX1,0.01474932188705691,search-dependent,300 380 425 500 550 MX2
lightskew_short_tight,power_0.84,7.9425132087992285,crew_veh_h,MX2,0.03672059794540594,search-dependent,500
lightskew_short_tight,power_0.84,7.9425132087992285,crew_team_h,MX2,0.016259788824139587,search-dependent,380 500 MX1
lightskew_short_tight,power_0.84,7.9425132087992285,shift_ot_h,MX1,0.013774625366381299,search-dependent,300 380 425 500 550 MX2
lightskew_short_tight,power_0.84,9.911784031052534,shift_h,MX1,0.017859315840540457,search-dependent,300 380 425 500 550 MX2
lightskew_short_tight,power_0.84,9.911784031052534,crew_veh_h,MX2,0.04701070469747193,search-dependent,500
lightskew_short_tight,power_0.84,9.911784031052534,crew_team_h,MX2,0.011792866850140138,search-dependent,300 380 425 500 MX1
lightskew_short_tight,power_0.84,9.911784031052534,shift_ot_h,MX1,0.01686181467197745,search-dependent,300 380 425 500 550 MX2
lightskew_short_tight,power_0.84,12.36931687685298,shift_h,MX1,0.021490418011995693,search-dependent,300 380 425 500 550 MX2
lightskew_short_tight,power_0.84,12.36931687685298,crew_veh_h,MX2,0.042641744611857435,certain,
lightskew_short_tight,power_0.84,12.36931687685298,crew_team_h,MX2,0.0066540054842088026,search-dependent,300 325 380 425 MX1
lightskew_short_tight,power_0.84,12.36931687685298,shift_ot_h,MX1,0.02047023965890382,search-dependent,300 380 425 500 550 MX2
lightskew_short_tight,power_0.84,15.436171684196077,shift_h,MX1,0.025673137195836748,search-dependent,300 380 425 500 550 MX2
lightskew_short_tight,power_0.84,15.436171684196077,crew_veh_h,MX2,0.034976426034111885,search-dependent,MX1
lightskew_short_tight,power_0.84,15.436171684196077,crew_team_h,MX2,0.0008342591474308492,search-dependent,300 325 380 425 MX1
lightskew_short_tight,power_0.84,15.436171684196077,shift_ot_h,MX1,0.024632118275545345,search-dependent,300 380 425 500 550 MX2
lightskew_short_tight,power_0.84,19.26342405455451,shift_h,MX1,0.030417054583407266,search-dependent,300 380 425 500 550 MX2
lightskew_short_tight,power_0.84,19.26342405455451,crew_veh_h,MX2,0.026448039370841725,search-dependent,MX1
lightskew_short_tight,power_0.84,19.26342405455451,crew_team_h,MX1,0.00567250147154863,search-dependent,300 325 380 425 MX2
lightskew_short_tight,power_0.84,19.26342405455451,shift_ot_h,MX1,0.02935925624464586,search-dependent,300 380 425 500 550 MX2
lightskew_short_tight,power_0.84,24.039607351964708,shift_h,MX1,0.035703661893242034,search-dependent,300 380 425 500 550 MX2
lightskew_short_tight,power_0.84,24.039607351964708,crew_veh_h,MX2,0.017144933121509887,search-dependent,380 MX1
lightskew_short_tight,power_0.84,24.039607351964708,crew_team_h,MX1,0.012866585351287707,search-dependent,300 325 380 425 MX2
lightskew_short_tight,power_0.84,24.039607351964708,shift_ot_h,MX1,0.03463577130319018,search-dependent,300 380 425 500 550 MX2
lightskew_short_tight,power_0.84,30.000000000000004,shift_h,MX1,0.04148080593468806,search-dependent,300 380 425 500 550 MX2
lightskew_short_tight,power_0.84,30.000000000000004,crew_veh_h,MX2,0.007212793316800026,search-dependent,380 425 MX1
lightskew_short_tight,power_0.84,30.000000000000004,crew_team_h,MX1,0.020661215394298438,search-dependent,300 325 380 425 MX2
lightskew_short_tight,power_0.84,30.000000000000004,shift_ot_h,MX1,0.040412287489876686,search-dependent,300 380 425 500 550 MX2
lightskew_short_tight,power_0.96,5.1,shift_h,MX1,0.01176870016943976,search-dependent,300 380 425 500 550 MX2
lightskew_short_tight,power_0.96,5.1,crew_veh_h,MX2,0.026584378818751864,search-dependent,500
lightskew_short_tight,power_0.96,5.1,crew_team_h,MX2,0.02115478603724652,search-dependent,500
lightskew_short_tight,power_0.96,5.1,shift_ot_h,MX1,0.010804443610815007,search-dependent,300 380 425 500 550 MX2
lightskew_short_tight,power_0.96,6.364496630910889,shift_h,MX1,0.01438453246964766,search-dependent,300 380 425 500 550 MX2
lightskew_short_tight,power_0.96,6.364496630910889,crew_veh_h,MX2,0.035352793874824595,search-dependent,500
lightskew_short_tight,power_0.96,6.364496630910889,crew_team_h,MX2,0.017454996017177926,search-dependent,MX1
lightskew_short_tight,power_0.96,6.364496630910889,shift_ot_h,MX1,0.013394330429730594,search-dependent,300 380 425 500 550 MX2
lightskew_short_tight,power_0.96,7.9425132087992285,shift_h,MX1,0.017501766425678245,search-dependent,300 380 425 500 550 MX2
lightskew_short_tight,power_0.96,7.9425132087992285,crew_veh_h,MX2,0.04567957242343934,certain,
lightskew_short_tight,power_0.96,7.9425132087992285,crew_team_h,MX2,0.013097761588207968,search-dependent,300 380 MX1
lightskew_short_tight,power_0.96,7.9425132087992285,shift_ot_h,MX1,0.016483114320855474,search-dependent,300 380 425 500 550 MX2
lightskew_short_tight,power_0.96,9.911784031052534,shift_h,MX1,0.02117965578386327,search-dependent,300 380 425 500 550 MX2
lightskew_short_tight,power_0.96,9.911784031052534,crew_veh_h,MX2,0.04536971627125852,certain,
lightskew_short_tight,power_0.96,9.911784031052534,crew_team_h,MX2,0.008027806862569209,search-dependent,300 325 380 MX1
lightskew_short_tight,power_0.96,9.911784031052534,shift_ot_h,MX1,0.02013089341983476,search-dependent,300 380 425 500 550 MX2
lightskew_short_tight,power_0.96,12.36931687685298,shift_h,MX1,0.025468333603987148,search-dependent,300 380 425 500 550 MX2
lightskew_short_tight,power_0.96,12.36931687685298,crew_veh_h,MX2,0.0378845300585704,certain,
lightskew_short_tight,power_0.96,12.36931687685298,crew_team_h,MX2,0.0022107233749311117,search-dependent,300 325 380 425 MX1
lightskew_short_tight,power_0.96,12.36931687685298,shift_ot_h,MX1,0.024389193566556555,search-dependent,300 380 425 500 550 MX2
lightskew_short_tight,power_0.96,15.436171684196077,shift_h,MX1,0.03040122729121797,search-dependent,300 380 425 500 550 MX2
lightskew_short_tight,power_0.96,15.436171684196077,crew_veh_h,MX2,0.0294329759626486,search-dependent,MX1
lightskew_short_tight,power_0.96,15.436171684196077,crew_team_h,MX1,0.0043762064103036735,search-dependent,300 325 380 425 MX2
lightskew_short_tight,power_0.96,15.436171684196077,shift_ot_h,MX1,0.029293459392704335,search-dependent,300 380 425 500 550 MX2
lightskew_short_tight,power_0.96,19.26342405455451,shift_h,MX1,0.03598653908953908,search-dependent,300 380 425 500 550 MX2
lightskew_short_tight,power_0.96,19.26342405455451,crew_veh_h,MX2,0.020061741823754087,search-dependent,MX1
lightskew_short_tight,power_0.96,19.26342405455451,crew_team_h,MX1,0.01177648703503742,search-dependent,300 325 380 MX2
lightskew_short_tight,power_0.96,19.26342405455451,shift_ot_h,MX1,0.03485452686686874,search-dependent,300 380 425 500 550 MX2
lightskew_short_tight,power_0.96,24.039607351964708,shift_h,MX1,0.042199015293050035,search-dependent,300 380 425 500 550 MX2
lightskew_short_tight,power_0.96,24.039607351964708,crew_veh_h,MX2,0.009877352506255654,search-dependent,380 MX1
lightskew_short_tight,power_0.96,24.039607351964708,crew_team_h,MX1,0.019943199440725534,search-dependent,300 325 380 MX2
lightskew_short_tight,power_0.96,24.039607351964708,shift_ot_h,MX1,0.0410502529589567,search-dependent,300 380 425 500 550 MX2
lightskew_short_tight,power_0.96,30.000000000000004,shift_h,MX1,0.04897378328405133,search-dependent,300 380 425 500 550 MX2
lightskew_short_tight,power_0.96,30.000000000000004,crew_veh_h,MX1,0.0009529089227318099,search-dependent,380 MX2
lightskew_short_tight,power_0.96,30.000000000000004,crew_team_h,MX1,0.028772565575995612,search-dependent,300 325 380 MX2
lightskew_short_tight,power_0.96,30.000000000000004,shift_ot_h,MX1,0.04781905123533403,search-dependent,300 380 425 500 550 MX2
liu_long_baseline,affine,5.1,shift_h,425,0.014720251274813467,search-dependent,500 550
liu_long_baseline,affine,5.1,crew_veh_h,425,0.014702543938497792,certain,
liu_long_baseline,affine,5.1,crew_team_h,425,0.014702543938497792,certain,
liu_long_baseline,affine,5.1,shift_ot_h,425,0.013918303636192064,search-dependent,500 550
liu_long_baseline,affine,6.364496630910889,shift_h,425,0.017916956583133636,search-dependent,500 550
liu_long_baseline,affine,6.364496630910889,crew_veh_h,425,0.017895934765174593,certain,
liu_long_baseline,affine,6.364496630910889,crew_team_h,425,0.017895934765174593,certain,
liu_long_baseline,affine,6.364496630910889,shift_ot_h,425,0.01696364677755602,search-dependent,500 550
liu_long_baseline,affine,7.9425132087992285,shift_h,425,0.02169169628512191,search-dependent,500 550
liu_long_baseline,affine,7.9425132087992285,crew_veh_h,425,0.021667004633086906,certain,
liu_long_baseline,affine,7.9425132087992285,crew_team_h,425,0.021667004633086906,certain,
liu_long_baseline,affine,7.9425132087992285,shift_ot_h,425,0.020570222276505623,search-dependent,500 550
liu_long_baseline,affine,9.911784031052534,shift_h,425,0.02609753227479672,search-dependent,500 550
liu_long_baseline,affine,9.911784031052534,crew_veh_h,425,0.02606889142638824,certain,
liu_long_baseline,affine,9.911784031052534,crew_team_h,425,0.02606889142638824,certain,
liu_long_baseline,affine,9.911784031052534,shift_ot_h,425,0.024794321962118504,search-dependent,500 550
liu_long_baseline,affine,12.36931687685298,shift_h,425,0.03117081525734644,search-dependent,500 550
liu_long_baseline,affine,12.36931687685298,crew_veh_h,425,0.031138072904865366,certain,
liu_long_baseline,affine,12.36931687685298,crew_team_h,425,0.031138072904865366,certain,
liu_long_baseline,affine,12.36931687685298,shift_ot_h,425,0.029677850527935368,search-dependent,500 550
liu_long_baseline,affine,15.436171684196077,shift_h,425,0.03692237112421726,search-dependent,500 550
liu_long_baseline,affine,15.436171684196077,crew_veh_h,425,0.03688555635993529,certain,
liu_long_baseline,affine,15.436171684196077,crew_team_h,425,0.03688555635993529,certain,
liu_long_baseline,affine,15.436171684196077,shift_ot_h,425,0.035239708865811625,search-dependent,500 550
liu_long_baseline,affine,19.26342405455451,shift_h,425,0.04332886836011407,search-dependent,500 550
liu_long_baseline,affine,19.26342405455451,crew_veh_h,425,0.04328823998134679,certain,
liu_long_baseline,affine,19.26342405455451,crew_team_h,425,0.04328823998134679,certain,
liu_long_baseline,affine,19.26342405455451,shift_ot_h,425,0.04146695008641865,search-dependent,500 550
liu_long_baseline,affine,24.039607351964708,shift_h,425,0.050326178597214444,search-dependent,500 550
liu_long_baseline,affine,24.039607351964708,crew_veh_h,425,0.05028225508760764,certain,
liu_long_baseline,affine,24.039607351964708,crew_team_h,425,0.05028225508760764,certain,
liu_long_baseline,affine,24.039607351964708,shift_ot_h,425,0.048307372267704096,search-dependent,500 550
liu_long_baseline,affine,30.000000000000004,shift_h,425,0.057806822783515566,search-dependent,500 550
liu_long_baseline,affine,30.000000000000004,crew_veh_h,425,0.05776038156550367,certain,
liu_long_baseline,affine,30.000000000000004,crew_team_h,425,0.05776038156550367,certain,
liu_long_baseline,affine,30.000000000000004,shift_ot_h,425,0.05566561166538575,search-dependent,500 550
liu_long_baseline,piecewise,5.1,shift_h,425,0.015935481591964784,search-dependent,500 550
liu_long_baseline,piecewise,5.1,crew_veh_h,425,0.015916362020405916,certain,
liu_long_baseline,piecewise,5.1,crew_team_h,425,0.015916362020405916,certain,
liu_long_baseline,piecewise,5.1,shift_ot_h,425,0.015069455712452218,search-dependent,500 550
liu_long_baseline,piecewise,6.364496630910889,shift_h,425,0.019385186456014836,search-dependent,500 550
liu_long_baseline,piecewise,6.364496630910889,crew_veh_h,425,0.019362513560470695,certain,
liu_long_baseline,piecewise,6.364496630910889,crew_team_h,425,0.019362513560470695,certain,
liu_long_baseline,piecewise,6.364496630910889,shift_ot_h,425,0.018356834000936795,search-dependent,500 550
liu_long_baseline,piecewise,7.9425132087992285,shift_h,425,0.023453682577825985,search-dependent,500 550
liu_long_baseline,piecewise,7.9425132087992285,crew_veh_h,425,0.023427086921219864,certain,
liu_long_baseline,piecewise,7.9425132087992285,crew_team_h,425,0.023427086921219864,certain,
liu_long_baseline,piecewise,7.9425132087992285,shift_ot_h,425,0.022245497395667835,search-dependent,500 550
liu_long_baseline,piecewise,9.911784031052534,shift_h,425,0.02819556577963689,search-dependent,500 550
liu_long_baseline,piecewise,9.911784031052534,crew_veh_h,425,0.028164764097717176,certain,
liu_long_baseline,piecewise,9.911784031052534,crew_team_h,425,0.028164764097717176,certain,
liu_long_baseline,piecewise,9.911784031052534,shift_ot_h,425,0.026793719858648757,search-dependent,500 550
liu_long_baseline,piecewise,12.36931687685298,shift_h,425,0.03364672284226122,search-dependent,500 550
liu_long_baseline,piecewise,12.36931687685298,crew_veh_h,425,0.03361157285097738,certain,
liu_long_baseline,piecewise,12.36931687685298,crew_team_h,425,0.03361157285097738,certain,
liu_long_baseline,piecewise,12.36931687685298,shift_ot_h,425,0.03204356540127962,search-dependent,500 550
liu_long_baseline,piecewise,15.436171684196077,shift_h,425,0.03981494684782172,search-dependent,500 550
liu_long_baseline,piecewise,15.436171684196077,crew_veh_h,425,0.03977550460807189,certain,
liu_long_baseline,piecewise,15.436171684196077,crew_team_h,425,0.03977550460807189,certain,
liu_long_baseline,piecewise,15.436171684196077,shift_ot_h,425,0.03801167249595938,search-dependent,500 550
liu_long_baseline,piecewise,19.26342405455451,shift_h,425,0.04667093360776953,search-dependent,500 550
liu_long_baseline,piecewise,19.26342405455451,crew_veh_h,425,0.046627503141280835,certain,
liu_long_baseline,piecewise,19.26342405455451,crew_team_h,425,0.046627503141280835,certain,
liu_long_baseline,piecewise,19.26342405455451,shift_ot_h,425,0.044679966306703234,search-dependent,500 550
liu_long_baseline,piecewise,24.039607351964708,shift_h,425,0.05414163368349345,search-dependent,500 550
liu_long_baseline,piecewise,24.039607351964708,crew_veh_h,425,0.054094795633993,certain,
liu_long_baseline,piecewise,24.039607351964708,crew_team_h,425,0.054094795633993,certain,
liu_long_baseline,piecewise,24.039607351964708,shift_ot_h,425,0.05198812595066893,search-dependent,500 550
liu_long_baseline,piecewise,30.000000000000004,shift_h,425,0.062108172537772566,search-dependent,500 550
liu_long_baseline,piecewise,30.000000000000004,crew_veh_h,425,0.062058779009086296,certain,
liu_long_baseline,piecewise,30.000000000000004,crew_team_h,425,0.062058779009086296,certain,
liu_long_baseline,piecewise,30.000000000000004,shift_ot_h,425,0.059830009229913994,search-dependent,500 550
liu_long_baseline,power_0.72,5.1,shift_h,425,0.012349076268830084,search-dependent,500 550
liu_long_baseline,power_0.72,5.1,crew_veh_h,425,0.012334179946543955,search-dependent,500
liu_long_baseline,power_0.72,5.1,crew_team_h,425,0.012334179946543955,search-dependent,500
liu_long_baseline,power_0.72,5.1,shift_ot_h,425,0.011674536758698117,search-dependent,500 550
liu_long_baseline,power_0.72,6.364496630910889,shift_h,425,0.015039945955546141,search-dependent,500 550
liu_long_baseline,power_0.72,6.364496630910889,crew_veh_h,425,0.015022239917569902,search-dependent,500
liu_long_baseline,power_0.72,6.364496630910889,crew_team_h,425,0.015022239917569902,search-dependent,500
liu_long_baseline,power_0.72,6.364496630910889,shift_ot_h,425,0.014237143807697361,search-dependent,500 550
liu_long_baseline,power_0.72,7.9425132087992285,shift_h,425,0.01822158102609417,search-dependent,500 550
liu_long_baseline,power_0.72,7.9425132087992285,crew_veh_h,425,0.018200754253283158,search-dependent,500
liu_long_baseline,power_0.72,7.9425132087992285,crew_team_h,425,0.018200754253283158,search-dependent,500
liu_long_baseline,power_0.72,7.9425132087992285,shift_ot_h,425,0.017275843109098687,search-dependent,500 550
liu_long_baseline,power_0.72,9.911784031052534,shift_h,425,0.02194091255046393,search-dependent,500 550
liu_long_baseline,power_0.72,9.911784031052534,crew_veh_h,425,0.021916714365812773,search-dependent,500
liu_long_baseline,power_0.72,9.911784031052534,crew_team_h,425,0.021916714365812773,search-dependent,500
liu_long_baseline,power_0.72,9.911784031052534,shift_ot_h,425,0.020840117523657886,search-dependent,500 550
liu_long_baseline,power_0.72,12.36931687685298,shift_h,425,0.026231397446737637,search-dependent,500 550
liu_long_baseline,power_0.72,12.36931687685298,crew_veh_h,425,0.026203680684666386,search-dependent,500
liu_long_baseline,power_0.72,12.36931687685298,crew_team_h,425,0.026203680684666386,search-dependent,500
liu_long_baseline,power_0.72,12.36931687685298,shift_ot_h,425,0.02496793655506102,search-dependent,500 550
liu_long_baseline,power_0.72,15.436171684196077,shift_h,425,0.031105504394480565,search-dependent,500 550
liu_long_baseline,power_0.72,15.436171684196077,crew_veh_h,425,0.0310742721571744,search-dependent,500
liu_long_baseline,power_0.72,15.436171684196077,crew_team_h,425,0.0310742721571744,search-dependent,500
liu_long_baseline,power_0.72,15.436171684196077,shift_ot_h,425,0.029678444434104057,search-dependent,500 550
liu_long_baseline,power_0.72,19.26342405455451,shift_h,425,0.036547194210421186,search-dependent,500 550
liu_long_baseline,power_0.72,19.26342405455451,crew_veh_h,425,0.03651264259914799,search-dependent,500
liu_long_baseline,power_0.72,19.26342405455451,crew_team_h,425,0.03651264259914799,search-dependent,500
liu_long_baseline,power_0.72,19.26342405455451,shift_ot_h,425,0.03496431066128314,search-dependent,500 550
liu_long_baseline,power_0.72,24.039607351964708,shift_h,425,0.04250589877576649,search-dependent,500 550
liu_long_baseline,power_0.72,24.039607351964708,crew_veh_h,425,0.042468445252462406,search-dependent,500
liu_long_baseline,power_0.72,24.039607351964708,crew_team_h,425,0.042468445252462406,search-dependent,500
liu_long_baseline,power_0.72,24.039607351964708,shift_ot_h,425,0.04078511248525207,search-dependent,500 550
liu_long_baseline,power_0.72,30.000000000000004,shift_h,425,0.048893792001764025,search-dependent,500 550
liu_long_baseline,power_0.72,30.000000000000004,crew_veh_h,425,0.04885407853729817,search-dependent,500
liu_long_baseline,power_0.72,30.000000000000004,crew_team_h,425,0.04885407853729817,search-dependent,500
liu_long_baseline,power_0.72,30.000000000000004,shift_ot_h,425,0.047063501035515376,search-dependent,500 550
liu_long_baseline,power_0.84,5.1,shift_h,425,0.0152805174146593,search-dependent,500 550
liu_long_baseline,power_0.84,5.1,crew_veh_h,425,0.015262186885074192,certain,
liu_long_baseline,power_0.84,5.1,crew_team_h,425,0.015262186885074192,certain,
liu_long_baseline,power_0.84,5.1,shift_ot_h,425,0.01445022366123161,search-dependent,500 550
liu_long_baseline,power_0.84,6.364496630910889,shift_h,425,0.018587730922017043,search-dependent,500 550
liu_long_baseline,power_0.84,6.364496630910889,crew_veh_h,425,0.018565995357979093,certain,
liu_long_baseline,power_0.84,6.364496630910889,crew_team_h,425,0.018565995357979093,certain,
liu_long_baseline,power_0.84,6.364496630910889,shift_ot_h,425,0.01760188119878814,search-dependent,500 550
liu_long_baseline,power_0.84,7.9425132087992285,shift_h,425,0.02248785387580532,search-dependent,500 550
liu_long_baseline,power_0.84,7.9425132087992285,crew_veh_h,425,0.02246236000331714,certain,
liu_long_baseline,power_0.84,7.9425132087992285,crew_team_h,425,0.02246236000331714,certain,
liu_long_baseline,power_0.84,7.9425132087992285,shift_ot_h,425,0.021329705401558652,search-dependent,500 550
liu_long_baseline,power_0.84,9.911784031052534,shift_h,425,0.027033055747785584,search-dependent,500 550
liu_long_baseline,power_0.84,9.911784031052534,crew_veh_h,425,0.027003533170926852,certain,
liu_long_baseline,power_0.84,9.911784031052534,crew_team_h,425,0.027003533170926852,certain,
liu_long_baseline,power_0.84,9.911784031052534,shift_ot_h,425,0.025689404193882437,search-dependent,500 550
liu_long_baseline,power_0.84,12.36931687685298,shift_h,425,0.032257527101905215,search-dependent,500 550
liu_long_baseline,power_0.84,12.36931687685298,crew_veh_h,425,0.03222384082455054,certain,
liu_long_baseline,power_0.84,12.36931687685298,crew_team_h,425,0.03222384082455054,certain,
liu_long_baseline,power_0.84,12.36931687685298,shift_ot_h,425,0.03072110176737919,search-dependent,500 550
liu_long_baseline,power_0.84,15.436171684196077,shift_h,425,0.03816849117612131,search-dependent,500 550
liu_long_baseline,power_0.84,15.436171684196077,crew_veh_h,425,0.0381306965118795,certain,
liu_long_baseline,power_0.84,15.436171684196077,crew_team_h,425,0.0381306965118795,certain,
liu_long_baseline,power_0.84,15.436171684196077,shift_ot_h,425,0.0364405094347513,search-dependent,500 550
liu_long_baseline,power_0.84,19.26342405455451,shift_h,425,0.04473759272825251,search-dependent,500 550
liu_long_baseline,power_0.84,19.26342405455451,crew_veh_h,425,0.044695982703145676,certain,
liu_long_baseline,power_0.84,19.26342405455451,crew_team_h,425,0.044695982703145676,certain,
liu_long_baseline,power_0.84,19.26342405455451,shift_ot_h,425,0.042830038434198636,search-dependent,500 550
liu_long_baseline,power_0.84,24.039607351964708,shift_h,425,0.05189455811380861,search-dependent,500 550
liu_long_baseline,power_0.84,24.039607351964708,crew_veh_h,425,0.05184969070596179,certain,
liu_long_baseline,power_0.84,24.039607351964708,crew_team_h,425,0.05184969070596179,certain,
liu_long_baseline,power_0.84,24.039607351964708,shift_ot_h,425,0.04983160826813826,search-dependent,500 550
liu_long_baseline,power_0.84,30.000000000000004,shift_h,425,0.0595252445701,search-dependent,500 550
liu_long_baseline,power_0.84,30.000000000000004,crew_veh_h,425,0.05947793748437524,certain,
liu_long_baseline,power_0.84,30.000000000000004,crew_team_h,425,0.05947793748437524,certain,
liu_long_baseline,power_0.84,30.000000000000004,shift_ot_h,425,0.057343260217001646,search-dependent,500 550
liu_long_baseline,power_0.96,5.1,shift_h,425,0.018517405188925418,search-dependent,500 550
liu_long_baseline,power_0.96,5.1,crew_veh_h,425,0.018495320608767685,certain,
liu_long_baseline,power_0.96,5.1,crew_team_h,425,0.018495320608767685,certain,
liu_long_baseline,power_0.96,5.1,shift_ot_h,425,0.017516760201054193,search-dependent,500 550
liu_long_baseline,power_0.96,6.364496630910889,shift_h,425,0.02249689587528203,search-dependent,500 550
liu_long_baseline,power_0.96,6.364496630910889,crew_veh_h,425,0.02247077462796576,certain,
liu_long_baseline,power_0.96,6.364496630910889,crew_team_h,425,0.02247077462796576,certain,
liu_long_baseline,power_0.96,6.364496630910889,shift_ot_h,425,0.021311692797184145,search-dependent,500 550
liu_long_baseline,power_0.96,7.9425132087992285,shift_h,425,0.027176993190682897,search-dependent,500 550
liu_long_baseline,power_0.96,7.9425132087992285,crew_veh_h,425,0.027146445824792087,certain,
liu_long_baseline,power_0.96,7.9425132087992285,crew_team_h,425,0.027146445824792087,certain,
liu_long_baseline,power_0.96,7.9425132087992285,shift_ot_h,425,0.025788675725444632,search-dependent,500 550
liu_long_baseline,power_0.96,9.911784031052534,shift_h,425,0.0326137384520544,search-dependent,500 550
liu_long_baseline,power_0.96,9.911784031052534,crew_veh_h,425,0.03257848537966823,certain,
liu_long_baseline,power_0.96,9.911784031052534,crew_team_h,425,0.03257848537966823,certain,
liu_long_baseline,power_0.96,9.911784031052534,shift_ot_h,425,0.031008478058492495,search-dependent,500 550
liu_long_baseline,power_0.96,12.36931687685298,shift_h,425,0.0388399241128603,search-dependent,500 550
liu_long_baseline,power_0.96,12.36931687685298,crew_veh_h,425,0.03879985773151429,certain,
liu_long_baseline,power_0.96,12.36931687685298,crew_team_h,425,0.03879985773151429,certain,
liu_long_baseline,power_0.96,12.36931687685298,shift_ot_h,425,0.037011465136666866,search-dependent,500 550
liu_long_baseline,power_0.96,15.436171684196077,shift_h,425,0.045854655265022304,search-dependent,500 550
liu_long_baseline,power_0.96,15.436171684196077,crew_veh_h,425,0.04580990243239569,certain,
liu_long_baseline,power_0.96,15.436171684196077,crew_team_h,425,0.04580990243239569,certain,
liu_long_baseline,power_0.96,15.436171684196077,shift_ot_h,425,0.04380723966778044,search-dependent,500 550
liu_long_baseline,power_0.96,19.26342405455451,shift_h,425,0.05361383154694144,search-dependent,500 550
liu_long_baseline,power_0.96,19.26342405455451,crew_veh_h,425,0.05356480399479313,certain,
liu_long_baseline,power_0.96,19.26342405455451,crew_team_h,425,0.05356480399479313,certain,
liu_long_baseline,power_0.96,19.26342405455451,shift_ot_h,425,0.05136465263988721,search-dependent,500 550
liu_long_baseline,power_0.96,24.039607351964708,shift_h,425,0.06202385163809354,search-dependent,500 550
liu_long_baseline,power_0.96,24.039607351964708,crew_veh_h,425,0.06197126939795439,certain,
liu_long_baseline,power_0.96,24.039607351964708,crew_team_h,425,0.06197126939795439,certain,
liu_long_baseline,power_0.96,24.039607351964708,shift_ot_h,425,0.05960435169111067,search-dependent,500 550
liu_long_baseline,power_0.96,30.000000000000004,shift_h,425,0.07094094402941997,search-dependent,500 550
liu_long_baseline,power_0.96,30.000000000000004,crew_veh_h,425,0.07088581854774789,certain,
liu_long_baseline,power_0.96,30.000000000000004,crew_team_h,425,0.07088581854774789,certain,
liu_long_baseline,power_0.96,30.000000000000004,shift_ot_h,425,0.0683963137499477,search-dependent,500 550
liu_long_tight,affine,5.1,shift_h,425,0.014720251274813467,search-dependent,500 550
liu_long_tight,affine,5.1,crew_veh_h,425,0.016167462837598734,certain,
liu_long_tight,affine,5.1,crew_team_h,425,0.016167462837598734,certain,
liu_long_tight,affine,5.1,shift_ot_h,425,0.014574515380131325,search-dependent,500 550
liu_long_tight,affine,6.364496630910889,shift_h,425,0.017916956583133414,search-dependent,500 550
liu_long_tight,affine,6.364496630910889,crew_veh_h,425,0.019630852505068574,certain,
liu_long_tight,affine,6.364496630910889,crew_team_h,425,0.019630852505068574,certain,
liu_long_tight,affine,6.364496630910889,shift_ot_h,425,0.017743904538888744,search-dependent,500 550
liu_long_tight,affine,7.9425132087992285,shift_h,425,0.02169169628512213,search-dependent,500 550
liu_long_tight,affine,7.9425132087992285,crew_veh_h,425,0.023698987915834913,certain,
liu_long_tight,affine,7.9425132087992285,crew_team_h,425,0.023698987915834913,certain,
liu_long_tight,affine,7.9425132087992285,shift_ot_h,425,0.021488382578491505,search-dependent,500 550
liu_long_tight,affine,9.911784031052534,shift_h,425,0.02609753227479672,search-dependent,500 550
liu_long_tight,affine,9.911784031052534,crew_veh_h,425,0.028418062228396268,certain,
liu_long_tight,affine,9.911784031052534,crew_team_h,425,0.028418062228396268,certain,
liu_long_tight,affine,9.911784031052534,shift_ot_h,425,0.02586163067865055,search-dependent,500 550
liu_long_tight,affine,12.36931687685298,shift_h,425,0.03117081525734622,search-dependent,500 550
liu_long_tight,affine,12.36931687685298,crew_veh_h,425,0.033813449305004184,certain,
liu_long_tight,affine,12.36931687685298,crew_team_h,425,0.033813449305004184,certain,
liu_long_tight,affine,12.36931687685298,shift_ot_h,425,0.030901039514920292,search-dependent,500 550
liu_long_tight,affine,15.436171684196077,shift_h,425,0.03692237112421748,search-dependent,500 550
liu_long_tight,affine,15.436171684196077,crew_veh_h,425,0.03988078393688177,certain,
liu_long_tight,affine,15.436171684196077,crew_team_h,425,0.03988078393688177,certain,
liu_long_tight,affine,15.436171684196077,shift_ot_h,425,0.03661892407121936,search-dependent,500 550
liu_long_tight,affine,19.26342405455451,shift_h,425,0.04332886836011407,search-dependent,500 550
liu_long_tight,affine,19.26342405455451,crew_veh_h,425,0.046578020071483595,certain,
liu_long_tight,affine,19.26342405455451,crew_team_h,425,0.046578020071483595,certain,
liu_long_tight,affine,19.26342405455451,shift_ot_h,425,0.04299384314833454,search-dependent,500 550
liu_long_tight,affine,24.039607351964708,shift_h,425,0.050326178597214,search-dependent,500 550
liu_long_tight,affine,24.039607351964708,crew_veh_h,425,0.05382047048143024,certain,
liu_long_tight,affine,24.039607351964708,crew_team_h,425,0.05382047048143024,certain,
liu_long_tight,affine,24.039607351964708,shift_ot_h,425,0.049963810878709713,search-dependent,500 550
liu_long_tight,affine,30.000000000000004,shift_h,425,0.05780682278351579,search-dependent,500 550
liu_long_tight,affine,30.000000000000004,crew_veh_h,425,0.061480853998293616,certain,
liu_long_tight,affine,30.000000000000004,crew_team_h,425,0.061480853998293616,certain,
liu_long_tight,affine,30.000000000000004,shift_ot_h,425,0.05742349102786615,search-dependent,500 550
liu_long_tight,piecewise,5.1,shift_h,425,0.015935481591964784,search-dependent,500 550
liu_long_tight,piecewise,5.1,crew_veh_h,425,0.01749771171204695,certain,
liu_long_tight,piecewise,5.1,crew_team_h,425,0.01749771171204695,certain,
liu_long_tight,piecewise,5.1,shift_ot_h,425,0.015778119095797738,search-dependent,500 550
liu_long_tight,piecewise,6.364496630910889,shift_h,425,0.019385186456014836,search-dependent,500 550
liu_long_tight,piecewise,6.364496630910889,crew_veh_h,425,0.021233129880533053,certain,
liu_long_tight,piecewise,6.364496630910889,crew_team_h,425,0.021233129880533053,certain,
liu_long_tight,piecewise,6.364496630910889,shift_ot_h,425,0.019198537716132114,search-dependent,500 550
liu_long_tight,piecewise,7.9425132087992285,shift_h,425,0.023453682577825985,search-dependent,500 550
liu_long_tight,piecewise,7.9425132087992285,crew_veh_h,425,0.02561498715284327,certain,
liu_long_tight,piecewise,7.9425132087992285,crew_team_h,425,0.02561498715284327,certain,
liu_long_tight,piecewise,7.9425132087992285,shift_ot_h,425,0.023234684218634394,search-dependent,500 550
liu_long_tight,piecewise,9.911784031052534,shift_h,425,0.02819556577963689,search-dependent,500 550
liu_long_tight,piecewise,9.911784031052534,crew_veh_h,425,0.03069014097395284,certain,
liu_long_tight,piecewise,9.911784031052534,crew_team_h,425,0.03069014097395284,certain,
liu_long_tight,piecewise,9.911784031052534,shift_ot_h,425,0.027941857149528904,search-dependent,500 550
liu_long_tight,piecewise,12.36931687685298,shift_h,425,0.03364672284226122,search-dependent,500 550
liu_long_tight,piecewise,12.36931687685298,crew_veh_h,425,0.03648234622522706,certain,
liu_long_tight,piecewise,12.36931687685298,crew_team_h,425,0.03648234622522706,certain,
liu_long_tight,piecewise,12.36931687685298,shift_ot_h,425,0.03335709767260853,search-dependent,500 550
liu_long_tight,piecewise,15.436171684196077,shift_h,425,0.03981494684782194,search-dependent,500 550
liu_long_tight,piecewise,15.436171684196077,crew_veh_h,425,0.04298283885923615,certain,
liu_long_tight,piecewise,15.436171684196077,crew_team_h,425,0.04298283885923615,certain,
liu_long_tight,piecewise,15.436171684196077,shift_ot_h,425,0.0394898275364981,search-dependent,500 550
liu_long_tight,piecewise,19.26342405455451,shift_h,425,0.046670933607769305,search-dependent,500 550
liu_long_tight,piecewise,19.26342405455451,crew_veh_h,425,0.05014217576451774,certain,
liu_long_tight,piecewise,19.26342405455451,crew_team_h,425,0.05014217576451774,certain,
liu_long_tight,piecewise,19.26342405455451,shift_ot_h,425,0.046312783671488944,search-dependent,500 550
liu_long_tight,piecewise,24.039607351964708,shift_h,425,0.05414163368349323,search-dependent,500 550
liu_long_tight,piecewise,24.039607351964708,crew_veh_h,425,0.0578654848566722,certain,
liu_long_tight,piecewise,24.039607351964708,crew_team_h,425,0.0578654848566722,certain,
liu_long_tight,piecewise,24.039607351964708,shift_ot_h,425,0.05375519957344288,search-dependent,500 550
liu_long_tight,piecewise,30.000000000000004,shift_h,425,0.062108172537772344,search-dependent,500 550
liu_long_tight,piecewise,30.000000000000004,crew_veh_h,425,0.06601322793001319,certain,
liu_long_tight,piecewise,30.000000000000004,crew_team_h,425,0.06601322793001319,certain,
liu_long_tight,piecewise,30.000000000000004,shift_ot_h,425,0.061700448043196854,search-dependent,500 550
liu_long_tight,power_0.72,5.1,shift_h,425,0.012349076268830306,search-dependent,500 550
liu_long_tight,power_0.72,5.1,crew_veh_h,425,0.013566882665998481,search-dependent,500
liu_long_tight,power_0.72,5.1,crew_team_h,425,0.013566882665998481,search-dependent,500
liu_long_tight,power_0.72,5.1,shift_ot_h,425,0.012226478706733879,search-dependent,500 550
liu_long_tight,power_0.72,6.364496630910889,shift_h,425,0.01503994595554592,search-dependent,500 550
liu_long_tight,power_0.72,6.364496630910889,crew_veh_h,425,0.016483982721275048,search-dependent,500
liu_long_tight,power_0.72,6.364496630910889,crew_team_h,425,0.016483982721275048,search-dependent,500
liu_long_tight,power_0.72,6.364496630910889,shift_ot_h,425,0.014894193676880052,search-dependent,500 550
liu_long_tight,power_0.72,7.9425132087992285,shift_h,425,0.01822158102609417,search-dependent,500 550
liu_long_tight,power_0.72,7.9425132087992285,crew_veh_h,425,0.019915331952822246,search-dependent,500
liu_long_tight,power_0.72,7.9425132087992285,crew_team_h,425,0.019915331952822246,search-dependent,500
liu_long_tight,power_0.72,7.9425132087992285,shift_ot_h,425,0.01805009695261317,search-dependent,500 550
liu_long_tight,power_0.72,9.911784031052534,shift_h,425,0.02194091255046393,search-dependent,500 550
liu_long_tight,power_0.72,9.911784031052534,crew_veh_h,425,0.023902364168383317,search-dependent,500
liu_long_tight,power_0.72,9.911784031052534,crew_team_h,425,0.023902364168383317,search-dependent,500
liu_long_tight,power_0.72,9.911784031052534,shift_ot_h,425,0.02174161098125693,search-dependent,500 550
liu_long_tight,power_0.72,12.36931687685298,shift_h,425,0.026231397446737637,search-dependent,500 550
liu_long_tight,power_0.72,12.36931687685298,crew_veh_h,425,0.0284695528825476,search-dependent,500
liu_long_tight,power_0.72,12.36931687685298,crew_team_h,425,0.0284695528825476,search-dependent,500
liu_long_tight,power_0.72,12.36931687685298,shift_ot_h,425,0.026003039583333276,search-dependent,500 550
liu_long_tight,power_0.72,15.436171684196077,shift_h,425,0.031105504394480565,search-dependent,500 550
liu_long_tight,power_0.72,15.436171684196077,crew_veh_h,425,0.03361673792535469,search-dependent,500
liu_long_tight,power_0.72,15.436171684196077,crew_team_h,425,0.03361673792535469,search-dependent,500
liu_long_tight,power_0.72,15.436171684196077,shift_ot_h,425,0.030848084568610323,search-dependent,500 550
liu_long_tight,power_0.72,19.26342405455451,shift_h,425,0.036547194210420964,search-dependent,500 550
liu_long_tight,power_0.72,19.26342405455451,crew_veh_h,425,0.03931210237822902,search-dependent,500
liu_long_tight,power_0.72,19.26342405455451,crew_team_h,425,0.03931210237822902,search-dependent,500
liu_long_tight,power_0.72,19.26342405455451,shift_ot_h,425,0.036262294519292526,search-dependent,500 550
liu_long_tight,power_0.72,24.039607351964708,shift_h,425,0.04250589877576627,search-dependent,500 550
liu_long_tight,power_0.72,24.039607351964708,crew_veh_h,425,0.04548748699298999,search-dependent,500
liu_long_tight,power_0.72,24.039607351964708,crew_team_h,425,0.04548748699298999,search-dependent,500
liu_long_tight,power_0.72,24.039607351964708,shift_ot_h,425,0.042196927006424856,search-dependent,500 550
liu_long_tight,power_0.72,30.000000000000004,shift_h,425,0.048893792001764025,search-dependent,500 550
liu_long_tight,power_0.72,30.000000000000004,crew_veh_h,425,0.05203781261051943,search-dependent,500
liu_long_tight,power_0.72,30.000000000000004,crew_team_h,425,0.05203781261051943,search-dependent,500
liu_long_tight,power_0.72,30.000000000000004,shift_ot_h,425,0.04856601305174979,search-dependent,500 550
liu_long_tight,power_0.84,5.1,shift_h,425,0.015280517414659522,search-dependent,500 550
liu_long_tight,power_0.84,5.1,crew_veh_h,425,0.01677825011418488,certain,
liu_long_tight,power_0.84,5.1,crew_team_h,425,0.01677825011418488,certain,
liu_long_tight,power_0.84,5.1,shift_ot_h,425,0.015129648852187039,search-dependent,500 550
liu_long_tight,power_0.84,6.364496630910889,shift_h,425,0.018587730922017043,search-dependent,500 550
liu_long_tight,power_0.84,6.364496630910889,crew_veh_h,425,0.020359241158527386,certain,
liu_long_tight,power_0.84,6.364496630910889,crew_team_h,425,0.020359241158527386,certain,
liu_long_tight,power_0.84,6.364496630910889,shift_ot_h,425,0.01840879819837471,search-dependent,500 550
liu_long_tight,power_0.84,7.9425132087992285,shift_h,425,0.02248785387580532,search-dependent,500 550
liu_long_tight,power_0.84,7.9425132087992285,crew_veh_h,425,0.02455957177582624,certain,
liu_long_tight,power_0.84,7.9425132087992285,crew_team_h,425,0.02455957177582624,certain,
liu_long_tight,power_0.84,7.9425132087992285,shift_ot_h,425,0.02227792756575453,search-dependent,500 550
liu_long_tight,power_0.84,9.911784031052534,shift_h,425,0.027033055747785584,search-dependent,500 550
liu_long_tight,power_0.84,9.911784031052534,crew_veh_h,425,0.029423972044331226,certain,
liu_long_tight,power_0.84,9.911784031052534,crew_team_h,425,0.029423972044331226,certain,
liu_long_tight,power_0.84,9.911784031052534,shift_ot_h,425,0.02678988230981827,search-dependent,500 550
liu_long_tight,power_0.84,12.36931687685298,shift_h,425,0.032257527101905215,search-dependent,500 550
liu_long_tight,power_0.84,12.36931687685298,crew_veh_h,425,0.03497498385735631,certain,
liu_long_tight,power_0.84,12.36931687685298,crew_team_h,425,0.03497498385735631,certain,
liu_long_tight,power_0.84,12.36931687685298,shift_ot_h,425,0.03197996171053186,search-dependent,500 550
liu_long_tight,power_0.84,15.436171684196077,shift_h,425,0.03816849117612131,search-dependent,500 550
liu_long_tight,power_0.84,15.436171684196077,crew_veh_h,425,0.04120394744273148,certain,
liu_long_tight,power_0.84,15.436171684196077,crew_team_h,425,0.04120394744273148,certain,
liu_long_tight,power_0.84,15.436171684196077,shift_ot_h,425,0.037856951723101995,search-dependent,500 550
liu_long_tight,power_0.84,19.26342405455451,shift_h,425,0.04473759272825251,search-dependent,500 550
liu_long_tight,power_0.84,19.26342405455451,crew_veh_h,425,0.04806320502807626,certain,
liu_long_tight,power_0.84,19.26342405455451,crew_team_h,425,0.04806320502807626,certain,
liu_long_tight,power_0.84,19.26342405455451,shift_ot_h,425,0.04439445389972185,search-dependent,500 550
liu_long_tight,power_0.84,24.039607351964708,shift_h,425,0.05189455811380883,search-dependent,500 550
liu_long_tight,power_0.84,24.039607351964708,crew_veh_h,425,0.05546158592929107,certain,
liu_long_tight,power_0.84,24.039607351964708,crew_team_h,425,0.05546158592929107,certain,
liu_long_tight,power_0.84,24.039607351964708,shift_ot_h,425,0.05152438126569825,search-dependent,500 550
liu_long_tight,power_0.84,30.000000000000004,shift_h,425,0.05952524457010022,search-dependent,500 550
liu_long_tight,power_0.84,30.000000000000004,crew_veh_h,425,0.0632651831217792,certain,
liu_long_tight,power_0.84,30.000000000000004,crew_team_h,425,0.0632651831217792,certain,
liu_long_tight,power_0.84,30.000000000000004,shift_ot_h,425,0.05913474131821084,search-dependent,500 550
liu_long_tight,power_0.96,5.1,shift_h,425,0.018517405188925418,search-dependent,500 550
liu_long_tight,power_0.96,5.1,crew_veh_h,425,0.020320830401894474,certain,
liu_long_tight,power_0.96,5.1,crew_team_h,425,0.020320830401894474,certain,
liu_long_tight,power_0.96,5.1,shift_ot_h,425,0.018335629927891173,search-dependent,500 550
liu_long_tight,power_0.96,6.364496630910889,shift_h,425,0.022496895875282252,search-dependent,500 550
liu_long_tight,power_0.96,6.364496630910889,crew_veh_h,425,0.02462440276711586,certain,
liu_long_tight,power_0.96,6.364496630910889,crew_team_h,425,0.02462440276711586,certain,
liu_long_tight,power_0.96,6.364496630910889,shift_ot_h,425,0.02228184624568552,search-dependent,500 550
liu_long_tight,power_0.96,7.9425132087992285,shift_h,425,0.02717699319068312,search-dependent,500 550
liu_long_tight,power_0.96,7.9425132087992285,crew_veh_h,425,0.029657402192927673,certain,
liu_long_tight,power_0.96,7.9425132087992285,crew_team_h,425,0.029657402192927673,certain,
liu_long_tight,power_0.96,7.9425132087992285,shift_ot_h,425,0.026925436885616216,search-dependent,500 550
liu_long_tight,power_0.96,9.911784031052534,shift_h,425,0.0326137384520544,search-dependent,500 550
liu_long_tight,power_0.96,9.911784031052534,crew_veh_h,425,0.03546613104582241,certain,
liu_long_tight,power_0.96,9.911784031052534,crew_team_h,425,0.03546613104582241,certain,
liu_long_tight,power_0.96,9.911784031052534,shift_ot_h,425,0.03232334021517613,search-dependent,500 550
liu_long_tight,power_0.96,12.36931687685298,shift_h,425,0.0388399241128603,search-dependent,500 550
liu_long_tight,power_0.96,12.36931687685298,crew_veh_h,425,0.04206870467094226,certain,
liu_long_tight,power_0.96,12.36931687685298,crew_team_h,425,0.04206870467094226,certain,
liu_long_tight,power_0.96,12.36931687685298,shift_ot_h,425,0.038509758046333165,search-dependent,500 550
liu_long_tight,power_0.96,15.436171684196077,shift_h,425,0.045854655265022304,search-dependent,500 550
liu_long_tight,power_0.96,15.436171684196077,crew_veh_h,425,0.049444793154418853,certain,
liu_long_tight,power_0.96,15.436171684196077,crew_team_h,425,0.049444793154418853,certain,
liu_long_tight,power_0.96,15.436171684196077,shift_ot_h,425,0.045485721917107425,search-dependent,500 550
liu_long_tight,power_0.96,19.26342405455451,shift_h,425,0.05361383154694144,search-dependent,500 550
liu_long_tight,power_0.96,19.26342405455451,crew_veh_h,425,0.05752732172219388,certain,
liu_long_tight,power_0.96,19.26342405455451,crew_team_h,425,0.05752732172219388,certain,
liu_long_tight,power_0.96,19.26342405455451,shift_ot_h,425,0.053209477916633885,search-dependent,500 550
liu_long_tight,power_0.96,24.039607351964708,shift_h,425,0.06202385163809354,search-dependent,500 550
liu_long_tight,power_0.96,24.039607351964708,crew_veh_h,425,0.06619856507989597,certain,
liu_long_tight,power_0.96,24.039607351964708,crew_team_h,425,0.06619856507989597,certain,
liu_long_tight,power_0.96,24.039607351964708,shift_ot_h,425,0.06158997092052698,search-dependent,500 550
liu_long_tight,power_0.96,30.000000000000004,shift_h,425,0.07094094402941997,search-dependent,500 550
liu_long_tight,power_0.96,30.000000000000004,crew_veh_h,425,0.07529281462927595,certain,
liu_long_tight,power_0.96,30.000000000000004,crew_team_h,425,0.07529281462927595,certain,
liu_long_tight,power_0.96,30.000000000000004,shift_ot_h,425,0.07048584427281801,search-dependent,500 550
liu_massdep_baseline,affine,5.1,shift_h,425,0.014720251274813467,search-dependent,500 550
liu_massdep_baseline,affine,5.1,crew_veh_h,425,0.015794810410378002,certain,
liu_massdep_baseline,affine,5.1,crew_team_h,425,0.015794810410378002,certain,
liu_massdep_baseline,affine,5.1,shift_ot_h,425,0.014270328690572986,search-dependent,500 550
liu_massdep_baseline,affine,6.364496630910889,shift_h,425,0.017916956583133636,search-dependent,500 550
liu_massdep_baseline,affine,6.364496630910889,crew_veh_h,425,0.0191903227776673,certain,
liu_massdep_baseline,affine,6.364496630910889,crew_team_h,425,0.0191903227776673,certain,
liu_massdep_baseline,affine,6.364496630910889,shift_ot_h,425,0.017382429843868952,search-dependent,500 550
liu_massdep_baseline,affine,7.9425132087992285,shift_h,425,0.02169169628512191,search-dependent,500 550
liu_massdep_baseline,affine,7.9425132087992285,crew_veh_h,425,0.02318413799697283,certain,
liu_massdep_baseline,affine,7.9425132087992285,crew_team_h,425,0.02318413799697283,certain,
liu_massdep_baseline,affine,7.9425132087992285,shift_ot_h,425,0.02106331806349626,search-dependent,500 550
liu_massdep_baseline,affine,9.911784031052534,shift_h,425,0.02609753227479672,search-dependent,500 550
liu_massdep_baseline,affine,9.911784031052534,crew_veh_h,425,0.027824337276321165,certain,
liu_massdep_baseline,affine,9.911784031052534,crew_team_h,425,0.027824337276321165,certain,
liu_massdep_baseline,affine,9.911784031052534,shift_ot_h,425,0.025367921453258058,search-dependent,500 550
liu_massdep_baseline,affine,12.36931687685298,shift_h,425,0.03117081525734644,search-dependent,500 550
liu_massdep_baseline,affine,12.36931687685298,crew_veh_h,425,0.03313922569214611,certain,
liu_massdep_baseline,affine,12.36931687685298,crew_team_h,425,0.03313922569214611,certain,
liu_massdep_baseline,affine,12.36931687685298,shift_ot_h,425,0.03033575835205582,search-dependent,500 550
liu_massdep_baseline,affine,15.436171684196077,shift_h,425,0.03692237112421726,search-dependent,500 550
liu_massdep_baseline,affine,15.436171684196077,crew_veh_h,425,0.039128409343925696,certain,
liu_massdep_baseline,affine,15.436171684196077,crew_team_h,425,0.039128409343925696,certain,
liu_massdep_baseline,affine,15.436171684196077,shift_ot_h,425,0.03598222203029566,search-dependent,500 550
liu_massdep_baseline,affine,19.26342405455451,shift_h,425,0.04332886836011407,search-dependent,500 550
liu_massdep_baseline,affine,19.26342405455451,crew_veh_h,425,0.045754639680461784,certain,
liu_massdep_baseline,affine,19.26342405455451,crew_team_h,425,0.045754639680461784,certain,
liu_massdep_baseline,affine,19.26342405455451,shift_ot_h,425,0.0422898136798695,search-dependent,500 550
liu_massdep_baseline,affine,24.039607351964708,shift_h,425,0.050326178597214444,search-dependent,500 550
liu_massdep_baseline,affine,24.039607351964708,crew_veh_h,425,0.052938389043730716,certain,
liu_massdep_baseline,affine,24.039607351964708,crew_team_h,425,0.052938389043730716,certain,
liu_massdep_baseline,affine,24.039607351964708,shift_ot_h,425,0.049201056174295044,search-dependent,500 550
liu_massdep_baseline,affine,30.000000000000004,shift_h,425,0.057806822783515566,search-dependent,500 550
liu_massdep_baseline,affine,30.000000000000004,crew_veh_h,425,0.06055721476797227,certain,
liu_massdep_baseline,affine,30.000000000000004,crew_team_h,425,0.06055721476797227,certain,
liu_massdep_baseline,affine,30.000000000000004,shift_ot_h,425,0.05661517080889733,search-dependent,500 550
liu_massdep_baseline,piecewise,5.1,shift_h,425,0.015935481591964784,search-dependent,500 550
liu_massdep_baseline,piecewise,5.1,crew_veh_h,425,0.017095518417413524,certain,
liu_massdep_baseline,piecewise,5.1,crew_team_h,425,0.017095518417413524,certain,
liu_massdep_baseline,piecewise,5.1,shift_ot_h,425,0.015449638820424827,search-dependent,500 550
liu_massdep_baseline,piecewise,6.364496630910889,shift_h,425,0.019385186456014836,search-dependent,500 550
liu_massdep_baseline,piecewise,6.364496630910889,crew_veh_h,425,0.0207582517177487,certain,
liu_massdep_baseline,piecewise,6.364496630910889,crew_team_h,425,0.0207582517177487,certain,
liu_massdep_baseline,piecewise,6.364496630910889,shift_ot_h,425,0.018808625307431326,search-dependent,500 550
liu_massdep_baseline,piecewise,7.9425132087992285,shift_h,425,0.023453682577825985,search-dependent,500 550
liu_massdep_baseline,piecewise,7.9425132087992285,crew_veh_h,425,0.025060779845582193,certain,
liu_massdep_baseline,piecewise,7.9425132087992285,crew_team_h,425,0.025060779845582193,certain,
liu_massdep_baseline,piecewise,7.9425132087992285,shift_ot_h,425,0.02277677749635676,search-dependent,500 550
liu_massdep_baseline,piecewise,9.911784031052534,shift_h,425,0.02819556577963689,search-dependent,500 550
liu_massdep_baseline,piecewise,9.911784031052534,crew_veh_h,425,0.030052078739286392,certain,
liu_massdep_baseline,piecewise,9.911784031052534,crew_team_h,425,0.030052078739286392,certain,
liu_massdep_baseline,piecewise,9.911784031052534,shift_ot_h,425,0.0274108122358927,search-dependent,500 550
liu_massdep_baseline,piecewise,12.36931687685298,shift_h,425,0.03364672284226122,search-dependent,500 550
liu_massdep_baseline,piecewise,12.36931687685298,crew_veh_h,425,0.035759134410167315,certain,
liu_massdep_baseline,piecewise,12.36931687685298,crew_team_h,425,0.035759134410167315,certain,
liu_massdep_baseline,piecewise,12.36931687685298,shift_ot_h,425,0.03275013559864859,search-dependent,500 550
liu_massdep_baseline,piecewise,15.436171684196077,shift_h,425,0.03981494684782172,search-dependent,500 550
liu_massdep_baseline,piecewise,15.436171684196077,crew_veh_h,425,0.04217750155747546,certain,
liu_massdep_baseline,piecewise,15.436171684196077,crew_team_h,425,0.04217750155747546,certain,
liu_massdep_baseline,piecewise,15.436171684196077,shift_ot_h,425,0.03880753965423889,search-dependent,500 550
liu_massdep_baseline,piecewise,19.26342405455451,shift_h,425,0.04667093360776953,search-dependent,500 550
liu_massdep_baseline,piecewise,19.26342405455451,crew_veh_h,425,0.0492628880037731,certain,
liu_massdep_baseline,piecewise,19.26342405455451,crew_team_h,425,0.0492628880037731,certain,
liu_massdep_baseline,piecewise,19.26342405455451,shift_ot_h,425,0.0455600224451953,search-dependent,500 550
liu_massdep_baseline,piecewise,24.039607351964708,shift_h,425,0.05414163368349345,search-dependent,500 550
liu_massdep_baseline,piecewise,24.039607351964708,crew_veh_h,425,0.05692588383889885,certain,
liu_massdep_baseline,piecewise,24.039607351964708,crew_team_h,425,0.05692588383889885,certain,
liu_massdep_baseline,piecewise,24.039607351964708,shift_ot_h,425,0.052941626991940716,search-dependent,500 550
liu_massdep_baseline,piecewise,30.000000000000004,shift_h,425,0.062108172537772566,search-dependent,500 550
liu_massdep_baseline,piecewise,30.000000000000004,crew_veh_h,425,0.06503198131790056,certain,
liu_massdep_baseline,piecewise,30.000000000000004,crew_team_h,425,0.06503198131790056,certain,
liu_massdep_baseline,piecewise,30.000000000000004,shift_ot_h,425,0.060840512620413234,search-dependent,500 550
liu_massdep_baseline,power_0.72,5.1,shift_h,425,0.012349076268830084,search-dependent,500 550
liu_massdep_baseline,power_0.72,5.1,crew_veh_h,425,0.013253237572562693,search-dependent,500
liu_massdep_baseline,power_0.72,5.1,crew_team_h,425,0.013253237572562693,search-dependent,500
liu_massdep_baseline,power_0.72,5.1,shift_ot_h,425,0.011970609197538673,search-dependent,500 550
liu_massdep_baseline,power_0.72,6.364496630910889,shift_h,425,0.015039945955546141,search-dependent,500 550
liu_massdep_baseline,power_0.72,6.364496630910889,crew_veh_h,425,0.016112726494085905,search-dependent,500
liu_massdep_baseline,power_0.72,6.364496630910889,crew_team_h,425,0.016112726494085905,search-dependent,500
liu_massdep_baseline,power_0.72,6.364496630910889,shift_ot_h,425,0.014589774107419018,search-dependent,500 550
liu_massdep_baseline,power_0.72,7.9425132087992285,shift_h,425,0.01822158102609417,search-dependent,500 550
liu_massdep_baseline,power_0.72,7.9425132087992285,crew_veh_h,425,0.019480779156437533,search-dependent,500
liu_massdep_baseline,power_0.72,7.9425132087992285,crew_team_h,425,0.019480779156437533,search-dependent,500
liu_massdep_baseline,power_0.72,7.9425132087992285,shift_ot_h,425,0.017691620792532836,search-dependent,500 550
liu_massdep_baseline,power_0.72,9.911784031052534,shift_h,425,0.02194091255046393,search-dependent,500 550
liu_massdep_baseline,power_0.72,9.911784031052534,crew_veh_h,425,0.02340034770376076,search-dependent,500
liu_massdep_baseline,power_0.72,9.911784031052534,crew_team_h,425,0.02340034770376076,search-dependent,500
liu_massdep_baseline,power_0.72,9.911784031052534,shift_ot_h,425,0.02132455822424051,search-dependent,500 550
liu_massdep_baseline,power_0.72,12.36931687685298,shift_h,425,0.026231397446737637,search-dependent,500 550
liu_massdep_baseline,power_0.72,12.36931687685298,crew_veh_h,425,0.027898311744007698,search-dependent,500
liu_massdep_baseline,power_0.72,12.36931687685298,crew_team_h,425,0.027898311744007698,search-dependent,500
liu_massdep_baseline,power_0.72,12.36931687685298,shift_ot_h,425,0.025524620214059768,search-dependent,500 550
liu_massdep_baseline,power_0.72,15.436171684196077,shift_h,425,0.031105504394480565,search-dependent,500 550
liu_massdep_baseline,power_0.72,15.436171684196077,crew_veh_h,425,0.03297782077841638,search-dependent,500
liu_massdep_baseline,power_0.72,15.436171684196077,crew_team_h,425,0.03297782077841638,search-dependent,500
liu_massdep_baseline,power_0.72,15.436171684196077,shift_ot_h,425,0.030308054763948045,search-dependent,500 550
liu_massdep_baseline,power_0.72,19.26342405455451,shift_h,425,0.036547194210421186,search-dependent,500 550
liu_massdep_baseline,power_0.72,19.26342405455451,crew_veh_h,425,0.0386111125394859,search-dependent,500
liu_massdep_baseline,power_0.72,19.26342405455451,crew_team_h,425,0.0386111125394859,search-dependent,500
liu_massdep_baseline,power_0.72,19.26342405455451,shift_ot_h,425,0.035663718271054856,search-dependent,500 550
liu_massdep_baseline,power_0.72,24.039607351964708,shift_h,425,0.04250589877576649,search-dependent,500 550
liu_massdep_baseline,power_0.72,24.039607351964708,crew_veh_h,425,0.04473445513743268,search-dependent,500
liu_massdep_baseline,power_0.72,24.039607351964708,crew_team_h,425,0.04473445513743268,search-dependent,500
liu_massdep_baseline,power_0.72,24.039607351964708,shift_ot_h,425,0.041546705824368146,search-dependent,500 550
liu_massdep_baseline,power_0.72,30.000000000000004,shift_h,425,0.048893792001764025,search-dependent,500 550
liu_massdep_baseline,power_0.72,30.000000000000004,crew_veh_h,425,0.05124700132526305,search-dependent,500
liu_massdep_baseline,power_0.72,30.000000000000004,crew_team_h,425,0.05124700132526305,search-dependent,500
liu_massdep_baseline,power_0.72,30.000000000000004,shift_ot_h,425,0.047874992474738365,search-dependent,500 550
liu_massdep_baseline,power_0.84,5.1,shift_h,425,0.0152805174146593,search-dependent,500 550
liu_massdep_baseline,power_0.84,5.1,crew_veh_h,425,0.01639266648095905,certain,
liu_massdep_baseline,power_0.84,5.1,crew_team_h,425,0.01639266648095905,certain,
liu_massdep_baseline,power_0.84,5.1,shift_ot_h,425,0.014814722405980252,search-dependent,500 550
liu_massdep_baseline,power_0.84,6.364496630910889,shift_h,425,0.018587730922017043,search-dependent,500 550
liu_massdep_baseline,power_0.84,6.364496630910889,crew_veh_h,425,0.0199040114067488,certain,
liu_massdep_baseline,power_0.84,6.364496630910889,crew_team_h,425,0.0199040114067488,certain,
liu_massdep_baseline,power_0.84,6.364496630910889,shift_ot_h,425,0.018035002309925385,search-dependent,500 550
liu_massdep_baseline,power_0.84,7.9425132087992285,shift_h,425,0.02248785387580532,search-dependent,500 550
liu_massdep_baseline,power_0.84,7.9425132087992285,crew_veh_h,425,0.024028345901731196,certain,
liu_massdep_baseline,power_0.84,7.9425132087992285,crew_team_h,425,0.024028345901731196,certain,
liu_massdep_baseline,power_0.84,7.9425132087992285,shift_ot_h,425,0.021838986450802622,search-dependent,500 550
liu_massdep_baseline,power_0.84,9.911784031052534,shift_h,425,0.027033055747785584,search-dependent,500 550
liu_massdep_baseline,power_0.84,9.911784031052534,crew_veh_h,425,0.02881243615551865,certain,
liu_massdep_baseline,power_0.84,9.911784031052534,crew_team_h,425,0.02881243615551865,certain,
liu_massdep_baseline,power_0.84,9.911784031052534,shift_ot_h,425,0.0262808845219209,search-dependent,500 550
liu_massdep_baseline,power_0.84,12.36931687685298,shift_h,425,0.032257527101905215,search-dependent,500 550
liu_massdep_baseline,power_0.84,12.36931687685298,crew_veh_h,425,0.03428192595457302,certain,
liu_massdep_baseline,power_0.84,12.36931687685298,crew_team_h,425,0.03428192595457302,certain,
liu_massdep_baseline,power_0.84,12.36931687685298,shift_ot_h,425,0.03139826735589191,search-dependent,500 550
liu_massdep_baseline,power_0.84,15.436171684196077,shift_h,425,0.03816849117612131,search-dependent,500 550
liu_massdep_baseline,power_0.84,15.436171684196077,crew_veh_h,425,0.0404322978202436,certain,
liu_massdep_baseline,power_0.84,15.436171684196077,crew_team_h,425,0.0404322978202436,certain,
liu_massdep_baseline,power_0.84,15.436171684196077,shift_ot_h,425,0.03720315497793125,search-dependent,500 550
liu_massdep_baseline,power_0.84,19.26342405455451,shift_h,425,0.04473759272825251,search-dependent,500 550
liu_massdep_baseline,power_0.84,19.26342405455451,crew_veh_h,425,0.04722083023738355,certain,
liu_massdep_baseline,power_0.84,19.26342405455451,crew_team_h,425,0.04722083023738355,certain,
liu_massdep_baseline,power_0.84,19.26342405455451,shift_ot_h,425,0.04367323428389058,search-dependent,500 550
liu_massdep_baseline,power_0.84,24.039607351964708,shift_h,425,0.05189455811380861,search-dependent,500 550
liu_massdep_baseline,power_0.84,24.039607351964708,crew_veh_h,425,0.05456158207544082,certain,
liu_massdep_baseline,power_0.84,24.039607351964708,crew_team_h,425,0.05456158207544082,certain,
liu_massdep_baseline,power_0.84,24.039607351964708,shift_ot_h,425,0.05074502535941838,search-dependent,500 550
liu_massdep_baseline,power_0.84,30.000000000000004,shift_h,425,0.0595252445701,search-dependent,500 550
liu_massdep_baseline,power_0.84,30.000000000000004,crew_veh_h,425,0.06232545660061528,certain,
liu_massdep_baseline,power_0.84,30.000000000000004,crew_team_h,425,0.06232545660061528,certain,
liu_massdep_baseline,power_0.84,30.000000000000004,shift_ot_h,425,0.058311115900081756,search-dependent,500 550
liu_massdep_baseline,power_0.96,5.1,shift_h,425,0.018517405188925418,search-dependent,500 550
liu_massdep_baseline,power_0.96,5.1,crew_veh_h,425,0.01985674406532989,certain,
liu_massdep_baseline,power_0.96,5.1,crew_team_h,425,0.01985674406532989,certain,
liu_massdep_baseline,power_0.96,5.1,shift_ot_h,425,0.01795612091817156,search-dependent,500 550
liu_massdep_baseline,power_0.96,6.364496630910889,shift_h,425,0.02249689587528203,search-dependent,500 550
liu_massdep_baseline,power_0.96,6.364496630910889,crew_veh_h,425,0.024077964772544425,certain,
liu_massdep_baseline,power_0.96,6.364496630910889,crew_team_h,425,0.024077964772544425,certain,
liu_massdep_baseline,power_0.96,6.364496630910889,shift_ot_h,425,0.021832506717262445,search-dependent,500 550
liu_massdep_baseline,power_0.96,7.9425132087992285,shift_h,425,0.027176993190682897,search-dependent,500 550
liu_massdep_baseline,power_0.96,7.9425132087992285,crew_veh_h,425,0.02902175189474221,certain,
liu_massdep_baseline,power_0.96,7.9425132087992285,crew_team_h,425,0.02902175189474221,certain,
liu_massdep_baseline,power_0.96,7.9425132087992285,shift_ot_h,425,0.02639932092248265,search-dependent,500 550
liu_massdep_baseline,power_0.96,9.911784031052534,shift_h,425,0.0326137384520544,search-dependent,500 550
liu_massdep_baseline,power_0.96,9.911784031052534,crew_veh_h,425,0.03473705233697033,certain,
liu_massdep_baseline,power_0.96,9.911784031052534,crew_team_h,425,0.03473705233697033,certain,
liu_massdep_baseline,power_0.96,9.911784031052534,shift_ot_h,425,0.03171532083479622,search-dependent,500 550
liu_massdep_baseline,power_0.96,12.36931687685298,shift_h,425,0.0388399241128603,search-dependent,500 550
liu_massdep_baseline,power_0.96,12.36931687685298,crew_veh_h,425,0.041245868552398424,certain,
liu_massdep_baseline,power_0.96,12.36931687685298,crew_team_h,425,0.041245868552398424,certain,
liu_massdep_baseline,power_0.96,12.36931687685298,shift_ot_h,425,0.03781760363543962,search-dependent,500 550
liu_massdep_baseline,power_0.96,15.436171684196077,shift_h,425,0.045854655265022304,search-dependent,500 550
liu_massdep_baseline,power_0.96,15.436171684196077,crew_veh_h,425,0.048532915003284494,certain,
liu_massdep_baseline,power_0.96,15.436171684196077,crew_team_h,425,0.048532915003284494,certain,
liu_massdep_baseline,power_0.96,15.436171684196077,shift_ot_h,425,0.044711196464980896,search-dependent,500 550
liu_massdep_baseline,power_0.96,19.26342405455451,shift_h,425,0.05361383154694144,search-dependent,500 550
liu_massdep_baseline,power_0.96,19.26342405455451,crew_veh_h,425,0.05653696281163034,certain,
liu_massdep_baseline,power_0.96,19.26342405455451,crew_team_h,425,0.05653696281163034,certain,
liu_massdep_baseline,power_0.96,19.26342405455451,shift_ot_h,425,0.05235925485530468,search-dependent,500 550
liu_massdep_baseline,power_0.96,24.039607351964708,shift_h,425,0.06202385163809354,search-dependent,500 550
liu_massdep_baseline,power_0.96,24.039607351964708,crew_veh_h,425,0.06514628743061901,certain,
liu_massdep_baseline,power_0.96,24.039607351964708,crew_team_h,425,0.06514628743061901,certain,
liu_massdep_baseline,power_0.96,24.039607351964708,shift_ot_h,425,0.060676101368428936,search-dependent,500 550
liu_massdep_baseline,power_0.96,30.000000000000004,shift_h,425,0.07094094402941997,search-dependent,500 550
liu_massdep_baseline,power_0.96,30.000000000000004,crew_veh_h,425,0.07420047316002742,certain,
liu_massdep_baseline,power_0.96,30.000000000000004,crew_team_h,425,0.07420047316002742,certain,
liu_massdep_baseline,power_0.96,30.000000000000004,shift_ot_h,425,0.06952553984438437,search-dependent,500 550
liu_massdep_tight,affine,5.1,shift_h,425,0.014720251274813467,search-dependent,500 550
liu_massdep_tight,affine,5.1,crew_veh_h,425,0.01548449719149958,certain,
liu_massdep_tight,affine,5.1,crew_team_h,425,0.01548449719149958,certain,
liu_massdep_tight,affine,5.1,shift_ot_h,425,0.0145288141225699,search-dependent,500 550
liu_massdep_tight,affine,6.364496630910889,shift_h,425,0.017916956583133636,search-dependent,500 550
liu_massdep_tight,affine,6.364496630910889,crew_veh_h,425,0.01882306791462529,certain,
liu_massdep_tight,affine,6.364496630910889,crew_team_h,425,0.01882306791462529,certain,
liu_massdep_tight,affine,6.364496630910889,shift_ot_h,425,0.017689619810793866,search-dependent,500 550
liu_massdep_tight,affine,7.9425132087992285,shift_h,425,0.02169169628512191,search-dependent,500 550
liu_massdep_tight,affine,7.9425132087992285,crew_veh_h,425,0.022754347973555467,certain,
liu_massdep_tight,affine,7.9425132087992285,crew_team_h,425,0.022754347973555467,certain,
liu_massdep_tight,affine,7.9425132087992285,shift_ot_h,425,0.021424580892811074,search-dependent,500 550
liu_massdep_tight,affine,9.911784031052534,shift_h,425,0.02609753227479672,search-dependent,500 550
liu_massdep_tight,affine,9.911784031052534,crew_veh_h,425,0.027327929412051866,certain,
liu_massdep_tight,affine,9.911784031052534,crew_team_h,425,0.027327929412051866,certain,
liu_massdep_tight,affine,9.911784031052534,shift_ot_h,425,0.02578756985653352,search-dependent,500 550
liu_massdep_tight,affine,12.36931687685298,shift_h,425,0.03117081525734644,search-dependent,500 550
liu_massdep_tight,affine,12.36931687685298,crew_veh_h,425,0.032574505392966246,certain,
liu_massdep_tight,affine,12.36931687685298,crew_team_h,425,0.032574505392966246,certain,
liu_massdep_tight,affine,12.36931687685298,shift_ot_h,425,0.030816300791933315,search-dependent,500 550
liu_massdep_tight,affine,15.436171684196077,shift_h,425,0.03692237112421726,search-dependent,500 550
liu_massdep_tight,affine,15.436171684196077,crew_veh_h,425,0.03849696080124643,certain,
liu_massdep_tight,affine,15.436171684196077,crew_team_h,425,0.03849696080124643,certain,
liu_massdep_tight,affine,15.436171684196077,shift_ot_h,425,0.036523553794149066,search-dependent,500 550
liu_massdep_tight,affine,19.26342405455451,shift_h,425,0.04332886836011407,search-dependent,500 550
liu_massdep_tight,affine,19.26342405455451,crew_veh_h,425,0.04506205705073385,certain,
liu_massdep_tight,affine,19.26342405455451,crew_team_h,425,0.04506205705073385,certain,
liu_massdep_tight,affine,19.26342405455451,shift_ot_h,425,0.04288848030624082,search-dependent,500 550
liu_massdep_tight,affine,24.039607351964708,shift_h,425,0.050326178597214444,search-dependent,500 550
liu_massdep_tight,affine,24.039607351964708,crew_veh_h,425,0.052194637019931545,certain,
liu_massdep_tight,affine,24.039607351964708,crew_team_h,425,0.052194637019931545,certain,
liu_massdep_tight,affine,24.039607351964708,shift_ot_h,425,0.04984976873558056,search-dependent,500 550
liu_massdep_tight,affine,30.000000000000004,shift_h,425,0.057806822783515566,search-dependent,500 550
liu_massdep_tight,affine,30.000000000000004,crew_veh_h,425,0.05977642608328648,certain,
liu_massdep_tight,affine,30.000000000000004,crew_team_h,425,0.05977642608328648,certain,
liu_massdep_tight,affine,30.000000000000004,shift_ot_h,425,0.05730276027308934,search-dependent,500 550
liu_massdep_tight,piecewise,5.1,shift_h,425,0.015935481591964784,search-dependent,500 550
liu_massdep_tight,piecewise,5.1,crew_veh_h,425,0.016760565834723185,certain,
liu_massdep_tight,piecewise,5.1,crew_team_h,425,0.016760565834723185,certain,
liu_massdep_tight,piecewise,5.1,shift_ot_h,425,0.015728770194798125,search-dependent,500 550
liu_massdep_tight,piecewise,6.364496630910889,shift_h,425,0.019385186456014836,search-dependent,500 550
liu_massdep_tight,piecewise,6.364496630910889,crew_veh_h,425,0.020362305483275778,certain,
liu_massdep_tight,piecewise,6.364496630910889,crew_team_h,425,0.020362305483275778,certain,
liu_massdep_tight,piecewise,6.364496630910889,shift_ot_h,425,0.019139985497050427,search-dependent,500 550
liu_massdep_tight,piecewise,7.9425132087992285,shift_h,425,0.023453682577825985,search-dependent,500 550
liu_massdep_tight,piecewise,7.9425132087992285,crew_veh_h,425,0.024598057990877997,certain,
liu_massdep_tight,piecewise,7.9425132087992285,crew_team_h,425,0.024598057990877997,certain,
liu_massdep_tight,piecewise,7.9425132087992285,shift_ot_h,425,0.023165957320238295,search-dependent,500 550
liu_massdep_tight,piecewise,9.911784031052534,shift_h,425,0.02819556577963689,search-dependent,500 550
liu_massdep_tight,piecewise,9.911784031052534,crew_veh_h,425,0.029518498779772973,certain,
liu_massdep_tight,piecewise,9.911784031052534,crew_team_h,425,0.029518498779772973,certain,
liu_massdep_tight,piecewise,9.911784031052534,shift_ot_h,425,0.027862201509647022,search-dependent,500 550
liu_massdep_tight,piecewise,12.36931687685298,shift_h,425,0.03364672284226122,search-dependent,500 550
liu_massdep_tight,piecewise,12.36931687685298,crew_veh_h,425,0.035153250627431465,certain,
liu_massdep_tight,piecewise,12.36931687685298,crew_team_h,425,0.035153250627431465,certain,
liu_massdep_tight,piecewise,12.36931687685298,shift_ot_h,425,0.03326611842627436,search-dependent,500 550
liu_massdep_tight,piecewise,15.436171684196077,shift_h,425,0.03981494684782172,search-dependent,500 550
liu_massdep_tight,piecewise,15.436171684196077,crew_veh_h,425,0.041501438882299846,certain,
liu_massdep_tight,piecewise,15.436171684196077,crew_team_h,425,0.041501438882299846,certain,
liu_massdep_tight,piecewise,15.436171684196077,shift_ot_h,425,0.039387638748739295,search-dependent,500 550
liu_massdep_tight,piecewise,19.26342405455451,shift_h,425,0.04667093360776953,search-dependent,500 550
liu_massdep_tight,piecewise,19.26342405455451,crew_veh_h,425,0.04852308289733864,certain,
liu_massdep_tight,piecewise,19.26342405455451,crew_team_h,425,0.04852308289733864,certain,
liu_massdep_tight,piecewise,19.26342405455451,shift_ot_h,425,0.046200139596620504,search-dependent,500 550
liu_massdep_tight,piecewise,24.039607351964708,shift_h,425,0.05414163368349345,search-dependent,500 550
liu_massdep_tight,piecewise,24.039607351964708,crew_veh_h,425,0.05613340737444372,certain,
liu_massdep_tight,piecewise,24.039607351964708,crew_team_h,425,0.05613340737444372,certain,
liu_massdep_tight,piecewise,24.039607351964708,shift_ot_h,425,0.05363357327061946,search-dependent,500 550
liu_massdep_tight,piecewise,30.000000000000004,shift_h,425,0.062108172537772566,search-dependent,500 550
liu_massdep_tight,piecewise,30.000000000000004,crew_veh_h,425,0.06420224801535479,certain,
liu_massdep_tight,piecewise,30.000000000000004,crew_team_h,425,0.06420224801535479,certain,
liu_massdep_tight,piecewise,30.000000000000004,shift_ot_h,425,0.06157202346334567,search-dependent,500 550
liu_massdep_tight,power_0.72,5.1,shift_h,425,0.012349076268830084,search-dependent,500 550
liu_massdep_tight,power_0.72,5.1,crew_veh_h,425,0.012992094396342857,search-dependent,500
liu_massdep_tight,power_0.72,5.1,crew_team_h,425,0.012992094396342857,search-dependent,500
liu_massdep_tight,power_0.72,5.1,shift_ot_h,425,0.012188034781731139,search-dependent,500 550
liu_massdep_tight,power_0.72,6.364496630910889,shift_h,425,0.015039945955546141,search-dependent,500 550
liu_massdep_tight,power_0.72,6.364496630910889,crew_veh_h,425,0.015803269971242262,search-dependent,500
liu_massdep_tight,power_0.72,6.364496630910889,crew_team_h,425,0.015803269971242262,search-dependent,500
liu_massdep_tight,power_0.72,6.364496630910889,shift_ot_h,425,0.01484847458529237,search-dependent,500 550
liu_massdep_tight,power_0.72,7.9425132087992285,shift_h,425,0.01822158102609417,search-dependent,500 550
liu_massdep_tight,power_0.72,7.9425132087992285,crew_veh_h,425,0.019118085069933732,search-dependent,500
liu_massdep_tight,power_0.72,7.9425132087992285,crew_team_h,425,0.019118085069933732,search-dependent,500
liu_massdep_tight,power_0.72,7.9425132087992285,shift_ot_h,425,0.017996286418050067,search-dependent,500 550
liu_massdep_tight,power_0.72,9.911784031052534,shift_h,425,0.02194091255046393,search-dependent,500 550
liu_massdep_tight,power_0.72,9.911784031052534,crew_veh_h,425,0.022980703235897737,search-dependent,500
liu_massdep_tight,power_0.72,9.911784031052534,crew_team_h,425,0.022980703235897737,search-dependent,500
liu_massdep_tight,power_0.72,9.911784031052534,shift_ot_h,425,0.021679044340153553,search-dependent,500 550
liu_massdep_tight,power_0.72,12.36931687685298,shift_h,425,0.026231397446737637,search-dependent,500 550
liu_massdep_tight,power_0.72,12.36931687685298,crew_veh_h,425,0.027419960681524636,search-dependent,500
liu_massdep_tight,power_0.72,12.36931687685298,crew_team_h,425,0.027419960681524636,search-dependent,500
liu_massdep_tight,power_0.72,12.36931687685298,shift_ot_h,425,0.025931315374658093,search-dependent,500 550
liu_massdep_tight,power_0.72,15.436171684196077,shift_h,425,0.031105504394480565,search-dependent,500 550
liu_massdep_tight,power_0.72,15.436171684196077,crew_veh_h,425,0.03244173518551707,search-dependent,500
liu_massdep_tight,power_0.72,15.436171684196077,crew_team_h,425,0.03244173518551707,search-dependent,500
liu_massdep_tight,power_0.72,15.436171684196077,shift_ot_h,425,0.030767186304902827,search-dependent,500 550
liu_massdep_tight,power_0.72,19.26342405455451,shift_h,425,0.036547194210421186,search-dependent,500 550
liu_massdep_tight,power_0.72,19.26342405455451,crew_veh_h,425,0.038021648279598974,search-dependent,500
liu_massdep_tight,power_0.72,19.26342405455451,crew_team_h,425,0.038021648279598974,search-dependent,500
liu_massdep_tight,power_0.72,19.26342405455451,shift_ot_h,425,0.036172703272938866,search-dependent,500 550
liu_massdep_tight,power_0.72,24.039607351964708,shift_h,425,0.04250589877576649,search-dependent,500 550
liu_massdep_tight,power_0.72,24.039607351964708,crew_veh_h,425,0.04409971167011428,search-dependent,500
liu_massdep_tight,power_0.72,24.039607351964708,crew_team_h,425,0.04409971167011428,search-dependent,500
liu_massdep_tight,power_0.72,24.039607351964708,shift_ot_h,425,0.042099698133104546,search-dependent,500 550
liu_massdep_tight,power_0.72,30.000000000000004,shift_h,425,0.048893792001764025,search-dependent,500 550
liu_massdep_tight,power_0.72,30.000000000000004,crew_veh_h,425,0.05057871480546838,search-dependent,500
liu_massdep_tight,power_0.72,30.000000000000004,crew_team_h,425,0.05057871480546838,search-dependent,500
liu_massdep_tight,power_0.72,30.000000000000004,shift_ot_h,425,0.048462788640422305,search-dependent,500 550
liu_massdep_tight,power_0.84,5.1,shift_h,425,0.0152805174146593,search-dependent,500 550
liu_massdep_tight,power_0.84,5.1,crew_veh_h,425,0.016071544069643062,certain,
liu_massdep_tight,power_0.84,5.1,crew_team_h,425,0.016071544069643062,certain,
liu_massdep_tight,power_0.84,5.1,shift_ot_h,425,0.015082336342175484,search-dependent,500 550
liu_massdep_tight,power_0.84,6.364496630910889,shift_h,425,0.018587730922017043,search-dependent,500 550
liu_massdep_tight,power_0.84,6.364496630910889,crew_veh_h,425,0.019524444086227444,certain,
liu_massdep_tight,power_0.84,6.364496630910889,crew_team_h,425,0.019524444086227444,certain,
liu_massdep_tight,power_0.84,6.364496630910889,shift_ot_h,425,0.01835266636331534,search-dependent,500 550
liu_massdep_tight,power_0.84,7.9425132087992285,shift_h,425,0.02248785387580532,search-dependent,500 550
liu_massdep_tight,power_0.84,7.9425132087992285,crew_veh_h,425,0.023584806874411557,certain,
liu_massdep_tight,power_0.84,7.9425132087992285,crew_team_h,425,0.023584806874411557,certain,
liu_massdep_tight,power_0.84,7.9425132087992285,shift_ot_h,425,0.02221204748393557,search-dependent,500 550
liu_massdep_tight,power_0.84,9.911784031052534,shift_h,425,0.027033055747785584,search-dependent,500 550
liu_massdep_tight,power_0.84,9.911784031052534,crew_veh_h,425,0.028301032282837202,certain,
liu_massdep_tight,power_0.84,9.911784031052534,crew_team_h,425,0.028301032282837202,certain,
liu_massdep_tight,power_0.84,9.911784031052534,shift_ot_h,425,0.026713534072130507,search-dependent,500 550
liu_massdep_tight,power_0.84,12.36931687685298,shift_h,425,0.032257527101905215,search-dependent,500 550
liu_massdep_tight,power_0.84,12.36931687685298,crew_veh_h,425,0.03370129567403701,certain,
liu_massdep_tight,power_0.84,12.36931687685298,crew_team_h,425,0.03370129567403701,certain,
liu_massdep_tight,power_0.84,12.36931687685298,shift_ot_h,425,0.03189277040804406,search-dependent,500 550
liu_massdep_tight,power_0.84,15.436171684196077,shift_h,425,0.03816849117612131,search-dependent,500 550
liu_massdep_tight,power_0.84,15.436171684196077,crew_veh_h,425,0.03978450465081629,certain,
liu_massdep_tight,power_0.84,15.436171684196077,crew_team_h,425,0.03978450465081629,certain,
liu_massdep_tight,power_0.84,15.436171684196077,shift_ot_h,425,0.037759030783084846,search-dependent,500 550
liu_massdep_tight,power_0.84,19.26342405455451,shift_h,425,0.04473759272825251,search-dependent,500 550
liu_massdep_tight,power_0.84,19.26342405455451,crew_veh_h,425,0.04651206993164059,certain,
liu_massdep_tight,power_0.84,19.26342405455451,crew_team_h,425,0.04651206993164059,certain,
liu_massdep_tight,power_0.84,19.26342405455451,shift_ot_h,425,0.044286530507877675,search-dependent,500 550
liu_massdep_tight,power_0.84,24.039607351964708,shift_h,425,0.05189455811380861,search-dependent,500 550
liu_massdep_tight,power_0.84,24.039607351964708,crew_veh_h,425,0.05380248812385391,certain,
liu_massdep_tight,power_0.84,24.039607351964708,crew_team_h,425,0.05380248812385391,certain,
liu_massdep_tight,power_0.84,24.039607351964708,shift_ot_h,425,0.051407871124213855,search-dependent,500 550
liu_massdep_tight,power_0.84,30.000000000000004,shift_h,425,0.0595252445701,search-dependent,500 550
liu_massdep_tight,power_0.84,30.000000000000004,crew_veh_h,425,0.06153081649873071,certain,
liu_massdep_tight,power_0.84,30.000000000000004,crew_team_h,425,0.06153081649873071,certain,
liu_massdep_tight,power_0.84,30.000000000000004,shift_ot_h,425,0.05901174034030232,search-dependent,500 550
liu_massdep_tight,power_0.96,5.1,shift_h,425,0.018517405188925418,search-dependent,500 550
liu_massdep_tight,power_0.96,5.1,crew_veh_h,425,0.019470139062061742,certain,
liu_massdep_tight,power_0.96,5.1,crew_team_h,425,0.019470139062061742,certain,
liu_massdep_tight,power_0.96,5.1,shift_ot_h,425,0.01827862075441522,search-dependent,500 550
liu_massdep_tight,power_0.96,6.364496630910889,shift_h,425,0.02249689587528203,search-dependent,500 550
liu_massdep_tight,power_0.96,6.364496630910889,crew_veh_h,425,0.023622204266050773,certain,
liu_massdep_tight,power_0.96,6.364496630910889,crew_team_h,425,0.023622204266050773,certain,
liu_massdep_tight,power_0.96,6.364496630910889,shift_ot_h,425,0.02221437838478768,search-dependent,500 550
liu_massdep_tight,power_0.96,7.9425132087992285,shift_h,425,0.027176993190682897,search-dependent,500 550
liu_massdep_tight,power_0.96,7.9425132087992285,crew_veh_h,425,0.028490829160282116,certain,
liu_massdep_tight,power_0.96,7.9425132087992285,crew_team_h,425,0.028490829160282116,certain,
liu_massdep_tight,power_0.96,7.9425132087992285,shift_ot_h,425,0.02684648402089307,search-dependent,500 550
liu_massdep_tight,power_0.96,9.911784031052534,shift_h,425,0.0326137384520544,search-dependent,500 550
liu_massdep_tight,power_0.96,9.911784031052534,crew_veh_h,425,0.03412709286289606,certain,
liu_massdep_tight,power_0.96,9.911784031052534,crew_team_h,425,0.03412709286289606,certain,
liu_massdep_tight,power_0.96,9.911784031052534,shift_ot_h,425,0.03223215395692347,search-dependent,500 550
liu_massdep_tight,power_0.96,12.36931687685298,shift_h,425,0.0388399241128603,search-dependent,500 550
liu_massdep_tight,power_0.96,12.36931687685298,crew_veh_h,425,0.040556181066490726,certain,
liu_massdep_tight,power_0.96,12.36931687685298,crew_team_h,425,0.040556181066490726,certain,
liu_massdep_tight,power_0.96,12.36931687685298,shift_ot_h,425,0.03840602905749524,search-dependent,500 550
liu_massdep_tight,power_0.96,15.436171684196077,shift_h,425,0.045854655265022304,search-dependent,500 550
liu_massdep_tight,power_0.96,15.436171684196077,crew_veh_h,425,0.0477669918058885,certain,
liu_massdep_tight,power_0.96,15.436171684196077,crew_team_h,425,0.0477669918058885,certain,
liu_massdep_tight,power_0.96,15.436171684196077,shift_ot_h,425,0.04536974341952038,search-dependent,500 550
liu_massdep_tight,power_0.96,19.26342405455451,shift_h,425,0.05361383154694144,search-dependent,500 550
liu_massdep_tight,power_0.96,19.26342405455451,crew_veh_h,425,0.05570320535576467,certain,
liu_massdep_tight,power_0.96,19.26342405455451,crew_team_h,425,0.05570320535576467,certain,
liu_massdep_tight,power_0.96,19.26342405455451,shift_ot_h,425,0.05308227978183577,search-dependent,500 550
liu_massdep_tight,power_0.96,24.039607351964708,shift_h,425,0.06202385163809354,search-dependent,500 550
liu_massdep_tight,power_0.96,24.039607351964708,crew_veh_h,425,0.06425820869652954,certain,
liu_massdep_tight,power_0.96,24.039607351964708,crew_team_h,425,0.06425820869652954,certain,
liu_massdep_tight,power_0.96,24.039607351964708,shift_ot_h,425,0.06145338557467417,search-dependent,500 550
liu_massdep_tight,power_0.96,30.000000000000004,shift_h,425,0.07094094402941997,search-dependent,500 550
liu_massdep_tight,power_0.96,30.000000000000004,crew_veh_h,425,0.07327618198347796,certain,
liu_massdep_tight,power_0.96,30.000000000000004,crew_team_h,425,0.07327618198347796,certain,
liu_massdep_tight,power_0.96,30.000000000000004,shift_ot_h,425,0.07034246911020281,search-dependent,500 550
liu_short_baseline,affine,5.1,shift_h,425,0.014720251274813467,search-dependent,380 500 550 MX2
liu_short_baseline,affine,5.1,crew_veh_h,425,0.016838619078063388,search-dependent,500 550
liu_short_baseline,affine,5.1,crew_team_h,425,0.016838619078063388,search-dependent,500 550
liu_short_baseline,affine,5.1,shift_ot_h,425,0.014296387774428432,search-dependent,500 550
liu_short_baseline,affine,6.364496630910889,shift_h,425,0.017916956583133636,search-dependent,380 500 550 MX2
liu_short_baseline,affine,6.364496630910889,crew_veh_h,425,0.02042287486091121,search-dependent,500 550
liu_short_baseline,affine,6.364496630910889,crew_team_h,425,0.02042287486091121,search-dependent,500 550
liu_short_baseline,affine,6.364496630910889,shift_ot_h,425,0.017413411119927336,search-dependent,500 550
liu_short_baseline,affine,7.9425132087992285,shift_h,425,0.02169169628512191,search-dependent,380 500 550 MX2
liu_short_baseline,affine,7.9425132087992285,crew_veh_h,425,0.024622736169473303,search-dependent,500 550
liu_short_baseline,affine,7.9425132087992285,crew_team_h,425,0.024622736169473303,search-dependent,500 550
liu_short_baseline,affine,7.9425132087992285,shift_ot_h,425,0.021099769577915373,search-dependent,500 550
liu_short_baseline,affine,9.911784031052534,shift_h,425,0.02609753227479672,search-dependent,380 500 550 MX2
liu_short_baseline,affine,9.911784031052534,crew_veh_h,425,0.029480803156166413,search-dependent,500 550
liu_short_baseline,affine,9.911784031052534,crew_team_h,425,0.029480803156166413,search-dependent,500 550
liu_short_baseline,affine,9.911784031052534,shift_ot_h,425,0.025410286885887867,search-dependent,500 550
liu_short_baseline,affine,12.36931687685298,shift_h,425,0.03117081525734644,search-dependent,380 500 550 MX2
liu_short_baseline,affine,12.36931687685298,crew_veh_h,425,0.03501701082831521,search-dependent,500 550
liu_short_baseline,affine,12.36931687685298,crew_team_h,425,0.03501701082831521,search-dependent,500 550
liu_short_baseline,affine,12.36931687685298,shift_ot_h,425,0.030384301442355044,search-dependent,500 550
liu_short_baseline,affine,15.436171684196077,shift_h,425,0.03692237112421726,search-dependent,380 500 550 MX2
liu_short_baseline,affine,15.436171684196077,crew_veh_h,425,0.04121976700079766,search-dependent,500 550
liu_short_baseline,affine,15.436171684196077,crew_team_h,425,0.04121976700079766,search-dependent,500 550
liu_short_baseline,affine,15.436171684196077,shift_ot_h,425,0.03603694445884953,search-dependent,500 550 MX2
liu_short_baseline,affine,19.26342405455451,shift_h,425,0.04332886836011407,search-dependent,380 500 550 MX2
liu_short_baseline,affine,19.26342405455451,crew_veh_h,425,0.04803845438829457,search-dependent,500 550
liu_short_baseline,affine,19.26342405455451,crew_team_h,425,0.04803845438829457,search-dependent,500 550
liu_short_baseline,affine,19.26342405455451,shift_ot_h,425,0.04235037964165134,search-dependent,380 500 550 MX2
liu_short_baseline,affine,24.039607351964708,shift_h,425,0.05032617859721422,search-dependent,380 500 550 MX2
liu_short_baseline,affine,24.039607351964708,crew_veh_h,425,0.055379353279307875,search-dependent,500 550
liu_short_baseline,affine,24.039607351964708,crew_team_h,425,0.055379353279307875,search-dependent,500 550
liu_short_baseline,affine,24.039607351964708,shift_ot_h,425,0.049266741736364805,search-dependent,380 500 550 MX2
liu_short_baseline,affine,30.000000000000004,shift_h,425,0.05780682278351579,search-dependent,380 500 550 MX2
liu_short_baseline,affine,30.000000000000004,crew_veh_h,425,0.06310693120894251,search-dependent,500 550
liu_short_baseline,affine,30.000000000000004,crew_team_h,425,0.05555216301688559,search-dependent,500 550 MX2
liu_short_baseline,affine,30.000000000000004,shift_ot_h,425,0.056684857147590195,search-dependent,380 500 550 MX2
liu_short_baseline,piecewise,5.1,shift_h,425,0.015935481591964784,search-dependent,380 500 550 MX2
liu_short_baseline,piecewise,5.1,crew_veh_h,425,0.018221938787709613,search-dependent,500
liu_short_baseline,piecewise,5.1,crew_team_h,425,0.018221938787709613,search-dependent,500
liu_short_baseline,piecewise,5.1,shift_ot_h,425,0.015477780465992685,search-dependent,500 550
liu_short_baseline,piecewise,6.364496630910889,shift_h,425,0.019385186456014836,search-dependent,380 500 550 MX2
liu_short_baseline,piecewise,6.364496630910889,crew_veh_h,425,0.02208672182866689,search-dependent,500
liu_short_baseline,piecewise,6.364496630910889,crew_team_h,425,0.02208672182866689,search-dependent,500
liu_short_baseline,piecewise,6.364496630910889,shift_ot_h,425,0.01884204586585092,search-dependent,500 550
liu_short_baseline,piecewise,7.9425132087992285,shift_h,425,0.023453682577825985,search-dependent,380 500 550 MX2
liu_short_baseline,piecewise,7.9425132087992285,crew_veh_h,425,0.026609099498000388,search-dependent,500
liu_short_baseline,piecewise,7.9425132087992285,crew_team_h,425,0.026609099498000388,search-dependent,500
liu_short_baseline,piecewise,7.9425132087992285,shift_ot_h,425,0.02281604808477078,search-dependent,500 550
liu_short_baseline,piecewise,9.911784031052534,shift_h,425,0.02819556577963689,search-dependent,380 500 550 MX2
liu_short_baseline,piecewise,9.911784031052534,crew_veh_h,425,0.03183191159970633,search-dependent,500
liu_short_baseline,piecewise,9.911784031052534,crew_team_h,425,0.03183191159970633,search-dependent,500
liu_short_baseline,piecewise,9.911784031052534,shift_ot_h,425,0.02745638507476711,search-dependent,500 550
liu_short_baseline,piecewise,12.36931687685298,shift_h,425,0.03364672284226122,search-dependent,380 500 550 MX2
liu_short_baseline,piecewise,12.36931687685298,crew_veh_h,425,0.037772931880114546,search-dependent,500
liu_short_baseline,piecewise,12.36931687685298,crew_team_h,425,0.037772931880114546,search-dependent,500
liu_short_baseline,piecewise,12.36931687685298,shift_ot_h,425,0.032802262731914444,search-dependent,500 550
liu_short_baseline,piecewise,15.436171684196077,shift_h,425,0.03981494684782172,search-dependent,380 500 550 MX2
liu_short_baseline,piecewise,15.436171684196077,crew_veh_h,425,0.044415553390973805,search-dependent,500
liu_short_baseline,piecewise,15.436171684196077,crew_team_h,425,0.044415553390973805,search-dependent,500
liu_short_baseline,piecewise,15.436171684196077,shift_ot_h,425,0.03886618601752234,search-dependent,380 500 550 MX2
liu_short_baseline,piecewise,19.26342405455451,shift_h,425,0.046670933607769305,search-dependent,380 500 550 MX2
liu_short_baseline,piecewise,19.26342405455451,crew_veh_h,425,0.05170115017846455,search-dependent,500
liu_short_baseline,piecewise,19.26342405455451,crew_team_h,425,0.05170115017846455,search-dependent,500
liu_short_baseline,piecewise,19.26342405455451,shift_ot_h,425,0.04562478797987546,search-dependent,380 500 550 MX2
liu_short_baseline,piecewise,24.039607351964708,shift_h,425,0.05414163368349345,search-dependent,380 500 550 MX2
liu_short_baseline,piecewise,24.039607351964708,crew_veh_h,425,0.05952531254066584,search-dependent,500
liu_short_baseline,piecewise,24.039607351964708,crew_team_h,425,0.058083129329890015,search-dependent,500
liu_short_baseline,piecewise,24.039607351964708,shift_ot_h,425,0.05301169734010003,search-dependent,380 500 550 MX2
liu_short_baseline,piecewise,30.000000000000004,shift_h,425,0.062108172537772344,search-dependent,380 500 550 MX2
liu_short_baseline,piecewise,30.000000000000004,crew_veh_h,425,0.06773995505708053,search-dependent,500
liu_short_baseline,piecewise,30.000000000000004,crew_team_h,425,0.04833389210670602,search-dependent,500 MX2
liu_short_baseline,piecewise,30.000000000000004,shift_ot_h,425,0.06091465833826315,search-dependent,380 500 550 MX2
liu_short_baseline,power_0.72,5.1,shift_h,425,0.012349076268830306,search-dependent,380 500 550 MX2
liu_short_baseline,power_0.72,5.1,crew_veh_h,425,0.014131876856841252,search-dependent,500 550
liu_short_baseline,power_0.72,5.1,crew_team_h,425,0.014131876856841252,search-dependent,500 550
liu_short_baseline,power_0.72,5.1,shift_ot_h,425,0.011992527888712523,search-dependent,500 550
liu_short_baseline,power_0.72,6.364496630910889,shift_h,425,0.01503994595554592,search-dependent,380 500 550 MX2
liu_short_baseline,power_0.72,6.364496630910889,crew_veh_h,425,0.017151615045864377,search-dependent,500 550
liu_short_baseline,power_0.72,6.364496630910889,crew_team_h,425,0.017151615045864377,search-dependent,500 550
liu_short_baseline,power_0.72,6.364496630910889,shift_ot_h,425,0.014615863669791729,search-dependent,500 550
liu_short_baseline,power_0.72,7.9425132087992285,shift_h,425,0.01822158102609439,search-dependent,380 500 550 MX2
liu_short_baseline,power_0.72,7.9425132087992285,crew_veh_h,425,0.020695223046280464,search-dependent,500 550
liu_short_baseline,power_0.72,7.9425132087992285,crew_team_h,425,0.020695223046280464,search-dependent,500 550
liu_short_baseline,power_0.72,7.9425132087992285,shift_ot_h,425,0.017722359742508464,search-dependent,500 550
liu_short_baseline,power_0.72,9.911784031052534,shift_h,425,0.02194091255046393,search-dependent,380 500 550 MX2
liu_short_baseline,power_0.72,9.911784031052534,crew_veh_h,425,0.02480123348205754,search-dependent,500 550
liu_short_baseline,power_0.72,9.911784031052534,crew_team_h,425,0.02480123348205754,search-dependent,500 550
liu_short_baseline,power_0.72,9.911784031052534,shift_ot_h,425,0.021360342664762166,search-dependent,500 550
liu_short_baseline,power_0.72,12.36931687685298,shift_h,425,0.026231397446737637,search-dependent,380 500 550 MX2
liu_short_baseline,power_0.72,12.36931687685298,crew_veh_h,425,0.029489643367938356,search-dependent,500 550
liu_short_baseline,power_0.72,12.36931687685298,crew_team_h,425,0.029489643367938356,search-dependent,500 550
liu_short_baseline,power_0.72,12.36931687685298,shift_ot_h,425,0.0255657000846905,search-dependent,500 550
liu_short_baseline,power_0.72,15.436171684196077,shift_h,425,0.031105504394480565,search-dependent,380 500 550 MX2
liu_short_baseline,power_0.72,15.436171684196077,crew_veh_h,425,0.0347542557375633,search-dependent,500 550
liu_short_baseline,power_0.72,15.436171684196077,crew_team_h,425,0.0347542557375633,search-dependent,500 550
liu_short_baseline,power_0.72,15.436171684196077,shift_ot_h,425,0.030354463402379572,search-dependent,500 550 MX2
liu_short_baseline,power_0.72,19.26342405455451,shift_h,425,0.036547194210421186,search-dependent,380 500 550 MX2
liu_short_baseline,power_0.72,19.26342405455451,crew_veh_h,425,0.04055599263426668,search-dependent,500 550
liu_short_baseline,power_0.72,19.26342405455451,crew_team_h,425,0.04055599263426668,search-dependent,500 550
liu_short_baseline,power_0.72,19.26342405455451,shift_ot_h,425,0.03571520604305123,search-dependent,380 500 550 MX2
liu_short_baseline,power_0.72,24.039607351964708,shift_h,425,0.04250589877576627,search-dependent,380 500 550 MX2
liu_short_baseline,power_0.72,24.039607351964708,crew_veh_h,425,0.04681892281441624,search-dependent,500 550
liu_short_baseline,power_0.72,24.039607351964708,crew_team_h,425,0.04681892281441624,search-dependent,500 550
liu_short_baseline,power_0.72,24.039607351964708,shift_ot_h,425,0.041602692988859324,search-dependent,380 500 550 MX2
liu_short_baseline,power_0.72,30.000000000000004,shift_h,425,0.04889379200176425,search-dependent,380 500 550 MX2
liu_short_baseline,power_0.72,30.000000000000004,crew_veh_h,425,0.05343072265928783,search-dependent,500 550
liu_short_baseline,power_0.72,30.000000000000004,crew_team_h,425,0.05343072265928783,search-dependent,500 550
liu_short_baseline,power_0.72,30.000000000000004,shift_ot_h,425,0.04793455786531875,search-dependent,380 500 550 MX2
liu_short_baseline,power_0.84,5.1,shift_h,425,0.015280517414659744,search-dependent,380 500 550 MX2
liu_short_baseline,power_0.84,5.1,crew_veh_h,425,0.0174725596720402,search-dependent,500 550
liu_short_baseline,power_0.84,5.1,crew_team_h,425,0.0174725596720402,search-dependent,500 550
liu_short_baseline,power_0.84,5.1,shift_ot_h,425,0.014841702953553026,search-dependent,500 550
liu_short_baseline,power_0.84,6.364496630910889,shift_h,425,0.018587730922017043,search-dependent,380 500 550 MX2
liu_short_baseline,power_0.84,6.364496630910889,crew_veh_h,425,0.021177503200233483,search-dependent,500 550
liu_short_baseline,power_0.84,6.364496630910889,crew_team_h,425,0.021177503200233483,search-dependent,500 550
liu_short_baseline,power_0.84,6.364496630910889,shift_ot_h,425,0.01806704159878647,search-dependent,500 550
liu_short_baseline,power_0.84,7.9425132087992285,shift_h,425,0.02248785387580532,search-dependent,380 500 550 MX2
liu_short_baseline,power_0.84,7.9425132087992285,crew_veh_h,425,0.025512444830908088,search-dependent,500 550
liu_short_baseline,power_0.84,7.9425132087992285,crew_team_h,425,0.025512444830908088,search-dependent,500 550
liu_short_baseline,power_0.84,7.9425132087992285,shift_ot_h,425,0.021876630700960797,search-dependent,500 550
liu_short_baseline,power_0.84,9.911784031052534,shift_h,425,0.027033055747785584,search-dependent,380 500 550 MX2
liu_short_baseline,power_0.84,9.911784031052534,crew_veh_h,425,0.030518254097858133,search-dependent,500 550
liu_short_baseline,power_0.84,9.911784031052534,crew_team_h,425,0.030518254097858133,search-dependent,500 550
liu_short_baseline,power_0.84,9.911784031052534,shift_ot_h,425,0.026324565569202374,search-dependent,500 550
liu_short_baseline,power_0.84,12.36931687685298,shift_h,425,0.03225752710190544,search-dependent,380 500 550 MX2
liu_short_baseline,power_0.84,12.36931687685298,crew_veh_h,425,0.0362117318862345,search-dependent,500 550
liu_short_baseline,power_0.84,12.36931687685298,crew_team_h,425,0.0362117318862345,search-dependent,500 550
liu_short_baseline,power_0.84,12.36931687685298,shift_ot_h,425,0.031448224750916465,search-dependent,500 550
liu_short_baseline,power_0.84,15.436171684196077,shift_h,425,0.03816849117612131,search-dependent,380 500 550 MX2
liu_short_baseline,power_0.84,15.436171684196077,crew_veh_h,425,0.04257669700730804,search-dependent,500 550
liu_short_baseline,power_0.84,15.436171684196077,crew_team_h,425,0.04257669700730804,search-dependent,500 550
liu_short_baseline,power_0.84,15.436171684196077,shift_ot_h,425,0.037259352757907926,search-dependent,380 500 550 MX2
liu_short_baseline,power_0.84,19.26342405455451,shift_h,425,0.04473759272825251,search-dependent,380 500 550 MX2
liu_short_baseline,power_0.84,19.26342405455451,crew_veh_h,425,0.049556692837875005,search-dependent,500 550
liu_short_baseline,power_0.84,19.26342405455451,crew_team_h,425,0.049556692837875005,search-dependent,500 550
liu_short_baseline,power_0.84,19.26342405455451,shift_ot_h,425,0.04373528653319125,search-dependent,380 500 550 MX2
liu_short_baseline,power_0.84,24.039607351964708,shift_h,425,0.05189455811380883,search-dependent,380 500 550 MX2
liu_short_baseline,power_0.84,24.039607351964708,crew_veh_h,425,0.05705141885589682,search-dependent,500 550
liu_short_baseline,power_0.84,24.039607351964708,crew_team_h,425,0.05705141885589682,search-dependent,500 550
liu_short_baseline,power_0.84,24.039607351964708,shift_ot_h,425,0.05081214928565769,search-dependent,380 500 550 MX2
liu_short_baseline,power_0.84,30.000000000000004,shift_h,425,0.05952524457010022,search-dependent,380 500 550 MX2
liu_short_baseline,power_0.84,30.000000000000004,crew_veh_h,425,0.06491879697256464,search-dependent,500 550
liu_short_baseline,power_0.84,30.000000000000004,crew_team_h,425,0.047851270412045066,search-dependent,500 550 MX2
liu_short_baseline,power_0.84,30.000000000000004,shift_ot_h,425,0.058382131494534306,search-dependent,380 500 550 MX2
liu_short_baseline,power_0.96,5.1,shift_h,425,0.018517405188925418,search-dependent,380 500 550 MX2
liu_short_baseline,power_0.96,5.1,crew_veh_h,425,0.02115615467373555,search-dependent,500
liu_short_baseline,power_0.96,5.1,crew_team_h,425,0.02115615467373555,search-dependent,500
liu_short_baseline,power_0.96,5.1,shift_ot_h,425,0.017988637978580302,search-dependent,500 550
liu_short_baseline,power_0.96,6.364496630910889,shift_h,425,0.022496895875282252,search-dependent,380 500 550 MX2
liu_short_baseline,power_0.96,6.364496630910889,crew_veh_h,425,0.025606134336741304,search-dependent,500
liu_short_baseline,power_0.96,6.364496630910889,crew_team_h,425,0.025606134336741304,search-dependent,500
liu_short_baseline,power_0.96,6.364496630910889,shift_ot_h,425,0.02187102610286229,search-dependent,500 550
liu_short_baseline,power_0.96,7.9425132087992285,shift_h,425,0.02717699319068312,search-dependent,380 500 550 MX2
liu_short_baseline,power_0.96,7.9425132087992285,crew_veh_h,425,0.030796942946912154,search-dependent,500
liu_short_baseline,power_0.96,7.9425132087992285,crew_team_h,425,0.030796942946912154,search-dependent,500
liu_short_baseline,power_0.96,7.9425132087992285,shift_ot_h,425,0.026444448287037847,search-dependent,500 550
liu_short_baseline,power_0.96,9.911784031052534,shift_h,425,0.0326137384520544,search-dependent,380 500 550 MX2
liu_short_baseline,power_0.96,9.911784031052534,crew_veh_h,425,0.03676990276852443,search-dependent,500
liu_short_baseline,power_0.96,9.911784031052534,crew_team_h,425,0.03676990276852443,search-dependent,500
liu_short_baseline,power_0.96,9.911784031052534,shift_ot_h,425,0.03176750888716606,search-dependent,500 550
liu_short_baseline,power_0.96,12.36931687685298,shift_h,425,0.0388399241128603,search-dependent,380 500 550 MX2
liu_short_baseline,power_0.96,12.36931687685298,crew_veh_h,425,0.043535970302151616,search-dependent,500
liu_short_baseline,power_0.96,12.36931687685298,crew_team_h,425,0.043535970302151616,search-dependent,500
liu_short_baseline,power_0.96,12.36931687685298,shift_ot_h,425,0.0378770595683815,search-dependent,380 500 550 MX2
liu_short_baseline,power_0.96,15.436171684196077,shift_h,425,0.04585465526502208,search-dependent,380 500 550 MX2
liu_short_baseline,power_0.96,15.436171684196077,crew_veh_h,425,0.05106569726103993,search-dependent,500
liu_short_baseline,power_0.96,15.436171684196077,crew_team_h,425,0.05106569726103993,search-dependent,500
liu_short_baseline,power_0.96,15.436171684196077,shift_ot_h,425,0.044777786610616266,search-dependent,380 500 550 MX2
liu_short_baseline,power_0.96,19.26342405455451,shift_h,425,0.05361383154694144,search-dependent,380 500 550 MX2
liu_short_baseline,power_0.96,19.26342405455451,crew_veh_h,425,0.05928163826747834,search-dependent,500
liu_short_baseline,power_0.96,19.26342405455451,crew_team_h,425,0.05458188396259467,search-dependent,500
liu_short_baseline,power_0.96,19.26342405455451,shift_ot_h,425,0.05243242443540885,search-dependent,380 500 550 MX2
liu_short_baseline,power_0.96,24.039607351964708,shift_h,425,0.06202385163809354,search-dependent,380 500 550 MX2
liu_short_baseline,power_0.96,24.039607351964708,crew_veh_h,425,0.06805565316899709,search-dependent,500
liu_short_baseline,power_0.96,24.039607351964708,crew_team_h,425,0.04360777030249996,search-dependent,500 MX2
liu_short_baseline,power_0.96,24.039607351964708,shift_ot_h,425,0.06075483164389195,search-dependent,380 500 550 MX2
liu_short_baseline,power_0.96,30.000000000000004,shift_h,425,0.07094094402941975,search-dependent,380 500 550 MX2
liu_short_baseline,power_0.96,30.000000000000004,crew_veh_h,425,0.0772131207932305,search-dependent,500
liu_short_baseline,power_0.96,30.000000000000004,crew_team_h,425,0.032154052514810516,search-dependent,500 MX2
liu_short_baseline,power_0.96,30.000000000000004,shift_ot_h,425,0.06960836365165468,search-dependent,380 500 550 MX2
liu_short_tight,affine,5.1,shift_h,425,0.014720251274813467,search-dependent,500 550
liu_short_tight,affine,5.1,crew_veh_h,425,0.016707009894563196,search-dependent,500 550
liu_short_tight,affine,5.1,crew_team_h,425,0.016707009894563196,search-dependent,500 550
liu_short_tight,affine,5.1,shift_ot_h,425,0.014563736281365092,search-dependent,500 550
liu_short_tight,affine,6.364496630910889,shift_h,425,0.017916956583133636,search-dependent,500 550
liu_short_tight,affine,6.364496630910889,crew_veh_h,425,0.020267704578935675,search-dependent,500 550
liu_short_tight,affine,6.364496630910889,crew_team_h,425,0.020267704578935675,search-dependent,500 550
liu_short_tight,affine,6.364496630910889,shift_ot_h,425,0.017731101692041173,search-dependent,500 550
liu_short_tight,affine,7.9425132087992285,shift_h,425,0.02169169628512191,search-dependent,500 550
liu_short_tight,affine,7.9425132087992285,crew_veh_h,425,0.024441949924419504,search-dependent,500 550
liu_short_tight,affine,7.9425132087992285,crew_team_h,425,0.024441949924419504,search-dependent,500 550
liu_short_tight,affine,7.9425132087992285,shift_ot_h,425,0.02147333623387393,search-dependent,500 550
liu_short_tight,affine,9.911784031052534,shift_h,425,0.02609753227479672,search-dependent,500 550
liu_short_tight,affine,9.911784031052534,crew_veh_h,425,0.029273069477217195,search-dependent,500 550
liu_short_tight,affine,9.911784031052534,crew_team_h,425,0.029273069477217195,search-dependent,500 550
liu_short_tight,affine,9.911784031052534,shift_ot_h,425,0.025844166333707452,search-dependent,500 550
liu_short_tight,affine,12.36931687685298,shift_h,425,0.03117081525734644,search-dependent,500 550
liu_short_tight,affine,12.36931687685298,crew_veh_h,425,0.03478207996594551,search-dependent,500 550
liu_short_tight,affine,12.36931687685298,crew_team_h,425,0.03478207996594551,search-dependent,500 550
liu_short_tight,affine,12.36931687685298,shift_ot_h,425,0.030881059065234417,search-dependent,500 550
liu_short_tight,affine,15.436171684196077,shift_h,425,0.03692237112421726,search-dependent,500 550
liu_short_tight,affine,15.436171684196077,crew_veh_h,425,0.04095881269940138,search-dependent,500 550
liu_short_tight,affine,15.436171684196077,crew_team_h,425,0.04095881269940138,search-dependent,500 550
liu_short_tight,affine,15.436171684196077,shift_ot_h,425,0.036596439194598984,search-dependent,500 550
liu_short_tight,affine,19.26342405455451,shift_h,425,0.04332886836011407,search-dependent,500 550
liu_short_tight,affine,19.26342405455451,crew_veh_h,425,0.047754322877397115,search-dependent,500 550
liu_short_tight,affine,19.26342405455451,crew_team_h,425,0.047754322877397115,search-dependent,500 550
liu_short_tight,affine,19.26342405455451,shift_ot_h,425,0.04296900531084069,search-dependent,500 550
liu_short_tight,affine,24.039607351964708,shift_h,425,0.05032617859721422,search-dependent,500 550
liu_short_tight,affine,24.039607351964708,crew_veh_h,425,0.0550766347013989,search-dependent,500 550
liu_short_tight,affine,24.039607351964708,crew_team_h,425,0.0550766347013989,search-dependent,500 550
liu_short_tight,affine,24.039607351964708,shift_ot_h,425,0.049936930478657215,search-dependent,500 550
liu_short_tight,affine,30.000000000000004,shift_h,425,0.05780682278351579,search-dependent,500 550
liu_short_tight,affine,30.000000000000004,crew_veh_h,425,0.06279178664809049,search-dependent,500 550
liu_short_tight,affine,30.000000000000004,crew_team_h,425,0.06279178664809049,search-dependent,500 550
liu_short_tight,affine,30.000000000000004,shift_ot_h,425,0.05739503800695367,search-dependent,500 550
liu_short_tight,piecewise,5.1,shift_h,425,0.015935481591964784,search-dependent,500 550
liu_short_tight,piecewise,5.1,crew_veh_h,425,0.018079936252260786,search-dependent,500
liu_short_tight,piecewise,5.1,crew_team_h,425,0.018079936252260786,search-dependent,500
liu_short_tight,piecewise,5.1,shift_ot_h,425,0.01576647973536538,search-dependent,500 550
liu_short_tight,piecewise,6.364496630910889,shift_h,425,0.019385186456014836,search-dependent,500 550
liu_short_tight,piecewise,6.364496630910889,crew_veh_h,425,0.021919507767659052,search-dependent,500
liu_short_tight,piecewise,6.364496630910889,crew_team_h,425,0.021919507767659052,search-dependent,500
liu_short_tight,piecewise,6.364496630910889,shift_ot_h,425,0.019184728498497616,search-dependent,500 550
liu_short_tight,piecewise,7.9425132087992285,shift_h,425,0.023453682577825985,search-dependent,500 550
liu_short_tight,piecewise,7.9425132087992285,crew_veh_h,425,0.026414567728964,search-dependent,500
liu_short_tight,piecewise,7.9425132087992285,crew_team_h,425,0.026414567728964,search-dependent,500
liu_short_tight,piecewise,7.9425132087992285,shift_ot_h,425,0.023218476500523444,search-dependent,500 550
liu_short_tight,piecewise,9.911784031052534,shift_h,425,0.02819556577963689,search-dependent,500 550
liu_short_tight,piecewise,9.911784031052534,crew_veh_h,425,0.03160876349983921,search-dependent,500
liu_short_tight,piecewise,9.911784031052534,crew_team_h,425,0.03160876349983921,search-dependent,500
liu_short_tight,piecewise,9.911784031052534,shift_ot_h,425,0.027923073672591503,search-dependent,500 550
liu_short_tight,piecewise,12.36931687685298,shift_h,425,0.03364672284226122,search-dependent,500 550
liu_short_tight,piecewise,12.36931687685298,crew_veh_h,425,0.037521057009115344,search-dependent,500
liu_short_tight,piecewise,12.36931687685298,crew_team_h,425,0.037521057009115344,search-dependent,500
liu_short_tight,piecewise,12.36931687685298,shift_ot_h,425,0.033335646020588916,search-dependent,500 550
liu_short_tight,piecewise,15.436171684196077,shift_h,425,0.03981494684782172,search-dependent,500 550
liu_short_tight,piecewise,15.436171684196077,crew_veh_h,425,0.044136384495545355,search-dependent,500
liu_short_tight,piecewise,15.436171684196077,crew_team_h,425,0.044136384495545355,search-dependent,500
liu_short_tight,piecewise,15.436171684196077,shift_ot_h,425,0.03946573540843312,search-dependent,500 550
liu_short_tight,piecewise,19.26342405455451,shift_h,425,0.046670933607769305,search-dependent,500 550
liu_short_tight,piecewise,19.26342405455451,crew_veh_h,425,0.051397909838712064,search-dependent,500
liu_short_tight,piecewise,19.26342405455451,crew_team_h,425,0.051397909838712064,search-dependent,500
liu_short_tight,piecewise,19.26342405455451,shift_ot_h,425,0.04628622975815322,search-dependent,500 550
liu_short_tight,piecewise,24.039607351964708,shift_h,425,0.05414163368349345,search-dependent,500 550
liu_short_tight,piecewise,24.039607351964708,crew_veh_h,425,0.059203062276351526,search-dependent,500
liu_short_tight,piecewise,24.039607351964708,crew_team_h,425,0.059203062276351526,search-dependent,500
liu_short_tight,piecewise,24.039607351964708,shift_ot_h,425,0.053726531979588765,search-dependent,500 550
liu_short_tight,piecewise,30.000000000000004,shift_h,425,0.062108172537772344,search-dependent,500 550
liu_short_tight,piecewise,30.000000000000004,crew_veh_h,425,0.0674053804241459,search-dependent,500
liu_short_tight,piecewise,30.000000000000004,crew_team_h,425,0.0674053804241459,search-dependent,500
liu_short_tight,piecewise,30.000000000000004,shift_ot_h,425,0.0616701822805823,search-dependent,500 550
liu_short_tight,power_0.72,5.1,shift_h,425,0.012349076268830306,search-dependent,500 550
liu_short_tight,power_0.72,5.1,crew_veh_h,425,0.014021074015032164,search-dependent,500 550
liu_short_tight,power_0.72,5.1,crew_team_h,425,0.014021074015032164,search-dependent,500 550
liu_short_tight,power_0.72,5.1,shift_ot_h,425,0.012217411262532618,search-dependent,500 550
liu_short_tight,power_0.72,6.364496630910889,shift_h,425,0.01503994595554592,search-dependent,500 550
liu_short_tight,power_0.72,6.364496630910889,crew_veh_h,425,0.017020799049586754,search-dependent,500 550
liu_short_tight,power_0.72,6.364496630910889,crew_team_h,425,0.017020799049586754,search-dependent,500 550
liu_short_tight,power_0.72,6.364496630910889,shift_ot_h,425,0.014883410918167694,search-dependent,500 550
liu_short_tight,power_0.72,7.9425132087992285,shift_h,425,0.01822158102609439,search-dependent,500 550
liu_short_tight,power_0.72,7.9425132087992285,crew_veh_h,425,0.020542569506372788,search-dependent,500 550
liu_short_tight,power_0.72,7.9425132087992285,crew_team_h,425,0.020542569506372788,search-dependent,500 550
liu_short_tight,power_0.72,7.9425132087992285,shift_ot_h,425,0.018037406702854142,search-dependent,500 550
liu_short_tight,power_0.72,9.911784031052534,shift_h,425,0.02194091255046393,search-dependent,500 550
liu_short_tight,power_0.72,9.911784031052534,crew_veh_h,425,0.024625503237462265,search-dependent,500 550
liu_short_tight,power_0.72,9.911784031052534,crew_team_h,425,0.024625503237462265,search-dependent,500 550
liu_short_tight,power_0.72,9.911784031052534,shift_ot_h,425,0.021726856930494254,search-dependent,500 550
liu_short_tight,power_0.72,12.36931687685298,shift_h,425,0.026231397446737637,search-dependent,500 550
liu_short_tight,power_0.72,12.36931687685298,crew_veh_h,425,0.029290488753964672,search-dependent,500 550
liu_short_tight,power_0.72,12.36931687685298,crew_team_h,425,0.029290488753964672,search-dependent,500 550
liu_short_tight,power_0.72,12.36931687685298,shift_ot_h,425,0.02598612760369745,search-dependent,500 550
liu_short_tight,power_0.72,15.436171684196077,shift_h,425,0.031105504394480565,search-dependent,500 550
liu_short_tight,power_0.72,15.436171684196077,crew_veh_h,425,0.034532519534096195,search-dependent,500 550
liu_short_tight,power_0.72,15.436171684196077,crew_team_h,425,0.034532519534096195,search-dependent,500 550
liu_short_tight,power_0.72,15.436171684196077,shift_ot_h,425,0.030829011407394358,search-dependent,500 550
liu_short_tight,power_0.72,19.26342405455451,shift_h,425,0.036547194210421186,search-dependent,500 550
liu_short_tight,power_0.72,19.26342405455451,crew_veh_h,425,0.040313936160058406,search-dependent,500 550
liu_short_tight,power_0.72,19.26342405455451,crew_team_h,425,0.040313936160058406,search-dependent,500 550
liu_short_tight,power_0.72,19.26342405455451,shift_ot_h,425,0.036241174294524336,search-dependent,500 550
liu_short_tight,power_0.72,24.039607351964708,shift_h,425,0.04250589877576627,search-dependent,500 550
liu_short_tight,power_0.72,24.039607351964708,crew_veh_h,425,0.04656031010717143,search-dependent,500 550
liu_short_tight,power_0.72,24.039607351964708,crew_team_h,425,0.04656031010717143,search-dependent,500 550
liu_short_tight,power_0.72,24.039607351964708,shift_ot_h,425,0.04217400921187009,search-dependent,500 550
liu_short_tight,power_0.72,30.000000000000004,shift_h,425,0.04889379200176425,search-dependent,500 550
liu_short_tight,power_0.72,30.000000000000004,crew_veh_h,425,0.053160699861939165,search-dependent,500 550
liu_short_tight,power_0.72,30.000000000000004,crew_team_h,425,0.053160699861939165,search-dependent,500 550
liu_short_tight,power_0.72,30.000000000000004,shift_ot_h,425,0.04854168538112402,search-dependent,500 550
liu_short_tight,power_0.84,5.1,shift_h,425,0.015280517414659744,search-dependent,500 550
liu_short_tight,power_0.84,5.1,crew_veh_h,425,0.01733642407347702,search-dependent,500 550
liu_short_tight,power_0.84,5.1,crew_team_h,425,0.01733642407347702,search-dependent,500 550
liu_short_tight,power_0.84,5.1,shift_ot_h,425,0.015118489796615675,search-dependent,500 550
liu_short_tight,power_0.84,6.364496630910889,shift_h,425,0.018587730922017043,search-dependent,500 550
liu_short_tight,power_0.84,6.364496630910889,crew_veh_h,425,0.02101721128708589,search-dependent,500 550
liu_short_tight,power_0.84,6.364496630910889,crew_team_h,425,0.02101721128708589,search-dependent,500 550
liu_short_tight,power_0.84,6.364496630910889,shift_ot_h,425,0.018395559821463126,search-dependent,500 550
liu_short_tight,power_0.84,7.9425132087992285,shift_h,425,0.02248785387580532,search-dependent,500 550
liu_short_tight,power_0.84,7.9425132087992285,crew_veh_h,425,0.025325984565629067,search-dependent,500 550
liu_short_tight,power_0.84,7.9425132087992285,crew_team_h,425,0.025325984565629067,search-dependent,500 550
liu_short_tight,power_0.84,7.9425132087992285,shift_ot_h,425,0.022262391215306154,search-dependent,500 550
liu_short_tight,power_0.84,9.911784031052534,shift_h,425,0.027033055747785584,search-dependent,500 550
liu_short_tight,power_0.84,9.911784031052534,crew_veh_h,425,0.030304389343026594,search-dependent,500 550
liu_short_tight,power_0.84,9.911784031052534,crew_team_h,425,0.030304389343026594,search-dependent,500 550
liu_short_tight,power_0.84,9.911784031052534,shift_ot_h,425,0.02677187875847875,search-dependent,500 550
liu_short_tight,power_0.84,12.36931687685298,shift_h,425,0.03225752710190544,search-dependent,500 550
liu_short_tight,power_0.84,12.36931687685298,crew_veh_h,425,0.03597036689648658,search-dependent,500 550
liu_short_tight,power_0.84,12.36931687685298,crew_team_h,425,0.03597036689648658,search-dependent,500 550
liu_short_tight,power_0.84,12.36931687685298,shift_ot_h,425,0.03195940321916324,search-dependent,500 550
liu_short_tight,power_0.84,15.436171684196077,shift_h,425,0.03816849117612131,search-dependent,500 550
liu_short_tight,power_0.84,15.436171684196077,crew_veh_h,425,0.0423092158644105,search-dependent,500 550
liu_short_tight,power_0.84,15.436171684196077,crew_team_h,425,0.0423092158644105,search-dependent,500 550
liu_short_tight,power_0.84,15.436171684196077,shift_ot_h,425,0.0378338658067936,search-dependent,500 550
liu_short_tight,power_0.84,19.26342405455451,shift_h,425,0.04473759272825251,search-dependent,500 550
liu_short_tight,power_0.84,19.26342405455451,crew_veh_h,425,0.04926619448451919,search-dependent,500 550
liu_short_tight,power_0.84,19.26342405455451,crew_team_h,425,0.04926619448451919,search-dependent,500 550
liu_short_tight,power_0.84,19.26342405455451,shift_ot_h,425,0.04436901283071393,search-dependent,500 550
liu_short_tight,power_0.84,24.039607351964708,shift_h,425,0.05189455811380883,search-dependent,500 550
liu_short_tight,power_0.84,24.039607351964708,crew_veh_h,425,0.05674276238842446,search-dependent,500 550
liu_short_tight,power_0.84,24.039607351964708,crew_team_h,425,0.05674276238842446,search-dependent,500 550
liu_short_tight,power_0.84,24.039607351964708,shift_ot_h,425,0.05149691959066671,search-dependent,500 550
liu_short_tight,power_0.84,30.000000000000004,shift_h,425,0.05952524457010022,search-dependent,500 550
liu_short_tight,power_0.84,30.000000000000004,crew_veh_h,425,0.06459839383856014,search-dependent,500 550
liu_short_tight,power_0.84,30.000000000000004,crew_team_h,425,0.06459839383856014,search-dependent,500 550
liu_short_tight,power_0.84,30.000000000000004,shift_ot_h,425,0.05910575376468219,search-dependent,500 550
liu_short_tight,power_0.96,5.1,shift_h,425,0.018517405188925418,search-dependent,500 550
liu_short_tight,power_0.96,5.1,crew_veh_h,425,0.020992404586073876,search-dependent,500
liu_short_tight,power_0.96,5.1,crew_team_h,425,0.020992404586073876,search-dependent,500
liu_short_tight,power_0.96,5.1,shift_ot_h,425,0.018322184017116383,search-dependent,500 550
liu_short_tight,power_0.96,6.364496630910889,shift_h,425,0.022496895875282252,search-dependent,500 550
liu_short_tight,power_0.96,6.364496630910889,crew_veh_h,425,0.025413867880225594,search-dependent,500
liu_short_tight,power_0.96,6.364496630910889,crew_team_h,425,0.025413867880225594,search-dependent,500
liu_short_tight,power_0.96,6.364496630910889,shift_ot_h,425,0.022265934590212755,search-dependent,500 550
liu_short_tight,power_0.96,7.9425132087992285,shift_h,425,0.02717699319068312,search-dependent,500 550
liu_short_tight,power_0.96,7.9425132087992285,crew_veh_h,425,0.03057401988364261,search-dependent,500
liu_short_tight,power_0.96,7.9425132087992285,crew_team_h,425,0.03057401988364261,search-dependent,500
liu_short_tight,power_0.96,7.9425132087992285,shift_ot_h,425,0.026906817965903995,search-dependent,500 550
liu_short_tight,power_0.96,9.911784031052534,shift_h,425,0.0326137384520544,search-dependent,500 550
liu_short_tight,power_0.96,9.911784031052534,crew_veh_h,425,0.03651518050895919,search-dependent,500
liu_short_tight,power_0.96,9.911784031052534,crew_team_h,425,0.03651518050895919,search-dependent,500
liu_short_tight,power_0.96,9.911784031052534,shift_ot_h,425,0.03230183820981036,search-dependent,500 550
liu_short_tight,power_0.96,12.36931687685298,shift_h,425,0.0388399241128603,search-dependent,500 550
liu_short_tight,power_0.96,12.36931687685298,crew_veh_h,425,0.043249724809329315,search-dependent,500
liu_short_tight,power_0.96,12.36931687685298,crew_team_h,425,0.043249724809329315,search-dependent,500
liu_short_tight,power_0.96,12.36931687685298,shift_ot_h,425,0.038485300815324086,search-dependent,500 550
liu_short_tight,power_0.96,15.436171684196077,shift_h,425,0.04585465526502208,search-dependent,500 550
liu_short_tight,power_0.96,15.436171684196077,crew_veh_h,425,0.05074999444132522,search-dependent,500
liu_short_tight,power_0.96,15.436171684196077,crew_team_h,425,0.05074999444132522,search-dependent,500
liu_short_tight,power_0.96,15.436171684196077,shift_ot_h,425,0.04545837950861831,search-dependent,500 550
liu_short_tight,power_0.96,19.26342405455451,shift_h,425,0.05361383154694144,search-dependent,500 550
liu_short_tight,power_0.96,19.26342405455451,crew_veh_h,425,0.05894056022076266,search-dependent,500
liu_short_tight,power_0.96,19.26342405455451,crew_team_h,425,0.05894056022076266,search-dependent,500
liu_short_tight,power_0.96,19.26342405455451,shift_ot_h,425,0.05317949409127287,search-dependent,500 550
liu_short_tight,power_0.96,24.039607351964708,shift_h,425,0.06202385163809354,search-dependent,500 550
liu_short_tight,power_0.96,24.039607351964708,crew_veh_h,425,0.06769528365439559,search-dependent,500
liu_short_tight,power_0.96,24.039607351964708,crew_team_h,425,0.06769528365439559,search-dependent,500
liu_short_tight,power_0.96,24.039607351964708,shift_ot_h,425,0.06155777855474365,search-dependent,500 550
liu_short_tight,power_0.96,30.000000000000004,shift_h,425,0.07094094402941975,search-dependent,500 550
liu_short_tight,power_0.96,30.000000000000004,crew_veh_h,425,0.0768412286975293,search-dependent,500
liu_short_tight,power_0.96,30.000000000000004,crew_team_h,425,0.0768412286975293,search-dependent,500
liu_short_tight,power_0.96,30.000000000000004,shift_ot_h,425,0.07045205633777263,search-dependent,500 550
rohcha_long_baseline,affine,5.1,shift_h,550,0.36182955672217143,certain,
rohcha_long_baseline,affine,5.1,crew_veh_h,550,0.285681548338639,certain,
rohcha_long_baseline,affine,5.1,crew_team_h,550,0.08145576336917348,certain,
rohcha_long_baseline,affine,5.1,shift_ot_h,550,0.3509138547039343,certain,
rohcha_long_baseline,affine,6.364496630910889,shift_h,550,0.3590523455203196,certain,
rohcha_long_baseline,affine,6.364496630910889,crew_veh_h,550,0.285167113635062,certain,
rohcha_long_baseline,affine,6.364496630910889,crew_team_h,550,0.08700151493433661,certain,
rohcha_long_baseline,affine,6.364496630910889,shift_ot_h,550,0.3485878498165045,certain,
rohcha_long_baseline,affine,7.9425132087992285,shift_h,550,0.35580972767031205,certain,
rohcha_long_baseline,affine,7.9425132087992285,crew_veh_h,550,0.28456642425126444,certain,
rohcha_long_baseline,affine,7.9425132087992285,crew_team_h,550,0.09347711634149425,certain,
rohcha_long_baseline,affine,7.9425132087992285,shift_ot_h,550,0.34586270826605214,certain,
rohcha_long_baseline,affine,9.911784031052534,shift_h,550,0.35207443008282246,certain,
rohcha_long_baseline,affine,9.911784031052534,crew_veh_h,550,0.2838744061409797,certain,
rohcha_long_baseline,affine,9.911784031052534,crew_team_h,550,0.10093726724412444,certain,
rohcha_long_baseline,affine,9.911784031052534,shift_ot_h,550,0.3427109659911338,certain,
rohcha_long_baseline,affine,12.36931687685298,shift_h,550,0.34783786262431926,certain,
rohcha_long_baseline,affine,12.36931687685298,crew_veh_h,550,0.28308944190815977,certain,
rohcha_long_baseline,affine,12.36931687685298,crew_team_h,550,0.10939940362896139,certain,
rohcha_long_baseline,affine,12.36931687685298,shift_ot_h,550,0.33911990495898814,certain,
rohcha_long_baseline,affine,15.436171684196077,shift_h,550,0.34311651617374417,certain,
rohcha_long_baseline,affine,15.436171684196077,crew_veh_h,550,0.2822145578888977,certain,
rohcha_long_baseline,affine,15.436171684196077,crew_team_h,550,0.11883090073719171,certain,
rohcha_long_baseline,affine,15.436171684196077,shift_ot_h,550,0.3350972904755469,certain,
rohcha_long_baseline,affine,19.26342405455451,shift_h,550,0.33795692798799903,certain,
rohcha_long_baseline,affine,19.26342405455451,crew_veh_h,550,0.2812583472669816,certain,
rohcha_long_baseline,affine,19.26342405455451,crew_team_h,550,0.1291391216177944,certain,
rohcha_long_baseline,affine,19.26342405455451,shift_ot_h,550,0.3306762111188022,certain,
rohcha_long_baseline,affine,24.039607351964708,shift_h,550,0.33243766875850866,certain,
rohcha_long_baseline,affine,24.039607351964708,crew_veh_h,550,0.28023534267298067,certain,
rohcha_long_baseline,affine,24.039607351964708,crew_team_h,550,0.1401674004040112,certain,
rohcha_long_baseline,affine,24.039607351964708,shift_ot_h,550,0.3259176877574492,certain,
rohcha_long_baseline,affine,30.000000000000004,shift_h,550,0.3266670374496905,certain,
rohcha_long_baseline,affine,30.000000000000004,crew_veh_h,550,0.2791655940777662,certain,
rohcha_long_baseline,affine,30.000000000000004,crew_team_h,550,0.14443562268708066,certain,
rohcha_long_baseline,affine,30.000000000000004,shift_ot_h,550,0.32090979417557786,certain,
rohcha_long_baseline,piecewise,5.1,shift_h,550,0.3607704010606312,certain,
rohcha_long_baseline,piecewise,5.1,crew_veh_h,550,0.2849703189512358,certain,
rohcha_long_baseline,piecewise,5.1,crew_team_h,550,0.08167433762507859,certain,
rohcha_long_baseline,piecewise,5.1,shift_ot_h,550,0.3499579670605144,certain,
rohcha_long_baseline,piecewise,6.364496630910889,shift_h,550,0.35778639401789225,certain,
rohcha_long_baseline,piecewise,6.364496630910889,crew_veh_h,550,0.28430953901186995,certain,
rohcha_long_baseline,piecewise,6.364496630910889,crew_team_h,550,0.08723538990717805,certain,
rohcha_long_baseline,piecewise,6.364496630910889,shift_ot_h,550,0.34744179259715957,certain,
rohcha_long_baseline,piecewise,7.9425132087992285,shift_h,550,0.35430956897316235,certain,
rohcha_long_baseline,piecewise,7.9425132087992285,crew_veh_h,550,0.283539569517989,certain,
rohcha_long_baseline,piecewise,7.9425132087992285,crew_team_h,550,0.09371536963417082,certain,
rohcha_long_baseline,piecewise,7.9425132087992285,shift_ot_h,550,0.34449971706887794,certain,
rohcha_long_baseline,piecewise,9.911784031052534,shift_h,550,0.350314118686027,certain,
rohcha_long_baseline,piecewise,9.911784031052534,crew_veh_h,550,0.28265466714063203,certain,
rohcha_long_baseline,piecewise,9.911784031052534,crew_team_h,550,0.1011626120395015,certain,
rohcha_long_baseline,piecewise,9.911784031052534,shift_ot_h,550,0.34110495224860116,certain,
rohcha_long_baseline,piecewise,12.36931687685298,shift_h,550,0.345794928946787,certain,
rohcha_long_baseline,piecewise,12.36931687685298,crew_veh_h,550,0.2816536659579105,certain,
rohcha_long_baseline,piecewise,12.36931687685298,crew_team_h,550,0.10958692939529024,certain,
rohcha_long_baseline,piecewise,12.36931687685298,shift_ot_h,550,0.33724724498576886,certain,
rohcha_long_baseline,piecewise,15.436171684196077,shift_h,550,0.34077413379573573,certain,
rohcha_long_baseline,piecewise,15.436171684196077,crew_veh_h,550,0.28054143174668966,certain,
rohcha_long_baseline,piecewise,15.436171684196077,crew_team_h,550,0.11894737185133142,certain,
rohcha_long_baseline,piecewise,15.436171684196077,shift_ot_h,550,0.332938851480995,certain,
rohcha_long_baseline,piecewise,19.26342405455451,shift_h,550,0.33530591116711217,certain,
rohcha_long_baseline,piecewise,19.26342405455451,crew_veh_h,550,0.27932992840252946,certain,
rohcha_long_baseline,piecewise,19.26342405455451,crew_team_h,550,0.12914325256054227,certain,
rohcha_long_baseline,piecewise,19.26342405455451,shift_ot_h,550,0.32821934788344875,certain,
rohcha_long_baseline,piecewise,24.039607351964708,shift_h,550,0.32947790357228746,certain,
rohcha_long_baseline,piecewise,24.039607351964708,crew_veh_h,550,0.2780385383604198,certain,
rohcha_long_baseline,piecewise,24.039607351964708,crew_team_h,550,0.1303591228762,certain,
rohcha_long_baseline,piecewise,24.039607351964708,shift_ot_h,550,0.3231578558439041,certain,
rohcha_long_baseline,piecewise,30.000000000000004,shift_h,550,0.3234079848088174,certain,
rohcha_long_baseline,piecewise,30.000000000000004,crew_veh_h,550,0.2766933526695621,certain,
rohcha_long_baseline,piecewise,30.000000000000004,crew_team_h,550,0.12885349103512422,certain,
rohcha_long_baseline,piecewise,30.000000000000004,shift_ot_h,550,0.31785141878531453,certain,
rohcha_long_baseline,power_0.72,5.1,shift_h,550,0.36429477600144855,certain,
rohcha_long_baseline,power_0.72,5.1,crew_veh_h,550,0.2876149641870882,certain,
rohcha_long_baseline,power_0.72,5.1,crew_team_h,550,0.08197072153801721,certain,
rohcha_long_baseline,power_0.72,5.1,shift_ot_h,550,0.3531751147367219,certain,
rohcha_long_baseline,power_0.72,6.364496630910889,shift_h,550,0.36201836286443734,certain,
rohcha_long_baseline,power_0.72,6.364496630910889,crew_veh_h,550,0.28750740628351723,certain,
rohcha_long_baseline,power_0.72,6.364496630910889,crew_team_h,550,0.08767270779539005,certain,
rohcha_long_baseline,power_0.72,6.364496630910889,shift_ot_h,550,0.35131552759596807,certain,
rohcha_long_baseline,power_0.72,7.9425132087992285,shift_h,550,0.3593519924162951,certain,
rohcha_long_baseline,power_0.72,7.9425132087992285,crew_veh_h,550,0.287381414197478,certain,
rohcha_long_baseline,power_0.72,7.9425132087992285,crew_team_h,550,0.09435194864409557,certain,
rohcha_long_baseline,power_0.72,7.9425132087992285,shift_ot_h,550,0.3491301943000371,certain,
rohcha_long_baseline,power_0.72,9.911784031052534,shift_h,550,0.3562691219834664,certain,
rohcha_long_baseline,power_0.72,9.911784031052534,crew_veh_h,550,0.28723572923314267,certain,
rohcha_long_baseline,power_0.72,9.911784031052534,crew_team_h,550,0.1020751715497501,certain,
rohcha_long_baseline,power_0.72,9.911784031052534,shift_ot_h,550,0.34659377647929723,certain,
rohcha_long_baseline,power_0.72,12.36931687685298,shift_h,550,0.3527577095032104,certain,
rohcha_long_baseline,power_0.72,12.36931687685298,crew_veh_h,550,0.28706977689285385,certain,
rohcha_long_baseline,power_0.72,12.36931687685298,crew_team_h,550,0.11087283245878887,certain,
rohcha_long_baseline,power_0.72,12.36931687685298,shift_ot_h,550,0.34369199386670934,certain,
rohcha_long_baseline,power_0.72,15.436171684196077,shift_h,550,0.3488258028658451,certain,
rohcha_long_baseline,power_0.72,15.436171684196077,crew_veh_h,550,0.2868839313187159,certain,
rohcha_long_baseline,power_0.72,15.436171684196077,crew_team_h,550,0.12072509690932409,certain,
rohcha_long_baseline,power_0.72,15.436171684196077,shift_ot_h,550,0.3404264486187325,certain,
rohcha_long_baseline,power_0.72,19.26342405455451,shift_h,550,0.34450622861537483,certain,
rohcha_long_baseline,power_0.72,19.26342405455451,crew_veh_h,550,0.2866797374854022,certain,
rohcha_long_baseline,power_0.72,19.26342405455451,crew_team_h,550,0.13155006088443533,certain,
rohcha_long_baseline,power_0.72,19.26342405455451,shift_ot_h,550,0.33681896119415655,certain,
rohcha_long_baseline,power_0.72,24.039607351964708,shift_h,550,0.339859076847679,certain,
rohcha_long_baseline,power_0.72,24.039607351964708,crew_veh_h,550,0.28646002954406624,certain,
rohcha_long_baseline,power_0.72,24.039607351964708,crew_team_h,550,0.14319747702530927,certain,
rohcha_long_baseline,power_0.72,24.039607351964708,shift_ot_h,550,0.33291434170040146,certain,
rohcha_long_baseline,power_0.72,30.000000000000004,shift_h,550,0.33497076220778577,certain,
rohcha_long_baseline,power_0.72,30.000000000000004,crew_veh_h,550,0.2862288875241148,certain,
rohcha_long_baseline,power_0.72,30.000000000000004,crew_team_h,550,0.15545105000790516,certain,
rohcha_long_baseline,power_0.72,30.000000000000004,shift_ot_h,550,0.328780494762154,certain,
rohcha_long_baseline,power_0.84,5.1,shift_h,550,0.3616140517939195,certain,
rohcha_long_baseline,power_0.84,5.1,crew_veh_h,550,0.28573045347728865,certain,
rohcha_long_baseline,power_0.84,5.1,crew_team_h,550,0.08221312901130462,certain,
rohcha_long_baseline,power_0.84,5.1,shift_ot_h,550,0.3507456855023745,certain,
rohcha_long_baseline,power_0.84,6.364496630910889,shift_h,550,0.35880325949973657,certain,
rohcha_long_baseline,power_0.84,6.364496630910889,crew_veh_h,550,0.2852284494016426,certain,
rohcha_long_baseline,power_0.84,6.364496630910889,crew_team_h,550,0.08789466670971091,certain,
rohcha_long_baseline,power_0.84,6.364496630910889,shift_ot_h,550,0.3483933102238268,certain,
rohcha_long_baseline,power_0.84,7.9425132087992285,shift_h,550,0.3555266344639776,certain,
rohcha_long_baseline,power_0.84,7.9425132087992285,crew_veh_h,550,0.2846432030550159,certain,
rohcha_long_baseline,power_0.84,7.9425132087992285,crew_team_h,550,0.09451831648174269,certain,
rohcha_long_baseline,power_0.84,7.9425132087992285,shift_ot_h,550,0.34564145513409206,certain,
rohcha_long_baseline,power_0.84,9.911784031052534,shift_h,550,0.35175909022028007,certain,
rohcha_long_baseline,power_0.84,9.911784031052534,crew_veh_h,550,0.28397021234761066,certain,
rohcha_long_baseline,power_0.84,9.911784031052534,crew_team_h,550,0.10213503168445626,certain,
rohcha_long_baseline,power_0.84,9.911784031052534,shift_ot_h,550,0.3424644309218854,certain,
rohcha_long_baseline,power_0.84,12.36931687685298,shift_h,550,0.3474948986215387,certain,
rohcha_long_baseline,power_0.84,12.36931687685298,crew_veh_h,550,0.2832084287972936,certain,
rohcha_long_baseline,power_0.84,12.36931687685298,crew_team_h,550,0.11075667873697848,certain,
rohcha_long_baseline,power_0.84,12.36931687685298,shift_ot_h,550,0.3388518813386965,certain,
rohcha_long_baseline,power_0.84,15.436171684196077,shift_h,550,0.34275393752422834,certain,
rohcha_long_baseline,power_0.84,15.436171684196077,crew_veh_h,550,0.2823613753738323,certain,
rohcha_long_baseline,power_0.84,15.436171684196077,crew_team_h,550,0.12034338568106584,certain,
rohcha_long_baseline,power_0.84,15.436171684196077,shift_ot_h,550,0.3348144215382016,certain,
rohcha_long_baseline,power_0.84,19.26342405455451,shift_h,550,0.3375863293618404,certain,
rohcha_long_baseline,power_0.84,19.26342405455451,crew_veh_h,550,0.28143797831207396,certain,
rohcha_long_baseline,power_0.84,19.26342405455451,crew_team_h,550,0.13079412795885026,certain,
rohcha_long_baseline,power_0.84,19.26342405455451,shift_ot_h,550,0.3303882307068584,certain,
rohcha_long_baseline,power_0.84,24.039607351964708,shift_h,550,0.33207393793227524,certain,
rohcha_long_baseline,power_0.84,24.039607351964708,crew_veh_h,550,0.28045283886149575,certain,
rohcha_long_baseline,power_0.84,24.039607351964708,crew_team_h,550,0.13565885657588295,certain,
rohcha_long_baseline,power_0.84,24.039607351964708,shift_ot_h,550,0.32563726464225806,certain,
rohcha_long_baseline,power_0.84,30.000000000000004,shift_h,550,0.32632748831493497,certain,
rohcha_long_baseline,power_0.84,30.000000000000004,crew_veh_h,550,0.2794257235499913,certain,
rohcha_long_baseline,power_0.84,30.000000000000004,crew_team_h,550,0.13485716656519675,certain,
rohcha_long_baseline,power_0.84,30.000000000000004,shift_ot_h,550,0.3206518843555126,certain,
rohcha_long_baseline,power_0.96,5.1,shift_h,550,0.35861665993072456,certain,
rohcha_long_baseline,power_0.96,5.1,crew_veh_h,550,0.28358180318596515,certain,
rohcha_long_baseline,power_0.96,5.1,crew_team_h,550,0.08233147443045508,certain,
rohcha_long_baseline,power_0.96,5.1,shift_ot_h,550,0.34802052104848546,certain,
rohcha_long_baseline,power_0.96,6.364496630910889,shift_h,550,0.35522278520768547,certain,
rohcha_long_baseline,power_0.96,6.364496630910889,crew_veh_h,550,0.2826413499765634,certain,
rohcha_long_baseline,power_0.96,6.364496630910889,crew_team_h,550,0.0879611330924388,certain,
rohcha_long_baseline,power_0.96,6.364496630910889,shift_ot_h,550,0.3451280185625363,certain,
rohcha_long_baseline,power_0.96,7.9425132087992285,shift_h,550,0.35128640678938927,certain,
rohcha_long_baseline,power_0.96,7.9425132087992285,crew_veh_h,550,0.28155047821267054,certain,
rohcha_long_baseline,power_0.96,7.9425132087992285,crew_team_h,550,0.09449121413562045,certain,
rohcha_long_baseline,power_0.96,7.9425132087992285,shift_ot_h,550,0.3417606743483683,certain,
rohcha_long_baseline,power_0.96,9.911784031052534,shift_h,550,0.3467866075624957,certain,
rohcha_long_baseline,power_0.96,9.911784031052534,crew_veh_h,550,0.2803033508098456,certain,
rohcha_long_baseline,power_0.96,9.911784031052534,crew_team_h,550,0.10195665900382189,certain,
rohcha_long_baseline,power_0.96,9.911784031052534,shift_ot_h,550,0.3378948369822412,certain,
rohcha_long_baseline,power_0.96,12.36931687685298,shift_h,550,0.34172731581294213,certain,
rohcha_long_baseline,power_0.96,12.36931687685298,crew_veh_h,550,0.27890100967715337,certain,
rohcha_long_baseline,power_0.96,12.36931687685298,crew_team_h,550,0.11035123071222208,certain,
rohcha_long_baseline,power_0.96,12.36931687685298,shift_ot_h,550,0.3335271419104384,certain,
rohcha_long_baseline,power_0.96,15.436171684196077,shift_h,550,0.33614390351995116,certain,
rohcha_long_baseline,power_0.96,15.436171684196077,crew_veh_h,550,0.27735320855391343,certain,
rohcha_long_baseline,power_0.96,15.436171684196077,crew_team_h,550,0.11135022506351522,certain,
rohcha_long_baseline,power_0.96,15.436171684196077,shift_ot_h,550,0.3286807346276799,certain,
rohcha_long_baseline,power_0.96,19.26342405455451,shift_h,550,0.3301072831498859,certain,
rohcha_long_baseline,power_0.96,19.26342405455451,crew_veh_h,550,0.275679554983818,certain,
rohcha_long_baseline,power_0.96,19.26342405455451,crew_team_h,550,0.10664150891877311,certain,
rohcha_long_baseline,power_0.96,19.26342405455451,shift_ot_h,550,0.32340970438781036,certain,
rohcha_long_baseline,power_0.96,24.039607351964708,shift_h,550,0.32372381800239025,certain,
rohcha_long_baseline,power_0.96,24.039607351964708,crew_veh_h,550,0.2739094936479063,certain,
rohcha_long_baseline,power_0.96,24.039607351964708,crew_team_h,550,0.10166155575611469,certain,
rohcha_long_baseline,power_0.96,24.039607351964708,shift_ot_h,550,0.3178001834433801,certain,
rohcha_long_baseline,power_0.96,30.000000000000004,shift_h,550,0.317129944412192,certain,
rohcha_long_baseline,power_0.96,30.000000000000004,crew_veh_h,550,0.2720808239689143,certain,
rohcha_long_baseline,power_0.96,30.000000000000004,crew_team_h,550,0.09651671180828503,certain,
rohcha_long_baseline,power_0.96,30.000000000000004,shift_ot_h,550,0.3119669263646967,certain,
rohcha_long_tight,affine,5.1,shift_h,550,0.430608827263695,certain,
rohcha_long_tight,affine,5.1,crew_veh_h,550,0.2822637677173152,certain,
rohcha_long_tight,affine,5.1,crew_team_h,550,0.08311680551861778,certain,
rohcha_long_tight,affine,5.1,shift_ot_h,550,0.4281695965048882,certain,
rohcha_long_tight,affine,6.364496630910889,shift_h,550,0.42769135286983073,certain,
rohcha_long_tight,affine,6.364496630910889,crew_veh_h,550,0.28389126957121946,certain,
rohcha_long_tight,affine,6.364496630910889,crew_team_h,550,0.09120852785734401,certain,
rohcha_long_tight,affine,6.364496630910889,shift_ot_h,550,0.42535127570624476,certain,
rohcha_long_tight,affine,7.9425132087992285,shift_h,550,0.42428496644154,certain,
rohcha_long_tight,affine,7.9425132087992285,crew_veh_h,550,0.2857798664052722,certain,
rohcha_long_tight,affine,7.9425132087992285,crew_team_h,550,0.10059837964417562,certain,
rohcha_long_tight,affine,7.9425132087992285,shift_ot_h,550,0.42205860971468834,certain,
rohcha_long_tight,affine,9.911784031052534,shift_h,550,0.4203610174607426,certain,
rohcha_long_tight,affine,9.911784031052534,crew_veh_h,550,0.2879400220688211,certain,
rohcha_long_tight,affine,9.911784031052534,crew_team_h,550,0.11133838574366806,certain,
rohcha_long_tight,affine,9.911784031052534,shift_ot_h,550,0.4182629204832957,certain,
rohcha_long_tight,affine,12.36931687685298,shift_h,550,0.4159104819487798,certain,
rohcha_long_tight,affine,12.36931687685298,crew_veh_h,550,0.2903703474801562,certain,
rohcha_long_tight,affine,12.36931687685298,crew_team_h,550,0.12342163982666787,certain,
rohcha_long_tight,affine,12.36931687685298,shift_ot_h,550,0.4139543034243447,certain,
rohcha_long_tight,affine,15.436171684196077,shift_h,550,0.4109506836572665,certain,
rohcha_long_tight,affine,15.436171684196077,crew_veh_h,550,0.29305438980384446,certain,
rohcha_long_tight,affine,15.436171684196077,crew_team_h,550,0.13676634058788428,certain,
rohcha_long_tight,affine,15.436171684196077,shift_ot_h,550,0.4091482071164234,certain,
rohcha_long_tight,affine,19.26342405455451,shift_h,550,0.40553051020961517,certain,
rohcha_long_tight,affine,19.26342405455451,crew_veh_h,550,0.2959585965962619,certain,
rohcha_long_tight,affine,19.26342405455451,crew_team_h,550,0.15120566974877936,certain,
rohcha_long_tight,affine,19.26342405455451,shift_ot_h,550,0.4038906234653741,certain,
rohcha_long_tight,affine,24.039607351964708,shift_h,550,0.3997325005139887,certain,
rohcha_long_tight,affine,24.039607351964708,crew_veh_h,550,0.2990322720555638,certain,
rohcha_long_tight,affine,24.039607351964708,crew_team_h,550,0.16648757453823704,certain,
rohcha_long_tight,affine,24.039607351964708,shift_ot_h,550,0.3982603090191916,certain,
rohcha_long_tight,affine,30.000000000000004,shift_h,550,0.393670423179473,certain,
rohcha_long_tight,affine,30.000000000000004,crew_veh_h,550,0.3022100727174364,certain,
rohcha_long_tight,affine,30.000000000000004,crew_team_h,550,0.17523345229702314,certain,
rohcha_long_tight,affine,30.000000000000004,shift_ot_h,550,0.3923666679162141,certain,
rohcha_long_tight,piecewise,5.1,shift_h,550,0.4294961788919762,certain,
rohcha_long_tight,piecewise,5.1,crew_veh_h,550,0.28178572166385485,certain,
rohcha_long_tight,piecewise,5.1,crew_team_h,550,0.08363296961544653,certain,
rohcha_long_tight,piecewise,5.1,shift_ot_h,550,0.4270786653769898,certain,
rohcha_long_tight,piecewise,6.364496630910889,shift_h,550,0.4263614644228362,certain,
rohcha_long_tight,piecewise,6.364496630910889,crew_veh_h,550,0.2833048578464443,certain,
rohcha_long_tight,piecewise,6.364496630910889,crew_team_h,550,0.09178239084640927,certain,
rohcha_long_tight,piecewise,6.364496630910889,shift_ot_h,550,0.42404657779877786,certain,
rohcha_long_tight,piecewise,7.9425132087992285,shift_h,550,0.42270904215362526,certain,
rohcha_long_tight,piecewise,7.9425132087992285,crew_veh_h,550,0.28506376905707254,certain,
rohcha_long_tight,piecewise,7.9425132087992285,crew_team_h,550,0.10121808761115836,certain,
rohcha_long_tight,piecewise,7.9425132087992285,shift_ot_h,550,0.4205114750682184,certain,
rohcha_long_tight,piecewise,9.911784031052534,shift_h,550,0.4185118014479472,certain,
rohcha_long_tight,piecewise,9.911784031052534,crew_veh_h,550,0.2870704275398779,certain,
rohcha_long_tight,piecewise,9.911784031052534,crew_team_h,550,0.11198282709303253,certain,
rohcha_long_tight,piecewise,9.911784031052534,shift_ot_h,550,0.4164460518811184,certain,
rohcha_long_tight,piecewise,12.36931687685298,shift_h,550,0.4137643698026856,certain,
rohcha_long_tight,piecewise,12.36931687685298,crew_veh_h,550,0.28932149743744384,certain,
rohcha_long_tight,piecewise,12.36931687685298,crew_team_h,550,0.1240587140515903,certain,
rohcha_long_tight,piecewise,12.36931687685298,shift_ot_h,550,0.4118438429583833,certain,
rohcha_long_tight,piecewise,15.436171684196077,shift_h,550,0.40848999913895456,certain,
rohcha_long_tight,piecewise,15.436171684196077,crew_veh_h,550,0.29179953547348925,certain,
rohcha_long_tight,piecewise,15.436171684196077,crew_team_h,550,0.13735217385692478,certain,
rohcha_long_tight,piecewise,15.436171684196077,shift_ot_h,550,0.4067259852517422,certain,
rohcha_long_tight,piecewise,19.26342405455451,shift_h,550,0.40274560365029966,certain,
rohcha_long_tight,piecewise,19.26342405455451,crew_veh_h,550,0.29447138822286356,certain,
rohcha_long_tight,piecewise,19.26342405455451,crew_team_h,550,0.15168535462853971,certain,
rohcha_long_tight,piecewise,19.26342405455451,shift_ot_h,550,0.4011462595886621,certain,
rohcha_long_tight,piecewise,24.039607351964708,shift_h,550,0.39662325223755435,certain,
rohcha_long_tight,piecewise,24.039607351964708,crew_veh_h,550,0.297288508670412,certain,
rohcha_long_tight,piecewise,24.039607351964708,crew_team_h,550,0.15525461843434152,certain,
rohcha_long_tight,piecewise,24.039607351964708,shift_ot_h,550,0.3951927550672343,certain,
rohcha_long_tight,piecewise,30.000000000000004,shift_h,550,0.39024677192037394,certain,
rohcha_long_tight,piecewise,30.000000000000004,crew_veh_h,550,0.30018962277870265,certain,
rohcha_long_tight,piecewise,30.000000000000004,crew_team_h,550,0.1584528909176255,certain,
rohcha_long_tight,piecewise,30.000000000000004,shift_ot_h,550,0.38898481446946187,certain,
rohcha_long_tight,power_0.72,5.1,shift_h,550,0.43319855256717843,certain,
rohcha_long_tight,power_0.72,5.1,crew_veh_h,550,0.28397224558569056,certain,
rohcha_long_tight,power_0.72,5.1,crew_team_h,550,0.0833068774669874,certain,
rohcha_long_tight,power_0.72,5.1,shift_ot_h,550,0.43071732149311126,certain,
rohcha_long_tight,power_0.72,6.364496630910889,shift_h,550,0.4308071690697117,certain,
rohcha_long_tight,power_0.72,6.364496630910889,crew_veh_h,550,0.2859724165134845,certain,
rohcha_long_tight,power_0.72,6.364496630910889,crew_team_h,550,0.09151300200546286,certain,
rohcha_long_tight,power_0.72,6.364496630910889,shift_ot_h,550,0.42841807197190884,certain,
rohcha_long_tight,power_0.72,7.9425132087992285,shift_h,550,0.42800613344742144,certain,
rohcha_long_tight,power_0.72,7.9425132087992285,crew_veh_h,550,0.28830142652310053,certain,
rohcha_long_tight,power_0.72,7.9425132087992285,crew_team_h,550,0.1010682584711391,certain,
rohcha_long_tight,power_0.72,7.9425132087992285,shift_ot_h,550,0.42572334265952616,certain,
rohcha_long_tight,power_0.72,9.911784031052534,shift_h,550,0.4247675624876819,certain,
rohcha_long_tight,power_0.72,9.911784031052534,crew_veh_h,550,0.2909758610697246,certain,
rohcha_long_tight,power_0.72,9.911784031052534,crew_team_h,550,0.11204069220399027,certain,
rohcha_long_tight,power_0.72,9.911784031052534,shift_ot_h,550,0.42260551554631554,certain,
rohcha_long_tight,power_0.72,12.36931687685298,shift_h,550,0.4210788059427668,certain,
rohcha_long_tight,power_0.72,12.36931687685298,crew_veh_h,550,0.29399831528909837,certain,
rohcha_long_tight,power_0.72,12.36931687685298,crew_team_h,550,0.1244409502976187,certain,
rohcha_long_tight,power_0.72,12.36931687685298,shift_ot_h,550,0.4190514516142134,certain,
rohcha_long_tight,power_0.72,15.436171684196077,shift_h,550,0.4169483181621001,certain,
rohcha_long_tight,power_0.72,15.436171684196077,crew_veh_h,550,0.2973530682947283,certain,
rohcha_long_tight,power_0.72,15.436171684196077,crew_team_h,550,0.13820453448808667,certain,
rohcha_long_tight,power_0.72,15.436171684196077,shift_ot_h,550,0.4150681975213535,certain,
rohcha_long_tight,power_0.72,19.26342405455451,shift_h,550,0.4124105835959495,certain,
rohcha_long_tight,power_0.72,19.26342405455451,crew_veh_h,550,0.3010029808142367,certain,
rohcha_long_tight,power_0.72,19.26342405455451,crew_team_h,550,0.15317907305047718,certain,
rohcha_long_tight,power_0.72,19.26342405455451,shift_ot_h,550,0.41068783666466313,certain,
rohcha_long_tight,power_0.72,24.039607351964708,shift_h,550,0.4075287271935215,certain,
rohcha_long_tight,power_0.72,24.039607351964708,crew_veh_h,550,0.30488868817343673,certain,
rohcha_long_tight,power_0.72,24.039607351964708,crew_team_h,550,0.16912100984526335,certain,
rohcha_long_tight,power_0.72,24.039607351964708,shift_ot_h,550,0.40597016393913354,certain,
rohcha_long_tight,power_0.72,30.000000000000004,shift_h,550,0.40239352797585615,certain,
rohcha_long_tight,power_0.72,30.000000000000004,crew_veh_h,550,0.30893091763601,certain,
rohcha_long_tight,power_0.72,30.000000000000004,crew_team_h,550,0.18570511169477433,certain,
rohcha_long_tight,power_0.72,30.000000000000004,shift_ot_h,550,0.40100192662620127,certain,
rohcha_long_tight,power_0.84,5.1,shift_h,550,0.43038243824815803,certain,
rohcha_long_tight,power_0.84,5.1,crew_veh_h,550,0.28258013672315796,certain,
rohcha_long_tight,power_0.84,5.1,crew_team_h,550,0.08419078896324605,certain,
rohcha_long_tight,power_0.84,5.1,shift_ot_h,550,0.42795377816192315,certain,
rohcha_long_tight,power_0.84,6.364496630910889,shift_h,550,0.42742968674719806,certain,
rohcha_long_tight,power_0.84,6.364496630910889,crew_veh_h,550,0.28426549278971525,certain,
rohcha_long_tight,power_0.84,6.364496630910889,crew_team_h,550,0.09246712882612451,certain,
rohcha_long_tight,power_0.84,6.364496630910889,shift_ot_h,550,0.42510179603915477,certain,
rohcha_long_tight,power_0.84,7.9425132087992285,shift_h,550,0.42398757559852185,certain,
rohcha_long_tight,power_0.84,7.9425132087992285,crew_veh_h,550,0.2862178966060167,certain,
rohcha_long_tight,power_0.84,7.9425132087992285,crew_team_h,550,0.10205486987024659,certain,
rohcha_long_tight,power_0.84,7.9425132087992285,shift_ot_h,550,0.4217750437966894,certain,
rohcha_long_tight,power_0.84,9.911784031052534,shift_h,550,0.42002975134251663,certain,
rohcha_long_tight,power_0.84,9.911784031052534,crew_veh_h,550,0.28844666203720926,certain,
rohcha_long_tight,power_0.84,9.911784031052534,crew_team_h,550,0.11299975003486473,certain,
rohcha_long_tight,power_0.84,9.911784031052534,shift_ot_h,550,0.41794705041298963,certain,
rohcha_long_tight,power_0.84,12.36931687685298,shift_h,550,0.41555019653171765,certain,
rohcha_long_tight,power_0.84,12.36931687685298,crew_veh_h,550,0.29094861879701517,certain,
rohcha_long_tight,power_0.84,12.36931687685298,crew_team_h,550,0.12528620087885534,certain,
rohcha_long_tight,power_0.84,12.36931687685298,shift_ot_h,550,0.41361080840628595,certain,
rohcha_long_tight,power_0.84,15.436171684196077,shift_h,550,0.41056979295474494,certain,
rohcha_long_tight,power_0.84,15.436171684196077,crew_veh_h,550,0.2937049540202943,certain,
rohcha_long_tight,power_0.84,15.436171684196077,crew_team_h,550,0.13882183737523057,certain,
rohcha_long_tight,power_0.84,15.436171684196077,shift_ot_h,550,0.4087852067006468,certain,
rohcha_long_tight,power_0.84,19.26342405455451,shift_h,550,0.4051411944811252,certain,
rohcha_long_tight,power_0.84,19.26342405455451,crew_veh_h,550,0.2966793557874976,certain,
rohcha_long_tight,power_0.84,19.26342405455451,crew_team_h,550,0.15342834124856775,certain,
rohcha_long_tight,power_0.84,19.26342405455451,shift_ot_h,550,0.40351989461712856,certain,
rohcha_long_tight,power_0.84,24.039607351964708,shift_h,550,0.3993503994440064,certain,
rohcha_long_tight,power_0.84,24.039607351964708,crew_veh_h,550,0.29981827140401696,certain,
rohcha_long_tight,power_0.84,24.039607351964708,crew_team_h,550,0.1610808911707744,certain,
rohcha_long_tight,power_0.84,24.039607351964708,shift_ot_h,550,0.3978970082944795,certain,
rohcha_long_tight,power_0.84,30.000000000000004,shift_h,550,0.3933137250985177,certain,
rohcha_long_tight,power_0.84,30.000000000000004,crew_veh_h,550,0.3030537795783572,certain,
rohcha_long_tight,power_0.84,30.000000000000004,crew_team_h,550,0.16503471226047828,certain,
rohcha_long_tight,power_0.84,30.000000000000004,shift_ot_h,550,0.39202846743129216,certain,
rohcha_long_tight,power_0.96,5.1,shift_h,550,0.42723366295752885,certain,
rohcha_long_tight,power_0.96,5.1,crew_veh_h,550,0.28093829430254624,certain,
rohcha_long_tight,power_0.96,5.1,crew_team_h,550,0.08496980739083027,certain,
rohcha_long_tight,power_0.96,5.1,shift_ot_h,550,0.42486182428716446,certain,
rohcha_long_tight,power_0.96,6.364496630910889,shift_h,550,0.42366838042019506,certain,
rohcha_long_tight,power_0.96,6.364496630910889,crew_veh_h,550,0.2822648700096162,certain,
rohcha_long_tight,power_0.96,6.364496630910889,crew_team_h,550,0.09328309802223878,certain,
rohcha_long_tight,power_0.96,6.364496630910889,shift_ot_h,550,0.42140620902959136,certain,
rohcha_long_tight,power_0.96,7.9425132087992285,shift_h,550,0.41953319501107567,certain,
rohcha_long_tight,power_0.96,7.9425132087992285,crew_veh_h,550,0.283793331629564,certain,
rohcha_long_tight,power_0.96,7.9425132087992285,crew_team_h,550,0.10286155298554234,certain,
rohcha_long_tight,power_0.96,7.9425132087992285,shift_ot_h,550,0.417395524037973,certain,
rohcha_long_tight,power_0.96,9.911784031052534,shift_h,550,0.41480613319696524,certain,
rohcha_long_tight,power_0.96,9.911784031052534,crew_veh_h,550,0.2855273343885911,certain,
rohcha_long_tight,power_0.96,9.911784031052534,crew_team_h,550,0.11372807859326417,certain,
rohcha_long_tight,power_0.96,9.911784031052534,shift_ot_h,550,0.41280723065773595,certain,
rohcha_long_tight,power_0.96,12.36931687685298,shift_h,550,0.4094913216620806,certain,
rohcha_long_tight,power_0.96,12.36931687685298,crew_veh_h,550,0.2874602861809241,certain,
rohcha_long_tight,power_0.96,12.36931687685298,crew_team_h,550,0.12584136390410405,certain,
rohcha_long_tight,power_0.96,12.36931687685298,shift_ot_h,550,0.4076439108648393,certain,
rohcha_long_tight,power_0.96,15.436171684196077,shift_h,550,0.4036259188492415,certain,
rohcha_long_tight,power_0.96,15.436171684196077,crew_veh_h,550,0.2895732984517201,certain,
rohcha_long_tight,power_0.96,15.436171684196077,crew_team_h,550,0.12575786726426186,certain,
rohcha_long_tight,power_0.96,15.436171684196077,shift_ot_h,550,0.4019401189737166,certain,
rohcha_long_tight,power_0.96,19.26342405455451,shift_h,550,0.3972844186625062,certain,
rohcha_long_tight,power_0.96,19.26342405455451,crew_veh_h,550,0.29183434897264293,certain,
rohcha_long_tight,power_0.96,19.26342405455451,crew_team_h,550,0.12511881355441434,certain,
rohcha_long_tight,power_0.96,19.26342405455451,shift_ot_h,550,0.39576675695616514,certain,
rohcha_long_tight,power_0.96,24.039607351964708,shift_h,550,0.390578556285339,certain,
rohcha_long_tight,power_0.96,24.039607351964708,crew_veh_h,550,0.2941991982947163,certain,
rohcha_long_tight,power_0.96,24.039607351964708,crew_team_h,550,0.12445042259255112,certain,
rohcha_long_tight,power_0.96,24.039607351964708,shift_ot_h,550,0.3892312317590658,certain,
rohcha_long_tight,power_0.96,30.000000000000004,shift_h,550,0.38365165877644425,certain,
rohcha_long_tight,power_0.96,30.000000000000004,crew_veh_h,550,0.2966142801799956,certain,
rohcha_long_tight,power_0.96,30.000000000000004,crew_team_h,550,0.12376783411251013,certain,
rohcha_long_tight,power_0.96,30.000000000000004,shift_ot_h,550,0.38247221846149615,certain,
rohcha_massdep_baseline,affine,5.1,shift_h,550,0.32056199439725686,certain,
rohcha_massdep_baseline,affine,5.1,crew_veh_h,550,0.3151004487430813,certain,
rohcha_massdep_baseline,affine,5.1,crew_team_h,550,0.08189625581545701,certain,
rohcha_massdep_baseline,affine,5.1,shift_ot_h,550,0.33319889834027827,certain,
rohcha_massdep_baseline,affine,6.364496630910889,shift_h,550,0.31786894111061303,certain,
rohcha_massdep_baseline,affine,6.364496630910889,crew_veh_h,550,0.31242870134261413,certain,
rohcha_massdep_baseline,affine,6.364496630910889,crew_team_h,550,0.0865383226170795,certain,
rohcha_massdep_baseline,affine,6.364496630910889,shift_ot_h,550,0.33023176640044416,certain,
rohcha_massdep_baseline,affine,7.9425132087992285,shift_h,550,0.3147245844075752,certain,
rohcha_massdep_baseline,affine,7.9425132087992285,crew_veh_h,550,0.3093207277066494,certain,
rohcha_massdep_baseline,affine,7.9425132087992285,crew_team_h,550,0.0919383171050705,certain,
rohcha_massdep_baseline,affine,7.9425132087992285,shift_ot_h,550,0.3267597988907387,certain,
rohcha_massdep_baseline,affine,9.911784031052534,shift_h,550,0.31110247765607024,certain,
rohcha_massdep_baseline,affine,9.911784031052534,crew_veh_h,550,0.30575580504849276,certain,
rohcha_massdep_baseline,affine,9.911784031052534,crew_team_h,550,0.09813224438984536,certain,
rohcha_massdep_baseline,affine,9.911784031052534,shift_ot_h,550,0.32275011774158147,certain,
rohcha_massdep_baseline,affine,12.36931687685298,shift_h,550,0.3069942910296428,certain,
rohcha_massdep_baseline,affine,12.36931687685298,crew_veh_h,550,0.30173213129047793,certain,
rohcha_massdep_baseline,affine,12.36931687685298,crew_team_h,550,0.1051232355177385,certain,
rohcha_massdep_baseline,affine,12.36931687685298,shift_ot_h,550,0.3181890912846288,certain,
rohcha_massdep_baseline,affine,15.436171684196077,shift_h,550,0.30241601568363063,certain,
rohcha_massdep_baseline,affine,15.436171684196077,crew_veh_h,550,0.29727246256310536,certain,
rohcha_massdep_baseline,affine,15.436171684196077,crew_team_h,550,0.11287175251524673,certain,
rohcha_massdep_baseline,affine,15.436171684196077,shift_ot_h,550,0.313089484502002,certain,
rohcha_massdep_baseline,affine,19.26342405455451,shift_h,550,0.29741277865502913,certain,
rohcha_massdep_baseline,affine,19.26342405455451,crew_veh_h,550,0.29242802976873605,certain,
rohcha_massdep_baseline,affine,19.26342405455451,crew_team_h,550,0.12128878349785288,certain,
rohcha_massdep_baseline,affine,19.26342405455451,shift_ot_h,550,0.3074963215376647,certain,
rohcha_massdep_baseline,affine,24.039607351964708,shift_h,550,0.29206076970522044,certain,
rohcha_massdep_baseline,affine,24.039607351964708,crew_veh_h,550,0.28727932568512937,certain,
rohcha_massdep_baseline,affine,24.039607351964708,crew_team_h,550,0.13023447510541497,certain,
rohcha_massdep_baseline,affine,24.039607351964708,shift_ot_h,550,0.3014897736582527,certain,
rohcha_massdep_baseline,affine,30.000000000000004,shift_h,550,0.28646500601182123,certain,
rohcha_massdep_baseline,affine,30.000000000000004,crew_veh_h,550,0.2819327134477849,certain,
rohcha_massdep_baseline,affine,30.000000000000004,crew_team_h,550,0.139524025144383,certain,
rohcha_massdep_baseline,affine,30.000000000000004,shift_ot_h,550,0.29518353818870824,certain,
rohcha_massdep_baseline,piecewise,5.1,shift_h,550,0.3195349343618241,certain,
rohcha_massdep_baseline,piecewise,5.1,crew_veh_h,550,0.314040941578867,certain,
rohcha_massdep_baseline,piecewise,5.1,crew_team_h,550,0.08196054956209786,certain,
rohcha_massdep_baseline,piecewise,5.1,shift_ot_h,550,0.3321509552964772,certain,
rohcha_massdep_baseline,piecewise,6.364496630910889,shift_h,550,0.3166413517749258,certain,
rohcha_massdep_baseline,piecewise,6.364496630910889,crew_veh_h,550,0.311164801805317,certain,
rohcha_massdep_baseline,piecewise,6.364496630910889,crew_team_h,550,0.08658894929374594,certain,
rohcha_massdep_baseline,piecewise,6.364496630910889,shift_ot_h,550,0.32897857240736084,certain,
rohcha_massdep_baseline,piecewise,7.9425132087992285,shift_h,550,0.31326988506488496,certain,
rohcha_massdep_baseline,piecewise,7.9425132087992285,crew_veh_h,550,0.3078263307544409,certain,
rohcha_massdep_baseline,piecewise,7.9425132087992285,crew_team_h,550,0.0919613511005335,certain,
rohcha_massdep_baseline,piecewise,7.9425132087992285,shift_ot_h,550,0.3252739411247574,certain,
rohcha_massdep_baseline,piecewise,9.911784031052534,shift_h,550,0.30939550902887447,certain,
rohcha_massdep_baseline,piecewise,9.911784031052534,crew_veh_h,550,0.3040066114889608,certain,
rohcha_massdep_baseline,piecewise,9.911784031052534,crew_team_h,550,0.09810819687830286,certain,
rohcha_massdep_baseline,piecewise,9.911784031052534,shift_ot_h,550,0.32100560601129113,certain,
rohcha_massdep_baseline,piecewise,12.36931687685298,shift_h,550,0.30501326443324817,certain,
rohcha_massdep_baseline,piecewise,12.36931687685298,crew_veh_h,550,0.29970761232108045,certain,
rohcha_massdep_baseline,piecewise,12.36931687685298,crew_team_h,550,0.10502631913993943,certain,
rohcha_massdep_baseline,piecewise,12.36931687685298,shift_ot_h,550,0.31616339739836397,certain,
rohcha_massdep_baseline,piecewise,15.436171684196077,shift_h,550,0.3001446145898041,certain,
rohcha_massdep_baseline,piecewise,15.436171684196077,crew_veh_h,550,0.2949579063358376,certain,
rohcha_massdep_baseline,piecewise,15.436171684196077,crew_team_h,550,0.11266973692848903,certain,
rohcha_massdep_baseline,piecewise,15.436171684196077,shift_ot_h,550,0.31076576625219854,certain,
rohcha_massdep_baseline,piecewise,19.26342405455451,shift_h,550,0.29484209567719977,certain,
rohcha_massdep_baseline,piecewise,19.26342405455451,crew_veh_h,550,0.2898163388524877,certain,
rohcha_massdep_baseline,piecewise,19.26342405455451,crew_team_h,550,0.12094375399088553,certain,
rohcha_massdep_baseline,piecewise,19.26342405455451,shift_ot_h,550,0.30486550181396255,certain,
rohcha_massdep_baseline,piecewise,24.039607351964708,shift_h,550,0.28919069437312706,certain,
rohcha_massdep_baseline,piecewise,24.039607351964708,crew_veh_h,550,0.2843721900444345,certain,
rohcha_massdep_baseline,piecewise,24.039607351964708,crew_team_h,550,0.1297046970834208,certain,
rohcha_massdep_baseline,piecewise,24.039607351964708,shift_ot_h,550,0.29855206310227245,certain,
rohcha_massdep_baseline,piecewise,30.000000000000004,shift_h,550,0.2833047125418837,certain,
rohcha_massdep_baseline,piecewise,30.000000000000004,crew_veh_h,550,0.27874084692563716,certain,
rohcha_massdep_baseline,piecewise,30.000000000000004,crew_team_h,550,0.1305382055665092,certain,
rohcha_massdep_baseline,piecewise,30.000000000000004,shift_ot_h,550,0.2919490124192621,certain,
rohcha_massdep_baseline,power_0.72,5.1,shift_h,550,0.322952510062011,certain,
rohcha_massdep_baseline,power_0.72,5.1,crew_veh_h,550,0.31758923991228083,certain,
rohcha_massdep_baseline,power_0.72,5.1,crew_team_h,550,0.0826694792966074,certain,
rohcha_massdep_baseline,power_0.72,5.1,shift_ot_h,550,0.33559245261091086,certain,
rohcha_massdep_baseline,power_0.72,6.364496630910889,shift_h,550,0.3207450791412725,certain,
rohcha_massdep_baseline,power_0.72,6.364496630910889,crew_veh_h,550,0.31541799077610233,certain,
rohcha_massdep_baseline,power_0.72,6.364496630910889,crew_team_h,550,0.08751577818890821,certain,
rohcha_massdep_baseline,power_0.72,6.364496630910889,shift_ot_h,550,0.33311292379559054,certain,
rohcha_massdep_baseline,power_0.72,7.9425132087992285,shift_h,550,0.3181595077976196,certain,
rohcha_massdep_baseline,power_0.72,7.9425132087992285,crew_veh_h,550,0.31288381279868127,certain,
rohcha_massdep_baseline,power_0.72,7.9425132087992285,crew_team_h,550,0.09317214609263447,certain,
rohcha_massdep_baseline,power_0.72,7.9425132087992285,shift_ot_h,550,0.3302025253246246,certain,
rohcha_massdep_baseline,power_0.72,9.911784031052534,shift_h,550,0.3151700576809371,certain,
rohcha_massdep_baseline,power_0.72,9.911784031052534,crew_veh_h,550,0.3099658361639155,certain,
rohcha_massdep_baseline,power_0.72,9.911784031052534,crew_team_h,550,0.09968516511804038,certain,
rohcha_massdep_baseline,power_0.72,9.911784031052534,shift_ot_h,550,0.3268292526241101,certain,
rohcha_massdep_baseline,power_0.72,12.36931687685298,shift_h,550,0.311765051639477,certain,
rohcha_massdep_baseline,power_0.72,12.36931687685298,crew_veh_h,550,0.30665788018695084,certain,
rohcha_massdep_baseline,power_0.72,12.36931687685298,crew_team_h,550,0.10706863075532014,certain,
rohcha_massdep_baseline,power_0.72,12.36931687685298,shift_ot_h,550,0.32297624142692927,certain,
rohcha_massdep_baseline,power_0.72,15.436171684196077,shift_h,550,0.3079522936880923,certain,
rohcha_massdep_baseline,power_0.72,15.436171684196077,crew_veh_h,550,0.3029734153257304,certain,
rohcha_massdep_baseline,power_0.72,15.436171684196077,crew_team_h,550,0.11529247650297347,certain,
rohcha_massdep_baseline,power_0.72,15.436171684196077,shift_ot_h,550,0.3186480814984709,certain,
rohcha_massdep_baseline,power_0.72,19.26342405455451,shift_h,550,0.30376361562703025,certain,
rohcha_massdep_baseline,power_0.72,19.26342405455451,crew_veh_h,550,0.29894937622319895,certain,
rohcha_massdep_baseline,power_0.72,19.26342405455451,crew_team_h,550,0.12427426303323874,certain,
rohcha_massdep_baseline,power_0.72,19.26342405455451,shift_ot_h,550,0.31387635754981336,certain,
rohcha_massdep_baseline,power_0.72,24.039607351964708,shift_h,550,0.2992572866401737,certain,
rohcha_massdep_baseline,power_0.72,24.039607351964708,crew_veh_h,550,0.2946476226489396,certain,
rohcha_massdep_baseline,power_0.72,24.039607351964708,crew_team_h,550,0.13387591732270465,certain,
rohcha_massdep_baseline,power_0.72,24.039607351964708,shift_ot_h,550,0.3087229849100628,certain,
rohcha_massdep_baseline,power_0.72,30.000000000000004,shift_h,550,0.294517102746944,certain,
rohcha_massdep_baseline,power_0.72,30.000000000000004,crew_veh_h,550,0.2901530377745516,certain,
rohcha_massdep_baseline,power_0.72,30.000000000000004,crew_team_h,550,0.14390797736370087,certain,
rohcha_massdep_baseline,power_0.72,30.000000000000004,shift_ot_h,550,0.30327991857561454,certain,
rohcha_massdep_baseline,power_0.84,5.1,shift_h,550,0.32035301992137666,certain,
rohcha_massdep_baseline,power_0.84,5.1,crew_veh_h,550,0.31489955834030914,certain,
rohcha_massdep_baseline,power_0.84,5.1,crew_team_h,550,0.08255169592881573,certain,
rohcha_massdep_baseline,power_0.84,5.1,shift_ot_h,550,0.3329546039452833,certain,
rohcha_massdep_baseline,power_0.84,6.364496630910889,shift_h,550,0.3176274031512598,certain,
rohcha_massdep_baseline,power_0.84,6.364496630910889,crew_veh_h,550,0.312197900739392,certain,
rohcha_massdep_baseline,power_0.84,6.364496630910889,crew_team_h,550,0.08730942392757624,certain,
rohcha_massdep_baseline,power_0.84,6.364496630910889,shift_ot_h,550,0.32994792867187783,certain,
rohcha_massdep_baseline,power_0.84,7.9425132087992285,shift_h,550,0.31445006978325085,certain,
rohcha_massdep_baseline,power_0.84,7.9425132087992285,crew_veh_h,550,0.3090603374355183,certain,
rohcha_massdep_baseline,power_0.84,7.9425132087992285,crew_team_h,550,0.0928347994502392,certain,
rohcha_massdep_baseline,power_0.84,7.9425132087992285,shift_ot_h,550,0.32643511491877786,certain,
rohcha_massdep_baseline,power_0.84,9.911784031052534,shift_h,550,0.3107966935469384,certain,
rohcha_massdep_baseline,power_0.84,9.911784031052534,crew_veh_h,550,0.3054683479351481,certain,
rohcha_massdep_baseline,power_0.84,9.911784031052534,crew_team_h,550,0.09916043783289918,certain,
rohcha_massdep_baseline,power_0.84,9.911784031052534,shift_ot_h,550,0.3223855230580128,certain,
rohcha_massdep_baseline,power_0.84,12.36931687685298,shift_h,550,0.3066617198754318,certain,
rohcha_massdep_baseline,power_0.84,12.36931687685298,crew_veh_h,550,0.3014229195546918,certain,
rohcha_massdep_baseline,power_0.84,12.36931687685298,crew_team_h,550,0.10628460037153586,certain,
rohcha_massdep_baseline,power_0.84,12.36931687685298,shift_ot_h,550,0.31778853314114364,certain,
rohcha_massdep_baseline,power_0.84,15.436171684196077,shift_h,550,0.3020644242659183,certain,
rohcha_massdep_baseline,power_0.84,15.436171684196077,crew_veh_h,550,0.2969499991830611,certain,
rohcha_massdep_baseline,power_0.84,15.436171684196077,crew_team_h,550,0.11416159354828426,certain,
rohcha_massdep_baseline,power_0.84,15.436171684196077,shift_ot_h,550,0.31266056819767885,certain,
rohcha_massdep_baseline,power_0.84,19.26342405455451,shift_h,550,0.2970534102902693,certain,
rohcha_massdep_baseline,power_0.84,19.26342405455451,crew_veh_h,550,0.29210406088675356,certain,
rohcha_massdep_baseline,power_0.84,19.26342405455451,crew_team_h,550,0.12269548633498739,certain,
rohcha_massdep_baseline,power_0.84,19.26342405455451,shift_ot_h,550,0.3070506380241067,certain,
rohcha_massdep_baseline,power_0.84,24.039607351964708,shift_h,550,0.2917080610252367,certain,
rohcha_massdep_baseline,power_0.84,24.039607351964708,crew_veh_h,550,0.28696840972275384,certain,
rohcha_massdep_baseline,power_0.84,24.039607351964708,crew_team_h,550,0.13173957516642743,certain,
rohcha_massdep_baseline,power_0.84,24.039607351964708,shift_ot_h,550,0.3010427181542785,certain,
rohcha_massdep_baseline,power_0.84,30.000000000000004,shift_h,550,0.2861357462447853,certain,
rohcha_massdep_baseline,power_0.84,30.000000000000004,crew_veh_h,550,0.28165126332169566,certain,
rohcha_massdep_baseline,power_0.84,30.000000000000004,crew_team_h,550,0.13677307697029306,certain,
rohcha_massdep_baseline,power_0.84,30.000000000000004,shift_ot_h,550,0.29475350135939915,certain,
rohcha_massdep_baseline,power_0.96,5.1,shift_h,550,0.3174464581146419,certain,
rohcha_massdep_baseline,power_0.96,5.1,crew_veh_h,550,0.31189271947223474,certain,
rohcha_massdep_baseline,power_0.96,5.1,crew_team_h,550,0.08228267758212437,certain,
rohcha_massdep_baseline,power_0.96,5.1,shift_ot_h,550,0.3300096552731189,certain,
rohcha_massdep_baseline,power_0.96,6.364496630910889,shift_h,550,0.31415542808018015,certain,
rohcha_massdep_baseline,power_0.96,6.364496630910889,crew_veh_h,550,0.30861324427185766,certain,
rohcha_massdep_baseline,power_0.96,6.364496630910889,crew_team_h,550,0.08691772699547862,certain,
rohcha_massdep_baseline,power_0.96,6.364496630910889,shift_ot_h,550,0.3264281852585855,certain,
rohcha_massdep_baseline,power_0.96,7.9425132087992285,shift_h,550,0.31033833385637744,certain,
rohcha_massdep_baseline,power_0.96,7.9425132087992285,crew_veh_h,550,0.30482469108002186,certain,
rohcha_massdep_baseline,power_0.96,7.9425132087992285,crew_team_h,550,0.09227228227531636,certain,
rohcha_massdep_baseline,power_0.96,7.9425132087992285,shift_ot_h,550,0.3222643717697029,certain,
rohcha_massdep_baseline,power_0.96,9.911784031052534,shift_h,550,0.30597489218181395,certain,
rohcha_massdep_baseline,power_0.96,9.911784031052534,crew_veh_h,550,0.30051366501248,certain,
rohcha_massdep_baseline,power_0.96,9.911784031052534,crew_team_h,550,0.09836527509411153,certain,
rohcha_massdep_baseline,power_0.96,9.911784031052534,shift_ot_h,550,0.3174915719217357,certain,
rohcha_massdep_baseline,power_0.96,12.36931687685298,shift_h,550,0.30106891230345934,certain,
rohcha_massdep_baseline,power_0.96,12.36931687685298,crew_veh_h,550,0.29569164580436724,certain,
rohcha_massdep_baseline,power_0.96,12.36931687685298,crew_team_h,550,0.1051804805572214,certain,
rohcha_massdep_baseline,power_0.96,12.36931687685298,shift_ot_h,550,0.31210868511466616,certain,
rohcha_massdep_baseline,power_0.96,15.436171684196077,shift_h,550,0.29565469432237657,certain,
rohcha_massdep_baseline,power_0.96,15.436171684196077,crew_veh_h,550,0.2904005873623223,certain,
rohcha_massdep_baseline,power_0.96,15.436171684196077,crew_team_h,550,0.11031424281773727,certain,
rohcha_massdep_baseline,power_0.96,15.436171684196077,shift_ot_h,550,0.3061475957933186,certain,
rohcha_massdep_baseline,power_0.96,19.26342405455451,shift_h,550,0.2898010018423136,certain,
rohcha_massdep_baseline,power_0.96,19.26342405455451,crew_veh_h,550,0.28471573392668104,certain,
rohcha_massdep_baseline,power_0.96,19.26342405455451,crew_team_h,550,0.10609006980176461,certain,
rohcha_massdep_baseline,power_0.96,19.26342405455451,shift_ot_h,550,0.299678241390128,certain,
rohcha_massdep_baseline,power_0.96,24.039607351964708,shift_h,550,0.28361097503262056,certain,
rohcha_massdep_baseline,power_0.96,24.039607351964708,crew_veh_h,550,0.27874418941769363,certain,
rohcha_massdep_baseline,power_0.96,24.039607351964708,crew_team_h,550,0.101652868831833,certain,
rohcha_massdep_baseline,power_0.96,24.039607351964708,shift_ot_h,550,0.2928094372564407,certain,
rohcha_massdep_baseline,power_0.96,30.000000000000004,shift_h,550,0.2772169157936406,certain,
rohcha_massdep_baseline,power_0.96,30.000000000000004,crew_veh_h,550,0.2726184870435606,certain,
rohcha_massdep_baseline,power_0.96,30.000000000000004,crew_team_h,550,0.0971011197030931,certain,
rohcha_massdep_baseline,power_0.96,30.000000000000004,shift_ot_h,550,0.2856840993588272,certain,
rohcha_massdep_tight,affine,5.1,shift_h,550,0.38659009411711986,certain,
rohcha_massdep_tight,affine,5.1,crew_veh_h,550,0.30328196832829546,certain,
rohcha_massdep_tight,affine,5.1,crew_team_h,550,0.07580450018372042,certain,
rohcha_massdep_tight,affine,5.1,shift_ot_h,550,0.38663899540941493,certain,
rohcha_massdep_tight,affine,6.364496630910889,shift_h,550,0.3837623881661434,certain,
rohcha_massdep_tight,affine,6.364496630910889,crew_veh_h,550,0.3028793523894868,certain,
rohcha_massdep_tight,affine,6.364496630910889,crew_team_h,550,0.08311385239316382,certain,
rohcha_massdep_tight,affine,6.364496630910889,shift_ot_h,550,0.3838309306922507,certain,
rohcha_massdep_tight,affine,7.9425132087992285,shift_h,550,0.3804608136279539,certain,
rohcha_massdep_tight,affine,7.9425132087992285,crew_veh_h,550,0.30241364837789364,certain,
rohcha_massdep_tight,affine,7.9425132087992285,crew_team_h,550,0.0915685466016416,certain,
rohcha_massdep_tight,affine,7.9425132087992285,shift_ot_h,550,0.380550666117375,certain,
rohcha_massdep_tight,affine,9.911784031052534,shift_h,550,0.3766576015388736,certain,
rohcha_massdep_tight,affine,9.911784031052534,crew_veh_h,550,0.30188294981490893,certain,
rohcha_massdep_tight,affine,9.911784031052534,crew_team_h,550,0.1012031942645677,certain,
rohcha_massdep_tight,affine,9.911784031052534,shift_ot_h,550,0.3767698332333518,certain,
rohcha_massdep_tight,affine,12.36931687685298,shift_h,550,0.3723440055811251,certain,
rohcha_massdep_tight,affine,12.36931687685298,crew_veh_h,550,0.3012883731073006,certain,
rohcha_massdep_tight,affine,12.36931687685298,crew_team_h,550,0.11199752740572633,certain,
rohcha_massdep_tight,affine,12.36931687685298,shift_ot_h,550,0.3724788071975409,certain,
rohcha_massdep_tight,affine,15.436171684196077,shift_h,550,0.36753681646781233,certain,
rohcha_massdep_tight,affine,15.436171684196077,crew_veh_h,550,0.30063477579749964,certain,
rohcha_massdep_tight,affine,15.436171684196077,crew_team_h,550,0.1238633590332987,certain,
rohcha_massdep_tight,affine,15.436171684196077,shift_ot_h,550,0.3676932448890471,certain,
rohcha_massdep_tight,affine,19.26342405455451,shift_h,550,0.3622834175877807,certain,
rohcha_massdep_tight,affine,19.26342405455451,crew_veh_h,550,0.29993114666188037,certain,
rohcha_massdep_tight,affine,19.26342405455451,crew_team_h,550,0.13632776436769722,certain,
rohcha_massdep_tight,affine,19.26342405455451,shift_ot_h,550,0.3624592252954153,certain,
rohcha_massdep_tight,affine,24.039607351964708,shift_h,550,0.3566638081904814,certain,
rohcha_massdep_tight,affine,24.039607351964708,crew_veh_h,550,0.29919048118058966,certain,
rohcha_massdep_tight,affine,24.039607351964708,crew_team_h,550,0.13865490925875235,certain,
rohcha_massdep_tight,affine,24.039607351964708,shift_ot_h,550,0.3568554207519743,certain,
rohcha_massdep_tight,affine,30.000000000000004,shift_h,550,0.35078825631241206,certain,
rohcha_massdep_tight,affine,30.000000000000004,crew_veh_h,550,0.2984290377075365,certain,
rohcha_massdep_tight,affine,30.000000000000004,crew_team_h,550,0.14104733786910661,certain,
rohcha_massdep_tight,affine,30.000000000000004,shift_ot_h,550,0.35099094183671586,certain,
rohcha_massdep_tight,piecewise,5.1,shift_h,550,0.3855116810799153,certain,
rohcha_massdep_tight,piecewise,5.1,crew_veh_h,550,0.30248171365997667,certain,
rohcha_massdep_tight,piecewise,5.1,crew_team_h,550,0.07619186013051493,certain,
rohcha_massdep_tight,piecewise,5.1,shift_ot_h,550,0.3855686085546508,certain,
rohcha_massdep_tight,piecewise,6.364496630910889,shift_h,550,0.38247341936367185,certain,
rohcha_massdep_tight,piecewise,6.364496630910889,crew_veh_h,550,0.3019181053789264,certain,
rohcha_massdep_tight,piecewise,6.364496630910889,crew_team_h,550,0.08353440695746595,certain,
rohcha_massdep_tight,piecewise,6.364496630910889,shift_ot_h,550,0.3825511445981886,certain,
rohcha_massdep_tight,piecewise,7.9425132087992285,shift_h,550,0.3789333793181291,certain,
rohcha_massdep_tight,piecewise,7.9425132087992285,crew_veh_h,550,0.3012676882112173,certain,
rohcha_massdep_tight,piecewise,7.9425132087992285,crew_team_h,550,0.09200787811025712,certain,
rohcha_massdep_tight,piecewise,7.9425132087992285,shift_ot_h,550,0.3790335525031072,certain,
rohcha_massdep_tight,piecewise,9.911784031052534,shift_h,550,0.3748652844803182,certain,
rohcha_massdep_tight,piecewise,9.911784031052534,crew_veh_h,550,0.300528459508546,certain,
rohcha_massdep_tight,piecewise,9.911784031052534,crew_team_h,550,0.10163836358693534,certain,
rohcha_massdep_tight,piecewise,9.911784031052534,shift_ot_h,550,0.3749888802582073,certain,
rohcha_massdep_tight,piecewise,12.36931687685298,shift_h,550,0.37026392765491045,certain,
rohcha_massdep_tight,piecewise,12.36931687685298,crew_veh_h,550,0.2997027246045463,certain,
rohcha_massdep_tight,piecewise,12.36931687685298,crew_team_h,550,0.11239583008115628,certain,
rohcha_massdep_tight,piecewise,12.36931687685298,shift_ot_h,550,0.37041095390752554,certain,
rohcha_massdep_tight,piecewise,15.436171684196077,shift_h,550,0.36515184531929434,certain,
rohcha_massdep_tight,piecewise,15.436171684196077,crew_veh_h,550,0.2987980230661882,certain,
rohcha_massdep_tight,piecewise,15.436171684196077,crew_team_h,550,0.12277045575953482,certain,
rohcha_massdep_tight,piecewise,15.436171684196077,shift_ot_h,550,0.36532108656744633,certain,
rohcha_massdep_tight,piecewise,19.26342405455451,shift_h,550,0.35958420046105966,certain,
rohcha_massdep_tight,piecewise,19.26342405455451,crew_veh_h,550,0.29782756162145074,certain,
rohcha_massdep_tight,piecewise,19.26342405455451,crew_team_h,550,0.12324087536542683,certain,
rohcha_massdep_tight,piecewise,19.26342405455451,shift_ot_h,550,0.35977306132889675,certain,
rohcha_massdep_tight,piecewise,24.039607351964708,shift_h,550,0.35365022909178356,certain,
rohcha_massdep_tight,piecewise,24.039607351964708,crew_veh_h,550,0.2968099104894495,certain,
rohcha_massdep_tight,piecewise,24.039607351964708,crew_team_h,550,0.12373416960915717,certain,
rohcha_massdep_tight,piecewise,24.039607351964708,shift_ot_h,550,0.35385474238481485,certain,
rohcha_massdep_tight,piecewise,30.000000000000004,shift_h,550,0.3474699481689778,certain,
rohcha_massdep_tight,piecewise,30.000000000000004,crew_veh_h,550,0.29576784790495414,certain,
rohcha_massdep_tight,piecewise,30.000000000000004,crew_team_h,550,0.12423929701320935,certain,
rohcha_massdep_tight,piecewise,30.000000000000004,shift_ot_h,550,0.34768498767359834,certain,
rohcha_massdep_tight,power_0.72,5.1,shift_h,550,0.38910013556511136,certain,
rohcha_massdep_tight,power_0.72,5.1,crew_veh_h,550,0.30549711472951424,certain,
rohcha_massdep_tight,power_0.72,5.1,crew_team_h,550,0.07620481090912556,certain,
rohcha_massdep_tight,power_0.72,5.1,shift_ot_h,550,0.38912995795821437,certain,
rohcha_massdep_tight,power_0.72,6.364496630910889,shift_h,550,0.3867823330983362,certain,
rohcha_massdep_tight,power_0.72,6.364496630910889,crew_veh_h,550,0.30555051487169815,certain,
rohcha_massdep_tight,power_0.72,6.364496630910889,crew_team_h,550,0.08366769476923852,certain,
rohcha_massdep_tight,power_0.72,6.364496630910889,shift_ot_h,550,0.3868287443478382,certain,
rohcha_massdep_tight,power_0.72,7.9425132087992285,shift_h,550,0.3840674831875006,certain,
rohcha_massdep_tight,power_0.72,7.9425132087992285,crew_veh_h,550,0.3056125018926994,certain,
rohcha_massdep_tight,power_0.72,7.9425132087992285,crew_team_h,550,0.0923306293541526,certain,
rohcha_massdep_tight,power_0.72,7.9425132087992285,shift_ot_h,550,0.3841320439773144,certain,
rohcha_massdep_tight,power_0.72,9.911784031052534,shift_h,550,0.38092856056498414,certain,
rohcha_massdep_tight,power_0.72,9.911784031052534,crew_veh_h,550,0.305683428382749,certain,
rohcha_massdep_tight,power_0.72,9.911784031052534,crew_team_h,550,0.10224289056168367,certain,
rohcha_massdep_tight,power_0.72,9.911784031052534,shift_ot_h,550,0.3810123818004989,certain,
rohcha_massdep_tight,power_0.72,12.36931687685298,shift_h,550,0.37735330422145075,certain,
rohcha_massdep_tight,power_0.72,12.36931687685298,crew_veh_h,550,0.30576325936281523,certain,
rohcha_massdep_tight,power_0.72,12.36931687685298,crew_team_h,550,0.11339958993183763,certain,
rohcha_massdep_tight,power_0.72,12.36931687685298,shift_ot_h,550,0.3774568087854555,certain,
rohcha_massdep_tight,power_0.72,15.436171684196077,shift_h,550,0.37334990837249693,certain,
rohcha_massdep_tight,power_0.72,15.436171684196077,crew_veh_h,550,0.3058514659473899,certain,
rohcha_massdep_tight,power_0.72,15.436171684196077,crew_team_h,550,0.12572681359560112,certain,
rohcha_massdep_tight,power_0.72,15.436171684196077,shift_ot_h,550,0.37347260100413937,certain,
rohcha_massdep_tight,power_0.72,19.26342405455451,shift_h,550,0.3689517964083817,certain,
rohcha_massdep_tight,power_0.72,19.26342405455451,crew_veh_h,550,0.3059469570284985,certain,
rohcha_massdep_tight,power_0.72,19.26342405455451,crew_team_h,550,0.13907207484105588,certain,
rohcha_massdep_tight,power_0.72,19.26342405455451,shift_ot_h,550,0.36909209121440223,certain,
rohcha_massdep_tight,power_0.72,24.039607351964708,shift_h,550,0.3642201509721825,certain,
rohcha_massdep_tight,power_0.72,24.039607351964708,crew_veh_h,550,0.306048075981842,certain,
rohcha_massdep_tight,power_0.72,24.039607351964708,crew_team_h,550,0.15320385378384382,certain,
rohcha_massdep_tight,power_0.72,24.039607351964708,shift_ot_h,550,0.36437531197302886,certain,
rohcha_massdep_tight,power_0.72,30.000000000000004,shift_h,550,0.3592429578842915,certain,
rohcha_massdep_tight,power_0.72,30.000000000000004,crew_veh_h,550,0.30615268075724855,certain,
rohcha_massdep_tight,power_0.72,30.000000000000004,crew_team_h,550,0.16782279032866,certain,
rohcha_massdep_tight,power_0.72,30.000000000000004,shift_ot_h,550,0.359409196765069,certain,
rohcha_massdep_tight,power_0.84,5.1,shift_h,550,0.3863706709174455,certain,
rohcha_massdep_tight,power_0.84,5.1,crew_veh_h,550,0.30336205634659175,certain,
rohcha_massdep_tight,power_0.84,5.1,crew_team_h,550,0.07678963141110806,certain,
rohcha_massdep_tight,power_0.84,5.1,shift_ot_h,550,0.3864210835699471,certain,
rohcha_massdep_tight,power_0.84,6.364496630910889,shift_h,550,0.3835087733088227,certain,
rohcha_massdep_tight,power_0.84,6.364496630910889,crew_veh_h,550,0.30297775985496855,certain,
rohcha_massdep_tight,power_0.84,6.364496630910889,crew_team_h,550,0.08426555551553339,certain,
rohcha_massdep_tight,power_0.84,6.364496630910889,shift_ot_h,550,0.3835789129789955,certain,
rohcha_massdep_tight,power_0.84,7.9425132087992285,shift_h,550,0.3801725732724137,certain,
rohcha_massdep_tight,power_0.84,7.9425132087992285,crew_veh_h,550,0.3025340288098164,certain,
rohcha_massdep_tight,power_0.84,7.9425132087992285,crew_team_h,550,0.09289769161004635,certain,
rohcha_massdep_tight,power_0.84,7.9425132087992285,shift_ot_h,550,0.380264037456747,certain,
rohcha_massdep_tight,power_0.84,9.911784031052534,shift_h,550,0.3763365282242852,certain,
rohcha_massdep_tight,power_0.84,9.911784031052534,crew_veh_h,550,0.30202939072316326,certain,
rohcha_massdep_tight,power_0.84,9.911784031052534,crew_team_h,550,0.10271468478655854,certain,
rohcha_massdep_tight,power_0.84,9.911784031052534,shift_ot_h,550,0.37645028556022564,certain,
rohcha_massdep_tight,power_0.84,12.36931687685298,shift_h,550,0.3719948058692035,certain,
rohcha_massdep_tight,power_0.84,12.36931687685298,crew_veh_h,550,0.30146529887377005,certain,
rohcha_massdep_tight,power_0.84,12.36931687685298,crew_team_h,550,0.11368826364015727,certain,
rohcha_massdep_tight,power_0.84,12.36931687685298,shift_ot_h,550,0.3721309193616953,certain,
rohcha_massdep_tight,power_0.84,15.436171684196077,shift_h,550,0.36716764547921454,certain,
rohcha_massdep_tight,power_0.84,15.436171684196077,crew_veh_h,550,0.30084677683306094,certain,
rohcha_massdep_tight,power_0.84,15.436171684196077,crew_team_h,550,0.12572070196330132,certain,
rohcha_massdep_tight,power_0.84,15.436171684196077,shift_ot_h,550,0.3673250261577685,certain,
rohcha_massdep_tight,power_0.84,19.26342405455451,shift_h,550,0.3619060808047829,certain,
rohcha_massdep_tight,power_0.84,19.26342405455451,crew_veh_h,550,0.3001827319273589,certain,
rohcha_massdep_tight,power_0.84,19.26342405455451,crew_team_h,550,0.12833690217939475,certain,
rohcha_massdep_tight,power_0.84,19.26342405455451,shift_ot_h,550,0.3620823335631542,certain,
rohcha_massdep_tight,power_0.84,24.039607351964708,shift_h,550,0.3562934640764983,certain,
rohcha_massdep_tight,power_0.84,24.039607351964708,crew_veh_h,550,0.2994857687858641,certain,
rohcha_massdep_tight,power_0.84,24.039607351964708,crew_team_h,550,0.12953440166160068,certain,
rohcha_massdep_tight,power_0.84,24.039607351964708,shift_ot_h,550,0.35648488738704986,certain,
rohcha_massdep_tight,power_0.84,30.000000000000004,shift_h,550,0.3504425335570249,certain,
rohcha_massdep_tight,power_0.84,30.000000000000004,crew_veh_h,550,0.2987714193348461,certain,
rohcha_massdep_tight,power_0.84,30.000000000000004,crew_team_h,550,0.13076177373736453,certain,
rohcha_massdep_tight,power_0.84,30.000000000000004,shift_ot_h,550,0.35064431254160655,certain,
rohcha_massdep_tight,power_0.96,5.1,shift_h,550,0.383318781020374,certain,
rohcha_massdep_tight,power_0.96,5.1,crew_veh_h,550,0.3009303402577741,certain,
rohcha_massdep_tight,power_0.96,5.1,crew_team_h,550,0.07724774437435045,certain,
rohcha_massdep_tight,power_0.96,5.1,shift_ot_h,550,0.3833917423121185,certain,
rohcha_massdep_tight,power_0.96,6.364496630910889,shift_h,550,0.3798631994841888,certain,
rohcha_massdep_tight,power_0.96,6.364496630910889,crew_veh_h,550,0.3000619155468789,certain,
rohcha_massdep_tight,power_0.96,6.364496630910889,crew_team_h,550,0.08470141674439757,certain,
rohcha_massdep_tight,power_0.96,6.364496630910889,shift_ot_h,550,0.37995910785285636,certain,
rohcha_massdep_tight,power_0.96,7.9425132087992285,shift_h,550,0.37585525054919655,certain,
rohcha_massdep_tight,power_0.96,7.9425132087992285,crew_veh_h,550,0.29906478983078855,certain,
rohcha_massdep_tight,power_0.96,7.9425132087992285,crew_team_h,550,0.09325972733394994,certain,
rohcha_massdep_tight,power_0.96,7.9425132087992285,shift_ot_h,550,0.37597564504785996,certain,
rohcha_massdep_tight,power_0.96,9.911784031052534,shift_h,550,0.37127363679090464,certain,
rohcha_massdep_tight,power_0.96,9.911784031052534,crew_veh_h,550,0.2979380364729949,certain,
rohcha_massdep_tight,power_0.96,9.911784031052534,crew_team_h,550,0.10293062944610254,certain,
rohcha_massdep_tight,power_0.96,9.911784031052534,shift_ot_h,550,0.37141921885259266,certain,
rohcha_massdep_tight,power_0.96,12.36931687685298,shift_h,550,0.3661223579186319,certain,
rohcha_massdep_tight,power_0.96,12.36931687685298,crew_veh_h,550,0.2966875613958446,certain,
rohcha_massdep_tight,power_0.96,12.36931687685298,crew_team_h,550,0.10175518823936924,certain,
rohcha_massdep_tight,power_0.96,12.36931687685298,shift_ot_h,550,0.36629268437548923,certain,
rohcha_massdep_tight,power_0.96,15.436171684196077,shift_h,550,0.36043742903849574,certain,
rohcha_massdep_tight,power_0.96,15.436171684196077,crew_veh_h,550,0.2953272543949377,certain,
rohcha_massdep_tight,power_0.96,15.436171684196077,crew_team_h,550,0.09890924509487609,certain,
rohcha_massdep_tight,power_0.96,15.436171684196077,shift_ot_h,550,0.36063066594586535,certain,
rohcha_massdep_tight,power_0.96,19.26342405455451,shift_h,550,0.3542910519344291,certain,
rohcha_massdep_tight,power_0.96,19.26342405455451,crew_veh_h,550,0.2938792829035366,certain,
rohcha_massdep_tight,power_0.96,19.26342405455451,crew_team_h,550,0.09587989617832449,certain,
rohcha_massdep_tight,power_0.96,19.26342405455451,shift_ot_h,550,0.35450386173602455,certain,
rohcha_massdep_tight,power_0.96,24.039607351964708,shift_h,550,0.3477915237842517,certain,
rohcha_massdep_tight,power_0.96,24.039607351964708,crew_veh_h,550,0.2923732204813967,certain,
rohcha_massdep_tight,power_0.96,24.039607351964708,crew_team_h,550,0.09272901330952288,certain,
rohcha_massdep_tight,power_0.96,24.039607351964708,shift_ot_h,550,0.34801914912861753,certain,
rohcha_massdep_tight,power_0.96,30.000000000000004,shift_h,550,0.3410777615833227,certain,
rohcha_massdep_tight,power_0.96,30.000000000000004,crew_veh_h,550,0.29084393761822214,certain,
rohcha_massdep_tight,power_0.96,30.000000000000004,crew_team_h,550,0.08952955019013875,certain,
rohcha_massdep_tight,power_0.96,30.000000000000004,shift_ot_h,550,0.3413143335556723,certain,
rohcha_short_baseline,affine,5.1,shift_h,550,0.18850579495753128,search-dependent,500
rohcha_short_baseline,affine,5.1,crew_veh_h,550,0.34803560822197865,certain,
rohcha_short_baseline,affine,5.1,crew_team_h,550,0.13051125636065009,certain,
rohcha_short_baseline,affine,5.1,shift_ot_h,550,0.2292464140686914,certain,
rohcha_short_baseline,affine,6.364496630910889,shift_h,550,0.18608204699955166,search-dependent,500
rohcha_short_baseline,affine,6.364496630910889,crew_veh_h,550,0.3399037168210326,certain,
rohcha_short_baseline,affine,6.364496630910889,crew_team_h,550,0.12971560117972536,certain,
rohcha_short_baseline,affine,6.364496630910889,shift_ot_h,550,0.2257116046061287,certain,
rohcha_short_baseline,affine,7.9425132087992285,shift_h,550,0.18325212596681784,search-dependent,500
rohcha_short_baseline,affine,7.9425132087992285,crew_veh_h,550,0.3304938973322571,certain,
rohcha_short_baseline,affine,7.9425132087992285,crew_team_h,550,0.1287949086546214,certain,
rohcha_short_baseline,affine,7.9425132087992285,shift_ot_h,550,0.22157694167330688,certain,
rohcha_short_baseline,affine,9.911784031052534,shift_h,550,0.17999222989046326,search-dependent,500
rohcha_short_baseline,affine,9.911784031052534,crew_veh_h,550,0.3197659865340079,certain,
rohcha_short_baseline,affine,9.911784031052534,crew_team_h,550,0.127745249062988,certain,
rohcha_short_baseline,affine,9.911784031052534,shift_ot_h,550,0.21680403459883424,certain,
rohcha_short_baseline,affine,12.36931687685298,shift_h,550,0.17629486192667865,search-dependent,500
rohcha_short_baseline,affine,12.36931687685298,crew_veh_h,550,0.30774067166213204,certain,
rohcha_short_baseline,affine,12.36931687685298,crew_team_h,550,0.12656864652265587,certain,
rohcha_short_baseline,affine,12.36931687685298,shift_ot_h,550,0.21137757446864147,certain,
rohcha_short_baseline,affine,15.436171684196077,shift_h,550,0.17217441411526768,search-dependent,500
rohcha_short_baseline,affine,15.436171684196077,crew_veh_h,550,0.29451418854743516,certain,
rohcha_short_baseline,affine,15.436171684196077,crew_team_h,550,0.12527451711330428,certain,
rohcha_short_baseline,affine,15.436171684196077,shift_ot_h,550,0.20531378936893474,certain,
rohcha_short_baseline,affine,19.26342405455451,shift_h,550,0.16767150078952642,search-dependent,500
rohcha_short_baseline,affine,19.26342405455451,crew_veh_h,550,0.28026647962198115,certain,
rohcha_short_baseline,affine,19.26342405455451,crew_team_h,550,0.12388046708682143,certain,
rohcha_short_baseline,affine,19.26342405455451,shift_ot_h,550,0.19866731441305463,certain,
rohcha_short_baseline,affine,24.039607351964708,shift_h,550,0.16285469273469833,search-dependent,500
rohcha_short_baseline,affine,24.039607351964708,crew_veh_h,550,0.26525900412511305,certain,
rohcha_short_baseline,affine,24.039607351964708,crew_team_h,550,0.12241207860953662,certain,
rohcha_short_baseline,affine,24.039607351964708,shift_ot_h,550,0.19153447323402029,certain,
rohcha_short_baseline,affine,30.000000000000004,shift_h,550,0.1578185054106389,search-dependent,500
rohcha_short_baseline,affine,30.000000000000004,crew_veh_h,550,0.24982000992509779,certain,
rohcha_short_baseline,affine,30.000000000000004,crew_team_h,550,0.12090146870123464,certain,
rohcha_short_baseline,affine,30.000000000000004,shift_ot_h,550,0.18405116900992224,search-dependent,500
rohcha_short_baseline,piecewise,5.1,shift_h,550,0.18758144092564177,search-dependent,500
rohcha_short_baseline,piecewise,5.1,crew_veh_h,550,0.3461541149666816,certain,
rohcha_short_baseline,piecewise,5.1,crew_team_h,550,0.12975934222605523,certain,
rohcha_short_baseline,piecewise,5.1,shift_ot_h,550,0.2281674395955997,certain,
rohcha_short_baseline,piecewise,6.364496630910889,shift_h,550,0.18497721659743327,search-dependent,500
rohcha_short_baseline,piecewise,6.364496630910889,crew_veh_h,550,0.33768820266135324,certain,
rohcha_short_baseline,piecewise,6.364496630910889,crew_team_h,550,0.12881484885510286,certain,
rohcha_short_baseline,piecewise,6.364496630910889,shift_ot_h,550,0.22442420540360186,certain,
rohcha_short_baseline,piecewise,7.9425132087992285,shift_h,550,0.18194289655839624,search-dependent,500
rohcha_short_baseline,piecewise,7.9425132087992285,crew_veh_h,550,0.3279144084609702,certain,
rohcha_short_baseline,piecewise,7.9425132087992285,crew_team_h,550,0.127724442588373,certain,
rohcha_short_baseline,piecewise,7.9425132087992285,shift_ot_h,550,0.22005464809301878,certain,
rohcha_short_baseline,piecewise,9.911784031052534,shift_h,550,0.17845595812598702,search-dependent,500
rohcha_short_baseline,piecewise,9.911784031052534,crew_veh_h,550,0.3168009267605132,certain,
rohcha_short_baseline,piecewise,9.911784031052534,crew_team_h,550,0.12648457505659172,certain,
rohcha_short_baseline,piecewise,9.911784031052534,shift_ot_h,550,0.2150224801623155,certain,
rohcha_short_baseline,piecewise,12.36931687685298,shift_h,550,0.17451193798992337,search-dependent,500
rohcha_short_baseline,piecewise,12.36931687685298,crew_veh_h,550,0.30438047518127775,certain,
rohcha_short_baseline,piecewise,12.36931687685298,crew_team_h,550,0.12509889637746796,certain,
rohcha_short_baseline,piecewise,12.36931687685298,shift_ot_h,550,0.2093166821771273,certain,
rohcha_short_baseline,piecewise,15.436171684196077,shift_h,550,0.1701301531308239,search-dependent,500
rohcha_short_baseline,piecewise,15.436171684196077,crew_veh_h,550,0.2907644169000769,certain,
rohcha_short_baseline,piecewise,15.436171684196077,crew_team_h,550,0.12357983070311596,certain,
rohcha_short_baseline,piecewise,15.436171684196077,shift_ot_h,550,0.20296008464468795,certain,
rohcha_short_baseline,piecewise,19.26342405455451,shift_h,550,0.16535788610948,search-dependent,500
rohcha_short_baseline,piecewise,19.26342405455451,crew_veh_h,550,0.2761495581659845,certain,
rohcha_short_baseline,piecewise,19.26342405455451,crew_team_h,550,0.12194933458008506,certain,
rohcha_short_baseline,piecewise,19.26342405455451,shift_ot_h,550,0.19601598868298864,certain,
rohcha_short_baseline,piecewise,24.039607351964708,shift_h,550,0.1602716249358147,search-dependent,500
rohcha_short_baseline,piecewise,24.039607351964708,crew_veh_h,550,0.2608139187207146,certain,
rohcha_short_baseline,piecewise,24.039607351964708,crew_team_h,550,0.12023842507937355,certain,
rohcha_short_baseline,piecewise,24.039607351964708,shift_ot_h,550,0.18859074766043094,search-dependent,500
rohcha_short_baseline,piecewise,30.000000000000004,shift_h,550,0.1549742412876951,search-dependent,500
rohcha_short_baseline,piecewise,30.000000000000004,crew_veh_h,550,0.24509966258144367,certain,
rohcha_short_baseline,piecewise,30.000000000000004,crew_team_h,550,0.11848527548158572,certain,
rohcha_short_baseline,piecewise,30.000000000000004,shift_ot_h,550,0.1808305562060435,search-dependent,500
rohcha_short_baseline,power_0.72,5.1,shift_h,550,0.19065725905580955,search-dependent,500
rohcha_short_baseline,power_0.72,5.1,crew_veh_h,550,0.3517564719412616,certain,
rohcha_short_baseline,power_0.72,5.1,crew_team_h,550,0.13250609293618543,certain,
rohcha_short_baseline,power_0.72,5.1,shift_ot_h,550,0.23161223947300158,certain,
rohcha_short_baseline,power_0.72,6.364496630910889,shift_h,550,0.18867057122714526,search-dependent,500
rohcha_short_baseline,power_0.72,6.364496630910889,crew_veh_h,550,0.3443199346155721,certain,
rohcha_short_baseline,power_0.72,6.364496630910889,crew_team_h,550,0.1321173897440311,certain,
rohcha_short_baseline,power_0.72,6.364496630910889,shift_ot_h,550,0.22855382412560532,certain,
rohcha_short_baseline,power_0.72,7.9425132087992285,shift_h,550,0.18634355701785754,search-dependent,500
rohcha_short_baseline,power_0.72,7.9425132087992285,crew_veh_h,550,0.33568431648335517,certain,
rohcha_short_baseline,power_0.72,7.9425132087992285,crew_team_h,550,0.13166601134206668,certain,
rohcha_short_baseline,power_0.72,7.9425132087992285,shift_ot_h,550,0.22496525195795836,certain,
rohcha_short_baseline,power_0.72,9.911784031052534,shift_h,550,0.18365305191284342,search-dependent,500
rohcha_short_baseline,power_0.72,9.911784031052534,crew_veh_h,550,0.3257990030320774,certain,
rohcha_short_baseline,power_0.72,9.911784031052534,crew_team_h,550,0.1311493121411249,certain,
rohcha_short_baseline,power_0.72,9.911784031052534,shift_ot_h,550,0.22080771198056115,certain,
rohcha_short_baseline,power_0.72,12.36931687685298,shift_h,550,0.18058854647552902,search-dependent,500
rohcha_short_baseline,power_0.72,12.36931687685298,crew_veh_h,550,0.31466713074183805,certain,
rohcha_short_baseline,power_0.72,12.36931687685298,crew_team_h,550,0.13056745608307452,certain,
rohcha_short_baseline,power_0.72,12.36931687685298,shift_ot_h,550,0.21606121275875934,certain,
rohcha_short_baseline,power_0.72,15.436171684196077,shift_h,550,0.1771570643192828,search-dependent,500
rohcha_short_baseline,power_0.72,15.436171684196077,crew_veh_h,550,0.30236055528287875,certain,
rohcha_short_baseline,power_0.72,15.436171684196077,crew_team_h,550,0.1299241990192177,certain,
rohcha_short_baseline,power_0.72,15.436171684196077,shift_ot_h,550,0.210732323770912,certain,
rohcha_short_baseline,power_0.72,19.26342405455451,shift_h,550,0.1733872540643273,search-dependent,500
rohcha_short_baseline,power_0.72,19.26342405455451,crew_veh_h,550,0.28902961223692847,certain,
rohcha_short_baseline,power_0.72,19.26342405455451,crew_team_h,550,0.1292273988971382,certain,
rohcha_short_baseline,power_0.72,19.26342405455451,shift_ot_h,550,0.2048609183832164,certain,
rohcha_short_baseline,power_0.72,24.039607351964708,shift_h,550,0.16933155797615607,search-dependent,500
rohcha_short_baseline,power_0.72,24.039607351964708,crew_veh_h,550,0.2749038799468819,certain,
rohcha_short_baseline,power_0.72,24.039607351964708,crew_team_h,550,0.12848905563438207,certain,
rohcha_short_baseline,power_0.72,24.039607351964708,shift_ot_h,550,0.19852415339063478,certain,
rohcha_short_baseline,power_0.72,30.000000000000004,shift_h,550,0.16506539247224938,search-dependent,500
rohcha_short_baseline,power_0.72,30.000000000000004,crew_veh_h,550,0.260281321994418,certain,
rohcha_short_baseline,power_0.72,30.000000000000004,crew_team_h,550,0.1277247436024973,certain,
rohcha_short_baseline,power_0.72,30.000000000000004,shift_ot_h,550,0.19183595076475868,certain,
rohcha_short_baseline,power_0.84,5.1,shift_h,550,0.18831771792923901,search-dependent,500
rohcha_short_baseline,power_0.84,5.1,crew_veh_h,550,0.3471900000478698,certain,
rohcha_short_baseline,power_0.84,5.1,crew_team_h,550,0.13052645864942347,certain,
rohcha_short_baseline,power_0.84,5.1,shift_ot_h,550,0.2289260797658459,certain,
rohcha_short_baseline,power_0.84,6.364496630910889,shift_h,550,0.1858646628361338,search-dependent,500
rohcha_short_baseline,power_0.84,6.364496630910889,crew_veh_h,550,0.3389236413444896,certain,
rohcha_short_baseline,power_0.84,6.364496630910889,crew_team_h,550,0.12973771169331982,certain,
rohcha_short_baseline,power_0.84,6.364496630910889,shift_ot_h,550,0.22533812595345415,certain,
rohcha_short_baseline,power_0.84,7.9425132087992285,shift_h,550,0.183005062804926,search-dependent,500
rohcha_short_baseline,power_0.84,7.9425132087992285,crew_veh_h,550,0.3293750024347455,certain,
rohcha_short_baseline,power_0.84,7.9425132087992285,crew_team_h,550,0.12882661405707596,certain,
rohcha_short_baseline,power_0.84,7.9425132087992285,shift_ot_h,550,0.22114780296184633,certain,
rohcha_short_baseline,power_0.84,9.911784031052534,shift_h,550,0.17971702419224433,search-dependent,500
rohcha_short_baseline,power_0.84,9.911784031052534,crew_veh_h,550,0.3185107257973141,certain,
rohcha_short_baseline,power_0.84,9.911784031052534,crew_team_h,550,0.12778998288299714,certain,
rohcha_short_baseline,power_0.84,9.911784031052534,shift_ot_h,550,0.21631934045767576,certain,
rohcha_short_baseline,power_0.84,12.36931687685298,shift_h,550,0.17599554788788851,search-dependent,500
rohcha_short_baseline,power_0.84,12.36931687685298,crew_veh_h,550,0.3063601998410701,certain,
rohcha_short_baseline,power_0.84,12.36931687685298,crew_team_h,550,0.12663062230998823,certain,
rohcha_short_baseline,power_0.84,12.36931687685298,shift_ot_h,550,0.2108410062470536,certain,
rohcha_short_baseline,power_0.84,15.436171684196077,shift_h,550,0.17185798183932666,search-dependent,500
rohcha_short_baseline,power_0.84,15.436171684196077,crew_veh_h,550,0.29302962487331485,certain,
rohcha_short_baseline,power_0.84,15.436171684196077,crew_team_h,550,0.12535866559891184,certain,
rohcha_short_baseline,power_0.84,15.436171684196077,shift_ot_h,550,0.204733418922858,certain,
rohcha_short_baseline,power_0.84,19.26342405455451,shift_h,550,0.16734806926124235,search-dependent,500
rohcha_short_baseline,power_0.84,19.26342405455451,crew_veh_h,550,0.27870904255626594,certain,
rohcha_short_baseline,power_0.84,19.26342405455451,crew_team_h,550,0.12399224585867152,certain,
rohcha_short_baseline,power_0.84,19.26342405455451,shift_ot_h,550,0.19805604390920983,certain,
rohcha_short_baseline,power_0.84,24.039607351964708,shift_h,550,0.16253725492271265,search-dependent,500
rohcha_short_baseline,power_0.84,24.039607351964708,crew_veh_h,550,0.26366865100868253,certain,
rohcha_short_baseline,power_0.84,24.039607351964708,crew_team_h,550,0.12255714444613419,certain,
rohcha_short_baseline,power_0.84,24.039607351964708,shift_ot_h,550,0.1909098701424785,certain,
rohcha_short_baseline,power_0.84,30.000000000000004,shift_h,550,0.1575221716203068,search-dependent,500
rohcha_short_baseline,power_0.84,30.000000000000004,crew_veh_h,550,0.24824252684762915,certain,
rohcha_short_baseline,power_0.84,30.000000000000004,crew_team_h,550,0.12108523778044167,certain,
rohcha_short_baseline,power_0.84,30.000000000000004,shift_ot_h,550,0.18343455043549417,search-dependent,500
rohcha_short_baseline,power_0.96,5.1,shift_h,550,0.18570181230317795,search-dependent,500
rohcha_short_baseline,power_0.96,5.1,crew_veh_h,550,0.3421983627413163,certain,
rohcha_short_baseline,power_0.96,5.1,crew_team_h,550,0.12828366043709694,certain,
rohcha_short_baseline,power_0.96,5.1,shift_ot_h,550,0.22594239383080894,certain,
rohcha_short_baseline,power_0.96,6.364496630910889,shift_h,550,0.182739885272162,search-dependent,500
rohcha_short_baseline,power_0.96,6.364496630910889,crew_veh_h,550,0.33305098964066326,certain,
rohcha_short_baseline,power_0.96,6.364496630910889,crew_team_h,550,0.12705446082255967,certain,
rohcha_short_baseline,power_0.96,6.364496630910889,shift_ot_h,550,0.22178009577676794,certain,
rohcha_short_baseline,power_0.96,7.9425132087992285,shift_h,550,0.17930450047073987,search-dependent,500
rohcha_short_baseline,power_0.96,7.9425132087992285,crew_veh_h,550,0.3225435321054009,certain,
rohcha_short_baseline,power_0.96,7.9425132087992285,crew_team_h,550,0.12564249668706484,certain,
rohcha_short_baseline,power_0.96,7.9425132087992285,shift_ot_h,550,0.2169429962005327,certain,
rohcha_short_baseline,power_0.96,9.911784031052534,shift_h,550,0.17537740296363258,search-dependent,500
rohcha_short_baseline,power_0.96,9.911784031052534,crew_veh_h,550,0.31066437704174055,certain,
rohcha_short_baseline,power_0.96,9.911784031052534,crew_team_h,550,0.12404620749402451,certain,
rohcha_short_baseline,power_0.96,9.911784031052534,shift_ot_h,550,0.21140105979926704,certain,
rohcha_short_baseline,power_0.96,12.36931687685298,shift_h,550,0.1709620210731131,search-dependent,500
rohcha_short_baseline,power_0.96,12.36931687685298,crew_veh_h,550,0.2974737427215186,certain,
rohcha_short_baseline,power_0.96,12.36931687685298,crew_team_h,550,0.12227368521429338,certain,
rohcha_short_baseline,power_0.96,12.36931687685298,shift_ot_h,550,0.20515407927923124,certain,
rohcha_short_baseline,power_0.96,15.436171684196077,shift_h,550,0.1660892248901391,search-dependent,500
rohcha_short_baseline,power_0.96,15.436171684196077,crew_veh_h,550,0.2831160524438767,certain,
rohcha_short_baseline,power_0.96,15.436171684196077,crew_team_h,550,0.12034433706584369,certain,
rohcha_short_baseline,power_0.96,15.436171684196077,shift_ot_h,550,0.1982402303508073,certain,
rohcha_short_baseline,power_0.96,19.26342405455451,shift_h,550,0.16082090165808216,search-dependent,500
rohcha_short_baseline,power_0.96,19.26342405455451,crew_veh_h,550,0.26782335163643256,certain,
rohcha_short_baseline,power_0.96,19.26342405455451,crew_team_h,550,0.11828934469471153,certain,
rohcha_short_baseline,power_0.96,19.26342405455451,shift_ot_h,550,0.190741811812829,certain,
rohcha_short_baseline,power_0.96,24.039607351964708,shift_h,550,0.1552498775293587,search-dependent,500
rohcha_short_baseline,power_0.96,24.039607351964708,crew_veh_h,550,0.251906464615532,certain,
rohcha_short_baseline,power_0.96,24.039607351964708,crew_team_h,550,0.11615047584401084,certain,
rohcha_short_baseline,power_0.96,24.039607351964708,shift_ot_h,550,0.18278601653453785,search-dependent,500
rohcha_short_baseline,power_0.96,30.000000000000004,shift_h,550,0.14949522421427686,search-dependent,500
rohcha_short_baseline,power_0.96,30.000000000000004,crew_veh_h,550,0.23573303682517466,certain,
rohcha_short_baseline,power_0.96,30.000000000000004,crew_team_h,550,0.1128731770787661,certain,
rohcha_short_baseline,power_0.96,30.000000000000004,shift_ot_h,550,0.17453919272666085,search-dependent,500
rohcha_short_tight,affine,5.1,shift_h,550,0.3865900941171201,certain,
rohcha_short_tight,affine,5.1,crew_veh_h,550,0.35052837478382015,certain,
rohcha_short_tight,affine,5.1,crew_team_h,550,0.1346581161026923,certain,
rohcha_short_tight,affine,5.1,shift_ot_h,550,0.3866294849176868,certain,
rohcha_short_tight,affine,6.364496630910889,shift_h,550,0.38376238816614383,certain,
rohcha_short_tight,affine,6.364496630910889,crew_veh_h,550,0.34854907020538506,certain,
rohcha_short_tight,affine,6.364496630910889,crew_team_h,550,0.13990575331915833,certain,
rohcha_short_tight,affine,6.364496630910889,shift_ot_h,550,0.3838291107616987,certain,
rohcha_short_tight,affine,7.9425132087992285,shift_h,550,0.38046081362795436,certain,
rohcha_short_tight,affine,7.9425132087992285,crew_veh_h,550,0.3462574498125581,certain,
rohcha_short_tight,affine,7.9425132087992285,crew_team_h,550,0.14598141877784254,certain,
rohcha_short_tight,affine,7.9425132087992285,shift_ot_h,550,0.38055726121928535,certain,
rohcha_short_tight,affine,9.911784031052534,shift_h,550,0.3766576015388736,certain,
rohcha_short_tight,affine,9.911784031052534,crew_veh_h,550,0.34364316731705413,certain,
rohcha_short_tight,affine,9.911784031052534,crew_team_h,550,0.15291254310667646,certain,
rohcha_short_tight,affine,9.911784031052534,shift_ot_h,550,0.37678536699066667,certain,
rohcha_short_tight,affine,12.36931687685298,shift_h,550,0.3723440055811251,certain,
rohcha_short_tight,affine,12.36931687685298,crew_veh_h,550,0.3407106151764998,certain,
rohcha_short_tight,affine,12.36931687685298,crew_team_h,550,0.16068748078916784,certain,
rohcha_short_tight,affine,12.36931687685298,shift_ot_h,550,0.3725034988010174,certain,
rohcha_short_tight,affine,15.436171684196077,shift_h,550,0.36753681646781233,certain,
rohcha_short_tight,affine,15.436171684196077,crew_veh_h,550,0.3374825672349382,certain,
rohcha_short_tight,affine,15.436171684196077,crew_team_h,550,0.169245852602802,certain,
rohcha_short_tight,affine,15.436171684196077,shift_ot_h,550,0.36772691154002346,certain,
rohcha_short_tight,affine,19.26342405455451,shift_h,550,0.36228341758778093,certain,
rohcha_short_tight,affine,19.26342405455451,crew_veh_h,550,0.334002260102902,certain,
rohcha_short_tight,affine,19.26342405455451,crew_team_h,550,0.16863712361609107,certain,
rohcha_short_tight,affine,19.26342405455451,shift_ot_h,550,0.3625012124737639,certain,
rohcha_short_tight,affine,24.039607351964708,shift_h,550,0.3566638081904816,certain,
rohcha_short_tight,affine,24.039607351964708,crew_veh_h,550,0.3303329726346338,certain,
rohcha_short_tight,affine,24.039607351964708,crew_team_h,550,0.16089407824250257,certain,
rohcha_short_tight,affine,24.039607351964708,shift_ot_h,550,0.35690458352904586,certain,
rohcha_short_tight,affine,30.000000000000004,shift_h,550,0.3507882563124123,certain,
rohcha_short_tight,affine,30.000000000000004,crew_veh_h,550,0.3265545441743458,certain,
rohcha_short_tight,affine,30.000000000000004,crew_team_h,550,0.15292072012818836,certain,
rohcha_short_tight,affine,30.000000000000004,shift_ot_h,550,0.35104569421795695,certain,
rohcha_short_tight,piecewise,5.1,shift_h,550,0.3855116810799153,certain,
rohcha_short_tight,piecewise,5.1,crew_veh_h,550,0.3494949314096223,certain,
rohcha_short_tight,piecewise,5.1,crew_team_h,550,0.13473718206170404,certain,
rohcha_short_tight,piecewise,5.1,shift_ot_h,550,0.38556203832828073,certain,
rohcha_short_tight,piecewise,6.364496630910889,shift_h,550,0.3824734193636725,certain,
rohcha_short_tight,piecewise,6.364496630910889,crew_veh_h,550,0.3473161837607466,certain,
rohcha_short_tight,piecewise,6.364496630910889,crew_team_h,550,0.13996843334021714,certain,
rohcha_short_tight,piecewise,6.364496630910889,shift_ot_h,550,0.3825526936979702,certain,
rohcha_short_tight,piecewise,7.9425132087992285,shift_h,550,0.3789333793181291,certain,
rohcha_short_tight,piecewise,7.9425132087992285,crew_veh_h,550,0.34479941997204433,certain,
rohcha_short_tight,piecewise,7.9425132087992285,crew_team_h,550,0.1460112734984862,certain,
rohcha_short_tight,piecewise,7.9425132087992285,shift_ot_h,550,0.37904394109907624,certain,
rohcha_short_tight,piecewise,9.911784031052534,shift_h,550,0.3748652844803184,certain,
rohcha_short_tight,piecewise,9.911784031052534,crew_veh_h,550,0.34193582682752854,certain,
rohcha_short_tight,piecewise,9.911784031052534,crew_team_h,550,0.15288686338431678,certain,
rohcha_short_tight,piecewise,9.911784031052534,shift_ot_h,550,0.37500860026899074,certain,
rohcha_short_tight,piecewise,12.36931687685298,shift_h,550,0.37026392765491045,certain,
rohcha_short_tight,piecewise,12.36931687685298,crew_veh_h,550,0.33873312652463317,certain,
rohcha_short_tight,piecewise,12.36931687685298,crew_team_h,550,0.16057666172459673,certain,
rohcha_short_tight,piecewise,12.36931687685298,shift_ot_h,550,0.370440160734403,certain,
rohcha_short_tight,piecewise,15.436171684196077,shift_h,550,0.36515184531929457,certain,
rohcha_short_tight,piecewise,15.436171684196077,crew_veh_h,550,0.3352192865500152,certain,
rohcha_short_tight,piecewise,15.436171684196077,crew_team_h,550,0.16661376628215896,certain,
rohcha_short_tight,piecewise,15.436171684196077,shift_ot_h,550,0.36535950067861345,certain,
rohcha_short_tight,piecewise,19.26342405455451,shift_h,550,0.3595842004610599,certain,
rohcha_short_tight,piecewise,19.26342405455451,crew_veh_h,550,0.3314443760324175,certain,
rohcha_short_tight,piecewise,19.26342405455451,crew_team_h,550,0.1579520121757143,certain,
rohcha_short_tight,piecewise,19.26342405455451,shift_ot_h,550,0.35981990314718626,certain,
rohcha_short_tight,piecewise,24.039607351964708,shift_h,550,0.3536502290917838,certain,
rohcha_short_tight,piecewise,24.039607351964708,crew_veh_h,550,0.32747959863864096,certain,
rohcha_short_tight,piecewise,24.039607351964708,crew_team_h,550,0.1488545973597628,certain,
rohcha_short_tight,piecewise,24.039607351964708,shift_ot_h,550,0.3539087242463652,certain,
rohcha_short_tight,piecewise,30.000000000000004,shift_h,550,0.3474699481689778,certain,
rohcha_short_tight,piecewise,30.000000000000004,crew_veh_h,550,0.3234130058446585,certain,
rohcha_short_tight,piecewise,30.000000000000004,crew_team_h,550,0.1395235611223975,certain,
rohcha_short_tight,piecewise,30.000000000000004,shift_ot_h,550,0.3477443785977168,certain,
rohcha_short_tight,power_0.72,5.1,shift_h,550,0.38910013556511114,certain,
rohcha_short_tight,power_0.72,5.1,crew_veh_h,550,0.3530866564395678,certain,
rohcha_short_tight,power_0.72,5.1,crew_team_h,550,0.13551662339499893,certain,
rohcha_short_tight,power_0.72,5.1,shift_ot_h,550,0.38911356223271065,certain,
rohcha_short_tight,power_0.72,6.364496630910889,shift_h,550,0.3867823330983362,certain,
rohcha_short_tight,power_0.72,6.364496630910889,crew_veh_h,550,0.35162096015035615,certain,
rohcha_short_tight,power_0.72,6.364496630910889,crew_team_h,550,0.1409928555274802,certain,
rohcha_short_tight,power_0.72,6.364496630910889,shift_ot_h,550,0.38681893154423563,certain,
rohcha_short_tight,power_0.72,7.9425132087992285,shift_h,550,0.3840674831875004,certain,
rohcha_short_tight,power_0.72,7.9425132087992285,crew_veh_h,550,0.3499180256014034,certain,
rohcha_short_tight,power_0.72,7.9425132087992285,crew_team_h,550,0.14735547305276864,certain,
rohcha_short_tight,power_0.72,7.9425132087992285,shift_ot_h,550,0.384129496542867,certain,
rohcha_short_tight,power_0.72,9.911784031052534,shift_h,550,0.38092856056498414,certain,
rohcha_short_tight,power_0.72,9.911784031052534,crew_veh_h,550,0.34796745537736395,certain,
rohcha_short_tight,power_0.72,9.911784031052534,crew_team_h,550,0.15464332348683874,certain,
rohcha_short_tight,power_0.72,9.911784031052534,shift_ot_h,550,0.3810176347619614,certain,
rohcha_short_tight,power_0.72,12.36931687685298,shift_h,550,0.3773533042214505,certain,
rohcha_short_tight,power_0.72,12.36931687685298,crew_veh_h,550,0.34576938287477055,certain,
rohcha_short_tight,power_0.72,12.36931687685298,crew_team_h,550,0.1628559084246779,certain,
rohcha_short_tight,power_0.72,12.36931687685298,shift_ot_h,550,0.37747016113702814,certain,
rohcha_short_tight,power_0.72,15.436171684196077,shift_h,550,0.37334990837249693,certain,
rohcha_short_tight,power_0.72,15.436171684196077,crew_veh_h,550,0.3433374663674327,certain,
rohcha_short_tight,power_0.72,15.436171684196077,crew_team_h,550,0.17194219691365076,certain,
rohcha_short_tight,power_0.72,15.436171684196077,shift_ot_h,550,0.3734940276956422,certain,
rohcha_short_tight,power_0.72,19.26342405455451,shift_h,550,0.3689517964083817,certain,
rohcha_short_tight,power_0.72,19.26342405455451,crew_veh_h,550,0.34070088130675713,certain,
rohcha_short_tight,power_0.72,19.26342405455451,crew_team_h,550,0.18179318168830627,certain,
rohcha_short_tight,power_0.72,19.26342405455451,shift_ot_h,550,0.3691211733616744,certain,
rohcha_short_tight,power_0.72,24.039607351964708,shift_h,550,0.3642201509721821,certain,
rohcha_short_tight,power_0.72,24.039607351964708,crew_veh_h,550,0.33790455564798005,certain,
rohcha_short_tight,power_0.72,24.039607351964708,crew_team_h,550,0.17980147293359927,certain,
rohcha_short_tight,power_0.72,24.039607351964708,shift_ot_h,550,0.3644112055488926,certain,
rohcha_short_tight,power_0.72,30.000000000000004,shift_h,550,0.35924295788429106,certain,
rohcha_short_tight,power_0.72,30.000000000000004,crew_veh_h,550,0.33500711329037025,certain,
rohcha_short_tight,power_0.72,30.000000000000004,crew_team_h,550,0.17406913520489553,certain,
rohcha_short_tight,power_0.72,30.000000000000004,shift_ot_h,550,0.35945065666611464,certain,
rohcha_short_tight,power_0.84,5.1,shift_h,550,0.3863706709174455,certain,
rohcha_short_tight,power_0.84,5.1,crew_veh_h,550,0.350421878341848,certain,
rohcha_short_tight,power_0.84,5.1,crew_team_h,550,0.13539941390417498,certain,
rohcha_short_tight,power_0.84,5.1,shift_ot_h,550,0.3864121962553362,certain,
rohcha_short_tight,power_0.84,6.364496630910889,shift_h,550,0.3835087733088227,certain,
rohcha_short_tight,power_0.84,6.364496630910889,crew_veh_h,550,0.34843009056638996,certain,
rohcha_short_tight,power_0.84,6.364496630910889,crew_team_h,550,0.14077431707768095,certain,
rohcha_short_tight,power_0.84,6.364496630910889,shift_ot_h,550,0.3835777629623911,certain,
rohcha_short_tight,power_0.84,7.9425132087992285,shift_h,550,0.3801725732724135,certain,
rohcha_short_tight,power_0.84,7.9425132087992285,crew_veh_h,550,0.3461280391333421,certain,
rohcha_short_tight,power_0.84,7.9425132087992285,crew_team_h,550,0.14698647667898102,certain,
rohcha_short_tight,power_0.84,7.9425132087992285,shift_ot_h,550,0.38027132558189747,certain,
rohcha_short_tight,power_0.84,9.911784031052534,shift_h,550,0.3763365282242852,certain,
rohcha_short_tight,power_0.84,9.911784031052534,crew_veh_h,550,0.34350711241525445,certain,
rohcha_short_tight,power_0.84,9.911784031052534,crew_team_h,550,0.15405913146085792,certain,
rohcha_short_tight,power_0.84,9.911784031052534,shift_ot_h,550,0.3764665009199508,certain,
rohcha_short_tight,power_0.84,12.36931687685298,shift_h,550,0.3719948058692033,certain,
rohcha_short_tight,power_0.84,12.36931687685298,crew_veh_h,550,0.3405737514136937,certain,
rohcha_short_tight,power_0.84,12.36931687685298,crew_team_h,550,0.16197490017407,certain,
rohcha_short_tight,power_0.84,12.36931687685298,shift_ot_h,550,0.3721562362210069,certain,
rohcha_short_tight,power_0.84,15.436171684196077,shift_h,550,0.36716764547921454,certain,
rohcha_short_tight,power_0.84,15.436171684196077,crew_veh_h,550,0.3373529071290806,certain,
rohcha_short_tight,power_0.84,15.436171684196077,crew_team_h,550,0.16883090246004917,certain,
rohcha_short_tight,power_0.84,15.436171684196077,shift_ot_h,550,0.3673592092779794,certain,
rohcha_short_tight,power_0.84,19.26342405455451,shift_h,550,0.3619060808047827,certain,
rohcha_short_tight,power_0.84,19.26342405455451,crew_veh_h,550,0.33388983180468124,certain,
rohcha_short_tight,power_0.84,19.26342405455451,crew_team_h,550,0.1604773996606188,certain,
rohcha_short_tight,power_0.84,19.26342405455451,shift_ot_h,550,0.3621246740565853,certain,
rohcha_short_tight,power_0.84,24.039607351964708,shift_h,550,0.3562934640764983,certain,
rohcha_short_tight,power_0.84,24.039607351964708,crew_veh_h,550,0.330249302599972,certain,
rohcha_short_tight,power_0.84,24.039607351964708,crew_team_h,550,0.15169584914432388,certain,
rohcha_short_tight,power_0.84,24.039607351964708,shift_ot_h,550,0.35653419183081336,certain,
rohcha_short_tight,power_0.84,30.000000000000004,shift_h,550,0.3504425335570247,certain,
rohcha_short_tight,power_0.84,30.000000000000004,crew_veh_h,550,0.3265117980438512,certain,
rohcha_short_tight,power_0.84,30.000000000000004,crew_team_h,550,0.14268037825564162,certain,
rohcha_short_tight,power_0.84,30.000000000000004,shift_ot_h,550,0.3506989608327702,certain,
rohcha_short_tight,power_0.96,5.1,shift_h,550,0.383318781020374,certain,
rohcha_short_tight,power_0.96,5.1,crew_veh_h,550,0.34742851710085176,certain,
rohcha_short_tight,power_0.96,5.1,crew_team_h,550,0.1351136685283827,certain,
rohcha_short_tight,power_0.96,5.1,shift_ot_h,550,0.3833910712669375,certain,
rohcha_short_tight,power_0.96,6.364496630910889,shift_h,550,0.37986319948418923,certain,
rohcha_short_tight,power_0.96,6.364496630910889,crew_veh_h,550,0.34486198013620517,certain,
rohcha_short_tight,power_0.96,6.364496630910889,crew_team_h,550,0.14034946894518496,certain,
rohcha_short_tight,power_0.96,6.364496630910889,shift_ot_h,550,0.3799673597858999,certain,
rohcha_short_tight,power_0.96,7.9425132087992285,shift_h,550,0.37585525054919655,certain,
rohcha_short_tight,power_0.96,7.9425132087992285,crew_veh_h,550,0.34191208087951996,certain,
rohcha_short_tight,power_0.96,7.9425132087992285,crew_team_h,550,0.14636733814809477,certain,
rohcha_short_tight,power_0.96,7.9425132087992285,shift_ot_h,550,0.3759935053651009,certain,
rohcha_short_tight,power_0.96,9.911784031052534,shift_h,550,0.37127363679090464,certain,
rohcha_short_tight,power_0.96,9.911784031052534,crew_veh_h,550,0.33857482495567126,certain,
rohcha_short_tight,power_0.96,9.911784031052534,crew_team_h,550,0.15317542476354262,certain,
rohcha_short_tight,power_0.96,9.911784031052534,shift_ot_h,550,0.37144708608771304,certain,
rohcha_short_tight,power_0.96,12.36931687685298,shift_h,550,0.3661223579186319,certain,
rohcha_short_tight,power_0.96,12.36931687685298,crew_veh_h,550,0.3348663148335054,certain,
rohcha_short_tight,power_0.96,12.36931687685298,crew_team_h,550,0.1571483828132565,certain,
rohcha_short_tight,power_0.96,12.36931687685298,shift_ot_h,550,0.3663305555154528,certain,
rohcha_short_tight,power_0.96,15.436171684196077,shift_h,550,0.36043742903849574,certain,
rohcha_short_tight,power_0.96,15.436171684196077,crew_veh_h,550,0.3308263187142024,certain,
rohcha_short_tight,power_0.96,15.436171684196077,crew_team_h,550,0.14649420195607243,certain,
rohcha_short_tight,power_0.96,15.436171684196077,shift_ot_h,550,0.3606780408614405,certain,
rohcha_short_tight,power_0.96,19.26342405455451,shift_h,550,0.3542910519344291,certain,
rohcha_short_tight,power_0.96,19.26342405455451,crew_veh_h,550,0.32651935737240523,certain,
rohcha_short_tight,power_0.96,19.26342405455451,crew_team_h,550,0.1351359868179034,certain,
rohcha_short_tight,power_0.96,19.26342405455451,shift_ot_h,550,0.3545596928778436,certain,
rohcha_short_tight,power_0.96,24.039607351964708,shift_h,550,0.34670020462807005,certain,
rohcha_short_tight,power_0.96,24.039607351964708,crew_veh_h,550,0.3220323575865196,certain,
rohcha_short_tight,power_0.96,24.039607351964708,crew_team_h,550,0.12330297861362371,certain,
rohcha_short_tight,power_0.96,24.039607351964708,shift_ot_h,550,0.34808186005816855,certain,
rohcha_short_tight,power_0.96,30.000000000000004,shift_h,550,0.3141270533902618,certain,
rohcha_short_tight,power_0.96,30.000000000000004,crew_veh_h,550,0.3174685962329893,certain,
rohcha_short_tight,power_0.96,30.000000000000004,crew_team_h,550,0.11126753664445488,certain,
rohcha_short_tight,power_0.96,30.000000000000004,shift_ot_h,550,0.3213789037507475,certain,
uniform_long_baseline,affine,5.1,shift_h,500,0.009671139250001959,search-dependent,550
uniform_long_baseline,affine,5.1,crew_veh_h,500,0.009659674175009014,search-dependent,550
uniform_long_baseline,affine,5.1,crew_team_h,500,0.009659674175009014,search-dependent,550
uniform_long_baseline,affine,5.1,shift_ot_h,500,0.00915149579361385,search-dependent,550
uniform_long_baseline,affine,6.364496630910889,shift_h,500,0.011734393110204078,search-dependent,550
uniform_long_baseline,affine,6.364496630910889,crew_veh_h,500,0.01172086730018762,search-dependent,550
uniform_long_baseline,affine,6.364496630910889,crew_team_h,500,0.01172086730018762,search-dependent,550
uniform_long_baseline,affine,6.364496630910889,shift_ot_h,500,0.011120454391402301,search-dependent,550
uniform_long_baseline,affine,7.9425132087992285,shift_h,500,0.014154104324551886,search-dependent,550
uniform_long_baseline,affine,7.9425132087992285,crew_veh_h,500,0.014138334398475338,search-dependent,550
uniform_long_baseline,affine,7.9425132087992285,crew_team_h,500,0.014138334398475338,search-dependent,550
uniform_long_baseline,affine,7.9425132087992285,shift_ot_h,500,0.013437077839759892,search-dependent,550
uniform_long_baseline,affine,9.911784031052534,shift_h,500,0.016955849032492365,search-dependent,550
uniform_long_baseline,affine,9.911784031052534,crew_veh_h,500,0.016937713535750687,search-dependent,550
uniform_long_baseline,affine,9.911784031052534,crew_team_h,500,0.016937713535750687,search-dependent,550
uniform_long_baseline,affine,9.911784031052534,shift_ot_h,500,0.01612962486277003,search-dependent,550
uniform_long_baseline,affine,12.36931687685298,shift_h,500,0.020152377469790483,search-dependent,550
uniform_long_baseline,affine,12.36931687685298,crew_veh_h,500,0.02013184830953829,search-dependent,550
uniform_long_baseline,affine,12.36931687685298,crew_team_h,500,0.02013184830953829,search-dependent,550
uniform_long_baseline,affine,12.36931687685298,shift_ot_h,500,0.01921497454290777,search-dependent,550
uniform_long_baseline,affine,15.436171684196077,shift_h,500,0.023738434783815432,search-dependent,550
uniform_long_baseline,affine,15.436171684196077,crew_veh_h,500,0.02371560752852009,search-dependent,550
uniform_long_baseline,affine,15.436171684196077,crew_team_h,500,0.02371560752852009,search-dependent,550
uniform_long_baseline,affine,15.436171684196077,shift_ot_h,500,0.02269342939869734,search-dependent,550
uniform_long_baseline,affine,19.26342405455451,shift_h,500,0.027686296350141637,search-dependent,550
uniform_long_baseline,affine,19.26342405455451,crew_veh_h,500,0.027661412779604655,search-dependent,550
uniform_long_baseline,affine,19.26342405455451,crew_team_h,500,0.027661412779604655,search-dependent,550
uniform_long_baseline,affine,19.26342405455451,shift_ot_h,500,0.02654393726911075,search-dependent,550
uniform_long_baseline,affine,24.039607351964708,shift_h,500,0.03194320622978819,search-dependent,550
uniform_long_baseline,affine,24.039607351964708,crew_veh_h,500,0.0319166616681934,search-dependent,550
uniform_long_baseline,affine,24.039607351964708,crew_team_h,500,0.0319166616681934,search-dependent,550
uniform_long_baseline,affine,24.039607351964708,shift_ot_h,500,0.030720870325914085,search-dependent,550
uniform_long_baseline,affine,30.000000000000004,shift_h,500,0.03643187113717827,search-dependent,550
uniform_long_baseline,affine,30.000000000000004,crew_veh_h,500,0.03640420053044369,search-dependent,550
uniform_long_baseline,affine,30.000000000000004,crew_team_h,500,0.03640420053044369,search-dependent,550
uniform_long_baseline,affine,30.000000000000004,shift_ot_h,500,0.03515356318027596,search-dependent,550
uniform_long_baseline,piecewise,5.1,shift_h,500,0.010457016795983876,search-dependent,550
uniform_long_baseline,piecewise,5.1,crew_veh_h,500,0.010444666913820955,search-dependent,550
uniform_long_baseline,piecewise,5.1,crew_team_h,500,0.010444666913820955,search-dependent,550
uniform_long_baseline,piecewise,5.1,shift_ot_h,500,0.009897159008937173,search-dependent,550
uniform_long_baseline,piecewise,6.364496630910889,shift_h,500,0.012677698095920675,search-dependent,550
uniform_long_baseline,piecewise,6.364496630910889,crew_veh_h,500,0.01266315192282308,search-dependent,550
uniform_long_baseline,piecewise,6.364496630910889,crew_team_h,500,0.01266315192282308,search-dependent,550
uniform_long_baseline,piecewise,6.364496630910889,shift_ot_h,500,0.012017289937435116,search-dependent,550
uniform_long_baseline,piecewise,7.9425132087992285,shift_h,500,0.01527747532827739,search-dependent,550
uniform_long_baseline,piecewise,7.9425132087992285,crew_veh_h,500,0.015260547768443322,search-dependent,550
uniform_long_baseline,piecewise,7.9425132087992285,crew_team_h,500,0.015260547768443322,search-dependent,550
uniform_long_baseline,piecewise,7.9425132087992285,shift_ot_h,500,0.014507602757747096,search-dependent,550
uniform_long_baseline,piecewise,9.911784031052534,shift_h,500,0.01828158424203874,search-dependent,550
uniform_long_baseline,piecewise,9.911784031052534,crew_veh_h,500,0.018262159970980685,search-dependent,550
uniform_long_baseline,piecewise,9.911784031052534,crew_team_h,500,0.018262159970980685,search-dependent,550
uniform_long_baseline,piecewise,9.911784031052534,shift_ot_h,500,0.017396366534287777,search-dependent,550
uniform_long_baseline,piecewise,12.36931687685298,shift_h,500,0.02170098164663825,search-dependent,550
uniform_long_baseline,piecewise,12.36931687685298,crew_veh_h,500,0.021679048321971317,search-dependent,550
uniform_long_baseline,piecewise,12.36931687685298,crew_team_h,500,0.021679048321971317,search-dependent,550
uniform_long_baseline,piecewise,12.36931687685298,shift_ot_h,500,0.020699103846338662,search-dependent,550
uniform_long_baseline,piecewise,15.436171684196077,shift_h,500,0.02552694398076638,search-dependent,550
uniform_long_baseline,piecewise,15.436171684196077,crew_veh_h,500,0.0255026233591098,search-dependent,550
uniform_long_baseline,piecewise,15.436171684196077,crew_team_h,500,0.0255026233591098,search-dependent,550
uniform_long_baseline,piecewise,15.436171684196077,shift_ot_h,500,0.02441313105504106,search-dependent,550
uniform_long_baseline,piecewise,19.26342405455451,shift_h,500,0.02972658811806883,search-dependent,550
uniform_long_baseline,piecewise,19.26342405455451,crew_veh_h,500,0.029700157888924883,search-dependent,550
uniform_long_baseline,piecewise,19.26342405455451,crew_team_h,500,0.029700157888924883,search-dependent,550
uniform_long_baseline,piecewise,19.26342405455451,shift_ot_h,500,0.028512697826277522,search-dependent,550
uniform_long_baseline,piecewise,24.039607351964708,shift_h,500,0.03424058143831887,search-dependent,550
uniform_long_baseline,piecewise,24.039607351964708,crew_veh_h,500,0.03421247997684884,search-dependent,550
uniform_long_baseline,piecewise,24.039607351964708,crew_team_h,500,0.03421247997684884,search-dependent,550
uniform_long_baseline,piecewise,24.039607351964708,shift_ot_h,500,0.03294595231524933,search-dependent,550
uniform_long_baseline,piecewise,30.000000000000004,shift_h,500,0.038984210299015,search-dependent,550
uniform_long_baseline,piecewise,30.000000000000004,crew_veh_h,500,0.03895501845763372,search-dependent,550
uniform_long_baseline,piecewise,30.000000000000004,crew_team_h,500,0.03895501845763372,search-dependent,550
uniform_long_baseline,piecewise,30.000000000000004,shift_ot_h,500,0.03763497209229305,search-dependent,550
uniform_long_baseline,power_0.72,5.1,shift_h,500,0.00784670892747008,search-dependent,550
uniform_long_baseline,power_0.72,5.1,crew_veh_h,500,0.007837359000270716,search-dependent,550
uniform_long_baseline,power_0.72,5.1,crew_team_h,500,0.007837359000270716,search-dependent,550
uniform_long_baseline,power_0.72,5.1,shift_ot_h,500,0.007423046799125421,search-dependent,550
uniform_long_baseline,power_0.72,6.364496630910889,shift_h,500,0.009531176296522892,search-dependent,550
uniform_long_baseline,power_0.72,6.364496630910889,crew_veh_h,500,0.0095201216194567,search-dependent,550
uniform_long_baseline,power_0.72,6.364496630910889,crew_team_h,500,0.0095201216194567,search-dependent,550
uniform_long_baseline,power_0.72,6.364496630910889,shift_ot_h,500,0.009029562767482124,search-dependent,550
uniform_long_baseline,power_0.72,7.9425132087992285,shift_h,500,0.01151137282396597,search-dependent,550
uniform_long_baseline,power_0.72,7.9425132087992285,crew_veh_h,500,0.011498450827188256,search-dependent,550
uniform_long_baseline,power_0.72,7.9425132087992285,crew_team_h,500,0.011498450827188256,search-dependent,550
uniform_long_baseline,power_0.72,7.9425132087992285,shift_ot_h,500,0.010924055064937876,search-dependent,550
uniform_long_baseline,power_0.72,9.911784031052534,shift_h,500,0.013810590916602639,search-dependent,550
uniform_long_baseline,power_0.72,9.911784031052534,crew_veh_h,500,0.013795686161017562,search-dependent,550
uniform_long_baseline,power_0.72,9.911784031052534,crew_team_h,500,0.013795686161017562,search-dependent,550
uniform_long_baseline,power_0.72,9.911784031052534,shift_ot_h,500,0.013131846445839424,search-dependent,550
uniform_long_baseline,power_0.72,12.36931687685298,shift_h,500,0.01644218350450788,search-dependent,550
uniform_long_baseline,power_0.72,12.36931687685298,crew_veh_h,500,0.016425253893131986,search-dependent,550
uniform_long_baseline,power_0.72,12.36931687685298,crew_team_h,500,0.016425253893131986,search-dependent,550
uniform_long_baseline,power_0.72,12.36931687685298,shift_ot_h,500,0.01566952144576428,search-dependent,550
uniform_long_baseline,power_0.72,15.436171684196077,shift_h,500,0.01940517231991179,search-dependent,550
uniform_long_baseline,power_0.72,15.436171684196077,crew_veh_h,500,0.0193862752964995,search-dependent,550
uniform_long_baseline,power_0.72,15.436171684196077,crew_team_h,500,0.0193862752964995,search-dependent,550
uniform_long_baseline,power_0.72,15.436171684196077,shift_ot_h,500,0.018540561122857513,search-dependent,550
uniform_long_baseline,power_0.72,19.26342405455451,shift_h,500,0.0226802752829407,search-dependent,550
uniform_long_baseline,power_0.72,19.26342405455451,crew_veh_h,500,0.02265958873701024,search-dependent,550
uniform_long_baseline,power_0.72,19.26342405455451,crew_team_h,500,0.02265958873701024,search-dependent,550
uniform_long_baseline,power_0.72,19.26342405455451,shift_ot_h,500,0.02173116239218631,search-dependent,550
uniform_long_baseline,power_0.72,24.039607351964708,shift_h,500,0.02622732775374992,search-dependent,550
uniform_long_baseline,power_0.72,24.039607351964708,crew_veh_h,500,0.026205159340922712,search-dependent,550
uniform_long_baseline,power_0.72,24.039607351964708,crew_team_h,500,0.026205159340922712,search-dependent,550
uniform_long_baseline,power_0.72,24.039607351964708,shift_ot_h,500,0.025207162081375856,search-dependent,550
uniform_long_baseline,power_0.72,30.000000000000004,shift_h,500,0.029985104487242564,search-dependent,550
uniform_long_baseline,power_0.72,30.000000000000004,crew_veh_h,500,0.029961883827771763,search-dependent,550
uniform_long_baseline,power_0.72,30.000000000000004,crew_team_h,500,0.029961883827771763,search-dependent,550
uniform_long_baseline,power_0.72,30.000000000000004,shift_ot_h,500,0.028913094180153864,search-dependent,550
uniform_long_baseline,power_0.84,5.1,shift_h,500,0.009830941586159936,search-dependent,550
uniform_long_baseline,power_0.84,5.1,crew_veh_h,500,0.00981932565963195,search-dependent,550
uniform_long_baseline,power_0.84,5.1,crew_team_h,500,0.00981932565963195,search-dependent,550
uniform_long_baseline,power_0.84,5.1,shift_ot_h,500,0.009304369196175166,search-dependent,550
uniform_long_baseline,power_0.84,6.364496630910889,shift_h,500,0.01191985696753961,search-dependent,550
uniform_long_baseline,power_0.84,6.364496630910889,crew_veh_h,500,0.01190617254711368,search-dependent,550
uniform_long_baseline,power_0.84,6.364496630910889,crew_team_h,500,0.01190617254711368,search-dependent,550
uniform_long_baseline,power_0.84,6.364496630910889,shift_ot_h,500,0.011298591113179768,search-dependent,550
uniform_long_baseline,power_0.84,7.9425132087992285,shift_h,500,0.014365904026462095,search-dependent,550
uniform_long_baseline,power_0.84,7.9425132087992285,crew_veh_h,500,0.01434997557963169,search-dependent,550
uniform_long_baseline,power_0.84,7.9425132087992285,crew_team_h,500,0.01434997557963169,search-dependent,550
uniform_long_baseline,power_0.84,7.9425132087992285,shift_ot_h,500,0.013641496046228774,search-dependent,550
uniform_long_baseline,power_0.84,9.911784031052534,shift_h,500,0.017193085622921656,search-dependent,550
uniform_long_baseline,power_0.84,9.911784031052534,crew_veh_h,500,0.017174802894412755,search-dependent,550
uniform_long_baseline,power_0.84,9.911784031052534,crew_team_h,500,0.017174802894412755,search-dependent,550
uniform_long_baseline,power_0.84,9.911784031052534,shift_ot_h,500,0.016359923581123814,search-dependent,550
uniform_long_baseline,power_0.84,12.36931687685298,shift_h,500,0.020412026350970613,search-dependent,550
uniform_long_baseline,power_0.84,12.36931687685298,crew_veh_h,500,0.0203913756791958,search-dependent,550
uniform_long_baseline,power_0.84,12.36931687685298,crew_team_h,500,0.0203913756791958,search-dependent,550
uniform_long_baseline,power_0.84,12.36931687685298,shift_ot_h,500,0.019468779548037496,search-dependent,550
uniform_long_baseline,power_0.84,15.436171684196077,shift_h,500,0.02401487091166299,search-dependent,550
uniform_long_baseline,power_0.84,15.436171684196077,crew_veh_h,500,0.023991964676091104,search-dependent,550
uniform_long_baseline,power_0.84,15.436171684196077,crew_team_h,500,0.023991964676091104,search-dependent,550
uniform_long_baseline,power_0.84,15.436171684196077,shift_ot_h,500,0.02296588408512168,search-dependent,550
uniform_long_baseline,power_0.84,19.26342405455451,shift_h,500,0.027971032461141965,search-dependent,550
uniform_long_baseline,power_0.84,19.26342405455451,crew_veh_h,500,0.02794612990436951,search-dependent,550
uniform_long_baseline,power_0.84,19.26342405455451,crew_team_h,500,0.02794612990436951,search-dependent,550
uniform_long_baseline,power_0.84,19.26342405455451,shift_ot_h,500,0.026827366326631852,search-dependent,550
uniform_long_baseline,power_0.84,24.039607351964708,shift_h,500,0.03222498454879874,search-dependent,550
uniform_long_baseline,power_0.84,24.039607351964708,crew_veh_h,500,0.032198496608099925,search-dependent,550
uniform_long_baseline,power_0.84,24.039607351964708,crew_team_h,500,0.032198496608099925,search-dependent,550
uniform_long_baseline,power_0.84,24.039607351964708,shift_ot_h,500,0.031004759531463533,search-dependent,550
uniform_long_baseline,power_0.84,30.000000000000004,shift_h,500,0.03669720496172668,search-dependent,550
uniform_long_baseline,power_0.84,30.000000000000004,crew_veh_h,500,0.036669677505764886,search-dependent,550
uniform_long_baseline,power_0.84,30.000000000000004,crew_team_h,500,0.036669677505764886,search-dependent,550
uniform_long_baseline,power_0.84,30.000000000000004,shift_ot_h,500,0.03542496969638975,search-dependent,550
uniform_long_baseline,power_0.96,5.1,shift_h,500,0.012058839371299035,search-dependent,550
uniform_long_baseline,power_0.96,5.1,crew_veh_h,500,0.012044718695242596,search-dependent,550
uniform_long_baseline,power_0.96,5.1,crew_team_h,500,0.012044718695242596,search-dependent,550
uniform_long_baseline,power_0.96,5.1,shift_ot_h,500,0.01141842092388834,search-dependent,550
uniform_long_baseline,power_0.96,6.364496630910889,shift_h,500,0.014593331080456906,search-dependent,550
uniform_long_baseline,power_0.96,6.364496630910889,crew_veh_h,500,0.01457675908349687,search-dependent,550
uniform_long_baseline,power_0.96,6.364496630910889,crew_team_h,500,0.01457675908349687,search-dependent,550
uniform_long_baseline,power_0.96,6.364496630910889,shift_ot_h,500,0.013840554145503114,search-dependent,550
uniform_long_baseline,power_0.96,7.9425132087992285,shift_h,500,0.01754890235812656,search-dependent,550
uniform_long_baseline,power_0.96,7.9425132087992285,crew_veh_h,500,0.017529698435340135,search-dependent,550
uniform_long_baseline,power_0.96,7.9425132087992285,crew_team_h,500,0.017529698435340135,search-dependent,550
uniform_long_baseline,power_0.96,7.9425132087992285,shift_ot_h,500,0.016674966741923702,search-dependent,550
uniform_long_baseline,power_0.96,9.911784031052534,shift_h,500,0.020948673144713492,search-dependent,550
uniform_long_baseline,power_0.96,9.911784031052534,crew_veh_h,500,0.020926743588779884,search-dependent,550
uniform_long_baseline,power_0.96,9.911784031052534,crew_team_h,500,0.020926743588779884,search-dependent,550
uniform_long_baseline,power_0.96,9.911784031052534,shift_ot_h,500,0.019948582900908507,search-dependent,550
uniform_long_baseline,power_0.96,12.36931687685298,shift_h,500,0.024798395169362664,search-dependent,550
uniform_long_baseline,power_0.96,12.36931687685298,crew_veh_h,500,0.02477376919389962,search-dependent,550
uniform_long_baseline,power_0.96,12.36931687685298,crew_team_h,500,0.02477376919389962,search-dependent,550
uniform_long_baseline,power_0.96,12.36931687685298,shift_ot_h,500,0.023672632439625252,search-dependent,550
uniform_long_baseline,power_0.96,15.436171684196077,shift_h,500,0.029080772196532045,search-dependent,550
uniform_long_baseline,power_0.96,15.436171684196077,crew_veh_h,500,0.029053633418992586,search-dependent,550
uniform_long_baseline,power_0.96,15.436171684196077,crew_team_h,500,0.029053633418992586,search-dependent,550
uniform_long_baseline,power_0.96,15.436171684196077,shift_ot_h,500,0.027836807073286396,search-dependent,550
uniform_long_baseline,power_0.96,19.26342405455451,shift_h,500,0.033751199936144616,search-dependent,550
uniform_long_baseline,power_0.96,19.26342405455451,crew_veh_h,500,0.03372190508277373,search-dependent,550
uniform_long_baseline,power_0.96,19.26342405455451,crew_team_h,500,0.03372190508277373,search-dependent,550
uniform_long_baseline,power_0.96,19.26342405455451,shift_ot_h,500,0.032404462283578184,search-dependent,550
uniform_long_baseline,power_0.96,24.039607351964708,shift_h,500,0.038736314403551075,search-dependent,550
uniform_long_baseline,power_0.96,24.039607351964708,crew_veh_h,500,0.038705391100137154,search-dependent,550
uniform_long_baseline,power_0.96,24.039607351964708,crew_team_h,500,0.03784503863948063,search-dependent,550
uniform_long_baseline,power_0.96,24.039607351964708,shift_ot_h,500,0.037310242417468054,search-dependent,550
uniform_long_baseline,power_0.96,30.000000000000004,shift_h,500,0.04393648161543706,search-dependent,550
uniform_long_baseline,power_0.96,30.000000000000004,crew_veh_h,500,0.043904600203809485,search-dependent,550
uniform_long_baseline,power_0.96,30.000000000000004,crew_team_h,500,0.029105063287439448,search-dependent,550 MX2
uniform_long_baseline,power_0.96,30.000000000000004,shift_ot_h,500,0.04246138447028058,search-dependent,550
uniform_long_tight,affine,5.1,shift_h,500,0.009671139250002181,search-dependent,550
uniform_long_tight,affine,5.1,crew_veh_h,500,0.010606823139466925,search-dependent,550
uniform_long_tight,affine,5.1,crew_team_h,500,0.010606823139466925,search-dependent,550
uniform_long_tight,affine,5.1,shift_ot_h,500,0.009576766850992735,search-dependent,550
uniform_long_tight,affine,6.364496630910889,shift_h,500,0.011734393110204078,search-dependent,550
uniform_long_tight,affine,6.364496630910889,crew_veh_h,500,0.012835267755213264,search-dependent,550
uniform_long_tight,affine,6.364496630910889,crew_team_h,500,0.012835267755213264,search-dependent,550
uniform_long_tight,affine,6.364496630910889,shift_ot_h,500,0.01162303172717305,search-dependent,550
uniform_long_tight,affine,7.9425132087992285,shift_h,500,0.014154104324551886,search-dependent,550
uniform_long_tight,affine,7.9425132087992285,crew_veh_h,500,0.015433565397372506,search-dependent,550
uniform_long_tight,affine,7.9425132087992285,crew_team_h,500,0.015433565397372506,search-dependent,550
uniform_long_tight,affine,7.9425132087992285,shift_ot_h,500,0.014024230358351986,search-dependent,550
uniform_long_tight,affine,9.911784031052534,shift_h,500,0.016955849032492365,search-dependent,550
uniform_long_tight,affine,9.911784031052534,crew_veh_h,500,0.018421861220406566,search-dependent,550
uniform_long_tight,affine,9.911784031052534,crew_team_h,500,0.018421861220406566,search-dependent,550
uniform_long_tight,affine,9.911784031052534,shift_ot_h,500,0.01680644504434259,search-dependent,550
uniform_long_tight,affine,12.36931687685298,shift_h,500,0.020152377469790483,search-dependent,550
uniform_long_tight,affine,12.36931687685298,crew_veh_h,500,0.021804997363715772,search-dependent,550
uniform_long_tight,affine,12.36931687685298,crew_team_h,500,0.021804997363715772,search-dependent,550
uniform_long_tight,affine,12.36931687685298,shift_ot_h,500,0.019983191616181006,search-dependent,550
uniform_long_tight,affine,15.436171684196077,shift_h,500,0.023738434783815432,search-dependent,550
uniform_long_tight,affine,15.436171684196077,crew_veh_h,500,0.025567535915605566,search-dependent,550
uniform_long_tight,affine,15.436171684196077,crew_team_h,500,0.025567535915605566,search-dependent,550
uniform_long_tight,affine,15.436171684196077,shift_ot_h,500,0.023550231893897378,search-dependent,550
uniform_long_tight,affine,19.26342405455451,shift_h,500,0.027686296350141637,search-dependent,550
uniform_long_tight,affine,19.26342405455451,crew_veh_h,500,0.029670041588364615,search-dependent,550
uniform_long_tight,affine,19.26342405455451,crew_team_h,500,0.029670041588364615,search-dependent,550
uniform_long_tight,affine,19.26342405455451,shift_ot_h,500,0.027481046304521195,search-dependent,550
uniform_long_tight,affine,24.039607351964708,shift_h,500,0.03194320622978841,search-dependent,550
uniform_long_tight,affine,24.039607351964708,crew_veh_h,500,0.034047842739186374,search-dependent,550
uniform_long_tight,affine,24.039607351964708,crew_team_h,500,0.034047842739186374,search-dependent,550
uniform_long_tight,affine,24.039607351964708,shift_ot_h,500,0.03172414792524769,search-dependent,550
uniform_long_tight,affine,30.000000000000004,shift_h,500,0.03643187113717827,search-dependent,550
uniform_long_tight,affine,30.000000000000004,crew_veh_h,500,0.03861325981008057,search-dependent,550
uniform_long_tight,affine,30.000000000000004,crew_team_h,500,0.03861325981008057,search-dependent,550
uniform_long_tight,affine,30.000000000000004,shift_ot_h,500,0.03620340164251368,search-dependent,550
uniform_long_tight,piecewise,5.1,shift_h,500,0.010457016795984098,search-dependent,550
uniform_long_tight,piecewise,5.1,crew_veh_h,500,0.011464537961207721,search-dependent,550
uniform_long_tight,piecewise,5.1,crew_team_h,500,0.011464537961207721,search-dependent,550
uniform_long_tight,piecewise,5.1,shift_ot_h,500,0.010355357992184677,search-dependent,550
uniform_long_tight,piecewise,6.364496630910889,shift_h,500,0.012677698095920675,search-dependent,550
uniform_long_tight,piecewise,6.364496630910889,crew_veh_h,500,0.013861105271830931,search-dependent,550
uniform_long_tight,piecewise,6.364496630910889,crew_team_h,500,0.013861105271830931,search-dependent,550
uniform_long_tight,piecewise,6.364496630910889,shift_ot_h,500,0.012557931227775043,search-dependent,550
uniform_long_tight,piecewise,7.9425132087992285,shift_h,500,0.01527747532827739,search-dependent,550
uniform_long_tight,piecewise,7.9425132087992285,crew_veh_h,500,0.016650164355828112,search-dependent,550
uniform_long_tight,piecewise,7.9425132087992285,crew_team_h,500,0.016650164355828112,search-dependent,550
uniform_long_tight,piecewise,7.9425132087992285,shift_ot_h,500,0.015138061402715008,search-dependent,550
uniform_long_tight,piecewise,9.911784031052534,shift_h,500,0.018281584242038962,search-dependent,550
uniform_long_tight,piecewise,9.911784031052534,crew_veh_h,500,0.01985086804391223,search-dependent,550
uniform_long_tight,piecewise,9.911784031052534,crew_team_h,500,0.01985086804391223,search-dependent,550
uniform_long_tight,piecewise,9.911784031052534,shift_ot_h,500,0.01812155486887934,search-dependent,550
uniform_long_tight,piecewise,12.36931687685298,shift_h,500,0.02170098164663803,search-dependent,550
uniform_long_tight,piecewise,12.36931687685298,crew_veh_h,500,0.023465488089332354,search-dependent,550
uniform_long_tight,piecewise,12.36931687685298,crew_team_h,500,0.023465488089332354,search-dependent,550
uniform_long_tight,piecewise,12.36931687685298,shift_ot_h,500,0.021520213259441645,search-dependent,550
uniform_long_tight,piecewise,15.436171684196077,shift_h,500,0.025526943980766603,search-dependent,550
uniform_long_tight,piecewise,15.436171684196077,crew_veh_h,500,0.02747430239360349,search-dependent,550
uniform_long_tight,piecewise,15.436171684196077,crew_team_h,500,0.02747430239360349,search-dependent,550
uniform_long_tight,piecewise,15.436171684196077,shift_ot_h,500,0.025326415895180476,search-dependent,550
uniform_long_tight,piecewise,19.26342405455451,shift_h,500,0.029726588118069053,search-dependent,550
uniform_long_tight,piecewise,19.26342405455451,crew_veh_h,500,0.031831991846255514,search-dependent,550
uniform_long_tight,piecewise,19.26342405455451,crew_team_h,500,0.031831991846255514,search-dependent,550
uniform_long_tight,piecewise,19.26342405455451,shift_ot_h,500,0.029508565312549973,search-dependent,550
uniform_long_tight,piecewise,24.039607351964708,shift_h,500,0.034240581438319095,search-dependent,550
uniform_long_tight,piecewise,24.039607351964708,crew_veh_h,500,0.036466819701254316,search-dependent,550
uniform_long_tight,piecewise,24.039607351964708,crew_team_h,500,0.036466819701254316,search-dependent,550
uniform_long_tight,piecewise,24.039607351964708,shift_ot_h,500,0.0340086575422216,search-dependent,550
uniform_long_tight,piecewise,30.000000000000004,shift_h,500,0.038984210299015,search-dependent,550
uniform_long_tight,piecewise,30.000000000000004,crew_veh_h,500,0.04128355771481873,search-dependent,550
uniform_long_tight,piecewise,30.000000000000004,crew_team_h,500,0.04128355771481873,search-dependent,550
uniform_long_tight,piecewise,30.000000000000004,shift_ot_h,500,0.038743161599498865,search-dependent,550
uniform_long_tight,power_0.72,5.1,shift_h,500,0.007846708927469859,search-dependent,550
uniform_long_tight,power_0.72,5.1,crew_veh_h,500,0.008610155955993015,search-dependent,550
uniform_long_tight,power_0.72,5.1,crew_team_h,500,0.008610155955993015,search-dependent,550
uniform_long_tight,power_0.72,5.1,shift_ot_h,500,0.007769750318304958,search-dependent,550
uniform_long_tight,power_0.72,6.364496630910889,shift_h,500,0.009531176296523114,search-dependent,550
uniform_long_tight,power_0.72,6.364496630910889,crew_veh_h,500,0.010431456992665566,search-dependent,550
uniform_long_tight,power_0.72,6.364496630910889,crew_team_h,500,0.010431456992665566,search-dependent,550
uniform_long_tight,power_0.72,6.364496630910889,shift_ot_h,500,0.009440165102460707,search-dependent,550
uniform_long_tight,power_0.72,7.9425132087992285,shift_h,500,0.011511372823965749,search-dependent,550
uniform_long_tight,power_0.72,7.9425132087992285,crew_veh_h,500,0.012560496018461098,search-dependent,550
uniform_long_tight,power_0.72,7.9425132087992285,crew_team_h,500,0.012560496018461098,search-dependent,550
uniform_long_tight,power_0.72,7.9425132087992285,shift_ot_h,500,0.01140495957453802,search-dependent,550
uniform_long_tight,power_0.72,9.911784031052534,shift_h,500,0.013810590916602639,search-dependent,550
uniform_long_tight,power_0.72,9.911784031052534,crew_veh_h,500,0.01501639466352489,search-dependent,550
uniform_long_tight,power_0.72,9.911784031052534,crew_team_h,500,0.01501639466352489,search-dependent,550
uniform_long_tight,power_0.72,9.911784031052534,shift_ot_h,500,0.013687811034428066,search-dependent,550
uniform_long_tight,power_0.72,12.36931687685298,shift_h,500,0.01644218350450788,search-dependent,550
uniform_long_tight,power_0.72,12.36931687685298,crew_veh_h,500,0.017806254165724456,search-dependent,550
uniform_long_tight,power_0.72,12.36931687685298,crew_team_h,500,0.017806254165724456,search-dependent,550
uniform_long_tight,power_0.72,12.36931687685298,shift_ot_h,500,0.0163026734890952,search-dependent,550
uniform_long_tight,power_0.72,15.436171684196077,shift_h,500,0.019405172319911568,search-dependent,550
uniform_long_tight,power_0.72,15.436171684196077,crew_veh_h,500,0.020920853379941207,search-dependent,550
uniform_long_tight,power_0.72,15.436171684196077,crew_team_h,500,0.020920853379941207,search-dependent,550
uniform_long_tight,power_0.72,15.436171684196077,shift_ot_h,500,0.01924938662370801,search-dependent,550
uniform_long_tight,power_0.72,19.26342405455451,shift_h,500,0.02268027528294092,search-dependent,550
uniform_long_tight,power_0.72,19.26342405455451,crew_veh_h,500,0.02433120660583299,search-dependent,550
uniform_long_tight,power_0.72,19.26342405455451,crew_team_h,500,0.02433120660583299,search-dependent,550
uniform_long_tight,power_0.72,19.26342405455451,shift_ot_h,500,0.02250966053743153,search-dependent,550
uniform_long_tight,power_0.72,24.039607351964708,shift_h,500,0.02622732775374992,search-dependent,550
uniform_long_tight,power_0.72,24.039607351964708,crew_veh_h,500,0.027987007616184334,search-dependent,550
uniform_long_tight,power_0.72,24.039607351964708,crew_team_h,500,0.027987007616184334,search-dependent,550
uniform_long_tight,power_0.72,24.039607351964708,shift_ot_h,500,0.02604440242194861,search-dependent,550
uniform_long_tight,power_0.72,30.000000000000004,shift_h,500,0.029985104487242342,search-dependent,550
uniform_long_tight,power_0.72,30.000000000000004,crew_veh_h,500,0.0318178656797492,search-dependent,550
uniform_long_tight,power_0.72,30.000000000000004,crew_team_h,500,0.0318178656797492,search-dependent,550
uniform_long_tight,power_0.72,30.000000000000004,shift_ot_h,500,0.029793397859074755,search-dependent,550
uniform_long_tight,power_0.84,5.1,shift_h,500,0.009830941586159714,search-dependent,550
uniform_long_tight,power_0.84,5.1,crew_veh_h,500,0.010778629014520646,search-dependent,550
uniform_long_tight,power_0.84,5.1,crew_team_h,500,0.010778629014520646,search-dependent,550
uniform_long_tight,power_0.84,5.1,shift_ot_h,500,0.009735324766299458,search-dependent,550
uniform_long_tight,power_0.84,6.364496630910889,shift_h,500,0.01191985696753961,search-dependent,550
uniform_long_tight,power_0.84,6.364496630910889,crew_veh_h,500,0.013033215985660318,search-dependent,550
uniform_long_tight,power_0.84,6.364496630910889,crew_team_h,500,0.013033215985660318,search-dependent,550
uniform_long_tight,power_0.84,6.364496630910889,shift_ot_h,500,0.011807185929059827,search-dependent,550
uniform_long_tight,power_0.84,7.9425132087992285,shift_h,500,0.014365904026462095,search-dependent,550
uniform_long_tight,power_0.84,7.9425132087992285,crew_veh_h,500,0.015657653679558514,search-dependent,550
uniform_long_tight,power_0.84,7.9425132087992285,crew_team_h,500,0.015657653679558514,search-dependent,550
uniform_long_tight,power_0.84,7.9425132087992285,shift_ot_h,500,0.014234719431608145,search-dependent,550
uniform_long_tight,power_0.84,9.911784031052534,shift_h,500,0.017193085622921656,search-dependent,550
uniform_long_tight,power_0.84,9.911784031052534,crew_veh_h,500,0.01867024984702792,search-dependent,550
uniform_long_tight,power_0.84,9.911784031052534,crew_team_h,500,0.01867024984702792,search-dependent,550
uniform_long_tight,power_0.84,9.911784031052534,shift_ot_h,500,0.017042461947686327,search-dependent,550
uniform_long_tight,power_0.84,12.36931687685298,shift_h,500,0.02041202635097039,search-dependent,550
uniform_long_tight,power_0.84,12.36931687685298,crew_veh_h,500,0.02207347850231378,search-dependent,550
uniform_long_tight,power_0.84,12.36931687685298,crew_team_h,500,0.02207347850231378,search-dependent,550
uniform_long_tight,power_0.84,12.36931687685298,shift_ot_h,500,0.02024183044872596,search-dependent,550
uniform_long_tight,power_0.84,15.436171684196077,shift_h,500,0.02401487091166321,search-dependent,550
uniform_long_tight,power_0.84,15.436171684196077,crew_veh_h,500,0.02584914165172636,search-dependent,550
uniform_long_tight,power_0.84,15.436171684196077,crew_team_h,500,0.02584914165172636,search-dependent,550
uniform_long_tight,power_0.84,15.436171684196077,shift_ot_h,500,0.023826006200608374,search-dependent,550
uniform_long_tight,power_0.84,19.26342405455451,shift_h,500,0.027971032461142187,search-dependent,550
uniform_long_tight,power_0.84,19.26342405455451,crew_veh_h,500,0.029954933611358037,search-dependent,550
uniform_long_tight,power_0.84,19.26342405455451,crew_team_h,500,0.029954933611358037,search-dependent,550
uniform_long_tight,power_0.84,19.26342405455451,shift_ot_h,500,0.027765613185693372,search-dependent,550
uniform_long_tight,power_0.84,24.039607351964708,shift_h,500,0.03222498454879852,search-dependent,550
uniform_long_tight,power_0.84,24.039607351964708,crew_veh_h,500,0.03432361013745466,search-dependent,550
uniform_long_tight,power_0.84,24.039607351964708,crew_team_h,500,0.03432361013745466,search-dependent,550
uniform_long_tight,power_0.84,24.039607351964708,shift_ot_h,500,0.03200637918898419,search-dependent,550
uniform_long_tight,power_0.84,30.000000000000004,shift_h,500,0.03669720496172646,search-dependent,550
uniform_long_tight,power_0.84,30.000000000000004,crew_veh_h,500,0.038865681225495496,search-dependent,550
uniform_long_tight,power_0.84,30.000000000000004,crew_team_h,500,0.038865681225495496,search-dependent,550
uniform_long_tight,power_0.84,30.000000000000004,shift_ot_h,500,0.03646990192386479,search-dependent,550
uniform_long_tight,power_0.96,5.1,shift_h,500,0.012058839371299035,search-dependent,550
uniform_long_tight,power_0.96,5.1,crew_veh_h,500,0.013209869693159737,search-dependent,550
uniform_long_tight,power_0.96,5.1,crew_team_h,500,0.013209869693159737,search-dependent,550
uniform_long_tight,power_0.96,5.1,shift_ot_h,500,0.011942595726642802,search-dependent,550
uniform_long_tight,power_0.96,6.364496630910889,shift_h,500,0.014593331080456462,search-dependent,550
uniform_long_tight,power_0.96,6.364496630910889,crew_veh_h,500,0.01594023965563851,search-dependent,550
uniform_long_tight,power_0.96,6.364496630910889,crew_team_h,500,0.01594023965563851,search-dependent,550
uniform_long_tight,power_0.96,6.364496630910889,shift_ot_h,500,0.01445687280215835,search-dependent,550
uniform_long_tight,power_0.96,7.9425132087992285,shift_h,500,0.01754890235812656,search-dependent,550
uniform_long_tight,power_0.96,7.9425132087992285,crew_veh_h,500,0.01910443491393221,search-dependent,550
uniform_long_tight,power_0.96,7.9425132087992285,crew_team_h,500,0.01910443491393221,search-dependent,550
uniform_long_tight,power_0.96,7.9425132087992285,shift_ot_h,500,0.017390724806989777,search-dependent,550
uniform_long_tight,power_0.96,9.911784031052534,shift_h,500,0.020948673144713492,search-dependent,550
uniform_long_tight,power_0.96,9.911784031052534,crew_veh_h,500,0.022718086653410907,search-dependent,550
uniform_long_tight,power_0.96,9.911784031052534,crew_team_h,500,0.022718086653410907,search-dependent,550
uniform_long_tight,power_0.96,9.911784031052534,shift_ot_h,500,0.02076798312498629,search-dependent,550
uniform_long_tight,power_0.96,12.36931687685298,shift_h,500,0.024798395169362886,search-dependent,550
uniform_long_tight,power_0.96,12.36931687685298,crew_veh_h,500,0.02677667343536605,search-dependent,550
uniform_long_tight,power_0.96,12.36931687685298,crew_team_h,500,0.02677667343536605,search-dependent,550
uniform_long_tight,power_0.96,12.36931687685298,shift_ot_h,500,0.024595408714949807,search-dependent,550
uniform_long_tight,power_0.96,15.436171684196077,shift_h,500,0.029080772196532045,search-dependent,550
uniform_long_tight,power_0.96,15.436171684196077,crew_veh_h,500,0.031250344028546095,search-dependent,550
uniform_long_tight,power_0.96,15.436171684196077,crew_team_h,500,0.031250344028546095,search-dependent,550
uniform_long_tight,power_0.96,15.436171684196077,shift_ot_h,500,0.028856976202453533,search-dependent,550
uniform_long_tight,power_0.96,19.26342405455451,shift_h,500,0.03375119993614484,search-dependent,550
uniform_long_tight,power_0.96,19.26342405455451,crew_veh_h,500,0.03608081960114751,search-dependent,550
uniform_long_tight,power_0.96,19.26342405455451,crew_team_h,500,0.03608081960114751,search-dependent,550
uniform_long_tight,power_0.96,19.26342405455451,shift_ot_h,500,0.03350950978123679,search-dependent,550
uniform_long_tight,power_0.96,24.039607351964708,shift_h,500,0.0387363144035513,search-dependent,550
uniform_long_tight,power_0.96,24.039607351964708,crew_veh_h,500,0.041181704457580626,search-dependent,550
uniform_long_tight,power_0.96,24.039607351964708,crew_team_h,500,0.038384489192793136,search-dependent,550
uniform_long_tight,power_0.96,24.039607351964708,shift_ot_h,500,0.03848106007959595,search-dependent,550
uniform_long_tight,power_0.96,30.000000000000004,shift_h,500,0.04393648161543706,search-dependent,550
uniform_long_tight,power_0.96,30.000000000000004,crew_veh_h,500,0.046443038368988665,search-dependent,550
uniform_long_tight,power_0.96,30.000000000000004,crew_team_h,500,0.03085395023695381,search-dependent,550
uniform_long_tight,power_0.96,30.000000000000004,shift_ot_h,500,0.04367317971893514,search-dependent,550
uniform_massdep_baseline,affine,5.1,shift_h,500,0.009671139250001959,search-dependent,550
uniform_massdep_baseline,affine,5.1,crew_veh_h,500,0.010326603131104006,search-dependent,550
uniform_massdep_baseline,affine,5.1,crew_team_h,500,0.010326603131104006,search-dependent,550
uniform_massdep_baseline,affine,5.1,shift_ot_h,500,0.009336884686716118,search-dependent,550
uniform_massdep_baseline,affine,6.364496630910889,shift_h,500,0.011734393110204078,search-dependent,550
uniform_massdep_baseline,affine,6.364496630910889,crew_veh_h,500,0.012506194524313452,search-dependent,550
uniform_massdep_baseline,affine,6.364496630910889,crew_team_h,500,0.012506194524313452,search-dependent,550
uniform_massdep_baseline,affine,6.364496630910889,shift_ot_h,500,0.011339694307586523,search-dependent,550
uniform_massdep_baseline,affine,7.9425132087992285,shift_h,500,0.014154104324551886,search-dependent,550
uniform_massdep_baseline,affine,7.9425132087992285,crew_veh_h,500,0.01505194854119063,search-dependent,550
uniform_massdep_baseline,affine,7.9425132087992285,crew_team_h,500,0.01505194854119063,search-dependent,550
uniform_massdep_baseline,affine,7.9425132087992285,shift_ot_h,500,0.01369341914837574,search-dependent,550
uniform_massdep_baseline,affine,9.911784031052534,shift_h,500,0.016955849032492365,search-dependent,550
uniform_massdep_baseline,affine,9.911784031052534,crew_veh_h,500,0.01798571130014004,search-dependent,550
uniform_massdep_baseline,affine,9.911784031052534,crew_team_h,500,0.01798571130014004,search-dependent,550
uniform_massdep_baseline,affine,9.911784031052534,shift_ot_h,500,0.016425390661110484,search-dependent,550
uniform_massdep_baseline,affine,12.36931687685298,shift_h,500,0.020152377469790483,search-dependent,550
uniform_massdep_baseline,affine,12.36931687685298,crew_veh_h,500,0.021314748010383466,search-dependent,550
uniform_massdep_baseline,affine,12.36931687685298,crew_team_h,500,0.021314748010383466,search-dependent,550
uniform_massdep_baseline,affine,12.36931687685298,shift_ot_h,500,0.019551039917262703,search-dependent,550
uniform_massdep_baseline,affine,15.436171684196077,shift_h,500,0.023738434783815432,search-dependent,550
uniform_massdep_baseline,affine,15.436171684196077,crew_veh_h,500,0.025026683127225224,search-dependent,550
uniform_massdep_baseline,affine,15.436171684196077,crew_team_h,500,0.025026683127225224,search-dependent,550
uniform_massdep_baseline,affine,15.436171684196077,shift_ot_h,500,0.023068699048364616,search-dependent,550
uniform_massdep_baseline,affine,19.26342405455451,shift_h,500,0.027686296350141637,search-dependent,550
uniform_massdep_baseline,affine,19.26342405455451,crew_veh_h,500,0.029085536557343916,search-dependent,550
uniform_massdep_baseline,affine,19.26342405455451,crew_team_h,500,0.029085536557343916,search-dependent,550
uniform_massdep_baseline,affine,19.26342405455451,shift_ot_h,500,0.026954925899251636,search-dependent,550
uniform_massdep_baseline,affine,24.039607351964708,shift_h,500,0.03194320622978819,search-dependent,550
uniform_massdep_baseline,affine,24.039607351964708,crew_veh_h,500,0.033430073798706106,search-dependent,550
uniform_massdep_baseline,affine,24.039607351964708,crew_team_h,500,0.033430073798706106,search-dependent,550
uniform_massdep_baseline,affine,24.039607351964708,shift_ot_h,500,0.031161510874817555,search-dependent,550
uniform_massdep_baseline,affine,30.000000000000004,shift_h,500,0.03643187113717827,search-dependent,550
uniform_massdep_baseline,affine,30.000000000000004,crew_veh_h,500,0.03797551723075143,search-dependent,550
uniform_massdep_baseline,affine,30.000000000000004,crew_team_h,500,0.03797551723075143,search-dependent,550
uniform_massdep_baseline,affine,30.000000000000004,shift_ot_h,500,0.035615353865807275,search-dependent,550
uniform_massdep_baseline,piecewise,5.1,shift_h,500,0.010457016795983876,search-dependent,550
uniform_massdep_baseline,piecewise,5.1,crew_veh_h,500,0.01116288136820831,search-dependent,550
uniform_massdep_baseline,piecewise,5.1,crew_team_h,500,0.01116288136820831,search-dependent,550
uniform_massdep_baseline,piecewise,5.1,shift_ot_h,500,0.01009692095673298,search-dependent,550
uniform_massdep_baseline,piecewise,6.364496630910889,shift_h,500,0.012677698095920675,search-dependent,550
uniform_massdep_baseline,piecewise,6.364496630910889,crew_veh_h,500,0.013507468120170563,search-dependent,550
uniform_massdep_baseline,piecewise,6.364496630910889,crew_team_h,500,0.013507468120170563,search-dependent,550
uniform_massdep_baseline,piecewise,6.364496630910889,shift_ot_h,500,0.012253160662666573,search-dependent,550
uniform_massdep_baseline,piecewise,7.9425132087992285,shift_h,500,0.01527747532827739,search-dependent,550
uniform_massdep_baseline,piecewise,7.9425132087992285,crew_veh_h,500,0.016240884482707107,search-dependent,550
uniform_massdep_baseline,piecewise,7.9425132087992285,crew_team_h,500,0.016240884482707107,search-dependent,550
uniform_massdep_baseline,piecewise,7.9425132087992285,shift_ot_h,500,0.014782886386646155,search-dependent,550
uniform_massdep_baseline,piecewise,9.911784031052534,shift_h,500,0.01828158424203874,search-dependent,550
uniform_massdep_baseline,piecewise,9.911784031052534,crew_veh_h,500,0.019384181508129927,search-dependent,550
uniform_massdep_baseline,piecewise,9.911784031052534,crew_team_h,500,0.019384181508129927,search-dependent,550
uniform_massdep_baseline,piecewise,9.911784031052534,shift_ot_h,500,0.017713316000892432,search-dependent,550
uniform_massdep_baseline,piecewise,12.36931687685298,shift_h,500,0.02170098164663825,search-dependent,550
uniform_massdep_baseline,piecewise,12.36931687685298,crew_veh_h,500,0.0229422845533247,search-dependent,550
uniform_massdep_baseline,piecewise,12.36931687685298,crew_team_h,500,0.0229422845533247,search-dependent,550
uniform_massdep_baseline,piecewise,12.36931687685298,shift_ot_h,500,0.021058368074049705,search-dependent,550
uniform_massdep_baseline,piecewise,15.436171684196077,shift_h,500,0.02552694398076638,search-dependent,550
uniform_massdep_baseline,piecewise,15.436171684196077,crew_veh_h,500,0.026898770189163423,search-dependent,550
uniform_massdep_baseline,piecewise,15.436171684196077,crew_team_h,500,0.026898770189163423,search-dependent,550
uniform_massdep_baseline,piecewise,15.436171684196077,shift_ot_h,500,0.02481321428180694,search-dependent,550
uniform_massdep_baseline,piecewise,19.26342405455451,shift_h,500,0.02972658811806883,search-dependent,550
uniform_massdep_baseline,piecewise,19.26342405455451,crew_veh_h,500,0.0312119774885653,search-dependent,550
uniform_massdep_baseline,piecewise,19.26342405455451,crew_team_h,500,0.0312119774885653,search-dependent,550
uniform_massdep_baseline,piecewise,19.26342405455451,shift_ot_h,500,0.028949545484480366,search-dependent,550
uniform_massdep_baseline,piecewise,24.039607351964708,shift_h,500,0.03424058143831887,search-dependent,550
uniform_massdep_baseline,piecewise,24.039607351964708,crew_veh_h,500,0.0358137338819271,search-dependent,550
uniform_massdep_baseline,piecewise,24.039607351964708,crew_team_h,500,0.0358137338819271,search-dependent,550
uniform_massdep_baseline,piecewise,24.039607351964708,shift_ot_h,500,0.033412795413964025,search-dependent,550
uniform_massdep_baseline,piecewise,30.000000000000004,shift_h,500,0.038984210299015,search-dependent,550
uniform_massdep_baseline,piecewise,30.000000000000004,crew_veh_h,500,0.040611730657247325,search-dependent,550
uniform_massdep_baseline,piecewise,30.000000000000004,crew_team_h,500,0.040611730657247325,search-dependent,550
uniform_massdep_baseline,piecewise,30.000000000000004,shift_ot_h,500,0.03812254056427178,search-dependent,550
uniform_massdep_baseline,power_0.72,5.1,shift_h,500,0.00784670892747008,search-dependent,550
uniform_massdep_baseline,power_0.72,5.1,crew_veh_h,500,0.008381438112002426,search-dependent,550
uniform_massdep_baseline,power_0.72,5.1,crew_team_h,500,0.008381438112002426,search-dependent,550
uniform_massdep_baseline,power_0.72,5.1,shift_ot_h,500,0.007574166412424033,search-dependent,550
uniform_massdep_baseline,power_0.72,6.364496630910889,shift_h,500,0.009531176296522892,search-dependent,550
uniform_massdep_baseline,power_0.72,6.364496630910889,crew_veh_h,500,0.01016223483431955,search-dependent,550
uniform_massdep_baseline,power_0.72,6.364496630910889,crew_team_h,500,0.01016223483431955,search-dependent,550
uniform_massdep_baseline,power_0.72,6.364496630910889,shift_ot_h,500,0.00920865335180654,search-dependent,550
uniform_massdep_baseline,power_0.72,7.9425132087992285,shift_h,500,0.01151137282396597,search-dependent,550
uniform_massdep_baseline,power_0.72,7.9425132087992285,crew_veh_h,500,0.012247431023056699,search-dependent,550
uniform_massdep_baseline,power_0.72,7.9425132087992285,crew_team_h,500,0.012247431023056699,search-dependent,550
uniform_massdep_baseline,power_0.72,7.9425132087992285,shift_ot_h,500,0.011133973256841623,search-dependent,550
uniform_massdep_baseline,power_0.72,9.911784031052534,shift_h,500,0.013810590916602639,search-dependent,550
uniform_massdep_baseline,power_0.72,9.911784031052534,crew_veh_h,500,0.014657461755791079,search-dependent,550
uniform_massdep_baseline,power_0.72,9.911784031052534,crew_team_h,500,0.014657461755791079,search-dependent,550
uniform_massdep_baseline,power_0.72,9.911784031052534,shift_ot_h,500,0.013374749850183054,search-dependent,550
uniform_massdep_baseline,power_0.72,12.36931687685298,shift_h,500,0.01644218350450788,search-dependent,550
uniform_massdep_baseline,power_0.72,12.36931687685298,crew_veh_h,500,0.017401351627045925,search-dependent,550
uniform_massdep_baseline,power_0.72,12.36931687685298,crew_team_h,500,0.017401351627045925,search-dependent,550
uniform_massdep_baseline,power_0.72,12.36931687685298,shift_ot_h,500,0.015946437192630114,search-dependent,550
uniform_massdep_baseline,power_0.72,15.436171684196077,shift_h,500,0.01940517231991179,search-dependent,550
uniform_massdep_baseline,power_0.72,15.436171684196077,crew_veh_h,500,0.02047236774825456,search-dependent,550
uniform_massdep_baseline,power_0.72,15.436171684196077,crew_team_h,500,0.02047236774825456,search-dependent,550
uniform_massdep_baseline,power_0.72,15.436171684196077,shift_ot_h,500,0.018850938615973867,search-dependent,550
uniform_massdep_baseline,power_0.72,19.26342405455451,shift_h,500,0.0226802752829407,search-dependent,550
uniform_massdep_baseline,power_0.72,19.26342405455451,crew_veh_h,500,0.02384439916361103,search-dependent,550
uniform_massdep_baseline,power_0.72,19.26342405455451,crew_team_h,500,0.02384439916361103,search-dependent,550
uniform_massdep_baseline,power_0.72,19.26342405455451,shift_ot_h,500,0.022072492675968558,search-dependent,550
uniform_massdep_baseline,power_0.72,24.039607351964708,shift_h,500,0.02622732775374992,search-dependent,550
uniform_massdep_baseline,power_0.72,24.039607351964708,crew_veh_h,500,0.02747008005841023,search-dependent,550
uniform_massdep_baseline,power_0.72,24.039607351964708,crew_team_h,500,0.02747008005841023,search-dependent,550
uniform_massdep_baseline,power_0.72,24.039607351964708,shift_ot_h,500,0.02557476779381651,search-dependent,550
uniform_massdep_baseline,power_0.72,30.000000000000004,shift_h,500,0.029985104487242564,search-dependent,550
uniform_massdep_baseline,power_0.72,30.000000000000004,crew_veh_h,500,0.03128160071835073,search-dependent,550
uniform_massdep_baseline,power_0.72,30.000000000000004,crew_team_h,500,0.03128160071835073,search-dependent,550
uniform_massdep_baseline,power_0.72,30.000000000000004,shift_ot_h,500,0.029300189313096636,search-dependent,550
uniform_massdep_baseline,power_0.84,5.1,shift_h,500,0.009830941586159936,search-dependent,550
uniform_massdep_baseline,power_0.84,5.1,crew_veh_h,500,0.010494877926859436,search-dependent,550
uniform_massdep_baseline,power_0.84,5.1,crew_team_h,500,0.010494877926859436,search-dependent,550
uniform_massdep_baseline,power_0.84,5.1,shift_ot_h,500,0.009492251596099122,search-dependent,550
uniform_massdep_baseline,power_0.84,6.364496630910889,shift_h,500,0.01191985696753961,search-dependent,550
uniform_massdep_baseline,power_0.84,6.364496630910889,crew_veh_h,500,0.012700498896496715,search-dependent,550
uniform_massdep_baseline,power_0.84,6.364496630910889,crew_team_h,500,0.012700498896496715,search-dependent,550
uniform_massdep_baseline,power_0.84,6.364496630910889,shift_ot_h,500,0.011520477579477273,search-dependent,550
uniform_massdep_baseline,power_0.84,7.9425132087992285,shift_h,500,0.014365904026462095,search-dependent,550
uniform_massdep_baseline,power_0.84,7.9425132087992285,crew_veh_h,500,0.01527248995243502,search-dependent,550
uniform_massdep_baseline,power_0.84,7.9425132087992285,crew_team_h,500,0.01527248995243502,search-dependent,550
uniform_massdep_baseline,power_0.84,7.9425132087992285,shift_ot_h,500,0.013900517127737322,search-dependent,550
uniform_massdep_baseline,power_0.84,9.911784031052534,shift_h,500,0.017193085622921656,search-dependent,550
uniform_massdep_baseline,power_0.84,9.911784031052534,crew_veh_h,500,0.018230936821189703,search-dependent,550
uniform_massdep_baseline,power_0.84,9.911784031052534,crew_team_h,500,0.018230936821189703,search-dependent,550
uniform_massdep_baseline,power_0.84,9.911784031052534,shift_ot_h,500,0.01665822705916198,search-dependent,550
uniform_massdep_baseline,power_0.84,12.36931687685298,shift_h,500,0.020412026350970613,search-dependent,550
uniform_massdep_baseline,power_0.84,12.36931687685298,crew_veh_h,500,0.021580804674716347,search-dependent,550
uniform_massdep_baseline,power_0.84,12.36931687685298,crew_team_h,500,0.021580804674716347,search-dependent,550
uniform_massdep_baseline,power_0.84,12.36931687685298,shift_ot_h,500,0.01980700946631031,search-dependent,550
uniform_massdep_baseline,power_0.84,15.436171684196077,shift_h,500,0.02401487091166299,search-dependent,550
uniform_massdep_baseline,power_0.84,15.436171684196077,crew_veh_h,500,0.025306998518762613,search-dependent,550
uniform_massdep_baseline,power_0.84,15.436171684196077,crew_team_h,500,0.025306998518762613,search-dependent,550
uniform_massdep_baseline,power_0.84,15.436171684196077,shift_ot_h,500,0.02334266959311937,search-dependent,550
uniform_massdep_baseline,power_0.84,19.26342405455451,shift_h,500,0.027971032461141965,search-dependent,550
uniform_massdep_baseline,power_0.84,19.26342405455451,crew_veh_h,500,0.02937066117984566,search-dependent,550
uniform_massdep_baseline,power_0.84,19.26342405455451,crew_team_h,500,0.02937066117984566,search-dependent,550
uniform_massdep_baseline,power_0.84,19.26342405455451,shift_ot_h,500,0.02723892775112491,search-dependent,550
uniform_massdep_baseline,power_0.84,24.039607351964708,shift_h,500,0.03222498454879874,search-dependent,550
uniform_massdep_baseline,power_0.84,24.039607351964708,crew_veh_h,500,0.03370791701568443,search-dependent,550
uniform_massdep_baseline,power_0.84,24.039607351964708,crew_team_h,500,0.03370791701568443,search-dependent,550
uniform_massdep_baseline,power_0.84,24.039607351964708,shift_ot_h,500,0.03144475613896325,search-dependent,550
uniform_massdep_baseline,power_0.84,30.000000000000004,shift_h,500,0.03669720496172668,search-dependent,550
uniform_massdep_baseline,power_0.84,30.000000000000004,crew_veh_h,500,0.03823204592531404,search-dependent,550
uniform_massdep_baseline,power_0.84,30.000000000000004,crew_team_h,500,0.03823204592531404,search-dependent,550
uniform_massdep_baseline,power_0.84,30.000000000000004,shift_ot_h,500,0.035884694124133976,search-dependent,550
uniform_massdep_baseline,power_0.96,5.1,shift_h,500,0.012058839371299035,search-dependent,550
uniform_massdep_baseline,power_0.96,5.1,crew_veh_h,500,0.012865443512146468,search-dependent,550
uniform_massdep_baseline,power_0.96,5.1,crew_team_h,500,0.012865443512146468,search-dependent,550
uniform_massdep_baseline,power_0.96,5.1,shift_ot_h,500,0.01164699453247775,search-dependent,550
uniform_massdep_baseline,power_0.96,6.364496630910889,shift_h,500,0.014593331080456906,search-dependent,550
uniform_massdep_baseline,power_0.96,6.364496630910889,crew_veh_h,500,0.015538014395203747,search-dependent,550
uniform_massdep_baseline,power_0.96,6.364496630910889,crew_team_h,500,0.015538014395203747,search-dependent,550
uniform_massdep_baseline,power_0.96,6.364496630910889,shift_ot_h,500,0.014109507908940166,search-dependent,550
uniform_massdep_baseline,power_0.96,7.9425132087992285,shift_h,500,0.01754890235812656,search-dependent,550
uniform_massdep_baseline,power_0.96,7.9425132087992285,crew_veh_h,500,0.01864100026634241,search-dependent,550
uniform_massdep_baseline,power_0.96,7.9425132087992285,crew_team_h,500,0.01864100026634241,search-dependent,550
uniform_massdep_baseline,power_0.96,7.9425132087992285,shift_ot_h,500,0.016987585495157997,search-dependent,550
uniform_massdep_baseline,power_0.96,9.911784031052534,shift_h,500,0.020948673144713492,search-dependent,550
uniform_massdep_baseline,power_0.96,9.911784031052534,crew_veh_h,500,0.022192352371658508,search-dependent,550
uniform_massdep_baseline,power_0.96,9.911784031052534,crew_team_h,500,0.022192352371658508,search-dependent,550
uniform_massdep_baseline,power_0.96,9.911784031052534,shift_ot_h,500,0.02030682665013228,search-dependent,550
uniform_massdep_baseline,power_0.96,12.36931687685298,shift_h,500,0.024798395169362664,search-dependent,550
uniform_massdep_baseline,power_0.96,12.36931687685298,crew_veh_h,500,0.02619066948584181,search-dependent,550
uniform_massdep_baseline,power_0.96,12.36931687685298,crew_team_h,500,0.02619066948584181,search-dependent,550
uniform_massdep_baseline,power_0.96,12.36931687685298,shift_ot_h,500,0.024076529853538364,search-dependent,550
uniform_massdep_baseline,power_0.96,15.436171684196077,shift_h,500,0.029080772196532045,search-dependent,550
uniform_massdep_baseline,power_0.96,15.436171684196077,crew_veh_h,500,0.0306098437084783,search-dependent,550
uniform_massdep_baseline,power_0.96,15.436171684196077,crew_team_h,500,0.0306098437084783,search-dependent,550
uniform_massdep_baseline,power_0.96,15.436171684196077,shift_ot_h,500,0.028283897545957393,search-dependent,550
uniform_massdep_baseline,power_0.96,19.26342405455451,shift_h,500,0.033751199936144616,search-dependent,550
uniform_massdep_baseline,power_0.96,19.26342405455451,crew_veh_h,500,0.035395591569801654,search-dependent,550
uniform_massdep_baseline,power_0.96,19.26342405455451,crew_team_h,500,0.035395591569801654,search-dependent,550
uniform_massdep_baseline,power_0.96,19.26342405455451,shift_ot_h,500,0.032889420017666815,search-dependent,550
uniform_massdep_baseline,power_0.96,24.039607351964708,shift_h,500,0.038736314403551075,search-dependent,550
uniform_massdep_baseline,power_0.96,24.039607351964708,crew_veh_h,500,0.04046522791700902,search-dependent,550
uniform_massdep_baseline,power_0.96,24.039607351964708,crew_team_h,500,0.04046522791700902,search-dependent,550
uniform_massdep_baseline,power_0.96,24.039607351964708,shift_ot_h,500,0.037824823662707896,search-dependent,550
uniform_massdep_baseline,power_0.96,30.000000000000004,shift_h,500,0.04393648161543706,search-dependent,550
uniform_massdep_baseline,power_0.96,30.000000000000004,crew_veh_h,500,0.0457116147692429,search-dependent,550
uniform_massdep_baseline,power_0.96,30.000000000000004,crew_team_h,500,0.0330066715425954,search-dependent,550 MX2
uniform_massdep_baseline,power_0.96,30.000000000000004,shift_ot_h,500,0.04299479939546447,search-dependent,550
uniform_massdep_tight,affine,5.1,shift_h,500,0.009671139250001959,search-dependent,550
uniform_massdep_tight,affine,5.1,crew_veh_h,500,0.01014150183356266,search-dependent,550
uniform_massdep_tight,affine,5.1,crew_team_h,500,0.01014150183356266,search-dependent,550
uniform_massdep_tight,affine,5.1,shift_ot_h,500,0.009561173153189051,search-dependent,550
uniform_massdep_tight,affine,6.364496630910889,shift_h,500,0.011734393110204078,search-dependent,550
uniform_massdep_tight,affine,6.364496630910889,crew_veh_h,500,0.012288533309537275,search-dependent,550
uniform_massdep_tight,affine,6.364496630910889,crew_team_h,500,0.012288533309537275,search-dependent,550
uniform_massdep_tight,affine,6.364496630910889,shift_ot_h,500,0.01160462503851134,search-dependent,550
uniform_massdep_tight,affine,7.9425132087992285,shift_h,500,0.014154104324551886,search-dependent,550
uniform_massdep_tight,affine,7.9425132087992285,crew_veh_h,500,0.014799140346699158,search-dependent,550
uniform_massdep_tight,affine,7.9425132087992285,crew_team_h,500,0.014799140346699158,search-dependent,550
uniform_massdep_tight,affine,7.9425132087992285,shift_ot_h,500,0.014002755821871604,search-dependent,550
uniform_massdep_tight,affine,9.911784031052534,shift_h,500,0.016955849032492365,search-dependent,550
uniform_massdep_tight,affine,9.911784031052534,crew_veh_h,500,0.017696258916481522,search-dependent,550
uniform_massdep_tight,affine,9.911784031052534,crew_team_h,500,0.017696258916481522,search-dependent,550
uniform_massdep_tight,affine,9.911784031052534,shift_ot_h,500,0.01678173065026889,search-dependent,550
uniform_massdep_tight,affine,12.36931687685298,shift_h,500,0.020152377469790483,search-dependent,550
uniform_massdep_tight,affine,12.36931687685298,crew_veh_h,500,0.020988730787697696,search-dependent,550
uniform_massdep_tight,affine,12.36931687685298,crew_team_h,500,0.020988730787697696,search-dependent,550
uniform_massdep_tight,affine,12.36931687685298,shift_ot_h,500,0.019955191216994628,search-dependent,550
uniform_massdep_tight,affine,15.436171684196077,shift_h,500,0.023738434783815432,search-dependent,550
uniform_massdep_tight,affine,15.436171684196077,crew_veh_h,500,0.024666199279844925,search-dependent,550
uniform_massdep_tight,affine,15.436171684196077,crew_team_h,500,0.024666199279844925,search-dependent,550
uniform_massdep_tight,affine,15.436171684196077,shift_ot_h,500,0.023519067056176235,search-dependent,550
uniform_massdep_tight,affine,19.26342405455451,shift_h,500,0.027686296350141637,search-dependent,550
uniform_massdep_tight,affine,19.26342405455451,crew_veh_h,500,0.028694992894246818,search-dependent,550
uniform_massdep_tight,affine,19.26342405455451,crew_team_h,500,0.028694992894246818,search-dependent,550
uniform_massdep_tight,affine,19.26342405455451,shift_ot_h,500,0.02744703804118198,search-dependent,550
uniform_massdep_tight,affine,24.039607351964708,shift_h,500,0.03194320622978819,search-dependent,550
uniform_massdep_tight,affine,24.039607351964708,crew_veh_h,500,0.033016210354796405,search-dependent,550
uniform_massdep_tight,affine,24.039607351964708,crew_team_h,500,0.033016210354796405,search-dependent,550
uniform_massdep_tight,affine,24.039607351964708,shift_ot_h,500,0.03168782805728276,search-dependent,550
uniform_massdep_tight,affine,30.000000000000004,shift_h,500,0.03643187113717827,search-dependent,550
uniform_massdep_tight,affine,30.000000000000004,crew_veh_h,500,0.037547088498929515,search-dependent,550
uniform_massdep_tight,affine,30.000000000000004,crew_team_h,500,0.037547088498929515,search-dependent,550
uniform_massdep_tight,affine,30.000000000000004,shift_ot_h,500,0.036165495313050355,search-dependent,550
uniform_massdep_tight,piecewise,5.1,shift_h,500,0.010457016795983876,search-dependent,550
uniform_massdep_tight,piecewise,5.1,crew_veh_h,500,0.010963583718313297,search-dependent,550
uniform_massdep_tight,piecewise,5.1,crew_team_h,500,0.010963583718313297,search-dependent,550
uniform_massdep_tight,piecewise,5.1,shift_ot_h,500,0.010338559596891894,search-dependent,550
uniform_massdep_tight,piecewise,6.364496630910889,shift_h,500,0.012677698095920675,search-dependent,550
uniform_massdep_tight,piecewise,6.364496630910889,crew_veh_h,500,0.01327350944125083,search-dependent,550
uniform_massdep_tight,piecewise,6.364496630910889,crew_team_h,500,0.01327350944125083,search-dependent,550
uniform_massdep_tight,piecewise,6.364496630910889,shift_ot_h,500,0.012538134209976626,search-dependent,550
uniform_massdep_tight,piecewise,7.9425132087992285,shift_h,500,0.01527747532827739,search-dependent,550
uniform_massdep_tight,piecewise,7.9425132087992285,crew_veh_h,500,0.015969683322679673,search-dependent,550
uniform_massdep_tight,piecewise,7.9425132087992285,crew_team_h,500,0.015969683322679673,search-dependent,550
uniform_massdep_tight,piecewise,7.9425132087992285,shift_ot_h,500,0.015115008080510473,search-dependent,550
uniform_massdep_tight,piecewise,9.911784031052534,shift_h,500,0.01828158424203874,search-dependent,550
uniform_massdep_tight,piecewise,9.911784031052534,crew_veh_h,500,0.019074375755293582,search-dependent,550
uniform_massdep_tight,piecewise,9.911784031052534,crew_team_h,500,0.019074375755293582,search-dependent,550
uniform_massdep_tight,piecewise,9.911784031052534,shift_ot_h,500,0.018095081026444193,search-dependent,550
uniform_massdep_tight,piecewise,12.36931687685298,shift_h,500,0.02170098164663825,search-dependent,550
uniform_massdep_tight,piecewise,12.36931687685298,crew_veh_h,500,0.02259424209185923,search-dependent,550
uniform_massdep_tight,piecewise,12.36931687685298,crew_team_h,500,0.02259424209185923,search-dependent,550
uniform_massdep_tight,piecewise,12.36931687685298,shift_ot_h,500,0.021490293642782987,search-dependent,550
uniform_massdep_tight,piecewise,15.436171684196077,shift_h,500,0.02552694398076638,search-dependent,550
uniform_massdep_tight,piecewise,15.436171684196077,crew_veh_h,500,0.02651503769174335,search-dependent,550
uniform_massdep_tight,piecewise,15.436171684196077,crew_team_h,500,0.02651503769174335,search-dependent,550
uniform_massdep_tight,piecewise,15.436171684196077,shift_ot_h,500,0.02529320727302098,search-dependent,550
uniform_massdep_tight,piecewise,19.26342405455451,shift_h,500,0.02972658811806883,search-dependent,550
uniform_massdep_tight,piecewise,19.26342405455451,crew_veh_h,500,0.0307975510150702,search-dependent,550
uniform_massdep_tight,piecewise,19.26342405455451,crew_team_h,500,0.0307975510150702,search-dependent,550
uniform_massdep_tight,piecewise,19.26342405455451,shift_ot_h,500,0.02947243734893834,search-dependent,550
uniform_massdep_tight,piecewise,24.039607351964708,shift_h,500,0.03424058143831887,search-dependent,550
uniform_massdep_tight,piecewise,24.039607351964708,crew_veh_h,500,0.035376035540525264,search-dependent,550
uniform_massdep_tight,piecewise,24.039607351964708,crew_team_h,500,0.035376035540525264,search-dependent,550
uniform_massdep_tight,piecewise,24.039607351964708,shift_ot_h,500,0.03397020075031598,search-dependent,550
uniform_massdep_tight,piecewise,30.000000000000004,shift_h,500,0.038984210299015,search-dependent,550
uniform_massdep_tight,piecewise,30.000000000000004,crew_veh_h,500,0.04016021812155901,search-dependent,550
uniform_massdep_tight,piecewise,30.000000000000004,crew_team_h,500,0.04016021812155901,search-dependent,550
uniform_massdep_tight,piecewise,30.000000000000004,shift_ot_h,500,0.038703164076737906,search-dependent,550
uniform_massdep_tight,power_0.72,5.1,shift_h,500,0.00784670892747008,search-dependent,550
uniform_massdep_tight,power_0.72,5.1,crew_veh_h,500,0.008230394262437324,search-dependent,550
uniform_massdep_tight,power_0.72,5.1,crew_team_h,500,0.008230394262437324,search-dependent,550
uniform_massdep_tight,power_0.72,5.1,shift_ot_h,500,0.007757034744127811,search-dependent,550
uniform_massdep_tight,power_0.72,6.364496630910889,shift_h,500,0.009531176296522892,search-dependent,550
uniform_massdep_tight,power_0.72,6.364496630910889,crew_veh_h,500,0.009984213092233407,search-dependent,550
uniform_massdep_tight,power_0.72,6.364496630910889,crew_team_h,500,0.009984213092233407,search-dependent,550
uniform_massdep_tight,power_0.72,6.364496630910889,shift_ot_h,500,0.009425123091114873,search-dependent,550
uniform_massdep_tight,power_0.72,7.9425132087992285,shift_h,500,0.01151137282396597,search-dependent,550
uniform_massdep_tight,power_0.72,7.9425132087992285,crew_veh_h,500,0.012040106148321295,search-dependent,550
uniform_massdep_tight,power_0.72,7.9425132087992285,crew_team_h,500,0.012040106148321295,search-dependent,550
uniform_massdep_tight,power_0.72,7.9425132087992285,shift_ot_h,500,0.011387365662219873,search-dependent,550
uniform_massdep_tight,power_0.72,9.911784031052534,shift_h,500,0.013810590916602639,search-dependent,550
uniform_massdep_tight,power_0.72,9.911784031052534,crew_veh_h,500,0.014419346858357773,search-dependent,550
uniform_massdep_tight,power_0.72,9.911784031052534,crew_team_h,500,0.014419346858357773,search-dependent,550
uniform_massdep_tight,power_0.72,9.911784031052534,shift_ot_h,500,0.013667502682051857,search-dependent,550
uniform_massdep_tight,power_0.72,12.36931687685298,shift_h,500,0.01644218350450788,search-dependent,550
uniform_massdep_tight,power_0.72,12.36931687685298,crew_veh_h,500,0.01713220766774337,search-dependent,550
uniform_massdep_tight,power_0.72,12.36931687685298,crew_team_h,500,0.01713220766774337,search-dependent,550
uniform_massdep_tight,power_0.72,12.36931687685298,shift_ot_h,500,0.016279586896049913,search-dependent,550
uniform_massdep_tight,power_0.72,15.436171684196077,shift_h,500,0.01940517231991179,search-dependent,550
uniform_massdep_tight,power_0.72,15.436171684196077,crew_veh_h,500,0.020173591726173612,search-dependent,550
uniform_massdep_tight,power_0.72,15.436171684196077,crew_team_h,500,0.020173591726173612,search-dependent,550
uniform_massdep_tight,power_0.72,15.436171684196077,shift_ot_h,500,0.019223592830923675,search-dependent,550
uniform_massdep_tight,power_0.72,19.26342405455451,shift_h,500,0.0226802752829407,search-dependent,550
uniform_massdep_tight,power_0.72,19.26342405455451,crew_veh_h,500,0.0235193033392862,search-dependent,550
uniform_massdep_tight,power_0.72,19.26342405455451,crew_team_h,500,0.0235193033392862,search-dependent,550
uniform_massdep_tight,power_0.72,19.26342405455451,shift_ot_h,500,0.02248139468658672,search-dependent,550
uniform_massdep_tight,power_0.72,24.039607351964708,shift_h,500,0.02622732775374992,search-dependent,550
uniform_massdep_tight,power_0.72,24.039607351964708,crew_veh_h,500,0.027123965570180264,search-dependent,550
uniform_massdep_tight,power_0.72,24.039607351964708,crew_team_h,500,0.027123965570180264,search-dependent,550
uniform_massdep_tight,power_0.72,24.039607351964708,shift_ot_h,500,0.02601407756155072,search-dependent,550
uniform_massdep_tight,power_0.72,30.000000000000004,shift_h,500,0.029985104487242564,search-dependent,550
uniform_massdep_tight,power_0.72,30.000000000000004,crew_veh_h,500,0.03092155055159229,search-dependent,550
uniform_massdep_tight,power_0.72,30.000000000000004,crew_team_h,500,0.03092155055159229,search-dependent,550
uniform_massdep_tight,power_0.72,30.000000000000004,shift_ot_h,500,0.029761595572666666,search-dependent,550
uniform_massdep_tight,power_0.84,5.1,shift_h,500,0.009830941586159936,search-dependent,550
uniform_massdep_tight,power_0.84,5.1,crew_veh_h,500,0.01030741425617343,search-dependent,550
uniform_massdep_tight,power_0.84,5.1,crew_team_h,500,0.01030741425617343,search-dependent,550
uniform_massdep_tight,power_0.84,5.1,shift_ot_h,500,0.009719524850020589,search-dependent,550
uniform_massdep_tight,power_0.84,6.364496630910889,shift_h,500,0.01191985696753961,search-dependent,550
uniform_massdep_tight,power_0.84,6.364496630910889,crew_veh_h,500,0.012480386289053014,search-dependent,550
uniform_massdep_tight,power_0.84,6.364496630910889,crew_team_h,500,0.012480386289053014,search-dependent,550
uniform_massdep_tight,power_0.84,6.364496630910889,shift_ot_h,500,0.01178856194229172,search-dependent,550
uniform_massdep_tight,power_0.84,7.9425132087992285,shift_h,500,0.014365904026462095,search-dependent,550
uniform_massdep_tight,power_0.84,7.9425132087992285,crew_veh_h,500,0.015017276680570513,search-dependent,550
uniform_massdep_tight,power_0.84,7.9425132087992285,crew_team_h,500,0.015017276680570513,search-dependent,550
uniform_massdep_tight,power_0.84,7.9425132087992285,shift_ot_h,500,0.014213027060179462,search-dependent,550
uniform_massdep_tight,power_0.84,9.911784031052534,shift_h,500,0.017193085622921656,search-dependent,550
uniform_massdep_tight,power_0.84,9.911784031052534,crew_veh_h,500,0.017939312909390326,search-dependent,550
uniform_massdep_tight,power_0.84,9.911784031052534,crew_team_h,500,0.017939312909390326,search-dependent,550
uniform_massdep_tight,power_0.84,9.911784031052534,shift_ot_h,500,0.017017544309476218,search-dependent,550
uniform_massdep_tight,power_0.84,12.36931687685298,shift_h,500,0.020412026350970613,search-dependent,550
uniform_massdep_tight,power_0.84,12.36931687685298,crew_veh_h,500,0.021253083845734544,search-dependent,550
uniform_massdep_tight,power_0.84,12.36931687685298,crew_team_h,500,0.021253083845734544,search-dependent,550
uniform_massdep_tight,power_0.84,12.36931687685298,shift_ot_h,500,0.02021366098829569,search-dependent,550
uniform_massdep_tight,power_0.84,15.436171684196077,shift_h,500,0.02401487091166299,search-dependent,550
uniform_massdep_tight,power_0.84,15.436171684196077,crew_veh_h,500,0.024945543564555805,search-dependent,550
uniform_massdep_tight,power_0.84,15.436171684196077,crew_team_h,500,0.024945543564555805,search-dependent,550
uniform_massdep_tight,power_0.84,15.436171684196077,shift_ot_h,500,0.023794729430036243,search-dependent,550
uniform_massdep_tight,power_0.84,19.26342405455451,shift_h,500,0.027971032461141965,search-dependent,550
uniform_massdep_tight,power_0.84,19.26342405455451,crew_veh_h,500,0.028980143287038684,search-dependent,550
uniform_massdep_tight,power_0.84,19.26342405455451,crew_team_h,500,0.028980143287038684,search-dependent,550
uniform_massdep_tight,power_0.84,19.26342405455451,shift_ot_h,500,0.027731574107607404,search-dependent,550
uniform_massdep_tight,power_0.84,24.039607351964708,shift_h,500,0.03222498454879874,search-dependent,550
uniform_massdep_tight,power_0.84,24.039607351964708,crew_veh_h,500,0.03329529951622878,search-dependent,550
uniform_massdep_tight,power_0.84,24.039607351964708,crew_team_h,500,0.03329529951622878,search-dependent,550
uniform_massdep_tight,power_0.84,24.039607351964708,shift_ot_h,500,0.03197013126994919,search-dependent,550
uniform_massdep_tight,power_0.84,30.000000000000004,shift_h,500,0.03669720496172668,search-dependent,550
uniform_massdep_tight,power_0.84,30.000000000000004,crew_veh_h,500,0.03780622231390707,search-dependent,550
uniform_massdep_tight,power_0.84,30.000000000000004,crew_team_h,500,0.03780622231390707,search-dependent,550
uniform_massdep_tight,power_0.84,30.000000000000004,shift_ot_h,500,0.036432185713348275,search-dependent,550
uniform_massdep_tight,power_0.96,5.1,shift_h,500,0.012058839371299035,search-dependent,550
uniform_massdep_tight,power_0.96,5.1,crew_veh_h,500,0.012637796293410997,search-dependent,550
uniform_massdep_tight,power_0.96,5.1,crew_team_h,500,0.012637796293410997,search-dependent,550
uniform_massdep_tight,power_0.96,5.1,shift_ot_h,500,0.011923385439218004,search-dependent,550
uniform_massdep_tight,power_0.96,6.364496630910889,shift_h,500,0.014593331080456906,search-dependent,550
uniform_massdep_tight,power_0.96,6.364496630910889,crew_veh_h,500,0.015271783996186672,search-dependent,550
uniform_massdep_tight,power_0.96,6.364496630910889,crew_team_h,500,0.015271783996186672,search-dependent,550
uniform_massdep_tight,power_0.96,6.364496630910889,shift_ot_h,500,0.014434314200362897,search-dependent,550
uniform_massdep_tight,power_0.96,7.9425132087992285,shift_h,500,0.01754890235812656,search-dependent,550
uniform_massdep_tight,power_0.96,7.9425132087992285,crew_veh_h,500,0.01833374532717702,search-dependent,550
uniform_massdep_tight,power_0.96,7.9425132087992285,crew_team_h,500,0.01833374532717702,search-dependent,550
uniform_massdep_tight,power_0.96,7.9425132087992285,shift_ot_h,500,0.017364565310677316,search-dependent,550
uniform_massdep_tight,power_0.96,9.911784031052534,shift_h,500,0.020948673144713492,search-dependent,550
uniform_massdep_tight,power_0.96,9.911784031052534,crew_veh_h,500,0.021843129419234275,search-dependent,550
uniform_massdep_tight,power_0.96,9.911784031052534,crew_team_h,500,0.021843129419234275,search-dependent,550
uniform_massdep_tight,power_0.96,9.911784031052534,shift_ot_h,500,0.020738086861986638,search-dependent,550
uniform_massdep_tight,power_0.96,12.36931687685298,shift_h,500,0.024798395169362664,search-dependent,550
uniform_massdep_tight,power_0.96,12.36931687685298,crew_veh_h,500,0.025800577769708788,search-dependent,550
uniform_massdep_tight,power_0.96,12.36931687685298,crew_team_h,500,0.025800577769708788,search-dependent,550
uniform_massdep_tight,power_0.96,12.36931687685298,shift_ot_h,500,0.02456180600139879,search-dependent,550
uniform_massdep_tight,power_0.96,15.436171684196077,shift_h,500,0.029080772196532045,search-dependent,550
uniform_massdep_tight,power_0.96,15.436171684196077,crew_veh_h,500,0.030182465245469414,search-dependent,550
uniform_massdep_tight,power_0.96,15.436171684196077,crew_team_h,500,0.030182465245469414,search-dependent,550
uniform_massdep_tight,power_0.96,15.436171684196077,shift_ot_h,500,0.028819907317249926,search-dependent,550
uniform_massdep_tight,power_0.96,19.26342405455451,shift_h,500,0.033751199936144616,search-dependent,550
uniform_massdep_tight,power_0.96,19.26342405455451,crew_veh_h,500,0.03493719627460612,search-dependent,550
uniform_massdep_tight,power_0.96,19.26342405455451,crew_team_h,500,0.03493719627460612,search-dependent,550
uniform_massdep_tight,power_0.96,19.26342405455451,shift_ot_h,500,0.033469451813431306,search-dependent,550
uniform_massdep_tight,power_0.96,24.039607351964708,shift_h,500,0.038736314403551075,search-dependent,550
uniform_massdep_tight,power_0.96,24.039607351964708,crew_veh_h,500,0.03998462756137133,search-dependent,550
uniform_massdep_tight,power_0.96,24.039607351964708,crew_team_h,500,0.03998462756137133,search-dependent,550
uniform_massdep_tight,power_0.96,24.039607351964708,shift_ot_h,500,0.038438725586635414,search-dependent,550
uniform_massdep_tight,power_0.96,30.000000000000004,shift_h,500,0.04393648161543706,search-dependent,550
uniform_massdep_tight,power_0.96,30.000000000000004,crew_veh_h,500,0.04521961087423798,search-dependent,550
uniform_massdep_tight,power_0.96,30.000000000000004,crew_team_h,500,0.04521961087423798,search-dependent,550
uniform_massdep_tight,power_0.96,30.000000000000004,shift_ot_h,500,0.04362947993207156,search-dependent,550
uniform_short_baseline,affine,5.1,shift_h,500,0.009671139250002181,search-dependent,425 550 MX2
uniform_short_baseline,affine,5.1,crew_veh_h,500,0.011039850219517033,search-dependent,550
uniform_short_baseline,affine,5.1,crew_team_h,500,0.011039850219517033,search-dependent,550
uniform_short_baseline,affine,5.1,shift_ot_h,500,0.009396587918315547,search-dependent,550
uniform_short_baseline,affine,6.364496630910889,shift_h,500,0.011734393110204078,search-dependent,425 550 MX2
uniform_short_baseline,affine,6.364496630910889,crew_veh_h,500,0.013342752541812608,search-dependent,550
uniform_short_baseline,affine,6.364496630910889,crew_team_h,500,0.013342752541812608,search-dependent,550
uniform_short_baseline,affine,6.364496630910889,shift_ot_h,500,0.011410249383128734,search-dependent,550
uniform_short_baseline,affine,7.9425132087992285,shift_h,500,0.014154104324551886,search-dependent,425 550 MX2
uniform_short_baseline,affine,7.9425132087992285,crew_veh_h,500,0.016020684362015203,search-dependent,550
uniform_short_baseline,affine,7.9425132087992285,crew_team_h,500,0.016020684362015203,search-dependent,550
uniform_short_baseline,affine,7.9425132087992285,shift_ot_h,500,0.013775845878173154,search-dependent,425 550
uniform_short_baseline,affine,9.911784031052534,shift_h,500,0.016955849032492365,search-dependent,425 550 MX2
uniform_short_baseline,affine,9.911784031052534,crew_veh_h,500,0.01909104930419603,search-dependent,550
uniform_short_baseline,affine,9.911784031052534,crew_team_h,500,0.01909104930419603,search-dependent,550
uniform_short_baseline,affine,9.911784031052534,shift_ot_h,500,0.016520403075636292,search-dependent,425 550 MX2
uniform_short_baseline,affine,12.36931687685298,shift_h,500,0.02015237746979026,search-dependent,425 550 MX2
uniform_short_baseline,affine,12.36931687685298,crew_veh_h,500,0.022554869766691965,search-dependent,550
uniform_short_baseline,affine,12.36931687685298,crew_team_h,500,0.022554869766691965,search-dependent,550
uniform_short_baseline,affine,12.36931687685298,shift_ot_h,500,0.019658879636670568,search-dependent,425 550 MX2
uniform_short_baseline,affine,15.436171684196077,shift_h,500,0.023738434783815432,search-dependent,425 550 MX2
uniform_short_baseline,affine,15.436171684196077,crew_veh_h,500,0.0263919736621534,search-dependent,550
uniform_short_baseline,affine,15.436171684196077,crew_team_h,500,0.0263919736621534,search-dependent,550 MX2
uniform_short_baseline,affine,15.436171684196077,shift_ot_h,500,0.023188970014753396,search-dependent,425 550 MX2
uniform_short_baseline,affine,19.26342405455451,shift_h,500,0.02768629635014186,search-dependent,425 550 MX2
uniform_short_baseline,affine,19.26342405455451,crew_veh_h,500,0.03055769196709046,search-dependent,550
uniform_short_baseline,affine,19.26342405455451,crew_team_h,500,0.02045052422159621,search-dependent,550 MX2
uniform_short_baseline,affine,19.26342405455451,shift_ot_h,500,0.027086464378200725,search-dependent,425 550 MX2
uniform_short_baseline,affine,24.039607351964708,shift_h,500,0.03194320622978841,search-dependent,425 550 MX2
uniform_short_baseline,affine,24.039607351964708,crew_veh_h,500,0.03498227318750757,search-dependent,550
uniform_short_baseline,affine,24.039607351964708,crew_team_h,500,0.009713854978363523,search-dependent,550 MX2
uniform_short_baseline,affine,24.039607351964708,shift_ot_h,500,0.03130233065098165,search-dependent,425 550 MX2
uniform_short_baseline,affine,30.000000000000004,shift_h,500,0.03643187113717827,search-dependent,425 550 MX2
uniform_short_baseline,affine,30.000000000000004,crew_veh_h,500,0.039573900082455093,search-dependent,550
uniform_short_baseline,affine,30.000000000000004,crew_team_h,MX2,0.0014302091376017234,search-dependent,500 550
uniform_short_baseline,affine,30.000000000000004,shift_ot_h,500,0.035762701158668975,search-dependent,425 550 MX2
uniform_short_baseline,piecewise,5.1,shift_h,500,0.010457016795983876,search-dependent,425 550 MX2
uniform_short_baseline,piecewise,5.1,crew_veh_h,500,0.01193056123527425,search-dependent,550
uniform_short_baseline,piecewise,5.1,crew_team_h,500,0.01193056123527425,search-dependent,550
uniform_short_baseline,piecewise,5.1,shift_ot_h,500,0.010161246763987997,search-dependent,550
uniform_short_baseline,piecewise,6.364496630910889,shift_h,500,0.012677698095920675,search-dependent,425 550 MX2
uniform_short_baseline,piecewise,6.364496630910889,crew_veh_h,500,0.014406293423680161,search-dependent,550
uniform_short_baseline,piecewise,6.364496630910889,crew_team_h,500,0.014406293423680161,search-dependent,550
uniform_short_baseline,piecewise,6.364496630910889,shift_ot_h,500,0.012329059211422688,search-dependent,425 550
uniform_short_baseline,piecewise,7.9425132087992285,shift_h,500,0.01527747532827739,search-dependent,425 550 MX2
uniform_short_baseline,piecewise,7.9425132087992285,crew_veh_h,500,0.017279604938245763,search-dependent,550
uniform_short_baseline,piecewise,7.9425132087992285,crew_team_h,500,0.017279604938245763,search-dependent,550
uniform_short_baseline,piecewise,7.9425132087992285,shift_ot_h,500,0.014871392320899401,search-dependent,425 550 MX2
uniform_short_baseline,piecewise,9.911784031052534,shift_h,500,0.01828158424203874,search-dependent,425 550 MX2
uniform_short_baseline,piecewise,9.911784031052534,crew_veh_h,500,0.020566600200321083,search-dependent,550
uniform_short_baseline,piecewise,9.911784031052534,crew_team_h,500,0.020566600200321083,search-dependent,550
uniform_short_baseline,piecewise,9.911784031052534,shift_ot_h,500,0.017815117977177497,search-dependent,425 550 MX2
uniform_short_baseline,piecewise,12.36931687685298,shift_h,500,0.02170098164663803,search-dependent,425 550 MX2
uniform_short_baseline,piecewise,12.36931687685298,crew_veh_h,500,0.02426538003946721,search-dependent,550
uniform_short_baseline,piecewise,12.36931687685298,crew_team_h,500,0.02426538003946721,search-dependent,550
uniform_short_baseline,piecewise,12.36931687685298,shift_ot_h,500,0.02117363211111223,search-dependent,425 550 MX2
uniform_short_baseline,piecewise,15.436171684196077,shift_h,500,0.02552694398076638,search-dependent,425 550 MX2
uniform_short_baseline,piecewise,15.436171684196077,crew_veh_h,500,0.028351137467435894,search-dependent,550
uniform_short_baseline,piecewise,15.436171684196077,crew_team_h,500,0.024091117579488674,search-dependent,550 MX2
uniform_short_baseline,piecewise,15.436171684196077,shift_ot_h,500,0.02494141307811426,search-dependent,425 550 MX2
uniform_short_baseline,piecewise,19.26342405455451,shift_h,500,0.029726588118069053,search-dependent,425 550 MX2
uniform_short_baseline,piecewise,19.26342405455451,crew_veh_h,500,0.03277303010124211,search-dependent,550
uniform_short_baseline,piecewise,19.26342405455451,crew_team_h,500,0.013093669696611299,search-dependent,550 MX2
uniform_short_baseline,piecewise,19.26342405455451,shift_ot_h,500,0.029089330771012945,search-dependent,425 550 MX2
uniform_short_baseline,piecewise,24.039607351964708,shift_h,500,0.03424058143831887,search-dependent,425 550 MX2
uniform_short_baseline,piecewise,24.039607351964708,crew_veh_h,500,0.03745407610755325,search-dependent,550
uniform_short_baseline,piecewise,24.039607351964708,crew_team_h,500,0.001451695602037173,search-dependent,550 MX2
uniform_short_baseline,piecewise,24.039607351964708,shift_ot_h,500,0.03356195534136819,search-dependent,425 550 MX2
uniform_short_baseline,piecewise,30.000000000000004,shift_h,500,0.03898421029901522,search-dependent,425 550 MX2
uniform_short_baseline,piecewise,30.000000000000004,crew_veh_h,500,0.04229491443507838,search-dependent,550
uniform_short_baseline,piecewise,30.000000000000004,crew_team_h,MX2,0.010700987990913458,search-dependent,500 550
uniform_short_baseline,piecewise,30.000000000000004,shift_ot_h,500,0.03827807628666102,search-dependent,425 550 MX2
uniform_short_baseline,power_0.72,5.1,shift_h,500,0.00784670892747008,search-dependent,425 550 MX2
uniform_short_baseline,power_0.72,5.1,crew_veh_h,500,0.008963730099055489,search-dependent,550
uniform_short_baseline,power_0.72,5.1,crew_team_h,500,0.008963730099055489,search-dependent,550
uniform_short_baseline,power_0.72,5.1,shift_ot_h,500,0.007622839787032598,search-dependent,550
uniform_short_baseline,power_0.72,6.364496630910889,shift_h,500,0.009531176296523114,search-dependent,425 550 MX2
uniform_short_baseline,power_0.72,6.364496630910889,crew_veh_h,500,0.010846826378034136,search-dependent,550
uniform_short_baseline,power_0.72,6.364496630910889,crew_team_h,500,0.010846826378034136,search-dependent,550
uniform_short_baseline,power_0.72,6.364496630910889,shift_ot_h,500,0.009266296575246136,search-dependent,550
uniform_short_baseline,power_0.72,7.9425132087992285,shift_h,500,0.01151137282396597,search-dependent,425 550 MX2
uniform_short_baseline,power_0.72,7.9425132087992285,crew_veh_h,500,0.013042396232124442,search-dependent,550
uniform_short_baseline,power_0.72,7.9425132087992285,crew_team_h,500,0.013042396232124442,search-dependent,550
uniform_short_baseline,power_0.72,7.9425132087992285,shift_ot_h,500,0.011201484766496295,search-dependent,550
uniform_short_baseline,power_0.72,9.911784031052534,shift_h,500,0.013810590916602639,search-dependent,425 550 MX2
uniform_short_baseline,power_0.72,9.911784031052534,crew_veh_h,500,0.015567432892984012,search-dependent,550
uniform_short_baseline,power_0.72,9.911784031052534,crew_team_h,500,0.015567432892984012,search-dependent,550
uniform_short_baseline,power_0.72,9.911784031052534,shift_ot_h,500,0.013452796887464258,search-dependent,425 550 MX2
uniform_short_baseline,power_0.72,12.36931687685298,shift_h,500,0.01644218350450788,search-dependent,425 550 MX2
uniform_short_baseline,power_0.72,12.36931687685298,crew_veh_h,500,0.018425992893773557,search-dependent,550
uniform_short_baseline,power_0.72,12.36931687685298,crew_team_h,500,0.018425992893773557,search-dependent,550
uniform_short_baseline,power_0.72,12.36931687685298,shift_ot_h,500,0.01603531749294551,search-dependent,425 550 MX2
uniform_short_baseline,power_0.72,15.436171684196077,shift_h,500,0.01940517231991179,search-dependent,425 550 MX2
uniform_short_baseline,power_0.72,15.436171684196077,crew_veh_h,500,0.021604993110200255,search-dependent,550
uniform_short_baseline,power_0.72,15.436171684196077,crew_team_h,500,0.021604993110200255,search-dependent,550
uniform_short_baseline,power_0.72,15.436171684196077,shift_ot_h,500,0.01895043851543976,search-dependent,425 550 MX2
uniform_short_baseline,power_0.72,19.26342405455451,shift_h,500,0.0226802752829407,search-dependent,425 550 MX2
uniform_short_baseline,power_0.72,19.26342405455451,crew_veh_h,500,0.02507107416868415,search-dependent,550
uniform_short_baseline,power_0.72,19.26342405455451,crew_team_h,500,0.02507107416868415,search-dependent,550 MX2
uniform_short_baseline,power_0.72,19.26342405455451,shift_ot_h,500,0.02218176849331277,search-dependent,425 550 MX2
uniform_short_baseline,power_0.72,24.039607351964708,shift_h,500,0.02622732775375014,search-dependent,425 550 MX2
uniform_short_baseline,power_0.72,24.039607351964708,crew_veh_h,500,0.028769559595418936,search-dependent,550
uniform_short_baseline,power_0.72,24.039607351964708,crew_team_h,500,0.021191366379763377,search-dependent,550 MX2
uniform_short_baseline,power_0.72,24.039607351964708,shift_ot_h,500,0.0256922838041993,search-dependent,425 550 MX2
uniform_short_baseline,power_0.72,30.000000000000004,shift_h,500,0.029985104487242342,search-dependent,425 550 MX2
uniform_short_baseline,power_0.72,30.000000000000004,crew_veh_h,500,0.03262634534784392,search-dependent,550
uniform_short_baseline,power_0.72,30.000000000000004,crew_team_h,500,0.011350135815088924,search-dependent,550 MX2
uniform_short_baseline,power_0.72,30.000000000000004,shift_ot_h,500,0.02942374339416176,search-dependent,425 550 MX2
uniform_short_baseline,power_0.84,5.1,shift_h,500,0.009830941586159714,search-dependent,425 550 MX2
uniform_short_baseline,power_0.84,5.1,crew_veh_h,500,0.01121700554838978,search-dependent,550
uniform_short_baseline,power_0.84,5.1,crew_team_h,500,0.01121700554838978,search-dependent,550
uniform_short_baseline,power_0.84,5.1,shift_ot_h,500,0.009552752760412453,search-dependent,550
uniform_short_baseline,power_0.84,6.364496630910889,shift_h,500,0.01191985696753961,search-dependent,425 550 MX2
uniform_short_baseline,power_0.84,6.364496630910889,crew_veh_h,500,0.013546173235546188,search-dependent,550
uniform_short_baseline,power_0.84,6.364496630910889,crew_team_h,500,0.013546173235546188,search-dependent,550
uniform_short_baseline,power_0.84,6.364496630910889,shift_ot_h,500,0.0115918772695347,search-dependent,550
uniform_short_baseline,power_0.84,7.9425132087992285,shift_h,500,0.014365904026462095,search-dependent,425 550 MX2
uniform_short_baseline,power_0.84,7.9425132087992285,crew_veh_h,500,0.016250033156884003,search-dependent,550
uniform_short_baseline,power_0.84,7.9425132087992285,crew_team_h,500,0.016250033156884003,search-dependent,550
uniform_short_baseline,power_0.84,7.9425132087992285,shift_ot_h,500,0.013983795881507888,search-dependent,425 550
uniform_short_baseline,power_0.84,9.911784031052534,shift_h,500,0.017193085622921656,search-dependent,425 550 MX2
uniform_short_baseline,power_0.84,9.911784031052534,crew_veh_h,500,0.01934403652230321,search-dependent,550
uniform_short_baseline,power_0.84,9.911784031052534,crew_team_h,500,0.01934403652230321,search-dependent,550
uniform_short_baseline,power_0.84,9.911784031052534,shift_ot_h,500,0.0167540418759482,search-dependent,425 550 MX2
uniform_short_baseline,power_0.84,12.36931687685298,shift_h,500,0.02041202635097039,search-dependent,425 550 MX2
uniform_short_baseline,power_0.84,12.36931687685298,crew_veh_h,500,0.0228267403600948,search-dependent,550
uniform_short_baseline,power_0.84,12.36931687685298,crew_team_h,500,0.0228267403600948,search-dependent,550
uniform_short_baseline,power_0.84,12.36931687685298,shift_ot_h,500,0.019915527304507297,search-dependent,425 550 MX2
uniform_short_baseline,power_0.84,15.436171684196077,shift_h,500,0.02401487091166299,search-dependent,425 550 MX2
uniform_short_baseline,power_0.84,15.436171684196077,crew_veh_h,500,0.02667516172802431,search-dependent,550
uniform_short_baseline,power_0.84,15.436171684196077,crew_team_h,500,0.02488663831992355,search-dependent,550 MX2
uniform_short_baseline,power_0.84,15.436171684196077,shift_ot_h,500,0.023463405961164474,search-dependent,425 550 MX2
uniform_short_baseline,power_0.84,19.26342405455451,shift_h,500,0.027971032461141965,search-dependent,425 550 MX2
uniform_short_baseline,power_0.84,19.26342405455451,crew_veh_h,500,0.03084178614969524,search-dependent,550
uniform_short_baseline,power_0.84,19.26342405455451,crew_team_h,500,0.013997241765693502,search-dependent,550 MX2
uniform_short_baseline,power_0.84,19.26342405455451,shift_ot_h,500,0.027370625202481458,search-dependent,425 550 MX2
uniform_short_baseline,power_0.84,24.039607351964708,shift_h,500,0.03222498454879874,search-dependent,425 550 MX2
uniform_short_baseline,power_0.84,24.039607351964708,crew_veh_h,500,0.03525440944196445,search-dependent,550
uniform_short_baseline,power_0.84,24.039607351964708,crew_team_h,500,0.002464931672170323,search-dependent,550 MX2
uniform_short_baseline,power_0.84,24.039607351964708,shift_ot_h,500,0.03158534230232091,search-dependent,425 550 MX2
uniform_short_baseline,power_0.84,30.000000000000004,shift_h,500,0.03669720496172646,search-dependent,425 550 MX2
uniform_short_baseline,power_0.84,30.000000000000004,crew_veh_h,500,0.03981961697204839,search-dependent,550
uniform_short_baseline,power_0.84,30.000000000000004,crew_team_h,MX2,0.009556618961979346,search-dependent,500 550
uniform_short_baseline,power_0.84,30.000000000000004,shift_ot_h,500,0.03603135175990291,search-dependent,425 550 MX2
uniform_short_baseline,power_0.96,5.1,shift_h,500,0.012058839371299035,search-dependent,425 550 MX2
uniform_short_baseline,power_0.96,5.1,crew_veh_h,500,0.013741635029395738,search-dependent,550
uniform_short_baseline,power_0.96,5.1,crew_team_h,500,0.013741635029395738,search-dependent,550
uniform_short_baseline,power_0.96,5.1,shift_ot_h,500,0.01172058223653738,search-dependent,550
uniform_short_baseline,power_0.96,6.364496630910889,shift_h,500,0.014593331080456684,search-dependent,425 550 MX2
uniform_short_baseline,power_0.96,6.364496630910889,crew_veh_h,500,0.01655988228423988,search-dependent,550
uniform_short_baseline,power_0.96,6.364496630910889,crew_team_h,500,0.01655988228423988,search-dependent,550
uniform_short_baseline,power_0.96,6.364496630910889,shift_ot_h,500,0.014196030015870775,search-dependent,425 550
uniform_short_baseline,power_0.96,7.9425132087992285,shift_h,500,0.01754890235812656,search-dependent,425 550 MX2
uniform_short_baseline,power_0.96,7.9425132087992285,crew_veh_h,500,0.019816562532309456,search-dependent,550
uniform_short_baseline,power_0.96,7.9425132087992285,crew_team_h,500,0.019816562532309456,search-dependent,550
uniform_short_baseline,power_0.96,7.9425132087992285,shift_ot_h,500,0.01708806534491747,search-dependent,425 550 MX2
uniform_short_baseline,power_0.96,9.911784031052534,shift_h,500,0.020948673144713492,search-dependent,425 550 MX2
uniform_short_baseline,power_0.96,9.911784031052534,crew_veh_h,500,0.023523608110696648,search-dependent,550
uniform_short_baseline,power_0.96,9.911784031052534,crew_team_h,500,0.023523608110696648,search-dependent,550
uniform_short_baseline,power_0.96,9.911784031052534,shift_ot_h,500,0.02042185310902056,search-dependent,425 550 MX2
uniform_short_baseline,power_0.96,12.36931687685298,shift_h,500,0.024798395169362886,search-dependent,425 550 MX2
uniform_short_baseline,power_0.96,12.36931687685298,crew_veh_h,500,0.02767162349913721,search-dependent,550
uniform_short_baseline,power_0.96,12.36931687685298,crew_team_h,500,0.021874417120299805,search-dependent,550 MX2
uniform_short_baseline,power_0.96,12.36931687685298,shift_ot_h,500,0.024206064137207495,search-dependent,425 550 MX2
uniform_short_baseline,power_0.96,15.436171684196077,shift_h,500,0.029080772196532267,search-dependent,425 550 MX2
uniform_short_baseline,power_0.96,15.436171684196077,crew_veh_h,500,0.0322250232288217,search-dependent,550
uniform_short_baseline,power_0.96,15.436171684196077,crew_team_h,500,0.009907055686221744,search-dependent,550 MX2
uniform_short_baseline,power_0.96,15.436171684196077,shift_ot_h,500,0.028427098052396627,search-dependent,425 550 MX2
uniform_short_baseline,power_0.96,19.26342405455451,shift_h,500,0.03375119993614484,search-dependent,425 550 MX2
uniform_short_baseline,power_0.96,19.26342405455451,crew_veh_h,500,0.03711954022382158,search-dependent,550
uniform_short_baseline,power_0.96,19.26342405455451,crew_team_h,MX2,0.0029656076785082863,search-dependent,500 550
uniform_short_baseline,power_0.96,19.26342405455451,shift_ot_h,500,0.033044528181424004,search-dependent,425 550 MX2
uniform_short_baseline,power_0.96,24.039607351964708,shift_h,500,0.038736314403551075,search-dependent,425 550 MX2
uniform_short_baseline,power_0.96,24.039607351964708,crew_veh_h,500,0.04226337340775377,search-dependent,550
uniform_short_baseline,power_0.96,24.039607351964708,crew_team_h,MX2,0.016751998369549437,search-dependent,500 550
uniform_short_baseline,power_0.96,24.039607351964708,shift_ot_h,500,0.03798915543987724,search-dependent,425 550 MX2
uniform_short_baseline,power_0.96,30.000000000000004,shift_h,500,0.03619371991047782,search-dependent,425 550 MX1 MX2
uniform_short_baseline,power_0.96,30.000000000000004,crew_veh_h,500,0.03532923134614663,search-dependent,550 MX2
uniform_short_baseline,power_0.96,30.000000000000004,crew_team_h,MX2,0.03130112303728416,search-dependent,500 550
uniform_short_baseline,power_0.96,30.000000000000004,shift_ot_h,500,0.043164873233807466,search-dependent,425 550 MX2
uniform_short_tight,affine,5.1,shift_h,500,0.009671139250002181,search-dependent,550 MX2
uniform_short_tight,affine,5.1,crew_veh_h,500,0.010954981610219017,search-dependent,550
uniform_short_tight,affine,5.1,crew_team_h,500,0.010954981610219017,search-dependent,550
uniform_short_tight,affine,5.1,shift_ot_h,500,0.00956978568591138,search-dependent,550 MX2
uniform_short_tight,affine,6.364496630910889,shift_h,500,0.011734393110204078,search-dependent,550 MX2
uniform_short_tight,affine,6.364496630910889,crew_veh_h,500,0.01324338993774199,search-dependent,550
uniform_short_tight,affine,6.364496630910889,crew_team_h,500,0.01324338993774199,search-dependent,550
uniform_short_tight,affine,6.364496630910889,shift_ot_h,500,0.011614791413673053,search-dependent,550 MX2
uniform_short_tight,affine,7.9425132087992285,shift_h,500,0.014154104324551886,search-dependent,550 MX2
uniform_short_tight,affine,7.9425132087992285,crew_veh_h,500,0.015905862976568264,search-dependent,550
uniform_short_tight,affine,7.9425132087992285,crew_team_h,500,0.015905862976568264,search-dependent,550
uniform_short_tight,affine,7.9425132087992285,shift_ot_h,500,0.014014616908190725,search-dependent,550 MX2
uniform_short_tight,affine,9.911784031052534,shift_h,500,0.016955849032492365,search-dependent,550 MX2
uniform_short_tight,affine,9.911784031052534,crew_veh_h,500,0.018960351951489596,search-dependent,550
uniform_short_tight,affine,9.911784031052534,crew_team_h,500,0.018960351951489596,search-dependent,550
uniform_short_tight,affine,9.911784031052534,shift_ot_h,500,0.01679538158709648,search-dependent,550 MX2
uniform_short_tight,affine,12.36931687685298,shift_h,500,0.02015237746979026,search-dependent,550 MX2
uniform_short_tight,affine,12.36931687685298,crew_veh_h,500,0.02240863439710261,search-dependent,550
uniform_short_tight,affine,12.36931687685298,crew_team_h,500,0.02240863439710261,search-dependent,550
uniform_short_tight,affine,12.36931687685298,shift_ot_h,500,0.019970657651644297,search-dependent,550 MX2
uniform_short_tight,affine,15.436171684196077,shift_h,500,0.023738434783815432,search-dependent,550 MX2
uniform_short_tight,affine,15.436171684196077,crew_veh_h,500,0.02623146545262922,search-dependent,550
uniform_short_tight,affine,15.436171684196077,crew_team_h,500,0.02623146545262922,search-dependent,550
uniform_short_tight,affine,15.436171684196077,shift_ot_h,500,0.023536282016064725,search-dependent,550 MX2
uniform_short_tight,affine,19.26342405455451,shift_h,500,0.02768629635014186,search-dependent,550 MX2
uniform_short_tight,affine,19.26342405455451,crew_veh_h,500,0.030385191028530434,search-dependent,550
uniform_short_tight,affine,19.26342405455451,crew_team_h,500,0.030385191028530434,search-dependent,550 MX2
uniform_short_tight,affine,19.26342405455451,shift_ot_h,500,0.027465824386625037,search-dependent,550 MX2
uniform_short_tight,affine,24.039607351964708,shift_h,500,0.03194320622978841,search-dependent,550 MX2
uniform_short_tight,affine,24.039607351964708,crew_veh_h,500,0.03480103270222745,search-dependent,550
uniform_short_tight,affine,24.039607351964708,crew_team_h,500,0.021566296755289205,search-dependent,550 MX2
uniform_short_tight,affine,24.039607351964708,shift_ot_h,500,0.031707892178432395,search-dependent,550 MX2
uniform_short_tight,affine,30.000000000000004,shift_h,500,0.03643187113717827,search-dependent,550 MX2
uniform_short_tight,affine,30.000000000000004,crew_veh_h,500,0.039387951266307564,search-dependent,550
uniform_short_tight,affine,30.000000000000004,crew_team_h,500,0.009373611592147668,search-dependent,550 MX2
uniform_short_tight,affine,30.000000000000004,shift_ot_h,500,0.036186436758227636,search-dependent,550 MX2
uniform_short_tight,piecewise,5.1,shift_h,500,0.010457016795983876,search-dependent,550 MX2
uniform_short_tight,piecewise,5.1,crew_veh_h,500,0.011839238163567911,search-dependent,550
uniform_short_tight,piecewise,5.1,crew_team_h,500,0.011839238163567911,search-dependent,550
uniform_short_tight,piecewise,5.1,shift_ot_h,500,0.0103478375196846,search-dependent,550 MX2
uniform_short_tight,piecewise,6.364496630910889,shift_h,500,0.012677698095920675,search-dependent,550 MX2
uniform_short_tight,piecewise,6.364496630910889,crew_veh_h,500,0.014299565736210385,search-dependent,550
uniform_short_tight,piecewise,6.364496630910889,crew_team_h,500,0.014299565736210385,search-dependent,550
uniform_short_tight,piecewise,6.364496630910889,shift_ot_h,500,0.012549068526410245,search-dependent,550 MX2
uniform_short_tight,piecewise,7.9425132087992285,shift_h,500,0.01527747532827739,search-dependent,550 MX2
uniform_short_tight,piecewise,7.9425132087992285,crew_veh_h,500,0.01715652950861024,search-dependent,550
uniform_short_tight,piecewise,7.9425132087992285,crew_team_h,500,0.01715652950861024,search-dependent,550
uniform_short_tight,piecewise,7.9425132087992285,shift_ot_h,500,0.015127741229440606,search-dependent,550 MX2
uniform_short_tight,piecewise,9.911784031052534,shift_h,500,0.01828158424203874,search-dependent,550 MX2
uniform_short_tight,piecewise,9.911784031052534,crew_veh_h,500,0.020426841788743655,search-dependent,550
uniform_short_tight,piecewise,9.911784031052534,crew_team_h,500,0.020426841788743655,search-dependent,550
uniform_short_tight,piecewise,9.911784031052534,shift_ot_h,500,0.018109703853504078,search-dependent,550 MX2
uniform_short_tight,piecewise,12.36931687685298,shift_h,500,0.02170098164663803,search-dependent,550 MX2
uniform_short_tight,piecewise,12.36931687685298,crew_veh_h,500,0.02410942682762074,search-dependent,550
uniform_short_tight,piecewise,12.36931687685298,crew_team_h,500,0.02410942682762074,search-dependent,550
uniform_short_tight,piecewise,12.36931687685298,shift_ot_h,500,0.02150682026630024,search-dependent,550 MX2
uniform_short_tight,piecewise,15.436171684196077,shift_h,500,0.02552694398076638,search-dependent,550 MX2
uniform_short_tight,piecewise,15.436171684196077,crew_veh_h,500,0.028180472175174165,search-dependent,550
uniform_short_tight,piecewise,15.436171684196077,crew_team_h,500,0.028180472175174165,search-dependent,550 MX2
uniform_short_tight,piecewise,15.436171684196077,shift_ot_h,500,0.025311551286441025,search-dependent,550 MX2
uniform_short_tight,piecewise,19.26342405455451,shift_h,500,0.029726588118069053,search-dependent,550 MX2
uniform_short_tight,piecewise,19.26342405455451,crew_veh_h,500,0.03259020481699881,search-dependent,550
uniform_short_tight,piecewise,19.26342405455451,crew_team_h,500,0.02583686118636308,search-dependent,550 MX2
uniform_short_tight,piecewise,19.26342405455451,shift_ot_h,500,0.029492394746099437,search-dependent,550 MX2
uniform_short_tight,piecewise,24.039607351964708,shift_h,500,0.03424058143831887,search-dependent,550 MX2
uniform_short_tight,piecewise,24.039607351964708,crew_veh_h,500,0.037262645464233524,search-dependent,550
uniform_short_tight,piecewise,24.039607351964708,crew_team_h,500,0.013186575783650234,search-dependent,550 MX2
uniform_short_tight,piecewise,24.039607351964708,shift_ot_h,500,0.033991445502566275,search-dependent,550 MX2
uniform_short_tight,piecewise,30.000000000000004,shift_h,500,0.03898421029901522,search-dependent,550 MX2
uniform_short_tight,piecewise,30.000000000000004,crew_veh_h,500,0.04209920720552063,search-dependent,550
uniform_short_tight,piecewise,30.000000000000004,crew_team_h,500,9.194473010643023e-05,search-dependent,550 MX2
uniform_short_tight,piecewise,30.000000000000004,shift_ot_h,500,0.038725260951951945,search-dependent,550 MX2
uniform_short_tight,power_0.72,5.1,shift_h,500,0.00784670892747008,search-dependent,550 MX2
uniform_short_tight,power_0.72,5.1,crew_veh_h,500,0.00889442058640566,search-dependent,550
uniform_short_tight,power_0.72,5.1,crew_team_h,500,0.00889442058640566,search-dependent,550
uniform_short_tight,power_0.72,5.1,shift_ot_h,500,0.007764057638518507,search-dependent,550 MX2
uniform_short_tight,power_0.72,6.364496630910889,shift_h,500,0.009531176296523114,search-dependent,550 MX2
uniform_short_tight,power_0.72,6.364496630910889,crew_veh_h,500,0.010765481785849795,search-dependent,550
uniform_short_tight,power_0.72,6.364496630910889,crew_team_h,500,0.010765481785849795,search-dependent,550
uniform_short_tight,power_0.72,6.364496630910889,shift_ot_h,500,0.009433431052621177,search-dependent,550 MX2
uniform_short_tight,power_0.72,7.9425132087992285,shift_h,500,0.01151137282396597,search-dependent,550 MX2
uniform_short_tight,power_0.72,7.9425132087992285,crew_veh_h,500,0.012948128505581469,search-dependent,550
uniform_short_tight,power_0.72,7.9425132087992285,crew_team_h,500,0.012948128505581469,search-dependent,550
uniform_short_tight,power_0.72,7.9425132087992285,shift_ot_h,500,0.011397083303641198,search-dependent,550 MX2
uniform_short_tight,power_0.72,9.911784031052534,shift_h,500,0.013810590916602639,search-dependent,550 MX2
uniform_short_tight,power_0.72,9.911784031052534,crew_veh_h,500,0.015459780156586111,search-dependent,550
uniform_short_tight,power_0.72,9.911784031052534,crew_team_h,500,0.015459780156586111,search-dependent,550
uniform_short_tight,power_0.72,9.911784031052534,shift_ot_h,500,0.013678719886086155,search-dependent,550 MX2
uniform_short_tight,power_0.72,12.36931687685298,shift_h,500,0.01644218350450788,search-dependent,550 MX2
uniform_short_tight,power_0.72,12.36931687685298,crew_veh_h,500,0.018305096376047825,search-dependent,550
uniform_short_tight,power_0.72,12.36931687685298,crew_team_h,500,0.018305096376047825,search-dependent,550
uniform_short_tight,power_0.72,12.36931687685298,shift_ot_h,500,0.016292339031876102,search-dependent,550 MX2
uniform_short_tight,power_0.72,15.436171684196077,shift_h,500,0.01940517231991179,search-dependent,550 MX2
uniform_short_tight,power_0.72,15.436171684196077,crew_veh_h,500,0.021471751890343782,search-dependent,550
uniform_short_tight,power_0.72,15.436171684196077,crew_team_h,500,0.021471751890343782,search-dependent,550
uniform_short_tight,power_0.72,15.436171684196077,shift_ot_h,500,0.019237840804851913,search-dependent,550 MX2
uniform_short_tight,power_0.72,19.26342405455451,shift_h,500,0.0226802752829407,search-dependent,550 MX2
uniform_short_tight,power_0.72,19.26342405455451,crew_veh_h,500,0.024927237308969064,search-dependent,550
uniform_short_tight,power_0.72,19.26342405455451,crew_team_h,500,0.024927237308969064,search-dependent,550 MX2
uniform_short_tight,power_0.72,19.26342405455451,shift_ot_h,500,0.02249700876546079,search-dependent,550 MX2
uniform_short_tight,power_0.72,24.039607351964708,shift_h,500,0.02622732775375014,search-dependent,550 MX2
uniform_short_tight,power_0.72,24.039607351964708,crew_veh_h,500,0.028617715679085665,search-dependent,550
uniform_short_tight,power_0.72,24.039607351964708,crew_team_h,500,0.028617715679085665,search-dependent,550 MX2
uniform_short_tight,power_0.72,24.039607351964708,shift_ot_h,500,0.026030829724871474,search-dependent,550 MX2
uniform_short_tight,power_0.72,30.000000000000004,shift_h,500,0.029985104487242342,search-dependent,550 MX2
uniform_short_tight,power_0.72,30.000000000000004,crew_veh_h,500,0.032469784498614596,search-dependent,550
uniform_short_tight,power_0.72,30.000000000000004,crew_team_h,500,0.022320085635348264,search-dependent,550 MX2
uniform_short_tight,power_0.72,30.000000000000004,shift_ot_h,500,0.02977916466371333,search-dependent,550 MX2
uniform_short_tight,power_0.84,5.1,shift_h,500,0.009830941586159714,search-dependent,550 MX2
uniform_short_tight,power_0.84,5.1,crew_veh_h,500,0.011131098754015634,search-dependent,550
uniform_short_tight,power_0.84,5.1,crew_team_h,500,0.011131098754015634,search-dependent,550
uniform_short_tight,power_0.84,5.1,shift_ot_h,500,0.009728251299856217,search-dependent,550 MX2
uniform_short_tight,power_0.84,6.364496630910889,shift_h,500,0.01191985696753961,search-dependent,550 MX2
uniform_short_tight,power_0.84,6.364496630910889,crew_veh_h,500,0.013445753188938037,search-dependent,550
uniform_short_tight,power_0.84,6.364496630910889,crew_team_h,500,0.013445753188938037,search-dependent,550
uniform_short_tight,power_0.84,6.364496630910889,shift_ot_h,500,0.011798848364497516,search-dependent,550 MX2
uniform_short_tight,power_0.84,7.9425132087992285,shift_h,500,0.014365904026462095,search-dependent,550 MX2
uniform_short_tight,power_0.84,7.9425132087992285,crew_veh_h,500,0.016134201703164264,search-dependent,550
uniform_short_tight,power_0.84,7.9425132087992285,crew_team_h,500,0.016134201703164264,search-dependent,550
uniform_short_tight,power_0.84,7.9425132087992285,shift_ot_h,500,0.014225008503266467,search-dependent,550 MX2
uniform_short_tight,power_0.84,9.911784031052534,shift_h,500,0.017193085622921656,search-dependent,550 MX2
uniform_short_tight,power_0.84,9.911784031052534,crew_veh_h,500,0.019212465246175148,search-dependent,550
uniform_short_tight,power_0.84,9.911784031052534,crew_team_h,500,0.019212465246175148,search-dependent,550
uniform_short_tight,power_0.84,9.911784031052534,shift_ot_h,500,0.01703130755979121,search-dependent,550 MX2
uniform_short_tight,power_0.84,12.36931687685298,shift_h,500,0.02041202635097039,search-dependent,550 MX2
uniform_short_tight,power_0.84,12.36931687685298,crew_veh_h,500,0.022679874265865152,search-dependent,550
uniform_short_tight,power_0.84,12.36931687685298,crew_team_h,500,0.022679874265865152,search-dependent,550
uniform_short_tight,power_0.84,12.36931687685298,shift_ot_h,500,0.02022922087304524,search-dependent,550 MX2
uniform_short_tight,power_0.84,15.436171684196077,shift_h,500,0.02401487091166299,search-dependent,550 MX2
uniform_short_tight,power_0.84,15.436171684196077,crew_veh_h,500,0.026514381853012914,search-dependent,550
uniform_short_tight,power_0.84,15.436171684196077,crew_team_h,500,0.026514381853012914,search-dependent,550
uniform_short_tight,power_0.84,15.436171684196077,shift_ot_h,500,0.02381200630207747,search-dependent,550 MX2
uniform_short_tight,power_0.84,19.26342405455451,shift_h,500,0.027971032461141965,search-dependent,550 MX2
uniform_short_tight,power_0.84,19.26342405455451,crew_veh_h,500,0.030669482213182997,search-dependent,550
uniform_short_tight,power_0.84,19.26342405455451,crew_team_h,500,0.026754061146534225,search-dependent,550 MX2
uniform_short_tight,power_0.84,19.26342405455451,shift_ot_h,500,0.027750377572805185,search-dependent,550 MX2
uniform_short_tight,power_0.84,24.039607351964708,shift_h,500,0.03222498454879874,search-dependent,550 MX2
uniform_short_tight,power_0.84,24.039607351964708,crew_veh_h,500,0.03507391946322658,search-dependent,550
uniform_short_tight,power_0.84,24.039607351964708,crew_team_h,500,0.014214292411146356,search-dependent,550 MX2
uniform_short_tight,power_0.84,24.039607351964708,shift_ot_h,500,0.03199015575522868,search-dependent,550 MX2
uniform_short_tight,power_0.84,30.000000000000004,shift_h,500,0.03669720496172646,search-dependent,550 MX2
uniform_short_tight,power_0.84,30.000000000000004,crew_veh_h,500,0.03963501447815765,search-dependent,550
uniform_short_tight,power_0.84,30.000000000000004,crew_team_h,500,0.001228507072327023,search-dependent,550 MX2
uniform_short_tight,power_0.84,30.000000000000004,shift_ot_h,500,0.03645302224693148,search-dependent,550 MX2
uniform_short_tight,power_0.96,5.1,shift_h,500,0.012058839371299035,search-dependent,550 MX2
uniform_short_tight,power_0.96,5.1,crew_veh_h,500,0.01363746070176175,search-dependent,550
uniform_short_tight,power_0.96,5.1,crew_team_h,500,0.01363746070176175,search-dependent,550
uniform_short_tight,power_0.96,5.1,shift_ot_h,500,0.011933995539212372,search-dependent,550 MX2
uniform_short_tight,power_0.96,6.364496630910889,shift_h,500,0.014593331080456684,search-dependent,550 MX2
uniform_short_tight,power_0.96,6.364496630910889,crew_veh_h,500,0.01643862228494486,search-dependent,550
uniform_short_tight,power_0.96,6.364496630910889,crew_team_h,500,0.01643862228494486,search-dependent,550
uniform_short_tight,power_0.96,6.364496630910889,shift_ot_h,500,0.014446773888372899,search-dependent,550 MX2
uniform_short_tight,power_0.96,7.9425132087992285,shift_h,500,0.01754890235812656,search-dependent,550 MX2
uniform_short_tight,power_0.96,7.9425132087992285,crew_veh_h,500,0.019677376220857967,search-dependent,550
uniform_short_tight,power_0.96,7.9425132087992285,crew_team_h,500,0.019677376220857967,search-dependent,550
uniform_short_tight,power_0.96,7.9425132087992285,shift_ot_h,500,0.01737901422805077,search-dependent,550 MX2
uniform_short_tight,power_0.96,9.911784031052534,shift_h,500,0.020948673144713492,search-dependent,550 MX2
uniform_short_tight,power_0.96,9.911784031052534,crew_veh_h,500,0.02336638995917628,search-dependent,550
uniform_short_tight,power_0.96,9.911784031052534,crew_team_h,500,0.02336638995917628,search-dependent,550
uniform_short_tight,power_0.96,9.911784031052534,shift_ot_h,500,0.02075460022124953,search-dependent,550 MX2
uniform_short_tight,power_0.96,12.36931687685298,shift_h,500,0.024798395169362886,search-dependent,550 MX2
uniform_short_tight,power_0.96,12.36931687685298,crew_veh_h,500,0.027497227390521628,search-dependent,550
uniform_short_tight,power_0.96,12.36931687685298,crew_team_h,500,0.027497227390521628,search-dependent,550
uniform_short_tight,power_0.96,12.36931687685298,shift_ot_h,500,0.024580367248275836,search-dependent,550 MX2
uniform_short_tight,power_0.96,15.436171684196077,shift_h,500,0.029080772196532267,search-dependent,550 MX2
uniform_short_tight,power_0.96,15.436171684196077,crew_veh_h,500,0.03203542117505309,search-dependent,550
uniform_short_tight,power_0.96,15.436171684196077,crew_team_h,500,0.02336608568259524,search-dependent,550 MX2
uniform_short_tight,power_0.96,15.436171684196077,shift_ot_h,500,0.02884038393464916,search-dependent,550 MX2
uniform_short_tight,power_0.96,19.26342405455451,shift_h,500,0.03375119993614484,search-dependent,550 MX2
uniform_short_tight,power_0.96,19.26342405455451,crew_veh_h,500,0.036917859414616006,search-dependent,550
uniform_short_tight,power_0.96,19.26342405455451,crew_team_h,500,0.009541761267078952,search-dependent,550 MX2
uniform_short_tight,power_0.96,19.26342405455451,shift_ot_h,500,0.03349158046522693,search-dependent,550 MX2
uniform_short_tight,power_0.96,24.039607351964708,shift_h,500,0.038736314403551075,search-dependent,550 MX2
uniform_short_tight,power_0.96,24.039607351964708,crew_veh_h,500,0.04205376887367662,search-dependent,550
uniform_short_tight,power_0.96,24.039607351964708,crew_team_h,MX2,0.005025379520807505,search-dependent,500 550
uniform_short_tight,power_0.96,24.039607351964708,shift_ot_h,500,0.03846211282524381,search-dependent,550 MX2
uniform_short_tight,power_0.96,30.000000000000004,shift_h,500,0.03619371991047782,search-dependent,550 MX2
uniform_short_tight,power_0.96,30.000000000000004,crew_veh_h,500,0.047329995286722104,search-dependent,550
uniform_short_tight,power_0.96,30.000000000000004,crew_team_h,MX2,0.02034523798739074,search-dependent,500 550
uniform_short_tight,power_0.96,30.000000000000004,shift_ot_h,500,0.043653622489234545,search-dependent,550 MX2
