cell,model,r,labour,winner_nominal,winner_N1,K_N1,coop_N1,N1_winner_one_heavy_mix,premium_N1,option_nominal_upper,option_nominal_lower,option_N1_upper,option_N1_lower
extraheavy_long_baseline,affine,5.1,shift_h,550,550,10,0.09140893470790377,False,0.11111111111111116,,,,
extraheavy_long_baseline,affine,5.1,crew_veh_h,550,550,10,0.09140893470790377,False,-0.002542290114264212,,,,
extraheavy_long_baseline,affine,5.1,crew_team_h,425,380,11,0.1584192439862543,False,-0.003276213825746832,,,,
extraheavy_long_baseline,affine,5.1,shift_ot_h,550,550,10,0.09140893470790377,False,0.08273583705185761,,,,
extraheavy_long_baseline,affine,6.364497,shift_h,550,550,10,0.09140893470790377,False,0.11111111111111116,,,,
extraheavy_long_baseline,affine,6.364497,crew_veh_h,550,550,10,0.09140893470790377,False,0.0008211259428316797,,,,
extraheavy_long_baseline,affine,6.364497,crew_team_h,380,380,11,0.1584192439862543,False,-0.0016817703206919443,,,,
extraheavy_long_baseline,affine,6.364497,shift_ot_h,550,550,10,0.09140893470790377,False,0.08353657724904728,,,,
extraheavy_long_baseline,affine,7.942513,shift_h,550,550,10,0.09140893470790377,False,0.11111111111111094,,,,
extraheavy_long_baseline,affine,7.942513,crew_veh_h,550,550,10,0.09140893470790377,False,0.00474918696843174,,,,
extraheavy_long_baseline,affine,7.942513,crew_team_h,380,380,11,0.1584192439862543,False,0.0015675161312618258,,,,
extraheavy_long_baseline,affine,7.942513,shift_ot_h,550,550,10,0.09140893470790377,False,0.08447461965083214,,,,
extraheavy_long_baseline,affine,9.911784,shift_h,550,550,10,0.09140893470790377,False,0.11111111111111116,,,,
extraheavy_long_baseline,affine,9.911784,crew_veh_h,550,550,10,0.09140893470790377,False,0.00927541140038568,,,,
extraheavy_long_baseline,affine,9.911784,crew_team_h,325,325,12,0.18419243986254297,False,0.005384820071650864,,,,
extraheavy_long_baseline,affine,9.911784,shift_ot_h,550,550,10,0.09140893470790377,False,0.08555936730498681,,,,
extraheavy_long_baseline,affine,12.369317,shift_h,550,550,10,0.09140893470790377,False,0.11111111111111116,,,,
extraheavy_long_baseline,affine,12.369317,crew_veh_h,550,550,10,0.09140893470790377,False,0.014410781391572147,,,,
extraheavy_long_baseline,affine,12.369317,crew_team_h,MX2,325,12,0.18419243986254297,False,0.009200182861452744,,,,
extraheavy_long_baseline,affine,12.369317,shift_ot_h,550,550,10,0.09140893470790377,False,0.08679513623293134,,,,
extraheavy_long_baseline,affine,15.436172,shift_h,550,550,10,0.09140893470790377,False,0.11111111111111116,,,,
extraheavy_long_baseline,affine,15.436172,crew_veh_h,550,550,10,0.09140893470790377,False,0.02013595153824843,,,,
extraheavy_long_baseline,affine,15.436172,crew_team_h,MX2,325,12,0.18419243986254297,False,0.01401823413323533,,,,
extraheavy_long_baseline,affine,15.436172,shift_ot_h,550,550,10,0.09140893470790377,False,0.08817918425639726,,,,
extraheavy_long_baseline,affine,19.263424,shift_h,550,380,11,0.1584192439862543,False,0.11026982680817499,,,,
extraheavy_long_baseline,affine,19.263424,crew_veh_h,MX2,380,11,0.1584192439862543,False,0.017852645438987347,,,,
extraheavy_long_baseline,affine,19.263424,crew_team_h,MX2,325,12,0.18419243986254297,False,0.01936949300604285,,,,
extraheavy_long_baseline,affine,19.263424,shift_ot_h,550,550,10,0.09140893470790377,False,0.08970005219545629,,,,
extraheavy_long_baseline,affine,24.039607,shift_h,380,380,11,0.1584192439862543,False,0.10000000000000009,,,,
extraheavy_long_baseline,affine,24.039607,crew_veh_h,MX2,380,11,0.1584192439862543,False,0.02574426617247272,,,,
extraheavy_long_baseline,affine,24.039607,crew_team_h,MX2,325,12,0.18419243986254297,False,0.025195749668399214,,,,
extraheavy_long_baseline,affine,24.039607,shift_ot_h,380,380,11,0.1584192439862543,False,0.08020242759357776,,,,
extraheavy_long_baseline,affine,30.0,shift_h,380,380,11,0.1584192439862543,False,0.10000000000000009,,,,
extraheavy_long_baseline,affine,30.0,crew_veh_h,MX2,380,11,0.1584192439862543,False,0.03429077079685361,,,,
extraheavy_long_baseline,affine,30.0,crew_team_h,MX2,325,12,0.18419243986254297,False,0.03140319278738657,,,,
extraheavy_long_baseline,affine,30.0,shift_ot_h,380,380,11,0.1584192439862543,False,0.0816364401374472,,,,
extraheavy_long_baseline,piecewise,5.1,shift_h,550,550,10,0.09140893470790377,False,0.11111111111111116,,,,
extraheavy_long_baseline,piecewise,5.1,crew_veh_h,550,550,10,0.09140893470790377,False,-0.002026283310553323,,,,
extraheavy_long_baseline,piecewise,5.1,crew_team_h,425,380,11,0.1584192439862543,False,-0.0039351344529695576,,,,
extraheavy_long_baseline,piecewise,5.1,shift_ot_h,550,550,10,0.09140893470790377,False,0.08285853751625205,,,,
extraheavy_long_baseline,piecewise,6.364497,shift_h,550,550,10,0.09140893470790377,False,0.11111111111111116,,,,
extraheavy_long_baseline,piecewise,6.364497,crew_veh_h,550,550,10,0.09140893470790377,False,0.0014269419319821175,,,,
extraheavy_long_baseline,piecewise,6.364497,crew_team_h,300,380,11,0.1584192439862543,False,-0.001121461513288402,,,,
extraheavy_long_baseline,piecewise,6.364497,shift_ot_h,550,550,10,0.09140893470790377,False,0.08368104702968182,,,,
extraheavy_long_baseline,piecewise,7.942513,shift_h,550,550,10,0.09140893470790377,False,0.11111111111111116,,,,
extraheavy_long_baseline,piecewise,7.942513,crew_veh_h,550,550,10,0.09140893470790377,False,0.005451530610500077,,,,
extraheavy_long_baseline,piecewise,7.942513,crew_team_h,300,325,12,0.18419243986254297,False,0.0022345472547520284,,,,
extraheavy_long_baseline,piecewise,7.942513,shift_ot_h,550,550,10,0.09140893470790377,False,0.0846426707153165,,,,
extraheavy_long_baseline,piecewise,9.911784,shift_h,550,550,10,0.09140893470790377,False,0.11111111111111094,,,,
extraheavy_long_baseline,piecewise,9.911784,crew_veh_h,550,550,10,0.09140893470790377,False,0.010077851987811304,,,,
extraheavy_long_baseline,piecewise,9.911784,crew_team_h,325,325,12,0.18419243986254297,False,0.00556415885074335,,,,
extraheavy_long_baseline,piecewise,9.911784,shift_ot_h,550,550,10,0.09140893470790377,False,0.08575211200019672,,,,
extraheavy_long_baseline,piecewise,12.369317,shift_h,550,550,10,0.09140893470790377,False,0.11111111111111116,,,,
extraheavy_long_baseline,piecewise,12.369317,crew_veh_h,550,550,10,0.09140893470790377,False,0.015312414627435489,,,,
extraheavy_long_baseline,piecewise,12.369317,crew_team_h,MX2,325,12,0.18419243986254297,False,0.009592101560261357,,,,
extraheavy_long_baseline,piecewise,12.369317,shift_ot_h,550,550,10,0.09140893470790377,False,0.08701265889119636,,,,
extraheavy_long_baseline,piecewise,15.436172,shift_h,550,550,10,0.09140893470790377,False,0.11111111111111116,,,,
extraheavy_long_baseline,piecewise,15.436172,crew_veh_h,550,380,11,0.1584192439862543,False,0.01878557654063484,,,,
extraheavy_long_baseline,piecewise,15.436172,crew_team_h,MX2,325,12,0.18419243986254297,False,0.01446845760782689,,,,
extraheavy_long_baseline,piecewise,15.436172,shift_ot_h,550,550,10,0.09140893470790377,False,0.08842023548759559,,,,
extraheavy_long_baseline,piecewise,19.263424,shift_h,550,380,11,0.1584192439862543,False,0.10225786486060628,,,,
extraheavy_long_baseline,piecewise,19.263424,crew_veh_h,MX2,380,11,0.1584192439862543,False,0.021109999752973563,,,,
extraheavy_long_baseline,piecewise,19.263424,crew_team_h,MX2,325,12,0.18419243986254297,False,0.019879639953162664,,,,
extraheavy_long_baseline,piecewise,19.263424,shift_ot_h,550,380,11,0.1584192439862543,False,0.08682097867005134,,,,
extraheavy_long_baseline,piecewise,24.039607,shift_h,380,380,11,0.1584192439862543,False,0.10000000000000009,,,,
extraheavy_long_baseline,piecewise,24.039607,crew_veh_h,MX2,380,11,0.1584192439862543,False,0.0295231884891749,,,,
extraheavy_long_baseline,piecewise,24.039607,crew_team_h,MX2,325,12,0.18419243986254297,False,0.02576536257729356,,,,
extraheavy_long_baseline,piecewise,24.039607,shift_ot_h,380,380,11,0.1584192439862543,False,0.08032503343550723,,,,
extraheavy_long_baseline,piecewise,30.0,shift_h,380,380,11,0.1584192439862543,False,0.09999999999999987,,,,
extraheavy_long_baseline,piecewise,30.0,crew_veh_h,MX2,380,11,0.1584192439862543,False,0.03862542432645499,,,,
extraheavy_long_baseline,piecewise,30.0,crew_team_h,MX2,325,12,0.18419243986254297,False,0.032029546452399194,,,,
extraheavy_long_baseline,piecewise,30.0,shift_ot_h,380,380,11,0.1584192439862543,False,0.08176795395658853,,,,
extraheavy_long_baseline,power_0.72,5.1,shift_h,550,550,10,0.09140893470790377,False,0.11111111111111116,,,,
extraheavy_long_baseline,power_0.72,5.1,crew_veh_h,550,550,10,0.09140893470790377,False,-0.0033294566756344457,,,,
extraheavy_long_baseline,power_0.72,5.1,crew_team_h,500,380,11,0.1584192439862543,False,-0.001722636652203735,,,,
extraheavy_long_baseline,power_0.72,5.1,shift_ot_h,550,550,10,0.09140893470790377,False,0.08254876043111126,,,,
extraheavy_long_baseline,power_0.72,6.364497,shift_h,550,550,10,0.09140893470790377,False,0.11111111111111116,,,,
extraheavy_long_baseline,power_0.72,6.364497,crew_veh_h,550,550,10,0.09140893470790377,False,-0.00010528349629113087,,,,
extraheavy_long_baseline,power_0.72,6.364497,crew_team_h,425,380,11,0.1584192439862543,False,-0.0016392026978769847,,,,
extraheavy_long_baseline,power_0.72,6.364497,shift_ot_h,550,550,10,0.09140893470790377,False,0.08331579754499896,,,,
extraheavy_long_baseline,power_0.72,7.942513,shift_h,550,550,10,0.09140893470790377,False,0.11111111111111116,,,,
extraheavy_long_baseline,power_0.72,7.942513,crew_veh_h,550,550,10,0.09140893470790377,False,0.003672126599673531,,,,
extraheavy_long_baseline,power_0.72,7.942513,crew_team_h,380,380,11,0.1584192439862543,False,0.0012903858390456158,,,,
extraheavy_long_baseline,power_0.72,7.942513,shift_ot_h,550,550,10,0.09140893470790377,False,0.0842171026948546,,,,
extraheavy_long_baseline,power_0.72,9.911784,shift_h,550,550,10,0.09140893470790377,False,0.11111111111111116,,,,
extraheavy_long_baseline,power_0.72,9.911784,crew_veh_h,550,550,10,0.09140893470790377,False,0.008040831055524666,,,,
extraheavy_long_baseline,power_0.72,9.911784,crew_team_h,380,380,11,0.1584192439862543,False,0.005022316619491374,,,,
extraheavy_long_baseline,power_0.72,9.911784,shift_ot_h,550,550,10,0.09140893470790377,False,0.08526307853168524,,,,
extraheavy_long_baseline,power_0.72,12.369317,shift_h,550,550,10,0.09140893470790377,False,0.11111111111111116,,,,
extraheavy_long_baseline,power_0.72,12.369317,crew_veh_h,550,550,10,0.09140893470790377,False,0.013018444822691766,,,,
extraheavy_long_baseline,power_0.72,12.369317,crew_team_h,MX2,380,11,0.1584192439862543,False,0.010463878747750233,,,,
extraheavy_long_baseline,power_0.72,12.369317,shift_ot_h,550,550,10,0.09140893470790377,False,0.086459555467155,,,,
extraheavy_long_baseline,power_0.72,15.436172,shift_h,550,550,10,0.09140893470790377,False,0.11111111111111116,,,,
extraheavy_long_baseline,power_0.72,15.436172,crew_veh_h,550,550,10,0.09140893470790377,False,0.018594188518345822,,,,
extraheavy_long_baseline,power_0.72,15.436172,crew_team_h,MX2,325,12,0.18419243986254297,False,0.01620444567940349,,,,
extraheavy_long_baseline,power_0.72,15.436172,shift_ot_h,550,550,10,0.09140893470790377,False,0.08780580491099022,,,,
extraheavy_long_baseline,power_0.72,19.263424,shift_h,550,550,10,0.09140893470790377,False,0.11111111111111116,,,,
extraheavy_long_baseline,power_0.72,19.263424,crew_veh_h,550,550,10,0.09140893470790377,False,0.024722181252230913,,,,
extraheavy_long_baseline,power_0.72,19.263424,crew_team_h,MX2,325,12,0.18419243986254297,False,0.021959051405546104,,,,
extraheavy_long_baseline,power_0.72,19.263424,shift_ot_h,550,550,10,0.09140893470790377,False,0.08929275732579489,,,,
extraheavy_long_baseline,power_0.72,24.039607,shift_h,550,550,10,0.09140893470790377,False,0.11111111111111094,,,,
extraheavy_long_baseline,power_0.72,24.039607,crew_veh_h,MX2,380,11,0.1584192439862543,False,0.024537860499209696,,,,
extraheavy_long_baseline,power_0.72,24.039607,crew_team_h,MX2,325,12,0.18419243986254297,False,0.028233809253626063,,,,
extraheavy_long_baseline,power_0.72,24.039607,shift_ot_h,550,550,10,0.09140893470790377,False,0.09090186894232355,,,,
extraheavy_long_baseline,power_0.72,30.0,shift_h,380,380,11,0.1584192439862543,False,0.09999999999999987,,,,
extraheavy_long_baseline,power_0.72,30.0,crew_veh_h,MX2,380,11,0.1584192439862543,False,0.03294470239968539,,,,
extraheavy_long_baseline,power_0.72,30.0,crew_team_h,MX2,325,12,0.18419243986254297,False,0.03492984874805827,,,,
extraheavy_long_baseline,power_0.72,30.0,shift_ot_h,550,380,11,0.1584192439862543,False,0.08350239654434088,,,,
extraheavy_long_baseline,power_0.84,5.1,shift_h,550,550,10,0.09140893470790377,False,0.11111111111111116,,,,
extraheavy_long_baseline,power_0.84,5.1,crew_veh_h,550,550,10,0.09140893470790377,False,-0.0021491217960794007,,,,
extraheavy_long_baseline,power_0.84,5.1,crew_team_h,425,380,11,0.1584192439862543,False,-0.003672585875142298,,,,
extraheavy_long_baseline,power_0.84,5.1,shift_ot_h,550,550,10,0.09140893470790377,False,0.08282932311322933,,,,
extraheavy_long_baseline,power_0.84,6.364497,shift_h,550,550,10,0.09140893470790377,False,0.11111111111111116,,,,
extraheavy_long_baseline,power_0.84,6.364497,crew_veh_h,550,550,10,0.09140893470790377,False,0.001282829032634769,,,,
extraheavy_long_baseline,power_0.84,6.364497,crew_team_h,300,380,11,0.1584192439862543,False,-0.0009484103694521462,,,,
extraheavy_long_baseline,power_0.84,6.364497,shift_ot_h,550,550,10,0.09140893470790377,False,0.08364667354549593,,,,
extraheavy_long_baseline,power_0.84,7.942513,shift_h,550,550,10,0.09140893470790377,False,0.11111111111111094,,,,
extraheavy_long_baseline,power_0.84,7.942513,crew_veh_h,550,550,10,0.09140893470790377,False,0.005284597698200111,,,,
extraheavy_long_baseline,power_0.84,7.942513,crew_team_h,MX2,325,12,0.18419243986254297,False,0.0026127529718784626,,,,
extraheavy_long_baseline,power_0.84,7.942513,shift_ot_h,550,550,10,0.09140893470790377,False,0.0846027193485992,,,,
extraheavy_long_baseline,power_0.84,9.911784,shift_h,550,550,10,0.09140893470790377,False,0.11111111111111116,,,,
extraheavy_long_baseline,power_0.84,9.911784,crew_veh_h,550,550,10,0.09140893470790377,False,0.009887314924134083,,,,
extraheavy_long_baseline,power_0.84,9.911784,crew_team_h,MX2,325,12,0.18419243986254297,False,0.006594385010092463,,,,
extraheavy_long_baseline,power_0.84,9.911784,shift_ot_h,550,550,10,0.09140893470790377,False,0.08570633352753809,,,,
extraheavy_long_baseline,power_0.84,12.369317,shift_h,550,550,10,0.09140893470790377,False,0.11111111111111094,,,,
extraheavy_long_baseline,power_0.84,12.369317,crew_veh_h,550,550,10,0.09140893470790377,False,0.01509856230633888,,,,
extraheavy_long_baseline,power_0.84,12.369317,crew_team_h,MX2,325,12,0.18419243986254297,False,0.011166452418501116,,,,
extraheavy_long_baseline,power_0.84,12.369317,shift_ot_h,550,550,10,0.09140893470790377,False,0.08696105112731778,,,,
extraheavy_long_baseline,power_0.84,15.436172,shift_h,550,550,10,0.09140893470790377,False,0.11111111111111094,,,,
extraheavy_long_baseline,power_0.84,15.436172,crew_veh_h,550,550,10,0.09140893470790377,False,0.02089469757510143,,,,
extraheavy_long_baseline,power_0.84,15.436172,crew_team_h,MX2,325,12,0.18419243986254297,False,0.016333351788253125,,,,
extraheavy_long_baseline,power_0.84,15.436172,shift_ot_h,550,550,10,0.09140893470790377,False,0.08836311446497658,,,,
extraheavy_long_baseline,power_0.84,19.263424,shift_h,550,380,11,0.1584192439862543,False,0.10682028266624854,,,,
extraheavy_long_baseline,power_0.84,19.263424,crew_veh_h,MX2,380,11,0.1584192439862543,False,0.02301750504690636,,,,
extraheavy_long_baseline,power_0.84,19.263424,crew_team_h,MX2,325,12,0.18419243986254297,False,0.02206816403421885,,,,
extraheavy_long_baseline,power_0.84,19.263424,shift_ot_h,550,550,10,0.09140893470790377,False,0.08989988517382375,,,,
extraheavy_long_baseline,power_0.84,24.039607,shift_h,380,380,11,0.1584192439862543,False,0.09999999999999987,,,,
extraheavy_long_baseline,power_0.84,24.039607,crew_veh_h,MX2,380,11,0.1584192439862543,False,0.03175846293102591,,,,
extraheavy_long_baseline,power_0.84,24.039607,crew_team_h,MX2,325,12,0.18419243986254297,False,0.0283073559862006,,,,
extraheavy_long_baseline,power_0.84,24.039607,shift_ot_h,380,380,11,0.1584192439862543,False,0.08034896395236713,,,,
extraheavy_long_baseline,power_0.84,30.0,shift_h,380,380,11,0.1584192439862543,False,0.10000000000000009,,,,
extraheavy_long_baseline,power_0.84,30.0,crew_veh_h,MX2,380,11,0.1584192439862543,False,0.04121756907038465,,,,
extraheavy_long_baseline,power_0.84,30.0,crew_team_h,MX2,325,12,0.18419243986254297,False,0.03494940770203425,,,,
extraheavy_long_baseline,power_0.84,30.0,shift_ot_h,380,380,11,0.1584192439862543,False,0.08179359325624636,,,,
extraheavy_long_baseline,power_0.96,5.1,shift_h,550,550,10,0.09140893470790377,False,0.11111111111111116,,,,
extraheavy_long_baseline,power_0.96,5.1,crew_veh_h,550,550,10,0.09140893470790377,False,-0.0008909752752780387,,,,
extraheavy_long_baseline,power_0.96,5.1,crew_team_h,300,380,11,0.1584192439862543,False,-0.0004432353439762782,,,,
extraheavy_long_baseline,power_0.96,5.1,shift_ot_h,550,550,10,0.09140893470790377,False,0.08312868819659558,,,,
extraheavy_long_baseline,power_0.96,6.364497,shift_h,550,550,10,0.09140893470790377,False,0.11111111111111116,,,,
extraheavy_long_baseline,power_0.96,6.364497,crew_veh_h,550,550,10,0.09140893470790377,False,0.002755772393235656,,,,
extraheavy_long_baseline,power_0.96,6.364497,crew_team_h,300,325,12,0.18419243986254297,False,0.0017535810864053314,,,,
extraheavy_long_baseline,power_0.96,6.364497,shift_ot_h,550,550,10,0.09140893470790377,False,0.08399819336557734,,,,
extraheavy_long_baseline,power_0.96,7.942513,shift_h,550,550,10,0.09140893470790377,False,0.11111111111111116,,,,
extraheavy_long_baseline,power_0.96,7.942513,crew_veh_h,550,550,10,0.09140893470790377,False,0.00698661059483463,,,,
extraheavy_long_baseline,power_0.96,7.942513,crew_team_h,300,325,12,0.18419243986254297,False,0.004287236588406129,,,,
extraheavy_long_baseline,power_0.96,7.942513,shift_ot_h,550,550,10,0.09140893470790377,False,0.08501031899991673,,,,
extraheavy_long_baseline,power_0.96,9.911784,shift_h,550,550,10,0.09140893470790377,False,0.11111111111111116,,,,
extraheavy_long_baseline,power_0.96,9.911784,crew_veh_h,550,550,10,0.09140893470790377,False,0.01182455034010399,,,,
extraheavy_long_baseline,power_0.96,9.911784,crew_team_h,300,325,12,0.18419243986254297,False,0.007227524840276001,,,,
extraheavy_long_baseline,power_0.96,9.911784,shift_ot_h,550,550,10,0.09140893470790377,False,0.0861721179225019,,,,
extraheavy_long_baseline,power_0.96,12.369317,shift_h,550,550,10,0.09140893470790377,False,0.11111111111111116,,,,
extraheavy_long_baseline,power_0.96,12.369317,crew_veh_h,550,380,11,0.1584192439862543,False,0.016852694390631973,,,,
extraheavy_long_baseline,power_0.96,12.369317,crew_team_h,MX2,325,12,0.18419243986254297,False,0.01095221769815935,,,,
extraheavy_long_baseline,power_0.96,12.369317,shift_ot_h,550,550,10,0.09140893470790377,False,0.08748453523860933,,,,
extraheavy_long_baseline,power_0.96,15.436172,shift_h,550,380,11,0.1584192439862543,False,0.10419324424239873,,,,
extraheavy_long_baseline,power_0.96,15.436172,crew_veh_h,MX2,380,11,0.1584192439862543,False,0.02032100868969744,,,,
extraheavy_long_baseline,power_0.96,15.436172,crew_team_h,MX2,325,12,0.18419243986254297,False,0.016045550225709748,,,,
extraheavy_long_baseline,power_0.96,15.436172,shift_ot_h,550,380,11,0.1584192439862543,False,0.08793296468172751,,,,
extraheavy_long_baseline,power_0.96,19.263424,shift_h,380,380,11,0.1584192439862543,False,0.10000000000000009,,,,
extraheavy_long_baseline,power_0.96,19.263424,crew_veh_h,MX2,380,11,0.1584192439862543,False,0.029110888387856804,,,,
extraheavy_long_baseline,power_0.96,19.263424,crew_team_h,MX2,325,12,0.18419243986254297,False,0.02168635013875808,,,,
extraheavy_long_baseline,power_0.96,19.263424,shift_ot_h,380,380,11,0.1584192439862543,False,0.07925251597079974,,,,
extraheavy_long_baseline,power_0.96,24.039607,shift_h,380,380,11,0.1584192439862543,False,0.10000000000000009,,,,
extraheavy_long_baseline,power_0.96,24.039607,crew_veh_h,MX2,380,11,0.1584192439862543,False,0.038797711779521515,,,,
extraheavy_long_baseline,power_0.96,24.039607,crew_team_h,MX2,325,12,0.18419243986254297,False,0.027808542918748014,,,,
extraheavy_long_baseline,power_0.96,24.039607,shift_ot_h,380,380,11,0.1584192439862543,False,0.08060874950198449,,,,
extraheavy_long_baseline,power_0.96,30.0,shift_h,380,380,11,0.1584192439862543,False,0.10000000000000009,,,,
extraheavy_long_baseline,power_0.96,30.0,crew_veh_h,MX2,380,11,0.1584192439862543,False,0.04925474186962875,,,,
extraheavy_long_baseline,power_0.96,30.0,crew_team_h,MX2,325,12,0.18419243986254297,False,0.03430924774125721,,,,
extraheavy_long_baseline,power_0.96,30.0,shift_ot_h,380,380,11,0.1584192439862543,False,0.08207130265792362,,,,
extraheavy_long_tight,affine,5.1,shift_h,500,500,12,0.10824742268041238,False,0.09090909090909083,,,,
extraheavy_long_tight,affine,5.1,crew_veh_h,550,500,12,0.10824742268041238,False,0.010648003673972006,,,,
extraheavy_long_tight,affine,5.1,crew_team_h,380,380,13,0.1584192439862543,False,0.00039552346993909637,,,,
extraheavy_long_tight,affine,5.1,shift_ot_h,500,500,12,0.10824742268041238,False,0.08682811941662694,,,,
extraheavy_long_tight,affine,6.364497,shift_h,500,500,12,0.10824742268041238,False,0.09090909090909083,,,,
extraheavy_long_tight,affine,6.364497,crew_veh_h,550,500,12,0.10824742268041238,False,0.010494894212769834,,,,
extraheavy_long_tight,affine,6.364497,crew_team_h,MX2,300,14,0.19347079037800688,False,0.0011140257673800669,,,,
extraheavy_long_tight,affine,6.364497,shift_ot_h,500,500,12,0.10824742268041238,False,0.08694036506218517,,,,
extraheavy_long_tight,affine,7.942513,shift_h,500,500,12,0.10824742268041238,False,0.09090909090909083,,,,
extraheavy_long_tight,affine,7.942513,crew_veh_h,550,500,12,0.10824742268041238,False,0.010318280666328006,,,,
extraheavy_long_tight,affine,7.942513,crew_team_h,MX2,300,14,0.19347079037800688,False,0.0025501293508702894,,,,
extraheavy_long_tight,affine,7.942513,shift_ot_h,500,500,12,0.10824742268041238,False,0.087072067635096,,,,
extraheavy_long_tight,affine,9.911784,shift_h,500,500,12,0.10824742268041238,False,0.09090909090909105,,,,
extraheavy_long_tight,affine,9.911784,crew_veh_h,500,500,12,0.10824742268041238,False,0.0138418491329928,,,,
extraheavy_long_tight,affine,9.911784,crew_team_h,300,300,14,0.19347079037800688,False,0.0042276485399384,,,,
extraheavy_long_tight,affine,9.911784,shift_ot_h,500,500,12,0.10824742268041238,False,0.0872246514501438,,,,
extraheavy_long_tight,affine,12.369317,shift_h,500,500,12,0.10824742268041238,False,0.09090909090909083,,,,
extraheavy_long_tight,affine,12.369317,crew_veh_h,500,500,12,0.10824742268041238,False,0.018035762799427202,,,,
extraheavy_long_tight,affine,12.369317,crew_team_h,300,300,14,0.19347079037800688,False,0.0077076401085554025,,,,
extraheavy_long_tight,affine,12.369317,shift_ot_h,500,500,12,0.10824742268041238,False,0.08739885011794235,,,,
extraheavy_long_tight,affine,15.436172,shift_h,500,500,12,0.10824742268041238,False,0.09090909090909105,,,,
extraheavy_long_tight,affine,15.436172,crew_veh_h,500,500,12,0.10824742268041238,False,0.02266998529474762,,,,
extraheavy_long_tight,affine,15.436172,crew_team_h,300,300,14,0.19347079037800688,False,0.01160947265483836,,,,
extraheavy_long_tight,affine,15.436172,shift_ot_h,500,500,12,0.10824742268041238,False,0.08759442243755822,,,,
extraheavy_long_tight,affine,19.263424,shift_h,500,500,12,0.10824742268041238,False,0.09090909090909083,,,,
extraheavy_long_tight,affine,19.263424,crew_veh_h,380,380,13,0.1584192439862543,False,0.020039627720438213,,,,
extraheavy_long_tight,affine,19.263424,crew_team_h,300,300,14,0.19347079037800688,False,0.015902243286913587,,,,
extraheavy_long_tight,affine,19.263424,shift_ot_h,500,500,12,0.10824742268041238,False,0.08780990493522345,,,,
extraheavy_long_tight,affine,24.039607,shift_h,500,500,12,0.10824742268041238,False,0.09090909090909083,,,,
extraheavy_long_tight,affine,24.039607,crew_veh_h,MX2,380,13,0.1584192439862543,False,0.028962235455637364,,,,
extraheavy_long_tight,affine,24.039607,crew_team_h,300,300,14,0.19347079037800688,False,0.02052786537948048,,,,
extraheavy_long_tight,affine,24.039607,shift_ot_h,500,500,12,0.10824742268041238,False,0.08804246582732156,,,,
extraheavy_long_tight,affine,30.0,shift_h,380,380,13,0.1584192439862543,False,0.08333333333333326,,,,
extraheavy_long_tight,affine,30.0,crew_veh_h,MX2,380,13,0.1584192439862543,False,0.03971520228578429,,,,
extraheavy_long_tight,affine,30.0,crew_team_h,300,300,14,0.19347079037800688,False,0.025401726344184805,,,,
extraheavy_long_tight,affine,30.0,shift_ot_h,380,380,13,0.1584192439862543,False,0.08018534267829214,,,,
extraheavy_long_tight,piecewise,5.1,shift_h,500,500,12,0.10824742268041238,False,0.09090909090909083,,,,
extraheavy_long_tight,piecewise,5.1,crew_veh_h,550,500,12,0.10824742268041238,False,0.010027539649070771,,,,
extraheavy_long_tight,piecewise,5.1,crew_team_h,MX2,300,14,0.19347079037800688,False,-0.00038390399562360233,,,,
extraheavy_long_tight,piecewise,5.1,shift_ot_h,500,500,12,0.10824742268041238,False,0.08684343342662637,,,,
extraheavy_long_tight,piecewise,6.364497,shift_h,500,500,12,0.10824742268041238,False,0.09090909090909083,,,,
extraheavy_long_tight,piecewise,6.364497,crew_veh_h,550,500,12,0.10824742268041238,False,0.009749621162866262,,,,
extraheavy_long_tight,piecewise,6.364497,crew_team_h,MX2,300,14,0.19347079037800688,False,0.0007850600219236892,,,,
extraheavy_long_tight,piecewise,6.364497,shift_ot_h,500,500,12,0.10824742268041238,False,0.08695842473573023,,,,
extraheavy_long_tight,piecewise,7.942513,shift_h,500,500,12,0.10824742268041238,False,0.09090909090909105,,,,
extraheavy_long_tight,piecewise,7.942513,crew_veh_h,500,500,12,0.10824742268041238,False,0.010632825087944608,,,,
extraheavy_long_tight,piecewise,7.942513,crew_team_h,MX2,300,14,0.19347079037800688,False,0.0021517274842843825,,,,
extraheavy_long_tight,piecewise,7.942513,shift_ot_h,500,500,12,0.10824742268041238,False,0.0870931142613407,,,,
extraheavy_long_tight,piecewise,9.911784,shift_h,500,500,12,0.10824742268041238,False,0.09090909090909083,,,,
extraheavy_long_tight,piecewise,9.911784,crew_veh_h,500,500,12,0.10824742268041238,False,0.014428047255933274,,,,
extraheavy_long_tight,piecewise,9.911784,crew_team_h,300,300,14,0.19347079037800688,False,0.00432319415974125,,,,
extraheavy_long_tight,piecewise,9.911784,shift_ot_h,500,500,12,0.10824742268041238,False,0.08724884269370836,,,,
extraheavy_long_tight,piecewise,12.369317,shift_h,500,500,12,0.10824742268041238,False,0.09090909090909105,,,,
extraheavy_long_tight,piecewise,12.369317,crew_veh_h,500,500,12,0.10824742268041238,False,0.01868895589698072,,,,
extraheavy_long_tight,piecewise,12.369317,crew_team_h,300,300,14,0.19347079037800688,False,0.007815706085044782,,,,
extraheavy_long_tight,piecewise,12.369317,shift_ot_h,500,500,12,0.10824742268041238,False,0.0874262182165213,,,,
extraheavy_long_tight,piecewise,15.436172,shift_h,500,500,12,0.10824742268041238,False,0.09090909090909083,,,,
extraheavy_long_tight,piecewise,15.436172,crew_veh_h,500,380,13,0.1584192439862543,False,0.019436345812215317,,,,
extraheavy_long_tight,piecewise,15.436172,crew_team_h,300,300,14,0.19347079037800688,False,0.011729523117604224,,,,
extraheavy_long_tight,piecewise,15.436172,shift_ot_h,500,500,12,0.10824742268041238,False,0.08762483417260603,,,,
extraheavy_long_tight,piecewise,19.263424,shift_h,500,500,12,0.10824742268041238,False,0.09090909090909105,,,,
extraheavy_long_tight,piecewise,19.263424,crew_veh_h,MX2,380,13,0.1584192439862543,False,0.023046984922114877,,,,
extraheavy_long_tight,piecewise,19.263424,crew_team_h,300,300,14,0.19347079037800688,False,0.016032972988200056,,,,
extraheavy_long_tight,piecewise,19.263424,shift_ot_h,500,500,12,0.10824742268041238,False,0.08784303223106749,,,,
extraheavy_long_tight,piecewise,24.039607,shift_h,500,380,13,0.1584192439862543,False,0.08469944173858601,,,,
extraheavy_long_tight,piecewise,24.039607,crew_veh_h,MX2,380,13,0.1584192439862543,False,0.03374001602770571,,,,
extraheavy_long_tight,piecewise,24.039607,crew_team_h,300,300,14,0.19347079037800688,False,0.02066716620550557,,,,
extraheavy_long_tight,piecewise,24.039607,shift_ot_h,500,380,13,0.1584192439862543,False,0.08287850581066114,,,,
extraheavy_long_tight,piecewise,30.0,shift_h,380,380,13,0.1584192439862543,False,0.08333333333333304,,,,
extraheavy_long_tight,piecewise,30.0,crew_veh_h,MX2,380,13,0.1584192439862543,False,0.045162108667059275,,,,
extraheavy_long_tight,piecewise,30.0,crew_team_h,300,300,14,0.19347079037800688,False,0.025546766193747406,,,,
extraheavy_long_tight,piecewise,30.0,shift_ot_h,380,380,13,0.1584192439862543,False,0.08020861583133643,,,,
extraheavy_long_tight,power_0.72,5.1,shift_h,500,500,12,0.10824742268041238,False,0.09090909090909083,,,,
extraheavy_long_tight,power_0.72,5.1,crew_veh_h,550,500,12,0.10824742268041238,False,0.012399238704693838,,,,
extraheavy_long_tight,power_0.72,5.1,crew_team_h,380,380,13,0.1584192439862543,False,0.00020831287346911864,,,,
extraheavy_long_tight,power_0.72,5.1,shift_ot_h,500,500,12,0.10824742268041238,False,0.08680733886611747,,,,
extraheavy_long_tight,power_0.72,6.364497,shift_h,500,500,12,0.10824742268041238,False,0.09090909090909083,,,,
extraheavy_long_tight,power_0.72,6.364497,crew_veh_h,550,500,12,0.10824742268041238,False,0.012605582587532416,,,,
extraheavy_long_tight,power_0.72,6.364497,crew_team_h,MX2,300,14,0.19347079037800688,False,0.002611438198280247,,,,
extraheavy_long_tight,power_0.72,6.364497,shift_ot_h,500,500,12,0.10824742268041238,False,0.08691581239538015,,,,
extraheavy_long_tight,power_0.72,7.942513,shift_h,500,500,12,0.10824742268041238,False,0.09090909090909083,,,,
extraheavy_long_tight,power_0.72,7.942513,crew_veh_h,550,500,12,0.10824742268041238,False,0.012844472203972224,,,,
extraheavy_long_tight,power_0.72,7.942513,crew_team_h,MX2,300,14,0.19347079037800688,False,0.0043579392048840315,,,,
extraheavy_long_tight,power_0.72,7.942513,shift_ot_h,500,500,12,0.10824742268041238,False,0.08704339058524813,,,,
extraheavy_long_tight,power_0.72,9.911784,shift_h,500,500,12,0.10824742268041238,False,0.09090909090909105,,,,
extraheavy_long_tight,power_0.72,9.911784,crew_veh_h,550,500,12,0.10824742268041238,False,0.013116980113603738,,,,
extraheavy_long_tight,power_0.72,9.911784,crew_team_h,MX2,300,14,0.19347079037800688,False,0.00637581831799916,,,,
extraheavy_long_tight,power_0.72,9.911784,shift_ot_h,500,500,12,0.10824742268041238,False,0.08719160487098887,,,,
extraheavy_long_tight,power_0.72,12.369317,shift_h,500,500,12,0.10824742268041238,False,0.09090909090909105,,,,
extraheavy_long_tight,power_0.72,12.369317,crew_veh_h,500,500,12,0.10824742268041238,False,0.017138340202242697,,,,
extraheavy_long_tight,power_0.72,12.369317,crew_team_h,MX2,300,14,0.19347079037800688,False,0.008672326694591614,,,,
extraheavy_long_tight,power_0.72,12.369317,shift_ot_h,500,500,12,0.10824742268041238,False,0.08736135385758725,,,,
extraheavy_long_tight,power_0.72,15.436172,shift_h,500,500,12,0.10824742268041238,False,0.09090909090909083,,,,
extraheavy_long_tight,power_0.72,15.436172,crew_veh_h,500,500,12,0.10824742268041238,False,0.021685922348749775,,,,
extraheavy_long_tight,power_0.72,15.436172,crew_team_h,300,300,14,0.19347079037800688,False,0.01155000118740146,,,,
extraheavy_long_tight,power_0.72,15.436172,shift_ot_h,500,500,12,0.10824742268041238,False,0.08755261854901697,,,,
extraheavy_long_tight,power_0.72,19.263424,shift_h,500,500,12,0.10824742268041238,False,0.09090909090909083,,,,
extraheavy_long_tight,power_0.72,19.263424,crew_veh_h,500,500,12,0.10824742268041238,False,0.0266307894799378,,,,
extraheavy_long_tight,power_0.72,19.263424,crew_team_h,300,300,14,0.19347079037800688,False,0.015837451922057655,,,,
extraheavy_long_tight,power_0.72,19.263424,shift_ot_h,500,500,12,0.10824742268041238,False,0.08776420240075966,,,,
extraheavy_long_tight,power_0.72,24.039607,shift_h,500,500,12,0.10824742268041238,False,0.09090909090909105,,,,
extraheavy_long_tight,power_0.72,24.039607,crew_veh_h,MX2,380,13,0.1584192439862543,False,0.02674790411675798,,,,
extraheavy_long_tight,power_0.72,24.039607,crew_team_h,300,300,14,0.19347079037800688,False,0.020458792125318315,,,,
extraheavy_long_tight,power_0.72,24.039607,shift_ot_h,500,500,12,0.10824742268041238,False,0.08799355894464034,,,,
extraheavy_long_tight,power_0.72,30.0,shift_h,500,500,12,0.10824742268041238,False,0.09090909090909083,,,,
extraheavy_long_tight,power_0.72,30.0,crew_veh_h,MX2,380,13,0.1584192439862543,False,0.03722871637068237,,,,
extraheavy_long_tight,power_0.72,30.0,crew_team_h,300,300,14,0.19347079037800688,False,0.025329770123775797,,,,
extraheavy_long_tight,power_0.72,30.0,shift_ot_h,500,500,12,0.10824742268041238,False,0.08823677259958318,,,,
extraheavy_long_tight,power_0.84,5.1,shift_h,500,500,12,0.10824742268041238,False,0.09090909090909105,,,,
extraheavy_long_tight,power_0.84,5.1,crew_veh_h,550,500,12,0.10824742268041238,False,0.010732969103502077,,,,
extraheavy_long_tight,power_0.84,5.1,crew_team_h,MX2,300,14,0.19347079037800688,False,0.00024759930129114593,,,,
extraheavy_long_tight,power_0.84,5.1,shift_ot_h,500,500,12,0.10824742268041238,False,0.08684153903471548,,,,
extraheavy_long_tight,power_0.84,6.364497,shift_h,500,500,12,0.10824742268041238,False,0.09090909090909083,,,,
extraheavy_long_tight,power_0.84,6.364497,crew_veh_h,550,500,12,0.10824742268041238,False,0.010597874681288921,,,,
extraheavy_long_tight,power_0.84,6.364497,crew_team_h,MX2,300,14,0.19347079037800688,False,0.001550601179949096,,,,
extraheavy_long_tight,power_0.84,6.364497,shift_ot_h,500,500,12,0.10824742268041238,False,0.08695619226466,,,,
extraheavy_long_tight,power_0.84,7.942513,shift_h,500,500,12,0.10824742268041238,False,0.09090909090909083,,,,
extraheavy_long_tight,power_0.84,7.942513,crew_veh_h,500,500,12,0.10824742268041238,False,0.010569034357149842,,,,
extraheavy_long_tight,power_0.84,7.942513,crew_team_h,MX2,300,14,0.19347079037800688,False,0.003074156602585587,,,,
extraheavy_long_tight,power_0.84,7.942513,shift_ot_h,500,500,12,0.10824742268041238,False,0.08709051469513063,,,,
extraheavy_long_tight,power_0.84,9.911784,shift_h,500,500,12,0.10824742268041238,False,0.09090909090909083,,,,
extraheavy_long_tight,power_0.84,9.911784,crew_veh_h,500,500,12,0.10824742268041238,False,0.014355778603113878,,,,
extraheavy_long_tight,power_0.84,9.911784,crew_team_h,MX2,300,14,0.19347079037800688,False,0.004832138118932461,,,,
extraheavy_long_tight,power_0.84,9.911784,shift_ot_h,500,500,12,0.10824742268041238,False,0.08724585756736092,,,,
extraheavy_long_tight,power_0.84,12.369317,shift_h,500,500,12,0.10824742268041238,False,0.09090909090909105,,,,
extraheavy_long_tight,power_0.84,12.369317,crew_veh_h,500,500,12,0.10824742268041238,False,0.018608524419269745,,,,
extraheavy_long_tight,power_0.84,12.369317,crew_team_h,300,300,14,0.19347079037800688,False,0.007865320225907801,,,,
extraheavy_long_tight,power_0.84,12.369317,shift_ot_h,500,500,12,0.10824742268041238,False,0.08742284474435458,,,,
extraheavy_long_tight,power_0.84,15.436172,shift_h,500,500,12,0.10824742268041238,False,0.09090909090909083,,,,
extraheavy_long_tight,power_0.84,15.436172,crew_veh_h,500,380,13,0.1584192439862543,False,0.021925251469321783,,,,
extraheavy_long_tight,power_0.84,15.436172,crew_team_h,300,300,14,0.19347079037800688,False,0.011784617163185018,,,,
extraheavy_long_tight,power_0.84,15.436172,shift_ot_h,500,500,12,0.10824742268041238,False,0.08762109009896935,,,,
extraheavy_long_tight,power_0.84,19.263424,shift_h,500,500,12,0.10824742268041238,False,0.09090909090909083,,,,
extraheavy_long_tight,power_0.84,19.263424,crew_veh_h,MX2,380,13,0.1584192439862543,False,0.02506324403113247,,,,
extraheavy_long_tight,power_0.84,19.263424,crew_team_h,300,300,14,0.19347079037800688,False,0.016092941311725673,,,,
extraheavy_long_tight,power_0.84,19.263424,shift_ot_h,500,500,12,0.10824742268041238,False,0.0878389593033202,,,,
extraheavy_long_tight,power_0.84,24.039607,shift_h,500,380,13,0.1584192439862543,False,0.08774874622415152,,,,
extraheavy_long_tight,power_0.84,24.039607,crew_veh_h,MX2,380,13,0.1584192439862543,False,0.03608919488518536,,,,
extraheavy_long_tight,power_0.84,24.039607,crew_team_h,300,300,14,0.19347079037800688,False,0.020731035667990394,,,,
extraheavy_long_tight,power_0.84,24.039607,shift_ot_h,500,380,13,0.1584192439862543,False,0.0859077042120433,,,,
extraheavy_long_tight,power_0.84,30.0,shift_h,380,380,13,0.1584192439862543,False,0.08333333333333348,,,,
extraheavy_long_tight,power_0.84,30.0,crew_veh_h,MX2,380,13,0.1584192439862543,False,0.04786943725643167,,,,
extraheavy_long_tight,power_0.84,30.0,crew_team_h,300,300,14,0.19347079037800688,False,0.02561323345467459,,,,
extraheavy_long_tight,power_0.84,30.0,shift_ot_h,380,380,13,0.1584192439862543,False,0.08021315178967514,,,,
extraheavy_long_tight,power_0.96,5.1,shift_h,500,500,12,0.10824742268041238,False,0.09090909090909083,,,,
extraheavy_long_tight,power_0.96,5.1,crew_veh_h,550,500,12,0.10824742268041238,False,0.008832304118611134,,,,
extraheavy_long_tight,power_0.96,5.1,crew_team_h,MX2,300,14,0.19347079037800688,False,-0.0008178964544374168,,,,
extraheavy_long_tight,power_0.96,5.1,shift_ot_h,500,500,12,0.10824742268041238,False,0.08687773190842818,,,,
extraheavy_long_tight,power_0.96,6.364497,shift_h,500,500,12,0.10824742268041238,False,0.09090909090909083,,,,
extraheavy_long_tight,power_0.96,6.364497,crew_veh_h,550,500,12,0.10824742268041238,False,0.008319496440341467,,,,
extraheavy_long_tight,power_0.96,6.364497,crew_team_h,MX2,300,14,0.19347079037800688,False,0.0002560908256015182,,,,
extraheavy_long_tight,power_0.96,6.364497,shift_ot_h,500,500,12,0.10824742268041238,False,0.08699876785655825,,,,
extraheavy_long_tight,power_0.96,7.942513,shift_h,500,500,12,0.10824742268041238,False,0.09090909090909083,,,,
extraheavy_long_tight,power_0.96,7.942513,crew_veh_h,500,500,12,0.10824742268041238,False,0.011780569499346027,,,,
extraheavy_long_tight,power_0.96,7.942513,crew_team_h,MX2,300,14,0.19347079037800688,False,0.0015103320403409004,,,,
extraheavy_long_tight,power_0.96,7.942513,shift_ot_h,500,500,12,0.10824742268041238,False,0.0871399874150598,,,,
extraheavy_long_tight,power_0.96,9.911784,shift_h,500,500,12,0.10824742268041238,False,0.09090909090909083,,,,
extraheavy_long_tight,power_0.96,9.911784,crew_veh_h,500,500,12,0.10824742268041238,False,0.015724631517230803,,,,
extraheavy_long_tight,power_0.96,9.911784,crew_team_h,300,300,14,0.19347079037800688,False,0.00455519960286721,,,,
extraheavy_long_tight,power_0.96,9.911784,shift_ot_h,500,500,12,0.10824742268041238,False,0.08730253078967398,,,,
extraheavy_long_tight,power_0.96,12.369317,shift_h,500,500,12,0.10824742268041238,False,0.09090909090909105,,,,
extraheavy_long_tight,power_0.96,12.369317,crew_veh_h,500,380,13,0.1584192439862543,False,0.016873496002237864,,,,
extraheavy_long_tight,power_0.96,12.369317,crew_team_h,300,300,14,0.19347079037800688,False,0.008077891332368248,,,,
extraheavy_long_tight,power_0.96,12.369317,shift_ot_h,500,500,12,0.10824742268041238,False,0.08748671516414586,,,,
extraheavy_long_tight,power_0.96,15.436172,shift_h,500,500,12,0.10824742268041238,False,0.09090909090909083,,,,
extraheavy_long_tight,power_0.96,15.436172,crew_veh_h,MX2,380,13,0.1584192439862543,False,0.021880953559363592,,,,
extraheavy_long_tight,power_0.96,15.436172,crew_team_h,300,300,14,0.19347079037800688,False,0.012020508204393376,,,,
extraheavy_long_tight,power_0.96,15.436172,shift_ot_h,500,500,12,0.10824742268041238,False,0.08769176017206792,,,,
extraheavy_long_tight,power_0.96,19.263424,shift_h,500,380,13,0.1584192439862543,False,0.08539779426714356,,,,
extraheavy_long_tight,power_0.96,19.263424,crew_veh_h,MX2,380,13,0.1584192439862543,False,0.03310503484228855,,,,
extraheavy_long_tight,power_0.96,19.263424,crew_team_h,300,300,14,0.19347079037800688,False,0.01634951249450678,,,,
extraheavy_long_tight,power_0.96,19.263424,shift_ot_h,500,380,13,0.1584192439862543,False,0.08346835509003103,,,,
extraheavy_long_tight,power_0.96,24.039607,shift_h,380,380,13,0.1584192439862543,False,0.08333333333333326,,,,
extraheavy_long_tight,power_0.96,24.039607,crew_veh_h,MX2,MX2,15,0.14914089347079038,False,0.04451763363644412,,,,
extraheavy_long_tight,power_0.96,24.039607,crew_team_h,300,300,14,0.19347079037800688,False,0.021004080539079872,,,,
extraheavy_long_tight,power_0.96,24.039607,shift_ot_h,380,380,13,0.1584192439862543,False,0.08000310459838822,,,,
extraheavy_long_tight,power_0.96,30.0,shift_h,300,300,14,0.19347079037800688,False,0.07692307692307687,,,,
extraheavy_long_tight,power_0.96,30.0,crew_veh_h,MX2,300,14,0.19347079037800688,False,0.044281446781449185,,,,
extraheavy_long_tight,power_0.96,30.0,crew_team_h,300,300,14,0.19347079037800688,False,0.025897146503348623,,,,
extraheavy_long_tight,power_0.96,30.0,shift_ot_h,300,300,14,0.19347079037800688,False,0.0756731588496442,,,,
extraheavy_massdep_baseline,affine,5.1,shift_h,500,500,10,0.10824742268041238,False,0.11111111111111116,,,,
extraheavy_massdep_baseline,affine,5.1,crew_veh_h,550,550,10,0.09140893470790377,False,0.003790356592944466,,,,
extraheavy_massdep_baseline,affine,5.1,crew_team_h,425,380,11,0.1584192439862543,False,6.818043144019015e-05,,,,
extraheavy_massdep_baseline,affine,5.1,shift_ot_h,500,500,10,0.10824742268041238,False,0.08336285336301108,,,,
extraheavy_massdep_baseline,affine,6.364497,shift_h,500,500,10,0.10824742268041238,False,0.11111111111111116,,,,
extraheavy_massdep_baseline,affine,6.364497,crew_veh_h,550,550,10,0.09140893470790377,False,0.007175164905630416,,,,
extraheavy_massdep_baseline,affine,6.364497,crew_team_h,380,380,11,0.1584192439862543,False,0.0019048928924281228,,,,
extraheavy_massdep_baseline,affine,6.364497,shift_ot_h,500,500,10,0.10824742268041238,False,0.08409735847243072,,,,
extraheavy_massdep_baseline,affine,7.942513,shift_h,500,500,10,0.10824742268041238,False,0.11111111111111094,,,,
extraheavy_massdep_baseline,affine,7.942513,crew_veh_h,550,550,10,0.09140893470790377,False,0.011111068318155226,,,,
extraheavy_massdep_baseline,affine,7.942513,crew_team_h,380,380,11,0.1584192439862543,False,0.005360865647758173,,,,
extraheavy_massdep_baseline,affine,7.942513,shift_ot_h,500,500,10,0.10824742268041238,False,0.08496117906075273,,,,
extraheavy_massdep_baseline,affine,9.911784,shift_h,500,500,10,0.10824742268041238,False,0.11111111111111116,,,,
extraheavy_massdep_baseline,affine,9.911784,crew_veh_h,550,550,10,0.09140893470790377,False,0.015623588614996464,,,,
extraheavy_massdep_baseline,affine,9.911784,crew_team_h,380,380,11,0.1584192439862543,False,0.009346534917686,,,,
extraheavy_massdep_baseline,affine,9.911784,shift_ot_h,500,500,10,0.10824742268041238,False,0.08596466020328841,,,,
extraheavy_massdep_baseline,affine,12.369317,shift_h,500,500,10,0.10824742268041238,False,0.11111111111111116,,,,
extraheavy_massdep_baseline,affine,12.369317,crew_veh_h,500,500,10,0.10824742268041238,False,0.016618353609067382,,,,
extraheavy_massdep_baseline,affine,12.369317,crew_team_h,MX2,380,11,0.1584192439862543,False,0.01397547994581072,,,,
extraheavy_massdep_baseline,affine,12.369317,shift_ot_h,500,500,10,0.10824742268041238,False,0.08711385619024425,,,,
extraheavy_massdep_baseline,affine,15.436172,shift_h,500,500,10,0.10824742268041238,False,0.11111111111111094,,,,
extraheavy_massdep_baseline,affine,15.436172,crew_veh_h,500,500,10,0.10824742268041238,False,0.022083387286297107,,,,
extraheavy_massdep_baseline,affine,15.436172,crew_team_h,MX2,325,12,0.18419243986254297,False,0.01922602556714592,,,,
extraheavy_massdep_baseline,affine,15.436172,shift_ot_h,500,500,10,0.10824742268041238,False,0.08840860378055959,,,,
extraheavy_massdep_baseline,affine,19.263424,shift_h,500,500,10,0.10824742268041238,False,0.11111111111111116,,,,
extraheavy_massdep_baseline,affine,19.263424,crew_veh_h,500,500,10,0.10824742268041238,False,0.028076434551877583,,,,
extraheavy_massdep_baseline,affine,19.263424,crew_team_h,MX2,325,12,0.18419243986254297,False,0.024665365170482456,,,,
extraheavy_massdep_baseline,affine,19.263424,shift_ot_h,500,500,10,0.10824742268041238,False,0.08984076524242579,,,,
extraheavy_massdep_baseline,affine,24.039607,shift_h,500,500,10,0.10824742268041238,False,0.11111111111111116,,,,
extraheavy_massdep_baseline,affine,24.039607,crew_veh_h,500,500,10,0.10824742268041238,False,0.03451136214025996,,,,
extraheavy_massdep_baseline,affine,24.039607,crew_team_h,MX2,325,12,0.18419243986254297,False,0.030522979483568635,,,,
extraheavy_massdep_baseline,affine,24.039607,shift_ot_h,500,500,10,0.10824742268041238,False,0.0913930660986102,,,,
extraheavy_massdep_baseline,affine,30.0,shift_h,500,500,10,0.10824742268041238,False,0.11111111111111116,,,,
extraheavy_massdep_baseline,affine,30.0,crew_veh_h,380,380,11,0.1584192439862543,False,0.03209829024684829,,,,
extraheavy_massdep_baseline,affine,30.0,crew_team_h,MX2,325,12,0.18419243986254297,False,0.03669104781111421,,,,
extraheavy_massdep_baseline,affine,30.0,shift_ot_h,500,500,10,0.10824742268041238,False,0.09303897126545846,,,,
extraheavy_massdep_baseline,piecewise,5.1,shift_h,500,500,10,0.10824742268041238,False,0.11111111111111116,,,,
extraheavy_massdep_baseline,piecewise,5.1,crew_veh_h,550,550,10,0.09140893470790377,False,0.004310528230102584,,,,
extraheavy_massdep_baseline,piecewise,5.1,crew_team_h,425,380,11,0.1584192439862543,False,-0.0006738838353578247,,,,
extraheavy_massdep_baseline,piecewise,5.1,shift_ot_h,500,500,10,0.10824742268041238,False,0.08346297214143128,,,,
extraheavy_massdep_baseline,piecewise,6.364497,shift_h,500,500,10,0.10824742268041238,False,0.11111111111111116,,,,
extraheavy_massdep_baseline,piecewise,6.364497,crew_veh_h,550,550,10,0.09140893470790377,False,0.007783392093426489,,,,
extraheavy_massdep_baseline,piecewise,6.364497,crew_team_h,380,380,11,0.1584192439862543,False,0.0021899187469058834,,,,
extraheavy_massdep_baseline,piecewise,6.364497,shift_ot_h,500,500,10,0.10824742268041238,False,0.08421568202466889,,,,
extraheavy_massdep_baseline,piecewise,7.942513,shift_h,500,500,10,0.10824742268041238,False,0.11111111111111094,,,,
extraheavy_massdep_baseline,piecewise,7.942513,crew_veh_h,550,550,10,0.09140893470790377,False,0.01181287711590473,,,,
extraheavy_massdep_baseline,piecewise,7.942513,crew_team_h,380,380,11,0.1584192439862543,False,0.005691743464272259,,,,
extraheavy_massdep_baseline,piecewise,7.942513,shift_ot_h,500,500,10,0.10824742268041238,False,0.08509942131875814,,,,
extraheavy_massdep_baseline,piecewise,9.911784,shift_h,500,500,10,0.10824742268041238,False,0.11111111111111116,,,,
extraheavy_massdep_baseline,piecewise,9.911784,crew_veh_h,550,500,10,0.10824742268041238,False,0.014995139413426006,,,,
extraheavy_massdep_baseline,piecewise,9.911784,crew_team_h,325,380,11,0.1584192439862543,False,0.010249498838896809,,,,
extraheavy_massdep_baseline,piecewise,9.911784,shift_ot_h,500,500,10,0.10824742268041238,False,0.08612402335627123,,,,
extraheavy_massdep_baseline,piecewise,12.369317,shift_h,500,500,10,0.10824742268041238,False,0.11111111111111116,,,,
extraheavy_massdep_baseline,piecewise,12.369317,crew_veh_h,500,500,10,0.10824742268041238,False,0.017384602305872354,,,,
extraheavy_massdep_baseline,piecewise,12.369317,crew_team_h,MX2,325,12,0.18419243986254297,False,0.014694230946681763,,,,
extraheavy_massdep_baseline,piecewise,12.369317,shift_ot_h,500,500,10,0.10824742268041238,False,0.08729475112600116,,,,
extraheavy_massdep_baseline,piecewise,15.436172,shift_h,500,500,10,0.10824742268041238,False,0.11111111111111116,,,,
extraheavy_massdep_baseline,piecewise,15.436172,crew_veh_h,500,500,10,0.10824742268041238,False,0.022931002164837233,,,,
extraheavy_massdep_baseline,piecewise,15.436172,crew_team_h,MX2,325,12,0.18419243986254297,False,0.019699549566301933,,,,
extraheavy_massdep_baseline,piecewise,15.436172,shift_ot_h,500,500,10,0.10824742268041238,False,0.08861037254785509,,,,
extraheavy_massdep_baseline,piecewise,19.263424,shift_h,500,500,10,0.10824742268041238,False,0.11111111111111116,,,,
extraheavy_massdep_baseline,piecewise,19.263424,crew_veh_h,500,500,10,0.10824742268041238,False,0.028995155470547873,,,,
extraheavy_massdep_baseline,piecewise,19.263424,crew_team_h,MX2,325,12,0.18419243986254297,False,0.025198195289957592,,,,
extraheavy_massdep_baseline,piecewise,19.263424,shift_ot_h,500,500,10,0.10824742268041238,False,0.09006146234561663,,,,
extraheavy_massdep_baseline,piecewise,24.039607,shift_h,500,500,10,0.10824742268041238,False,0.11111111111111094,,,,
extraheavy_massdep_baseline,piecewise,24.039607,crew_veh_h,500,380,11,0.1584192439862543,False,0.03160617235760155,,,,
extraheavy_massdep_baseline,piecewise,24.039607,crew_team_h,MX2,325,12,0.18419243986254297,False,0.031113630817589666,,,,
extraheavy_massdep_baseline,piecewise,24.039607,shift_ot_h,500,500,10,0.10824742268041238,False,0.09162936561423929,,,,
extraheavy_massdep_baseline,piecewise,30.0,shift_h,500,380,11,0.1584192439862543,False,0.10786853867844504,,,,
extraheavy_massdep_baseline,piecewise,30.0,crew_veh_h,380,380,11,0.1584192439862543,False,0.03262313382178372,,,,
extraheavy_massdep_baseline,piecewise,30.0,crew_team_h,MX2,325,12,0.18419243986254297,False,0.03733581909897743,,,,
extraheavy_massdep_baseline,piecewise,30.0,shift_ot_h,500,380,11,0.1584192439862543,False,0.09266615015472035,,,,
extraheavy_massdep_baseline,power_0.72,5.1,shift_h,500,500,10,0.10824742268041238,False,0.11111111111111116,,,,
extraheavy_massdep_baseline,power_0.72,5.1,crew_veh_h,550,550,10,0.09140893470790377,False,0.0029962186550533954,,,,
extraheavy_massdep_baseline,power_0.72,5.1,crew_team_h,425,500,10,0.10824742268041238,False,2.9487407775086183e-05,,,,
extraheavy_massdep_baseline,power_0.72,5.1,shift_ot_h,500,500,10,0.10824742268041238,False,0.08322704225515154,,,,
extraheavy_massdep_baseline,power_0.72,6.364497,shift_h,500,500,10,0.10824742268041238,False,0.11111111111111116,,,,
extraheavy_massdep_baseline,power_0.72,6.364497,crew_veh_h,550,550,10,0.09140893470790377,False,0.0062442183170081655,,,,
extraheavy_massdep_baseline,power_0.72,6.364497,crew_team_h,425,380,11,0.1584192439862543,False,0.0017865893288866452,,,,
extraheavy_massdep_baseline,power_0.72,6.364497,shift_ot_h,500,500,10,0.10824742268041238,False,0.08393655899836916,,,,
extraheavy_massdep_baseline,power_0.72,7.942513,shift_h,500,500,10,0.10824742268041238,False,0.11111111111111116,,,,
extraheavy_massdep_baseline,power_0.72,7.942513,crew_veh_h,550,550,10,0.09140893470790377,False,0.010033688538457985,,,,
extraheavy_massdep_baseline,power_0.72,7.942513,crew_team_h,380,380,11,0.1584192439862543,False,0.005067019687727603,,,,
extraheavy_massdep_baseline,power_0.72,7.942513,shift_ot_h,500,500,10,0.10824742268041238,False,0.08477290610813992,,,,
extraheavy_massdep_baseline,power_0.72,9.911784,shift_h,500,500,10,0.10824742268041238,False,0.11111111111111094,,,,
extraheavy_massdep_baseline,power_0.72,9.911784,crew_veh_h,550,550,10,0.09140893470790377,False,0.014395150922660749,,,,
extraheavy_massdep_baseline,power_0.72,9.911784,crew_team_h,380,380,11,0.1584192439862543,False,0.00900986489104727,,,,
extraheavy_massdep_baseline,power_0.72,9.911784,shift_ot_h,500,500,10,0.10824742268041238,False,0.08574707965750972,,,,
extraheavy_massdep_baseline,power_0.72,12.369317,shift_h,500,500,10,0.10824742268041238,False,0.11111111111111116,,,,
extraheavy_massdep_baseline,power_0.72,12.369317,crew_veh_h,550,550,10,0.09140893470790377,False,0.019337027703609788,,,,
extraheavy_massdep_baseline,power_0.72,12.369317,crew_team_h,380,380,11,0.1584192439862543,False,0.013493548844309977,,,,
extraheavy_massdep_baseline,power_0.72,12.369317,shift_ot_h,500,500,10,0.10824742268041238,False,0.08686617007475639,,,,
extraheavy_massdep_baseline,power_0.72,15.436172,shift_h,500,500,10,0.10824742268041238,False,0.11111111111111116,,,,
extraheavy_massdep_baseline,power_0.72,15.436172,crew_veh_h,500,500,10,0.10824742268041238,False,0.02091729149799293,,,,
extraheavy_massdep_baseline,power_0.72,15.436172,crew_team_h,MX2,380,11,0.1584192439862543,False,0.02013978513961434,,,,
extraheavy_massdep_baseline,power_0.72,15.436172,shift_ot_h,500,500,10,0.10824742268041238,False,0.08813144387176242,,,,
extraheavy_massdep_baseline,power_0.72,19.263424,shift_h,500,500,10,0.10824742268041238,False,0.11111111111111116,,,,
extraheavy_massdep_baseline,power_0.72,19.263424,crew_veh_h,500,500,10,0.10824742268041238,False,0.026807818809550188,,,,
extraheavy_massdep_baseline,power_0.72,19.263424,crew_team_h,MX2,325,12,0.18419243986254297,False,0.02749285060106943,,,,
extraheavy_massdep_baseline,power_0.72,19.263424,shift_ot_h,500,500,10,0.10824742268041238,False,0.08953651995443113,,,,
extraheavy_massdep_baseline,power_0.72,24.039607,shift_h,500,500,10,0.10824742268041238,False,0.11111111111111094,,,,
extraheavy_massdep_baseline,power_0.72,24.039607,crew_veh_h,500,500,10,0.10824742268041238,False,0.03316095640060457,,,,
extraheavy_massdep_baseline,power_0.72,24.039607,crew_team_h,MX2,325,12,0.18419243986254297,False,0.033821261464478614,,,,
extraheavy_massdep_baseline,power_0.72,24.039607,shift_ot_h,500,500,10,0.10824742268041238,False,0.09106604791437634,,,,
extraheavy_massdep_baseline,power_0.72,30.0,shift_h,500,500,10,0.10824742268041238,False,0.11111111111111116,,,,
extraheavy_massdep_baseline,power_0.72,30.0,crew_veh_h,500,500,10,0.10824742268041238,False,0.039861642028972355,,,,
extraheavy_massdep_baseline,power_0.72,30.0,crew_team_h,MX2,325,12,0.18419243986254297,False,0.04049612045946338,,,,
extraheavy_massdep_baseline,power_0.72,30.0,shift_ot_h,500,500,10,0.10824742268041238,False,0.09269533893590975,,,,
extraheavy_massdep_baseline,power_0.84,5.1,shift_h,500,500,10,0.10824742268041238,False,0.11111111111111116,,,,
extraheavy_massdep_baseline,power_0.84,5.1,crew_veh_h,550,550,10,0.09140893470790377,False,0.004186727353747921,,,,
extraheavy_massdep_baseline,power_0.84,5.1,crew_team_h,425,380,11,0.1584192439862543,False,-0.0003834656770047573,,,,
extraheavy_massdep_baseline,power_0.84,5.1,shift_ot_h,500,500,10,0.10824742268041238,False,0.08345058555565066,,,,
extraheavy_massdep_baseline,power_0.84,6.364497,shift_h,500,500,10,0.10824742268041238,False,0.11111111111111116,,,,
extraheavy_massdep_baseline,power_0.84,6.364497,crew_veh_h,550,550,10,0.09140893470790377,False,0.007638745421496118,,,,
extraheavy_massdep_baseline,power_0.84,6.364497,crew_team_h,380,380,11,0.1584192439862543,False,0.00224577089337874,,,,
extraheavy_massdep_baseline,power_0.84,6.364497,shift_ot_h,500,500,10,0.10824742268041238,False,0.08420105310417969,,,,
extraheavy_massdep_baseline,power_0.84,7.942513,shift_h,500,500,10,0.10824742268041238,False,0.11111111111111116,,,,
extraheavy_massdep_baseline,power_0.84,7.942513,crew_veh_h,550,550,10,0.09140893470790377,False,0.011646124420241488,,,,
extraheavy_massdep_baseline,power_0.84,7.942513,crew_team_h,380,380,11,0.1584192439862543,False,0.005756534592349816,,,,
extraheavy_massdep_baseline,power_0.84,7.942513,shift_ot_h,500,500,10,0.10824742268041238,False,0.08508234338884413,,,,
extraheavy_massdep_baseline,power_0.84,9.911784,shift_h,500,500,10,0.10824742268041238,False,0.11111111111111116,,,,
extraheavy_massdep_baseline,power_0.84,9.911784,crew_veh_h,550,500,10,0.10824742268041238,False,0.016076238337512816,,,,
extraheavy_massdep_baseline,power_0.84,9.911784,crew_team_h,MX2,380,11,0.1584192439862543,False,0.01136669775997734,,,,
extraheavy_massdep_baseline,power_0.84,9.911784,shift_ot_h,500,500,10,0.10824742268041238,False,0.086104354461914,,,,
extraheavy_massdep_baseline,power_0.84,12.369317,shift_h,500,500,10,0.10824742268041238,False,0.11111111111111116,,,,
extraheavy_massdep_baseline,power_0.84,12.369317,crew_veh_h,500,500,10,0.10824742268041238,False,0.017290178318165594,,,,
extraheavy_massdep_baseline,power_0.84,12.369317,crew_team_h,MX2,325,12,0.18419243986254297,False,0.01641554465279249,,,,
extraheavy_massdep_baseline,power_0.84,12.369317,shift_ot_h,500,500,10,0.10824742268041238,False,0.08727244839235482,,,,
extraheavy_massdep_baseline,power_0.84,15.436172,shift_h,500,500,10,0.10824742268041238,False,0.11111111111111116,,,,
extraheavy_massdep_baseline,power_0.84,15.436172,crew_veh_h,500,500,10,0.10824742268041238,False,0.022826681876162214,,,,
extraheavy_massdep_baseline,power_0.84,15.436172,crew_team_h,MX2,325,12,0.18419243986254297,False,0.021728891818901364,,,,
extraheavy_massdep_baseline,power_0.84,15.436172,shift_ot_h,500,500,10,0.10824742268041238,False,0.08858552591380864,,,,
extraheavy_massdep_baseline,power_0.84,19.263424,shift_h,500,500,10,0.10824742268041238,False,0.11111111111111116,,,,
extraheavy_massdep_baseline,power_0.84,19.263424,crew_veh_h,500,500,10,0.10824742268041238,False,0.028882238346445543,,,,
extraheavy_massdep_baseline,power_0.84,19.263424,crew_team_h,MX2,325,12,0.18419243986254297,False,0.027567232792001795,,,,
extraheavy_massdep_baseline,power_0.84,19.263424,shift_ot_h,500,500,10,0.10824742268041238,False,0.09003432059067173,,,,
extraheavy_massdep_baseline,power_0.84,24.039607,shift_h,500,500,10,0.10824742268041238,False,0.11111111111111094,,,,
extraheavy_massdep_baseline,power_0.84,24.039607,crew_veh_h,500,380,11,0.1584192439862543,False,0.03470081734567332,,,,
extraheavy_massdep_baseline,power_0.84,24.039607,crew_team_h,MX2,325,12,0.18419243986254297,False,0.03384964070578689,,,,
extraheavy_massdep_baseline,power_0.84,24.039607,shift_ot_h,500,500,10,0.10824742268041238,False,0.0916003464678854,,,,
extraheavy_massdep_baseline,power_0.84,30.0,shift_h,500,500,10,0.10824742268041238,False,0.11111111111111116,,,,
extraheavy_massdep_baseline,power_0.84,30.0,crew_veh_h,MX2,380,11,0.1584192439862543,False,0.034387610721378525,,,,
extraheavy_massdep_baseline,power_0.84,30.0,crew_team_h,MX2,325,12,0.18419243986254297,False,0.040459541761943774,,,,
extraheavy_massdep_baseline,power_0.84,30.0,shift_ot_h,500,500,10,0.10824742268041238,False,0.09325593523878806,,,,
extraheavy_massdep_baseline,power_0.96,5.1,shift_h,500,500,10,0.10824742268041238,False,0.11111111111111116,,,,
extraheavy_massdep_baseline,power_0.96,5.1,crew_veh_h,550,550,10,0.09140893470790377,False,0.005453871966876633,,,,
extraheavy_massdep_baseline,power_0.96,5.1,crew_team_h,380,380,11,0.1584192439862543,False,-0.0002412958402572274,,,,
extraheavy_massdep_baseline,power_0.96,5.1,shift_ot_h,500,500,10,0.10824742268041238,False,0.0836873115163157,,,,
extraheavy_massdep_baseline,power_0.96,6.364497,shift_h,500,500,10,0.10824742268041238,False,0.11111111111111116,,,,
extraheavy_massdep_baseline,power_0.96,6.364497,crew_veh_h,550,550,10,0.09140893470790377,False,0.00911597465698133,,,,
extraheavy_massdep_baseline,power_0.96,6.364497,crew_team_h,325,300,13,0.19347079037800688,False,0.0023849539849978285,,,,
extraheavy_massdep_baseline,power_0.96,6.364497,shift_ot_h,500,500,10,0.10824742268041238,False,0.08448014884667088,,,,
extraheavy_massdep_baseline,power_0.96,7.942513,shift_h,500,500,10,0.10824742268041238,False,0.11111111111111116,,,,
extraheavy_massdep_baseline,power_0.96,7.942513,crew_veh_h,550,550,10,0.09140893470790377,False,0.013344749834786063,,,,
extraheavy_massdep_baseline,power_0.96,7.942513,crew_team_h,325,300,13,0.19347079037800688,False,0.005628439169123922,,,,
extraheavy_massdep_baseline,power_0.96,7.942513,shift_ot_h,500,500,10,0.10824742268041238,False,0.08540750056506474,,,,
extraheavy_massdep_baseline,power_0.96,9.911784,shift_h,500,500,10,0.10824742268041238,False,0.11111111111111116,,,,
extraheavy_massdep_baseline,power_0.96,9.911784,crew_veh_h,500,500,10,0.10824742268041238,False,0.01391777360362223,,,,
extraheavy_massdep_baseline,power_0.96,9.911784,crew_team_h,MX2,300,13,0.19347079037800688,False,0.009871951024864378,,,,
extraheavy_massdep_baseline,power_0.96,9.911784,shift_ot_h,500,500,10,0.10824742268041238,False,0.08647796298423116,,,,
extraheavy_massdep_baseline,power_0.96,12.369317,shift_h,500,500,10,0.10824742268041238,False,0.11111111111111116,,,,
extraheavy_massdep_baseline,power_0.96,12.369317,crew_veh_h,500,500,10,0.10824742268041238,False,0.019076677377778184,,,,
extraheavy_massdep_baseline,power_0.96,12.369317,crew_team_h,MX2,300,13,0.19347079037800688,False,0.014803434381134961,,,,
extraheavy_massdep_baseline,power_0.96,12.369317,shift_ot_h,500,500,10,0.10824742268041238,False,0.08769495247851955,,,,
extraheavy_massdep_baseline,power_0.96,15.436172,shift_h,500,500,10,0.10824742268041238,False,0.11111111111111116,,,,
extraheavy_massdep_baseline,power_0.96,15.436172,crew_veh_h,500,500,10,0.10824742268041238,False,0.02479423476363385,,,,
extraheavy_massdep_baseline,power_0.96,15.436172,crew_team_h,MX2,300,13,0.19347079037800688,False,0.020314959963041224,,,,
extraheavy_massdep_baseline,power_0.96,15.436172,shift_ot_h,500,500,10,0.10824742268041238,False,0.08905481020637462,,,,
extraheavy_massdep_baseline,power_0.96,19.263424,shift_h,500,500,10,0.10824742268041238,False,0.11111111111111116,,,,
extraheavy_massdep_baseline,power_0.96,19.263424,crew_veh_h,500,380,11,0.1584192439862543,False,0.027005740575844372,,,,
extraheavy_massdep_baseline,power_0.96,19.263424,crew_team_h,MX2,300,13,0.19347079037800688,False,0.026357139099430604,,,,
extraheavy_massdep_baseline,power_0.96,19.263424,shift_ot_h,500,500,10,0.10824742268041238,False,0.09054526333763957,,,,
extraheavy_massdep_baseline,power_0.96,24.039607,shift_h,500,380,11,0.1584192439862543,False,0.10777705429534556,,,,
extraheavy_massdep_baseline,power_0.96,24.039607,crew_veh_h,MX2,380,11,0.1584192439862543,False,0.03141655563929424,,,,
extraheavy_massdep_baseline,power_0.96,24.039607,crew_team_h,MX2,300,13,0.19347079037800688,False,0.03284266539505287,,,,
extraheavy_massdep_baseline,power_0.96,24.039607,shift_ot_h,500,380,11,0.1584192439862543,False,0.09160395853312897,,,,
extraheavy_massdep_baseline,power_0.96,30.0,shift_h,380,380,11,0.1584192439862543,False,0.10000000000000009,,,,
extraheavy_massdep_baseline,power_0.96,30.0,crew_veh_h,MX2,380,11,0.1584192439862543,False,0.04266344798849664,,,,
extraheavy_massdep_baseline,power_0.96,30.0,crew_team_h,MX2,300,13,0.19347079037800688,False,0.039648186914383654,,,,
extraheavy_massdep_baseline,power_0.96,30.0,shift_ot_h,380,380,11,0.1584192439862543,False,0.08258205243678396,,,,
extraheavy_massdep_tight,affine,5.1,shift_h,500,500,11,0.10824742268041238,False,0.10000000000000009,,,,
extraheavy_massdep_tight,affine,5.1,crew_veh_h,550,550,11,0.09140893470790377,False,0.005950144758163356,,,,
extraheavy_massdep_tight,affine,5.1,crew_team_h,380,380,12,0.1584192439862543,False,0.0007604644607257516,,,,
extraheavy_massdep_tight,affine,5.1,shift_ot_h,500,500,11,0.10824742268041238,False,0.09231050497584947,,,,
extraheavy_massdep_tight,affine,6.364497,shift_h,500,500,11,0.10824742268041238,False,0.10000000000000009,,,,
extraheavy_massdep_tight,affine,6.364497,crew_veh_h,550,550,11,0.09140893470790377,False,0.00919079804974321,,,,
extraheavy_massdep_tight,affine,6.364497,crew_team_h,380,380,12,0.1584192439862543,False,0.003618164292614523,,,,
extraheavy_massdep_tight,affine,6.364497,shift_ot_h,500,500,11,0.10824742268041238,False,0.092521159233937,,,,
extraheavy_massdep_tight,affine,7.942513,shift_h,500,500,11,0.10824742268041238,False,0.09999999999999987,,,,
extraheavy_massdep_tight,affine,7.942513,crew_veh_h,550,550,11,0.09140893470790377,False,0.012934608731055341,,,,
extraheavy_massdep_tight,affine,7.942513,crew_team_h,325,325,13,0.18419243986254297,False,0.006429130634106217,,,,
extraheavy_massdep_tight,affine,7.942513,shift_ot_h,500,500,11,0.10824742268041238,False,0.0927683893333453,,,,
extraheavy_massdep_tight,affine,9.911784,shift_h,500,500,11,0.10824742268041238,False,0.09999999999999987,,,,
extraheavy_massdep_tight,affine,9.911784,crew_veh_h,550,500,11,0.10824742268041238,False,0.016840290685000925,,,,
extraheavy_massdep_tight,affine,9.911784,crew_team_h,325,325,13,0.18419243986254297,False,0.009798198811141301,,,,
extraheavy_massdep_tight,affine,9.911784,shift_ot_h,500,500,11,0.10824742268041238,False,0.09305489914457987,,,,
extraheavy_massdep_tight,affine,12.369317,shift_h,500,500,11,0.10824742268041238,False,0.09999999999999987,,,,
extraheavy_massdep_tight,affine,12.369317,crew_veh_h,500,500,11,0.10824742268041238,False,0.01965672721753875,,,,
extraheavy_massdep_tight,affine,12.369317,crew_team_h,325,325,13,0.18419243986254297,False,0.013610012573594954,,,,
extraheavy_massdep_tight,affine,12.369317,shift_ot_h,500,500,11,0.10824742268041238,False,0.09338210295546512,,,,
extraheavy_massdep_tight,affine,15.436172,shift_h,500,500,11,0.10824742268041238,False,0.09999999999999987,,,,
extraheavy_massdep_tight,affine,15.436172,crew_veh_h,500,500,11,0.10824742268041238,False,0.02466212445595528,,,,
extraheavy_massdep_tight,affine,15.436172,crew_team_h,325,325,13,0.18419243986254297,False,0.017846305178528032,,,,
extraheavy_massdep_tight,affine,15.436172,shift_ot_h,500,500,11,0.10824742268041238,False,0.09374959012330852,,,,
extraheavy_massdep_tight,affine,19.263424,shift_h,500,500,11,0.10824742268041238,False,0.09999999999999987,,,,
extraheavy_massdep_tight,affine,19.263424,crew_veh_h,500,500,11,0.10824742268041238,False,0.030096873749043684,,,,
extraheavy_massdep_tight,affine,19.263424,crew_team_h,MX2,325,13,0.18419243986254297,False,0.02371007183877416,,,,
extraheavy_massdep_tight,affine,19.263424,shift_ot_h,500,500,11,0.10824742268041238,False,0.0941546564121114,,,,
extraheavy_massdep_tight,affine,24.039607,shift_h,500,500,11,0.10824742268041238,False,0.10000000000000009,,,,
extraheavy_massdep_tight,affine,24.039607,crew_veh_h,500,380,12,0.1584192439862543,False,0.029618750854184972,,,,
extraheavy_massdep_tight,affine,24.039607,crew_team_h,MX2,325,13,0.18419243986254297,False,0.030191504445484352,,,,
extraheavy_massdep_tight,affine,24.039607,shift_ot_h,500,500,11,0.10824742268041238,False,0.0945920236723492,,,,
extraheavy_massdep_tight,affine,30.0,shift_h,500,380,12,0.1584192439862543,False,0.09507621112492615,,,,
extraheavy_massdep_tight,affine,30.0,crew_veh_h,380,380,12,0.1584192439862543,False,0.031835831813744386,,,,
extraheavy_massdep_tight,affine,30.0,crew_team_h,MX2,325,13,0.18419243986254297,False,0.03696560269004445,,,,
extraheavy_massdep_tight,affine,30.0,shift_ot_h,500,380,12,0.1584192439862543,False,0.09154009457317946,,,,
extraheavy_massdep_tight,piecewise,5.1,shift_h,500,500,11,0.10824742268041238,False,0.09999999999999987,,,,
extraheavy_massdep_tight,piecewise,5.1,crew_veh_h,550,550,11,0.09140893470790377,False,0.0064494359005882185,,,,
extraheavy_massdep_tight,piecewise,5.1,crew_team_h,380,380,12,0.1584192439862543,False,0.0009953599140275493,,,,
extraheavy_massdep_tight,piecewise,5.1,shift_ot_h,500,500,11,0.10824742268041238,False,0.0923392423719247,,,,
extraheavy_massdep_tight,piecewise,6.364497,shift_h,500,500,11,0.10824742268041238,False,0.09999999999999987,,,,
extraheavy_massdep_tight,piecewise,6.364497,crew_veh_h,550,550,11,0.09140893470790377,False,0.009771053130487983,,,,
extraheavy_massdep_tight,piecewise,6.364497,crew_team_h,325,325,13,0.18419243986254297,False,0.003635213886964195,,,,
extraheavy_massdep_tight,piecewise,6.364497,shift_ot_h,500,500,11,0.10824742268041238,False,0.0925550567157416,,,,
extraheavy_massdep_tight,piecewise,7.942513,shift_h,500,500,11,0.10824742268041238,False,0.09999999999999987,,,,
extraheavy_massdep_tight,piecewise,7.942513,crew_veh_h,550,550,11,0.09140893470790377,False,0.013599421413956314,,,,
extraheavy_massdep_tight,piecewise,7.942513,crew_team_h,325,325,13,0.18419243986254297,False,0.006587813796831821,,,,
extraheavy_massdep_tight,piecewise,7.942513,shift_ot_h,500,500,11,0.10824742268041238,False,0.09280790380369819,,,,
extraheavy_massdep_tight,piecewise,9.911784,shift_h,500,500,11,0.10824742268041238,False,0.09999999999999987,,,,
extraheavy_massdep_tight,piecewise,9.911784,crew_veh_h,550,500,11,0.10824742268041238,False,0.015815227519988317,,,,
extraheavy_massdep_tight,piecewise,9.911784,crew_team_h,325,325,13,0.18419243986254297,False,0.009979183238940426,,,,
extraheavy_massdep_tight,piecewise,9.911784,shift_ot_h,500,500,11,0.10824742268041238,False,0.09310033160959574,,,,
extraheavy_massdep_tight,piecewise,12.369317,shift_h,500,500,11,0.10824742268041238,False,0.09999999999999987,,,,
extraheavy_massdep_tight,piecewise,12.369317,crew_veh_h,500,500,11,0.10824742268041238,False,0.02036140166538214,,,,
extraheavy_massdep_tight,piecewise,12.369317,crew_team_h,325,325,13,0.18419243986254297,False,0.013812970308674677,,,,
extraheavy_massdep_tight,piecewise,12.369317,shift_ot_h,500,500,11,0.10824742268041238,False,0.09343351987467674,,,,
extraheavy_massdep_tight,piecewise,15.436172,shift_h,500,500,11,0.10824742268041238,False,0.10000000000000009,,,,
extraheavy_massdep_tight,piecewise,15.436172,crew_veh_h,500,500,11,0.10824742268041238,False,0.02543420446423239,,,,
extraheavy_massdep_tight,piecewise,15.436172,crew_team_h,MX2,325,13,0.18419243986254297,False,0.01839893044745633,,,,
extraheavy_massdep_tight,piecewise,15.436172,shift_ot_h,500,500,11,0.10824742268041238,False,0.09380674779881559,,,,
extraheavy_massdep_tight,piecewise,19.263424,shift_h,500,500,11,0.10824742268041238,False,0.09999999999999987,,,,
extraheavy_massdep_tight,piecewise,19.263424,crew_veh_h,500,380,12,0.1584192439862543,False,0.030606707453056492,,,,
extraheavy_massdep_tight,piecewise,19.263424,crew_team_h,MX2,325,13,0.18419243986254297,False,0.024560583016642656,,,,
extraheavy_massdep_tight,piecewise,19.263424,shift_ot_h,500,500,11,0.10824742268041238,False,0.09421694500872513,,,,
extraheavy_massdep_tight,piecewise,24.039607,shift_h,500,500,11,0.10824742268041238,False,0.10000000000000009,,,,
extraheavy_massdep_tight,piecewise,24.039607,crew_veh_h,380,380,12,0.1584192439862543,False,0.026966639820484417,,,,
extraheavy_massdep_tight,piecewise,24.039607,crew_team_h,MX2,325,13,0.18419243986254297,False,0.0311430610536636,,,,
extraheavy_massdep_tight,piecewise,24.039607,shift_ot_h,500,500,11,0.10824742268041238,False,0.09465844953190539,,,,
extraheavy_massdep_tight,piecewise,30.0,shift_h,380,380,12,0.1584192439862543,False,0.09090909090909105,,,,
extraheavy_massdep_tight,piecewise,30.0,crew_veh_h,380,380,12,0.1584192439862543,False,0.03231867574769254,,,,
extraheavy_massdep_tight,piecewise,30.0,crew_team_h,MX2,325,13,0.18419243986254297,False,0.03801573917927237,,,,
extraheavy_massdep_tight,piecewise,30.0,shift_ot_h,380,380,12,0.1584192439862543,False,0.0849878990687094,,,,
extraheavy_massdep_tight,power_0.72,5.1,shift_h,500,500,11,0.10824742268041238,False,0.10000000000000009,,,,
extraheavy_massdep_tight,power_0.72,5.1,crew_veh_h,550,550,11,0.09140893470790377,False,0.0051869897399532405,,,,
extraheavy_massdep_tight,power_0.72,5.1,crew_team_h,500,380,12,0.1584192439862543,False,0.0023777449976398746,,,,
extraheavy_massdep_tight,power_0.72,5.1,shift_ot_h,500,500,11,0.10824742268041238,False,0.09227151079485019,,,,
extraheavy_massdep_tight,power_0.72,6.364497,shift_h,500,500,11,0.10824742268041238,False,0.10000000000000009,,,,
extraheavy_massdep_tight,power_0.72,6.364497,crew_veh_h,550,550,11,0.09140893470790377,False,0.008301447616460456,,,,
extraheavy_massdep_tight,power_0.72,6.364497,crew_team_h,380,380,12,0.1584192439862543,False,0.003374373401787256,,,,
extraheavy_massdep_tight,power_0.72,6.364497,shift_ot_h,500,500,11,0.10824742268041238,False,0.09247507656378984,,,,
extraheavy_massdep_tight,power_0.72,7.942513,shift_h,500,500,11,0.10824742268041238,False,0.09999999999999987,,,,
extraheavy_massdep_tight,power_0.72,7.942513,crew_veh_h,550,550,11,0.09140893470790377,False,0.011912411395608391,,,,
extraheavy_massdep_tight,power_0.72,7.942513,crew_team_h,380,380,12,0.1584192439862543,False,0.0066582662891452316,,,,
extraheavy_massdep_tight,power_0.72,7.942513,shift_ot_h,500,500,11,0.10824742268041238,False,0.09271455163694875,,,,
extraheavy_massdep_tight,power_0.72,9.911784,shift_h,500,500,11,0.10824742268041238,False,0.10000000000000009,,,,
extraheavy_massdep_tight,power_0.72,9.911784,crew_veh_h,550,550,11,0.09140893470790377,False,0.016038465373500177,,,,
extraheavy_massdep_tight,power_0.72,9.911784,crew_team_h,380,325,13,0.18419243986254297,False,0.010259691242121116,,,,
extraheavy_massdep_tight,power_0.72,9.911784,shift_ot_h,500,500,11,0.10824742268041238,False,0.09299283944653602,,,,
extraheavy_massdep_tight,power_0.72,12.369317,shift_h,500,500,11,0.10824742268041238,False,0.09999999999999987,,,,
extraheavy_massdep_tight,power_0.72,12.369317,crew_veh_h,550,500,11,0.10824742268041238,False,0.020187714159477288,,,,
extraheavy_massdep_tight,power_0.72,12.369317,crew_team_h,MX2,325,13,0.18419243986254297,False,0.01391141879476998,,,,
extraheavy_massdep_tight,power_0.72,12.369317,shift_ot_h,500,500,11,0.10824742268041238,False,0.09331166267234625,,,,
extraheavy_massdep_tight,power_0.72,15.436172,shift_h,500,500,11,0.10824742268041238,False,0.10000000000000009,,,,
extraheavy_massdep_tight,power_0.72,15.436172,crew_veh_h,500,500,11,0.10824742268041238,False,0.023598088303298237,,,,
extraheavy_massdep_tight,power_0.72,15.436172,crew_team_h,MX2,325,13,0.18419243986254297,False,0.0197997985547671,,,,
extraheavy_massdep_tight,power_0.72,15.436172,shift_ot_h,500,500,11,0.10824742268041238,False,0.09367102703621644,,,,
extraheavy_massdep_tight,power_0.72,19.263424,shift_h,500,500,11,0.10824742268041238,False,0.10000000000000009,,,,
extraheavy_massdep_tight,power_0.72,19.263424,crew_veh_h,500,500,11,0.10824742268041238,False,0.02895113281077477,,,,
extraheavy_massdep_tight,power_0.72,19.263424,crew_team_h,MX2,325,13,0.18419243986254297,False,0.02624140665156216,,,,
extraheavy_massdep_tight,power_0.72,19.263424,shift_ot_h,500,500,11,0.10824742268041238,False,0.09406872964918667,,,,
extraheavy_massdep_tight,power_0.72,24.039607,shift_h,500,500,11,0.10824742268041238,False,0.10000000000000009,,,,
extraheavy_massdep_tight,power_0.72,24.039607,crew_veh_h,500,500,11,0.10824742268041238,False,0.0346638660723666,,,,
extraheavy_massdep_tight,power_0.72,24.039607,crew_team_h,MX2,325,13,0.18419243986254297,False,0.033139767596577885,,,,
extraheavy_massdep_tight,power_0.72,24.039607,shift_ot_h,500,500,11,0.10824742268041238,False,0.09450002962977488,,,,
extraheavy_massdep_tight,power_0.72,30.0,shift_h,500,500,11,0.10824742268041238,False,0.10000000000000009,,,,
extraheavy_massdep_tight,power_0.72,30.0,crew_veh_h,500,380,12,0.1584192439862543,False,0.03670118248978271,,,,
extraheavy_massdep_tight,power_0.72,30.0,crew_team_h,MX2,325,13,0.18419243986254297,False,0.04036085176479931,,,,
extraheavy_massdep_tight,power_0.72,30.0,shift_ot_h,500,500,11,0.10824742268041238,False,0.09495760483312732,,,,
extraheavy_massdep_tight,power_0.84,5.1,shift_h,500,500,11,0.10824742268041238,False,0.09999999999999987,,,,
extraheavy_massdep_tight,power_0.84,5.1,crew_veh_h,550,550,11,0.09140893470790377,False,0.006330646616618196,,,,
extraheavy_massdep_tight,power_0.84,5.1,crew_team_h,380,380,12,0.1584192439862543,False,0.0010414053358815956,,,,
extraheavy_massdep_tight,power_0.84,5.1,shift_ot_h,500,500,11,0.10824742268041238,False,0.09233568741643627,,,,
extraheavy_massdep_tight,power_0.84,6.364497,shift_h,500,500,11,0.10824742268041238,False,0.10000000000000009,,,,
extraheavy_massdep_tight,power_0.84,6.364497,crew_veh_h,550,550,11,0.09140893470790377,False,0.009633115610266252,,,,
extraheavy_massdep_tight,power_0.84,6.364497,crew_team_h,325,325,13,0.18419243986254297,False,0.003686133285029314,,,,
extraheavy_massdep_tight,power_0.84,6.364497,shift_ot_h,500,500,11,0.10824742268041238,False,0.09255086636592491,,,,
extraheavy_massdep_tight,power_0.84,7.942513,shift_h,500,500,11,0.10824742268041238,False,0.10000000000000009,,,,
extraheavy_massdep_tight,power_0.84,7.942513,crew_veh_h,550,550,11,0.09140893470790377,False,0.013441534075803618,,,,
extraheavy_massdep_tight,power_0.84,7.942513,crew_team_h,325,325,13,0.18419243986254297,False,0.006646729503912763,,,,
extraheavy_massdep_tight,power_0.84,7.942513,shift_ot_h,500,500,11,0.10824742268041238,False,0.09280302309820976,,,,
extraheavy_massdep_tight,power_0.84,9.911784,shift_h,500,500,11,0.10824742268041238,False,0.10000000000000009,,,,
extraheavy_massdep_tight,power_0.84,9.911784,crew_veh_h,550,500,11,0.10824742268041238,False,0.016998941065817785,,,,
extraheavy_massdep_tight,power_0.84,9.911784,crew_team_h,325,325,13,0.18419243986254297,False,0.010046342208652748,,,,
extraheavy_massdep_tight,power_0.84,9.911784,shift_ot_h,500,500,11,0.10824742268041238,False,0.09309472526134543,,,,
extraheavy_massdep_tight,power_0.84,12.369317,shift_h,500,500,11,0.10824742268041238,False,0.10000000000000009,,,,
extraheavy_massdep_tight,power_0.84,12.369317,crew_veh_h,500,500,11,0.10824742268041238,False,0.02027461620159121,,,,
extraheavy_massdep_tight,power_0.84,12.369317,crew_team_h,MX2,325,13,0.18419243986254297,False,0.014524597959093999,,,,
extraheavy_massdep_tight,power_0.84,12.369317,shift_ot_h,500,500,11,0.10824742268041238,False,0.0934271819215684,,,,
extraheavy_massdep_tight,power_0.84,15.436172,shift_h,500,500,11,0.10824742268041238,False,0.10000000000000009,,,,
extraheavy_massdep_tight,power_0.84,15.436172,crew_veh_h,500,500,11,0.10824742268041238,False,0.025339241841949134,,,,
extraheavy_massdep_tight,power_0.84,15.436172,crew_team_h,MX2,325,13,0.18419243986254297,False,0.02048051114261007,,,,
extraheavy_massdep_tight,power_0.84,15.436172,shift_ot_h,500,500,11,0.10824742268041238,False,0.09379971076926297,,,,
extraheavy_massdep_tight,power_0.84,19.263424,shift_h,500,500,11,0.10824742268041238,False,0.10000000000000009,,,,
extraheavy_massdep_tight,power_0.84,19.263424,crew_veh_h,500,500,11,0.10824742268041238,False,0.030823328131072136,,,,
extraheavy_massdep_tight,power_0.84,19.263424,crew_team_h,MX2,325,13,0.18419243986254297,False,0.02698269519839047,,,,
extraheavy_massdep_tight,power_0.84,19.263424,shift_ot_h,500,500,11,0.10824742268041238,False,0.0942092865400106,,,,
extraheavy_massdep_tight,power_0.84,24.039607,shift_h,500,500,11,0.10824742268041238,False,0.10000000000000009,,,,
extraheavy_massdep_tight,power_0.84,24.039607,crew_veh_h,380,380,12,0.1584192439862543,False,0.027056389177942952,,,,
extraheavy_massdep_tight,power_0.84,24.039607,crew_team_h,MX2,325,13,0.18419243986254297,False,0.03393056382936144,,,,
extraheavy_massdep_tight,power_0.84,24.039607,shift_ot_h,500,500,11,0.10824742268041238,False,0.09465029416192317,,,,
extraheavy_massdep_tight,power_0.84,30.0,shift_h,500,380,12,0.1584192439862543,False,0.09122743072731465,,,,
extraheavy_massdep_tight,power_0.84,30.0,crew_veh_h,380,380,12,0.1584192439862543,False,0.03241269404172331,,,,
extraheavy_massdep_tight,power_0.84,30.0,crew_team_h,MX2,325,13,0.18419243986254297,False,0.04118650763071674,,,,
extraheavy_massdep_tight,power_0.84,30.0,shift_ot_h,500,380,12,0.1584192439862543,False,0.08776465541342304,,,,
extraheavy_massdep_tight,power_0.96,5.1,shift_h,500,500,11,0.10824742268041238,False,0.10000000000000009,,,,
extraheavy_massdep_tight,power_0.96,5.1,crew_veh_h,550,550,11,0.09140893470790377,False,0.007545256689601043,,,,
extraheavy_massdep_tight,power_0.96,5.1,crew_team_h,300,300,14,0.19347079037800688,False,0.0006181394149948893,,,,
extraheavy_massdep_tight,power_0.96,5.1,shift_ot_h,500,500,11,0.10824742268041238,False,0.09240360814792248,,,,
extraheavy_massdep_tight,power_0.96,6.364497,shift_h,500,500,11,0.10824742268041238,False,0.10000000000000009,,,,
extraheavy_massdep_tight,power_0.96,6.364497,crew_veh_h,550,550,11,0.09140893470790377,False,0.011040158556489876,,,,
extraheavy_massdep_tight,power_0.96,6.364497,crew_team_h,325,300,14,0.19347079037800688,False,0.003117587128804278,,,,
extraheavy_massdep_tight,power_0.96,6.364497,shift_ot_h,500,500,11,0.10824742268041238,False,0.09263078401905034,,,,
extraheavy_massdep_tight,power_0.96,7.942513,shift_h,500,500,11,0.10824742268041238,False,0.09999999999999987,,,,
extraheavy_massdep_tight,power_0.96,7.942513,crew_veh_h,550,500,11,0.10824742268041238,False,0.014434792690635634,,,,
extraheavy_massdep_tight,power_0.96,7.942513,crew_team_h,325,300,14,0.19347079037800688,False,0.006041712443147107,,,,
extraheavy_massdep_tight,power_0.96,7.942513,shift_ot_h,500,500,11,0.10824742268041238,False,0.09289591288019694,,,,
extraheavy_massdep_tight,power_0.96,9.911784,shift_h,500,500,11,0.10824742268041238,False,0.10000000000000009,,,,
extraheavy_massdep_tight,power_0.96,9.911784,crew_veh_h,500,500,11,0.10824742268041238,False,0.017165641490973993,,,,
extraheavy_massdep_tight,power_0.96,9.911784,crew_team_h,325,300,14,0.19347079037800688,False,0.009394378485807486,,,,
extraheavy_massdep_tight,power_0.96,9.911784,shift_ot_h,500,500,11,0.10824742268041238,False,0.09320116864508488,,,,
extraheavy_massdep_tight,power_0.96,12.369317,shift_h,500,500,11,0.10824742268041238,False,0.09999999999999987,,,,
extraheavy_massdep_tight,power_0.96,12.369317,crew_veh_h,500,500,11,0.10824742268041238,False,0.021914179208786244,,,,
extraheavy_massdep_tight,power_0.96,12.369317,crew_team_h,MX2,300,14,0.19347079037800688,False,0.01364602295301287,,,,
extraheavy_massdep_tight,power_0.96,12.369317,shift_ot_h,500,500,11,0.10824742268041238,False,0.0935471865638644,,,,
extraheavy_massdep_tight,power_0.96,15.436172,shift_h,500,500,11,0.10824742268041238,False,0.10000000000000009,,,,
extraheavy_massdep_tight,power_0.96,15.436172,crew_veh_h,500,500,11,0.10824742268041238,False,0.027127415792485232,,,,
extraheavy_massdep_tight,power_0.96,15.436172,crew_team_h,MX2,300,14,0.19347079037800688,False,0.01948495774356873,,,,
extraheavy_massdep_tight,power_0.96,15.436172,shift_ot_h,500,500,11,0.10824742268041238,False,0.09393254491571956,,,,
extraheavy_massdep_tight,power_0.96,19.263424,shift_h,500,500,11,0.10824742268041238,False,0.09999999999999987,,,,
extraheavy_massdep_tight,power_0.96,19.263424,crew_veh_h,380,380,12,0.1584192439862543,False,0.022909393671101785,,,,
extraheavy_massdep_tight,power_0.96,19.263424,crew_team_h,MX2,300,14,0.19347079037800688,False,0.025845455368953774,,,,
extraheavy_massdep_tight,power_0.96,19.263424,shift_ot_h,500,500,11,0.10824742268041238,False,0.09435336753259316,,,,
extraheavy_massdep_tight,power_0.96,24.039607,shift_h,380,380,12,0.1584192439862543,False,0.09090909090909105,,,,
extraheavy_massdep_tight,power_0.96,24.039607,crew_veh_h,380,380,12,0.1584192439862543,False,0.02802853086505608,,,,
extraheavy_massdep_tight,power_0.96,24.039607,crew_team_h,MX2,300,14,0.19347079037800688,False,0.03262585446750932,,,,
extraheavy_massdep_tight,power_0.96,24.039607,shift_ot_h,380,380,12,0.1584192439862543,False,0.08459990851654253,,,,
extraheavy_massdep_tight,power_0.96,30.0,shift_h,380,380,12,0.1584192439862543,False,0.09090909090909083,,,,
extraheavy_massdep_tight,power_0.96,30.0,crew_veh_h,MX2,380,12,0.1584192439862543,False,0.033800691964053,,,,
extraheavy_massdep_tight,power_0.96,30.0,crew_team_h,MX2,300,14,0.19347079037800688,False,0.03968924282740338,,,,
extraheavy_massdep_tight,power_0.96,30.0,shift_ot_h,380,380,12,0.1584192439862543,False,0.08508919739864229,,,,
extraheavy_short_baseline,affine,5.1,shift_h,550,550,6,0.09140893470790377,False,0.19999999999999996,,,,
extraheavy_short_baseline,affine,5.1,crew_veh_h,MX2,550,6,0.09140893470790377,False,0.015233685463623248,,,,
extraheavy_short_baseline,affine,5.1,crew_team_h,MX2,550,6,0.09140893470790377,False,0.020777585623302564,,,,
extraheavy_short_baseline,affine,5.1,shift_ot_h,550,550,6,0.09140893470790377,False,0.14271465980829157,,,,
extraheavy_short_baseline,affine,6.364497,shift_h,550,550,6,0.09140893470790377,False,0.19999999999999996,,,,
extraheavy_short_baseline,affine,6.364497,crew_veh_h,MX2,550,6,0.09140893470790377,False,0.025261766401928343,,,,
extraheavy_short_baseline,affine,6.364497,crew_team_h,MX2,550,6,0.09140893470790377,False,0.03153593486212336,,,,
extraheavy_short_baseline,affine,6.364497,shift_ot_h,550,550,6,0.09140893470790377,False,0.14431135062325295,,,,
extraheavy_short_baseline,affine,7.942513,shift_h,550,550,6,0.09140893470790377,False,0.19999999999999996,,,,
extraheavy_short_baseline,affine,7.942513,crew_veh_h,MX2,550,6,0.09140893470790377,False,0.03707949191376558,,,,
extraheavy_short_baseline,affine,7.942513,crew_team_h,MX2,550,6,0.09140893470790377,False,0.04415054229037363,,,,
extraheavy_short_baseline,affine,7.942513,shift_ot_h,550,550,6,0.09140893470790377,False,0.1461832757533117,,,,
extraheavy_short_baseline,affine,9.911784,shift_h,550,550,6,0.09140893470790377,False,0.19999999999999996,,,,
extraheavy_short_baseline,affine,9.911784,crew_veh_h,MX2,MX2,8,0.09518900343642611,False,0.04960848436720888,,,,
extraheavy_short_baseline,affine,9.911784,crew_team_h,MX2,MX2,8,0.09518900343642611,False,0.05366715778882458,,,,
extraheavy_short_baseline,affine,9.911784,shift_ot_h,550,550,6,0.09140893470790377,False,0.14834991552311338,,,,
extraheavy_short_baseline,affine,12.369317,shift_h,550,550,6,0.09140893470790377,False,0.19999999999999996,,,,
extraheavy_short_baseline,affine,12.369317,crew_veh_h,MX2,MX2,8,0.09518900343642611,False,0.05916633259961901,,,,
extraheavy_short_baseline,affine,12.369317,crew_team_h,MX2,MX2,8,0.09518900343642611,False,0.0637758627642031,,,,
extraheavy_short_baseline,affine,12.369317,shift_ot_h,550,550,6,0.09140893470790377,False,0.15082075858498767,,,,
extraheavy_short_baseline,affine,15.436172,shift_h,550,550,6,0.09140893470790377,False,0.20000000000000018,,,,
extraheavy_short_baseline,affine,15.436172,crew_veh_h,MX2,MX2,8,0.09518900343642611,False,0.0699685572657418,,,,
extraheavy_short_baseline,affine,15.436172,crew_team_h,MX2,MX2,8,0.09518900343642611,False,0.07511314590057783,,,,
extraheavy_short_baseline,affine,15.436172,shift_ot_h,550,550,6,0.09140893470790377,False,0.15359131665674508,,,,
extraheavy_short_baseline,affine,19.263424,shift_h,550,550,6,0.09140893470790377,False,0.19999999999999996,,,,
extraheavy_short_baseline,affine,19.263424,crew_veh_h,MX2,MX2,8,0.09518900343642611,False,0.08195919733492274,,,,
extraheavy_short_baseline,affine,19.263424,crew_team_h,MX2,300,8,0.19347079037800688,False,0.0830437462737712,,,,
extraheavy_short_baseline,affine,19.263424,shift_ot_h,550,550,6,0.09140893470790377,False,0.15663971321634063,,,,
extraheavy_short_baseline,affine,24.039607,shift_h,550,550,6,0.09140893470790377,False,0.20000000000000018,,,,
extraheavy_short_baseline,affine,24.039607,crew_veh_h,MX2,MX2,8,0.09518900343642611,False,0.09500573892287512,,,,
extraheavy_short_baseline,affine,24.039607,crew_team_h,MX2,300,8,0.19347079037800688,False,0.08802748034162855,,,,
extraheavy_short_baseline,affine,24.039607,shift_ot_h,550,550,6,0.09140893470790377,False,0.15992476470766337,,,,
extraheavy_short_baseline,affine,30.0,shift_h,550,550,6,0.09140893470790377,False,0.19999999999999996,,,,
extraheavy_short_baseline,affine,30.0,crew_veh_h,MX2,MX2,8,0.09518900343642611,False,0.10889619577861209,,,,
extraheavy_short_baseline,affine,30.0,crew_team_h,MX2,300,8,0.19347079037800688,False,0.093280587460697,,,,
extraheavy_short_baseline,affine,30.0,shift_ot_h,550,550,6,0.09140893470790377,False,0.1633864367227973,,,,
extraheavy_short_baseline,piecewise,5.1,shift_h,550,550,6,0.09140893470790377,False,0.19999999999999996,,,,
extraheavy_short_baseline,piecewise,5.1,crew_veh_h,MX2,550,6,0.09140893470790377,False,0.018879736967871708,,,,
extraheavy_short_baseline,piecewise,5.1,crew_team_h,MX2,550,6,0.09140893470790377,False,0.024742637473527784,,,,
extraheavy_short_baseline,piecewise,5.1,shift_ot_h,550,550,6,0.09140893470790377,False,0.1429592528444359,,,,
extraheavy_short_baseline,piecewise,6.364497,shift_h,550,550,6,0.09140893470790377,False,0.20000000000000018,,,,
extraheavy_short_baseline,piecewise,6.364497,crew_veh_h,MX2,550,6,0.09140893470790377,False,0.0296713873109109,,,,
extraheavy_short_baseline,piecewise,6.364497,crew_team_h,MX2,550,6,0.09140893470790377,False,0.03631828289981298,,,,
extraheavy_short_baseline,piecewise,6.364497,shift_ot_h,550,550,6,0.09140893470790377,False,0.14459954749854953,,,,
extraheavy_short_baseline,piecewise,7.942513,shift_h,550,550,6,0.09140893470790377,False,0.19999999999999996,,,,
extraheavy_short_baseline,piecewise,7.942513,crew_veh_h,MX2,MX2,8,0.09518900343642611,False,0.04117409329849475,,,,
extraheavy_short_baseline,piecewise,7.942513,crew_team_h,MX2,MX2,8,0.09518900343642611,False,0.04467343917179467,,,,
extraheavy_short_baseline,piecewise,7.942513,shift_ot_h,550,550,6,0.09140893470790377,False,0.14651879819441826,,,,
extraheavy_short_baseline,piecewise,9.911784,shift_h,550,550,6,0.09140893470790377,False,0.19999999999999996,,,,
extraheavy_short_baseline,piecewise,9.911784,crew_veh_h,MX2,MX2,8,0.09518900343642611,False,0.04944766965129155,,,,
extraheavy_short_baseline,piecewise,9.911784,crew_team_h,MX2,MX2,8,0.09518900343642611,False,0.053479002731642744,,,,
extraheavy_short_baseline,piecewise,9.911784,shift_ot_h,550,550,6,0.09140893470790377,False,0.1487351170911675,,,,
extraheavy_short_baseline,piecewise,12.369317,shift_h,550,550,6,0.09140893470790377,False,0.19999999999999996,,,,
extraheavy_short_baseline,piecewise,12.369317,crew_veh_h,MX2,MX2,8,0.09518900343642611,False,0.05893772428950128,,,,
extraheavy_short_baseline,piecewise,12.369317,crew_team_h,MX2,MX2,8,0.09518900343642611,False,0.06351032598431194,,,,
extraheavy_short_baseline,piecewise,12.369317,shift_ot_h,550,550,6,0.09140893470790377,False,0.15125596394657914,,,,
extraheavy_short_baseline,piecewise,15.436172,shift_h,550,550,6,0.09140893470790377,False,0.20000000000000018,,,,
extraheavy_short_baseline,piecewise,15.436172,crew_veh_h,MX2,MX2,8,0.09518900343642611,False,0.06964907828337408,,,,
extraheavy_short_baseline,piecewise,15.436172,crew_team_h,MX2,MX2,8,0.09518900343642611,False,0.07474508254822343,,,,
extraheavy_short_baseline,piecewise,15.436172,shift_ot_h,550,550,6,0.09140893470790377,False,0.15407419841838976,,,,
extraheavy_short_baseline,piecewise,19.263424,shift_h,550,550,6,0.09140893470790377,False,0.19999999999999996,,,,
extraheavy_short_baseline,piecewise,19.263424,crew_veh_h,MX2,MX2,8,0.09518900343642611,False,0.08152117914186996,,,,
extraheavy_short_baseline,piecewise,19.263424,crew_team_h,MX2,300,8,0.19347079037800688,False,0.07930707849251561,,,,
extraheavy_short_baseline,piecewise,19.263424,shift_ot_h,550,550,6,0.09140893470790377,False,0.15716484843877687,,,,
extraheavy_short_baseline,piecewise,24.039607,shift_h,550,550,6,0.09140893470790377,False,0.19999999999999996,,,,
extraheavy_short_baseline,piecewise,24.039607,crew_veh_h,MX2,MX2,8,0.09518900343642611,False,0.09441767149410007,,,,
extraheavy_short_baseline,piecewise,24.039607,crew_team_h,MX2,300,8,0.19347079037800688,False,0.08368804115856765,,,,
extraheavy_short_baseline,piecewise,24.039607,shift_ot_h,550,550,6,0.09140893470790377,False,0.16048352667699506,,,,
extraheavy_short_baseline,piecewise,30.0,shift_h,550,550,6,0.09140893470790377,False,0.19999999999999996,,,,
extraheavy_short_baseline,piecewise,30.0,crew_veh_h,MX2,MX2,8,0.09518900343642611,False,0.10812429761545572,,,,
extraheavy_short_baseline,piecewise,30.0,crew_team_h,MX2,300,8,0.19347079037800688,False,0.08829749651138363,,,,
extraheavy_short_baseline,piecewise,30.0,shift_ot_h,550,550,6,0.09140893470790377,False,0.1639673412620526,,,,
extraheavy_short_baseline,power_0.72,5.1,shift_h,550,550,6,0.09140893470790377,False,0.19999999999999973,,,,
extraheavy_short_baseline,power_0.72,5.1,crew_veh_h,MX2,550,6,0.09140893470790377,False,0.009709531168254237,,,,
extraheavy_short_baseline,power_0.72,5.1,crew_team_h,MX2,550,6,0.09140893470790377,False,0.014767593324831463,,,,
extraheavy_short_baseline,power_0.72,5.1,shift_ot_h,550,550,6,0.09140893470790377,False,0.14234178983020795,,,,
extraheavy_short_baseline,power_0.72,6.364497,shift_h,550,550,6,0.09140893470790377,False,0.19999999999999996,,,,
extraheavy_short_baseline,power_0.72,6.364497,crew_veh_h,MX2,550,6,0.09140893470790377,False,0.018574050506235062,,,,
extraheavy_short_baseline,power_0.72,6.364497,crew_team_h,MX2,550,6,0.09140893470790377,False,0.0242793379123325,,,,
extraheavy_short_baseline,power_0.72,6.364497,shift_ot_h,550,550,6,0.09140893470790377,False,0.14387099793238334,,,,
extraheavy_short_baseline,power_0.72,7.942513,shift_h,550,550,6,0.09140893470790377,False,0.19999999999999996,,,,
extraheavy_short_baseline,power_0.72,7.942513,crew_veh_h,MX2,550,6,0.09140893470790377,False,0.02903426376719831,,,,
extraheavy_short_baseline,power_0.72,7.942513,crew_team_h,MX2,550,6,0.09140893470790377,False,0.03544796111423021,,,,
extraheavy_short_baseline,power_0.72,7.942513,shift_ot_h,550,550,6,0.09140893470790377,False,0.14566922775683122,,,,
extraheavy_short_baseline,power_0.72,9.911784,shift_h,550,550,6,0.09140893470790377,False,0.19999999999999996,,,,
extraheavy_short_baseline,power_0.72,9.911784,crew_veh_h,MX2,550,6,0.09140893470790377,False,0.04123345556055846,,,,
extraheavy_short_baseline,power_0.72,9.911784,crew_team_h,MX2,550,6,0.09140893470790377,False,0.04839828807812241,,,,
extraheavy_short_baseline,power_0.72,9.911784,shift_ot_h,550,550,6,0.09140893470790377,False,0.14775790967044355,,,,
extraheavy_short_baseline,power_0.72,12.369317,shift_h,550,550,6,0.09140893470790377,False,0.19999999999999996,,,,
extraheavy_short_baseline,power_0.72,12.369317,crew_veh_h,MX2,550,6,0.09140893470790377,False,0.05526758627952466,,,,
extraheavy_short_baseline,power_0.72,12.369317,crew_team_h,MX2,550,6,0.09140893470790377,False,0.06319751441987531,,,,
extraheavy_short_baseline,power_0.72,12.369317,shift_ot_h,550,550,6,0.09140893470790377,False,0.15014951598953163,,,,
extraheavy_short_baseline,power_0.72,15.436172,shift_h,550,550,6,0.09140893470790377,False,0.19999999999999996,,,,
extraheavy_short_baseline,power_0.72,15.436172,crew_veh_h,MX2,MX2,8,0.09518900343642611,False,0.07045595330127807,,,,
extraheavy_short_baseline,power_0.72,15.436172,crew_team_h,MX2,MX2,8,0.09518900343642611,False,0.07567513844431706,,,,
extraheavy_short_baseline,power_0.72,15.436172,shift_ot_h,550,550,6,0.09140893470790377,False,0.15284355622349755,,,,
extraheavy_short_baseline,power_0.72,19.263424,shift_h,550,550,6,0.09140893470790377,False,0.19999999999999996,,,,
extraheavy_short_baseline,power_0.72,19.263424,crew_veh_h,MX2,MX2,8,0.09518900343642611,False,0.08262875857073082,,,,
extraheavy_short_baseline,power_0.72,19.263424,crew_team_h,MX2,MX2,8,0.09518900343642611,False,0.08835543148573066,,,,
extraheavy_short_baseline,power_0.72,19.263424,shift_ot_h,550,550,6,0.09140893470790377,False,0.155822933215241,,,,
extraheavy_short_baseline,power_0.72,24.039607,shift_h,550,550,6,0.09140893470790377,False,0.19999999999999973,,,,
extraheavy_short_baseline,power_0.72,24.039607,crew_veh_h,MX2,MX2,8,0.09518900343642611,False,0.09590660395750628,,,,
extraheavy_short_baseline,power_0.72,24.039607,crew_team_h,MX2,300,8,0.19347079037800688,False,0.09758961499446261,,,,
extraheavy_short_baseline,power_0.72,24.039607,shift_ot_h,550,550,6,0.09140893470790377,False,0.15905154493813134,,,,
extraheavy_short_baseline,power_0.72,30.0,shift_h,550,550,6,0.09140893470790377,False,0.19999999999999973,,,,
extraheavy_short_baseline,power_0.72,30.0,crew_veh_h,MX2,MX2,8,0.09518900343642611,False,0.11008138576684101,,,,
extraheavy_short_baseline,power_0.72,30.0,crew_team_h,MX2,300,8,0.19347079037800688,False,0.1042603036793277,,,,
extraheavy_short_baseline,power_0.72,30.0,shift_ot_h,550,550,6,0.09140893470790377,False,0.16247405306116147,,,,
extraheavy_short_baseline,power_0.84,5.1,shift_h,550,550,6,0.09140893470790377,False,0.19999999999999996,,,,
extraheavy_short_baseline,power_0.84,5.1,crew_veh_h,MX2,550,6,0.09140893470790377,False,0.018009978041478858,,,,
extraheavy_short_baseline,power_0.84,5.1,crew_team_h,MX2,550,6,0.09140893470790377,False,0.02379690161024084,,,,
extraheavy_short_baseline,power_0.84,5.1,shift_ot_h,550,550,6,0.09140893470790377,False,0.14290101396640797,,,,
extraheavy_short_baseline,power_0.84,6.364497,shift_h,550,550,6,0.09140893470790377,False,0.19999999999999996,,,,
extraheavy_short_baseline,power_0.84,6.364497,crew_veh_h,MX2,550,6,0.09140893470790377,False,0.028619798096194415,,,,
extraheavy_short_baseline,power_0.84,6.364497,crew_team_h,MX2,550,6,0.09140893470790377,False,0.03517797819262225,,,,
extraheavy_short_baseline,power_0.84,6.364497,shift_ot_h,550,550,6,0.09140893470790377,False,0.1445309738691618,,,,
extraheavy_short_baseline,power_0.84,7.942513,shift_h,550,550,6,0.09140893470790377,False,0.20000000000000018,,,,
extraheavy_short_baseline,power_0.84,7.942513,crew_veh_h,MX2,550,6,0.09140893470790377,False,0.04111485571318907,,,,
extraheavy_short_baseline,power_0.84,7.942513,crew_team_h,MX2,MX2,8,0.09518900343642611,False,0.04470471513775398,,,,
extraheavy_short_baseline,power_0.84,7.942513,shift_ot_h,550,550,6,0.09140893470790377,False,0.1464390287128181,,,,
extraheavy_short_baseline,power_0.84,9.911784,shift_h,550,550,6,0.09140893470790377,False,0.20000000000000018,,,,
extraheavy_short_baseline,power_0.84,9.911784,crew_veh_h,MX2,MX2,8,0.09518900343642611,False,0.04948599058739478,,,,
extraheavy_short_baseline,power_0.84,9.911784,crew_team_h,MX2,MX2,8,0.09518900343642611,False,0.053523829609480655,,,,
extraheavy_short_baseline,power_0.84,9.911784,shift_ot_h,550,550,6,0.09140893470790377,False,0.1486436225033887,,,,
extraheavy_short_baseline,power_0.84,12.369317,shift_h,550,550,6,0.09140893470790377,False,0.20000000000000018,,,,
extraheavy_short_baseline,power_0.84,12.369317,crew_veh_h,MX2,MX2,8,0.09518900343642611,False,0.058992174025241484,,,,
extraheavy_short_baseline,power_0.84,12.369317,crew_team_h,MX2,MX2,8,0.09518900343642611,False,0.06357355681160137,,,,
extraheavy_short_baseline,power_0.84,12.369317,shift_ot_h,550,550,6,0.09140893470790377,False,0.1511527027954216,,,,
extraheavy_short_baseline,power_0.84,15.436172,shift_h,550,550,6,0.09140893470790377,False,0.19999999999999996,,,,
extraheavy_short_baseline,power_0.84,15.436172,crew_veh_h,MX2,MX2,8,0.09518900343642611,False,0.06972513064809926,,,,
extraheavy_short_baseline,power_0.84,15.436172,crew_team_h,MX2,MX2,8,0.09518900343642611,False,0.0748326780744124,,,,
extraheavy_short_baseline,power_0.84,15.436172,shift_ot_h,550,550,6,0.09140893470790377,False,0.1539597622983686,,,,
extraheavy_short_baseline,power_0.84,19.263424,shift_h,550,550,6,0.09140893470790377,False,0.19999999999999996,,,,
extraheavy_short_baseline,power_0.84,19.263424,crew_veh_h,MX2,MX2,8,0.09518900343642611,False,0.08162538778051087,,,,
extraheavy_short_baseline,power_0.84,19.263424,crew_team_h,MX2,300,8,0.19347079037800688,False,0.08190863679802485,,,,
extraheavy_short_baseline,power_0.84,19.263424,shift_ot_h,550,550,6,0.09140893470790377,False,0.15704056261364108,,,,
extraheavy_short_baseline,power_0.84,24.039607,shift_h,550,550,6,0.09140893470790377,False,0.19999999999999973,,,,
extraheavy_short_baseline,power_0.84,24.039607,crew_veh_h,MX2,MX2,8,0.09518900343642611,False,0.09455748760649896,,,,
extraheavy_short_baseline,power_0.84,24.039607,crew_team_h,MX2,300,8,0.19347079037800688,False,0.08669395321491913,,,,
extraheavy_short_baseline,power_0.84,24.039607,shift_ot_h,550,550,6,0.09140893470790377,False,0.1603514695435868,,,,
extraheavy_short_baseline,power_0.84,30.0,shift_h,550,550,6,0.09140893470790377,False,0.20000000000000018,,,,
extraheavy_short_baseline,power_0.84,30.0,crew_veh_h,MX2,MX2,8,0.09518900343642611,False,0.10830769393692341,,,,
extraheavy_short_baseline,power_0.84,30.0,crew_team_h,MX2,300,8,0.19347079037800688,False,0.09173100514197685,,,,
extraheavy_short_baseline,power_0.84,30.0,shift_ot_h,550,550,6,0.09140893470790377,False,0.16383025553942354,,,,
extraheavy_short_baseline,power_0.96,5.1,shift_h,550,550,6,0.09140893470790377,False,0.19999999999999996,,,,
extraheavy_short_baseline,power_0.96,5.1,crew_veh_h,MX2,550,6,0.09140893470790377,False,0.026971838267813242,,,,
extraheavy_short_baseline,power_0.96,5.1,crew_team_h,MX2,MX2,8,0.09518900343642611,False,0.030422306427395185,,,,
extraheavy_short_baseline,power_0.96,5.1,shift_ot_h,550,550,6,0.09140893470790377,False,0.1434978698001932,,,,
extraheavy_short_baseline,power_0.96,6.364497,shift_h,550,550,6,0.09140893470790377,False,0.19999999999999996,,,,
extraheavy_short_baseline,power_0.96,6.364497,crew_veh_h,MX2,MX2,8,0.09518900343642611,False,0.03389283805609278,,,,
extraheavy_short_baseline,power_0.96,6.364497,crew_team_h,MX2,MX2,8,0.09518900343642611,False,0.036858732243365555,,,,
extraheavy_short_baseline,power_0.96,6.364497,shift_ot_h,550,550,6,0.09140893470790377,False,0.14523234007517316,,,,
extraheavy_short_baseline,power_0.96,7.942513,shift_h,550,550,6,0.09140893470790377,False,0.19999999999999996,,,,
extraheavy_short_baseline,power_0.96,7.942513,crew_veh_h,MX2,MX2,8,0.09518900343642611,False,0.04092744547312699,,,,
extraheavy_short_baseline,power_0.96,7.942513,crew_team_h,MX2,MX2,8,0.09518900343642611,False,0.04438323281035017,,,,
extraheavy_short_baseline,power_0.96,7.942513,shift_ot_h,550,550,6,0.09140893470790377,False,0.1472530020630627,,,,
extraheavy_short_baseline,power_0.96,9.911784,shift_h,550,550,6,0.09140893470790377,False,0.19999999999999996,,,,
extraheavy_short_baseline,power_0.96,9.911784,crew_veh_h,MX2,MX2,8,0.09518900343642611,False,0.049092367031636774,,,,
extraheavy_short_baseline,power_0.96,9.911784,crew_team_h,MX2,MX2,8,0.09518900343642611,False,0.053063648143230724,,,,
extraheavy_short_baseline,power_0.96,9.911784,shift_ot_h,550,550,6,0.09140893470790377,False,0.14957473141342104,,,,
extraheavy_short_baseline,power_0.96,12.369317,shift_h,550,550,6,0.09140893470790377,False,0.19999999999999996,,,,
extraheavy_short_baseline,power_0.96,12.369317,crew_veh_h,MX2,MX2,8,0.09518900343642611,False,0.05843364949483498,,,,
extraheavy_short_baseline,power_0.96,12.369317,crew_team_h,MX2,MX2,8,0.09518900343642611,False,0.06292538929752567,,,,
extraheavy_short_baseline,power_0.96,12.369317,shift_ot_h,550,550,6,0.09140893470790377,False,0.15220035463004034,,,,
extraheavy_short_baseline,power_0.96,15.436172,shift_h,550,550,6,0.09140893470790377,False,0.19999999999999996,,,,
extraheavy_short_baseline,power_0.96,15.436172,crew_veh_h,MX2,MX2,8,0.09518900343642611,False,0.06894622532729122,,,,
extraheavy_short_baseline,power_0.96,15.436172,crew_team_h,MX2,300,8,0.19347079037800688,False,0.06866701627159832,,,,
extraheavy_short_baseline,power_0.96,15.436172,shift_ot_h,550,550,6,0.09140893470790377,False,0.15511685067072123,,,,
extraheavy_short_baseline,power_0.96,19.263424,shift_h,550,550,6,0.09140893470790377,False,0.19999999999999996,,,,
extraheavy_short_baseline,power_0.96,19.263424,crew_veh_h,MX2,MX2,8,0.09518900343642611,False,0.08055994711349679,,,,
extraheavy_short_baseline,power_0.96,19.263424,crew_team_h,MX2,300,8,0.19347079037800688,False,0.07161569697538916,,,,
extraheavy_short_baseline,power_0.96,19.263424,shift_ot_h,550,550,6,0.09140893470790377,False,0.15829258303694504,,,,
extraheavy_short_baseline,power_0.96,24.039607,shift_h,550,550,6,0.09140893470790377,False,0.19999999999999996,,,,
extraheavy_short_baseline,power_0.96,24.039607,crew_veh_h,MX2,MX2,8,0.09518900343642611,False,0.0931306537187584,,,,
extraheavy_short_baseline,power_0.96,24.039607,crew_team_h,MX2,300,8,0.19347079037800688,False,0.07477700228379991,,,,
extraheavy_short_baseline,power_0.96,24.039607,shift_ot_h,550,550,6,0.09140893470790377,False,0.16167649946596807,,,,
extraheavy_short_baseline,power_0.96,30.0,shift_h,550,380,7,0.1584192439862543,False,0.19864554762476905,,,,
extraheavy_short_baseline,power_0.96,30.0,crew_veh_h,MX2,MX2,8,0.09518900343642611,False,0.10643981696651195,,,,
extraheavy_short_baseline,power_0.96,30.0,crew_team_h,MX2,300,8,0.19347079037800688,False,0.07809013450337865,,,,
extraheavy_short_baseline,power_0.96,30.0,shift_ot_h,MX2,550,6,0.09140893470790377,False,0.17230783388191084,,,,
extraheavy_short_tight,affine,5.1,shift_h,MX2,380,7,0.1584192439862543,False,0.17052978465263924,,,,
extraheavy_short_tight,affine,5.1,crew_veh_h,MX2,MX2,8,0.0979381443298969,False,0.027623127863444896,,,,
extraheavy_short_tight,affine,5.1,crew_team_h,MX2,380,7,0.1584192439862543,False,0.0171907431907099,,,,
extraheavy_short_tight,affine,5.1,shift_ot_h,MX2,380,7,0.1584192439862543,False,0.15236924452692135,,,,
extraheavy_short_tight,affine,6.364497,shift_h,MX2,380,7,0.1584192439862543,False,0.17138125759133405,,,,
extraheavy_short_tight,affine,6.364497,crew_veh_h,MX2,MX2,8,0.0979381443298969,False,0.033604803635209235,,,,
extraheavy_short_tight,affine,6.364497,crew_team_h,MX2,380,7,0.1584192439862543,False,0.022457834430150925,,,,
extraheavy_short_tight,affine,6.364497,shift_ot_h,MX2,380,7,0.1584192439862543,False,0.15359659246163582,,,,
extraheavy_short_tight,affine,7.942513,shift_h,MX2,380,7,0.1584192439862543,False,0.1723925634061172,,,,
extraheavy_short_tight,affine,7.942513,crew_veh_h,MX2,MX2,8,0.0979381443298969,False,0.040660283029742894,,,,
extraheavy_short_tight,affine,7.942513,crew_team_h,MX2,380,7,0.1584192439862543,False,0.028638803924940115,,,,
extraheavy_short_tight,affine,7.942513,shift_ot_h,MX2,380,7,0.1584192439862543,False,0.15505575272893646,,,,
extraheavy_short_tight,affine,9.911784,shift_h,MX2,380,7,0.1584192439862543,False,0.1735810624569476,,,,
extraheavy_short_tight,affine,9.911784,crew_veh_h,MX2,MX2,8,0.0979381443298969,False,0.048884679845613066,,,,
extraheavy_short_tight,affine,9.911784,crew_team_h,MX2,380,7,0.1584192439862543,False,0.03580092904916854,,,,
extraheavy_short_tight,affine,9.911784,shift_ot_h,MX2,380,7,0.1584192439862543,False,0.15677255346562746,,,,
extraheavy_short_tight,affine,12.369317,shift_h,MX2,380,7,0.1584192439862543,False,0.1749605560261398,,,,
extraheavy_short_tight,affine,12.369317,crew_veh_h,MX2,MX2,8,0.0979381443298969,False,0.058340778490252765,,,,
extraheavy_short_tight,affine,12.369317,crew_team_h,MX2,380,7,0.1584192439862543,False,0.04397917170468291,,,,
extraheavy_short_tight,affine,12.369317,shift_ot_h,MX2,380,7,0.1584192439862543,False,0.15876793265877676,,,,
extraheavy_short_tight,affine,15.436172,shift_h,MX2,380,7,0.1584192439862543,False,0.17653883647546742,,,,
extraheavy_short_tight,affine,15.436172,crew_veh_h,MX2,MX2,8,0.0979381443298969,False,0.06904273905414815,,,,
extraheavy_short_tight,affine,15.436172,crew_team_h,MX2,380,7,0.1584192439862543,False,0.053162815674586694,,,,
extraheavy_short_tight,affine,15.436172,shift_ot_h,MX2,380,7,0.1584192439862543,False,0.16105439409771694,,,,
extraheavy_short_tight,affine,19.263424,shift_h,MX2,380,7,0.1584192439862543,False,0.17831506223866933,,,,
extraheavy_short_tight,affine,19.263424,crew_veh_h,MX2,MX2,8,0.0979381443298969,False,0.08094043209532376,,,,
extraheavy_short_tight,affine,19.263424,crew_team_h,MX2,300,8,0.19347079037800688,False,0.06262669504247897,,,,
extraheavy_short_tight,affine,19.263424,shift_ot_h,MX2,380,7,0.1584192439862543,False,0.16363215626941385,,,,
extraheavy_short_tight,affine,24.039607,shift_h,MX2,380,7,0.1584192439862543,False,0.1802773969765359,,,,
extraheavy_short_tight,affine,24.039607,crew_veh_h,MX2,MX2,8,0.0979381443298969,False,0.0939078241301814,,,,
extraheavy_short_tight,affine,24.039607,crew_team_h,MX2,300,8,0.19347079037800688,False,0.06909225040141731,,,,
extraheavy_short_tight,affine,24.039607,shift_ot_h,MX2,380,7,0.1584192439862543,False,0.16648561190370237,,,,
extraheavy_short_tight,affine,30.0,shift_h,MX2,380,7,0.1584192439862543,False,0.18240149811459538,,,,
extraheavy_short_tight,affine,30.0,crew_veh_h,MX2,MX2,8,0.0979381443298969,False,0.10773925847601551,,,,
extraheavy_short_tight,affine,30.0,crew_team_h,MX2,300,8,0.19347079037800688,False,0.07591825155169207,,,,
extraheavy_short_tight,affine,30.0,shift_ot_h,MX2,380,7,0.1584192439862543,False,0.16958094176525584,,,,
extraheavy_short_tight,piecewise,5.1,shift_h,MX2,380,7,0.1584192439862543,False,0.17085293847619032,,,,
extraheavy_short_tight,piecewise,5.1,crew_veh_h,MX2,MX2,8,0.0979381443298969,False,0.02757319528988611,,,,
extraheavy_short_tight,piecewise,5.1,crew_team_h,MX2,380,7,0.1584192439862543,False,0.017897809001494513,,,,
extraheavy_short_tight,piecewise,5.1,shift_ot_h,MX2,380,7,0.1584192439862543,False,0.15271400268285018,,,,
extraheavy_short_tight,piecewise,6.364497,shift_h,MX2,380,7,0.1584192439862543,False,0.171773858933439,,,,
extraheavy_short_tight,piecewise,6.364497,crew_veh_h,MX2,MX2,8,0.0979381443298969,False,0.03353093314148703,,,,
extraheavy_short_tight,piecewise,6.364497,crew_team_h,MX2,380,7,0.1584192439862543,False,0.023303007145881738,,,,
extraheavy_short_tight,piecewise,6.364497,shift_ot_h,MX2,380,7,0.1584192439862543,False,0.15401506287214928,,,,
extraheavy_short_tight,piecewise,7.942513,shift_h,MX2,380,7,0.1584192439862543,False,0.1728668155720603,,,,
extraheavy_short_tight,piecewise,7.942513,crew_veh_h,MX2,MX2,8,0.0979381443298969,False,0.04055218726432419,,,,
extraheavy_short_tight,piecewise,7.942513,crew_team_h,MX2,380,7,0.1584192439862543,False,0.029640229581127775,,,,
extraheavy_short_tight,piecewise,7.942513,shift_ot_h,MX2,380,7,0.1584192439862543,False,0.15556070000844024,,,,
extraheavy_short_tight,piecewise,9.911784,shift_h,MX2,380,7,0.1584192439862543,False,0.17415011715301376,,,,
extraheavy_short_tight,piecewise,9.911784,crew_veh_h,MX2,MX2,8,0.0979381443298969,False,0.048728516191598015,,,,
extraheavy_short_tight,piecewise,9.911784,crew_team_h,MX2,380,7,0.1584192439862543,False,0.036975567180566715,,,,
extraheavy_short_tight,piecewise,9.911784,shift_ot_h,MX2,380,7,0.1584192439862543,False,0.15737763845887254,,,,
extraheavy_short_tight,piecewise,12.369317,shift_h,MX2,380,7,0.1584192439862543,False,0.17563808617459387,,,,
extraheavy_short_tight,piecewise,12.369317,crew_veh_h,MX2,MX2,8,0.0979381443298969,False,0.058118493280614913,,,,
extraheavy_short_tight,piecewise,12.369317,crew_team_h,MX2,380,7,0.1584192439862543,False,0.04534131707627642,,,,
extraheavy_short_tight,piecewise,12.369317,shift_ot_h,MX2,380,7,0.1584192439862543,False,0.1594872227609001,,,,
extraheavy_short_tight,piecewise,15.436172,shift_h,MX2,380,7,0.1584192439862543,False,0.17733841859900168,,,,
extraheavy_short_tight,piecewise,15.436172,crew_veh_h,MX2,MX2,8,0.0979381443298969,False,0.06873163997981768,,,,
extraheavy_short_tight,piecewise,15.436172,crew_team_h,MX2,300,8,0.19347079037800688,False,0.05359380115790824,,,,
extraheavy_short_tight,piecewise,15.436172,shift_ot_h,MX2,380,7,0.1584192439862543,False,0.1619016707421581,,,,
extraheavy_short_tight,piecewise,19.263424,shift_h,MX2,380,7,0.1584192439862543,False,0.17924938609226482,,,,
extraheavy_short_tight,piecewise,19.263424,crew_veh_h,MX2,MX2,8,0.0979381443298969,False,0.08051320710867316,,,,
extraheavy_short_tight,piecewise,19.263424,crew_team_h,MX2,300,8,0.19347079037800688,False,0.059043863665834806,,,,
extraheavy_short_tight,piecewise,19.263424,shift_ot_h,MX2,380,7,0.1584192439862543,False,0.16462004553634602,,,,
extraheavy_short_tight,piecewise,24.039607,shift_h,MX2,380,7,0.1584192439862543,False,0.18135736428040272,,,,
extraheavy_short_tight,piecewise,24.039607,crew_veh_h,MX2,MX2,8,0.0979381443298969,False,0.09333322883150275,,,,
extraheavy_short_tight,piecewise,24.039607,crew_team_h,MX2,300,8,0.19347079037800688,False,0.06491751482621755,,,,
extraheavy_short_tight,piecewise,24.039607,shift_ot_h,MX2,380,7,0.1584192439862543,False,0.167624614097708,,,,
extraheavy_short_tight,piecewise,30.0,shift_h,MX2,380,7,0.1584192439862543,False,0.18363531887793427,,,,
extraheavy_short_tight,piecewise,30.0,crew_veh_h,MX2,MX2,8,0.0979381443298969,False,0.1069836179134458,,,,
extraheavy_short_tight,piecewise,30.0,crew_team_h,MX2,300,8,0.19347079037800688,False,0.07110750816058786,,,,
extraheavy_short_tight,piecewise,30.0,shift_ot_h,MX2,380,7,0.1584192439862543,False,0.17087848664303396,,,,
extraheavy_short_tight,power_0.72,5.1,shift_h,MX2,380,7,0.1584192439862543,False,0.1714060287510284,,,,
extraheavy_short_tight,power_0.72,5.1,crew_veh_h,MX2,550,7,0.09140893470790377,False,0.02620934420273935,,,,
extraheavy_short_tight,power_0.72,5.1,crew_team_h,MX2,380,7,0.1584192439862543,False,0.017828183659244656,,,,
extraheavy_short_tight,power_0.72,5.1,shift_ot_h,MX2,380,7,0.1584192439862543,False,0.15318516666798065,,,,
extraheavy_short_tight,power_0.72,6.364497,shift_h,MX2,380,7,0.1584192439862543,False,0.17245368767143665,,,,
extraheavy_short_tight,power_0.72,6.364497,crew_veh_h,MX2,MX2,8,0.0979381443298969,False,0.033716827213321476,,,,
extraheavy_short_tight,power_0.72,6.364497,crew_team_h,MX2,380,7,0.1584192439862543,False,0.023251146604951423,,,,
extraheavy_short_tight,power_0.72,6.364497,shift_ot_h,MX2,380,7,0.1584192439862543,False,0.15459682816878462,,,,
extraheavy_short_tight,power_0.72,7.942513,shift_h,MX2,380,7,0.1584192439862543,False,0.17369944367152979,,,,
extraheavy_short_tight,power_0.72,7.942513,crew_veh_h,MX2,MX2,8,0.0979381443298969,False,0.04082439927718173,,,,
extraheavy_short_tight,power_0.72,7.942513,crew_team_h,MX2,380,7,0.1584192439862543,False,0.02962389780707242,,,,
extraheavy_short_tight,power_0.72,7.942513,shift_ot_h,MX2,380,7,0.1584192439862543,False,0.15627701897115598,,,,
extraheavy_short_tight,power_0.72,9.911784,shift_h,MX2,380,7,0.1584192439862543,False,0.1751654702191845,,,,
extraheavy_short_tight,power_0.72,9.911784,crew_veh_h,MX2,MX2,8,0.0979381443298969,False,0.049122096426585715,,,,
extraheavy_short_tight,power_0.72,9.911784,crew_team_h,MX2,380,7,0.1584192439862543,False,0.037020247639438564,,,,
extraheavy_short_tight,power_0.72,9.911784,shift_ot_h,MX2,380,7,0.1584192439862543,False,0.15825653200059797,,,,
extraheavy_short_tight,power_0.72,12.369317,shift_h,MX2,380,7,0.1584192439862543,False,0.17686980486310144,,,,
extraheavy_short_tight,power_0.72,12.369317,crew_veh_h,MX2,MX2,8,0.0979381443298969,False,0.058679246890851244,,,,
extraheavy_short_tight,power_0.72,12.369317,crew_team_h,MX2,380,7,0.1584192439862543,False,0.045481740132142345,,,,
extraheavy_short_tight,power_0.72,12.369317,shift_ot_h,MX2,380,7,0.1584192439862543,False,0.16056086737047015,,,,
extraheavy_short_tight,power_0.72,15.436172,shift_h,MX2,380,7,0.1584192439862543,False,0.17882332240055754,,,,
extraheavy_short_tight,power_0.72,15.436172,crew_veh_h,MX2,MX2,8,0.0979381443298969,False,0.06951727831650034,,,,
extraheavy_short_tight,power_0.72,15.436172,crew_team_h,MX2,380,7,0.1584192439862543,False,0.055003589477873316,,,,
extraheavy_short_tight,power_0.72,15.436172,shift_ot_h,MX2,380,7,0.1584192439862543,False,0.16320614458047578,,,,
extraheavy_short_tight,power_0.72,19.263424,shift_h,MX2,380,7,0.1584192439862543,False,0.18102643739608748,,,,
extraheavy_short_tight,power_0.72,19.263424,crew_veh_h,MX2,MX2,8,0.0979381443298969,False,0.08159338498324598,,,,
extraheavy_short_tight,power_0.72,19.263424,crew_team_h,MX2,380,7,0.1584192439862543,False,0.06552204655127647,,,,
extraheavy_short_tight,power_0.72,19.263424,shift_ot_h,MX2,380,7,0.1584192439862543,False,0.16619458866054715,,,,
extraheavy_short_tight,power_0.72,24.039607,shift_h,MX2,380,7,0.1584192439862543,False,0.18346606074701244,,,,
extraheavy_short_tight,power_0.72,24.039607,crew_veh_h,MX2,MX2,8,0.0979381443298969,False,0.0947878917036995,,,,
extraheavy_short_tight,power_0.72,24.039607,crew_team_h,MX2,380,7,0.1584192439862543,False,0.07690633352938625,,,,
extraheavy_short_tight,power_0.72,24.039607,shift_ot_h,MX2,380,7,0.1584192439862543,False,0.16951027776627337,,,,
extraheavy_short_tight,power_0.72,30.0,shift_h,MX2,380,7,0.1584192439862543,False,0.18611353019682997,,,,
extraheavy_short_tight,power_0.72,30.0,crew_veh_h,MX2,MX2,8,0.0979381443298969,False,0.10889926466751909,,,,
extraheavy_short_tight,power_0.72,30.0,crew_team_h,MX2,300,8,0.19347079037800688,False,0.08660241841623417,,,,
extraheavy_short_tight,power_0.72,30.0,shift_ot_h,MX2,380,7,0.1584192439862543,False,0.17311611947327865,,,,
extraheavy_short_tight,power_0.84,5.1,shift_h,MX2,380,7,0.1584192439862543,False,0.1717226271148915,,,,
extraheavy_short_tight,power_0.84,5.1,crew_veh_h,MX2,MX2,8,0.0979381443298969,False,0.02758510688107707,,,,
extraheavy_short_tight,power_0.84,5.1,crew_team_h,MX2,380,7,0.1584192439862543,False,0.018913083283509602,,,,
extraheavy_short_tight,power_0.84,5.1,shift_ot_h,MX2,380,7,0.1584192439862543,False,0.15355942953181967,,,,
extraheavy_short_tight,power_0.84,6.364497,shift_h,MX2,380,7,0.1584192439862543,False,0.17283537927141523,,,,
extraheavy_short_tight,power_0.84,6.364497,crew_veh_h,MX2,MX2,8,0.0979381443298969,False,0.0335485499569681,,,,
extraheavy_short_tight,power_0.84,6.364497,crew_team_h,MX2,380,7,0.1584192439862543,False,0.02453794142140886,,,,
extraheavy_short_tight,power_0.84,6.364497,shift_ot_h,MX2,380,7,0.1584192439862543,False,0.15504760982144083,,,,
extraheavy_short_tight,power_0.84,7.942513,shift_h,MX2,380,7,0.1584192439862543,False,0.17415624347594783,,,,
extraheavy_short_tight,power_0.84,7.942513,crew_veh_h,MX2,MX2,8,0.0979381443298969,False,0.04057795714900081,,,,
extraheavy_short_tight,power_0.84,7.942513,crew_team_h,MX2,380,7,0.1584192439862543,False,0.03113414280804805,,,,
extraheavy_short_tight,power_0.84,7.942513,shift_ot_h,MX2,380,7,0.1584192439862543,False,0.15681585816983334,,,,
extraheavy_short_tight,power_0.84,9.911784,shift_h,MX2,380,7,0.1584192439862543,False,0.17570747667798448,,,,
extraheavy_short_tight,power_0.84,9.911784,crew_veh_h,MX2,MX2,8,0.0979381443298969,False,0.04876573015535879,,,,
extraheavy_short_tight,power_0.84,9.911784,crew_team_h,MX2,380,7,0.1584192439862543,False,0.03877119381652383,,,,
extraheavy_short_tight,power_0.84,9.911784,shift_ot_h,MX2,380,7,0.1584192439862543,False,0.1588949207135797,,,,
extraheavy_short_tight,power_0.84,12.369317,shift_h,MX2,380,7,0.1584192439862543,False,0.17750655830589168,,,,
extraheavy_short_tight,power_0.84,12.369317,crew_veh_h,MX2,MX2,8,0.0979381443298969,False,0.05817143916015044,,,,
extraheavy_short_tight,power_0.84,12.369317,crew_team_h,MX2,380,7,0.1584192439862543,False,0.04748358810777775,,,,
extraheavy_short_tight,power_0.84,12.369317,shift_ot_h,MX2,380,7,0.1584192439862543,False,0.1613094430277331,,,,
extraheavy_short_tight,power_0.84,15.436172,shift_h,MX2,380,7,0.1584192439862543,False,0.17956299712842494,,,,
extraheavy_short_tight,power_0.84,15.436172,crew_veh_h,MX2,MX2,8,0.0979381443298969,False,0.06880570090652016,,,,
extraheavy_short_tight,power_0.84,15.436172,crew_team_h,MX2,300,8,0.19347079037800688,False,0.05577172899888372,,,,
extraheavy_short_tight,power_0.84,15.436172,shift_ot_h,MX2,380,7,0.1584192439862543,False,0.16407368138931133,,,,
extraheavy_short_tight,power_0.84,19.263424,shift_h,MX2,380,7,0.1584192439862543,False,0.18187493861532467,,,,
extraheavy_short_tight,power_0.84,19.263424,crew_veh_h,MX2,MX2,8,0.0979381443298969,False,0.08061485308819916,,,,
extraheavy_short_tight,power_0.84,19.263424,crew_team_h,MX2,300,8,0.19347079037800688,False,0.061591215287676526,,,,
extraheavy_short_tight,power_0.84,19.263424,shift_ot_h,MX2,380,7,0.1584192439862543,False,0.16718688039399843,,,,
extraheavy_short_tight,power_0.84,24.039607,shift_h,MX2,380,7,0.1584192439862543,False,0.1844261546850905,,,,
extraheavy_short_tight,power_0.84,24.039607,crew_veh_h,MX2,MX2,8,0.0979381443298969,False,0.09346984932352709,,,,
extraheavy_short_tight,power_0.84,24.039607,crew_team_h,MX2,300,8,0.19347079037800688,False,0.06786551082114367,,,,
extraheavy_short_tight,power_0.84,24.039607,shift_ot_h,MX2,380,7,0.1584192439862543,False,0.17062907714863407,,,,
extraheavy_short_tight,power_0.84,30.0,shift_h,MX2,380,7,0.1584192439862543,False,0.18718417973141577,,,,
extraheavy_short_tight,power_0.84,30.0,crew_veh_h,MX2,MX2,8,0.0979381443298969,False,0.10716316187843122,,,,
extraheavy_short_tight,power_0.84,30.0,crew_team_h,MX2,300,8,0.19347079037800688,False,0.07448054424569572,,,,
extraheavy_short_tight,power_0.84,30.0,shift_ot_h,MX2,380,7,0.1584192439862543,False,0.1743583551965151,,,,
extraheavy_short_tight,power_0.96,5.1,shift_h,MX2,380,7,0.1584192439862543,False,0.17185208161330023,,,,
extraheavy_short_tight,power_0.96,5.1,crew_veh_h,MX2,MX2,8,0.0979381443298969,False,0.027462363685799573,,,,
extraheavy_short_tight,power_0.96,5.1,crew_team_h,MX2,380,7,0.1584192439862543,False,0.019817835796616112,,,,
extraheavy_short_tight,power_0.96,5.1,shift_ot_h,MX2,380,7,0.1584192439862543,False,0.15375555788776607,,,,
extraheavy_short_tight,power_0.96,6.364497,shift_h,MX2,380,7,0.1584192439862543,False,0.17298790993288793,,,,
extraheavy_short_tight,power_0.96,6.364497,crew_veh_h,MX2,MX2,8,0.0979381443298969,False,0.033367174705123626,,,,
extraheavy_short_tight,power_0.96,6.364497,crew_team_h,MX2,380,7,0.1584192439862543,False,0.025601394090185803,,,,
extraheavy_short_tight,power_0.96,6.364497,shift_ot_h,MX2,380,7,0.1584192439862543,False,0.15527988746350285,,,,
extraheavy_short_tight,power_0.96,7.942513,shift_h,MX2,380,7,0.1584192439862543,False,0.1743336448470536,,,,
extraheavy_short_tight,power_0.96,7.942513,crew_veh_h,MX2,MX2,8,0.0979381443298969,False,0.04031291240667678,,,,
extraheavy_short_tight,power_0.96,7.942513,crew_team_h,MX2,380,7,0.1584192439862543,False,0.03236845171134872,,,,
extraheavy_short_tight,power_0.96,7.942513,shift_ot_h,MX2,380,7,0.1584192439862543,False,0.1570877591403652,,,,
extraheavy_short_tight,power_0.96,9.911784,shift_h,MX2,380,7,0.1584192439862543,False,0.17591060259747748,,,,
extraheavy_short_tight,power_0.96,9.911784,crew_veh_h,MX2,MX2,8,0.0979381443298969,False,0.0483834372059162,,,,
extraheavy_short_tight,power_0.96,9.911784,crew_team_h,MX2,300,8,0.19347079037800688,False,0.03980484979837873,,,,
extraheavy_short_tight,power_0.96,9.911784,shift_ot_h,MX2,380,7,0.1584192439862543,False,0.1592087992384894,,,,
extraheavy_short_tight,power_0.96,12.369317,shift_h,MX2,380,7,0.1584192439862543,False,0.1777348226072204,,,,
extraheavy_short_tight,power_0.96,12.369317,crew_veh_h,MX2,MX2,8,0.0979381443298969,False,0.05762827603848564,,,,
extraheavy_short_tight,power_0.96,12.369317,crew_team_h,MX2,300,8,0.19347079037800688,False,0.0433570262788201,,,,
extraheavy_short_tight,power_0.96,12.369317,shift_ot_h,MX2,380,7,0.1584192439862543,False,0.1616658403479867,,,,
extraheavy_short_tight,power_0.96,15.436172,shift_h,MX2,380,7,0.1584192439862543,False,0.17981384380832677,,,,
extraheavy_short_tight,power_0.96,15.436172,crew_veh_h,MX2,MX2,8,0.0979381443298969,False,0.06804709045251123,,,,
extraheavy_short_tight,power_0.96,15.436172,crew_team_h,MX2,300,8,0.19347079037800688,False,0.047328188013599615,,,,
extraheavy_short_tight,power_0.96,15.436172,shift_ot_h,MX2,380,7,0.1584192439862543,False,0.16447056703429963,,,,
extraheavy_short_tight,power_0.96,19.263424,shift_h,MX2,380,7,0.1584192439862543,False,0.1821433739407201,,,,
extraheavy_short_tight,power_0.96,19.263424,crew_veh_h,MX2,MX2,8,0.0979381443298969,False,0.07957546179622743,,,,
extraheavy_short_tight,power_0.96,19.263424,crew_team_h,MX2,300,8,0.19347079037800688,False,0.05168312473333958,,,,
extraheavy_short_tight,power_0.96,19.263424,shift_ot_h,MX2,380,7,0.1584192439862543,False,0.16761894751865092,,,,
extraheavy_short_tight,power_0.96,24.039607,shift_h,MX2,380,7,0.1584192439862543,False,0.18470446802486817,,,,
extraheavy_short_tight,power_0.96,24.039607,crew_veh_h,MX2,MX2,8,0.0979381443298969,False,0.09207540866527619,,,,
extraheavy_short_tight,power_0.96,24.039607,crew_team_h,MX2,300,8,0.19347079037800688,False,0.056359270281721274,,,,
extraheavy_short_tight,power_0.96,24.039607,shift_ot_h,MX2,380,7,0.1584192439862543,False,0.17108726290389997,,,,
extraheavy_short_tight,power_0.96,30.0,shift_h,MX2,380,7,0.1584192439862543,False,0.18746198835252748,,,,
extraheavy_short_tight,power_0.96,30.0,crew_veh_h,MX2,MX2,8,0.0979381443298969,False,0.10533422025701888,,,,
extraheavy_short_tight,power_0.96,30.0,crew_team_h,MX2,300,8,0.19347079037800688,False,0.061267989582380444,,,,
extraheavy_short_tight,power_0.96,30.0,shift_ot_h,MX2,380,7,0.1584192439862543,False,0.1748297769522924,,,,
jiang_long_baseline,affine,5.1,shift_h,425,425,9,0.012714776632302405,False,0.125,0.014720251274813467,0.014720251274813467,0.014720251274813467,0.014720251274813467
jiang_long_baseline,affine,5.1,crew_veh_h,500,425,9,0.012714776632302405,False,0.0010188385208622641,0.0,0.0,0.013326776950546737,0.013326776950546737
jiang_long_baseline,affine,5.1,crew_team_h,425,425,9,0.012714776632302405,False,-0.002584571918052725,0.008160290687299065,0.007461939004496987,0.02528658610222534,0.017425843535834096
jiang_long_baseline,affine,5.1,shift_ot_h,425,425,9,0.012714776632302405,False,0.08950294554815441,0.008141002232321837,0.008141002232321837,0.034772355444725456,0.034772355444725456
jiang_long_baseline,affine,6.364497,shift_h,425,425,9,0.012714776632302405,False,0.125,0.017916956583133636,0.017916956583133636,0.017916956583133414,0.017916956583133414
jiang_long_baseline,affine,6.364497,crew_veh_h,425,425,9,0.012714776632302405,False,0.0005323499685765398,9.768476136651216e-06,9.768476136651216e-06,0.0168917719584456,0.0168917719584456
jiang_long_baseline,affine,6.364497,crew_team_h,425,425,9,0.012714776632302405,False,0.000538463399967215,0.011493738553184807,0.004833155969563574,0.028563327858832643,0.01573503860832104
jiang_long_baseline,affine,6.364497,shift_ot_h,425,425,9,0.012714776632302405,False,0.09032718266256357,0.011303544150962352,0.011303544150962352,0.03739742612930175,0.03739742612930175
jiang_long_baseline,affine,7.942513,shift_h,425,425,9,0.012714776632302405,False,0.125,0.02169169628512191,0.02169169628512191,0.02169169628512213,0.02169169628512213
jiang_long_baseline,affine,7.942513,crew_veh_h,425,425,9,0.012714776632302405,False,0.0041811361197257035,0.004240852167916254,0.004240852167916254,0.021077479582230163,0.021077479582230163
jiang_long_baseline,affine,7.942513,crew_team_h,425,425,9,0.012714776632302405,False,0.004227728424355703,0.015431565497143529,0.0017277548709826451,0.03240790914208036,0.013751227413913769
jiang_long_baseline,affine,7.942513,shift_ot_h,425,425,9,0.012714776632302405,False,0.09130360383932556,0.015050005997651716,0.015050005997651716,0.04050204894575948,0.04050204894575948
jiang_long_baseline,affine,9.911784,shift_h,425,425,9,0.012714776632302405,False,0.125,0.02609753227479672,0.02609753227479672,0.02609753227479672,0.02609753227479672
jiang_long_baseline,affine,9.911784,crew_veh_h,425,425,9,0.012714776632302405,False,0.008445126753441334,0.009185318761699257,0.009185318761699257,0.02593053872324136,0.02593053872324136
jiang_long_baseline,affine,9.911784,crew_team_h,MX2,425,9,0.012714776632302405,False,0.010454311752550183,0.021970271717753675,0.0,0.036861828692202,0.011452996524370151
jiang_long_baseline,affine,9.911784,shift_ot_h,425,425,9,0.012714776632302405,False,0.09244760099130755,0.019439445498373953,0.019439445498373953,0.0441324351020449,0.0441324351020449
jiang_long_baseline,affine,12.369317,shift_h,425,425,9,0.012714776632302405,False,0.125,0.03117081525734644,0.03117081525734644,0.03117081525734622,0.03117081525734622
jiang_long_baseline,affine,12.369317,crew_veh_h,425,425,9,0.012714776632302405,False,0.013361982803669958,0.014886839373533078,0.014886839373533078,0.03147595671242942,0.03147595671242942
jiang_long_baseline,affine,12.369317,crew_team_h,MX2,425,9,0.012714776632302405,False,0.019695756472948744,0.03159658686132749,0.0,0.041946404387925185,0.008829345874053374
jiang_long_baseline,affine,12.369317,shift_ot_h,425,425,9,0.012714776632302405,False,0.09377071542709547,0.02451614587158879,0.02451614587158879,0.04832176522958376,0.04832176522958376
jiang_long_baseline,affine,15.436172,shift_h,425,425,9,0.012714776632302405,False,0.12499999999999978,0.03692237112421726,0.03692237112421726,0.03692237112421748,0.03692237112421748
jiang_long_baseline,affine,15.436172,crew_veh_h,425,425,9,0.012714776632302405,False,0.018945160289841834,0.02136101742384544,0.02136101742384544,0.03770798890366933,0.03721933952785461
jiang_long_baseline,affine,15.436172,crew_team_h,MX2,425,9,0.012714776632302405,False,0.03027394478266565,0.042615315793681274,0.0,0.047654485103970634,0.005883965457097906
jiang_long_baseline,affine,15.436172,shift_ot_h,425,425,9,0.012714776632302405,False,0.09527830083922173,0.030300648872523483,0.030300648872523483,0.053082842557249155,0.053082842557249155
jiang_long_baseline,affine,19.263424,shift_h,425,425,9,0.012714776632302405,False,0.125,0.04332886836011407,0.04332886836011407,0.04332886836011407,0.04332886836011407
jiang_long_baseline,affine,19.263424,crew_veh_h,425,425,9,0.012714776632302405,False,0.025175346347281025,0.028585457972678974,0.014719508278324689,0.044582086980618385,0.03198311440032198
jiang_long_baseline,affine,19.263424,crew_team_h,MX2,425,9,0.012714776632302405,False,0.04218526841683712,0.05502269997967768,0.0,0.05394323782788213,0.002638957188728641
jiang_long_baseline,affine,19.263424,shift_ot_h,425,425,9,0.012714776632302405,False,0.09696711393496438,0.03678051020692141,0.03678051020692141,0.058400710888758534,0.058400710888758534
jiang_long_baseline,affine,24.039607,shift_h,425,425,9,0.012714776632302405,False,0.12500000000000022,0.050326178597214444,0.0465750383526744,0.050326178597214,0.050326178597214
jiang_long_baseline,affine,24.039607,crew_veh_h,425,425,9,0.012714776632302405,False,0.03199365982756497,0.036491883226673405,0.006888541170003926,0.05200997681436936,0.026325047995588546
jiang_long_baseline,affine,24.039607,crew_team_h,MX2,300,11,0.12508591065292096,False,0.05274215908785318,0.06873836436843161,0.0,0.06336011416137333,0.0016145123185287158
jiang_long_baseline,affine,24.039607,shift_ot_h,425,425,9,0.012714776632302405,False,0.09882328094949977,0.043902497179900246,0.043902497179900246,0.06422670007528253,0.06422670007528253
jiang_long_baseline,affine,30.0,shift_h,425,425,9,0.012714776632302405,False,0.125,0.057806822783515566,0.034917701162354486,0.05780682278351579,0.05780682278351579
jiang_long_baseline,affine,30.0,crew_veh_h,MX2,425,9,0.012714776632302405,False,0.04086141857871506,0.04653394022402657,0.0,0.05985992680091723,0.020345484580968742
jiang_long_baseline,affine,30.0,crew_team_h,MX2,300,11,0.12508591065292096,False,0.060616314790059134,0.08359447355895444,0.0,0.0769524865268374,0.0038866278239659824
jiang_long_baseline,affine,30.0,shift_ot_h,425,425,9,0.012714776632302405,False,0.10082119990874405,0.051568376752900935,0.03316117285699138,0.07047565389158739,0.07047565389158739
jiang_long_baseline,piecewise,5.1,shift_h,425,425,9,0.012714776632302405,False,0.125,0.015935481591964784,0.015935481591964784,0.015935481591964784,0.015935481591964784
jiang_long_baseline,piecewise,5.1,crew_veh_h,500,425,9,0.012714776632302405,False,0.0001010747308318738,0.0,0.0,0.014674733573900145,0.014674733573900145
jiang_long_baseline,piecewise,5.1,crew_team_h,425,425,9,0.012714776632302405,False,-0.0022566117721850576,0.009383119911022586,0.005825810697002609,0.026615741727361808,0.015432689291379642
jiang_long_baseline,piecewise,5.1,shift_ot_h,425,425,9,0.012714776632302405,False,0.08958940157608875,0.009299682123441011,0.009299682123441011,0.03590172045230555,0.03590172045230555
jiang_long_baseline,piecewise,6.364497,shift_h,425,425,9,0.012714776632302405,False,0.125,0.019385186456014836,0.019385186456014836,0.019385186456014836,0.019385186456014836
jiang_long_baseline,piecewise,6.364497,crew_veh_h,425,425,9,0.012714776632302405,False,0.000917228888470456,0.0015059642804677864,0.0015059642804677864,0.018514775716815146,0.018514775716815146
jiang_long_baseline,piecewise,6.364497,crew_team_h,425,425,9,0.012714776632302405,False,0.00092772927065643,0.01297114545685174,0.0028506786594317823,0.030163865561142256,0.01332360015328371
jiang_long_baseline,piecewise,6.364497,shift_ot_h,425,425,9,0.012714776632302405,False,0.09043006746885607,0.012705795585082003,0.012705795585082003,0.03876424996631833,0.03876424996631833
jiang_long_baseline,piecewise,7.942513,shift_h,425,425,9,0.012714776632302405,False,0.125,0.023453682577825985,0.023453682577825985,0.023453682577825985,0.023453682577825985
jiang_long_baseline,piecewise,7.942513,crew_veh_h,425,425,9,0.012714776632302405,False,0.004633398829857249,0.006036257363458475,0.006036257363458475,0.023017419069625067,0.023017419069625067
jiang_long_baseline,piecewise,7.942513,crew_team_h,MX2,425,9,0.012714776632302405,False,0.005347951201499557,0.017875925641566592,0.0,0.03432126428455873,0.010852343539630382
jiang_long_baseline,piecewise,7.942513,shift_ot_h,425,425,9,0.012714776632302405,False,0.09142479184392838,0.016736105502143772,0.016736105502143772,0.04214566408143283,0.04214566408143283
jiang_long_baseline,piecewise,9.911784,shift_h,425,425,9,0.012714776632302405,False,0.125,0.02819556577963689,0.02819556577963689,0.02819556577963689,0.02819556577963689
jiang_long_baseline,piecewise,9.911784,crew_veh_h,425,425,9,0.012714776632302405,False,0.008969988224726277,0.011322888827900224,0.011322888827900224,0.028229848668878788,0.028229848668878788
jiang_long_baseline,piecewise,9.911784,crew_team_h,MX2,425,9,0.012714776632302405,False,0.013884790777561884,0.027022343211441147,0.0,0.03913004583770352,0.007993889490013117
jiang_long_baseline,piecewise,9.911784,shift_ot_h,425,425,9,0.012714776632302405,False,0.09258863752911695,0.021451641709453018,0.021451641709453018,0.04609416406334743,0.04609416406334743
jiang_long_baseline,piecewise,12.369317,shift_h,425,425,9,0.012714776632302405,False,0.125,0.03364672284226122,0.03364672284226122,0.03364672284226122,0.03364672284226122
jiang_long_baseline,piecewise,12.369317,crew_veh_h,425,425,9,0.012714776632302405,False,0.01396235443720184,0.017408961983019333,0.017408961983019333,0.03417529023559229,0.03417529023559229
jiang_long_baseline,piecewise,12.369317,crew_team_h,MX2,425,9,0.012714776632302405,False,0.023791368296287585,0.03763630565823051,0.0,0.04460986850534221,0.0047365526527318735
jiang_long_baseline,piecewise,12.369317,shift_ot_h,425,425,9,0.012714776632302405,False,0.093932565411871,0.02689681427123558,0.02689681427123558,0.050643164384338135,0.050643164384338135
jiang_long_baseline,piecewise,15.436172,shift_h,425,425,9,0.012714776632302405,False,0.12499999999999978,0.03981494684782172,0.03981494684782172,0.03981494684782194,0.03981494684782194
jiang_long_baseline,piecewise,15.436172,crew_veh_h,425,425,9,0.012714776632302405,False,0.01962064839279365,0.024306851577105437,0.017729218767234434,0.04084340110624707,0.03224758948397999
jiang_long_baseline,piecewise,15.436172,crew_team_h,MX2,425,9,0.012714776632302405,False,0.03512266251587404,0.04977671753033075,0.0,0.050749172943567844,0.0010872041765455087
jiang_long_baseline,piecewise,15.436172,shift_ot_h,425,425,9,0.012714776632302405,False,0.09546107192226039,0.03308984130615622,0.03308984130615622,0.055803370230584015,0.055803370230584015
jiang_long_baseline,piecewise,19.263424,shift_h,425,425,9,0.012714776632302405,False,0.12499999999999978,0.04667093360776953,0.04667093360776953,0.046670933607769305,0.046670933607769305
jiang_long_baseline,piecewise,19.263424,crew_veh_h,425,425,9,0.012714776632302405,False,0.02592135428583986,0.03198789005904712,0.009908633303254977,0.048182019005299725,0.02622837119196708
jiang_long_baseline,piecewise,19.263424,crew_team_h,MX2,300,11,0.12508591065292096,False,0.044535211827837706,0.06343588510357145,0.0,0.06087545228006341,0.00026037170199444404
jiang_long_baseline,piecewise,19.263424,shift_ot_h,425,425,9,0.012714776632302405,False,0.09716979687382521,0.04001305671175337,0.04001305671175337,0.06155496926561721,0.06155496926561721
jiang_long_baseline,piecewise,24.039607,shift_h,425,425,9,0.012714776632302405,False,0.125,0.05414163368349345,0.04062928750988948,0.05414163368349323,0.05414163368349323
jiang_long_baseline,piecewise,24.039607,crew_veh_h,425,425,9,0.012714776632302405,False,0.032800818801114184,0.04037447920857318,0.0013696789223658357,0.05609247922734828,0.01974012128963376
jiang_long_baseline,piecewise,24.039607,crew_team_h,MX2,300,11,0.12508591065292096,False,0.05162292432763693,0.07852146128771675,0.0,0.0752206088477465,0.002507743114546823
jiang_long_baseline,piecewise,24.039607,shift_ot_h,425,425,9,0.012714776632302405,False,0.09904356705796169,0.047604983424992975,0.038493586842944794,0.06784155446306572,0.06784155446306572
jiang_long_baseline,piecewise,30.0,shift_h,425,425,9,0.012714776632302405,False,0.12500000000000022,0.062108172537772566,0.028214764461971464,0.062108172537772344,0.062108172537772344
jiang_long_baseline,piecewise,30.0,crew_veh_h,MX2,425,9,0.012714776632302405,False,0.048283104052820436,0.05753919998083168,0.0,0.06443063260468507,0.012901072572170325
jiang_long_baseline,piecewise,30.0,crew_team_h,MX2,300,11,0.12508591065292096,False,0.05929226779403529,0.09484498811643638,0.0,0.09052671321159722,0.004905660573485848
jiang_long_baseline,piecewise,30.0,shift_ot_h,425,425,9,0.012714776632302405,False,0.10105544061498173,0.05575646151473368,0.026745939001735053,0.0745676622177125,0.0745676622177125
jiang_long_baseline,power_0.72,5.1,shift_h,425,425,9,0.012714776632302405,False,0.125,0.012349076268830084,0.012349076268830084,0.012349076268830306,0.012349076268830306
jiang_long_baseline,power_0.72,5.1,crew_veh_h,500,425,9,0.012714776632302405,False,0.003060451141006615,0.0,0.0,0.010698620204502518,0.010698620204502518
jiang_long_baseline,power_0.72,5.1,crew_team_h,425,425,9,0.012714776632302405,False,-0.002937230510895561,0.005789155284667835,0.005789155284667835,0.022664613893543573,0.01930573204169317
jiang_long_baseline,power_0.72,5.1,shift_ot_h,425,425,9,0.012714776632302405,False,0.08941000467385019,0.005894927266543393,0.005894927266543393,0.03252490935705388,0.03252490935705388
jiang_long_baseline,power_0.72,6.364497,shift_h,425,425,9,0.012714776632302405,False,0.125,0.015039945955546141,0.015039945955546141,0.01503994595554592,0.01503994595554592
jiang_long_baseline,power_0.72,6.364497,crew_veh_h,500,425,9,0.012714776632302405,False,0.002999453198187174,0.0,0.0,0.013712476943389618,0.013712476943389618
jiang_long_baseline,power_0.72,6.364497,crew_team_h,425,425,9,0.012714776632302405,False,0.0001193964641417189,0.008616622612497071,0.00664575522477695,0.025391609350645217,0.018011575650744627
jiang_long_baseline,power_0.72,6.364497,shift_ot_h,425,425,9,0.012714776632302405,False,0.09021645826575231,0.008574189498222529,0.008574189498222529,0.03466697792718376,0.03466697792718376
jiang_long_baseline,power_0.72,7.942513,shift_h,425,425,9,0.012714776632302405,False,0.125,0.01822158102609417,0.01822158102609417,0.01822158102609417,0.01822158102609417
jiang_long_baseline,power_0.72,7.942513,crew_veh_h,425,425,9,0.012714776632302405,False,0.003693624219621938,0.0007636471050904703,0.0007636471050904703,0.017256167363860264,0.017256167363860264
jiang_long_baseline,power_0.72,7.942513,crew_team_h,425,425,9,0.012714776632302405,False,0.003734951897521155,0.011961114741671608,0.003911610114697872,0.028595815503442923,0.01649094830251796
jiang_long_baseline,power_0.72,7.942513,shift_ot_h,425,425,9,0.012714776632302405,False,0.09117301048416016,0.011752120946658673,0.011752120946658673,0.03720362715017189,0.03720362715017189
jiang_long_baseline,power_0.72,9.911784,shift_h,425,425,9,0.012714776632302405,False,0.125,0.02194091255046393,0.02194091255046393,0.02194091255046393,0.02194091255046393
jiang_long_baseline,power_0.72,9.911784,crew_veh_h,425,425,9,0.012714776632302405,False,0.007878459726920362,0.005019711730888554,0.005019711730888554,0.021371735647115697,0.021371735647115697
jiang_long_baseline,power_0.72,9.911784,crew_team_h,425,425,9,0.012714776632302405,False,0.007963537312763114,0.01587267712798024,0.0007138812045290877,0.03231414234140706,0.014726333539975656
jiang_long_baseline,power_0.72,9.911784,shift_ot_h,425,425,9,0.012714776632302405,False,0.09229538502775747,0.015480960094570229,0.015480960094570229,0.0401743502656402,0.0401743502656402
jiang_long_baseline,power_0.72,12.369317,shift_h,425,425,9,0.012714776632302405,False,0.125,0.026231397446737637,0.026231397446737637,0.026231397446737637,0.026231397446737637
jiang_long_baseline,power_0.72,12.369317,crew_veh_h,425,425,9,0.012714776632302405,False,0.012712604553813733,0.009936137420224478,0.009936137420224478,0.026083526742733065,0.026083526742733065
jiang_long_baseline,power_0.72,12.369317,crew_team_h,MX2,425,9,0.012714776632302405,False,0.015868328517064656,0.02343408386186896,0.0,0.036567227844859884,0.012707937150201687
jiang_long_baseline,power_0.72,12.369317,shift_ot_h,425,425,9,0.012714776632302405,False,0.09359572558308704,0.01980105163263235,0.01980105163263235,0.04360849256210653,0.04360849256210653
jiang_long_baseline,power_0.72,15.436172,shift_h,425,425,9,0.012714776632302405,False,0.125,0.031105504394480565,0.031105504394480565,0.031105504394480565,0.031105504394480565
jiang_long_baseline,power_0.72,15.436172,crew_veh_h,425,425,9,0.012714776632302405,False,0.01821301492431937,0.015530169005087302,0.015530169005087302,0.031390305495245796,0.031390305495245796
jiang_long_baseline,power_0.72,15.436172,crew_team_h,MX2,425,9,0.012714776632302405,False,0.025749280805298147,0.032928060733125264,0.0,0.04135237937990244,0.010437036982544612
jiang_long_baseline,power_0.72,15.436172,shift_ot_h,425,425,9,0.012714776632302405,False,0.09508029092742398,0.024733188952723806,0.024733188952723806,0.04751919374884017,0.04751919374884017
jiang_long_baseline,power_0.72,19.263424,shift_h,425,425,9,0.012714776632302405,False,0.125,0.036547194210421186,0.036547194210421186,0.036547194210420964,0.036547194210420964
jiang_long_baseline,power_0.72,19.263424,crew_veh_h,425,425,9,0.012714776632302405,False,0.024364889821002267,0.021786753543343362,0.019170417983691346,0.037258100260746385,0.037258100260746385
jiang_long_baseline,power_0.72,19.263424,crew_team_h,MX2,425,9,0.012714776632302405,False,0.036887909281786424,0.04363045844222335,0.0,0.0466372483239168,0.007928984795875005
jiang_long_baseline,power_0.72,19.263424,shift_ot_h,425,425,9,0.012714776632302405,False,0.09674703337458146,0.030270569074094533,0.030270569074094533,0.05189717751177003,0.05189717751177003
jiang_long_baseline,power_0.72,24.039607,shift_h,425,425,9,0.012714776632302405,False,0.125,0.04250589877576649,0.04250589877576649,0.04250589877576627,0.04250589877576627
jiang_long_baseline,power_0.72,24.039607,crew_veh_h,425,425,9,0.012714776632302405,False,0.031114541862458767,0.028651289853071527,0.011996450180279838,0.04361551489079418,0.03263303867633893
jiang_long_baseline,power_0.72,24.039607,crew_team_h,MX2,425,9,0.012714776632302405,False,0.04921636227492043,0.05547608264532422,0.0,0.0523558158475419,0.00521511129509733
jiang_long_baseline,power_0.72,24.039607,shift_ot_h,425,425,9,0.012714776632302405,False,0.09858348912816872,0.03637178381247974,0.03637178381247974,0.05670556009026129,0.05670556009026129
jiang_long_baseline,power_0.72,30.0,shift_h,425,425,9,0.012714776632302405,False,0.125,0.048893792001764025,0.04118653267247541,0.048893792001764025,0.048893792001764025
jiang_long_baseline,power_0.72,30.0,crew_veh_h,425,425,9,0.012714776632302405,False,0.03836582690951151,0.03602599734791001,0.004289314295140123,0.050353319732198365,0.027488240844000478
jiang_long_baseline,power_0.72,30.0,crew_team_h,MX2,425,9,0.012714776632302405,False,0.06258810731973563,0.06832413964231887,0.0,0.05840829938501413,0.0023427705177290203
jiang_long_baseline,power_0.72,30.0,shift_ot_h,425,425,9,0.012714776632302405,False,0.1005655325962731,0.04295668126840635,0.039153095896363954,0.06187712858866612,0.06187712858866612
jiang_long_baseline,power_0.84,5.1,shift_h,425,425,9,0.012714776632302405,False,0.12499999999999978,0.0152805174146593,0.0152805174146593,0.015280517414659522,0.015280517414659522
jiang_long_baseline,power_0.84,5.1,crew_veh_h,500,425,9,0.012714776632302405,False,0.0007642666142153587,0.0,0.0,0.013950644034849136,0.013950644034849136
jiang_long_baseline,power_0.84,5.1,crew_team_h,425,425,9,0.012714776632302405,False,-0.002234484221390054,0.008734286978699712,0.005532586342867907,0.025880791458330554,0.015115014039736252
jiang_long_baseline,power_0.84,5.1,shift_ot_h,425,425,9,0.012714776632302405,False,0.08959523562778382,0.008684919875326491,0.008684919875326491,0.0352624572108704,0.0352624572108704
jiang_long_baseline,power_0.84,6.364497,shift_h,425,425,9,0.012714776632302405,False,0.125,0.018587730922017043,0.018587730922017043,0.018587730922017043,0.018587730922017043
jiang_long_baseline,power_0.84,6.364497,crew_veh_h,425,425,9,0.012714776632302405,False,0.000943182265404019,0.0007271309709773188,0.0007271309709773188,0.0176354153477436,0.0176354153477436
jiang_long_baseline,power_0.84,6.364497,crew_team_h,425,425,9,0.012714776632302405,False,0.000953977476045198,0.01218097247054617,0.0024945515342635893,0.029271680204653983,0.012938827677924092
jiang_long_baseline,power_0.84,6.364497,shift_ot_h,425,425,9,0.012714776632302405,False,0.09043700618416217,0.011956165555917053,0.011956165555917053,0.037985463204148306,0.037985463204148306
jiang_long_baseline,power_0.84,7.942513,shift_h,425,425,9,0.012714776632302405,False,0.125,0.02248785387580532,0.02248785387580532,0.02248785387580532,0.02248785387580532
jiang_long_baseline,power_0.84,7.942513,crew_veh_h,425,425,9,0.012714776632302405,False,0.004663874808399582,0.0050923228837445045,0.0050923228837445045,0.02195560798410079,0.02195560798410079
jiang_long_baseline,power_0.84,7.942513,crew_team_h,MX2,425,9,0.012714776632302405,False,0.005811607108127559,0.01735582642420419,0.0,0.03324448379979983,0.01038918313081627
jiang_long_baseline,power_0.84,7.942513,shift_ot_h,425,425,9,0.012714776632302405,False,0.09143295945097463,0.015826588199525204,0.015826588199525204,0.04120180324814582,0.04120180324814582
jiang_long_baseline,power_0.84,9.911784,shift_h,425,425,9,0.012714776632302405,False,0.12500000000000022,0.027033055747785584,0.027033055747785584,0.027033055747785584,0.027033055747785584
jiang_long_baseline,power_0.84,9.911784,crew_veh_h,425,425,9,0.012714776632302405,False,0.009005327521465878,0.010185803211329558,0.010185803211329558,0.026956303018171424,0.026956303018171424
jiang_long_baseline,power_0.84,9.911784,crew_team_h,MX2,425,9,0.012714776632302405,False,0.014446447463590362,0.02639625587603911,0.0,0.037839263292618996,0.00744037023371158
jiang_long_baseline,power_0.84,9.911784,shift_ot_h,425,425,9,0.012714776632302405,False,0.0925981353558849,0.020354635203764015,0.020354635203764015,0.04495718956193229,0.04495718956193229
jiang_long_baseline,power_0.84,12.369317,shift_h,425,425,9,0.012714776632302405,False,0.125,0.032257527101905215,0.032257527101905215,0.032257527101905215,0.032257527101905215
jiang_long_baseline,power_0.84,12.369317,crew_veh_h,425,425,9,0.012714776632302405,False,0.014002739978758338,0.016048868807653438,0.016048868807653438,0.032659549587364944,0.032659549587364944
jiang_long_baseline,power_0.84,12.369317,crew_team_h,MX2,425,9,0.012714776632302405,False,0.024467533296955724,0.036888044464811864,0.0,0.04307458756812221,0.004080471947350617
jiang_long_baseline,power_0.84,12.369317,shift_ot_h,425,425,9,0.012714776632302405,False,0.09394345494775802,0.025582747390132887,0.025582747390132887,0.049283232057669046,0.049283232057669046
jiang_long_baseline,power_0.84,15.436172,shift_h,425,425,9,0.012714776632302405,False,0.12499999999999978,0.03816849117612131,0.03816849117612131,0.03816849117612131,0.03816849117612131
jiang_long_baseline,power_0.84,15.436172,crew_veh_h,425,425,9,0.012714776632302405,False,0.01966603850255666,0.022693165435229368,0.01699773020235451,0.039055158693420244,0.03146957039023324
jiang_long_baseline,power_0.84,15.436172,crew_team_h,MX2,425,9,0.012714776632302405,False,0.035930835683815276,0.048889792296534784,0.0,0.04893916761926542,0.00031673327002312845
jiang_long_baseline,power_0.84,15.436172,shift_ot_h,425,425,9,0.012714776632302405,False,0.09547335631060361,0.03152817181370793,0.03152817181370793,0.05418990806083124,0.05418990806083124
jiang_long_baseline,power_0.84,19.263424,shift_h,425,425,9,0.012714776632302405,False,0.125,0.04473759272825251,0.04473759272825251,0.04473759272825251,0.04473759272825251
jiang_long_baseline,power_0.84,19.263424,crew_veh_h,425,425,9,0.012714776632302405,False,0.025971423615306355,0.0300907710645566,0.009054375483649846,0.04609281313307445,0.025324515151135873
jiang_long_baseline,power_0.84,19.263424,crew_team_h,MX2,MX2,11,0.05223367697594502,False,0.044823071711429296,0.06239432734862316,0.0,0.05943172964601717,0.0
jiang_long_baseline,power_0.84,19.263424,shift_ot_h,425,425,9,0.012714776632302405,False,0.0971834037668422,0.038173670771157964,0.038173670771157964,0.059658150454279024,0.059658150454279024
jiang_long_baseline,power_0.84,24.039607,shift_h,425,425,9,0.012714776632302405,False,0.125,0.05189455811380861,0.03960510250500349,0.05189455811380883,0.05189455811380883
jiang_long_baseline,power_0.84,24.039607,crew_veh_h,425,425,9,0.012714776632302405,False,0.032854922164982536,0.038166631096893555,0.000382728992905923,0.0536776139065438,0.01870170919637104
jiang_long_baseline,power_0.84,24.039607,crew_team_h,MX2,300,11,0.12508591065292096,False,0.05316092132298733,0.07731081919742633,0.0,0.07232466824227868,0.0010650681955144403
jiang_long_baseline,power_0.84,24.039607,shift_ot_h,425,425,9,0.012714776632302405,False,0.09905833688184762,0.04545993994199393,0.03751542657357132,0.06563409348476634,0.06563409348476634
jiang_long_baseline,power_0.84,30.0,shift_h,425,425,9,0.012714776632302405,False,0.125,0.0595252445701,0.027048454728517912,0.05952524457010022,0.05952524457010022
jiang_long_baseline,power_0.84,30.0,crew_veh_h,MX2,425,9,0.012714776632302405,False,0.0495329997704832,0.05617778270659768,0.0,0.06167110338545956,0.01172204930794174
jiang_long_baseline,power_0.84,30.0,crew_team_h,MX2,300,11,0.12508591065292096,False,0.06107375513667668,0.09345339225065175,0.0,0.08718579951785865,0.003247589226226255
jiang_long_baseline,power_0.84,30.0,shift_ot_h,425,425,9,0.012714776632302405,False,0.10107112456738765,0.05328193249373703,0.025627659802708536,0.07202676651640938,0.07202676651640938
jiang_long_baseline,power_0.96,5.1,shift_h,425,425,9,0.012714776632302405,False,0.125,0.018517405188925418,0.018517405188925418,0.018517405188925418,0.018517405188925418
jiang_long_baseline,power_0.96,5.1,crew_veh_h,425,425,9,0.012714776632302405,False,-0.0014834370485352633,0.00030878025042246904,0.00030878025042246904,0.017536701569418556,0.017536701569418556
jiang_long_baseline,power_0.96,5.1,crew_team_h,425,425,9,0.012714776632302405,False,-0.0015007517448567542,0.011984397206824093,0.0020007206203753736,0.02943125381520506,0.010789655015302824
jiang_long_baseline,power_0.96,5.1,shift_ot_h,425,425,9,0.012714776632302405,False,0.0897887486128146,0.011765635599874091,0.011765635599874091,0.038292752081713344,0.038292752081713344
jiang_long_baseline,power_0.96,6.364497,shift_h,425,425,9,0.012714776632302405,False,0.12499999999999978,0.02249689587528203,0.02249689587528203,0.022496895875282252,0.022496895875282252
jiang_long_baseline,power_0.96,6.364497,crew_veh_h,425,425,9,0.012714776632302405,False,0.0018027400630502566,0.0046875978309905975,0.0046875978309905975,0.021951362733859003,0.021951362733859003
jiang_long_baseline,power_0.96,6.364497,crew_team_h,MX2,425,9,0.012714776632302405,False,0.00360553501835037,0.017913905127013408,0.0,0.03354502372852908,0.007717434736347117
jiang_long_baseline,power_0.96,6.364497,shift_ot_h,425,425,9,0.012714776632302405,False,0.09066687786992844,0.01568308033414345,0.01568308033414345,0.041651132337461316,0.041651132337461316
jiang_long_baseline,power_0.96,7.942513,shift_h,425,425,9,0.012714776632302405,False,0.125,0.027176993190682897,0.027176993190682897,0.02717699319068312,0.02717699319068312
jiang_long_baseline,power_0.96,7.942513,crew_veh_h,425,425,9,0.012714776632302405,False,0.005671703568941089,0.009842975901893425,0.009842975901893425,0.02711196139543781,0.02711196139543781
jiang_long_baseline,power_0.96,7.942513,crew_team_h,MX2,425,9,0.012714776632302405,False,0.012028283391119832,0.027345183183687727,0.0,0.038350335396950985,0.00412876150826702
jiang_long_baseline,power_0.96,7.942513,shift_ot_h,425,425,9,0.012714776632302405,False,0.09170315047061517,0.02030602235542478,0.02030602235542478,0.045607377465785914,0.045607377465785914
jiang_long_baseline,power_0.96,9.911784,shift_h,425,425,9,0.012714776632302405,False,0.12499999999999978,0.0326137384520544,0.0326137384520544,0.0326137384520544,0.0326137384520544
jiang_long_baseline,power_0.96,9.911784,crew_veh_h,425,425,9,0.012714776632302405,False,0.010171941653692729,0.015839524771027458,0.015839524771027458,0.03306485138260684,0.03306485138260684
jiang_long_baseline,power_0.96,9.911784,crew_team_h,MX2,MX2,11,0.05223367697594502,False,0.021905419834346462,0.03841337217742713,0.0,0.04389628022214476,0.0
jiang_long_baseline,power_0.96,9.911784,shift_ot_h,425,425,9,0.012714776632302405,False,0.09291179884799217,0.025697954332616124,0.025697954332616124,0.0502122345953111,0.0502122345953111
jiang_long_baseline,power_0.96,12.369317,shift_h,425,425,9,0.012714776632302405,False,0.125,0.0388399241128603,0.0388399241128603,0.0388399241128603,0.0388399241128603
jiang_long_baseline,power_0.96,12.369317,crew_veh_h,425,425,9,0.012714776632302405,False,0.01533326251709366,0.022716963742875462,0.016567808196188638,0.03982725115274577,0.027920872200823066
jiang_long_baseline,power_0.96,12.369317,crew_team_h,MX2,MX2,11,0.05223367697594502,False,0.028509095019021213,0.05123920227655643,0.0,0.05513434781044224,0.0
jiang_long_baseline,power_0.96,12.369317,shift_ot_h,425,425,9,0.012714776632302405,False,0.09430237718723244,0.03190149868387726,0.03190149868387726,0.055497646859544725,0.055497646859544725
jiang_long_baseline,power_0.96,15.436172,shift_h,425,425,9,0.012714776632302405,False,0.125,0.045854655265022304,0.045854655265022304,0.045854655265022304,0.045854655265022304
jiang_long_baseline,power_0.96,15.436172,crew_veh_h,425,425,9,0.012714776632302405,False,0.021158043299094542,0.03047846034671342,0.008160260191453217,0.047376815771041025,0.020826026632212224
jiang_long_baseline,power_0.96,15.436172,crew_team_h,MX2,MX2,11,0.05223367697594502,False,0.03605012972584576,0.0658855964762326,0.0,0.06779239787126201,0.0
jiang_long_baseline,power_0.96,15.436172,shift_ot_h,425,425,9,0.012714776632302405,False,0.09587735620316429,0.038927677577887954,0.038927677577887954,0.061467743221372384,0.061467743221372384
jiang_long_baseline,power_0.96,19.263424,shift_h,425,425,9,0.012714776632302405,False,0.125,0.05361383154694144,0.04030687396662547,0.05361383154694144,0.05361383154694144
jiang_long_baseline,power_0.96,19.263424,crew_veh_h,MX2,425,9,0.012714776632302405,False,0.028803427344524124,0.040283402373642474,0.0,0.05564329269511803,0.013057449219060935
jiang_long_baseline,power_0.96,19.263424,crew_team_h,MX2,300,11,0.12508591065292096,False,0.042780085367121856,0.0823337250241567,0.0,0.08359349222903556,0.0016674116419610474
jiang_long_baseline,power_0.96,19.263424,shift_ot_h,425,425,9,0.012714776632302405,False,0.09762979159474683,0.04674551161688423,0.03806973037358885,0.06809036634560983,0.06809036634560983
jiang_long_baseline,power_0.96,24.039607,shift_h,425,425,9,0.012714776632302405,False,0.125,0.06202385163809354,0.027021666195203187,0.06202385163809354,0.06202385163809354
jiang_long_baseline,power_0.96,24.039607,crew_veh_h,MX2,425,9,0.012714776632302405,False,0.0464240969674421,0.06037924983534726,0.0,0.06450474926340455,0.004729728477047557
jiang_long_baseline,power_0.96,24.039607,crew_team_h,MX2,300,11,0.12508591065292096,False,0.04952145102824357,0.10046206753101083,0.0,0.10148318696931669,0.004126808738566856
jiang_long_baseline,power_0.96,24.039607,shift_ot_h,425,425,9,0.012714776632302405,False,0.09954156659274238,0.05527417962143444,0.025511202819685774,0.07529107276856162,0.07529107276856162
jiang_long_baseline,power_0.96,30.0,shift_h,425,425,9,0.012714776632302405,False,0.125,0.07094094402941997,0.012935442398856356,0.07094094402941997,0.07094094402941997
jiang_long_baseline,power_0.96,30.0,crew_veh_h,MX2,MX2,11,0.05223367697594502,False,0.061289293640847564,0.08218956997732074,0.0,0.07809950952685152,0.0
jiang_long_baseline,power_0.96,30.0,crew_team_h,MX2,300,11,0.12508591065292096,False,0.05679961628767849,0.12003392867562246,0.0,0.12054117455660274,0.006746817633061397
jiang_long_baseline,power_0.96,30.0,shift_ot_h,425,425,9,0.012714776632302405,False,0.10158277776070834,0.06438027861164697,0.01210240381189931,0.0829517120224712,0.0829517120224712
jiang_long_tight,affine,5.1,shift_h,500,500,10,0.0,False,0.11111111111111116,0.0,0.0,0.0,0.0
jiang_long_tight,affine,5.1,crew_veh_h,500,500,10,0.0,False,0.0029295133324926947,0.0,0.0,0.0,0.0
jiang_long_tight,affine,5.1,crew_team_h,425,380,11,0.053951890034364264,False,0.007059083982440706,0.009322317661942137,0.006653108891101489,0.00518346634164879,0.00518346634164879
jiang_long_tight,affine,5.1,shift_ot_h,500,500,10,0.0,False,0.11158796307557006,0.0,0.0,0.0,0.0
jiang_long_tight,affine,6.364497,shift_h,500,500,10,0.0,False,0.11111111111111116,0.0,0.0,0.0,0.0
jiang_long_tight,affine,6.364497,crew_veh_h,500,500,10,0.0,False,0.006210235788261853,0.0,0.0,0.0,0.0
jiang_long_tight,affine,6.364497,crew_team_h,425,380,11,0.053951890034364264,False,0.006989972704380953,0.009934455933148234,0.002303667513365859,0.009152439031791193,0.009152439031791193
jiang_long_tight,affine,6.364497,shift_ot_h,500,500,10,0.0,False,0.11157486781433912,0.0,0.0,0.0,0.0
jiang_long_tight,affine,7.942513,shift_h,500,500,10,0.0,False,0.11111111111111094,0.0,0.0,0.0,0.0
jiang_long_tight,affine,7.942513,crew_veh_h,500,500,10,0.0,False,0.010035456913871199,0.0,0.0,0.0,0.0
jiang_long_tight,affine,7.942513,crew_team_h,MX2,300,12,0.12508591065292096,False,0.006650701544213211,0.01346078636536574,0.0,0.016868439917214095,0.01575884816172657
jiang_long_tight,affine,7.942513,shift_ot_h,500,500,10,0.0,False,0.11155950112173318,0.0,0.0,0.0,0.0
jiang_long_tight,affine,9.911784,shift_h,500,500,10,0.0,False,0.11111111111111116,0.0,0.0,0.0,0.0
jiang_long_tight,affine,9.911784,crew_veh_h,425,500,10,0.0,False,0.01561017091611494,0.001158612079930954,0.001158612079930954,0.0,0.0
jiang_long_tight,affine,9.911784,crew_team_h,MX2,300,12,0.12508591065292096,False,0.008599733010669075,0.020270503613753155,0.0,0.026173124546669424,0.018967445785263992
jiang_long_tight,affine,9.911784,shift_ot_h,500,500,10,0.0,False,0.11154169608166353,0.0,0.0,0.0,0.0
jiang_long_tight,affine,12.369317,shift_h,500,500,10,0.0,False,0.11111111111111116,0.0,0.0,0.0,0.0
jiang_long_tight,affine,12.369317,crew_veh_h,425,500,10,0.0,False,0.022066401986976736,0.002600416561158392,0.002600416561158392,0.0,0.0
jiang_long_tight,affine,12.369317,crew_team_h,300,300,12,0.12508591065292096,False,0.011638617179767996,0.028905414509812655,0.0007918924260150728,0.03681503130994623,0.02263716680326211
jiang_long_tight,affine,12.369317,shift_ot_h,500,500,10,0.0,False,0.1115213661983201,0.0,0.0,0.0,0.0
jiang_long_tight,affine,15.436172,shift_h,500,500,10,0.0,False,0.11111111111111094,0.0,0.0,0.0,0.0
jiang_long_tight,affine,15.436172,crew_veh_h,425,500,10,0.0,False,0.029268544047132528,0.00420879776418448,0.00420879776418448,0.0,0.0
jiang_long_tight,affine,15.436172,crew_team_h,300,300,12,0.12508591065292096,False,0.015675375492197663,0.039291936319367116,0.0022767103353531493,0.04878704170378256,0.02676555649387291
jiang_long_tight,affine,15.436172,shift_ot_h,500,500,10,0.0,False,0.11149853859432723,0.0,0.0,0.0,0.0
jiang_long_tight,affine,19.263424,shift_h,500,500,10,0.0,False,0.11111111111111116,0.0,0.0,0.0,0.0
jiang_long_tight,affine,19.263424,crew_veh_h,425,425,11,0.012714776632302405,False,0.03446372008778553,0.005968396645225749,0.005968396645225749,0.0025946787336561528,0.0025946787336561528
jiang_long_tight,affine,19.263424,crew_team_h,300,300,12,0.12508591065292096,False,0.0201707905914299,0.05085857552771644,0.003930233368598879,0.06200780870716649,0.03132456341111056
jiang_long_tight,affine,19.263424,shift_ot_h,500,500,10,0.0,False,0.11147338298414389,0.0,0.0,0.0,0.0
jiang_long_tight,affine,24.039607,shift_h,500,500,10,0.0,False,0.11111111111111116,0.0,0.0,0.0,0.0
jiang_long_tight,affine,24.039607,crew_veh_h,425,380,11,0.053951890034364264,False,0.032505930843947484,0.007852885788460107,0.0012648202184029067,0.012668606392582049,0.012668606392582049
jiang_long_tight,affine,24.039607,crew_team_h,300,300,12,0.12508591065292096,False,0.02507955267674289,0.06348875066107262,0.005735795478797545,0.07631176543653817,0.03625709400153543
jiang_long_tight,affine,24.039607,shift_ot_h,500,500,10,0.0,False,0.11144622886309152,0.0,0.0,0.0,0.0
jiang_long_tight,affine,30.0,shift_h,500,500,10,0.0,False,0.11111111111111116,0.0,0.0,0.0,0.0
jiang_long_tight,affine,30.0,crew_veh_h,MX2,380,11,0.053951890034364264,False,0.041832479707597736,0.021404836580304565,0.0,0.023687375587090997,0.019275625127001428
jiang_long_tight,affine,30.0,crew_team_h,300,300,12,0.12508591065292096,False,0.030325970628731103,0.07698770954413892,0.007665555630897547,0.09144895770902228,0.04147695486589709
jiang_long_tight,affine,30.0,shift_ot_h,500,500,10,0.0,False,0.11141756346486775,0.0,0.0,0.0,0.0
jiang_long_tight,piecewise,5.1,shift_h,500,500,10,0.0,False,0.11111111111111116,0.0,0.0,0.0,0.0
jiang_long_tight,piecewise,5.1,crew_veh_h,500,500,10,0.0,False,0.0033782363667944626,0.0,0.0,0.0,0.0
jiang_long_tight,piecewise,5.1,crew_team_h,425,380,11,0.053951890034364264,False,0.006348591473289256,0.010345820711761267,0.0044254912350920605,0.0073636673174952705,0.0073636673174952705
jiang_long_tight,piecewise,5.1,shift_ot_h,500,500,10,0.0,False,0.11158617651761471,0.0,0.0,0.0,0.0
jiang_long_tight,piecewise,6.364497,shift_h,500,500,10,0.0,False,0.11111111111111116,0.0,0.0,0.0,0.0
jiang_long_tight,piecewise,6.364497,crew_veh_h,425,500,10,0.0,False,0.006787874424690754,5.1221348483343476e-05,5.1221348483343476e-05,0.0,0.0
jiang_long_tight,piecewise,6.364497,crew_team_h,MX2,300,12,0.12508591065292096,False,0.0047263821809613304,0.011550233119378861,0.0,0.013573809886816779,0.01322618210228943
jiang_long_tight,piecewise,6.364497,shift_ot_h,500,500,10,0.0,False,0.11157276075524414,0.0,0.0,0.0,0.0
jiang_long_tight,piecewise,7.942513,shift_h,500,500,10,0.0,False,0.11111111111111094,0.0,0.0,0.0,0.0
jiang_long_tight,piecewise,7.942513,crew_veh_h,425,500,10,0.0,False,0.012063722794655396,0.0014044340945316147,0.0014044340945316147,0.0,0.0
jiang_long_tight,piecewise,7.942513,crew_team_h,MX2,300,12,0.12508591065292096,False,0.006345320151561307,0.01821312821463872,0.0,0.022562845729057646,0.016036591355333307
jiang_long_tight,piecewise,7.942513,shift_ot_h,500,500,10,0.0,False,0.1115570453126189,0.0,0.0,0.0,0.0
jiang_long_tight,piecewise,9.911784,shift_h,500,500,10,0.0,False,0.11111111111111116,0.0,0.0,0.0,0.0
jiang_long_tight,piecewise,9.911784,crew_veh_h,425,500,10,0.0,False,0.018135869392711168,0.0029618909424464768,0.0029618909424464768,0.0,0.0
jiang_long_tight,piecewise,9.911784,crew_team_h,MX2,300,12,0.12508591065292096,False,0.008229682842024078,0.025968404300556136,0.0,0.0329892780079295,0.019296400557014204
jiang_long_tight,piecewise,9.911784,shift_ot_h,500,500,10,0.0,False,0.11153887300455256,0.0,0.0,0.0,0.0
jiang_long_tight,piecewise,12.369317,shift_h,500,500,10,0.0,False,0.11111111111111116,0.0,0.0,0.0,0.0
jiang_long_tight,piecewise,12.369317,crew_veh_h,425,500,10,0.0,False,0.02501601798731823,0.004726593814866398,0.004726593814866398,0.0,0.0
jiang_long_tight,piecewise,12.369317,crew_team_h,300,300,12,0.12508591065292096,False,0.011749795930766416,0.036260001119768015,0.0013432912775674932,0.04490874561799929,0.02302300512847233
jiang_long_tight,piecewise,12.369317,shift_ot_h,500,500,10,0.0,False,0.11151817194789349,0.0,0.0,0.0,0.0
jiang_long_tight,piecewise,15.436172,shift_h,500,500,10,0.0,False,0.11111111111111116,0.0,0.0,0.0,0.0
jiang_long_tight,piecewise,15.436172,crew_veh_h,425,425,11,0.012714776632302405,False,0.030173596056708885,0.006691024204471097,0.006691024204471097,0.0024279982464987526,0.0024279982464987526
jiang_long_tight,piecewise,15.436172,crew_team_h,300,300,12,0.12508591065292096,False,0.01580031663932946,0.04798313827248202,0.0029271472399654552,0.05831111515561482,0.027213236875488933
jiang_long_tight,piecewise,15.436172,shift_ot_h,500,500,10,0.0,False,0.11149498855981377,0.0,0.0,0.0,0.0
jiang_long_tight,piecewise,19.263424,shift_h,500,500,10,0.0,False,0.11111111111111116,0.0,0.0,0.0,0.0
jiang_long_tight,piecewise,19.263424,crew_veh_h,425,380,11,0.053951890034364264,False,0.03266713115486142,0.008835145191919747,0.007068426053157717,0.008102448657532735,0.008102448657532735
jiang_long_tight,piecewise,19.263424,crew_team_h,300,300,12,0.12508591065292096,False,0.02030859355903125,0.06103112702621094,0.0046899974493999075,0.07310297887993378,0.03183789200092946
jiang_long_tight,piecewise,19.263424,shift_ot_h,500,500,10,0.0,False,0.11146951529886828,0.0,0.0,0.0,0.0
jiang_long_tight,piecewise,24.039607,shift_h,500,500,10,0.0,False,0.11111111111111094,0.0,0.0,0.0,0.0
jiang_long_tight,piecewise,24.039607,crew_veh_h,MX2,380,11,0.053951890034364264,False,0.03597018080111303,0.016996295633569858,0.0,0.019392852498689495,0.01664356411023893
jiang_long_tight,piecewise,24.039607,crew_team_h,300,300,12,0.12508591065292096,False,0.025228436787768427,0.07527028319652995,0.0066137804868313665,0.08909676473194295,0.03683832636770168
jiang_long_tight,piecewise,24.039607,shift_ot_h,500,500,10,0.0,False,0.11144210546430644,0.0,0.0,0.0,0.0
jiang_long_tight,piecewise,30.0,shift_h,500,380,11,0.053951890034364264,False,0.10786853867844504,0.0,0.0,0.0029268566797051587,0.0029268566797051587
jiang_long_tight,piecewise,30.0,crew_veh_h,MX2,380,11,0.053951890034364264,False,0.04728113979734294,0.0333358797373573,0.0,0.031243641631221397,0.013769898736803565
jiang_long_tight,piecewise,30.0,crew_team_h,300,300,12,0.12508591065292096,False,0.03048328126032196,0.09047900990114632,0.008668557476794625,0.10601092626159891,0.04212651487920427
jiang_long_tight,piecewise,30.0,shift_ot_h,500,380,11,0.053951890034364264,False,0.10736379225766779,0.0,0.0,0.003656861105431286,0.003656861105431286
jiang_long_tight,power_0.72,5.1,shift_h,500,500,10,0.0,False,0.11111111111111116,0.0,0.0,0.0,0.0
jiang_long_tight,power_0.72,5.1,crew_veh_h,500,500,10,0.0,False,0.0023200425868266095,0.0,0.0,0.0,0.0
jiang_long_tight,power_0.72,5.1,crew_team_h,425,380,11,0.053951890034364264,False,0.008285941900747718,0.007058606570339521,0.007058606570339521,0.001099969243024912,0.001099969243024912
jiang_long_tight,power_0.72,5.1,shift_ot_h,500,500,10,0.0,False,0.11159038733500326,0.0,0.0,0.0,0.0
jiang_long_tight,power_0.72,6.364497,shift_h,500,500,10,0.0,False,0.11111111111111116,0.0,0.0,0.0,0.0
jiang_long_tight,power_0.72,6.364497,crew_veh_h,500,500,10,0.0,False,0.0054942365848724695,0.0,0.0,0.0,0.0
jiang_long_tight,power_0.72,6.364497,crew_team_h,425,380,11,0.053951890034364264,False,0.008476264116760168,0.007194040374969735,0.004878915822772223,0.004215804331921369,0.004215804331921369
jiang_long_tight,power_0.72,6.364497,shift_ot_h,500,500,10,0.0,False,0.11157773237646196,0.0,0.0,0.0,0.0
jiang_long_tight,power_0.72,7.942513,shift_h,500,500,10,0.0,False,0.11111111111111116,0.0,0.0,0.0,0.0
jiang_long_tight,power_0.72,7.942513,crew_veh_h,500,500,10,0.0,False,0.009204761512499271,0.0,0.0,0.0,0.0
jiang_long_tight,power_0.72,7.942513,crew_team_h,425,300,12,0.12508591065292096,False,0.008277863798314522,0.007352404077944685,0.0003019921556042249,0.008278451028138623,0.008278451028138623
jiang_long_tight,power_0.72,7.942513,shift_ot_h,500,500,10,0.0,False,0.11156284721570908,0.0,0.0,0.0,0.0
jiang_long_tight,power_0.72,9.911784,shift_h,500,500,10,0.0,False,0.11111111111111094,0.0,0.0,0.0,0.0
jiang_long_tight,power_0.72,9.911784,crew_veh_h,500,500,10,0.0,False,0.01348494286747881,0.0,0.0,0.0,0.0
jiang_long_tight,power_0.72,9.911784,crew_team_h,MX2,300,12,0.12508591065292096,False,0.010194120333504086,0.01257715829707129,0.0,0.015875743848937196,0.015875743848937196
jiang_long_tight,power_0.72,9.911784,shift_ot_h,500,500,10,0.0,False,0.11154555247499287,0.0,0.0,0.0,0.0
jiang_long_tight,power_0.72,12.369317,shift_h,500,500,10,0.0,False,0.11111111111111116,0.0,0.0,0.0,0.0
jiang_long_tight,power_0.72,12.369317,crew_veh_h,500,500,10,0.0,False,0.01834715680628607,0.0,0.0,0.0,0.0
jiang_long_tight,power_0.72,12.369317,crew_team_h,MX2,300,12,0.12508591065292096,False,0.012746517193478413,0.018931982742130593,0.0,0.024566828903948457,0.02079799352808087
jiang_long_tight,power_0.72,12.369317,shift_ot_h,500,500,10,0.0,False,0.11152574243962388,0.0,0.0,0.0,0.0
jiang_long_tight,power_0.72,15.436172,shift_h,500,500,10,0.0,False,0.11111111111111116,0.0,0.0,0.0,0.0
jiang_long_tight,power_0.72,15.436172,crew_veh_h,500,500,10,0.0,False,0.023775332562528728,0.0,0.0,0.0,0.0
jiang_long_tight,power_0.72,15.436172,crew_team_h,MX2,300,12,0.12508591065292096,False,0.015634128007935066,0.026121405390029384,0.0,0.03434667473531294,0.024599269844267857
jiang_long_tight,power_0.72,15.436172,shift_ot_h,500,500,10,0.0,False,0.1115034183241379,0.0,0.0,0.0,0.0
jiang_long_tight,power_0.72,19.263424,shift_h,500,500,10,0.0,False,0.11111111111111116,0.0,0.0,0.0,0.0
jiang_long_tight,power_0.72,19.263424,crew_veh_h,500,500,10,0.0,False,0.029718953371431045,0.0,0.0,0.0,0.0
jiang_long_tight,power_0.72,19.263424,crew_team_h,300,300,12,0.12508591065292096,False,0.020102513507334052,0.03538913325800763,0.001236180694828004,0.04514967908950629,0.028798232210684782
jiang_long_tight,power_0.72,19.263424,shift_ot_h,500,500,10,0.0,False,0.11147871869168569,0.0,0.0,0.0,0.0
jiang_long_tight,power_0.72,24.039607,shift_h,500,500,10,0.0,False,0.11111111111111094,0.0,0.0,0.0,0.0
jiang_long_tight,power_0.72,24.039607,crew_veh_h,425,500,10,0.0,False,0.036635813943897366,0.0005264688068440382,0.0005264688068440382,0.0,0.0
jiang_long_tight,power_0.72,24.039607,crew_team_h,300,300,12,0.12508591065292096,False,0.025005750552224315,0.045534801768812416,0.0026086163152521102,0.05684140071707633,0.0333426253723641
jiang_long_tight,power_0.72,24.039607,shift_ot_h,500,500,10,0.0,False,0.11145193970695288,0.0,0.0,0.0,0.0
jiang_long_tight,power_0.72,30.0,shift_h,500,500,10,0.0,False,0.11111111111111116,0.0,0.0,0.0,0.0
jiang_long_tight,power_0.72,30.0,crew_veh_h,MX2,380,11,0.053951890034364264,False,0.038653595244869,0.005227198874563133,0.0,0.009208058183008072,0.009208058183008072
jiang_long_tight,power_0.72,30.0,crew_team_h,300,300,12,0.12508591065292096,False,0.030247952288344093,0.05638184844318417,0.004075929505749087,0.06921828597010227,0.038153331143369495
jiang_long_tight,power_0.72,30.0,shift_ot_h,500,500,10,0.0,False,0.1114235375506274,0.0,0.0,0.0,0.0
jiang_long_tight,power_0.84,5.1,shift_h,500,500,10,0.0,False,0.11111111111111116,0.0,0.0,0.0,0.0
jiang_long_tight,power_0.84,5.1,crew_veh_h,500,500,10,0.0,False,0.003322747198261755,0.0,0.0,0.0,0.0
jiang_long_tight,power_0.84,5.1,crew_team_h,425,380,11,0.053951890034364264,False,0.006616581766781815,0.009611350915295525,0.004096732640860301,0.006307716911394756,0.006307716911394756
jiang_long_tight,power_0.84,5.1,shift_ot_h,500,500,10,0.0,False,0.11158639752169663,0.0,0.0,0.0,0.0
jiang_long_tight,power_0.84,6.364497,shift_h,500,500,10,0.0,False,0.11111111111111116,0.0,0.0,0.0,0.0
jiang_long_tight,power_0.84,6.364497,crew_veh_h,500,500,10,0.0,False,0.006671303490982439,0.0,0.0,0.0,0.0
jiang_long_tight,power_0.84,6.364497,crew_team_h,MX2,300,12,0.12508591065292096,False,0.005273000171607256,0.011062091515485317,0.0,0.012468447279958328,0.012468447279958328
jiang_long_tight,power_0.84,6.364497,shift_ot_h,500,500,10,0.0,False,0.11157302122382973,0.0,0.0,0.0,0.0
jiang_long_tight,power_0.84,7.942513,shift_h,500,500,10,0.0,False,0.11111111111111116,0.0,0.0,0.0,0.0
jiang_long_tight,power_0.84,7.942513,crew_veh_h,425,500,10,0.0,False,0.010922888751175197,0.0003500200800530262,0.0003500200800530262,0.0,0.0
jiang_long_tight,power_0.84,7.942513,crew_team_h,MX2,300,12,0.12508591065292096,False,0.007006543959030553,0.017624013129798888,0.0,0.02122420129865632,0.015373215956513864
jiang_long_tight,power_0.84,7.942513,shift_ot_h,500,500,10,0.0,False,0.11155734864315892,0.0,0.0,0.0,0.0
jiang_long_tight,power_0.84,9.911784,shift_h,500,500,10,0.0,False,0.11111111111111116,0.0,0.0,0.0,0.0
jiang_long_tight,power_0.84,9.911784,crew_veh_h,425,500,10,0.0,False,0.01677148023890429,0.0017023355921588212,0.0017023355921588212,0.0,0.0
jiang_long_tight,power_0.84,9.911784,crew_team_h,MX2,300,12,0.12508591065292096,False,0.00902442985988694,0.025262244828422542,0.0,0.03137821345977687,0.01849914005551101
jiang_long_tight,power_0.84,9.911784,shift_ot_h,500,500,10,0.0,False,0.1115392213666293,0.0,0.0,0.0,0.0
jiang_long_tight,power_0.84,12.369317,shift_h,500,500,10,0.0,False,0.11111111111111116,0.0,0.0,0.0,0.0
jiang_long_tight,power_0.84,12.369317,crew_veh_h,425,500,10,0.0,False,0.023397487852175214,0.0032344058175381996,0.0032344058175381996,0.0,0.0
jiang_long_tight,power_0.84,12.369317,crew_team_h,300,300,12,0.12508591065292096,False,0.011800851021208425,0.034500464366998385,0.00045497314724363136,0.042983837164513705,0.022071944405838817
jiang_long_tight,power_0.84,12.369317,shift_ot_h,500,500,10,0.0,False,0.11151856568427698,0.0,0.0,0.0,0.0
jiang_long_tight,power_0.84,15.436172,shift_h,500,500,10,0.0,False,0.11111111111111116,0.0,0.0,0.0,0.0
jiang_long_tight,power_0.84,15.436172,crew_veh_h,425,425,11,0.012714776632302405,False,0.030208976055318804,0.0049396323130352915,0.0049396323130352915,0.000546877504218557,0.000546877504218557
jiang_long_tight,power_0.84,15.436172,crew_team_h,300,300,12,0.12508591065292096,False,0.01585767000237448,0.04589099383551143,0.0018742190720537621,0.05603024265955936,0.026088295055723743
jiang_long_tight,power_0.84,15.436172,shift_ot_h,500,500,10,0.0,False,0.11149542561904191,0.0,0.0,0.0,0.0
jiang_long_tight,power_0.84,19.263424,shift_h,500,500,10,0.0,False,0.11111111111111116,0.0,0.0,0.0,0.0
jiang_long_tight,power_0.84,19.263424,crew_veh_h,425,380,11,0.053951890034364264,False,0.033394348686607955,0.006800548426116437,0.006155760590411008,0.0052508991104569525,0.0052508991104569525
jiang_long_tight,power_0.84,19.263424,crew_team_h,300,300,12,0.12508591065292096,False,0.020371824488492063,0.058565606614207066,0.003453460193762581,0.07042546056271592,0.03051987912710108
jiang_long_tight,power_0.84,19.263424,shift_ot_h,500,500,10,0.0,False,0.1114699908276291,0.0,0.0,0.0,0.0
jiang_long_tight,power_0.84,24.039607,shift_h,500,500,10,0.0,False,0.11111111111111094,0.0,0.0,0.0,0.0
jiang_long_tight,power_0.84,24.039607,crew_veh_h,MX2,380,11,0.053951890034364264,False,0.037896573078323836,0.015706861349046308,0.0,0.016094039524980674,0.014775598917832866
jiang_long_tight,power_0.84,24.039607,crew_team_h,300,300,12,0.12508591065292096,False,0.02529672099300906,0.07239347988745726,0.005176396150875284,0.08598591332322814,0.035310182063869044
jiang_long_tight,power_0.84,24.039607,shift_ot_h,500,500,10,0.0,False,0.11144261170094683,0.0,0.0,0.0,0.0
jiang_long_tight,power_0.84,30.0,shift_h,500,500,10,0.0,False,0.11111111111111116,0.0,0.0,0.0,0.0
jiang_long_tight,power_0.84,30.0,crew_veh_h,MX2,380,11,0.053951890034364264,False,0.04950195927349288,0.03185955271390384,0.0,0.027470812558165525,0.011649728095522116
jiang_long_tight,power_0.84,30.0,crew_team_h,300,300,12,0.12508591065292096,False,0.03055539488068537,0.08715851627704296,0.007016101476560177,0.10243676842522742,0.04037459636596674
jiang_long_tight,power_0.84,30.0,shift_ot_h,500,380,11,0.053951890034364264,False,0.11090762719303071,0.0,0.0,0.00045563394511116684,0.00045563394511116684
jiang_long_tight,power_0.96,5.1,shift_h,500,500,10,0.0,False,0.11111111111111116,0.0,0.0,0.0,0.0
jiang_long_tight,power_0.96,5.1,crew_veh_h,425,500,10,0.0,False,0.005452511131268656,0.0010658988919065582,0.0010658988919065582,0.0,0.0
jiang_long_tight,power_0.96,5.1,crew_team_h,MX2,300,12,0.12508591065292096,False,0.003013557969358649,0.01322395623469208,0.0,0.014606269561084906,0.011144806984657807
jiang_long_tight,power_0.96,5.1,shift_ot_h,500,500,10,0.0,False,0.11158217512178537,0.0,0.0,0.0,0.0
jiang_long_tight,power_0.96,6.364497,shift_h,500,500,10,0.0,False,0.11111111111111116,0.0,0.0,0.0,0.0
jiang_long_tight,power_0.96,6.364497,crew_veh_h,425,500,10,0.0,False,0.010600219873153849,0.0026693874457968114,0.0026693874457968114,0.0,0.0
jiang_long_tight,power_0.96,6.364497,crew_team_h,MX2,300,12,0.12508591065292096,False,0.004311451368406827,0.020443537633225484,0.0,0.024099602947510457,0.013599066328796372
jiang_long_tight,power_0.96,6.364497,shift_ot_h,500,500,10,0.0,False,0.11156805373309275,0.0,0.0,0.0,0.0
jiang_long_tight,power_0.96,7.942513,shift_h,500,500,10,0.0,False,0.11111111111111116,0.0,0.0,0.0,0.0
jiang_long_tight,power_0.96,7.942513,crew_veh_h,425,500,10,0.0,False,0.016586509937601246,0.004534090380620137,0.004534090380620137,0.0,0.0
jiang_long_tight,power_0.96,7.942513,crew_team_h,MX2,300,12,0.12508591065292096,False,0.005838895748421669,0.02894000509452499,0.0,0.035240585438088834,0.016479283347138995
jiang_long_tight,power_0.96,7.942513,shift_ot_h,500,500,10,0.0,False,0.11155157580990305,0.0,0.0,0.0,0.0
jiang_long_tight,power_0.96,9.911784,shift_h,500,500,10,0.0,False,0.11111111111111116,0.0,0.0,0.0,0.0
jiang_long_tight,power_0.96,9.911784,crew_veh_h,425,425,11,0.012714776632302405,False,0.022689711706653348,0.006672165597954249,0.006672165597954249,0.0007438232182102045,0.0007438232182102045
jiang_long_tight,power_0.96,9.911784,crew_team_h,300,300,12,0.12508591065292096,False,0.008410859175658425,0.03963886940158834,0.0007901268411119045,0.048150725129551875,0.019816870860626112
jiang_long_tight,power_0.96,9.911784,shift_ot_h,500,500,10,0.0,False,0.1115326075037093,0.0,0.0,0.0,0.0
jiang_long_tight,power_0.96,12.369317,shift_h,500,500,10,0.0,False,0.11111111111111116,0.0,0.0,0.0,0.0
jiang_long_tight,power_0.96,12.369317,crew_veh_h,425,425,11,0.012714776632302405,False,0.02680731190128194,0.009084371193396557,0.009084371193396557,0.004272513463986272,0.004272513463986272
jiang_long_tight,power_0.96,12.369317,crew_team_h,300,300,12,0.12508591065292096,False,0.012019680283989365,0.052605401599629564,0.002346752432285548,0.06289333901913685,0.023628197864824063
jiang_long_tight,power_0.96,12.369317,shift_ot_h,500,500,10,0.0,False,0.11151111084171639,0.0,0.0,0.0,0.0
jiang_long_tight,power_0.96,15.436172,shift_h,500,500,10,0.0,False,0.11111111111111116,0.0,0.0,0.0,0.0
jiang_long_tight,power_0.96,15.436172,crew_veh_h,425,380,11,0.053951890034364264,False,0.03103466543222888,0.011756710006925575,0.006598181634390299,0.008475712000517444,0.008475712000517444
jiang_long_tight,power_0.96,15.436172,crew_team_h,300,300,12,0.12508591065292096,False,0.016103340356804274,0.06727803519118636,0.004108194627445494,0.07944945102122025,0.027908358576530956
jiang_long_tight,power_0.96,15.436172,shift_ot_h,500,500,10,0.0,False,0.11148717583013079,0.0,0.0,0.0,0.0
jiang_long_tight,power_0.96,19.263424,shift_h,500,500,10,0.0,False,0.11111111111111116,0.0,0.0,0.0,0.0
jiang_long_tight,power_0.96,19.263424,crew_veh_h,MX2,380,11,0.053951890034364264,False,0.03533356033091284,0.02197110804792546,0.0,0.020588003527169718,0.00936675561969702
jiang_long_tight,power_0.96,19.263424,crew_team_h,300,300,12,0.12508591065292096,False,0.020642482167049447,0.08358721945586267,0.006066103898005659,0.09769671857388129,0.03262572444510403
jiang_long_tight,power_0.96,19.263424,shift_ot_h,500,500,10,0.0,False,0.1114610449650355,0.0,0.0,0.0,0.0
jiang_long_tight,power_0.96,24.039607,shift_h,500,380,11,0.053951890034364264,False,0.10777705429534556,0.0,0.0,0.003009682140316716,0.003009682140316716
jiang_long_tight,power_0.96,24.039607,crew_veh_h,MX2,300,12,0.12508591065292096,False,0.04708218854568358,0.040384616270057405,0.0,0.033867357199449,0.005513328191103062
jiang_long_tight,power_0.96,24.039607,crew_team_h,300,300,12,0.12508591065292096,False,0.02558878668306175,0.10135934360469756,0.008199638357108574,0.11739686953360984,0.0377186962818441
jiang_long_tight,power_0.96,24.039607,shift_ot_h,500,380,11,0.053951890034364264,False,0.10723974417607107,0.0,0.0,0.003787235957410484,0.003787235957410484
jiang_long_tight,power_0.96,30.0,shift_h,380,380,11,0.053951890034364264,False,0.10000000000000009,0.006944870246852419,0.006944870246852419,0.017116030552376094,0.017116030552376094
jiang_long_tight,power_0.96,30.0,crew_veh_h,MX2,300,12,0.12508591065292096,False,0.04752075041944148,0.06008565961874113,0.0,0.05988339672551857,0.013083495921899058
jiang_long_tight,power_0.96,30.0,crew_team_h,300,300,12,0.12508591065292096,False,0.030863589357366994,0.12031176509126129,0.010474866910904268,0.13819706242961405,0.043096055919070286
jiang_long_tight,power_0.96,30.0,shift_ot_h,380,380,11,0.053951890034364264,False,0.09908407103327765,0.006471805049047097,0.006471805049047097,0.01775358241978009,0.01775358241978009
jiang_massdep_baseline,affine,5.1,shift_h,425,425,8,0.012714776632302405,False,0.1428571428571428,0.01472025127481369,0.01472025127481369,0.014720251274813467,0.014720251274813467
jiang_massdep_baseline,affine,5.1,crew_veh_h,500,500,8,0.0,False,0.01782150218215195,0.0,0.0,0.0,0.0
jiang_massdep_baseline,affine,5.1,crew_team_h,425,425,8,0.012714776632302405,False,0.01566262862338874,0.005716840215202801,0.005716840215202801,0.00785457319144367,0.00785457319144367
jiang_massdep_baseline,affine,5.1,shift_ot_h,425,425,8,0.012714776632302405,False,0.13749402578844028,0.007792311123818285,0.007792311123818285,0.008629722450986588,0.008629722450986588
jiang_massdep_baseline,affine,6.364497,shift_h,425,425,8,0.012714776632302405,False,0.1428571428571428,0.017916956583133636,0.017916956583133636,0.017916956583133636,0.017916956583133636
jiang_massdep_baseline,affine,6.364497,crew_veh_h,500,500,8,0.0,False,0.02157290928794886,0.0,0.0,0.0,0.0
jiang_massdep_baseline,affine,6.364497,crew_team_h,425,425,8,0.012714776632302405,False,0.019028754945976,0.009385439760569492,0.009385439760569492,0.011905518155636008,0.011905518155636008
jiang_massdep_baseline,affine,6.364497,shift_ot_h,425,425,8,0.012714776632302405,False,0.1376214436158274,0.01103645267369524,0.01103645267369524,0.011868807659736635,0.011868807659736635
jiang_massdep_baseline,affine,7.942513,shift_h,425,425,8,0.012714776632302405,False,0.14285714285714302,0.02169169628512213,0.02169169628512213,0.02169169628512191,0.02169169628512191
jiang_massdep_baseline,affine,7.942513,crew_veh_h,500,425,8,0.012714776632302405,False,0.024864809717805247,0.0,0.0,0.0010589543759658149,0.0010589543759658149
jiang_massdep_baseline,affine,7.942513,crew_team_h,425,425,8,0.012714776632302405,False,0.02298756698607729,0.013699982549131073,0.009351473709290348,0.01663561391252455,0.01663561391252455
jiang_massdep_baseline,affine,7.942513,shift_ot_h,425,425,8,0.012714776632302405,False,0.1377722057879207,0.014874956568072806,0.014874956568072806,0.015700391802228042,0.015700391802228042
jiang_massdep_baseline,affine,9.911784,shift_h,425,425,8,0.012714776632302405,False,0.1428571428571428,0.02609753227479672,0.02609753227479672,0.02609753227479672,0.02609753227479672
jiang_massdep_baseline,affine,9.911784,crew_veh_h,425,425,8,0.012714776632302405,False,0.027170597013039366,0.0033536679640073785,0.0033536679640073785,0.007083042982156229,0.007083042982156229
jiang_massdep_baseline,affine,9.911784,crew_team_h,425,425,8,0.012714776632302405,False,0.027586501828795962,0.018712168265381912,0.006245982406615891,0.02208478388986168,0.016907714962345555
jiang_massdep_baseline,affine,9.911784,shift_ot_h,425,425,8,0.012714776632302405,False,0.13794859209445387,0.019365867750503973,0.019365867750503973,0.020181918361251938,0.020181918361251938
jiang_massdep_baseline,affine,12.369317,shift_h,425,425,8,0.012714776632302405,False,0.14285714285714302,0.03117081525734644,0.03117081525734644,0.03117081525734644,0.03117081525734644
jiang_massdep_baseline,affine,12.369317,crew_veh_h,425,425,8,0.012714776632302405,False,0.03238033450615285,0.009702771976414892,0.009702771976414892,0.013925657689001891,0.013925657689001891
jiang_massdep_baseline,affine,12.369317,crew_team_h,425,425,8,0.012714776632302405,False,0.0328533388120944,0.02445227244174486,0.0026894813898348247,0.028265725953700693,0.015435139470240111
jiang_massdep_baseline,affine,12.369317,shift_ot_h,425,425,8,0.012714776632302405,False,0.13815225972408385,0.02455137933234619,0.02455137933234619,0.025354865881113575,0.025354865881113575
jiang_massdep_baseline,affine,15.436172,shift_h,425,425,8,0.012714776632302405,False,0.14285714285714302,0.03692237112421726,0.03692237112421726,0.03692237112421726,0.03692237112421726
jiang_massdep_baseline,affine,15.436172,crew_veh_h,425,425,8,0.012714776632302405,False,0.03825864240085286,0.016866662343202554,0.016866662343202554,0.021563938136275995,0.021563938136275995
jiang_massdep_baseline,affine,15.436172,crew_team_h,MX2,325,9,0.09965635738831616,False,0.03704814651625843,0.03227960104860461,0.0,0.038258570594618346,0.016833862069857375
jiang_massdep_baseline,affine,15.436172,shift_ot_h,425,425,8,0.012714776632302405,False,0.13838388529959422,0.030448718573933498,0.030448718573933498,0.031235666811304075,0.031235666811304075
jiang_massdep_baseline,affine,19.263424,shift_h,425,425,8,0.012714776632302405,False,0.14285714285714302,0.04332886836011429,0.04332886836011429,0.04332886836011407,0.04332886836011407
jiang_massdep_baseline,affine,19.263424,crew_veh_h,425,425,8,0.012714776632302405,False,0.04477162594340789,0.024804031547973393,0.0162544601161132,0.029926543536602734,0.029926543536602734
jiang_massdep_baseline,affine,19.263424,crew_team_h,MX2,325,9,0.09965635738831616,False,0.04183572229720167,0.04407670554864018,0.0,0.05225247806794031,0.021287449726435037
jiang_massdep_baseline,affine,19.263424,shift_ot_h,425,425,8,0.012714776632302405,False,0.13864280264634243,0.037040924231457995,0.037040924231457995,0.03780655344797301,0.03780655344797301
jiang_massdep_baseline,affine,24.039607,shift_h,425,425,8,0.012714776632302405,False,0.1428571428571428,0.050326178597214444,0.050326178597214444,0.050326178597214444,0.050326178597214444
jiang_massdep_baseline,affine,24.039607,crew_veh_h,425,425,8,0.012714776632302405,False,0.05184380804441413,0.03342289570635604,0.009920534024951744,0.03888987297284041,0.029314123903577016
jiang_massdep_baseline,affine,24.039607,crew_team_h,MX2,325,9,0.09965635738831616,False,0.04707348417938739,0.05698311728971328,0.0,0.06741567744161436,0.026113166753188644
jiang_massdep_baseline,affine,24.039607,shift_ot_h,425,425,8,0.012714776632302405,False,0.13892670687145392,0.044269312218897516,0.044269312218897516,0.04500813105142076,0.04500813105142076
jiang_massdep_baseline,affine,30.0,shift_h,425,425,8,0.012714776632302405,False,0.14285714285714302,0.05780682278351579,0.05697272043591939,0.057806822783515566,0.057806822783515566
jiang_massdep_baseline,affine,30.0,crew_veh_h,425,425,8,0.012714776632302405,False,0.059357082026546326,0.042579318280300926,0.003191561067836579,0.04828113905119147,0.02561525026859135
jiang_massdep_baseline,affine,30.0,crew_team_h,MX2,325,9,0.09965635738831616,False,0.052683079826560286,0.07080576764149571,0.0,0.08348798572258276,0.031228209417955233
jiang_massdep_baseline,affine,30.0,shift_ot_h,425,425,8,0.012714776632302405,False,0.1392315103575732,0.052029809114386705,0.052029809114386705,0.052735848520070405,0.052735848520070405
jiang_massdep_baseline,piecewise,5.1,shift_h,425,425,8,0.012714776632302405,False,0.1428571428571428,0.015935481591964784,0.015935481591964784,0.015935481591964784,0.015935481591964784
jiang_massdep_baseline,piecewise,5.1,crew_veh_h,500,500,8,0.0,False,0.018334455765761648,0.0,0.0,0.0,0.0
jiang_massdep_baseline,piecewise,5.1,crew_team_h,425,425,8,0.012714776632302405,False,0.01601676187463341,0.007048110488903081,0.007048110488903081,0.009345345476882816,0.009345345476882816
jiang_massdep_baseline,piecewise,5.1,shift_ot_h,425,425,8,0.012714776632302405,False,0.1375073975182135,0.00897930649712464,0.00897930649712464,0.009820202596841687,0.009820202596841687
jiang_massdep_baseline,piecewise,6.364497,shift_h,425,425,8,0.012714776632302405,False,0.1428571428571428,0.019385186456015058,0.019385186456015058,0.019385186456014836,0.019385186456014836
jiang_massdep_baseline,piecewise,6.364497,crew_veh_h,500,500,8,0.0,False,0.02217468980469728,0.0,0.0,0.0,0.0
jiang_massdep_baseline,piecewise,6.364497,crew_team_h,425,425,8,0.012714776632302405,False,0.019447360011782377,0.010989450351478691,0.010036756291244453,0.013694152679840643,0.013694152679840643
jiang_massdep_baseline,piecewise,6.364497,shift_ot_h,425,425,8,0.012714776632302405,False,0.13763733859630256,0.012471923856947953,0.012471923856947953,0.013308326665532944,0.013308326665532944
jiang_massdep_baseline,piecewise,7.942513,shift_h,425,425,8,0.012714776632302405,False,0.1428571428571428,0.023453682577825985,0.023453682577825985,0.023453682577825985,0.023453682577825985
jiang_massdep_baseline,piecewise,7.942513,crew_veh_h,500,425,8,0.012714776632302405,False,0.02334629417603873,0.0,0.0,0.0032255519740727046,0.0032255519740727046
jiang_massdep_baseline,piecewise,7.942513,crew_team_h,425,425,8,0.012714776632302405,False,0.023476749059244684,0.015618728115789349,0.006962531563446062,0.01876478827050443,0.015256509017912201
jiang_massdep_baseline,piecewise,7.942513,shift_ot_h,425,425,8,0.012714776632302405,False,0.13779090383432457,0.0165995224890938,0.0165995224890938,0.017429587934747248,0.017429587934747248
jiang_massdep_baseline,piecewise,9.911784,shift_h,425,425,8,0.012714776632302405,False,0.14285714285714302,0.02819556577963711,0.02819556577963711,0.02819556577963689,0.02819556577963689
jiang_massdep_baseline,piecewise,9.911784,crew_veh_h,425,425,8,0.012714776632302405,False,0.027728203992760214,0.005669752330411448,0.005669752330411448,0.009638592302222637,0.009638592302222637
jiang_massdep_baseline,piecewise,9.911784,crew_team_h,425,425,8,0.012714776632302405,False,0.028150567234792367,0.020988376541304365,0.0033966392558886227,0.024596594668377714,0.013394229623765685
jiang_massdep_baseline,piecewise,9.911784,shift_ot_h,425,425,8,0.012714776632302405,False,0.13797031904759427,0.02142192890358019,0.02142192890358019,0.022243181290623415,0.022243181290623415
jiang_massdep_baseline,piecewise,12.369317,shift_h,425,425,8,0.012714776632302405,False,0.1428571428571428,0.03364672284226122,0.03364672284226122,0.03364672284226122,0.03364672284226122
jiang_massdep_baseline,piecewise,12.369317,crew_veh_h,425,425,8,0.012714776632302405,False,0.033014346436331055,0.012423961133792849,0.012423961133792849,0.016909385653996578,0.016909385653996578
jiang_massdep_baseline,piecewise,12.369317,crew_team_h,MX2,325,9,0.09965635738831616,False,0.03286348835505892,0.02782601388892947,0.0,0.03253046279720628,0.012591552766952452
jiang_massdep_baseline,piecewise,12.369317,shift_ot_h,425,425,8,0.012714776632302405,False,0.13817714869249276,0.026981193294192796,0.026981193294192796,0.02779040288738832,0.02779040288738832
jiang_massdep_baseline,piecewise,15.436172,shift_h,425,425,8,0.012714776632302405,False,0.14285714285714302,0.03981494684782172,0.03981494684782172,0.03981494684782172,0.03981494684782172
jiang_massdep_baseline,piecewise,15.436172,crew_veh_h,425,425,8,0.012714776632302405,False,0.03896715531020867,0.020029982827304726,0.0180360802723063,0.025008570953617193,0.025008570953617193
jiang_massdep_baseline,piecewise,15.436172,crew_team_h,MX2,325,9,0.09965635738831616,False,0.03716239730479942,0.03950161937958807,0.0,0.04639290220459458,0.016568050176118287
jiang_massdep_baseline,piecewise,15.436172,shift_ot_h,425,425,8,0.012714776632302405,False,0.13841193463931045,0.03329188030522934,0.03329188030522934,0.03408497657598053,0.03408497657598053
jiang_massdep_baseline,piecewise,19.263424,shift_h,425,425,8,0.012714776632302405,False,0.14285714285714302,0.04667093360776953,0.04667093360776953,0.04667093360776953,0.04667093360776953
jiang_massdep_baseline,piecewise,19.263424,crew_veh_h,425,425,8,0.012714776632302405,False,0.04554823062242197,0.028438752981338133,0.01156491746033983,0.033855214701182135,0.027116223768724135
jiang_massdep_baseline,piecewise,19.263424,crew_team_h,MX2,325,9,0.09965635738831616,False,0.04195338769239809,0.05251369158886776,0.0,0.06170735021568241,0.020961062188596058
jiang_massdep_baseline,piecewise,19.263424,shift_ot_h,425,425,8,0.012714776632302405,False,0.13867383749795392,0.04033142841530979,0.04033142841530979,0.04110348752822324,0.04110348752822324
jiang_massdep_baseline,piecewise,24.039607,shift_h,425,425,8,0.012714776632302405,False,0.1428571428571428,0.05414163368349345,0.05414163368349345,0.05414163368349345,0.05414163368349345
jiang_massdep_baseline,piecewise,24.039607,crew_veh_h,425,425,8,0.012714776632302405,False,0.052677203924420546,0.03754758323883389,0.00455500726621394,0.04331356221120064,0.02276930696806967
jiang_massdep_baseline,piecewise,24.039607,crew_team_h,MX2,325,9,0.09965635738831616,False,0.047189287839131566,0.06673411477448488,0.0,0.07828370280305874,0.02571605668703847
jiang_massdep_baseline,piecewise,24.039607,shift_ot_h,425,425,8,0.012714776632302405,False,0.1389603535386612,0.048032541199329204,0.048032541199329204,0.048777889049903767,0.048777889049903767
jiang_massdep_baseline,piecewise,30.0,shift_h,425,425,8,0.012714776632302405,False,0.14285714285714257,0.062108172537772344,0.05058214365816682,0.062108172537772566,0.062108172537772566
jiang_massdep_baseline,piecewise,30.0,crew_veh_h,MX2,425,8,0.012714776632302405,False,0.0632860957618473,0.05021685706964818,0.0,0.053197175324500856,0.018226944378001653
jiang_massdep_baseline,piecewise,30.0,crew_team_h,MX2,325,9,0.09965635738831616,False,0.05279041405074647,0.08194647230863406,0.0,0.09583379281320403,0.030750371745525085
jiang_massdep_baseline,piecewise,30.0,shift_ot_h,425,425,8,0.012714776632302405,False,0.13926719327983728,0.056279923955234956,0.056279923955234956,0.05699238528705863,0.05699238528705863
jiang_massdep_baseline,power_0.72,5.1,shift_h,425,425,8,0.012714776632302405,False,0.1428571428571428,0.012349076268830084,0.012349076268830084,0.012349076268830084,0.012349076268830084
jiang_massdep_baseline,power_0.72,5.1,crew_veh_h,500,500,8,0.0,False,0.017124866250847415,0.0,0.0,0.0,0.0
jiang_massdep_baseline,power_0.72,5.1,crew_team_h,425,425,8,0.012714776632302405,False,0.015281656488516315,0.0031401620989064405,0.0031401620989064405,0.004961329385787305,0.004961329385787305
jiang_massdep_baseline,power_0.72,5.1,shift_ot_h,425,425,8,0.012714776632302405,False,0.13747964935404533,0.005491821847693368,0.005491821847693368,0.006320612880468923,0.006320612880468923
jiang_massdep_baseline,power_0.72,6.364497,shift_h,425,425,8,0.012714776632302405,False,0.1428571428571428,0.015039945955546141,0.015039945955546141,0.015039945955546141,0.015039945955546141
jiang_massdep_baseline,power_0.72,6.364497,crew_veh_h,500,500,8,0.0,False,0.02075397238536869,0.0,0.0,0.0,0.0
jiang_massdep_baseline,power_0.72,6.364497,crew_team_h,425,425,8,0.012714776632302405,False,0.01857786513412485,0.00626633798368692,0.00626633798368692,0.008416142676802352,0.008416142676802352
jiang_massdep_baseline,power_0.72,6.364497,shift_ot_h,425,425,8,0.012714776632302405,False,0.13760433503035574,0.008242745454242195,0.008242745454242195,0.009064933122000074,0.009064933122000074
jiang_massdep_baseline,power_0.72,7.942513,shift_h,425,425,8,0.012714776632302405,False,0.14285714285714302,0.01822158102609417,0.01822158102609417,0.01822158102609417,0.01822158102609417
jiang_massdep_baseline,power_0.72,7.942513,crew_veh_h,500,500,8,0.0,False,0.024999243881997257,0.0,0.0,0.0,0.0
jiang_massdep_baseline,power_0.72,7.942513,crew_team_h,425,425,8,0.012714776632302405,False,0.022459886631332582,0.009948107948382079,0.009948107948382079,0.012456391240710962,0.012456391240710962
jiang_massdep_baseline,power_0.72,7.942513,shift_ot_h,425,425,8,0.012714776632302405,False,0.13775205320387918,0.011501832004410906,0.011501832004410906,0.012315418077180285,0.012315418077180285
jiang_massdep_baseline,power_0.72,9.911784,shift_h,425,425,8,0.012714776632302405,False,0.14285714285714302,0.021940912550464153,0.021940912550464153,0.02194091255046393,0.02194091255046393
jiang_massdep_baseline,power_0.72,9.911784,crew_veh_h,500,425,8,0.012714776632302405,False,0.02773811799454906,0.0,0.0,0.0021037762045525987,0.0021037762045525987
jiang_massdep_baseline,power_0.72,9.911784,crew_team_h,425,425,8,0.012714776632302405,False,0.026977011329710976,0.01423221973221267,0.008747521009312642,0.017119179995210843,0.017119179995210843
jiang_massdep_baseline,power_0.72,9.911784,shift_ot_h,425,425,8,0.012714776632302405,False,0.1379251383373825,0.015320586441859962,0.015320586441859962,0.016123020067416283,0.016123020067416283
jiang_massdep_baseline,power_0.72,12.369317,shift_h,425,425,8,0.012714776632302405,False,0.1428571428571428,0.026231397446737414,0.026231397446737414,0.026231397446737637,0.026231397446737637
jiang_massdep_baseline,power_0.72,12.369317,crew_veh_h,425,425,8,0.012714776632302405,False,0.03169405145225568,0.004383519765132071,0.004383519765132071,0.008062325190979491,0.008062325190979491
jiang_massdep_baseline,power_0.72,12.369317,crew_team_h,425,425,8,0.012714776632302405,False,0.03215994900583441,0.019147798968073282,0.00564920839969596,0.022418973185595492,0.01926636844612073
jiang_massdep_baseline,power_0.72,12.369317,shift_ot_h,425,425,8,0.012714776632302405,False,0.13812534408711574,0.019737699452792024,0.019737699452792024,0.020525788633365627,0.020525788633365627
jiang_massdep_baseline,power_0.72,15.436172,shift_h,425,425,8,0.012714776632302405,False,0.1428571428571428,0.031105504394480787,0.031105504394480787,0.031105504394480565,0.031105504394480565
jiang_massdep_baseline,power_0.72,15.436172,crew_veh_h,425,425,8,0.012714776632302405,False,0.037490050365388994,0.01062730082137664,0.01062730082137664,0.014728930529340323,0.014728930529340323
jiang_massdep_baseline,power_0.72,15.436172,crew_team_h,425,425,8,0.012714776632302405,False,0.03801201411319699,0.024697989135547882,0.0021508975483095494,0.028339364699663694,0.01828330616766216
jiang_massdep_baseline,power_0.72,15.436172,shift_ot_h,425,425,8,0.012714776632302405,False,0.13835348958968297,0.024771243539911447,0.024771243539911447,0.02554109851133779,0.02554109851133779
jiang_massdep_baseline,power_0.72,19.263424,shift_h,425,425,8,0.012714776632302405,False,0.14285714285714302,0.036547194210421186,0.036547194210421186,0.036547194210421186,0.036547194210421186
jiang_massdep_baseline,power_0.72,19.263424,crew_veh_h,425,425,8,0.012714776632302405,False,0.043927140408697385,0.01756170185769812,0.01756170185769812,0.022046161642754747,0.022046161642754747
jiang_massdep_baseline,power_0.72,19.263424,crew_team_h,MX2,325,9,0.09965635738831616,False,0.044362381726121836,0.03263660916705535,0.0,0.03675525387206058,0.019102136474126175
jiang_massdep_baseline,power_0.72,19.263424,shift_ot_h,425,425,8,0.012714776632302405,False,0.13860909438284374,0.03041061832825287,0.03041061832825287,0.031157657175768794,0.031157657175768794
jiang_massdep_baseline,power_0.72,24.039607,shift_h,425,425,8,0.012714776632302405,False,0.1428571428571428,0.04250589877576627,0.04250589877576627,0.04250589877576649,0.04250589877576649
jiang_massdep_baseline,power_0.72,24.039607,crew_veh_h,425,425,8,0.012714776632302405,False,0.0509351982254993,0.025111181989322384,0.014680364084012298,0.029910512251655197,0.029910512251655197
jiang_massdep_baseline,power_0.72,24.039607,crew_team_h,MX2,325,9,0.09965635738831616,False,0.050041331641892395,0.043743890179051226,0.0,0.04952311996248948,0.023597006883815164
jiang_massdep_baseline,power_0.72,24.039607,shift_ot_h,425,425,8,0.012714776632302405,False,0.13889006968219442,0.036609739243444794,0.036609739243444794,0.03732878845644727,0.03732878845644727
jiang_massdep_baseline,power_0.72,30.0,shift_h,425,425,8,0.012714776632302405,False,0.1428571428571428,0.048893792001764025,0.048893792001764025,0.048893792001764025,0.048893792001764025
jiang_massdep_baseline,power_0.72,30.0,crew_veh_h,425,425,8,0.012714776632302405,False,0.05840128951003032,0.03315408193206015,0.008572064024882309,0.038174284031598615,0.03252595119841262
jiang_massdep_baseline,power_0.72,30.0,crew_team_h,MX2,325,9,0.09965635738831616,False,0.0561329851231247,0.05565836522237744,0.0,0.06306621994820683,0.02836479493470101
jiang_massdep_baseline,power_0.72,30.0,shift_ot_h,425,425,8,0.012714776632302405,False,0.1391925507551377,0.043283339200688165,0.043283339200688165,0.04396885389770344,0.04396885389770344
jiang_massdep_baseline,power_0.84,5.1,shift_h,425,425,8,0.012714776632302405,False,0.1428571428571428,0.015280517414659522,0.015280517414659522,0.0152805174146593,0.0152805174146593
jiang_massdep_baseline,power_0.84,5.1,crew_veh_h,500,500,8,0.0,False,0.018271021301602408,0.0,0.0,0.0,0.0
jiang_massdep_baseline,power_0.84,5.1,crew_team_h,425,425,8,0.012714776632302405,False,0.016040649867855805,0.006345798351464094,0.006345798351464094,0.008554888038383668,0.008554888038383668
jiang_massdep_baseline,power_0.84,5.1,shift_ot_h,425,425,8,0.012714776632302405,False,0.13750829978666745,0.00835003862704009,0.00835003862704009,0.009187833265524636,0.009187833265524636
jiang_massdep_baseline,power_0.84,6.364497,shift_h,425,425,8,0.012714776632302405,False,0.14285714285714302,0.018587730922017043,0.018587730922017043,0.018587730922017043,0.018587730922017043
jiang_massdep_baseline,power_0.84,6.364497,crew_veh_h,500,500,8,0.0,False,0.022100326823308425,0.0,0.0,0.0,0.0
jiang_massdep_baseline,power_0.84,6.364497,crew_team_h,425,425,8,0.012714776632302405,False,0.019475578915272962,0.010135844553502027,0.009627963169012821,0.012736546325725406,0.012736546325725406
jiang_massdep_baseline,power_0.84,6.364497,shift_ot_h,425,425,8,0.012714776632302405,False,0.1376384105004096,0.01170501993332862,0.01170501993332862,0.012537732148099945,0.012537732148099945
jiang_massdep_baseline,power_0.84,7.942513,shift_h,425,425,8,0.012714776632302405,False,0.1428571428571428,0.02248785387580532,0.02248785387580532,0.02248785387580532,0.02248785387580532
jiang_massdep_baseline,power_0.84,7.942513,crew_veh_h,500,425,8,0.012714776632302405,False,0.02441506374006286,0.0,0.0,0.0020948800689519764,0.0020948800689519764
jiang_massdep_baseline,power_0.84,7.942513,crew_team_h,425,425,8,0.012714776632302405,False,0.02350970094566418,0.014587030784360966,0.006469910631137443,0.017611819121376326,0.014733852608125542
jiang_massdep_baseline,power_0.84,7.942513,shift_ot_h,425,425,8,0.012714776632302405,False,0.13779216390208093,0.01566964185836084,0.01566964185836084,0.01649536048926148,0.01649536048926148
jiang_massdep_baseline,power_0.84,9.911784,shift_h,425,425,8,0.012714776632302405,False,0.1428571428571428,0.027033055747785584,0.027033055747785584,0.027033055747785584,0.027033055747785584
jiang_massdep_baseline,power_0.84,9.911784,crew_veh_h,425,425,8,0.012714776632302405,False,0.02776573531380766,0.004454526923001856,0.004454526923001856,0.008285844650150143,0.008285844650150143
jiang_massdep_baseline,power_0.84,9.911784,crew_team_h,425,425,8,0.012714776632302405,False,0.0281885302691125,0.019749576811520786,0.002807158560703238,0.023218310587853175,0.012771092508958137
jiang_massdep_baseline,power_0.84,9.911784,shift_ot_h,425,425,8,0.012714776632302405,False,0.1379717820592521,0.02030120172185712,0.02030120172185712,0.021117395858797128,0.021117395858797128
jiang_massdep_baseline,power_0.84,12.369317,shift_h,425,425,8,0.012714776632302405,False,0.1428571428571428,0.032257527101905215,0.032257527101905215,0.032257527101905215,0.032257527101905215
jiang_massdep_baseline,power_0.84,12.369317,crew_veh_h,425,425,8,0.012714776632302405,False,0.033056978357518974,0.010974531994172532,0.010974531994172532,0.015303975644489487,0.015303975644489487
jiang_massdep_baseline,power_0.84,12.369317,crew_team_h,MX2,325,9,0.09965635738831616,False,0.03417019759421258,0.0270678987802897,0.0,0.030355952782514795,0.011325710225984054
jiang_massdep_baseline,power_0.84,12.369317,shift_ot_h,425,425,8,0.012714776632302405,False,0.13817882307070284,0.02563987601756068,0.02563987601756068,0.026443281615865732,0.026443281615865732
jiang_massdep_baseline,power_0.84,15.436172,shift_h,425,425,8,0.012714776632302405,False,0.1428571428571428,0.03816849117612131,0.03816849117612131,0.03816849117612131,0.03816849117612131
jiang_massdep_baseline,power_0.84,15.436172,crew_veh_h,425,425,8,0.012714776632302405,False,0.03901474387689441,0.018315843114882657,0.017213495128673095,0.0231206062815148,0.0231206062815148
jiang_massdep_baseline,power_0.84,15.436172,crew_team_h,MX2,325,9,0.09965635738831616,False,0.03871225756619423,0.03860758368496264,0.0,0.04381197315700813,0.015070242254521471
jiang_massdep_baseline,power_0.84,15.436172,shift_ot_h,425,425,8,0.012714776632302405,False,0.138413819643181,0.031699400902398756,0.031699400902398756,0.03248594396692628,0.03248594396692628
jiang_massdep_baseline,power_0.84,19.263424,shift_h,425,425,8,0.012714776632302405,False,0.14285714285714302,0.04473759272825251,0.04473759272825251,0.04473759272825251,0.04473759272825251
jiang_massdep_baseline,power_0.84,19.263424,crew_veh_h,425,425,8,0.012714776632302405,False,0.045600328587472205,0.026430769107675278,0.010606946717372168,0.03165728799109435,0.026116936989357242
jiang_massdep_baseline,power_0.84,19.263424,crew_team_h,MX2,325,9,0.09965635738831616,False,0.04377483833728024,0.051469718325008795,0.0,0.05867204578252405,0.019205492970856053
jiang_massdep_baseline,power_0.84,19.263424,shift_ot_h,425,425,8,0.012714776632302405,False,0.13867592068817491,0.03845783055834762,0.03845783055834762,0.03922262393352316,0.03922262393352316
jiang_massdep_baseline,power_0.84,24.039607,shift_h,425,425,8,0.012714776632302405,False,0.14285714285714302,0.05189455811380883,0.05189455811380883,0.05189455811380861,0.05189455811380861
jiang_massdep_baseline,power_0.84,24.039607,crew_veh_h,425,425,8,0.012714776632302405,False,0.052733037172348896,0.035219875138223555,0.0034515327882187474,0.04078270431986519,0.021624465173255336
jiang_massdep_baseline,power_0.84,24.039607,crew_team_h,MX2,325,9,0.09965635738831616,False,0.04930828131039777,0.06552813867648966,0.0,0.07475021375343616,0.0236797144161065
jiang_massdep_baseline,power_0.84,24.039607,shift_ot_h,425,425,8,0.012714776632302405,False,0.13896260914027136,0.045850260972775336,0.045850260972775336,0.046587713892121796,0.046587713892121796
jiang_massdep_baseline,power_0.84,30.0,shift_h,425,425,8,0.012714776632302405,False,0.1428571428571428,0.0595252445701,0.04933421053283782,0.0595252445701,0.0595252445701
jiang_massdep_baseline,power_0.84,30.0,crew_veh_h,MX2,425,8,0.012714776632302405,False,0.0646862208964687,0.0488625951951267,0.0,0.05031672067072934,0.016930838251766778
jiang_massdep_baseline,power_0.84,30.0,crew_team_h,MX2,325,9,0.09965635738831616,False,0.055228551157088246,0.08056934222793477,0.0,0.09176564323067504,0.028414756344076197
jiang_massdep_baseline,power_0.84,30.0,shift_ot_h,425,425,8,0.012714776632302405,False,0.1392695820892491,0.05376573907394966,0.05376573907394966,0.05446980765973475,0.05446980765973475
jiang_massdep_baseline,power_0.96,5.1,shift_h,425,425,8,0.012714776632302405,False,0.14285714285714302,0.018517405188925418,0.018517405188925418,0.018517405188925418,0.018517405188925418
jiang_massdep_baseline,power_0.96,5.1,crew_veh_h,500,500,8,0.0,False,0.019482001399486082,0.0,0.0,0.0,0.0
jiang_massdep_baseline,power_0.96,5.1,crew_team_h,425,425,8,0.012714776632302405,False,0.016832366394256892,0.009879222654268771,0.00880162822417141,0.012510739340629629,0.012510739340629629
jiang_massdep_baseline,power_0.96,5.1,shift_ot_h,425,425,8,0.012714776632302405,False,0.13753822365279111,0.01150518144672219,0.01150518144672219,0.01235302003122385,0.01235302003122385
jiang_massdep_baseline,power_0.96,6.364497,shift_h,425,425,8,0.012714776632302405,False,0.14285714285714302,0.022496895875282252,0.022496895875282252,0.02249689587528203,0.02249689587528203
jiang_massdep_baseline,power_0.96,6.364497,crew_veh_h,500,425,8,0.012714776632302405,False,0.021962199798310378,0.0,0.0,0.0015215830873676062,0.0015215830873676062
jiang_massdep_baseline,power_0.96,6.364497,crew_team_h,425,425,8,0.012714776632302405,False,0.02040954789265559,0.014391495515468034,0.005385931457481341,0.017480819871081188,0.011155710015936515
jiang_massdep_baseline,power_0.96,6.364497,shift_ot_h,425,425,8,0.012714776632302405,False,0.13767391583372324,0.015519176372988053,0.015519176372988053,0.016363574714287843,0.016363574714287843
jiang_massdep_baseline,power_0.96,7.942513,shift_h,425,425,8,0.012714776632302405,False,0.1428571428571428,0.02717699319068312,0.02717699319068312,0.027176993190682897,0.027176993190682897
jiang_massdep_baseline,power_0.96,7.942513,crew_veh_h,425,425,8,0.012714776632302405,False,0.024218237964324096,0.003910184962560459,0.003910184962560459,0.007810222698595881,0.007810222698595881
jiang_massdep_baseline,power_0.96,7.942513,crew_team_h,425,425,8,0.012714776632302405,False,0.02459855981074477,0.01967553402503075,0.0013860241364105352,0.02325685287790802,0.00840763492414931
jiang_massdep_baseline,power_0.96,7.942513,shift_ot_h,425,425,8,0.012714776632302405,False,0.13783384020760114,0.020249998892932997,0.020249998892932997,0.02108911458049323,0.02108911458049323
jiang_massdep_baseline,power_0.96,9.911784,shift_h,425,425,8,0.012714776632302405,False,0.14285714285714302,0.0326137384520544,0.0326137384520544,0.0326137384520544,0.0326137384520544
jiang_massdep_baseline,power_0.96,9.911784,crew_veh_h,425,425,8,0.012714776632302405,False,0.02900380971552874,0.010563306771110614,0.010563306771110614,0.01502475087966193,0.01502475087966193
jiang_massdep_baseline,power_0.96,9.911784,crew_team_h,MX2,325,9,0.09965635738831616,False,0.029617301077000002,0.029115072860665725,0.0,0.033042520237543505,0.008351018417849021
jiang_massdep_baseline,power_0.96,9.911784,shift_ot_h,425,425,8,0.012714776632302405,False,0.1380200872532753,0.025759488763554828,0.025759488763554828,0.026590778255417558,0.026590778255417558
jiang_massdep_baseline,power_0.96,12.369317,shift_h,425,425,8,0.012714776632302405,False,0.1428571428571428,0.03883992411286008,0.03883992411286008,0.0388399241128603,0.0388399241128603
jiang_massdep_baseline,power_0.96,12.369317,crew_veh_h,425,425,8,0.012714776632302405,False,0.034460345869725906,0.018149234132349035,0.01585445894582782,0.023169351568172125,0.023169351568172125
jiang_massdep_baseline,power_0.96,12.369317,crew_team_h,MX2,325,9,0.09965635738831616,False,0.03349163586980519,0.04159377426169342,0.0,0.04771060612985001,0.011728938526586852
jiang_massdep_baseline,power_0.96,12.369317,shift_ot_h,425,425,8,0.012714776632302405,False,0.13823399744929343,0.03208729951577438,0.03208729951577438,0.03290737894884477,0.03290737894884477
jiang_massdep_baseline,power_0.96,15.436172,shift_h,425,425,8,0.012714776632302405,False,0.1428571428571428,0.04585465526502208,0.04585465526502208,0.045854655265022304,0.045854655265022304
jiang_massdep_baseline,power_0.96,15.436172,crew_veh_h,425,425,8,0.012714776632302405,False,0.04057756581562888,0.02665367446793465,0.008665470805803599,0.03219855378651926,0.01978652975187223
jiang_massdep_baseline,power_0.96,15.436172,crew_team_h,MX2,325,9,0.09965635738831616,False,0.03787753498879254,0.05572015424891452,0.0,0.06418330107093695,0.015522442866221953
jiang_massdep_baseline,power_0.96,15.436172,shift_ot_h,425,425,8,0.012714776632302405,False,0.13847579506791807,0.03924006548708303,0.03924006548708303,0.04004461537959392,0.04004461537959392
jiang_massdep_baseline,power_0.96,19.263424,shift_h,425,425,8,0.012714776632302405,False,0.1428571428571428,0.05361383154694144,0.05361383154694144,0.05361383154694144,0.05361383154694144
jiang_massdep_baseline,power_0.96,19.263424,crew_veh_h,425,425,8,0.012714776632302405,False,0.04730677305576214,0.03600892766883246,0.0007572720702844205,0.04200923406061574,0.013996506439337031
jiang_massdep_baseline,power_0.96,19.263424,crew_team_h,MX2,325,9,0.09965635738831616,False,0.042754858330124046,0.07142934430800962,0.0,0.08233897230592313,0.01970352057483149
jiang_massdep_baseline,power_0.96,19.263424,shift_ot_h,425,425,8,0.012714776632302405,False,0.1387442409246864,0.04718112958999576,0.04718112958999576,0.04796488797755627,0.04796488797755627
jiang_massdep_baseline,power_0.96,24.039607,shift_h,425,425,8,0.012714776632302405,False,0.14285714285714302,0.06202385163809354,0.049409952666243706,0.06202385163809354,0.06202385163809354
jiang_massdep_baseline,power_0.96,24.039607,crew_veh_h,MX2,425,8,0.012714776632302405,False,0.06280707751913495,0.05427222074529503,0.0,0.05243892991127508,0.007841155288264234
jiang_massdep_baseline,power_0.96,24.039607,crew_team_h,MX2,325,9,0.09965635738831616,False,0.04807235620129813,0.08855627620305695,0.0,0.10194063592222702,0.024217596520416107
jiang_massdep_baseline,power_0.96,24.039607,shift_ot_h,425,425,8,0.012714776632302405,False,0.13903638205873237,0.055823138449755616,0.055823138449755616,0.05658002799382089,0.05658002799382089
jiang_massdep_baseline,power_0.96,30.0,shift_h,425,425,8,0.012714776632302405,False,0.1428571428571428,0.07094094402941997,0.0359751657796723,0.07094094402941997,0.07094094402941997
jiang_massdep_baseline,power_0.96,30.0,crew_veh_h,MX2,425,8,0.012714776632302405,False,0.08027695656940215,0.07469553470077672,0.0,0.06327260602495044,0.0014473848762108776
jiang_massdep_baseline,power_0.96,30.0,crew_team_h,MX2,325,9,0.09965635738831616,False,0.053746082632128545,0.10683057146864305,0.0,0.12263729509101307,0.028983839485124063
jiang_massdep_baseline,power_0.96,30.0,shift_ot_h,425,425,8,0.012714776632302405,False,0.13934748427949106,0.06502604702634218,0.04983336686671458,0.06574946637691226,0.06574946637691226
jiang_massdep_tight,affine,5.1,shift_h,425,425,8,0.012714776632302405,False,0.1428571428571428,0.01472025127481369,0.01472025127481369,0.014720251274813467,0.014720251274813467
jiang_massdep_tight,affine,5.1,crew_veh_h,500,425,8,0.012714776632302405,False,0.008167550762360865,0.0,0.0,0.009268281714944315,0.009268281714944315
jiang_massdep_tight,affine,5.1,crew_team_h,425,425,8,0.012714776632302405,False,0.004164024252397036,0.012603980936086723,0.012603980936086723,0.026063673564488354,0.026063673564488354
jiang_massdep_tight,affine,5.1,shift_ot_h,425,425,8,0.012714776632302405,False,0.1357873442339974,0.015467960251529522,0.015467960251529522,0.01966318636327702,0.01966318636327702
jiang_massdep_tight,affine,6.364497,shift_h,425,425,8,0.012714776632302405,False,0.1428571428571428,0.017916956583133636,0.017916956583133636,0.017916956583133636,0.017916956583133636
jiang_massdep_tight,affine,6.364497,crew_veh_h,500,425,8,0.012714776632302405,False,0.007888396379109652,0.0,0.0,0.013216107559100188,0.013216107559100188
jiang_massdep_tight,affine,6.364497,crew_team_h,425,425,8,0.012714776632302405,False,0.007796337211638971,0.01605411123251166,0.011967736548055274,0.02957643177581426,0.02957643177581426
jiang_massdep_tight,affine,6.364497,shift_ot_h,425,425,8,0.012714776632302405,False,0.135958991814211,0.018596862658854407,0.018596862658854407,0.02270861475869923,0.02270861475869923
jiang_massdep_tight,affine,7.942513,shift_h,425,425,8,0.012714776632302405,False,0.14285714285714302,0.02169169628512213,0.02169169628512213,0.02169169628512191,0.02169169628512191
jiang_massdep_tight,affine,7.942513,crew_veh_h,425,425,8,0.012714776632302405,False,0.011883570501509899,0.004288829976784703,0.004288829976784703,0.01783046135931632,0.01783046135931632
jiang_massdep_tight,affine,7.942513,crew_team_h,425,425,8,0.012714776632302405,False,0.012070829417701212,0.020114211567325624,0.009323182540371455,0.03367793708012967,0.03367793708012967
jiang_massdep_tight,affine,7.942513,shift_ot_h,425,425,8,0.012714776632302405,False,0.1361618507107305,0.022294704998827797,0.022294704998827797,0.0263066183172882,0.0263066183172882
jiang_massdep_tight,affine,9.911784,shift_h,425,425,8,0.012714776632302405,False,0.1428571428571428,0.02609753227479672,0.02609753227479672,0.02609753227479672,0.02609753227479672
jiang_massdep_tight,affine,9.911784,crew_veh_h,425,425,8,0.012714776632302405,False,0.016785600654396715,0.009530642766607977,0.009530642766607977,0.02315253475717971,0.02315253475717971
jiang_massdep_tight,affine,9.911784,crew_team_h,425,425,8,0.012714776632302405,False,0.01704005494355698,0.024834200106006454,0.0062488091069961005,0.03840272341547113,0.03840272341547113
jiang_massdep_tight,affine,9.911784,shift_ot_h,425,425,8,0.012714776632302405,False,0.1363988636524336,0.02661512922467546,0.02661512922467546,0.030508767371888235,0.030508767371888235
jiang_massdep_tight,affine,12.369317,shift_h,425,425,8,0.012714776632302405,False,0.14285714285714302,0.03117081525734644,0.03117081525734644,0.03117081525734644,0.03117081525734644
jiang_massdep_tight,affine,12.369317,crew_veh_h,425,425,8,0.012714776632302405,False,0.022411318397103308,0.01554630531782486,0.01554630531782486,0.029197415203751964,0.029197415203751964
jiang_massdep_tight,affine,12.369317,crew_team_h,425,425,8,0.012714776632302405,False,0.02273567392232345,0.03024414903277406,0.002725028674041896,0.043761700468054165,0.043761700468054165
jiang_massdep_tight,affine,12.369317,shift_ot_h,425,425,8,0.012714776632302405,False,0.13667210039484634,0.031595864170318455,0.031595864170318455,0.03535097596322512,0.03535097596322512
jiang_massdep_tight,affine,15.436172,shift_h,425,425,8,0.012714776632302405,False,0.14285714285714302,0.03692237112421726,0.03692237112421726,0.03692237112421726,0.03692237112421726
jiang_massdep_tight,affine,15.436172,crew_veh_h,425,425,8,0.012714776632302405,False,0.028764792788892546,0.022340168735225818,0.022340168735225818,0.03594478255409106,0.03594478255409106
jiang_massdep_tight,affine,15.436172,crew_team_h,MX2,425,8,0.012714776632302405,False,0.030445735687876674,0.037641035821903035,0.0,0.049734057785801866,0.046077998681660404
jiang_massdep_tight,affine,15.436172,shift_ot_h,425,425,8,0.012714776632302405,False,0.13698228044863958,0.0372500255386925,0.0372500255386925,0.04084506073745242,0.04084506073745242
jiang_massdep_tight,affine,19.263424,shift_h,425,425,8,0.012714776632302405,False,0.14285714285714302,0.04332886836011429,0.04332886836011429,0.04332886836011407,0.04332886836011407
jiang_massdep_tight,affine,19.263424,crew_veh_h,425,425,8,0.012714776632302405,False,0.03581144196028574,0.029875254118218786,0.029875254118218786,0.043331486038887146,0.043331486038887146
jiang_massdep_tight,affine,19.263424,crew_team_h,MX2,425,8,0.012714776632302405,False,0.042158745624219174,0.04902712603391102,0.0,0.05626097862996082,0.04810733023132596
jiang_massdep_tight,affine,19.263424,shift_ot_h,425,425,8,0.012714776632302405,False,0.1373282990057294,0.04355747417799338,0.04355747417799338,0.04697040123090668,0.04697040123090668
jiang_massdep_tight,affine,24.039607,shift_h,425,425,8,0.012714776632302405,False,0.1428571428571428,0.050326178597214444,0.050326178597214444,0.050326178597214444,0.050326178597214444
jiang_massdep_tight,affine,24.039607,crew_veh_h,425,425,8,0.012714776632302405,False,0.04347168996092643,0.03806646973514671,0.030523221203847095,0.051248223964522,0.051248223964522
jiang_massdep_tight,affine,24.039607,crew_team_h,MX2,425,8,0.012714776632302405,False,0.054987094431895533,0.061497425093600455,0.0,0.06324311896443757,0.05027819732214156
jiang_massdep_tight,affine,24.039607,shift_ot_h,425,425,8,0.012714776632302405,False,0.1377068525247116,0.05045799101238102,0.05045799101238102,0.05366741905058703,0.05366741905058703
jiang_massdep_tight,affine,30.0,shift_h,425,425,8,0.012714776632302405,False,0.14285714285714302,0.05780682278351579,0.05697272043591939,0.057806822783515566,0.057806822783515566
jiang_massdep_tight,affine,30.0,crew_veh_h,425,425,8,0.012714776632302405,False,0.05161951113252905,0.04677905449991959,0.022151605165430244,0.059542280582668416,0.059542280582668416
jiang_massdep_tight,affine,30.0,crew_team_h,MX2,425,8,0.012714776632302405,False,0.06874232036330463,0.07486873137548367,0.0,0.07054351485427857,0.05254801551942534
jiang_massdep_tight,affine,30.0,shift_ot_h,425,425,8,0.012714776632302405,False,0.13811227770832768,0.05784834181970333,0.05784834181970333,0.06083488479297783,0.06083488479297783
jiang_massdep_tight,piecewise,5.1,shift_h,425,425,8,0.012714776632302405,False,0.1428571428571428,0.015935481591964784,0.015935481591964784,0.015935481591964784,0.015935481591964784
jiang_massdep_tight,piecewise,5.1,crew_veh_h,500,425,8,0.012714776632302405,False,0.007208155128871407,0.0,0.0,0.010731340670455225,0.010731340670455225
jiang_massdep_tight,piecewise,5.1,crew_team_h,425,425,8,0.012714776632302405,False,0.0045460651592843515,0.013902122248623972,0.01258909110857065,0.027498369116066623,0.027498369116066623
jiang_massdep_tight,piecewise,5.1,shift_ot_h,425,425,8,0.012714776632302405,False,0.13580536621434436,0.01666198998921886,0.01666198998921886,0.02085386871115613,0.02085386871115613
jiang_massdep_tight,piecewise,6.364497,shift_h,425,425,8,0.012714776632302405,False,0.1428571428571428,0.019385186456015058,0.019385186456015058,0.019385186456014836,0.019385186456014836
jiang_massdep_tight,piecewise,6.364497,crew_veh_h,425,425,8,0.012714776632302405,False,0.008116550893481067,0.001378482746284826,0.001378482746284826,0.014972665717260192,0.014972665717260192
jiang_massdep_tight,piecewise,6.364497,crew_team_h,425,425,8,0.012714776632302405,False,0.00824818812143957,0.01761920979107301,0.01000054544830653,0.03129920389713359,0.03129920389713359
jiang_massdep_tight,piecewise,6.364497,shift_ot_h,425,425,8,0.012714776632302405,False,0.13598039147198704,0.020040250395512604,0.020040250395512604,0.02414790734076755,0.02414790734076755
jiang_massdep_tight,piecewise,7.942513,shift_h,425,425,8,0.012714776632302405,False,0.1428571428571428,0.023453682577825985,0.023453682577825985,0.023453682577825985,0.023453682577825985
jiang_massdep_tight,piecewise,7.942513,crew_veh_h,425,425,8,0.012714776632302405,False,0.012404538019389122,0.006196441653225415,0.006196441653225415,0.019923072350642945,0.019923072350642945
jiang_massdep_tight,piecewise,7.942513,crew_team_h,425,425,8,0.012714776632302405,False,0.012599216529897372,0.02198782576067959,0.006958281369146224,0.035730720094551804,0.035730720094551804
jiang_massdep_tight,piecewise,7.942513,shift_ot_h,425,425,8,0.012714776632302405,False,0.13618699213456797,0.024027965355688963,0.024027965355688963,0.0280349004937972,0.0280349004937972
jiang_massdep_tight,piecewise,9.911784,shift_h,425,425,8,0.012714776632302405,False,0.14285714285714302,0.02819556577963711,0.02819556577963711,0.02819556577963689,0.02819556577963689
jiang_massdep_tight,piecewise,9.911784,crew_veh_h,425,425,8,0.012714776632302405,False,0.01738749994262334,0.011795270445396078,0.011795270445396078,0.025623393411311035,0.025623393411311035
jiang_massdep_tight,piecewise,9.911784,crew_team_h,425,425,8,0.012714776632302405,False,0.01764980109406955,0.02705882560522288,0.0034268836038555683,0.040827209989005464,0.03889974088479575
jiang_massdep_tight,piecewise,9.911784,shift_ot_h,425,425,8,0.012714776632302405,False,0.136428034305349,0.028680455132098492,0.028680455132098492,0.03256809122087967,0.03256809122087967
jiang_massdep_tight,piecewise,12.369317,shift_h,425,425,8,0.012714776632302405,False,0.1428571428571428,0.03364672284226122,0.03364672284226122,0.03364672284226122,0.03364672284226122
jiang_massdep_tight,piecewise,12.369317,crew_veh_h,425,425,8,0.012714776632302405,False,0.02309628380357953,0.01820962880121013,0.01820962880121013,0.03208577986191541,0.03208577986191541
jiang_massdep_tight,piecewise,12.369317,crew_team_h,MX2,425,8,0.012714776632302405,False,0.024057091205678782,0.03349526689179205,0.0,0.04659685328880814,0.03988403990836353
jiang_massdep_tight,piecewise,12.369317,shift_ot_h,425,425,8,0.012714776632302405,False,0.13670545909707044,0.03403518622759738,0.03403518622759738,0.03778313667002009,0.03778313667002009
jiang_massdep_tight,piecewise,15.436172,shift_h,425,425,8,0.012714776632302405,False,0.14285714285714302,0.03981494684782172,0.03981494684782172,0.03981494684782172,0.03981494684782172
jiang_massdep_tight,piecewise,15.436172,crew_veh_h,425,425,8,0.012714776632302405,False,0.029530993463883215,0.025439633419022778,0.025439633419022778,0.03928400212855232,0.03928400212855232
jiang_massdep_tight,piecewise,15.436172,crew_team_h,MX2,425,8,0.012714776632302405,False,0.03527630832382034,0.044784056386312665,0.0,0.05301323452156548,0.0409786721852774
jiang_massdep_tight,piecewise,15.436172,shift_ot_h,425,425,8,0.012714776632302405,False,0.1370198018550377,0.04010249164138169,0.04010249164138169,0.043689092555802445,0.043689092555802445
jiang_massdep_tight,piecewise,19.263424,shift_h,425,425,8,0.012714776632302405,False,0.14285714285714302,0.04667093360776953,0.04667093360776953,0.04667093360776953,0.04667093360776953
jiang_massdep_tight,piecewise,19.263424,crew_veh_h,425,425,8,0.012714776632302405,False,0.0366521859549922,0.033440966394879146,0.033440966394879146,0.04714599166224431,0.04714599166224431
jiang_massdep_tight,piecewise,19.263424,crew_team_h,MX2,425,8,0.012714776632302405,False,0.04779213147725492,0.05737749240256629,0.0,0.06000901320298824,0.04217214945369996
jiang_massdep_tight,piecewise,19.263424,shift_ot_h,425,425,8,0.012714776632302405,False,0.13736972401969605,0.04685653508671872,0.04685653508671872,0.0502596841541636,0.0502596841541636
jiang_massdep_tight,piecewise,24.039607,shift_h,425,425,8,0.012714776632302405,False,0.1428571428571428,0.05414163368349345,0.05414163368349345,0.05414163368349345,0.05414163368349345
jiang_massdep_tight,piecewise,24.039607,crew_veh_h,425,425,8,0.012714776632302405,False,0.04437497344511465,0.042118248224769284,0.025010385136825075,0.05555097370029238,0.05555097370029238
jiang_massdep_tight,piecewise,24.039607,crew_team_h,MX2,425,8,0.012714776632302405,False,0.06148517026278366,0.0711554441760629,0.0,0.06747382437500637,0.043445643492401764
jiang_massdep_tight,piecewise,24.039607,shift_ot_h,425,425,8,0.012714776632302405,False,0.1377516571541897,0.054228440167673364,0.054228440167673364,0.05742674201028142,0.05742674201028142
jiang_massdep_tight,piecewise,30.0,shift_h,425,425,8,0.012714776632302405,False,0.14285714285714257,0.062108172537772344,0.05058214365816682,0.062108172537772566,0.062108172537772566
jiang_massdep_tight,piecewise,30.0,crew_veh_h,425,425,8,0.012714776632302405,False,0.05256824819445849,0.05132416696857911,0.015931325635731408,0.0643331677031469,0.0643331677031469
jiang_massdep_tight,piecewise,30.0,crew_team_h,MX2,300,10,0.12508591065292096,False,0.07037980414120582,0.08591188583091047,0.0,0.08105525917871148,0.05040644786233983
jiang_massdep_tight,piecewise,30.0,shift_ot_h,425,425,8,0.012714776632302405,False,0.13815967307289023,0.06210378365722313,0.052805186387401504,0.0650779348906314,0.0650779348906314
jiang_massdep_tight,power_0.72,5.1,shift_h,425,425,8,0.012714776632302405,False,0.1428571428571428,0.012349076268830084,0.012349076268830084,0.012349076268830084,0.012349076268830084
jiang_massdep_tight,power_0.72,5.1,crew_veh_h,500,425,8,0.012714776632302405,False,0.010333637263435946,0.0,0.0,0.006425347397539083,0.006425347397539083
jiang_massdep_tight,power_0.72,5.1,crew_team_h,425,425,8,0.012714776632302405,False,0.0037530547394215574,0.010075270083259369,0.010075270083259369,0.023229934265814878,0.023229934265814878
jiang_massdep_tight,power_0.72,5.1,shift_ot_h,425,425,8,0.012714776632302405,False,0.13576796589311035,0.013136682208829908,0.013136682208829908,0.0173289279744675,0.0173289279744675
jiang_massdep_tight,power_0.72,6.364497,shift_h,425,425,8,0.012714776632302405,False,0.1428571428571428,0.015039945955546141,0.015039945955546141,0.015039945955546141,0.015039945955546141
jiang_massdep_tight,power_0.72,6.364497,crew_veh_h,500,425,8,0.012714776632302405,False,0.010512993389308889,0.0,0.0,0.009785451544201962,0.009785451544201962
jiang_massdep_tight,power_0.72,6.364497,crew_team_h,425,425,8,0.012714776632302405,False,0.007309672972519943,0.01299154690776505,0.01299154690776505,0.026157038555320478,0.026157038555320478
jiang_massdep_tight,power_0.72,6.364497,shift_ot_h,425,425,8,0.012714776632302405,False,0.13593595507812828,0.015766955815593953,0.015766955815593953,0.019875280543184326,0.019875280543184326
jiang_massdep_tight,power_0.72,7.942513,shift_h,425,425,8,0.012714776632302405,False,0.14285714285714302,0.01822158102609417,0.01822158102609417,0.01822158102609417,0.01822158102609417
jiang_massdep_tight,power_0.72,7.942513,crew_veh_h,425,425,8,0.012714776632302405,False,0.011321724348360096,0.0005923412335910871,0.0005923412335910871,0.01371884249455424,0.01371884249455424
jiang_massdep_tight,power_0.72,7.942513,crew_team_h,425,425,8,0.012714776632302405,False,0.011500907235944657,0.01642818208967811,0.011398229117888237,0.02958001164396795,0.02958001164396795
jiang_massdep_tight,power_0.72,7.942513,shift_ot_h,425,425,8,0.012714776632302405,False,0.13613474910776135,0.01887955314898404,0.01887955314898404,0.02288759511181504,0.02288759511181504
jiang_massdep_tight,power_0.72,9.911784,shift_h,425,425,8,0.012714776632302405,False,0.14285714285714302,0.021940912550464153,0.021940912550464153,0.02194091255046393,0.02194091255046393
jiang_massdep_tight,power_0.72,9.911784,crew_veh_h,425,425,8,0.012714776632302405,False,0.016135391402821053,0.005113496318319699,0.005113496318319699,0.01826354390822882,0.01826354390822882
jiang_massdep_tight,power_0.72,9.911784,crew_team_h,425,425,8,0.012714776632302405,False,0.016381269843817048,0.020429873425586553,0.008726035571116064,0.033530219889313484,0.033530219889313484
jiang_massdep_tight,power_0.72,9.911784,shift_ot_h,425,425,8,0.012714776632302405,False,0.1363673686396436,0.022521769849196183,0.022521769849196183,0.026411127391382294,0.026411127391382294
jiang_massdep_tight,power_0.72,12.369317,shift_h,425,425,8,0.012714776632302405,False,0.1428571428571428,0.026231397446737414,0.026231397446737414,0.026231397446737637,0.026231397446737637
jiang_massdep_tight,power_0.72,12.369317,crew_veh_h,425,425,8,0.012714776632302405,False,0.02166996167497648,0.01031174751530517,0.01031174751530517,0.02343594178631636,0.02343594178631636
jiang_massdep_tight,power_0.72,12.369317,crew_team_h,425,425,8,0.012714776632302405,False,0.02198554617346482,0.025025143456589793,0.005657470334128112,0.03801983347985627,0.03801983347985627
jiang_massdep_tight,power_0.72,12.369317,shift_ot_h,425,425,8,0.012714776632302405,False,0.13663601753885768,0.02672811270997233,0.02672811270997233,0.030478608755053704,0.030478608755053704
jiang_massdep_tight,power_0.72,15.436172,shift_h,425,425,8,0.012714776632302405,False,0.1428571428571428,0.031105504394480787,0.031105504394480787,0.031105504394480565,0.031105504394480565
jiang_massdep_tight,power_0.72,15.436172,crew_veh_h,425,425,8,0.012714776632302405,False,0.027933722510746994,0.016194878573553506,0.016194878573553506,0.02922262422639732,0.02922262422639732
jiang_massdep_tight,power_0.72,15.436172,crew_team_h,425,425,8,0.012714776632302405,False,0.028319210997701516,0.03021848126530302,0.002189535750036997,0.043034859652168356,0.043034859652168356
jiang_massdep_tight,power_0.72,15.436172,shift_ot_h,425,425,8,0.012714776632302405,False,0.1369416103996295,0.031512901897543966,0.031512901897543966,0.03510310363965874,0.03510310363965874
jiang_massdep_tight,power_0.72,19.263424,shift_h,425,425,8,0.012714776632302405,False,0.14285714285714302,0.036547194210421186,0.036547194210421186,0.036547194210421186,0.036547194210421186
jiang_massdep_tight,power_0.72,19.263424,crew_veh_h,425,425,8,0.012714776632302405,False,0.0348973331232878,0.022735331656984048,0.022735331656984048,0.03557362723330226,0.03557362723330226
jiang_massdep_tight,power_0.72,19.263424,crew_team_h,MX2,425,8,0.012714776632302405,False,0.03707064167921348,0.03770524144476339,0.0,0.048529516360759306,0.048529516360759306
jiang_massdep_tight,power_0.72,19.263424,shift_ot_h,425,425,8,0.012714776632302405,False,0.13728329340132328,0.036862768801999346,0.036862768801999346,0.04027080285081275,0.04027080285081275
jiang_massdep_tight,power_0.72,24.039607,shift_h,425,425,8,0.012714776632302405,False,0.1428571428571428,0.04250589877576627,0.04250589877576627,0.04250589877576649,0.04250589877576649
jiang_massdep_tight,power_0.72,24.039607,crew_veh_h,425,425,8,0.012714776632302405,False,0.04248702677921257,0.029863822613211743,0.029863822613211743,0.04239900260952534,0.04239900260952534
jiang_massdep_tight,power_0.72,24.039607,crew_team_h,MX2,425,8,0.012714776632302405,False,0.049133334699936304,0.04838539173077461,0.0,0.05442360169312099,0.05442360169312099
jiang_massdep_tight,power_0.72,24.039607,shift_ot_h,425,425,8,0.012714776632302405,False,0.13765805137030007,0.042730503648247486,0.042730503648247486,0.04593516675790088,0.04593516675790088
jiang_massdep_tight,power_0.72,30.0,shift_h,425,425,8,0.012714776632302405,False,0.1428571428571428,0.048893792001764025,0.048893792001764025,0.048893792001764025,0.048893792001764025
jiang_massdep_tight,power_0.72,30.0,crew_veh_h,425,425,8,0.012714776632302405,False,0.05058243408322216,0.03746729653057601,0.027710093591178264,0.049570471711463115,0.049570471711463115
jiang_massdep_tight,power_0.72,30.0,crew_team_h,MX2,425,8,0.012714776632302405,False,0.06208781721779677,0.05985512074821431,0.0,0.06060433671964538,0.05987079672722406
jiang_massdep_tight,power_0.72,30.0,shift_ot_h,425,425,8,0.012714776632302405,False,0.1380605140701876,0.04903202250559269,0.04903202250559269,0.052014125706147496,0.052014125706147496
jiang_massdep_tight,power_0.84,5.1,shift_h,425,425,8,0.012714776632302405,False,0.1428571428571428,0.015280517414659522,0.015280517414659522,0.0152805174146593,0.0152805174146593
jiang_massdep_tight,power_0.84,5.1,crew_veh_h,500,425,8,0.012714776632302405,False,0.007922526820756115,0.0,0.0,0.009952975398708874,0.009952975398708874
jiang_massdep_tight,power_0.84,5.1,crew_team_h,425,425,8,0.012714776632302405,False,0.004571836475069535,0.013206000573602328,0.012255501707267857,0.026703540035748485,0.026703540035748485
jiang_massdep_tight,power_0.84,5.1,shift_ot_h,425,425,8,0.012714776632302405,False,0.13580658218956487,0.016017297795264174,0.016017297795264174,0.020204447252115454,0.020204447252115454
jiang_massdep_tight,power_0.84,6.364497,shift_h,425,425,8,0.012714776632302405,False,0.14285714285714302,0.018587730922017043,0.018587730922017043,0.018587730922017043,0.018587730922017043
jiang_massdep_tight,power_0.84,6.364497,crew_veh_h,425,425,8,0.012714776632302405,False,0.008146555374302311,0.000549329274474708,0.000549329274474708,0.014029287378901634,0.014029287378901634
jiang_massdep_tight,power_0.84,6.364497,crew_team_h,425,425,8,0.012714776632302405,False,0.008278649327199794,0.016772936664388505,0.009595990631922513,0.03033646682775082,0.03033646682775082
jiang_massdep_tight,power_0.84,6.364497,shift_ot_h,425,425,8,0.012714776632302405,False,0.13598183449053347,0.019255001982871445,0.019255001982871445,0.023357039197205554,0.023357039197205554
jiang_massdep_tight,power_0.84,7.942513,shift_h,425,425,8,0.012714776632302405,False,0.1428571428571428,0.02248785387580532,0.02248785387580532,0.02248785387580532,0.02248785387580532
jiang_massdep_tight,power_0.84,7.942513,crew_veh_h,425,425,8,0.012714776632302405,False,0.012439634896321383,0.0051933870725562326,0.0051933870725562326,0.018786640481071037,0.018786640481071037
jiang_massdep_tight,power_0.84,7.942513,crew_team_h,425,425,8,0.012714776632302405,False,0.01263481087354057,0.020964718245162883,0.006470594141557706,0.034571805159362645,0.034571805159362645
jiang_massdep_tight,power_0.84,7.942513,shift_ot_h,425,425,8,0.012714776632302405,False,0.13618868628225633,0.023076491963728074,0.023076491963728074,0.02707681907391879,0.02707681907391879
jiang_massdep_tight,power_0.84,9.911784,shift_h,425,425,8,0.012714776632302405,False,0.1428571428571428,0.027033055747785584,0.027033055747785584,0.027033055747785584,0.027033055747785584
jiang_massdep_tight,power_0.84,9.911784,crew_veh_h,425,425,8,0.012714776632302405,False,0.017428014469463182,0.01058958878222005,0.01058958878222005,0.024264058990278503,0.024264058990278503
jiang_massdep_tight,power_0.84,9.911784,crew_team_h,425,425,8,0.012714776632302405,False,0.0176908406320484,0.025829958477441295,0.0028430662148914987,0.03944213593939305,0.03826684676699177
jiang_massdep_tight,power_0.84,9.911784,shift_ot_h,425,425,8,0.012714776632302405,False,0.13642999835743108,0.027534619543196248,0.027534619543196248,0.03141458092852667,0.03141458092852667
jiang_massdep_tight,power_0.84,12.369317,shift_h,425,425,8,0.012714776632302405,False,0.1428571428571428,0.032257527101905215,0.032257527101905215,0.032257527101905215,0.032257527101905215
jiang_massdep_tight,power_0.84,12.369317,crew_veh_h,425,425,8,0.012714776632302405,False,0.023142344482041555,0.016771090596853666,0.016771090596853666,0.03047296135190969,0.03047296135190969
jiang_massdep_tight,power_0.84,12.369317,crew_team_h,MX2,425,8,0.012714776632302405,False,0.02481467749825672,0.03274588788596011,0.0,0.044955046840944535,0.03913455450604042
jiang_massdep_tight,power_0.84,12.369317,shift_ot_h,425,425,8,0.012714776632302405,False,0.1367077030183692,0.0326650831015467,0.0326650831015467,0.0364042469469088,0.0364042469469088
jiang_massdep_tight,power_0.84,15.436172,shift_h,425,425,8,0.012714776632302405,False,0.1428571428571428,0.03816849117612131,0.03816849117612131,0.03816849117612131,0.03816849117612131
jiang_massdep_tight,power_0.84,15.436172,crew_veh_h,425,425,8,0.012714776632302405,False,0.02958245994342157,0.02373771403710645,0.02373771403710645,0.037387858460109724,0.037387858460109724
jiang_massdep_tight,power_0.84,15.436172,crew_team_h,MX2,425,8,0.012714776632302405,False,0.03617842038492847,0.043899780088132445,0.0,0.051085042636009215,0.04009938867200069
jiang_massdep_tight,power_0.84,15.436172,shift_ot_h,425,425,8,0.012714776632302405,False,0.13702232309659235,0.038477541706291474,0.038477541706291474,0.04205424685880543,0.04205424685880543
jiang_massdep_tight,power_0.84,19.263424,shift_h,425,425,8,0.012714776632302405,False,0.14285714285714302,0.04473759272825251,0.04473759272825251,0.04473759272825251,0.04473759272825251
jiang_massdep_tight,power_0.84,19.263424,crew_veh_h,425,425,8,0.012714776632302405,False,0.036708590515810435,0.03144643736382635,0.03144643736382635,0.04493921899927078,0.04493921899927078
jiang_massdep_tight,power_0.84,19.263424,crew_team_h,MX2,425,8,0.012714776632302405,False,0.04885698279585071,0.05634421145377044,0.0,0.057767525494800465,0.041151181852804974
jiang_massdep_tight,power_0.84,19.263424,shift_ot_h,425,425,8,0.012714776632302405,False,0.13737250425758374,0.04494697466150166,0.04494697466150166,0.04833918290205674,0.04833918290205674
jiang_massdep_tight,power_0.84,24.039607,shift_h,425,425,8,0.012714776632302405,False,0.14285714285714302,0.05189455811380883,0.05189455811380883,0.05189455811380861,0.05189455811380861
jiang_massdep_tight,power_0.84,24.039607,crew_veh_h,425,425,8,0.012714776632302405,False,0.04443549324605711,0.03980504863468037,0.023902549756479097,0.053010758728972096,0.053010758728972096
jiang_massdep_tight,power_0.84,24.039607,crew_team_h,MX2,425,8,0.012714776632302405,False,0.06272989311731769,0.0699609350807664,0.0,0.0648968283813316,0.04227330252537431
jiang_massdep_tight,power_0.84,24.039607,shift_ot_h,425,425,8,0.012714776632302405,False,0.13775466031306838,0.052007128818235104,0.052007128818235104,0.05519357900858979,0.05519357900858979
jiang_massdep_tight,power_0.84,30.0,shift_h,425,425,8,0.012714776632302405,False,0.1428571428571428,0.0595252445701,0.04933421053283782,0.0595252445701,0.0595252445701
jiang_massdep_tight,power_0.84,30.0,crew_veh_h,425,425,8,0.012714776632302405,False,0.05263172372997782,0.048671357282936034,0.014670326899990371,0.06144304513285248,0.06144304513285248
jiang_massdep_tight,power_0.84,30.0,crew_team_h,MX2,300,10,0.12508591065292096,False,0.07235241057632091,0.08454677506403496,0.0,0.07756753630383173,0.04853977549310584
jiang_massdep_tight,power_0.84,30.0,shift_ot_h,425,425,8,0.012714776632302405,False,0.13816284547474633,0.05954815852214268,0.05156894178786353,0.06250975234825873,0.06250975234825873
jiang_massdep_tight,power_0.96,5.1,shift_h,425,425,8,0.012714776632302405,False,0.14285714285714302,0.018517405188925418,0.018517405188925418,0.018517405188925418,0.018517405188925418
jiang_massdep_tight,power_0.96,5.1,crew_veh_h,425,425,8,0.012714776632302405,False,0.005337647230644338,9.966246273429569e-05,9.966246273429569e-05,0.013837635567986561,0.013837635567986561
jiang_massdep_tight,power_0.96,5.1,crew_team_h,425,425,8,0.012714776632302405,False,0.0054260301190787175,0.016659710939378902,0.00877770997562366,0.030534564833036182,0.030534564833036182
jiang_massdep_tight,power_0.96,5.1,shift_ot_h,425,425,8,0.012714776632302405,False,0.1358469049798643,0.01919888160244354,0.01919888160244354,0.023381572729822775,0.023381572729822775
jiang_massdep_tight,power_0.96,6.364497,shift_h,425,425,8,0.012714776632302405,False,0.14285714285714302,0.022496895875282252,0.022496895875282252,0.02249689587528203,0.02249689587528203
jiang_massdep_tight,power_0.96,6.364497,crew_veh_h,425,425,8,0.012714776632302405,False,0.009139824574819544,0.004765248147590606,0.004765248147590606,0.018691279117881265,0.018691279117881265
jiang_massdep_tight,power_0.96,6.364497,crew_team_h,425,425,8,0.012714776632302405,False,0.009286913776617833,0.020935155691753193,0.005397765309032687,0.03493445238369053,0.031372372025924466
jiang_massdep_tight,power_0.96,6.364497,shift_ot_h,425,425,8,0.012714776632302405,False,0.13602962515507855,0.023099435612293773,0.023099435612293773,0.02719589294128788,0.02719589294128788
jiang_massdep_tight,power_0.96,7.942513,shift_h,425,425,8,0.012714776632302405,False,0.1428571428571428,0.02717699319068312,0.02717699319068312,0.027176993190682897,0.027176993190682897
jiang_massdep_tight,power_0.96,7.942513,crew_veh_h,425,425,8,0.012714776632302405,False,0.013599648535756348,0.010237820556924238,0.010237820556924238,0.024338031194507614,0.024338031194507614
jiang_massdep_tight,power_0.96,7.942513,crew_team_h,425,425,8,0.012714776632302405,False,0.013811097540281425,0.025945122177887026,0.0014371458915549695,0.040047598257960004,0.0309383622115591
jiang_massdep_tight,power_0.96,7.942513,shift_ot_h,425,425,8,0.012714776632302405,False,0.13624470956704005,0.0276908736653092,0.0276908736653092,0.03168425112390105,0.03168425112390105
jiang_massdep_tight,power_0.96,9.911784,shift_h,425,425,8,0.012714776632302405,False,0.14285714285714302,0.0326137384520544,0.0326137384520544,0.0326137384520544,0.0326137384520544
jiang_massdep_tight,power_0.96,9.911784,crew_veh_h,425,425,8,0.012714776632302405,False,0.018764638619256813,0.016575690049761116,0.016575690049761116,0.030815837815635128,0.030815837815635128
jiang_massdep_tight,power_0.96,9.911784,crew_team_h,MX2,425,8,0.012714776632302405,False,0.022258953141035098,0.03499496634332022,0.0,0.04590572336655674,0.030441117686675456
jiang_massdep_tight,power_0.96,9.911784,shift_ot_h,425,425,8,0.012714776632302405,False,0.13649483323383094,0.03303029975941896,0.03303029975941896,0.036901668125848275,0.036901668125848275
jiang_massdep_tight,power_0.96,12.369317,shift_h,425,425,8,0.012714776632302405,False,0.1428571428571428,0.03883992411286008,0.03883992411286008,0.0388399241128603,0.0388399241128603
jiang_massdep_tight,power_0.96,12.369317,crew_veh_h,425,425,8,0.012714776632302405,False,0.024658761338588908,0.023808265517665017,0.023808265517665017,0.03812832056200888,0.03812832056200888
jiang_massdep_tight,power_0.96,12.369317,crew_team_h,MX2,425,8,0.012714776632302405,False,0.03365622050871431,0.047105114736447184,0.0,0.05250901357369897,0.029880622674901103
jiang_massdep_tight,power_0.96,12.369317,shift_ot_h,425,425,8,0.012714776632302405,False,0.13678162751678036,0.03915253880087821,0.03915253880087821,0.0428811847849242,0.0428811847849242
jiang_massdep_tight,power_0.96,15.436172,shift_h,425,425,8,0.012714776632302405,False,0.1428571428571428,0.04585465526502208,0.04585465526502208,0.045854655265022304,0.045854655265022304
jiang_massdep_tight,power_0.96,15.436172,crew_veh_h,425,425,8,0.012714776632302405,False,0.03127285809501834,0.03192430860343198,0.03180757193876094,0.04623450533248685,0.04623450533248685
jiang_massdep_tight,power_0.96,15.436172,crew_team_h,MX2,300,10,0.12508591065292096,False,0.04615034503309512,0.06082652803072919,0.0,0.06024211873165419,0.029673090097097177
jiang_massdep_tight,power_0.96,15.436172,shift_ot_h,425,425,8,0.012714776632302405,False,0.1371051947486983,0.046059775302995654,0.046059775302995654,0.04962377779732474,0.04962377779732474
jiang_massdep_tight,power_0.96,19.263424,shift_h,425,425,8,0.012714776632302405,False,0.1428571428571428,0.05361383154694144,0.05361383154694144,0.05361383154694144,0.05361383154694144
jiang_massdep_tight,power_0.96,19.263424,crew_veh_h,425,425,8,0.012714776632302405,False,0.03855636358739267,0.040861771505537936,0.022451153986790207,0.05504165939829009,0.05504165939829009
jiang_massdep_tight,power_0.96,19.263424,crew_team_h,MX2,300,10,0.12508591065292096,False,0.05243184145712787,0.07610067445926316,0.0,0.0763798171483594,0.0369077518969001
jiang_massdep_tight,power_0.96,19.263424,shift_ot_h,425,425,8,0.012714776632302405,False,0.13746365809350025,0.053711944174392734,0.053711944174392734,0.05708906776878764,0.05708906776878764
jiang_massdep_tight,power_0.96,24.039607,shift_h,425,425,8,0.012714776632302405,False,0.14285714285714302,0.06202385163809354,0.049409952666243706,0.06202385163809354,0.06202385163809354
jiang_massdep_tight,power_0.96,24.039607,crew_veh_h,425,425,8,0.012714776632302405,False,0.046412506627381944,0.05050190798199905,0.012359123734384747,0.06440380066381923,0.06263146753705473
jiang_massdep_tight,power_0.96,24.039607,crew_team_h,MX2,300,10,0.12508591065292096,False,0.05928779879718005,0.09277168551310844,0.0,0.09377490864508942,0.04470611326825891
jiang_massdep_tight,power_0.96,24.039607,shift_ot_h,425,425,8,0.012714776632302405,False,0.13785285215790144,0.062020126162114275,0.051791403555236926,0.06518902410945016,0.06518902410945016
jiang_massdep_tight,power_0.96,30.0,shift_h,425,425,8,0.012714776632302405,False,0.1428571428571428,0.07094094402941997,0.0359751657796723,0.07094094402941997,0.07094094402941997
jiang_massdep_tight,power_0.96,30.0,crew_veh_h,425,425,8,0.012714776632302405,False,0.05469912835302737,0.060670277365983516,0.0017140989786272876,0.07412779743621312,0.058662886921418744
jiang_massdep_tight,power_0.96,30.0,crew_team_h,MX2,300,10,0.12508591065292096,False,0.06661176138436953,0.1105807025756409,0.0,0.11211039097600528,0.05292605951927576
jiang_massdep_tight,power_0.96,30.0,shift_ot_h,425,425,8,0.012714776632302405,False,0.13826626710622758,0.07084535486241617,0.03829874859356042,0.07378700172141639,0.07378700172141639
jiang_short_baseline,affine,5.1,shift_h,L270_H500x1,L270_H500x2,6,0.002061855670103093,False,0.20738063370980941,0.036903168549046406,0.0,0.03056465170859779,0.0
jiang_short_baseline,affine,5.1,crew_veh_h,L300_H500x2,L300_H500x2,6,0.0,False,0.017859087094116655,0.024884694280147945,0.0,0.033340914792769016,0.0
jiang_short_baseline,affine,5.1,crew_team_h,L300_H500x2,L300_H500x2,6,0.0,False,0.017859087094116655,0.024884694280147945,0.0,0.033340914792769016,0.0
jiang_short_baseline,affine,5.1,shift_ot_h,L300_H500x2,L300_H500x2,6,0.0,False,0.19214954926886452,0.028610398266333048,0.0,0.03048505174659044,0.0
jiang_short_baseline,affine,6.364497,shift_h,L270_H500x1,L270_H500x2,6,0.002061855670103093,False,0.20902629177525744,0.04513145887628722,0.0,0.037328765456389634,0.0
jiang_short_baseline,affine,6.364497,crew_veh_h,L300_H500x2,L300_H500x2,6,0.0,False,0.021709000200502482,0.030797423876380625,0.0,0.040912200857772474,0.0
jiang_short_baseline,affine,6.364497,crew_team_h,L300_H500x2,L300_H500x2,6,0.0,False,0.021709000200502482,0.030797423876380625,0.0,0.040912200857772474,0.0
jiang_short_baseline,affine,6.364497,shift_ot_h,L300_H500x2,L300_H500x2,6,0.0,False,0.19157434567315268,0.03359762627090279,0.0,0.03611399638571555,0.0
jiang_short_baseline,affine,7.942513,shift_h,L270_H500x1,L270_H500x2,6,0.002061855670103093,False,0.2109898502551113,0.05494925127555672,0.0,0.04537548457898355,0.0
jiang_short_baseline,affine,7.942513,crew_veh_h,L300_H500x2,L300_H500x2,6,0.0,False,0.026242113791651756,0.037759418641668985,0.0,0.04975425470002537,0.0
jiang_short_baseline,affine,7.942513,crew_team_h,L300_H500x1,L270_H500x2,6,0.002061855670103093,False,0.027660728815176006,0.039502728645672835,0.0,0.050066166621233865,0.0
jiang_short_baseline,affine,7.942513,shift_ot_h,L300_H500x2,L300_H500x2,6,0.0,False,0.19089144559114524,0.039518622660183134,0.0,0.04280391929550387,0.0
jiang_short_baseline,affine,9.911784,shift_h,L270_H500x1,L270_H500x2,6,0.002061855670103093,False,0.21331001699889418,0.06655008499447024,0.0,0.054850025189012275,0.0
jiang_short_baseline,affine,9.911784,crew_veh_h,L300_H500x1,MX2,6,0.0010309278350515464,False,0.032747284989379066,0.04775585050878073,0.0,0.06059896536846243,0.0
jiang_short_baseline,affine,9.911784,crew_team_h,L300_H500x1,L270_H500x2,6,0.002061855670103093,False,0.0342695063406766,0.050889375202438414,0.0,0.06220525894973572,0.0
jiang_short_baseline,affine,9.911784,shift_ot_h,L300_H500x2,L300_H500x2,6,0.0,False,0.1900892770868552,0.046473720400885155,0.0,0.05067204259143221,0.0
jiang_short_baseline,affine,12.369317,shift_h,L270_H500x1,L270_H500x2,6,0.002061855670103093,False,0.21602022144035105,0.08010110720175567,0.0,0.06587152564525423,0.0
jiang_short_baseline,affine,12.369317,crew_veh_h,L300_H500x1,MX2,6,0.0010309278350515464,False,0.040420023091958024,0.06099676628103157,0.0,0.07448312440333438,0.0
jiang_short_baseline,affine,12.369317,crew_team_h,L300_H500x1,L270_H500x2,6,0.002061855670103093,False,0.04190115145483464,0.06403837972351356,0.0,0.07603157537138472,0.0
jiang_short_baseline,affine,12.369317,shift_ot_h,L300_H500x2,L270_H500x2,6,0.002061855670103093,False,0.1885574399421832,0.05454200952106247,0.0,0.06034893813598807,0.0
jiang_short_baseline,affine,15.436172,shift_h,L270_H500x1,L270_H500x2,6,0.002061855670103093,False,0.2191438453198733,0.09571922659936649,0.0,0.07851348056000074,0.0
jiang_short_baseline,affine,15.436172,crew_veh_h,L300_H500x1,MX2,6,0.0010309278350515464,False,0.04914924027806977,0.07606085787046557,0.0,0.09003208258813467,0.0
jiang_short_baseline,affine,15.436172,crew_team_h,L300_H500x1,L270_H500x2,6,0.002061855670103093,False,0.05058132406269067,0.07899395314931001,0.0,0.09151334962864976,0.0
jiang_short_baseline,affine,15.436172,shift_ot_h,L300_H500x1,L270_H500x2,6,0.002061855670103093,False,0.1884573335067974,0.06671852761107822,0.0,0.07292370482932542,0.0
jiang_short_baseline,affine,19.263424,shift_h,L270_H500x1,L270_H500x2,6,0.002061855670103093,False,0.22268877266185694,0.11344386330928535,0.0,0.09278228920210996,0.0
jiang_short_baseline,affine,19.263424,crew_veh_h,L300_H500x1,MX2,6,0.0010309278350515464,False,0.058911059365852614,0.09290692020143898,0.0,0.10711672797559757,0.0
jiang_short_baseline,affine,19.263424,crew_team_h,L300_H500x1,L270_H500x2,6,0.002061855670103093,False,0.060285406839683864,0.09571368086186505,0.0,0.10852124578984235,0.0
jiang_short_baseline,affine,19.263424,shift_ot_h,L300_H500x1,L270_H500x2,6,0.002061855670103093,False,0.18997315000975612,0.08197440166695547,0.0,0.08715143829428462,0.0
jiang_short_baseline,affine,24.039607,shift_h,L270_H500x1,L270_H500x2,6,0.002061855670103093,False,0.22664199263243612,0.13320996316218014,0.0,0.10859726306638562,0.0
jiang_short_baseline,affine,24.039607,crew_veh_h,L300_H500x1,MX2,6,0.0010309278350515464,False,0.069619878806924,0.11138722988277805,0.0,0.12550007625109427,0.0
jiang_short_baseline,affine,24.039607,crew_team_h,L300_H500x1,L270_H500x2,6,0.002061855670103093,False,0.07092738066464199,0.1140493555223574,0.0,0.12681858516599465,0.0
jiang_short_baseline,affine,24.039607,shift_ot_h,L300_H500x1,L270_H500x2,6,0.002061855670103093,False,0.19166236967273909,0.09897548483294072,0.0,0.1029641221188895,0.0
jiang_short_baseline,affine,30.0,shift_h,L270_H500x1,L270_H500x2,6,0.002061855670103093,False,0.23096536098880094,0.15482680494400447,0.0,0.12577673576422654,0.0
jiang_short_baseline,affine,30.0,crew_veh_h,L300_H500x1,MX2,6,0.0010309278350515464,False,0.08112276368369353,0.13123786569947637,0.0,0.14484086870934898,0.0
jiang_short_baseline,affine,30.0,crew_team_h,L300_H500x1,L270_H500x2,6,0.002061855670103093,False,0.08235437646772548,0.13373759013356912,0.0,0.14606505712889328,0.0
jiang_short_baseline,affine,30.0,shift_ot_h,L300_H500x1,L270_H500x2,6,0.002061855670103093,False,0.19350832756086467,0.11755405354407844,0.0,0.12019283990487328,0.0
jiang_short_baseline,piecewise,5.1,shift_h,L270_H500x1,L270_H500x2,6,0.002061855670103093,False,0.20800438778632957,0.04002193893164807,0.0,0.03313062380922993,0.0
jiang_short_baseline,piecewise,5.1,crew_veh_h,L300_H500x2,L300_H500x2,6,0.0,False,0.017936878328703054,0.02714513486541059,0.0,0.036297603510833776,0.0
jiang_short_baseline,piecewise,5.1,crew_team_h,L300_H500x2,L300_H500x2,6,0.0,False,0.017936878328703054,0.02714513486541059,0.0,0.036297603510833776,0.0
jiang_short_baseline,piecewise,5.1,shift_ot_h,L300_H500x2,L300_H500x2,6,0.0,False,0.19190021931416723,0.030535216604364424,0.0,0.03264739286202367,0.0
jiang_short_baseline,piecewise,6.364497,shift_h,L270_H500x1,L270_H500x2,6,0.002061855670103093,False,0.20978740677951468,0.04893703389757298,0.0,0.040450936770655144,0.0
jiang_short_baseline,piecewise,6.364497,crew_veh_h,L300_H500x2,L300_H500x2,6,0.0,False,0.021793599019910737,0.033528662594469294,0.0,0.0444709346174712,0.0
jiang_short_baseline,piecewise,6.364497,crew_team_h,L300_H500x2,L300_H500x2,6,0.0,False,0.021793599019910737,0.033528662594469294,0.0,0.0444709346174712,0.0
jiang_short_baseline,piecewise,6.364497,shift_ot_h,L300_H500x2,L300_H500x2,6,0.0,False,0.19127150963217088,0.03593430151800425,0.0,0.038741779198851134,0.0
jiang_short_baseline,piecewise,7.942513,shift_h,L270_H500x1,L270_H500x2,6,0.002061855670103093,False,0.21191404252766977,0.05957021263834861,0.0,0.049153826548707924,0.0
jiang_short_baseline,piecewise,7.942513,crew_veh_h,L300_H500x2,L300_H500x2,6,0.0,False,0.02633021282835135,0.04103752889848589,0.0,0.054006500038559224,0.0
jiang_short_baseline,piecewise,7.942513,crew_team_h,L300_H500x1,L270_H500x2,6,0.002061855670103093,False,0.0282300694897637,0.04396451553793734,0.0,0.055016991079742894,0.0
jiang_short_baseline,piecewise,7.942513,shift_ot_h,L300_H500x2,L300_H500x2,6,0.0,False,0.19052573619190016,0.04233867900042809,0.0,0.04597926720748813,0.0
jiang_short_baseline,piecewise,9.911784,shift_h,L270_H500x1,L270_H500x2,6,0.002061855670103093,False,0.21442575651555962,0.07212878257779898,0.0,0.05939332412114795,0.0
jiang_short_baseline,piecewise,9.911784,crew_veh_h,L300_H500x1,MX2,6,0.0010309278350515464,False,0.03341872248191291,0.05309312969970681,0.0,0.06648129001712921,0.0
jiang_short_baseline,piecewise,9.911784,crew_team_h,L300_H500x1,L270_H500x2,6,0.002061855670103093,False,0.03493930594083894,0.056235083018707055,0.0,0.06809158606314769,0.0
jiang_short_baseline,piecewise,9.911784,shift_ot_h,L300_H500x2,L300_H500x2,6,0.0,False,0.18965061455712684,0.049853842439461005,0.0,0.054483608629136926,0.0
jiang_short_baseline,piecewise,12.369317,shift_h,L270_H500x1,L270_H500x2,6,0.002061855670103093,False,0.21735813654981517,0.08679068274907586,0.0,0.07129428895514223,0.0
jiang_short_baseline,piecewise,12.369317,crew_veh_h,L300_H500x1,MX2,6,0.0010309278350515464,False,0.04120105123945361,0.06734136167496363,0.0,0.0814146937960103,0.0
jiang_short_baseline,piecewise,12.369317,crew_team_h,L300_H500x1,L270_H500x2,6,0.002061855670103093,False,0.04268017615835196,0.07039241240432625,0.0,0.08296751573036043,0.0
jiang_short_baseline,piecewise,12.369317,shift_ot_h,L300_H500x1,L270_H500x2,6,0.002061855670103093,False,0.18743474533479265,0.058778257760082386,0.0,0.06564853263093573,0.0
jiang_short_baseline,piecewise,15.436172,shift_h,L270_H500x1,L270_H500x2,6,0.002061855670103093,False,0.2207357274620798,0.10367863731039928,0.0,0.08493127134564005,0.0
jiang_short_baseline,piecewise,15.436172,crew_veh_h,L300_H500x1,MX2,6,0.0010309278350515464,False,0.050046094034224664,0.08353525755077773,0.0,0.09811856508379546,0.0
jiang_short_baseline,piecewise,15.436172,crew_team_h,L300_H500x1,L270_H500x2,6,0.002061855670103093,False,0.051475756802174866,0.08647870875259245,0.0,0.09960449450238373,0.0
jiang_short_baseline,piecewise,15.436172,shift_ot_h,L300_H500x1,L270_H500x2,6,0.002061855670103093,False,0.18882822160129575,0.0732591753038172,0.0,0.07920333221938591,0.0
jiang_short_baseline,piecewise,19.263424,shift_h,L270_H500x1,L270_H500x2,6,0.002061855670103093,False,0.22456615498808885,0.12283077494044425,0.0,0.10030554449027629,0.0
jiang_short_baseline,piecewise,19.263424,crew_veh_h,L300_H500x1,MX2,6,0.0010309278350515464,False,0.05992629427409191,0.10162436549847409,0.0,0.11644769606021854,0.0
jiang_short_baseline,piecewise,19.263424,crew_team_h,L300_H500x1,L270_H500x2,6,0.002061855670103093,False,0.06129776098644113,0.10444223798849017,0.0,0.11785706065215695,0.0
jiang_short_baseline,piecewise,19.263424,shift_ot_h,L300_H500x1,L270_H500x2,6,0.002061855670103093,False,0.190407041209949,0.08966616917872217,0.0,0.0945226809186066,0.0
jiang_short_baseline,piecewise,24.039607,shift_h,L270_H500x1,L270_H500x2,6,0.002061855670103093,False,0.22883435000592667,0.144171750029634,0.0,0.1173239908446071,0.0
jiang_short_baseline,piecewise,24.039607,crew_veh_h,L300_H500x1,MX2,6,0.0010309278350515464,False,0.0707514671467222,0.12144357117158844,0.0,0.13614154735801587,0.0
jiang_short_baseline,piecewise,24.039607,crew_team_h,L300_H500x1,L270_H500x2,6,0.002061855670103093,False,0.07205560529073862,0.12411733148774307,0.0,0.13746495791816793,0.0
jiang_short_baseline,piecewise,24.039607,shift_ot_h,L300_H500x1,L270_H500x2,6,0.002061855670103093,False,0.19216444741830174,0.10792902374305968,0.0,0.11152714254551976,0.0
jiang_short_baseline,piecewise,30.0,shift_h,L270_H500x1,L270_H500x2,6,0.002061855670103093,False,0.2334980762393981,0.16749038119699078,0.0,0.1357848742720571,0.0
jiang_short_baseline,piecewise,30.0,crew_veh_h,L300_H500x1,MX2,6,0.0010309278350515464,False,0.08236361547183146,0.1427036063386875,0.0,0.1568291835317004,0.0
jiang_short_baseline,piecewise,30.0,crew_team_h,L300_H500x1,L270_H500x2,6,0.002061855670103093,False,0.08359138674211564,0.1452151994455564,0.0,0.158058188941671,0.0
jiang_short_baseline,piecewise,30.0,shift_ot_h,MX1,L270_H500x2,6,0.002061855670103093,False,0.19484830241564155,0.12858448353150131,0.0,0.1300287174729069,0.0
jiang_short_baseline,power_0.72,5.1,shift_h,L270_H500x1,L270_H500x2,6,0.002061855670103093,False,0.20654011942049277,0.03270059710246431,0.0,0.02710278471151928,0.0
jiang_short_baseline,power_0.72,5.1,crew_veh_h,L300_H500x2,L300_H500x2,6,0.0,False,0.01784755523043824,0.021526014649442926,0.0,0.028943487050074435,0.0
jiang_short_baseline,power_0.72,5.1,crew_team_h,L300_H500x2,L300_H500x2,6,0.0,False,0.01784755523043824,0.021526014649442926,0.0,0.028943487050074435,0.0
jiang_short_baseline,power_0.72,5.1,shift_ot_h,L300_H500x2,L300_H500x2,6,0.0,False,0.19252201564750493,0.02575050628592246,0.0,0.02727462705924588,0.0
jiang_short_baseline,power_0.72,6.364497,shift_h,L270_H500x1,L270_H500x2,6,0.002061855670103093,False,0.20800025982862302,0.04000129914311512,0.0,0.03311365110864295,0.0
jiang_short_baseline,power_0.72,6.364497,crew_veh_h,L300_H500x2,L300_H500x2,6,0.0,False,0.021707002754151494,0.02673091891595014,0.0,0.03560772326506023,0.0
jiang_short_baseline,power_0.72,6.364497,crew_team_h,L300_H500x2,L300_H500x2,6,0.0,False,0.021707002754151494,0.02673091891595014,0.0,0.03560772326506023,0.0
jiang_short_baseline,power_0.72,6.364497,shift_ot_h,L300_H500x2,L300_H500x2,6,0.0,False,0.19202750274043745,0.030119698722075317,0.0,0.03220609444797096,0.0
jiang_short_baseline,power_0.72,7.942513,shift_h,L270_H500x1,L270_H500x2,6,0.002061855670103093,False,0.20974336713780173,0.048716835689007754,0.0,0.040270388755484054,0.0
jiang_short_baseline,power_0.72,7.942513,crew_veh_h,L300_H500x2,L300_H500x2,6,0.0,False,0.026256828810300892,0.03286687721205772,0.0,0.04339968324706067,0.0
jiang_short_baseline,power_0.72,7.942513,crew_team_h,L300_H500x1,L300_H500x2,6,0.0,False,0.02626194625909206,0.03287202762197827,0.0,0.04339968324706067,0.0
jiang_short_baseline,power_0.72,7.942513,shift_ot_h,L300_H500x2,L300_H500x2,6,0.0,False,0.19143978035188547,0.035312429140066603,0.0,0.0380724053790793,0.0
jiang_short_baseline,power_0.72,9.911784,shift_h,L270_H500x1,L270_H500x2,6,0.002061855670103093,False,0.2118043146099926,0.05902157304996192,0.0,0.04870553136209743,0.0
jiang_short_baseline,power_0.72,9.911784,crew_veh_h,L300_H500x2,MX2,6,0.0010309278350515464,False,0.03132164947916172,0.040014897025399954,0.0,0.05263043013403834,0.0
jiang_short_baseline,power_0.72,9.911784,crew_team_h,L300_H500x1,L270_H500x2,6,0.002061855670103093,False,0.03263877008922833,0.042926740158915955,0.0,0.054231215496337803,0.0
jiang_short_baseline,power_0.72,9.911784,shift_ot_h,L300_H500x2,L300_H500x2,6,0.0,False,0.19074854995005586,0.04141968862743228,0.0,0.04497928502876447,0.0
jiang_short_baseline,power_0.72,12.369317,shift_h,L270_H500x1,L270_H500x2,6,0.002061855670103093,False,0.2142134651580938,0.07106732579046882,0.0,0.05852951546803653,0.0
jiang_short_baseline,power_0.72,12.369317,crew_veh_h,L300_H500x1,MX2,6,0.0010309278350515464,False,0.038492514483225104,0.05152483648857875,0.0,0.06508063528358665,0.0
jiang_short_baseline,power_0.72,12.369317,crew_team_h,L300_H500x1,L270_H500x2,6,0.002061855670103093,False,0.03997258840442619,0.054548430426660355,0.0,0.06662304213475823,0.0
jiang_short_baseline,power_0.72,12.369317,shift_ot_h,L300_H500x2,L270_H500x2,6,0.002061855670103093,False,0.1897630444696934,0.048514773333678596,0.0,0.05317489973363276,0.0
jiang_short_baseline,power_0.72,15.436172,shift_h,L270_H500x1,L270_H500x2,6,0.002061855670103093,False,0.21699244313088606,0.08496221565442985,0.0,0.06981326476921468,0.0
jiang_short_baseline,power_0.72,15.436172,crew_veh_h,L300_H500x1,MX2,6,0.0010309278350515464,False,0.04689182150658033,0.06486787173448949,0.0,0.07904651329123435,0.0
jiang_short_baseline,power_0.72,15.436172,crew_team_h,L300_H500x1,L270_H500x2,6,0.002061855670103093,False,0.048322881836223575,0.06778089948142618,0.0,0.08052129728704371,0.0
jiang_short_baseline,power_0.72,15.436172,shift_ot_h,L300_H500x1,L270_H500x2,6,0.002061855670103093,False,0.18692713162371533,0.05694466643755369,0.0,0.06441242608393316,0.0
jiang_short_baseline,power_0.72,19.263424,shift_h,L270_H500x1,L270_H500x2,6,0.002061855670103093,False,0.2201492682968147,0.10074634148407324,0.0,0.08256886604104041,0.0
jiang_short_baseline,power_0.72,19.263424,crew_veh_h,L300_H500x1,MX2,6,0.0010309278350515464,False,0.056295943961715667,0.07980714434672032,0.0,0.09441959096788222,0.0
jiang_short_baseline,power_0.72,19.263424,crew_team_h,L300_H500x1,L270_H500x2,6,0.002061855670103093,False,0.05766936393123778,0.08259199996590016,0.0,0.09581732596565096,0.0
jiang_short_baseline,power_0.72,19.263424,shift_ot_h,L300_H500x1,L270_H500x2,6,0.002061855670103093,False,0.18816476189835085,0.07044431973604581,0.0,0.07714654139915922,0.0
jiang_short_baseline,power_0.72,24.039607,shift_h,L270_H500x1,L270_H500x2,6,0.002061855670103093,False,0.2236734889138663,0.11836744456933168,0.0,0.09673123234400927,0.0
jiang_short_baseline,power_0.72,24.039607,crew_veh_h,L300_H500x1,MX2,6,0.0010309278350515464,False,0.06662604201031486,0.09621741033329556,0.0,0.11099394509549954,0.0
jiang_short_baseline,power_0.72,24.039607,crew_team_h,L300_H500x1,L270_H500x2,6,0.002061855670103093,False,0.06793278314191609,0.09885614423946909,0.0,0.11230554414708771,0.0
jiang_short_baseline,power_0.72,24.039607,shift_ot_h,L300_H500x1,L270_H500x2,6,0.002061855670103093,False,0.18954565711918936,0.08550665871151253,0.0,0.09132344943232185,0.0
jiang_short_baseline,power_0.72,30.0,shift_h,L270_H500x1,L270_H500x2,6,0.002061855670103093,False,0.22753228861778485,0.13766144308892403,0.0,0.11214486524336742,0.0
jiang_short_baseline,power_0.72,30.0,crew_veh_h,L300_H500x1,MX2,6,0.0010309278350515464,False,0.07773809516148744,0.113869880523783,0.0,0.1284682076990249,0.0
jiang_short_baseline,power_0.72,30.0,crew_team_h,L300_H500x1,L270_H500x2,6,0.002061855670103093,False,0.078969181521926,0.11634520629846712,0.0,0.129685549709474,0.0
jiang_short_baseline,power_0.72,30.0,shift_ot_h,L300_H500x1,L270_H500x2,6,0.002061855670103093,False,0.19105671706154315,0.1019887905347856,0.0,0.10679902155716392,0.0
jiang_short_baseline,power_0.84,5.1,shift_h,L270_H500x1,L270_H500x2,6,0.002061855670103093,False,0.2079270262158408,0.039635131079204244,0.0,0.03281252113662192,0.0
jiang_short_baseline,power_0.84,5.1,crew_veh_h,L300_H500x2,L300_H500x2,6,0.0,False,0.017991187758207516,0.026656920458025812,0.0,0.03565626377366704,0.0
jiang_short_baseline,power_0.84,5.1,crew_team_h,L300_H500x2,L300_H500x2,6,0.0,False,0.017991187758207516,0.026656920458025812,0.0,0.03565626377366704,0.0
jiang_short_baseline,power_0.84,5.1,shift_ot_h,L300_H500x2,L300_H500x2,6,0.0,False,0.19195561195912147,0.03011821127665959,0.0,0.03217933133883921,0.0
jiang_short_baseline,power_0.84,6.364497,shift_h,L270_H500x1,L270_H500x2,6,0.002061855670103093,False,0.20969302342333584,0.048465117116679446,0.0,0.040063980016622036,0.0
jiang_short_baseline,power_0.84,6.364497,crew_veh_h,L300_H500x2,L300_H500x2,6,0.0,False,0.021859869960188627,0.032935935250229864,0.0,0.04369470660104291,0.0
jiang_short_baseline,power_0.84,6.364497,crew_team_h,L300_H500x2,L300_H500x2,6,0.0,False,0.021859869960188627,0.032935935250229864,0.0,0.04369470660104291,0.0
jiang_short_baseline,power_0.84,6.364497,shift_ot_h,L300_H500x2,L300_H500x2,6,0.0,False,0.191339033090701,0.03542601530545042,0.0,0.03817062202845589,0.0
jiang_short_baseline,power_0.84,7.942513,shift_h,L270_H500x1,L270_H500x2,6,0.002061855670103093,False,0.21179945750964535,0.05899728754822697,0.0,0.048685685723503846,0.0
jiang_short_baseline,power_0.84,7.942513,crew_veh_h,L300_H500x2,L300_H500x2,6,0.0,False,0.02641068266362212,0.040322073162197825,0.0,0.05307293247726297,0.0
jiang_short_baseline,power_0.84,7.942513,crew_team_h,L300_H500x1,L270_H500x2,6,0.002061855670103093,False,0.027750478180990967,0.04299660026295404,0.0,0.05440390464917666,0.0
jiang_short_baseline,power_0.84,7.942513,shift_ot_h,L300_H500x2,L300_H500x2,6,0.0,False,0.1906076310390432,0.04172227188394784,0.0,0.04528569486550871,0.0
jiang_short_baseline,power_0.84,9.911784,shift_h,L270_H500x1,L270_H500x2,6,0.002061855670103093,False,0.21428745267243232,0.07143726336216183,0.0,0.05883060325208911,0.0
jiang_short_baseline,power_0.84,9.911784,crew_veh_h,L300_H500x1,MX2,6,0.0010309278350515464,False,0.032841984653970036,0.05192939656861961,0.0,0.06575316722433544,0.0
jiang_short_baseline,power_0.84,9.911784,crew_team_h,L300_H500x1,L270_H500x2,6,0.002061855670103093,False,0.03436057055974495,0.055067305813864875,0.0,0.06736297077207132,0.0
jiang_short_baseline,power_0.84,9.911784,shift_ot_h,L300_H500x2,L300_H500x2,6,0.0,False,0.18974934828147294,0.04911077789964069,0.0,0.053646218128648115,0.0
jiang_short_baseline,power_0.84,12.369317,shift_h,L270_H500x1,L270_H500x2,6,0.002061855670103093,False,0.2171923344095965,0.08596167204798233,0.0,0.07062291604857851,0.0
jiang_short_baseline,power_0.84,12.369317,crew_veh_h,L300_H500x1,MX2,6,0.0010309278350515464,False,0.04050971751006416,0.06594671473940661,0.0,0.08055712137988746,0.0
jiang_short_baseline,power_0.84,12.369317,crew_team_h,L300_H500x1,L270_H500x2,6,0.002061855670103093,False,0.041986544325206765,0.06899311480221315,0.0,0.08210940644006381,0.0
jiang_short_baseline,power_0.84,12.369317,shift_ot_h,L300_H500x2,L270_H500x2,6,0.002061855670103093,False,0.1869201470579307,0.057671856395388854,0.0,0.06499236760397586,0.0
jiang_short_baseline,power_0.84,15.436172,shift_h,L270_H500x1,L270_H500x2,6,0.002061855670103093,False,0.22053850975666944,0.10269254878334722,0.0,0.08413708208503823,0.0
jiang_short_baseline,power_0.84,15.436172,crew_veh_h,L300_H500x1,MX2,6,0.0010309278350515464,False,0.04922385331848966,0.08187695337742462,0.0,0.09711866489642462,0.0
jiang_short_baseline,power_0.84,15.436172,crew_team_h,L300_H500x1,L270_H500x2,6,0.002061855670103093,False,0.05065091357090257,0.08481514026819936,0.0,0.09860402285254466,0.0
jiang_short_baseline,power_0.84,15.436172,shift_ot_h,L300_H500x1,L270_H500x2,6,0.002061855670103093,False,0.18808053816976167,0.07181640703335734,0.0,0.07842618481127106,0.0
jiang_short_baseline,power_0.84,19.263424,shift_h,L270_H500x1,L270_H500x2,6,0.002061855670103093,False,0.2243336436667258,0.12166821833362951,0.0,0.09937505104347899,0.0
jiang_short_baseline,power_0.84,19.263424,crew_veh_h,L300_H500x1,MX2,6,0.0010309278350515464,False,0.05895699293648149,0.09967002433941685,0.0,0.11529462066301144,0.0
jiang_short_baseline,power_0.84,19.263424,crew_team_h,L300_H500x1,L270_H500x2,6,0.002061855670103093,False,0.06032556455311111,0.10248204363696689,0.0,0.11670339263700069,0.0
jiang_short_baseline,power_0.84,19.263424,shift_ot_h,L300_H500x1,L270_H500x2,6,0.002061855670103093,False,0.189521299211598,0.08795344314465847,0.0,0.09361091569136004,0.0
jiang_short_baseline,power_0.84,24.039607,shift_h,L270_H500x1,L270_H500x2,6,0.002061855670103093,False,0.22856292951459345,0.1428146475729677,0.0,0.11624528474857532,0.0
jiang_short_baseline,power_0.84,24.039607,crew_veh_h,L300_H500x1,MX2,6,0.0010309278350515464,False,0.06962003049266685,0.11916303392872551,0.0,0.13482739222171025,0.0
jiang_short_baseline,power_0.84,24.039607,crew_team_h,L300_H500x1,L270_H500x2,6,0.002061855670103093,False,0.07092101139787776,0.12183041453940491,0.0,0.13615020512328013,0.0
jiang_short_baseline,power_0.84,24.039607,shift_ot_h,L300_H500x1,L270_H500x2,6,0.002061855670103093,False,0.19112489036645908,0.10591423443643833,0.0,0.11046857903714091,0.0
jiang_short_baseline,power_0.84,30.0,shift_h,L270_H500x1,L270_H500x2,6,0.002061855670103093,False,0.23318464474775036,0.1659232237387518,0.0,0.13454856451986696,0.0
jiang_short_baseline,power_0.84,30.0,crew_veh_h,L300_H500x1,MX2,6,0.0010309278350515464,False,0.08105708334183426,0.14007101438809566,0.0,0.1553497264310253,0.0
jiang_short_baseline,power_0.84,30.0,crew_team_h,L300_H500x1,L270_H500x2,6,0.002061855670103093,False,0.08228148525688339,0.1425758031078972,0.0,0.15657814634960676,0.0
jiang_short_baseline,power_0.84,30.0,shift_ot_h,MX1,L270_H500x2,6,0.002061855670103093,False,0.1945358094884455,0.12708192200084345,0.0,0.12881357209713817,0.0
jiang_short_baseline,power_0.96,5.1,shift_h,L270_H500x1,L270_H500x2,6,0.002061855670103093,False,0.20941496013555194,0.04707480067775949,0.0,0.038923613672253055,0.0
jiang_short_baseline,power_0.96,5.1,crew_veh_h,L300_H500x2,L300_H500x2,6,0.0,False,0.018130751509138454,0.03217347360800393,0.0,0.04287215870120531,0.0
jiang_short_baseline,power_0.96,5.1,crew_team_h,L300_H500x2,L300_H500x2,6,0.0,False,0.018130751509138454,0.03217347360800393,0.0,0.04287215870120531,0.0
jiang_short_baseline,power_0.96,5.1,shift_ot_h,L300_H500x2,L300_H500x2,6,0.0,False,0.19134547052832507,0.03482097115437255,0.0,0.037465399824453405,0.0
jiang_short_baseline,power_0.96,6.364497,shift_h,L270_H500x1,L270_H500x2,6,0.002061855670103093,False,0.21150762597571804,0.05753812987859064,0.0,0.04749299851270106,0.0
jiang_short_baseline,power_0.96,6.364497,crew_veh_h,L300_H500x2,L300_H500x2,6,0.0,False,0.022006239413984385,0.039594291107774016,0.0,0.05237081392619958,0.0
jiang_short_baseline,power_0.96,6.364497,crew_team_h,L300_H500x1,L270_H500x2,6,0.002061855670103093,False,0.023473636579278256,0.04170960608306218,0.0,0.053000227585421555,0.0
jiang_short_baseline,power_0.96,6.364497,shift_ot_h,L300_H500x2,L300_H500x2,6,0.0,False,0.1905986720241939,0.041129625081602894,0.0,0.04458929980966264,0.0
jiang_short_baseline,power_0.96,7.942513,shift_h,L270_H500x1,L270_H500x2,6,0.002061855670103093,False,0.21400141314054255,0.07000706570271276,0.0,0.057666379087326636,0.0
jiang_short_baseline,power_0.96,7.942513,crew_veh_h,L300_H500x1,MX2,6,0.0010309278350515464,False,0.02784116282697191,0.05065866653228057,0.0,0.06448221866043635,0.0
jiang_short_baseline,power_0.96,7.942513,crew_team_h,L300_H500x1,L270_H500x2,6,0.002061855670103093,False,0.029392547403675584,0.05389224065237763,0.0,0.06614913184990612,0.0
jiang_short_baseline,power_0.96,7.942513,shift_ot_h,L300_H500x2,L300_H500x2,6,0.0,False,0.18971458076214476,0.04859807310540498,0.0,0.05303443111268469,0.0
jiang_short_baseline,power_0.96,9.911784,shift_h,L270_H500x1,L270_H500x2,6,0.002061855670103093,False,0.21694372462709066,0.08471862313545242,0.0,0.06961589219042397,0.0
jiang_short_baseline,power_0.96,9.911784,crew_veh_h,L300_H500x1,MX2,6,0.0010309278350515464,False,0.034784516909030394,0.06495131657936914,0.0,0.07968668865370354,0.0
jiang_short_baseline,power_0.96,9.911784,crew_team_h,L300_H500x1,L270_H500x2,6,0.002061855670103093,False,0.036300738595115956,0.06811106761516572,0.0,0.08130577297689268,0.0
jiang_short_baseline,power_0.96,9.911784,shift_ot_h,L300_H500x2,L270_H500x2,6,0.002061855670103093,False,0.18768563264356386,0.05734136821009317,0.0,0.06382663448962655,0.0
jiang_short_baseline,power_0.96,12.369317,shift_h,L270_H500x1,L270_H500x2,6,0.002061855670103093,False,0.22037466688318985,0.10187333441594837,0.0,0.08347709697721806,0.0
jiang_short_baseline,power_0.96,12.369317,crew_veh_h,L300_H500x1,MX2,6,0.0010309278350515464,False,0.04278122769917703,0.08141226434331394,0.0,0.09694690218901414,0.0
jiang_short_baseline,power_0.96,12.369317,crew_team_h,L300_H500x1,L270_H500x2,6,0.002061855670103093,False,0.044255064230650065,0.08448310722482044,0.0,0.09850925725552062,0.0
jiang_short_baseline,power_0.96,12.369317,shift_ot_h,L300_H500x1,L270_H500x2,6,0.002061855670103093,False,0.18796881134327226,0.07101751601313477,0.0,0.07755740031628777,0.0
jiang_short_baseline,power_0.96,15.436172,shift_h,L270_H500x1,L270_H500x2,6,0.002061855670103093,False,0.22432098183297433,0.1216049091648721,0.0,0.09932436915588361,0.0
jiang_short_baseline,power_0.96,15.436172,crew_veh_h,L300_H500x1,MX2,6,0.0010309278350515464,False,0.05184899806209975,0.10007795054812796,0.0,0.11620138299062455,0.0
jiang_short_baseline,power_0.96,15.436172,crew_team_h,L300_H500x1,L270_H500x2,6,0.002061855670103093,False,0.05327232836919582,0.10304294653885182,0.0,0.11769740144383722,0.0
jiang_short_baseline,power_0.96,15.436172,shift_ot_h,L300_H500x1,L270_H500x2,6,0.002061855670103093,False,0.1894557319054626,0.08775876617169165,0.0,0.09329030248780201,0.0
jiang_short_baseline,power_0.96,19.263424,shift_h,L270_H500x1,L270_H500x2,6,0.002061855670103093,False,0.2287892312716313,0.14394615635815589,0.0,0.11714470854305148,0.0
jiang_short_baseline,power_0.96,19.263424,crew_veh_h,L300_H500x1,MX2,6,0.0010309278350515464,False,0.06195176029779348,0.1208741311025412,0.0,0.13726630455719135,0.0
jiang_short_baseline,power_0.96,19.263424,crew_team_h,L300_H500x1,L270_H500x2,6,0.002061855670103093,False,0.0633157617870439,0.12371490507665439,0.0,0.1386860620618522,0.0
jiang_short_baseline,power_0.96,19.263424,shift_ot_h,L300_H500x1,L270_H500x2,6,0.002061855670103093,False,0.19113645255463663,0.10668201301483848,0.0,0.11102648438221907,0.0
jiang_short_baseline,power_0.96,24.039607,shift_h,L270_H500x1,L270_H500x2,6,0.002061855670103093,False,0.23375921223444007,0.16879606117219947,0.0,0.13681442821123535,0.0
jiang_short_baseline,power_0.96,24.039607,crew_veh_h,L300_H500x1,MX2,6,0.0010309278350515464,False,0.0729891312839488,0.14359417088167836,0.0,0.15982652968825217,0.0
jiang_short_baseline,power_0.96,24.039607,crew_team_h,L300_H500x1,L270_H500x2,6,0.002061855670103093,False,0.07428463325870793,0.1462916521744917,0.0,0.161160341631148,0.0
jiang_short_baseline,power_0.96,24.039607,shift_ot_h,L300_H500x1,L270_H500x2,6,0.002061855670103093,False,0.1930023420915441,0.1276900778031742,0.0,0.13065816657394969,0.0
jiang_short_baseline,power_0.96,30.0,shift_h,L270_H500x1,L270_H500x2,6,0.002061855670103093,False,0.2391790266272411,0.19589513313620577,0.0,0.1580846099932689,0.0
jiang_short_baseline,power_0.96,30.0,crew_veh_h,L300_H500x1,MX2,6,0.0010309278350515464,False,0.08479227690343372,0.16789053079655547,0.0,0.18344402069843113,0.0
jiang_short_baseline,power_0.96,30.0,crew_team_h,L300_H500x1,L270_H500x2,6,0.002061855670103093,False,0.08601027471568368,0.17042602574409083,0.0,0.1846831277148846,0.0
jiang_short_baseline,power_0.96,30.0,shift_ot_h,MX1,L270_H500x2,6,0.002061855670103093,False,0.20051449382835518,0.15582926413653997,0.0,0.15195227628009134,0.0
jiang_short_tight,affine,5.1,shift_h,MX2,425,6,0.012714776632302405,False,0.21502378252222543,0.02742436492152245,0.0,0.014720251274813467,0.014720251274813467
jiang_short_tight,affine,5.1,crew_veh_h,MX2,MX2,7,0.003780068728522337,False,0.03221775595806453,0.008260283873605223,0.0,0.002241039664274469,0.0
jiang_short_tight,affine,5.1,crew_team_h,MX2,425,6,0.012714776632302405,False,0.0298660424299797,0.012210329579755319,0.0,0.008465101454021351,0.0024060726636063734
jiang_short_tight,affine,5.1,shift_ot_h,MX2,425,6,0.012714776632302405,False,0.20062061238995543,0.01997013775504497,0.0,0.017662277963964357,0.017662277963964357
jiang_short_tight,affine,6.364497,shift_h,MX2,425,6,0.012714776632302405,False,0.21833625737471363,0.0334709460014615,0.0,0.017916956583133636,0.017916956583133636
jiang_short_tight,affine,6.364497,crew_veh_h,MX2,MX2,7,0.003780068728522337,False,0.03922485759001981,0.01543290979437928,0.0,0.007883215072423067,0.0
jiang_short_tight,affine,6.364497,crew_team_h,MX2,425,6,0.012714776632302405,False,0.03808821929420936,0.019313621557370375,0.0,0.012842857266203822,0.0012393408758446522
jiang_short_tight,affine,6.364497,shift_ot_h,MX2,425,6,0.012714776632302405,False,0.20418729386167134,0.026073431344710185,0.0,0.020768523732586752,0.020768523732586752
jiang_short_tight,affine,7.942513,shift_h,MX2,425,6,0.012714776632302405,False,0.22227103086284705,0.04065346903535594,0.0,0.02169169628512191,0.02169169628512191
jiang_short_tight,affine,7.942513,crew_veh_h,MX2,MX2,7,0.003780068728522337,False,0.04750386313018096,0.023907484997453654,0.0,0.014452256979380351,0.0
jiang_short_tight,affine,7.942513,crew_team_h,MX2,MX2,7,0.003780068728522337,False,0.04768002572910102,0.02770452784250721,0.0,0.018043028140239725,0.0
jiang_short_tight,affine,7.942513,shift_ot_h,MX2,425,6,0.012714776632302405,False,0.20842763528521258,0.03332948962564197,0.0,0.024437606104266374,0.024437606104266374
jiang_short_tight,affine,9.911784,shift_h,MX2,425,6,0.012714776632302405,False,0.22689592299650285,0.04909573245393406,0.0,0.02609753227479672,0.02609753227479672
jiang_short_tight,affine,9.911784,crew_veh_h,MX2,MX2,7,0.003780068728522337,False,0.05717370170980618,0.033805748001034974,0.0,0.02199459963256012,0.0
jiang_short_tight,affine,9.911784,crew_team_h,MX2,MX2,7,0.003780068728522337,False,0.0573781565122915,0.037502667103606724,0.0,0.025450962026309032,0.0
jiang_short_tight,affine,9.911784,shift_ot_h,MX2,425,6,0.012714776632302405,False,0.21341670006013946,0.04186676083999208,0.0,0.028721708579575234,0.028721708579575234
jiang_short_tight,affine,12.369317,shift_h,MX2,425,6,0.012714776632302405,False,0.2322649916996673,0.058896413420027605,0.0,0.03117081525734644,0.03117081525734644
jiang_short_tight,affine,12.369317,crew_veh_h,MX2,MX2,7,0.003780068728522337,False,0.06831735079290735,0.04521263639279849,0.0,0.03051715464642868,0.0
jiang_short_tight,affine,12.369317,crew_team_h,MX2,MX2,7,0.003780068728522337,False,0.06855123820562214,0.048790967174445754,0.0,0.03381884017777437,0.0
jiang_short_tight,affine,12.369317,shift_ot_h,MX2,425,6,0.012714776632302405,False,0.2192153427861132,0.051789379178311945,0.0,0.03365693734363573,0.03365693734363573
jiang_short_tight,affine,15.436172,shift_h,MX2,425,6,0.012714776632302405,False,0.2384089971406369,0.07011166144719438,0.0,0.036922371124217035,0.036922371124217035
jiang_short_tight,affine,15.436172,crew_veh_h,MX2,MX2,7,0.003780068728522337,False,0.08096240280094325,0.05815639439236153,0.0,0.03997514284554682,0.0
jiang_short_tight,affine,15.436172,crew_team_h,MX2,MX2,7,0.003780068728522337,False,0.08122557671316488,0.061596005229249906,0.0,0.04310169801503427,0.0
jiang_short_tight,affine,15.436172,shift_ot_h,MX2,425,6,0.012714776632302405,False,0.22585991014569595,0.06315954096411613,0.0,0.03925472952393827,0.03925472952393827
jiang_short_tight,affine,19.263424,shift_h,MX2,425,6,0.012714776632302405,False,0.24532516532944126,0.08273641290294842,0.0,0.04332886836011429,0.04332886836011429
jiang_short_tight,affine,19.263424,crew_veh_h,MX2,MX2,7,0.003780068728522337,False,0.0950618459778565,0.0725888997149633,0.0,0.050263398411777516,0.0
jiang_short_tight,affine,19.263424,crew_team_h,MX2,MX2,7,0.003780068728522337,False,0.09535252332855082,0.07586863088940143,0.0,0.0531952991805289,0.0
jiang_short_tight,affine,19.263424,shift_ot_h,MX2,425,6,0.012714776632302405,False,0.2333510490289079,0.07597835315347656,0.0,0.045493393912185986,0.045493393912185986
jiang_short_tight,affine,24.039607,shift_h,MX2,425,6,0.012714776632302405,False,0.2529679548194992,0.0966875365752764,0.0,0.050326178597214444,0.050326178597214444
jiang_short_tight,affine,24.039607,crew_veh_h,MX2,MX2,7,0.003780068728522337,False,0.11047900872600813,0.08837025225705886,0.0,0.06121416379918432,0.0
jiang_short_tight,affine,24.039607,crew_team_h,MX2,300,7,0.12508591065292096,False,0.10633297159881283,0.09146888426578714,0.0,0.0682237560943979,0.0040318558994594245
jiang_short_tight,affine,24.039607,shift_ot_h,MX2,425,6,0.012714776632302405,False,0.2416434168244237,0.0901682256192029,0.0,0.05231153969334268,0.05231153969334268
jiang_short_tight,affine,30.0,shift_h,MX2,425,6,0.012714776632302405,False,0.26124310352060354,0.11179296674395878,0.0,0.05780682278351579,0.05780682278351579
jiang_short_tight,affine,30.0,crew_veh_h,MX2,MX2,7,0.003780068728522337,False,0.12698129341604703,0.10526235988397992,0.0,0.07260369983438286,0.0
jiang_short_tight,affine,30.0,crew_team_h,MX2,300,7,0.12508591065292096,False,0.11453485358422366,0.10815988467809623,0.0,0.0874251877516794,0.011466066213216664
jiang_short_tight,affine,30.0,shift_ot_h,MX2,425,6,0.012714776632302405,False,0.2506387453673271,0.10556100220107734,0.0,0.05960543599899393,0.05960543599899393
jiang_short_tight,piecewise,5.1,shift_h,MX2,425,6,0.012714776632302405,False,0.2162808983679445,0.02971910019545465,0.0,0.015935481591964784,0.015935481591964784
jiang_short_tight,piecewise,5.1,crew_veh_h,MX2,MX2,7,0.003780068728522337,False,0.03216195629845475,0.010843907900518257,0.0,0.005593251859498993,0.0
jiang_short_tight,piecewise,5.1,crew_team_h,MX2,425,6,0.012714776632302405,False,0.0315906390352898,0.0147971897799688,0.0,0.010085096478545719,0.0006757511698931573
jiang_short_tight,piecewise,5.1,shift_ot_h,MX2,425,6,0.012714776632302405,False,0.20187761144325633,0.022235823030453128,0.0,0.018862811620594222,0.018862811620594222
jiang_short_tight,piecewise,6.364497,shift_h,MX2,425,6,0.012714776632302405,False,0.21986371995631604,0.03625917134883094,0.0,0.019385186456014836,0.019385186456014836
jiang_short_tight,piecewise,6.364497,crew_veh_h,MX2,MX2,7,0.003780068728522337,False,0.039142177647917276,0.018562147951177943,0.0,0.011924119791793641,0.0
jiang_short_tight,piecewise,6.364497,crew_team_h,MX2,MX2,7,0.003780068728522337,False,0.03929145201750184,0.02244658238111108,0.0,0.015637341275166028,0.0
jiang_short_tight,piecewise,6.364497,shift_ot_h,MX2,425,6,0.012714776632302405,False,0.20571485188749694,0.028827395385528032,0.0,0.02221943213962474,0.02221943213962474
jiang_short_tight,piecewise,7.942513,shift_h,MX2,425,6,0.012714776632302405,False,0.22411643211927013,0.04402205863041364,0.0,0.023453682577825985,0.023453682577825985
jiang_short_tight,piecewise,7.942513,crew_veh_h,MX2,MX2,7,0.003780068728522337,False,0.04738265211206927,0.027673887659912744,0.0,0.01928939108519101,0.0
jiang_short_tight,piecewise,7.942513,crew_team_h,MX2,MX2,7,0.003780068728522337,False,0.047557915205362455,0.03147513761995824,0.0,0.022888463362594313,0.0
jiang_short_tight,piecewise,7.942513,shift_ot_h,MX2,425,6,0.012714776632302405,False,0.21027347920171158,0.03665815872134348,0.0,0.026179421770581524,0.026179421770581524
jiang_short_tight,piecewise,9.911784,shift_h,MX2,425,6,0.012714776632302405,False,0.22911059361795494,0.053138385175632186,0.0,0.02819556577963689,0.02819556577963689
jiang_short_tight,piecewise,9.911784,crew_veh_h,MX2,MX2,7,0.003780068728522337,False,0.05699821212379952,0.03830610069106166,0.0,0.027738517988205702,0.0
jiang_short_tight,piecewise,9.911784,crew_team_h,MX2,MX2,7,0.003780068728522337,False,0.057201411510515277,0.04200767579354503,0.0,0.031204178825638307,0.0
jiang_short_tight,piecewise,9.911784,shift_ot_h,MX2,425,6,0.012714776632302405,False,0.215632341177046,0.04586355696640143,0.0,0.030796581472976037,0.030796581472976037
jiang_short_tight,piecewise,12.369317,shift_h,MX2,425,6,0.012714776632302405,False,0.2349023503812493,0.06371063958482015,0.0,0.03364672284226122,0.03364672284226122
jiang_short_tight,piecewise,12.369317,crew_veh_h,MX2,MX2,7,0.003780068728522337,False,0.06806693540111608,0.05054511991861532,0.0,0.037276174685694,0.0
jiang_short_tight,piecewise,12.369317,crew_team_h,MX2,MX2,7,0.003780068728522337,False,0.06829910842684894,0.054128478530589774,0.0,0.040588073809644465,0.0
jiang_short_tight,piecewise,12.369317,shift_ot_h,MX2,425,6,0.012714776632302405,False,0.22185442742152173,0.05655179302456559,0.0,0.0361066778271093,0.0361066778271093
jiang_short_tight,piecewise,15.436172,shift_h,MX2,425,6,0.012714776632302405,False,0.24152215648345665,0.07579441262853237,0.0,0.03981494684782194,0.03981494684782194
jiang_short_tight,piecewise,15.436172,crew_veh_h,MX2,MX2,7,0.003780068728522337,False,0.08061094659667134,0.06441540923442823,0.0,0.0478488642150765,0.0
jiang_short_tight,piecewise,15.436172,crew_team_h,MX2,MX2,7,0.003780068728522337,False,0.080871836921244,0.06786029722197062,0.0,0.05098639790609516,0.0
jiang_short_tight,piecewise,15.436172,shift_ot_h,MX2,425,6,0.012714776632302405,False,0.228975818120279,0.06878484506853422,0.0,0.04211827810909985,0.04211827810909985
jiang_short_tight,piecewise,19.263424,shift_h,MX2,425,6,0.012714776632302405,False,0.24896385988175762,0.08937847438733537,0.0,0.046670933607769305,0.046670933607769305
jiang_short_tight,piecewise,19.263424,crew_veh_h,MX2,MX2,7,0.003780068728522337,False,0.09457768617110585,0.07985885197981268,0.0,0.05933558228120206,0.0
jiang_short_tight,piecewise,19.263424,crew_team_h,MX2,MX2,7,0.003780068728522337,False,0.09486540568149127,0.08314394461376362,0.0,0.06227901053438578,0.0
jiang_short_tight,piecewise,19.263424,shift_ot_h,MX2,425,6,0.012714776632302405,False,0.23699380174936246,0.08255805527021387,0.0,0.04880390893640074,0.04880390893640074
jiang_short_tight,piecewise,24.039607,shift_h,MX2,425,6,0.012714776632302405,False,0.2571750282800247,0.10436711511433128,0.0,0.05414163368349345,0.05414163368349345
jiang_short_tight,piecewise,24.039607,crew_veh_h,MX2,MX2,7,0.003780068728522337,False,0.1098256116237657,0.09671894036759077,0.0,0.07154588148714236,0.0
jiang_short_tight,piecewise,24.039607,crew_team_h,MX2,300,7,0.12508591065292096,False,0.10247896873422246,0.09982282258458719,0.0,0.08173924140904054,0.006945680028979773
jiang_short_tight,piecewise,24.039607,shift_ot_h,MX2,425,6,0.012714776632302405,False,0.24585613016477925,0.09778167230269252,0.0,0.05609345543334854,0.05609345543334854
jiang_short_tight,piecewise,30.0,shift_h,MX2,425,6,0.012714776632302405,False,0.26605097438112124,0.12056923894966531,0.0,0.062108172537772344,0.062108172537772344
jiang_short_tight,piecewise,30.0,crew_veh_h,MX2,MX2,7,0.003780068728522337,False,0.1261188836438536,0.11473489980008322,0.0,0.0842278363675768,0.0
jiang_short_tight,piecewise,30.0,crew_team_h,MX2,300,7,0.12508591065292096,False,0.11005423698025418,0.1176373582934338,0.0,0.10278260602630862,0.014767769432843192
jiang_short_tight,piecewise,30.0,shift_ot_h,MX2,425,6,0.012714776632302405,False,0.25545404904348423,0.11426887910311101,0.0,0.06387196602502976,0.06387196602502976
jiang_short_tight,power_0.72,5.1,shift_h,MX2,425,6,0.012714776632302405,False,0.21419766971054122,0.024326574449360372,0.0,0.012349076268830084,0.012349076268830084
jiang_short_tight,power_0.72,5.1,crew_veh_h,MX2,500,6,0.0,False,0.029933732996815232,0.004771080469164746,0.0,0.0,0.0
jiang_short_tight,power_0.72,5.1,crew_team_h,MX2,425,6,0.012714776632302405,False,0.028509107598188255,0.008716699980541254,0.0,0.005317459697737004,0.003802414094315809
jiang_short_tight,power_0.72,5.1,shift_ot_h,MX2,425,6,0.012714776632302405,False,0.19977935510838418,0.01691176127083649,0.0,0.015313217948095037,0.015313217948095037
jiang_short_tight,power_0.72,6.364497,shift_h,MX2,425,6,0.012714776632302405,False,0.21733604226109882,0.02970392545536993,0.0,0.01503994595554592,0.01503994595554592
jiang_short_tight,power_0.72,6.364497,crew_veh_h,MX2,MX2,7,0.003780068728522337,False,0.039336616379167744,0.01120310679179326,0.0,0.002422130792391952,0.0
jiang_short_tight,power_0.72,6.364497,crew_team_h,MX2,425,6,0.012714776632302405,False,0.03645899264274188,0.01507870638444797,0.0,0.009057866472083953,0.0029218596275477626
jiang_short_tight,power_0.72,6.364497,shift_ot_h,MX2,425,6,0.012714776632302405,False,0.20316868904454832,0.022352986730755475,0.0,0.017917673747480434,0.017917673747480434
jiang_short_tight,power_0.72,7.942513,shift_h,MX2,425,6,0.012714776632302405,False,0.22106779256362574,0.03609798190348168,0.0,0.01822158102609417,0.01822158102609417
jiang_short_tight,power_0.72,7.942513,crew_veh_h,MX2,MX2,7,0.003780068728522337,False,0.04766787604317435,0.01881109457190977,0.0,0.007908821571074531,0.0
jiang_short_tight,power_0.72,7.942513,crew_team_h,MX2,425,6,0.012714776632302405,False,0.04586042164151172,0.022602331086043703,0.0,0.013407836554569785,0.0018978037380357193
jiang_short_tight,power_0.72,7.942513,shift_ot_h,MX2,425,6,0.012714776632302405,False,0.20720221746013,0.028828399871370758,0.0,0.020998087915841568,0.020998087915841568
jiang_short_tight,power_0.72,9.911784,shift_h,MX2,425,6,0.012714776632302405,False,0.22545931919657058,0.04362251246101145,0.0,0.02194091255046393,0.02194091255046393
jiang_short_tight,power_0.72,9.911784,crew_veh_h,MX2,MX2,7,0.003780068728522337,False,0.05741145040495477,0.02770878803828203,0.0,0.01421593058052073,0.0
jiang_short_tight,power_0.72,9.911784,crew_team_h,MX2,425,6,0.012714776632302405,False,0.05685293290198268,0.03139924156238405,0.0,0.018395841618318975,0.0007235437165673542
jiang_short_tight,power_0.72,9.911784,shift_ot_h,MX2,425,6,0.012714776632302405,False,0.21195356827204148,0.03645620270629579,0.0,0.02460040243512962,0.02460040243512962
jiang_short_tight,power_0.72,12.369317,shift_h,MX2,425,6,0.012714776632302405,False,0.23056462377516662,0.05237004458775685,0.0,0.026231397446737637,0.026231397446737637
jiang_short_tight,power_0.72,12.369317,crew_veh_h,MX2,MX2,7,0.003780068728522337,False,0.0686570853239008,0.037978141832717416,0.0,0.0213523648769669,0.0
jiang_short_tight,power_0.72,12.369317,crew_team_h,MX2,MX2,7,0.003780068728522337,False,0.06889330873403665,0.041549437281006574,0.0,0.024639963672130616,0.0
jiang_short_tight,power_0.72,12.369317,shift_ot_h,MX2,425,6,0.012714776632302405,False,0.21748356761632204,0.04533404531258922,0.0,0.02875765612292036,0.02875765612292036
jiang_short_tight,power_0.72,15.436172,shift_h,MX2,425,6,0.012714776632302405,False,0.23641624406392547,0.062396329147552665,0.0,0.031105504394480565,0.031105504394480565
jiang_short_tight,power_0.72,15.436172,crew_veh_h,MX2,MX2,7,0.003780068728522337,False,0.0814399808569326,0.049651300146335675,0.0,0.02928409846367641,0.0
jiang_short_tight,power_0.72,15.436172,crew_team_h,MX2,MX2,7,0.003780068728522337,False,0.08170627383365692,0.05308345676397663,0.0,0.03239544198743638,0.0
jiang_short_tight,power_0.72,15.436172,shift_ot_h,MX2,425,6,0.012714776632302405,False,0.2238304276953358,0.05552327343319119,0.0,0.03348269195697928,0.03348269195697928
jiang_short_tight,power_0.72,19.263424,shift_h,MX2,425,6,0.012714776632302405,False,0.24301537797462625,0.07370341866667096,0.0,0.03654719421042141,0.03654719421042141
jiang_short_tight,power_0.72,19.263424,crew_veh_h,MX2,MX2,7,0.003780068728522337,False,0.09572092340064065,0.06269245367447174,0.0,0.037926494530622135,0.0
jiang_short_tight,power_0.72,19.263424,crew_team_h,MX2,MX2,7,0.003780068728522337,False,0.0960156515875692,0.06596452219415494,0.0,0.04084234087885963,0.0
jiang_short_tight,power_0.72,19.263424,shift_ot_h,MX2,425,6,0.012714776632302405,False,0.23099893200023214,0.06703156646892738,0.0,0.03876082295632832,0.03876082295632832
jiang_short_tight,power_0.72,24.039607,shift_h,MX2,425,6,0.012714776632302405,False,0.2503227707307665,0.08622405321707016,0.0,0.04250589877576649,0.04250589877576649
jiang_short_tight,power_0.72,24.039607,crew_veh_h,MX2,MX2,7,0.003780068728522337,False,0.1113702023887242,0.0769831525736242,0.0,0.047141918057472365,0.0
jiang_short_tight,power_0.72,24.039607,crew_team_h,MX2,MX2,7,0.003780068728522337,False,0.11168984271320337,0.08007417007169537,0.0,0.049845343903304196,0.0
jiang_short_tight,power_0.72,24.039607,shift_ot_h,MX2,425,6,0.012714776632302405,False,0.23895027527278945,0.07979662658695164,0.0,0.04454390678661335,0.04454390678661335
jiang_short_tight,power_0.72,30.0,shift_h,MX2,425,6,0.012714776632302405,False,0.2582525217797227,0.09981104905442995,0.0,0.048893792001764025,0.048893792001764025
jiang_short_tight,power_0.72,30.0,crew_veh_h,MX2,MX2,7,0.003780068728522337,False,0.12816002697545237,0.0923153814846962,0.0,0.05674468463964688,0.0
jiang_short_tight,power_0.72,30.0,crew_team_h,MX2,300,7,0.12508591065292096,False,0.12334750728702648,0.09520561706075426,0.0,0.06407996729684151,0.004585960673955558
jiang_short_tight,power_0.72,30.0,shift_ot_h,MX2,425,6,0.012714776632302405,False,0.2475948817880551,0.09367464921551538,0.0,0.05074757133789887,0.05074757133789887
jiang_short_tight,power_0.84,5.1,shift_h,MX2,425,6,0.012714776632302405,False,0.21672936935780962,0.029434686396007992,0.0,0.015280517414659522,0.015280517414659522
jiang_short_tight,power_0.84,5.1,crew_veh_h,MX2,MX2,7,0.003780068728522337,False,0.03216887115935796,0.010523737474791295,0.0,0.005177816011896708,0.0
jiang_short_tight,power_0.84,5.1,crew_team_h,MX2,425,6,0.012714776632302405,False,0.032051178778707,0.014476620223550007,0.0,0.009224863234646552,0.00023596494202693385
jiang_short_tight,power_0.84,5.1,shift_ot_h,MX2,425,6,0.012714776632302405,False,0.20231543634276594,0.021955002972396498,0.0,0.018211174629090943,0.018211174629090943
jiang_short_tight,power_0.84,6.364497,shift_h,MX2,425,6,0.012714776632302405,False,0.2204117516847366,0.035913697449266646,0.0,0.018587730922017043,0.018587730922017043
jiang_short_tight,power_0.84,6.364497,crew_veh_h,MX2,MX2,7,0.003780068728522337,False,0.0391524202138096,0.018174491317675123,0.0,0.01142348908298807,0.0
jiang_short_tight,power_0.84,6.364497,crew_team_h,MX2,MX2,7,0.003780068728522337,False,0.039301772865680595,0.02205846731495198,0.0,0.015135811537723587,0.0
jiang_short_tight,power_0.84,6.364497,shift_ot_h,MX2,425,6,0.012714776632302405,False,0.20625014873135794,0.028486156798574358,0.0,0.02142593056894415,0.02142593056894415
jiang_short_tight,power_0.84,7.942513,shift_h,MX2,425,6,0.012714776632302405,False,0.2247830467061782,0.04360482407505861,0.0,0.02248785387580532,0.02248785387580532
jiang_short_tight,power_0.84,7.942513,crew_veh_h,MX2,MX2,7,0.003780068728522337,False,0.04739766213846708,0.02720747953737801,0.0,0.01869032943558313,0.0
jiang_short_tight,power_0.84,7.942513,crew_team_h,MX2,MX2,7,0.003780068728522337,False,0.047573036495636156,0.03100821238527529,0.0,0.02228837818332363,0.0
jiang_short_tight,power_0.84,7.942513,shift_ot_h,MX2,425,6,0.012714776632302405,False,0.2109250010301702,0.036245854703489844,0.0,0.025218242792144574,0.025218242792144574
jiang_short_tight,power_0.84,9.911784,shift_h,MX2,425,6,0.012714776632302405,False,0.22991702975603268,0.0526378711554818,0.0,0.02703305574778536,0.02703305574778536
jiang_short_tight,power_0.84,9.911784,crew_veh_h,MX2,MX2,7,0.003780068728522337,False,0.05701993378880155,0.03774905821493357,0.0,0.0270274466165914,0.0
jiang_short_tight,power_0.84,9.911784,crew_team_h,MX2,MX2,7,0.003780068728522337,False,0.057223288357358015,0.04145006237226312,0.0,0.03049196247704078,0.0
jiang_short_tight,power_0.84,9.911784,shift_ot_h,MX2,425,6,0.012714776632302405,False,0.2164210858103699,0.04536870069479315,0.0,0.02963947225417285,0.02963947225417285
jiang_short_tight,power_0.84,12.369317,shift_h,MX2,425,6,0.012714776632302405,False,0.23587170152767012,0.06311488869514736,0.0,0.03225752710190544,0.03225752710190544
jiang_short_tight,power_0.84,12.369317,crew_veh_h,MX2,MX2,7,0.003780068728522337,False,0.06809791495661122,0.04988542417014763,0.0,0.03643982651469835,0.0
jiang_short_tight,power_0.84,12.369317,crew_team_h,MX2,MX2,7,0.003780068728522337,False,0.0683302997307329,0.0534681680369018,0.0,0.03975046989850317,0.0
jiang_short_tight,power_0.84,12.369317,shift_ot_h,MX2,425,6,0.012714776632302405,False,0.22280330652601443,0.0559624267743275,0.0,0.03472366600799348,0.03472366600799348
jiang_short_tight,power_0.84,15.436172,shift_h,MX2,425,6,0.012714776632302405,False,0.24267871862146473,0.07509157527326837,0.0,0.03816849117612131,0.03816849117612131
jiang_short_tight,power_0.84,15.436172,crew_veh_h,MX2,MX2,7,0.003780068728522337,False,0.08065440034625682,0.06364154990204995,0.0,0.04687508646336602,0.0
jiang_short_tight,power_0.84,15.436172,crew_team_h,MX2,MX2,7,0.003780068728522337,False,0.08091557247085124,0.06708579500463907,0.0,0.05001127271252659,0.0
jiang_short_tight,power_0.84,15.436172,shift_ot_h,MX2,425,6,0.012714776632302405,False,0.23010904147893574,0.06808907647028795,0.0,0.040478787747744605,0.040478787747744605
jiang_short_tight,power_0.84,19.263424,shift_h,MX2,425,6,0.012714776632302405,False,0.2503321555825866,0.08855750527839867,0.0,0.04473759272825251,0.04473759272825251
jiang_short_tight,power_0.84,19.263424,crew_veh_h,MX2,MX2,7,0.003780068728522337,False,0.0946375076504744,0.07896059629365615,0.0,0.05821421318831099,0.0
jiang_short_tight,power_0.84,19.263424,crew_team_h,MX2,MX2,7,0.003780068728522337,False,0.0949255918021279,0.08224503874958833,0.0,0.06115622936598797,0.0
jiang_short_tight,power_0.84,19.263424,shift_ot_h,MX2,425,6,0.012714776632302405,False,0.23833593917999463,0.08174474659083542,0.0,0.046878269819607965,0.046878269819607965
jiang_short_tight,power_0.84,24.039607,shift_h,MX2,425,6,0.012714776632302405,False,0.2587785219167853,0.10341856422900864,0.0,0.05189455811380883,0.05189455811380883
jiang_short_tight,power_0.84,24.039607,crew_veh_h,MX2,MX2,7,0.003780068728522337,False,0.10990628520367718,0.09568814522765257,0.0,0.07026958757207291,0.0
jiang_short_tight,power_0.84,24.039607,crew_team_h,MX2,300,7,0.12508591065292096,False,0.10453794686824192,0.09879139443527074,0.0,0.07851736337686699,0.005142076892392877
jiang_short_tight,power_0.84,24.039607,shift_ot_h,MX2,425,6,0.012714776632302405,False,0.24743085893417205,0.09684122991284316,0.0,0.053854723714967356,0.053854723714967356
jiang_short_tight,power_0.84,30.0,shift_h,MX2,425,6,0.012714776632302405,False,0.2679105623370801,0.11948604054433987,0.0,0.0595252445701,0.0595252445701
jiang_short_tight,power_0.84,30.0,crew_veh_h,MX2,MX2,7,0.003780068728522337,False,0.12622528119550713,0.11356624994532627,0.0,0.08279277622300962,0.0
jiang_short_tight,power_0.84,30.0,crew_team_h,MX2,300,7,0.12508591065292096,False,0.11242480797875665,0.11646811800608203,0.0,0.09908232138615802,0.012701448670298765
jiang_short_tight,power_0.84,30.0,shift_ot_h,MX2,425,6,0.012714776632302405,False,0.25728266177801595,0.11319404899686858,0.0,0.06129787968565714,0.06129787968565714
jiang_short_tight,power_0.96,5.1,shift_h,MX2,425,6,0.012714776632302405,False,0.21929630824793622,0.03489542669427004,0.0,0.018517405188925418,0.018517405188925418
jiang_short_tight,power_0.96,5.1,crew_veh_h,MX2,MX2,7,0.003780068728522337,False,0.03203615800608639,0.016668593803243148,0.0,0.01315202149900463,0.0
jiang_short_tight,power_0.96,5.1,crew_team_h,MX2,MX2,7,0.003780068728522337,False,0.032160955377188216,0.020629042736106884,0.0,0.016975795347527134,0.0
jiang_short_tight,power_0.96,5.1,shift_ot_h,MX2,425,6,0.012714776632302405,False,0.20488985468154852,0.027347078216199083,0.0,0.021412278402067164,0.021412278402067164
jiang_short_tight,power_0.96,6.364497,shift_h,MX2,425,6,0.012714776632302405,False,0.22352448378686618,0.04254165558289813,0.0,0.022496895875282252,0.022496895875282252
jiang_short_tight,power_0.96,6.364497,crew_veh_h,MX2,MX2,7,0.003780068728522337,False,0.038956006970103374,0.02560826305330277,0.0,0.021025391800177484,0.0
jiang_short_tight,power_0.96,6.364497,crew_team_h,MX2,MX2,7,0.003780068728522337,False,0.039103862056939054,0.029500895039675568,0.0,0.024754795690205667,0.0
jiang_short_tight,power_0.96,6.364497,shift_ot_h,MX2,425,6,0.012714776632302405,False,0.2093724369383405,0.03503334455739138,0.0,0.025293002502577933,0.025293002502577933
jiang_short_tight,power_0.96,7.942513,shift_h,MX2,425,6,0.012714776632302405,False,0.22853472433975508,0.051602170148045357,0.0,0.02717699319068312,0.02717699319068312
jiang_short_tight,power_0.96,7.942513,crew_veh_h,MX2,MX2,7,0.003780068728522337,False,0.04711011516117947,0.03614245688274598,0.0,0.03016953650653731,0.0
jiang_short_tight,power_0.96,7.942513,crew_team_h,MX2,MX2,7,0.003780068728522337,False,0.047283364199890654,0.03995290574300747,0.0,0.03378697508473505,0.0
jiang_short_tight,power_0.96,7.942513,shift_ot_h,MX2,425,6,0.012714776632302405,False,0.21468885466662657,0.044149385334718794,0.0,0.029858476761319475,0.029858476761319475
jiang_short_tight,power_0.96,9.911784,shift_h,MX2,425,6,0.012714776632302405,False,0.23440675485728946,0.06222114491971187,0.0,0.0326137384520544,0.0326137384520544
jiang_short_tight,power_0.96,9.911784,crew_veh_h,MX2,MX2,7,0.003780068728522337,False,0.05660429714370374,0.048407875848534454,0.0,0.0406386271105188,0.0
jiang_short_tight,power_0.96,9.911784,crew_team_h,MX2,MX2,7,0.003780068728522337,False,0.05680469267399868,0.05211954197368196,0.0,0.04412475919373526,0.0
jiang_short_tight,power_0.96,9.911784,shift_ot_h,MX2,425,6,0.012714776632302405,False,0.22092624406055617,0.054844612640994495,0.0,0.0351641475087201,0.0351641475087201
jiang_short_tight,power_0.96,12.369317,shift_h,MX2,425,6,0.012714776632302405,False,0.24120076175540106,0.07450742095900442,0.0,0.038839924112860524,0.038839924112860524
jiang_short_tight,power_0.96,12.369317,crew_veh_h,MX2,MX2,7,0.003780068728522337,False,0.06750592623180118,0.062491558720978446,0.0,0.052430013432607225,0.0
jiang_short_tight,power_0.96,12.369317,crew_team_h,MX2,MX2,7,0.003780068728522337,False,0.0677342814591746,0.06608569504378203,0.0,0.05576427061490796,0.0
jiang_short_tight,power_0.96,12.369317,shift_ot_h,MX2,425,6,0.012714776632302405,False,0.22815176715433938,0.06723418895475919,0.0,0.04124297390640863,0.04124297390640863
jiang_short_tight,power_0.96,15.436172,shift_h,MX2,425,6,0.012714776632302405,False,0.2489453815916196,0.08851278459112066,0.0,0.045854655265022304,0.045854655265022304
jiang_short_tight,power_0.96,15.436172,crew_veh_h,MX2,MX2,7,0.003780068728522337,False,0.07982530141830235,0.07840681064445176,0.0,0.06546831500555661,0.0
jiang_short_tight,power_0.96,15.436172,crew_team_h,MX2,MX2,7,0.003780068728522337,False,0.0800811231101286,0.08186285590672249,0.0,0.0686297260263844,0.0
jiang_short_tight,power_0.96,15.436172,shift_ot_h,MX2,425,6,0.012714776632302405,False,0.23639980682752526,0.08137707046569309,0.0,0.04809520007491552,0.04809520007491552
jiang_short_tight,power_0.96,19.263424,shift_h,MX2,425,6,0.012714776632302405,False,0.2576252654149722,0.10420947878675668,0.0,0.05361383154694144,0.05361383154694144
jiang_short_tight,power_0.96,19.263424,crew_veh_h,MX2,MX2,7,0.003780068728522337,False,0.09349803605747109,0.09607045128944236,0.0,0.07959499191280428,0.0
jiang_short_tight,power_0.96,19.263424,crew_team_h,MX2,300,7,0.12508591065292096,False,0.08846819163024655,0.09936668365599433,0.0,0.08784552146880387,0.004879355035112276
jiang_short_tight,power_0.96,19.263424,shift_ot_h,MX2,425,6,0.012714776632302405,False,0.24565853144139482,0.09725296950895612,0.0,0.05567896993706456,0.05567896993706456
jiang_short_tight,power_0.96,24.039607,shift_h,MX2,425,6,0.012714776632302405,False,0.2671705072693602,0.12147108567700227,0.0,0.06202385163809354,0.06202385163809354
jiang_short_tight,power_0.96,24.039607,crew_veh_h,MX2,MX2,7,0.003780068728522337,False,0.10837244846971794,0.11528652492716596,0.0,0.09456741957829817,0.0
jiang_short_tight,power_0.96,24.039607,crew_team_h,MX2,300,7,0.12508591065292096,False,0.09436751831053924,0.11840107513349851,0.0,0.11167071526879613,0.013073826591229798
jiang_short_tight,power_0.96,24.039607,shift_ot_h,MX2,425,6,0.012714776632302405,False,0.2558582154543405,0.11474232796985517,0.0,0.06390402877898782,0.06390402877898782
jiang_short_tight,power_0.96,30.0,shift_h,MX2,425,6,0.012714776632302405,False,0.27745081473923827,0.1400619845733262,0.0,0.07094094402941997,0.06669479695409342
jiang_short_tight,power_0.96,30.0,crew_veh_h,MX2,MX2,7,0.003780068728522337,False,0.12420632096295314,0.1357421134484187,0.0,0.11007026914353135,0.0
jiang_short_tight,power_0.96,30.0,crew_team_h,MX2,300,7,0.12508591065292096,False,0.10064460076636061,0.13865430932034517,0.0,0.13674106913077888,0.02169656029692102
jiang_short_tight,power_0.96,30.0,shift_ot_h,MX2,425,6,0.012714776632302405,False,0.2668643832487372,0.13361456103047553,0.0,0.07263087465370854,0.07215716593087373
lightskew_long_baseline,affine,5.1,shift_h,500,500,9,0.0,False,0.125,0.0,0.0,0.0,0.0
lightskew_long_baseline,affine,5.1,crew_veh_h,500,500,9,0.0,False,0.01435919330512525,0.0,0.0,0.0,0.0
lightskew_long_baseline,affine,5.1,crew_team_h,MX2,300,11,0.09003436426116838,False,0.014985060308919218,0.014301423242208733,0.0,0.01367597778736096,0.0028340768374159886
lightskew_long_baseline,affine,5.1,shift_ot_h,500,500,9,0.0,False,0.11828358010681184,0.0,0.0,0.0,0.0
lightskew_long_baseline,affine,6.364497,shift_h,500,500,9,0.0,False,0.125,0.0,0.0,0.0,0.0
lightskew_long_baseline,affine,6.364497,crew_veh_h,MX2,500,9,0.0,False,0.018628639047217233,0.0011848201307578243,0.0,0.0,0.0
lightskew_long_baseline,affine,6.364497,crew_team_h,MX2,300,11,0.09003436426116838,False,0.018210376937829675,0.020013367964116124,0.0,0.019224772680641378,0.0035204999244893287
lightskew_long_baseline,affine,6.364497,shift_ot_h,500,500,9,0.0,False,0.11846005037248353,0.0,0.0,0.0,0.0
lightskew_long_baseline,affine,7.942513,shift_h,500,500,9,0.0,False,0.12500000000000022,0.0,0.0,0.0,0.0
lightskew_long_baseline,affine,7.942513,crew_veh_h,MX2,MX2,11,0.01958762886597938,False,0.025989490445062158,0.008343547945222518,0.0,0.0034563455674925248,0.0
lightskew_long_baseline,affine,7.942513,crew_team_h,MX2,300,11,0.09003436426116838,False,0.022039779367166723,0.026795131589506305,0.0,0.025767354686284438,0.00432986113248468
lightskew_long_baseline,affine,7.942513,shift_ot_h,500,500,9,0.0,False,0.1186676805155713,0.0,0.0,0.0,0.0
lightskew_long_baseline,affine,9.911784,shift_h,500,500,9,0.0,False,0.125,0.0,0.0,0.0,0.0
lightskew_long_baseline,affine,9.911784,crew_veh_h,MX2,MX2,11,0.01958762886597938,False,0.03139533805139383,0.01676219169897597,0.0,0.010633127417234434,0.0
lightskew_long_baseline,affine,9.911784,crew_team_h,MX2,300,11,0.09003436426116838,False,0.02653826869415199,0.03476182922703752,0.0,0.033390728839465256,0.005272923566902676
lightskew_long_baseline,affine,9.911784,shift_ot_h,500,500,9,0.0,False,0.11890900325796783,0.0,0.0,0.0,0.0
lightskew_long_baseline,affine,12.369317,shift_h,500,500,9,0.0,False,0.125,0.0,0.0,0.0,0.0
lightskew_long_baseline,affine,12.369317,crew_veh_h,MX2,MX2,11,0.01958762886597938,False,0.037674811649312634,0.026541352162185783,0.0,0.018875852645864777,0.0
lightskew_long_baseline,affine,12.369317,crew_team_h,MX2,325,10,0.07594501718213058,False,0.03164317133339667,0.04400430537797506,0.0,0.042266736192633214,0.006467879147837641
lightskew_long_baseline,affine,12.369317,shift_ot_h,500,500,9,0.0,False,0.11918553140759736,0.0,0.0,0.0,0.0
lightskew_long_baseline,affine,15.436172,shift_h,500,500,9,0.0,False,0.125,0.0,0.0,0.0,0.0
lightskew_long_baseline,affine,15.436172,crew_veh_h,MX2,MX2,11,0.01958762886597938,False,0.04486562295387353,0.03773975860683909,0.0,0.028193155235544554,0.0
lightskew_long_baseline,affine,15.436172,crew_team_h,MX2,325,10,0.07594501718213058,False,0.035819731111525144,0.05457272527052126,0.0,0.05399620797749494,0.00943566504990101
lightskew_long_baseline,affine,15.436172,shift_ot_h,500,500,9,0.0,False,0.11949729207804394,0.0,0.0,0.0,0.0
lightskew_long_baseline,affine,19.263424,shift_h,500,500,9,0.0,False,0.125,0.0,0.0,0.0,0.0
lightskew_long_baseline,affine,19.263424,crew_veh_h,MX2,MX2,11,0.01958762886597938,False,0.05296654741637741,0.05035550401668076,0.0,0.03853727620898373,0.0
lightskew_long_baseline,affine,19.263424,crew_team_h,MX2,325,10,0.07594501718213058,False,0.0405171299143503,0.06645908284427637,0.0,0.06707589823231763,0.01274508264803309
lightskew_long_baseline,affine,19.263424,shift_ot_h,500,500,9,0.0,False,0.11984239844423428,0.0,0.0,0.0,0.0
lightskew_long_baseline,affine,24.039607,shift_h,MX2,325,10,0.07594501718213058,False,0.11422783167732109,0.0035842057254149573,0.0,0.013286689977474841,0.013286689977474841
lightskew_long_baseline,affine,24.039607,crew_veh_h,MX2,MX2,11,0.01958762886597938,False,0.06192644739502362,0.06430895063273678,0.0,0.0497944189641466,0.0
lightskew_long_baseline,affine,24.039607,crew_team_h,MX2,325,10,0.07594501718213058,False,0.045703048461309015,0.0795815969813447,0.0,0.08137937198322232,0.016364141419567435
lightskew_long_baseline,affine,24.039607,shift_ot_h,MX2,325,10,0.07594501718213058,False,0.11489374005357256,0.00456460699747363,0.0,0.009360865430736665,0.009360865430736665
lightskew_long_baseline,affine,30.0,shift_h,MX2,325,10,0.07594501718213058,False,0.1147314361954519,0.02211685199263047,0.0,0.03153227867711661,0.03153227867711661
lightskew_long_baseline,affine,30.0,crew_veh_h,MX2,MX2,11,0.01958762886597938,False,0.07163702733957589,0.07943144744522068,0.0,0.06178215145384214,0.0
lightskew_long_baseline,affine,30.0,crew_team_h,MX2,325,10,0.07594501718213058,False,0.051312142356827906,0.09377491939348692,0.0,0.09669116663640276,0.0202383251117646
lightskew_long_baseline,affine,30.0,shift_ot_h,MX2,325,10,0.07594501718213058,False,0.11533532586875439,0.022386217656297003,0.0,0.027225023567049256,0.027225023567049256
lightskew_long_baseline,piecewise,5.1,shift_h,500,500,9,0.0,False,0.125,0.0,0.0,0.0,0.0
lightskew_long_baseline,piecewise,5.1,crew_veh_h,500,500,9,0.0,False,0.014777291549477933,0.0,0.0,0.0,0.0
lightskew_long_baseline,piecewise,5.1,crew_team_h,MX2,300,11,0.09003436426116838,False,0.01469909023241911,0.017170503769937673,0.0,0.017248895555082244,0.003099787715320934
lightskew_long_baseline,piecewise,5.1,shift_ot_h,500,500,9,0.0,False,0.11830763020216972,0.0,0.0,0.0,0.0
lightskew_long_baseline,piecewise,6.364497,shift_h,500,500,9,0.0,False,0.125,0.0,0.0,0.0,0.0
lightskew_long_baseline,piecewise,6.364497,crew_veh_h,MX2,MX2,11,0.01958762886597938,False,0.021368053893795924,0.00463553023543084,0.0,0.001240070494574086,0.0
lightskew_long_baseline,piecewise,6.364497,crew_team_h,MX2,300,11,0.09003436426116838,False,0.017857724937021535,0.023506824144007288,0.0,0.02356546455747388,0.0038430824533448593
lightskew_long_baseline,piecewise,6.364497,shift_ot_h,500,500,9,0.0,False,0.11848848511882037,0.0,0.0,0.0,0.0
lightskew_long_baseline,piecewise,7.942513,shift_h,500,500,9,0.0,False,0.12500000000000022,0.0,0.0,0.0,0.0
lightskew_long_baseline,piecewise,7.942513,crew_veh_h,MX2,MX2,11,0.01958762886597938,False,0.0259531674260689,0.012524699336349032,0.0,0.008219510185360601,0.0
lightskew_long_baseline,piecewise,7.942513,crew_team_h,MX2,300,11,0.09003436426116838,False,0.021606221219703015,0.03102642536078304,0.0,0.031010943994467466,0.004719220382889633
lightskew_long_baseline,piecewise,7.942513,shift_ot_h,500,500,9,0.0,False,0.11870091790374815,0.0,0.0,0.0,0.0
lightskew_long_baseline,piecewise,9.911784,shift_h,500,500,9,0.0,False,0.125,0.0,0.0,0.0,0.0
lightskew_long_baseline,piecewise,9.911784,crew_veh_h,MX2,MX2,11,0.01958762886597938,False,0.03134234846822803,0.021797350985605313,0.0,0.01634356149387184,0.0
lightskew_long_baseline,piecewise,9.911784,crew_team_h,MX2,300,11,0.09003436426116838,False,0.026007263999284325,0.03985505533524081,0.0,0.039683114650630014,0.005739707741379885
lightskew_long_baseline,piecewise,9.911784,shift_ot_h,500,500,9,0.0,False,0.11894734001146179,0.0,0.0,0.0,0.0
lightskew_long_baseline,piecewise,12.369317,shift_h,500,500,9,0.0,False,0.12500000000000022,0.0,0.0,0.0,0.0
lightskew_long_baseline,piecewise,12.369317,crew_veh_h,MX2,MX2,11,0.01958762886597938,False,0.03759853075628783,0.03256176928174459,0.0,0.025668746723169766,0.0
lightskew_long_baseline,piecewise,12.369317,crew_team_h,MX2,300,11,0.09003436426116838,False,0.031109833435492673,0.05009096980538885,0.0,0.049644958941592376,0.0069119559095995875
lightskew_long_baseline,piecewise,12.369317,shift_ot_h,500,500,9,0.0,False,0.11922907557470541,0.0,0.0,0.0,0.0
lightskew_long_baseline,piecewise,15.436172,shift_h,500,500,9,0.0,False,0.125,0.0,0.0,0.0,0.0
lightskew_long_baseline,piecewise,15.436172,crew_veh_h,MX2,MX2,11,0.01958762886597938,False,0.04475748623356379,0.04487950360798254,0.0,0.03620254732832939,0.0
lightskew_long_baseline,piecewise,15.436172,crew_team_h,MX2,325,10,0.07594501718213058,False,0.03621119844576448,0.06178677107513808,0.0,0.061653915721621155,0.008946546592014437
lightskew_long_baseline,piecewise,15.436172,shift_ot_h,500,500,9,0.0,False,0.11954589566927587,0.0,0.0,0.0,0.0
lightskew_long_baseline,piecewise,19.263424,shift_h,500,325,10,0.07594501718213058,False,0.119946176983448,0.0,0.0,0.004512558835786384,0.004512558835786384
lightskew_long_baseline,piecewise,19.263424,crew_veh_h,MX2,MX2,11,0.01958762886597938,False,0.05281590053052554,0.05874485124365503,0.0,0.04788844115048896,0.0
lightskew_long_baseline,piecewise,19.263424,crew_team_h,MX2,325,10,0.07594501718213058,False,0.04096510860020608,0.07493017854965989,0.0,0.07601978487252348,0.012160064925922809
lightskew_long_baseline,piecewise,19.263424,shift_ot_h,500,325,10,0.07594501718213058,False,0.11910126500325569,0.0,0.0,0.0007098005508061611,0.0007098005508061611
lightskew_long_baseline,piecewise,24.039607,shift_h,MX2,325,10,0.07594501718213058,False,0.11448328216480541,0.0129847836648318,0.0,0.022543720359203157,0.022543720359203157
lightskew_long_baseline,piecewise,24.039607,crew_veh_h,MX2,MX2,11,0.01958762886597938,False,0.061720621382527874,0.07406635813840223,0.0,0.060595290861021,0.0
lightskew_long_baseline,piecewise,24.039607,crew_team_h,MX2,325,10,0.07594501718213058,False,0.04620856466017198,0.08942706160633485,0.0,0.09171360173067633,0.01567063345978048
lightskew_long_baseline,piecewise,24.039607,shift_ot_h,MX2,325,10,0.07594501718213058,False,0.11513767290369903,0.013612393808888346,0.0,0.01828089205390704,0.01828089205390704
lightskew_long_baseline,piecewise,30.0,shift_h,MX2,325,10,0.07594501718213058,False,0.11502617811914884,0.03296335478467505,0.0,0.04220313113454255,0.04220313113454255
lightskew_long_baseline,piecewise,30.0,crew_veh_h,MX2,MX2,11,0.01958762886597938,False,0.07136173333651397,0.09065490321815273,0.0,0.07411480283781402,0.0
lightskew_long_baseline,piecewise,30.0,crew_team_h,MX2,325,10,0.07594501718213058,False,0.05187416874721573,0.10509108147338231,0.0,0.10849505441511065,0.019424496543495096
lightskew_long_baseline,piecewise,30.0,shift_ot_h,MX2,325,10,0.07594501718213058,False,0.11561771381448871,0.03285528186461728,0.0,0.0375362502699057,0.0375362502699057
lightskew_long_baseline,power_0.72,5.1,shift_h,500,500,9,0.0,False,0.125,0.0,0.0,0.0,0.0
lightskew_long_baseline,power_0.72,5.1,crew_veh_h,500,500,9,0.0,False,0.013791813949921128,0.0,0.0,0.0,0.0
lightskew_long_baseline,power_0.72,5.1,crew_team_h,MX2,300,11,0.09003436426116838,False,0.015958541592247855,0.010433730184361112,0.0,0.008278785268500233,0.0018959458740792634
lightskew_long_baseline,power_0.72,5.1,shift_ot_h,500,500,9,0.0,False,0.11825095826382692,0.0,0.0,0.0,0.0
lightskew_long_baseline,power_0.72,6.364497,shift_h,500,500,9,0.0,False,0.125,0.0,0.0,0.0,0.0
lightskew_long_baseline,power_0.72,6.364497,crew_veh_h,500,500,9,0.0,False,0.016753060074399695,0.0,0.0,0.0,0.0
lightskew_long_baseline,power_0.72,6.364497,crew_team_h,MX2,300,11,0.09003436426116838,False,0.019403671271864598,0.01530163831735809,0.0,0.012661693056055912,0.002379602776518386
lightskew_long_baseline,power_0.72,6.364497,shift_ot_h,500,500,9,0.0,False,0.11842141104315007,0.0,0.0,0.0,0.0
lightskew_long_baseline,power_0.72,7.942513,shift_h,500,500,9,0.0,False,0.12500000000000022,0.0,0.0,0.0,0.0
lightskew_long_baseline,power_0.72,7.942513,crew_veh_h,MX2,500,9,0.0,False,0.022990403723956554,0.002701313864833743,0.0,0.0,0.0
lightskew_long_baseline,power_0.72,7.942513,crew_team_h,MX2,300,11,0.09003436426116838,False,0.02349661048839158,0.021084890024217318,0.0,0.017830396699528128,0.0029499727945514476
lightskew_long_baseline,power_0.72,7.942513,shift_ot_h,500,500,9,0.0,False,0.11862241836823628,0.0,0.0,0.0,0.0
lightskew_long_baseline,power_0.72,9.911784,shift_h,500,500,9,0.0,False,0.125,0.0,0.0,0.0,0.0
lightskew_long_baseline,power_0.72,9.911784,crew_veh_h,MX2,MX2,11,0.01958762886597938,False,0.03146689344004994,0.009962878358962257,0.0,0.002922876321714618,0.0
lightskew_long_baseline,power_0.72,9.911784,crew_team_h,MX2,300,11,0.09003436426116838,False,0.02830822779901654,0.02788362133986011,0.0,0.023854054584516504,0.0036146876038105624
lightskew_long_baseline,power_0.72,9.911784,shift_ot_h,500,500,9,0.0,False,0.11885666700594189,0.0,0.0,0.0,0.0
lightskew_long_baseline,power_0.72,12.369317,shift_h,500,500,9,0.0,False,0.12500000000000022,0.0,0.0,0.0,0.0
lightskew_long_baseline,power_0.72,12.369317,crew_veh_h,MX2,MX2,11,0.01958762886597938,False,0.03777790062429576,0.01840512557627738,0.0,0.00969725726620263,0.0
lightskew_long_baseline,power_0.72,12.369317,crew_team_h,MX2,325,10,0.07594501718213058,False,0.032969896545342214,0.03577788334793297,0.0,0.03170132076000631,0.005278420328248323
lightskew_long_baseline,power_0.72,12.369317,shift_ot_h,500,500,9,0.0,False,0.11912591659030713,0.0,0.0,0.0,0.0
lightskew_long_baseline,power_0.72,15.436172,shift_h,500,500,9,0.0,False,0.125,0.0,0.0,0.0,0.0
lightskew_long_baseline,power_0.72,15.436172,crew_veh_h,MX2,MX2,11,0.01958762886597938,False,0.04501189600513045,0.02808205599181801,0.0,0.01736174663446488,0.0
lightskew_long_baseline,power_0.72,15.436172,crew_team_h,MX2,325,10,0.07594501718213058,False,0.03741312690401655,0.04481362075179085,0.0,0.04149201769138733,0.0080308576054271
lightskew_long_baseline,power_0.72,15.436172,shift_ot_h,500,500,9,0.0,False,0.11943053646470991,0.0,0.0,0.0,0.0
lightskew_long_baseline,power_0.72,19.263424,shift_h,500,500,9,0.0,False,0.12499999999999978,0.0,0.0,0.0,0.0
lightskew_long_baseline,power_0.72,19.263424,crew_veh_h,MX2,MX2,11,0.01958762886597938,False,0.053170531356805606,0.038995879187378124,0.0,0.025879562381860177,0.0
lightskew_long_baseline,power_0.72,19.263424,crew_team_h,MX2,325,10,0.07594501718213058,False,0.04241607035360495,0.05498758870026288,0.0,0.052416149676019375,0.011101935007378438
lightskew_long_baseline,power_0.72,19.263424,shift_ot_h,500,500,9,0.0,False,0.11976906210950933,0.0,0.0,0.0,0.0
lightskew_long_baseline,power_0.72,24.039607,shift_h,500,500,9,0.0,False,0.125,0.0,0.0,0.0,0.0
lightskew_long_baseline,power_0.72,24.039607,crew_veh_h,MX2,MX2,11,0.01958762886597938,False,0.0622054626846229,0.051081925302379316,0.0,0.03515956883561322,0.0
lightskew_long_baseline,power_0.72,24.039607,crew_team_h,MX2,325,10,0.07594501718213058,False,0.0479462306344316,0.06623370291562014,0.0,0.06437010979322477,0.01446252574643414
lightskew_long_baseline,power_0.72,24.039607,shift_ot_h,500,500,9,0.0,False,0.12013786878159904,0.0,0.0,0.0,0.0
lightskew_long_baseline,power_0.72,30.0,shift_h,MX2,325,10,0.07594501718213058,False,0.1174976464293429,0.007402380925448426,0.0,0.014165606668047337,0.014165606668047337
lightskew_long_baseline,power_0.72,30.0,crew_veh_h,MX2,MX2,11,0.01958762886597938,False,0.0720106710929791,0.06419837264334838,0.0,0.045053749620585615,0.0
lightskew_long_baseline,power_0.72,30.0,crew_team_h,MX2,325,10,0.07594501718213058,False,0.05393584913344163,0.07841416972411808,0.0,0.07717571670289392,0.018062538091019764
lightskew_long_baseline,power_0.72,30.0,shift_ot_h,MX2,325,10,0.07594501718213058,False,0.11800759984267484,0.008188029173802125,0.0,0.010463625426344603,0.010463625426344603
lightskew_long_baseline,power_0.84,5.1,shift_h,500,500,9,0.0,False,0.125,0.0,0.0,0.0,0.0
lightskew_long_baseline,power_0.84,5.1,crew_veh_h,500,500,9,0.0,False,0.014725572660547082,0.0,0.0,0.0,0.0
lightskew_long_baseline,power_0.84,5.1,crew_team_h,MX2,300,11,0.09003436426116838,False,0.015137378733808937,0.016814718167513787,0.0,0.016402231655741728,0.002668793187374563
lightskew_long_baseline,power_0.84,5.1,shift_ot_h,500,500,9,0.0,False,0.1183046546791835,0.0,0.0,0.0,0.0
lightskew_long_baseline,power_0.84,6.364497,shift_h,500,500,9,0.0,False,0.125,0.0,0.0,0.0,0.0
lightskew_long_baseline,power_0.84,6.364497,crew_veh_h,MX2,MX2,11,0.01958762886597938,False,0.021371105982405325,0.004207689786097868,0.0,0.0007507845457885853,0.0
lightskew_long_baseline,power_0.84,6.364497,crew_team_h,MX2,300,11,0.09003436426116838,False,0.018392891338781858,0.023073691981980282,0.0,0.02253344593617057,0.0033186726124281307
lightskew_long_baseline,power_0.84,6.364497,shift_ot_h,500,500,9,0.0,False,0.11848496949196163,0.0,0.0,0.0,0.0
lightskew_long_baseline,power_0.84,7.942513,shift_h,500,500,9,0.0,False,0.125,0.0,0.0,0.0,0.0
lightskew_long_baseline,power_0.84,7.942513,crew_veh_h,MX2,MX2,11,0.01958762886597938,False,0.025957670004069566,0.012006406507372613,0.0,0.0076290530596132555,0.0
lightskew_long_baseline,power_0.84,7.942513,crew_team_h,MX2,300,11,0.09003436426116838,False,0.0222565787216642,0.03050192866575241,0.0,0.02975938006622969,0.0040845871120906985
lightskew_long_baseline,power_0.84,7.942513,shift_ot_h,500,500,9,0.0,False,0.11869681174520208,0.0,0.0,0.0,0.0
lightskew_long_baseline,power_0.84,9.911784,shift_h,500,500,9,0.0,False,0.125,0.0,0.0,0.0,0.0
lightskew_long_baseline,power_0.84,9.911784,crew_veh_h,MX2,MX2,11,0.01958762886597938,False,0.03134891535039608,0.02117335480075666,0.0,0.015635848139781583,0.0
lightskew_long_baseline,power_0.84,9.911784,crew_team_h,MX2,300,11,0.09003436426116838,False,0.02679317241581547,0.039223879579163956,0.0,0.03817438336107637,0.004976537263064129
lightskew_long_baseline,power_0.84,9.911784,shift_ot_h,500,500,9,0.0,False,0.11894260823747094,0.0,0.0,0.0,0.0
lightskew_long_baseline,power_0.84,12.369317,shift_h,500,500,9,0.0,False,0.125,0.0,0.0,0.0,0.0
lightskew_long_baseline,power_0.84,12.369317,crew_veh_h,MX2,MX2,11,0.01958762886597938,False,0.03760798128413101,0.03181589285896713,0.0,0.024827113034339376,0.0
lightskew_long_baseline,power_0.84,12.369317,crew_team_h,MX2,300,11,0.09003436426116838,False,0.03205331484399743,0.049336908681880676,0.0,0.04783889003411934,0.006000928803276739
lightskew_long_baseline,power_0.84,12.369317,shift_ot_h,500,500,9,0.0,False,0.11922370673350513,0.0,0.0,0.0,0.0
lightskew_long_baseline,power_0.84,15.436172,shift_h,500,500,9,0.0,False,0.12499999999999978,0.0,0.0,0.0,0.0
lightskew_long_baseline,power_0.84,15.436172,crew_veh_h,MX2,MX2,11,0.01958762886597938,False,0.044770878882241405,0.043995251744465724,0.0,0.035210500394424304,0.0
lightskew_long_baseline,power_0.84,15.436172,crew_team_h,MX2,325,10,0.07594501718213058,False,0.037616961877306565,0.06089334771818988,0.0,0.05921925665216188,0.0075929541063100014
lightskew_long_baseline,power_0.84,15.436172,shift_ot_h,500,500,9,0.0,False,0.11953991013318332,0.0,0.0,0.0,0.0
lightskew_long_baseline,power_0.84,19.263424,shift_h,500,325,10,0.07594501718213058,False,0.12264169521405144,0.0,0.0,0.002100674503719313,0.002100674503719313
lightskew_long_baseline,power_0.84,19.263424,crew_veh_h,MX2,MX2,11,0.01958762886597938,False,0.0528345509188628,0.05770623313485679,0.0,0.046730602925681985,0.0
lightskew_long_baseline,power_0.84,19.263424,crew_team_h,MX2,325,10,0.07594501718213058,False,0.04262430988965038,0.07388147988232951,0.0,0.07314521296914323,0.010567782652228797
lightskew_long_baseline,power_0.84,19.263424,shift_ot_h,500,500,9,0.0,False,0.1198890600655389,0.0,0.0,0.0,0.0
lightskew_long_baseline,power_0.84,24.039607,shift_h,MX2,325,10,0.07594501718213058,False,0.11631459474986006,0.011821272884475986,0.0,0.019693675374818254,0.019693675374818254
lightskew_long_baseline,power_0.84,24.039607,crew_veh_h,MX2,MX2,11,0.01958762886597938,False,0.06174609232044603,0.07285888043523014,0.0,0.059258457552639365,0.0
lightskew_long_baseline,power_0.84,24.039607,crew_team_h,MX2,325,10,0.07594501718213058,False,0.04814793448582377,0.08820873776481286,0.0,0.08835264510228824,0.01381635691097749
lightskew_long_baseline,power_0.84,24.039607,shift_ot_h,MX2,325,10,0.07594501718213058,False,0.11690105551937502,0.012492433114971613,0.0,0.01554352229961875,0.01554352229961875
lightskew_long_baseline,power_0.84,30.0,shift_h,MX2,325,10,0.07594501718213058,False,0.11715269809271245,0.03162147773268109,0.0,0.038867976088395206,0.038867976088395206
lightskew_long_baseline,power_0.84,30.0,crew_veh_h,MX2,MX2,11,0.01958762886597938,False,0.07139578537654345,0.08926663627081743,0.0,0.07258899227584048,0.0
lightskew_long_baseline,power_0.84,30.0,crew_team_h,MX2,325,10,0.07594501718213058,False,0.054117008951928725,0.10369141000413928,0.0,0.10460730004972607,0.0172886363323006
lightskew_long_baseline,power_0.84,30.0,shift_ot_h,MX2,325,10,0.07594501718213058,False,0.1176706464513726,0.03155995568221015,0.0,0.03432494227534866,0.03432494227534866
lightskew_long_baseline,power_0.96,5.1,shift_h,500,500,9,0.0,False,0.125,0.0,0.0,0.0,0.0
lightskew_long_baseline,power_0.96,5.1,crew_veh_h,MX2,MX2,11,0.01958762886597938,False,0.017470677911652688,0.0043973803120687105,0.0,0.002662896174661533,0.0
lightskew_long_baseline,power_0.96,5.1,crew_team_h,MX2,300,11,0.09003436426116838,False,0.01417104708600525,0.02365502774258932,0.0,0.025212023567144692,0.0035838155665173232
lightskew_long_baseline,power_0.96,5.1,shift_ot_h,500,500,9,0.0,False,0.11836152481499318,0.0,0.0,0.0,0.0
lightskew_long_baseline,power_0.96,6.364497,shift_h,500,500,9,0.0,False,0.12500000000000022,0.0,0.0,0.0,0.0
lightskew_long_baseline,power_0.96,6.364497,crew_veh_h,MX2,MX2,11,0.01958762886597938,False,0.021312451914937913,0.012429791366915577,0.0,0.010154238090073209,0.0
lightskew_long_baseline,power_0.96,6.364497,crew_team_h,MX2,300,11,0.09003436426116838,False,0.01720547027203323,0.03139708117779483,0.0,0.033233817491265194,0.004430037296012879
lightskew_long_baseline,power_0.96,6.364497,shift_ot_h,500,500,9,0.0,False,0.11855204672939679,0.0,0.0,0.0,0.0
lightskew_long_baseline,power_0.96,7.942513,shift_h,500,500,9,0.0,False,0.125,0.0,0.0,0.0,0.0
lightskew_long_baseline,power_0.96,7.942513,crew_veh_h,MX2,MX2,11,0.01958762886597938,False,0.025871189180148413,0.021961234802658103,0.0,0.01897084418977224,0.0
lightskew_long_baseline,power_0.96,7.942513,crew_team_h,MX2,300,11,0.09003436426116838,False,0.020802797539141826,0.04057533293058757,0.0,0.04268192135442139,0.00542672093899399
lightskew_long_baseline,power_0.96,7.942513,shift_ot_h,500,500,9,0.0,False,0.11877499801434688,0.0,0.0,0.0,0.0
lightskew_long_baseline,power_0.96,9.911784,shift_h,500,500,9,0.0,False,0.125,0.0,0.0,0.0,0.0
lightskew_long_baseline,power_0.96,9.911784,crew_veh_h,MX2,MX2,11,0.01958762886597938,False,0.03122286819914155,0.03315056704276209,0.0,0.029221532406333184,0.0
lightskew_long_baseline,power_0.96,9.911784,crew_team_h,MX2,300,11,0.09003436426116838,False,0.02502115365183366,0.05133808302542042,0.0,0.053676632098235144,0.006586556660148402
lightskew_long_baseline,power_0.96,9.911784,shift_ot_h,500,500,9,0.0,False,0.11903249649216208,0.0,0.0,0.0,0.0
lightskew_long_baseline,power_0.96,12.369317,shift_h,500,500,9,0.0,False,0.125,0.0,0.0,0.0,0.0
lightskew_long_baseline,power_0.96,12.369317,crew_veh_h,MX2,MX2,11,0.01958762886597938,False,0.037426722302049464,0.04612163359593291,0.0,0.040972129767774756,0.0
lightskew_long_baseline,power_0.96,12.369317,crew_team_h,MX2,300,11,0.09003436426116838,False,0.029904897168720357,0.063798508270545,0.0,0.0662931103739679,0.007917473181767498
lightskew_long_baseline,power_0.96,12.369317,shift_ot_h,500,500,9,0.0,False,0.11932542548595904,0.0,0.0,0.0,0.0
lightskew_long_baseline,power_0.96,15.436172,shift_h,500,325,10,0.07594501718213058,False,0.1214997507372868,0.0,0.0,0.0031210432819195333,0.0031210432819195333
lightskew_long_baseline,power_0.96,15.436172,crew_veh_h,MX2,MX2,11,0.01958762886597938,False,0.04451423421395595,0.06094025878936571,0.0,0.0542256224835973,0.0
lightskew_long_baseline,power_0.96,15.436172,crew_team_h,MX2,300,11,0.09003436426116838,False,0.03547597472630071,0.07801260350322714,0.0,0.0805399095465591,0.00942037280118524
lightskew_long_baseline,power_0.96,15.436172,shift_ot_h,500,500,9,0.0,False,0.11965297415918452,0.0,0.0,0.0,0.0
lightskew_long_baseline,power_0.96,19.263424,shift_h,MX2,325,10,0.07594501718213058,False,0.1149439101703984,0.012791377153529293,0.0,0.021926115658666312,0.021926115658666312
lightskew_long_baseline,power_0.96,19.263424,crew_veh_h,MX2,MX2,11,0.01958762886597938,False,0.05247750104319859,0.07758991919552316,0.0,0.06890380960324682,0.0
lightskew_long_baseline,power_0.96,19.263424,crew_team_h,MX2,300,11,0.09003436426116838,False,0.041724907973825553,0.09395618557778196,0.0,0.09633885348907678,0.011087008692571176
lightskew_long_baseline,power_0.96,19.263424,shift_ot_h,MX2,325,10,0.07594501718213058,False,0.11561631989585441,0.013461210578654015,0.0,0.017454621935390602,0.017454621935390602
lightskew_long_baseline,power_0.96,24.039607,shift_h,MX2,325,10,0.07594501718213058,False,0.11560249110778709,0.03408125319552657,0.0,0.04279205103761985,0.04279205103761985
lightskew_long_baseline,power_0.96,24.039607,crew_veh_h,MX2,MX2,11,0.01958762886597938,False,0.061258993525741934,0.09595033218038806,0.0,0.08483478858806603,0.0
lightskew_long_baseline,power_0.96,24.039607,crew_team_h,MX2,325,10,0.07594501718213058,False,0.047928506396819115,0.11150511600209967,0.0,0.11422763679908265,0.013550479583139374
lightskew_long_baseline,power_0.96,24.039607,shift_ot_h,MX2,325,10,0.07594501718213058,False,0.11621106432890937,0.03392485777817833,0.0,0.037803267838408594,0.037803267838408594
lightskew_long_baseline,power_0.96,30.0,shift_h,MX2,325,10,0.07594501718213058,False,0.1163196495083112,0.05726475666918507,0.0,0.06548590430771384,0.06548590430771384
lightskew_long_baseline,power_0.96,30.0,crew_veh_h,MX2,MX2,11,0.01958762886597938,False,0.07074534400350285,0.11578446776008633,0.0,0.10175087608033606,0.0
lightskew_long_baseline,power_0.96,30.0,crew_team_h,MX2,325,10,0.07594501718213058,False,0.05380877507853854,0.13042402743888815,0.0,0.13414571670081865,0.016952579917515864
lightskew_long_baseline,power_0.96,30.0,shift_ot_h,MX2,325,10,0.07594501718213058,False,0.11686196465014942,0.05632068663444545,0.0,0.06004839908464121,0.06004839908464121
lightskew_long_tight,affine,5.1,shift_h,500,500,10,0.0,False,0.11111111111111116,0.0,0.0,0.0,0.0
lightskew_long_tight,affine,5.1,crew_veh_h,500,500,10,0.0,False,0.0029295133324926947,0.0,0.0,0.0,0.0
lightskew_long_tight,affine,5.1,crew_team_h,MX2,MX2,12,0.038831615120274915,False,0.010186159953589291,0.016102430718806904,0.0,0.008803284716942805,0.0
lightskew_long_tight,affine,5.1,shift_ot_h,500,500,10,0.0,False,0.11158796307557006,0.0,0.0,0.0,0.0
lightskew_long_tight,affine,6.364497,shift_h,500,500,10,0.0,False,0.11111111111111116,0.0,0.0,0.0,0.0
lightskew_long_tight,affine,6.364497,crew_veh_h,500,500,10,0.0,False,0.006210235788261853,0.0,0.0,0.0,0.0
lightskew_long_tight,affine,6.364497,crew_team_h,MX2,MX2,12,0.038831615120274915,False,0.01417084572609495,0.022938591027129362,0.0,0.01490915974556506,0.0
lightskew_long_tight,affine,6.364497,shift_ot_h,500,500,10,0.0,False,0.11157486781433912,0.0,0.0,0.0,0.0
lightskew_long_tight,affine,7.942513,shift_h,500,500,10,0.0,False,0.11111111111111094,0.0,0.0,0.0,0.0
lightskew_long_tight,affine,7.942513,crew_veh_h,500,500,10,0.0,False,0.010035456913871199,0.0,0.0,0.0,0.0
lightskew_long_tight,affine,7.942513,crew_team_h,MX2,MX2,12,0.038831615120274915,False,0.018885104679026155,0.031026413198592007,0.0,0.02207131065417589,0.0
lightskew_long_tight,affine,7.942513,shift_ot_h,500,500,10,0.0,False,0.11155950112173318,0.0,0.0,0.0,0.0
lightskew_long_tight,affine,9.911784,shift_h,500,500,10,0.0,False,0.11111111111111116,0.0,0.0,0.0,0.0
lightskew_long_tight,affine,9.911784,crew_veh_h,500,500,10,0.0,False,0.014434834462603519,0.0,0.0,0.0,0.0
lightskew_long_tight,affine,9.911784,crew_team_h,MX2,MX2,12,0.038831615120274915,False,0.024399978019634228,0.040487776123774744,0.0,0.030366133912835158,0.0
lightskew_long_tight,affine,9.911784,shift_ot_h,500,500,10,0.0,False,0.11154169608166353,0.0,0.0,0.0,0.0
lightskew_long_tight,affine,12.369317,shift_h,500,500,10,0.0,False,0.11111111111111116,0.0,0.0,0.0,0.0
lightskew_long_tight,affine,12.369317,crew_veh_h,MX2,MX2,12,0.038831615120274915,False,0.02366639153473349,0.011959810077421418,0.0,0.007757528537950531,0.0
lightskew_long_tight,affine,12.369317,crew_team_h,MX2,MX2,12,0.038831615120274915,False,0.03076696805517498,0.0514110375926653,0.0,0.03983222076781745,0.0
lightskew_long_tight,affine,12.369317,shift_ot_h,500,500,10,0.0,False,0.1115213661983201,0.0,0.0,0.0,0.0
lightskew_long_tight,affine,15.436172,shift_h,500,500,10,0.0,False,0.11111111111111094,0.0,0.0,0.0,0.0
lightskew_long_tight,affine,15.436172,crew_veh_h,MX2,MX2,12,0.038831615120274915,False,0.03098514578471745,0.025812498184406785,0.0,0.01981232512873321,0.0
lightskew_long_tight,affine,15.436172,crew_team_h,MX2,300,12,0.09003436426116838,False,0.037414180086909665,0.0638318446899726,0.0,0.0510551023506165,0.0005712981482206558
lightskew_long_tight,affine,15.436172,shift_ot_h,500,500,10,0.0,False,0.11149853859432723,0.0,0.0,0.0,0.0
lightskew_long_tight,affine,19.263424,shift_h,MX2,500,10,0.0,False,0.11344386330928535,0.0020994769783568845,0.0,0.0,0.0
lightskew_long_tight,affine,19.263424,crew_veh_h,MX2,MX2,12,0.038831615120274915,False,0.03919699930872311,0.04135561409768518,0.0,0.03313601383031184,0.0
lightskew_long_tight,affine,19.263424,crew_team_h,MX2,300,12,0.09003436426116838,False,0.04412830248661792,0.07771374556247768,0.0,0.06415741637991634,0.001886820648324239
lightskew_long_tight,affine,19.263424,shift_ot_h,MX2,500,10,0.0,False,0.11414666771411675,0.00240517206340618,0.0,0.0,0.0
lightskew_long_tight,affine,24.039607,shift_h,MX2,500,10,0.0,False,0.13320996316218037,0.019888966845962308,0.0,0.0,0.0
lightskew_long_tight,affine,24.039607,crew_veh_h,MX2,MX2,12,0.038831615120274915,False,0.04823887447130226,0.058469766622998076,0.0,0.04756493750087931,0.0
lightskew_long_tight,affine,24.039607,crew_team_h,MX2,300,12,0.09003436426116838,False,0.051488956551652754,0.09293239425617061,0.0,0.07832913828051202,0.00330971579369721
lightskew_long_tight,affine,24.039607,shift_ot_h,MX2,500,10,0.0,False,0.13373923361794815,0.020057654770811784,0.0,0.0,0.0
lightskew_long_tight,affine,30.0,shift_h,MX2,500,10,0.0,False,0.15482680494400447,0.039344124449604,0.0,0.0,0.0
lightskew_long_tight,affine,30.0,crew_veh_h,MX2,MX2,12,0.038831615120274915,False,0.05799034570718331,0.07692701836296356,0.0,0.06284980762024683,0.0
lightskew_long_tight,affine,30.0,crew_team_h,MX2,300,12,0.09003436426116838,False,0.05938980756622669,0.10926793657477796,0.0,0.09332178005297997,0.004815034437683607
lightskew_long_tight,affine,30.0,shift_ot_h,MX2,500,10,0.0,False,0.15518514902675906,0.03937996573083202,0.0,0.0,0.0
lightskew_long_tight,piecewise,5.1,shift_h,500,500,10,0.0,False,0.11111111111111116,0.0,0.0,0.0,0.0
lightskew_long_tight,piecewise,5.1,crew_veh_h,500,500,10,0.0,False,0.0033782363667944626,0.0,0.0,0.0,0.0
lightskew_long_tight,piecewise,5.1,crew_team_h,MX2,MX2,12,0.038831615120274915,False,0.010176588953403565,0.019375929705097716,0.0,0.012515666792434432,0.0
lightskew_long_tight,piecewise,5.1,shift_ot_h,500,500,10,0.0,False,0.11158617651761471,0.0,0.0,0.0,0.0
lightskew_long_tight,piecewise,6.364497,shift_h,500,500,10,0.0,False,0.11111111111111116,0.0,0.0,0.0,0.0
lightskew_long_tight,piecewise,6.364497,crew_veh_h,500,500,10,0.0,False,0.006736308033426175,0.0,0.0,0.0,0.0
lightskew_long_tight,piecewise,6.364497,crew_team_h,MX2,MX2,12,0.038831615120274915,False,0.01415462817648172,0.026917846535061907,0.0,0.0194061662305387,0.0
lightskew_long_tight,piecewise,6.364497,shift_ot_h,500,500,10,0.0,False,0.11157276075524414,0.0,0.0,0.0,0.0
lightskew_long_tight,piecewise,7.942513,shift_h,500,500,10,0.0,False,0.11111111111111094,0.0,0.0,0.0,0.0
lightskew_long_tight,piecewise,7.942513,crew_veh_h,500,500,10,0.0,False,0.010644339426918892,0.0,0.0,0.0,0.0
lightskew_long_tight,piecewise,7.942513,crew_team_h,MX2,MX2,12,0.038831615120274915,False,0.01885891771826742,0.03583665262988034,0.0,0.02748519087977641,0.0
lightskew_long_tight,piecewise,7.942513,shift_ot_h,500,500,10,0.0,False,0.1115570453126189,0.0,0.0,0.0,0.0
lightskew_long_tight,piecewise,9.911784,shift_h,500,500,10,0.0,False,0.11111111111111116,0.0,0.0,0.0,0.0
lightskew_long_tight,piecewise,9.911784,crew_veh_h,MX2,MX2,12,0.038831615120274915,False,0.017224701190657887,0.005436288297405278,0.0,0.003365039332081876,0.0
lightskew_long_tight,piecewise,9.911784,crew_team_h,MX2,MX2,12,0.038831615120274915,False,0.024359233764217336,0.046264635822306444,0.0,0.036837189284124605,0.0
lightskew_long_tight,piecewise,9.911784,shift_ot_h,500,500,10,0.0,False,0.11153887300455256,0.0,0.0,0.0,0.0
lightskew_long_tight,piecewise,12.369317,shift_h,500,500,10,0.0,False,0.11111111111111116,0.0,0.0,0.0,0.0
lightskew_long_tight,piecewise,12.369317,crew_veh_h,MX2,MX2,12,0.038831615120274915,False,0.023620908631660553,0.01866324831131494,0.0,0.015252912654720507,0.0
lightskew_long_tight,piecewise,12.369317,crew_team_h,MX2,MX2,12,0.038831615120274915,False,0.030705538472898253,0.05829651876926323,0.0,0.047503571476783524,0.0
lightskew_long_tight,piecewise,12.369317,shift_ot_h,500,500,10,0.0,False,0.11151817194789349,0.0,0.0,0.0,0.0
lightskew_long_tight,piecewise,15.436172,shift_h,500,500,10,0.0,False,0.11111111111111116,0.0,0.0,0.0,0.0
lightskew_long_tight,piecewise,15.436172,crew_veh_h,MX2,MX2,12,0.038831615120274915,False,0.03091439197263446,0.03374571919785252,0.0,0.028628440154833568,0.0
lightskew_long_tight,piecewise,15.436172,crew_team_h,MX2,300,12,0.09003436426116838,False,0.03681082452822615,0.07196836954412422,0.0,0.06059568151216377,0.0010667632505005908
lightskew_long_tight,piecewise,15.436172,shift_ot_h,500,500,10,0.0,False,0.11149498855981377,0.0,0.0,0.0,0.0
lightskew_long_tight,piecewise,19.263424,shift_h,MX2,500,10,0.0,False,0.12283077494044425,0.010547697446399829,0.0,0.0,0.0
lightskew_long_tight,piecewise,19.263424,crew_veh_h,MX2,MX2,12,0.038831615120274915,False,0.039091601167730694,0.05065568030317236,0.0,0.04340136013406748,0.0
lightskew_long_tight,piecewise,19.263424,crew_team_h,MX2,300,12,0.09003436426116838,False,0.04340060986231453,0.08723644443677947,0.0,0.07527051100677773,0.002462624767105348
lightskew_long_tight,piecewise,19.263424,shift_ot_h,MX2,500,10,0.0,False,0.12346530722667026,0.01079273139090664,0.0,0.0,0.0
lightskew_long_tight,piecewise,24.039607,shift_h,MX2,500,10,0.0,False,0.14417175002963378,0.02975457502667056,0.0,0.0,0.0
lightskew_long_tight,piecewise,24.039607,crew_veh_h,MX2,MX2,12,0.038831615120274915,False,0.048087645900144915,0.06925894247947384,0.0,0.059387287820166,0.0
lightskew_long_tight,piecewise,24.039607,crew_team_h,MX2,300,12,0.09003436426116838,False,0.05061866229506862,0.10396017055761675,0.0,0.09113317922556052,0.003971472834157552
lightskew_long_tight,piecewise,24.039607,shift_ot_h,MX2,500,10,0.0,False,0.1446263642159311,0.029856938646176,0.0,0.0,0.0
lightskew_long_tight,piecewise,30.0,shift_h,MX2,380,11,0.052920962199312714,False,0.16408327628406583,0.05074134307729161,0.0,0.0029268566797051587,0.0029268566797051587
lightskew_long_tight,piecewise,30.0,crew_veh_h,MX2,MX2,12,0.038831615120274915,False,0.057780675064976084,0.089303525204387,0.0,0.07630742825319614,0.0
lightskew_long_tight,piecewise,30.0,crew_team_h,MX2,300,12,0.09003436426116838,False,0.05835913335067744,0.12189430434041593,0.0,0.10790350979901797,0.005566657233187389
lightskew_long_tight,piecewise,30.0,shift_ot_h,MX2,380,11,0.052920962199312714,False,0.16389815308049838,0.05070621666958974,0.0,0.003325614631231044,0.003325614631231044
lightskew_long_tight,power_0.72,5.1,shift_h,500,500,10,0.0,False,0.11111111111111116,0.0,0.0,0.0,0.0
lightskew_long_tight,power_0.72,5.1,crew_veh_h,500,500,10,0.0,False,0.0023200425868266095,0.0,0.0,0.0,0.0
lightskew_long_tight,power_0.72,5.1,crew_team_h,MX2,380,11,0.052920962199312714,False,0.00977303379650274,0.01168977850860431,0.0,0.0042226400786991025,0.00042190450692292103
lightskew_long_tight,power_0.72,5.1,shift_ot_h,500,500,10,0.0,False,0.11159038733500326,0.0,0.0,0.0,0.0
lightskew_long_tight,power_0.72,6.364497,shift_h,500,500,10,0.0,False,0.11111111111111116,0.0,0.0,0.0,0.0
lightskew_long_tight,power_0.72,6.364497,crew_veh_h,500,500,10,0.0,False,0.0054942365848724695,0.0,0.0,0.0,0.0
lightskew_long_tight,power_0.72,6.364497,crew_team_h,MX2,MX2,12,0.038831615120274915,False,0.014192717390417497,0.017572000956482148,0.0,0.00884453686922737,0.0
lightskew_long_tight,power_0.72,6.364497,shift_ot_h,500,500,10,0.0,False,0.11157773237646196,0.0,0.0,0.0,0.0
lightskew_long_tight,power_0.72,7.942513,shift_h,500,500,10,0.0,False,0.11111111111111116,0.0,0.0,0.0,0.0
lightskew_long_tight,power_0.72,7.942513,crew_veh_h,500,500,10,0.0,False,0.009204761512499271,0.0,0.0,0.0,0.0
lightskew_long_tight,power_0.72,7.942513,crew_team_h,MX2,MX2,12,0.038831615120274915,False,0.01892044163278417,0.024535426714385133,0.0,0.014766206203011611,0.0
lightskew_long_tight,power_0.72,7.942513,shift_ot_h,500,500,10,0.0,False,0.11156284721570908,0.0,0.0,0.0,0.0
lightskew_long_tight,power_0.72,9.911784,shift_h,500,500,10,0.0,False,0.11111111111111094,0.0,0.0,0.0,0.0
lightskew_long_tight,power_0.72,9.911784,crew_veh_h,500,500,10,0.0,False,0.01348494286747881,0.0,0.0,0.0,0.0
lightskew_long_tight,power_0.72,9.911784,crew_team_h,MX2,MX2,12,0.038831615120274915,False,0.024454995393317525,0.03268722496632859,0.0,0.021629020212010408,0.0
lightskew_long_tight,power_0.72,9.911784,shift_ot_h,500,500,10,0.0,False,0.11154555247499287,0.0,0.0,0.0,0.0
lightskew_long_tight,power_0.72,12.369317,shift_h,500,500,10,0.0,False,0.11111111111111116,0.0,0.0,0.0,0.0
lightskew_long_tight,power_0.72,12.369317,crew_veh_h,MX2,500,10,0.0,False,0.021303131107454965,0.0029027176846443403,0.0,0.0,0.0
lightskew_long_tight,power_0.72,12.369317,crew_team_h,MX2,MX2,12,0.038831615120274915,False,0.030849980891111572,0.04210634597548113,0.0,0.02946699731860991,0.0
lightskew_long_tight,power_0.72,12.369317,shift_ot_h,500,500,10,0.0,False,0.11152574243962388,0.0,0.0,0.0,0.0
lightskew_long_tight,power_0.72,15.436172,shift_h,500,500,10,0.0,False,0.11111111111111116,0.0,0.0,0.0,0.0
lightskew_long_tight,power_0.72,15.436172,crew_veh_h,MX2,MX2,12,0.038831615120274915,False,0.03108082358016495,0.015084693207973565,0.0,0.007892539170405888,0.0
lightskew_long_tight,power_0.72,15.436172,crew_team_h,MX2,MX2,12,0.038831615120274915,False,0.03812857633093336,0.05282692872707506,0.0,0.038270464433057594,0.0
lightskew_long_tight,power_0.72,15.436172,shift_ot_h,500,500,10,0.0,False,0.1115034183241379,0.0,0.0,0.0,0.0
lightskew_long_tight,power_0.72,19.263424,shift_h,500,500,10,0.0,False,0.11111111111111116,0.0,0.0,0.0,0.0
lightskew_long_tight,power_0.72,19.263424,crew_veh_h,MX2,MX2,12,0.038831615120274915,False,0.03933966173969261,0.02876744090447869,0.0,0.019244594916731028,0.0
lightskew_long_tight,power_0.72,19.263424,crew_team_h,MX2,MX2,12,0.038831615120274915,False,0.0462720462336097,0.06482137788949416,0.0,0.047974815646635305,0.0
lightskew_long_tight,power_0.72,19.263424,shift_ot_h,500,500,10,0.0,False,0.11147871869168569,0.0,0.0,0.0,0.0
lightskew_long_tight,power_0.72,24.039607,shift_h,MX2,500,10,0.0,False,0.11836744456933146,0.006530700112398424,0.0,0.0,0.0
lightskew_long_tight,power_0.72,24.039607,crew_veh_h,MX2,MX2,12,0.038831615120274915,False,0.04844378672150307,0.043850609107726424,0.0,0.03155128686855879,0.0
lightskew_long_tight,power_0.72,24.039607,crew_team_h,MX2,300,12,0.09003436426116838,False,0.054840616036311296,0.07798634469189758,0.0,0.05882464750611294,0.00035039161324879053
lightskew_long_tight,power_0.72,24.039607,shift_ot_h,MX2,500,10,0.0,False,0.11899845982790525,0.006789785371144275,0.0,0.0,0.0
lightskew_long_tight,power_0.72,30.0,shift_h,MX2,500,10,0.0,False,0.1376614430889238,0.023895298780031382,0.0,0.0,0.0
lightskew_long_tight,power_0.72,30.0,crew_veh_h,MX2,MX2,12,0.038831615120274915,False,0.05827476894846839,0.06013799079775328,0.0,0.044602746617912414,0.0
lightskew_long_tight,power_0.72,30.0,crew_team_h,MX2,300,12,0.09003436426116838,False,0.06329017672036996,0.09213558350528328,0.0,0.07105546869286528,0.0014356212474078145
lightskew_long_tight,power_0.72,30.0,shift_ot_h,MX2,500,10,0.0,False,0.13812890999545568,0.024028078893922,0.0,0.0,0.0
lightskew_long_tight,power_0.84,5.1,shift_h,500,500,10,0.0,False,0.11111111111111116,0.0,0.0,0.0,0.0
lightskew_long_tight,power_0.84,5.1,crew_veh_h,500,500,10,0.0,False,0.003322747198261755,0.0,0.0,0.0,0.0
lightskew_long_tight,power_0.84,5.1,crew_team_h,MX2,MX2,12,0.038831615120274915,False,0.010177775845068071,0.018969985855471494,0.0,0.01205529360001023,0.0
lightskew_long_tight,power_0.84,5.1,shift_ot_h,500,500,10,0.0,False,0.11158639752169663,0.0,0.0,0.0,0.0
lightskew_long_tight,power_0.84,6.364497,shift_h,500,500,10,0.0,False,0.11111111111111116,0.0,0.0,0.0,0.0
lightskew_long_tight,power_0.84,6.364497,crew_veh_h,500,500,10,0.0,False,0.006671303490982439,0.0,0.0,0.0,0.0
lightskew_long_tight,power_0.84,6.364497,crew_team_h,MX2,MX2,12,0.038831615120274915,False,0.014156638939947896,0.026424471038245745,0.0,0.018848588591941384,0.0
lightskew_long_tight,power_0.84,6.364497,shift_ot_h,500,500,10,0.0,False,0.11157302122382973,0.0,0.0,0.0,0.0
lightskew_long_tight,power_0.84,7.942513,shift_h,500,500,10,0.0,False,0.11111111111111116,0.0,0.0,0.0,0.0
lightskew_long_tight,power_0.84,7.942513,crew_veh_h,500,500,10,0.0,False,0.010569169249655452,0.0,0.0,0.0,0.0
lightskew_long_tight,power_0.84,7.942513,crew_team_h,MX2,MX2,12,0.038831615120274915,False,0.01886216386823336,0.03524037272137148,0.0,0.026814068217808185,0.0
lightskew_long_tight,power_0.84,7.942513,shift_ot_h,500,500,10,0.0,False,0.11155734864315892,0.0,0.0,0.0,0.0
lightskew_long_tight,power_0.84,9.911784,shift_h,500,500,10,0.0,False,0.11111111111111116,0.0,0.0,0.0,0.0
lightskew_long_tight,power_0.84,9.911784,crew_veh_h,MX2,MX2,12,0.038831615120274915,False,0.01722813233923315,0.004740173620681132,0.0,0.002582395894203504,0.0
lightskew_long_tight,power_0.84,9.911784,crew_team_h,MX2,MX2,12,0.038831615120274915,False,0.024364283189547198,0.045548711052330715,0.0,0.036035205074127497,0.0
lightskew_long_tight,power_0.84,9.911784,shift_ot_h,500,500,10,0.0,False,0.1115392213666293,0.0,0.0,0.0,0.0
lightskew_long_tight,power_0.84,12.369317,shift_h,500,500,10,0.0,False,0.11111111111111116,0.0,0.0,0.0,0.0
lightskew_long_tight,power_0.84,12.369317,crew_veh_h,MX2,MX2,12,0.038831615120274915,False,0.023626544069936806,0.017832676605167297,0.0,0.01432418084580278,0.0
lightskew_long_tight,power_0.84,12.369317,crew_team_h,MX2,MX2,12,0.038831615120274915,False,0.03071314924252988,0.05744344751116515,0.0,0.046553085905853164,0.0
lightskew_long_tight,power_0.84,12.369317,shift_ot_h,500,500,10,0.0,False,0.11151856568427698,0.0,0.0,0.0,0.0
lightskew_long_tight,power_0.84,15.436172,shift_h,500,500,10,0.0,False,0.11111111111111116,0.0,0.0,0.0,0.0
lightskew_long_tight,power_0.84,15.436172,crew_veh_h,MX2,MX2,12,0.038831615120274915,False,0.030923155752756504,0.03276308656542892,0.0,0.02753638395058533,0.0
lightskew_long_tight,power_0.84,15.436172,crew_team_h,MX2,MX2,12,0.038831615120274915,False,0.037928002645897685,0.07096062980891826,0.0,0.05834941257967263,0.0
lightskew_long_tight,power_0.84,15.436172,shift_ot_h,500,500,10,0.0,False,0.11149542561904191,0.0,0.0,0.0,0.0
lightskew_long_tight,power_0.84,19.263424,shift_h,MX2,500,10,0.0,False,0.12166821833362951,0.00950139650026638,0.0,0.0,0.0
lightskew_long_tight,power_0.84,19.263424,crew_veh_h,MX2,MX2,12,0.038831615120274915,False,0.039104651450257766,0.04950415627857141,0.0,0.04213020322268868,0.0
lightskew_long_tight,power_0.84,19.263424,crew_team_h,MX2,300,12,0.09003436426116838,False,0.044763479105009996,0.08605745125990771,0.0,0.07258550996771485,0.0011701366567489213
lightskew_long_tight,power_0.84,19.263424,shift_ot_h,MX2,500,10,0.0,False,0.1223111886657593,0.009753927616217073,0.0,0.0,0.0
lightskew_long_tight,power_0.84,24.039607,shift_h,MX2,500,10,0.0,False,0.1428146475729677,0.028533182815670965,0.0,0.0,0.0
lightskew_long_tight,power_0.84,24.039607,crew_veh_h,MX2,MX2,12,0.038831615120274915,False,0.04810636351800501,0.06792356207375128,0.0,0.05792384601963563,0.0
lightskew_long_tight,power_0.84,24.039607,crew_team_h,MX2,300,12,0.09003436426116838,False,0.05220697512752848,0.10259538054871009,0.0,0.08801426070471208,0.0024768985666929755
lightskew_long_tight,power_0.84,24.039607,shift_ot_h,MX2,500,10,0.0,False,0.14327848202211002,0.028643737414783654,0.0,0.0,0.0
lightskew_long_tight,power_0.84,30.0,shift_h,MX2,500,10,0.0,False,0.1659232237387518,0.04933090136487661,0.0,0.0,0.0
lightskew_long_tight,power_0.84,30.0,crew_veh_h,MX2,MX2,12,0.038831615120274915,False,0.057806615116387405,0.08777232741541541,0.0,0.0746421879451058,0.0
lightskew_long_tight,power_0.84,30.0,crew_team_h,MX2,300,12,0.09003436426116838,False,0.060190139527085185,0.12033234284993788,0.0,0.10432084865825031,0.003858010257592248
lightskew_long_tight,power_0.84,30.0,shift_ot_h,MX2,380,11,0.052920962199312714,False,0.16606469661373358,0.04930453220418207,0.0,0.00012592356462159948,0.00012592356462159948
lightskew_long_tight,power_0.96,5.1,shift_h,500,500,10,0.0,False,0.11111111111111116,0.0,0.0,0.0,0.0
lightskew_long_tight,power_0.96,5.1,crew_veh_h,500,500,10,0.0,False,0.004381941532737743,0.0,0.0,0.0,0.0
lightskew_long_tight,power_0.96,5.1,crew_team_h,MX2,MX2,12,0.038831615120274915,False,0.010154955646044739,0.026775011131894066,0.0,0.020907013754536852,0.0
lightskew_long_tight,power_0.96,5.1,shift_ot_h,500,500,10,0.0,False,0.11158217512178537,0.0,0.0,0.0,0.0
lightskew_long_tight,power_0.96,6.364497,shift_h,500,500,10,0.0,False,0.11111111111111116,0.0,0.0,0.0,0.0
lightskew_long_tight,power_0.96,6.364497,crew_veh_h,500,500,10,0.0,False,0.007909718324561554,0.0,0.0,0.0,0.0
lightskew_long_tight,power_0.96,6.364497,crew_team_h,MX2,MX2,12,0.038831615120274915,False,0.01411799618057441,0.03590613853716662,0.0,0.02956447695043818,0.0
lightskew_long_tight,power_0.96,6.364497,shift_ot_h,500,500,10,0.0,False,0.11156805373309275,0.0,0.0,0.0,0.0
lightskew_long_tight,power_0.96,7.942513,shift_h,500,500,10,0.0,False,0.11111111111111116,0.0,0.0,0.0,0.0
lightskew_long_tight,power_0.96,7.942513,crew_veh_h,MX2,MX2,12,0.038831615120274915,False,0.011662834941264189,0.004552899687374934,0.0,0.004885728532082689,0.0
lightskew_long_tight,power_0.96,7.942513,crew_team_h,MX2,MX2,12,0.038831615120274915,False,0.01879981365993655,0.046693379172180194,0.0,0.03970535967309008,0.0
lightskew_long_tight,power_0.96,7.942513,shift_ot_h,500,500,10,0.0,False,0.11155157580990305,0.0,0.0,0.0,0.0
lightskew_long_tight,power_0.96,9.911784,shift_h,500,500,10,0.0,False,0.11111111111111116,0.0,0.0,0.0,0.0
lightskew_long_tight,power_0.96,9.911784,crew_veh_h,MX2,MX2,12,0.038831615120274915,False,0.01716226124371545,0.018104163944768548,0.0,0.01760848532456971,0.0
lightskew_long_tight,power_0.96,9.911784,crew_team_h,MX2,MX2,12,0.038831615120274915,False,0.024267358729247457,0.05929099208755528,0.0,0.05143079052531463,0.0
lightskew_long_tight,power_0.96,9.911784,shift_ot_h,500,500,10,0.0,False,0.1115326075037093,0.0,0.0,0.0,0.0
lightskew_long_tight,power_0.96,12.369317,shift_h,500,500,10,0.0,False,0.11111111111111116,0.0,0.0,0.0,0.0
lightskew_long_tight,power_0.96,12.369317,crew_veh_h,MX2,MX2,12,0.038831615120274915,False,0.023518432538003786,0.033766553462702076,0.0,0.03214296734394528,0.0
lightskew_long_tight,power_0.96,12.369317,crew_team_h,MX2,300,12,0.09003436426116838,False,0.030058528117439254,0.07380619897685126,0.0,0.06531257592424655,0.0004937962390230144
lightskew_long_tight,power_0.96,12.369317,shift_ot_h,500,500,10,0.0,False,0.11151111084171639,0.0,0.0,0.0,0.0
lightskew_long_tight,power_0.96,15.436172,shift_h,MX2,500,10,0.0,False,0.1216049091648721,0.009444418248384823,0.0,0.0,0.0
lightskew_long_tight,power_0.96,15.436172,crew_veh_h,MX2,MX2,12,0.038831615120274915,False,0.030755166539198076,0.05159875802682867,0.0,0.048472783458570534,0.0
lightskew_long_tight,power_0.96,15.436172,crew_team_h,MX2,300,12,0.09003436426116838,False,0.03577037011054274,0.09027389073630188,0.0,0.08176953360202588,0.0018768754175537694
lightskew_long_tight,power_0.96,15.436172,shift_ot_h,MX2,500,10,0.0,False,0.12227910925301733,0.009709453835872184,0.0,0.0,0.0
lightskew_long_tight,power_0.96,19.263424,shift_h,MX2,500,10,0.0,False,0.14394615635815589,0.02955154072234034,0.0,0.0,0.0
lightskew_long_tight,power_0.96,19.263424,crew_veh_h,MX2,MX2,12,0.038831615120274915,False,0.038854724643489824,0.0715570675309396,0.0,0.06647976249339727,0.0
lightskew_long_tight,power_0.96,19.263424,crew_team_h,MX2,300,12,0.09003436426116838,False,0.04213778932935597,0.10863166343471042,0.0,0.09990269674879992,0.0034008266168128465
lightskew_long_tight,power_0.96,19.263424,shift_ot_h,MX2,500,10,0.0,False,0.14442828382232276,0.029661173467689483,0.0,0.0,0.0
lightskew_long_tight,power_0.96,24.039607,shift_h,MX2,380,11,0.052920962199312714,False,0.16528891194560735,0.05191645505497933,0.0,0.003009682140316716,0.003009682140316716
lightskew_long_tight,power_0.96,24.039607,crew_veh_h,MX2,MX2,12,0.038831615120274915,False,0.04774826116856379,0.09347183772803125,0.0,0.0859312401311787,0.0
lightskew_long_tight,power_0.96,24.039607,crew_team_h,MX2,300,12,0.09003436426116838,False,0.049098636785239735,0.1287003366274304,0.0,0.11947398448619229,0.005045640992386913
lightskew_long_tight,power_0.96,24.039607,shift_ot_h,MX2,380,11,0.052920962199312714,False,0.1650834095598659,0.051871185329342095,0.0,0.0034341457671709374,0.0034341457671709374
lightskew_long_tight,power_0.96,30.0,shift_h,MX2,380,11,0.052920962199312714,False,0.17577060749572304,0.07630561982258532,0.0,0.017116030552376094,0.012276744932594452
lightskew_long_tight,power_0.96,30.0,crew_veh_h,MX2,MX2,12,0.038831615120274915,False,0.05731087076070751,0.1170352864309736,0.0,0.10648099532038935,0.0
lightskew_long_tight,power_0.96,30.0,crew_team_h,MX2,300,12,0.09003436426116838,False,0.05654749098767775,0.15017597182793918,0.0,0.14013172798529494,0.006781763516880979
lightskew_long_tight,power_0.96,30.0,shift_ot_h,MX2,380,11,0.052920962199312714,False,0.175514729166655,0.07611300334403337,0.0,0.0174234525755268,0.011662250328237533
lightskew_massdep_baseline,affine,5.1,shift_h,MX2,425,8,0.031958762886597936,False,0.16324192067346455,0.03281949228427794,0.0,0.014720251274813467,0.014720251274813467
lightskew_massdep_baseline,affine,5.1,crew_veh_h,500,500,8,0.0,False,0.017420985584058357,0.0,0.0,0.0,0.0
lightskew_massdep_baseline,affine,5.1,crew_team_h,MX2,425,8,0.031958762886597936,False,0.011264132573892915,0.006870068452512923,0.0,0.013000169196834888,0.0016887771444855648
lightskew_massdep_baseline,affine,5.1,shift_ot_h,MX2,425,8,0.031958762886597936,False,0.12555716911627357,0.004428785614695618,0.0,0.01582281944256514,0.01582281944256514
lightskew_massdep_baseline,affine,6.364497,shift_h,MX2,425,8,0.031958762886597936,False,0.1677652369642637,0.040102031512464276,0.0,0.017916956583133636,0.017916956583133636
lightskew_massdep_baseline,affine,6.364497,crew_veh_h,500,500,8,0.0,False,0.021102313121931005,0.0,0.0,0.0,0.0
lightskew_massdep_baseline,affine,6.364497,crew_team_h,MX2,MX2,9,0.01993127147766323,False,0.0179108788779474,0.01495196284904976,0.0,0.018134120066787274,0.0
lightskew_massdep_baseline,affine,6.364497,shift_ot_h,MX2,425,8,0.031958762886597936,False,0.1305632672460899,0.011853433668426616,0.0,0.018909393117204853,0.018909393117204853
lightskew_massdep_baseline,affine,7.942513,shift_h,MX2,425,8,0.031958762886597936,False,0.17315197174693653,0.04877467451256767,0.0,0.02169169628512191,0.02169169628512191
lightskew_massdep_baseline,affine,7.942513,crew_veh_h,MX2,MX2,9,0.01993127147766323,False,0.023114255196803768,0.0026481853630520025,0.0,0.004892140387020794,0.0
lightskew_massdep_baseline,affine,7.942513,crew_team_h,MX2,MX2,9,0.01993127147766323,False,0.023783537652298348,0.02456174654713772,0.0,0.026183454532378247,0.0
lightskew_massdep_baseline,affine,7.942513,shift_ot_h,MX2,425,8,0.031958762886597936,False,0.13654088297058586,0.020718959633747147,0.0,0.0225593503686079,0.0225593503686079
lightskew_massdep_baseline,affine,9.911784,shift_h,MX2,425,8,0.031958762886597936,False,0.17950250560503678,0.05899903402410955,0.0,0.02609753227479672,0.02609753227479672
lightskew_massdep_baseline,affine,9.911784,crew_veh_h,MX2,MX2,9,0.01993127147766323,False,0.029902581963276997,0.014401730490177567,0.0,0.01485613345979142,0.0
lightskew_massdep_baseline,affine,9.911784,crew_team_h,MX2,MX2,9,0.01993127147766323,False,0.030694343295708082,0.03587031221806414,0.0,0.03553823820217206,0.0
lightskew_massdep_baseline,affine,9.911784,shift_ot_h,MX2,425,8,0.031958762886597936,False,0.14361038021549866,0.03120387774745237,0.0,0.02682676750718671,0.02682676750718671
lightskew_massdep_baseline,affine,12.369317,shift_h,MX2,425,8,0.031958762886597936,False,0.18690079204479337,0.07091027519211712,0.0,0.03117081525734644,0.03117081525734644
lightskew_massdep_baseline,affine,12.369317,crew_veh_h,MX2,MX2,9,0.01993127147766323,False,0.0378056312248245,0.028085344926102485,0.0,0.026292115885185874,0.0
lightskew_massdep_baseline,affine,12.369317,crew_team_h,MX2,MX2,9,0.01993127147766323,False,0.038728203229325464,0.0490165989664082,0.0,0.046256775995983324,0.0
lightskew_massdep_baseline,affine,12.369317,shift_ot_h,MX2,425,8,0.031958762886597936,False,0.151876923030122,0.04346415899406231,0.0,0.0317503301952351,0.0317503301952351
lightskew_massdep_baseline,affine,15.436172,shift_h,MX2,425,8,0.031958762886597936,False,0.1954012482502978,0.0845960096829792,0.0,0.03692237112421726,0.03692237112421726
lightskew_massdep_baseline,affine,15.436172,crew_veh_h,MX2,MX2,9,0.01993127147766323,False,0.04687906680448539,0.04379540695056461,0.0,0.03920877450303428,0.0
lightskew_massdep_baseline,affine,15.436172,crew_team_h,MX2,MX2,9,0.01993127147766323,False,0.047936229574373934,0.06408424462099238,0.0,0.05833972321544101,0.0
lightskew_massdep_baseline,affine,15.436172,shift_ot_h,MX2,425,8,0.031958762886597936,False,0.161415985901743,0.057611741152383766,0.0,0.03734470491703923,0.03734470491703923
lightskew_massdep_baseline,affine,19.263424,shift_h,MX2,425,8,0.031958762886597936,False,0.20501416691717478,0.10007280873665159,0.0,0.04332886836011407,0.04332886836011407
lightskew_massdep_baseline,affine,19.263424,crew_veh_h,MX2,MX2,9,0.01993127147766323,False,0.057130967747853756,0.061545904904171556,0.0,0.05353626239838327,0.0
lightskew_massdep_baseline,affine,19.263424,crew_team_h,MX2,MX2,9,0.01993127147766323,False,0.05832020170622276,0.08107616088043246,0.0,0.0717135186679394,0.0
lightskew_massdep_baseline,affine,19.263424,shift_ot_h,MX2,425,8,0.031958762886597936,False,0.17225662656761354,0.07368972035572119,0.0,0.04359188711109385,0.04359188711109385
lightskew_massdep_baseline,affine,24.039607,shift_h,MX2,425,8,0.031958762886597936,False,0.21569181348147648,0.11726381970517696,0.0,0.050326178597214444,0.0465750383526744
lightskew_massdep_baseline,affine,24.039607,crew_veh_h,MX2,MX2,9,0.01993127147766323,False,0.06850720805617039,0.08124312314964599,0.0,0.0691132497027045,0.0
lightskew_massdep_baseline,affine,24.039607,crew_team_h,MX2,MX2,9,0.01993127147766323,False,0.06981823498276096,0.09989108219401688,0.0,0.08621924844515672,0.0
lightskew_massdep_baseline,affine,24.039607,shift_ot_h,MX2,425,8,0.031958762886597936,False,0.18436468318419452,0.09164743046478341,0.0,0.05043424863225576,0.05043424863225576
lightskew_massdep_baseline,affine,30.0,shift_h,MX2,425,8,0.031958762886597936,False,0.22731829931866687,0.13598246190305363,0.0,0.057806822783515566,0.034917701162354486
lightskew_massdep_baseline,affine,30.0,crew_veh_h,MX2,MX2,9,0.01993127147766323,False,0.08088102648793427,0.102667582863472,0.0,0.08568389226738704,0.0
lightskew_massdep_baseline,affine,30.0,crew_team_h,MX2,MX2,9,0.01993127147766323,False,0.08229504961941392,0.1203076421383873,0.0,0.10161111037185155,0.0
lightskew_massdep_baseline,affine,30.0,shift_ot_h,MX2,425,8,0.031958762886597936,False,0.19762922729861265,0.11132035118844374,0.0,0.05777134481654356,0.046794050458466074
lightskew_massdep_baseline,piecewise,5.1,shift_h,MX2,425,8,0.031958762886597936,False,0.16495732865015356,0.035581299126747234,0.0,0.015935481591964784,0.015935481591964784
lightskew_massdep_baseline,piecewise,5.1,crew_veh_h,500,500,8,0.0,False,0.017924063718261607,0.0,0.0,0.0,0.0
lightskew_massdep_baseline,piecewise,5.1,crew_team_h,MX2,MX2,9,0.01993127147766323,False,0.012956922861475206,0.009754800607866931,0.0,0.01470623952124872,0.0
lightskew_massdep_baseline,piecewise,5.1,shift_ot_h,MX2,425,8,0.031958762886597936,False,0.12721233271422783,0.0070595682218204114,0.0,0.017002769559398834,0.017002769559398834
lightskew_massdep_baseline,piecewise,6.364497,shift_h,MX2,425,8,0.031958762886597936,False,0.16985458238811524,0.04346587764486598,0.0,0.019385186456014836,0.019385186456014836
lightskew_massdep_baseline,piecewise,6.364497,crew_veh_h,500,MX2,9,0.01993127147766323,False,0.021274455282199733,0.0,0.0,0.00041013362194264325,0.0
lightskew_massdep_baseline,piecewise,6.364497,crew_team_h,MX2,MX2,9,0.01993127147766323,False,0.01788558031696663,0.0184620161376583,0.0,0.022271906440969103,0.0
lightskew_massdep_baseline,piecewise,6.364497,shift_ot_h,MX2,425,8,0.031958762886597936,False,0.13258124021836348,0.01506156612692422,0.0,0.020336274544525024,0.020336274544525024
lightskew_massdep_baseline,piecewise,7.942513,shift_h,MX2,425,8,0.031958762886597936,False,0.17568346034638593,0.05285037115768132,0.0,0.023453682577825985,0.023453682577825985
lightskew_massdep_baseline,piecewise,7.942513,crew_veh_h,MX2,MX2,9,0.01993127147766323,False,0.02307543854171512,0.006842084028539697,0.0,0.009808492876023811,0.0
lightskew_massdep_baseline,piecewise,7.942513,crew_team_h,MX2,MX2,9,0.01993127147766323,False,0.023742725614193994,0.028809545247322044,0.0,0.031168110327380427,0.0
lightskew_massdep_baseline,piecewise,7.942513,shift_ot_h,MX2,425,8,0.031958762886597936,False,0.1389887639456857,0.0246115521163337,0.0,0.024273512851796797,0.024273512851796797
lightskew_massdep_baseline,piecewise,9.911784,shift_h,MX2,425,8,0.031958762886597936,False,0.1825508207798352,0.0639068214555345,0.0,0.02819556577963689,0.02819556577963689
lightskew_massdep_baseline,piecewise,9.911784,crew_veh_h,MX2,MX2,9,0.01993127147766323,False,0.029841878798103627,0.019447571765524696,0.0,0.020740468127735445,0.0
lightskew_massdep_baseline,piecewise,9.911784,crew_team_h,MX2,MX2,9,0.01993127147766323,False,0.03063071683877583,0.04097821890771636,0.0,0.041500652706994545,0.0
lightskew_massdep_baseline,piecewise,9.911784,shift_ot_h,MX2,425,8,0.031958762886597936,False,0.14656204996859823,0.03589902891555452,0.0,0.028870334341766224,0.028870334341766224
lightskew_massdep_baseline,piecewise,12.369317,shift_h,MX2,425,8,0.031958762886597936,False,0.19054517070215238,0.0767777248304653,0.0,0.03364672284226122,0.03364672284226122
lightskew_massdep_baseline,piecewise,12.369317,crew_veh_h,MX2,MX2,9,0.01993127147766323,False,0.03771346105875639,0.03411187528370707,0.0,0.03327853652542356,0.0
lightskew_massdep_baseline,piecewise,12.369317,crew_team_h,MX2,MX2,9,0.01993127147766323,False,0.03863186628644533,0.05511345418346081,0.0,0.05333096415725147,0.0
lightskew_massdep_baseline,piecewise,12.369317,shift_ot_h,MX2,425,8,0.031958762886597936,False,0.15541130511531653,0.04908825243844439,0.0,0.03416529605325991,0.03416529605325991
lightskew_massdep_baseline,piecewise,15.436172,shift_h,MX2,425,8,0.031958762886597936,False,0.19972248446563823,0.09155319998967748,0.0,0.03981494684782172,0.03981494684782172
lightskew_massdep_baseline,piecewise,15.436172,crew_veh_h,MX2,MX2,9,0.01993127147766323,False,0.04674283729248008,0.05093308216266701,0.0,0.04742855140690816,0.0
lightskew_massdep_baseline,piecewise,15.436172,crew_team_h,MX2,MX2,9,0.01993127147766323,False,0.047794228308620346,0.07130014632214077,0.0,0.06665630491186003,0.0
lightskew_massdep_baseline,piecewise,15.436172,shift_ot_h,MX2,425,8,0.031958762886597936,False,0.16561424225706833,0.06429504852709145,0.0,0.040170448483066945,0.040170448483066945
lightskew_massdep_baseline,piecewise,19.263424,shift_h,MX2,425,8,0.031958762886597936,False,0.2100905420820236,0.10824577275205782,0.0,0.04667093360776953,0.04667093360776953
lightskew_massdep_baseline,piecewise,19.263424,crew_veh_h,MX2,MX2,9,0.01993127147766323,False,0.056934768172967054,0.06992006126277528,0.0,0.06310995320962665,0.0
lightskew_massdep_baseline,piecewise,19.263424,crew_team_h,MX2,MX2,9,0.01993127147766323,False,0.05811624613579447,0.08953554505601113,0.0,0.08139176638776435,0.0
lightskew_massdep_baseline,piecewise,19.263424,shift_ot_h,MX2,425,8,0.031958762886597936,False,0.1771982494063522,0.08156023718416328,0.0,0.04686227458308467,0.04686227458308467
lightskew_massdep_baseline,piecewise,24.039607,shift_h,MX2,425,8,0.031958762886597936,False,0.22159417160592687,0.1267666162855423,0.0,0.05414163368349345,0.04062928750988948
lightskew_massdep_baseline,piecewise,24.039607,crew_veh_h,MX2,MX2,9,0.01993127147766323,False,0.06823182869862898,0.0909658331198111,0.0,0.0801420592579194,0.0
lightskew_massdep_baseline,piecewise,24.039607,crew_team_h,MX2,MX2,9,0.01993127147766323,False,0.06953276516714246,0.10970454497203286,0.0,0.09735845110341246,0.0
lightskew_massdep_baseline,piecewise,24.039607,shift_ot_h,MX2,425,8,0.031958762886597936,False,0.19012265335592882,0.10082319771189785,0.0,0.05417466677713323,0.05329009677195007
lightskew_massdep_baseline,piecewise,30.0,shift_h,MX2,425,8,0.031958762886597936,False,0.23410475095473982,0.1469086490371314,0.0,0.062108172537772566,0.028214764461971464
lightskew_massdep_baseline,piecewise,30.0,crew_veh_h,MX2,MX2,9,0.01993127147766323,False,0.08050446203223083,0.11382904082214407,0.0,0.09824137997632731,0.0
lightskew_massdep_baseline,piecewise,30.0,crew_team_h,MX2,MX2,9,0.01993127147766323,False,0.08190580131720582,0.13156337640623206,0.0,0.11428238262649293,0.0
lightskew_massdep_baseline,piecewise,30.0,shift_ot_h,MX2,425,8,0.031958762886597936,False,0.20426467523233183,0.12190093640300659,0.0,0.06199613198890641,0.0400932176828106
lightskew_massdep_baseline,power_0.72,5.1,shift_h,MX2,425,8,0.031958762886597936,False,0.16176191165505038,0.029095023344762883,0.0,0.012349076268830084,0.012349076268830084
lightskew_massdep_baseline,power_0.72,5.1,crew_veh_h,500,500,8,0.0,False,0.01673790990019497,0.0,0.0,0.0,0.0
lightskew_massdep_baseline,power_0.72,5.1,crew_team_h,MX2,425,8,0.031958762886597936,False,0.009497039693057596,0.0029794826110929318,0.0,0.010173604008632653,0.003462254461718217
lightskew_massdep_baseline,power_0.72,5.1,shift_ot_h,MX2,425,8,0.031958762886597936,False,0.1241100606366865,0.0008815551333130056,0.0,0.013518381324252093,0.013518381324252093
lightskew_massdep_baseline,power_0.72,6.364497,shift_h,MX2,425,8,0.031958762886597936,False,0.16596455917233377,0.035563027737321784,0.0,0.015039945955546141,0.015039945955546141
lightskew_massdep_baseline,power_0.72,6.364497,crew_veh_h,500,500,8,0.0,False,0.020298250872814227,0.0,0.0,0.0,0.0
lightskew_massdep_baseline,power_0.72,6.364497,crew_team_h,MX2,425,8,0.031958762886597936,False,0.01706940245197819,0.010215173126302712,0.0,0.013422261707071836,0.0008609212271344369
lightskew_massdep_baseline,power_0.72,6.364497,shift_ot_h,MX2,425,8,0.031958762886597936,False,0.12880104034494688,0.007525337347411565,0.0,0.016111195376065757,0.016111195376065757
lightskew_massdep_baseline,power_0.72,7.942513,shift_h,MX2,425,8,0.031958762886597936,False,0.1709730910990641,0.0432713131381639,0.0,0.01822158102609417,0.01822158102609417
lightskew_massdep_baseline,power_0.72,7.942513,crew_veh_h,500,500,8,0.0,False,0.02446898419780852,0.0,0.0,0.0,0.0
lightskew_massdep_baseline,power_0.72,7.942513,crew_team_h,MX2,MX2,9,0.01993127147766323,False,0.023838652539213134,0.018825278684435842,0.0,0.0194525238330141,0.0
lightskew_massdep_baseline,power_0.72,7.942513,shift_ot_h,MX2,425,8,0.031958762886597936,False,0.13440628861076154,0.01546398791723802,0.0,0.01918122721628679,0.01918122721628679
lightskew_massdep_baseline,power_0.72,9.911784,shift_h,MX2,425,8,0.031958762886597936,False,0.17688289230813625,0.052366679814105366,0.0,0.02194091255046393,0.02194091255046393
lightskew_massdep_baseline,power_0.72,9.911784,crew_veh_h,MX2,MX2,9,0.01993127147766323,False,0.029984619615916586,0.007582498368847279,0.0,0.006904816558521931,0.0
lightskew_massdep_baseline,power_0.72,9.911784,crew_team_h,MX2,MX2,9,0.01993127147766323,False,0.03078034033589172,0.028966503990731196,0.0,0.027480653417965017,0.0
lightskew_massdep_baseline,power_0.72,9.911784,shift_ot_h,MX2,425,8,0.031958762886597936,False,0.14104089328901614,0.024860504487400403,0.0,0.022776064763446957,0.022776064763446957
lightskew_massdep_baseline,power_0.72,12.369317,shift_h,MX2,425,8,0.031958762886597936,False,0.1837747534275609,0.06297346703811635,0.0,0.026231397446737637,0.026231397446737637
lightskew_massdep_baseline,power_0.72,12.369317,crew_veh_h,MX2,MX2,9,0.01993127147766323,False,0.03793031499787802,0.019932918002487865,0.0,0.01684316590600954,0.0
lightskew_massdep_baseline,power_0.72,12.369317,crew_team_h,MX2,MX2,9,0.01993127147766323,False,0.03885853885610735,0.04076807641259794,0.0,0.03668809401824369,0.0
lightskew_massdep_baseline,power_0.72,12.369317,shift_ot_h,MX2,425,8,0.031958762886597936,False,0.14880646419741206,0.035858795908843,0.0,0.02693095316114813,0.02693095316114813
lightskew_massdep_baseline,power_0.72,15.436172,shift_h,MX2,425,8,0.031958762886597936,False,0.1917026844311267,0.07517479782878689,0.0,0.031105504394480565,0.031105504394480565
lightskew_massdep_baseline,power_0.72,15.436172,crew_veh_h,MX2,MX2,9,0.01993127147766323,False,0.04706355576060983,0.034129202986038054,0.0,0.028080542866988578,0.0
lightskew_massdep_baseline,power_0.72,15.436172,crew_team_h,MX2,MX2,9,0.01993127147766323,False,0.048128560508671425,0.054310802753282816,0.0,0.04707907917012566,0.0
lightskew_massdep_baseline,power_0.72,15.436172,shift_ot_h,MX2,425,8,0.031958762886597936,False,0.15777758071462777,0.048564488123356675,0.0,0.03166146947126136,0.03166146947126136
lightskew_massdep_baseline,power_0.72,19.263424,shift_h,MX2,425,8,0.031958762886597936,False,0.20068021455452056,0.08899149409789775,0.0,0.036547194210421186,0.036547194210421186
lightskew_massdep_baseline,power_0.72,19.263424,crew_veh_h,MX2,MX2,9,0.01993127147766323,False,0.05739700302476525,0.05019103317702989,0.0,0.0405605660547288,0.0
lightskew_massdep_baseline,power_0.72,19.263424,crew_team_h,MX2,MX2,9,0.01993127147766323,False,0.05859679483391145,0.06960401759681845,0.0,0.05859437899638742,0.0
lightskew_massdep_baseline,power_0.72,19.263424,shift_ot_h,MX2,425,8,0.031958762886597936,False,0.16798599815075033,0.0630225558222588,0.0,0.03695602736689341,0.03695602736689341
lightskew_massdep_baseline,power_0.72,24.039607,shift_h,MX2,425,8,0.031958762886597936,False,0.2106671393340822,0.10436167993354295,0.0,0.04250589877576649,0.04250589877576649
lightskew_massdep_baseline,power_0.72,24.039607,crew_veh_h,MX2,MX2,9,0.01993127147766323,False,0.0688811241037448,0.06804141726939306,0.0,0.05414719026611414,0.0
lightskew_massdep_baseline,power_0.72,24.039607,crew_team_h,MX2,MX2,9,0.01993127147766323,False,0.07020591543876975,0.08656397187741227,0.0,0.07110124065047252,0.0
lightskew_massdep_baseline,power_0.72,24.039607,shift_ot_h,MX2,425,8,0.031958762886597936,False,0.17940457466469395,0.07919455831889599,0.0,0.04276963309385273,0.04276963309385273
lightskew_massdep_baseline,power_0.72,30.0,shift_h,MX2,425,8,0.031958762886597936,False,0.2215595716626173,0.12112546986759654,0.0,0.048893792001764025,0.04118653267247541
lightskew_massdep_baseline,power_0.72,30.0,crew_veh_h,MX2,MX2,9,0.01993127147766323,False,0.08139310493254204,0.08748945878814052,0.0,0.0686213829626352,0.0
lightskew_massdep_baseline,power_0.72,30.0,crew_team_h,MX2,MX2,9,0.01993127147766323,False,0.08282446948488587,0.10499862399221338,0.0,0.08439142877325034,0.0
lightskew_massdep_baseline,power_0.72,30.0,shift_ot_h,MX2,425,8,0.031958762886597936,False,0.19193400748350986,0.09693985420406248,0.0,0.049020646725672634,0.049020646725672634
lightskew_massdep_baseline,power_0.84,5.1,shift_h,MX2,425,8,0.031958762886597936,False,0.1653233857521137,0.035238863786582586,0.0,0.0152805174146593,0.0152805174146593
lightskew_massdep_baseline,power_0.84,5.1,crew_veh_h,500,500,8,0.0,False,0.01786184547570069,0.0,0.0,0.0,0.0
lightskew_massdep_baseline,power_0.84,5.1,crew_team_h,MX2,MX2,9,0.01993127147766323,False,0.012958783817851316,0.00939713561812816,0.0,0.014282957699199184,0.0
lightskew_massdep_baseline,power_0.84,5.1,shift_ot_h,MX2,425,8,0.031958762886597936,False,0.1275521148308707,0.006733359862752586,0.0,0.016365137022657406,0.016365137022657406
lightskew_massdep_baseline,power_0.84,6.364497,shift_h,MX2,425,8,0.031958762886597936,False,0.17030260036903377,0.0430488864267764,0.0,0.018587730922017043,0.018587730922017043
lightskew_massdep_baseline,power_0.84,6.364497,crew_veh_h,500,500,8,0.0,False,0.021620276387070092,0.0,0.0,0.0,0.0
lightskew_massdep_baseline,power_0.84,6.364497,crew_team_h,MX2,MX2,9,0.01993127147766323,False,0.017888716269369498,0.018026917870473946,0.0,0.02175898463253989,0.0
lightskew_massdep_baseline,power_0.84,6.364497,shift_ot_h,MX2,425,8,0.031958762886597936,False,0.13299769855301702,0.014663850336722017,0.0,0.019559421100001195,0.019559421100001195
lightskew_massdep_baseline,power_0.84,7.942513,shift_h,MX2,425,8,0.031958762886597936,False,0.17622943065264884,0.05234526793688876,0.0,0.02248785387580532,0.02248785387580532
lightskew_massdep_baseline,power_0.84,7.942513,crew_veh_h,MX2,MX2,9,0.01993127147766323,False,0.02308024903995798,0.0063223395499047985,0.0,0.009199195370567237,0.0
lightskew_massdep_baseline,power_0.84,7.942513,crew_team_h,MX2,MX2,9,0.01993127147766323,False,0.023747783235067432,0.028283137932944014,0.0,0.030550366621240332,0.0
lightskew_massdep_baseline,power_0.84,7.942513,shift_ot_h,MX2,425,8,0.031958762886597936,False,0.13949714771028576,0.024129101861209312,0.0,0.023331919197632223,0.023331919197632223
lightskew_massdep_baseline,power_0.84,9.911784,shift_h,MX2,425,8,0.031958762886597936,False,0.18321275222501066,0.06329878245272513,0.0,0.027033055747785584,0.027033055747785584
lightskew_massdep_baseline,power_0.84,9.911784,crew_veh_h,MX2,MX2,9,0.01993127147766323,False,0.029849399348198302,0.018822439583826567,0.0,0.020011416869601284,0.0
lightskew_massdep_baseline,power_0.84,9.911784,crew_team_h,MX2,MX2,9,0.01993127147766323,False,0.03063859926047252,0.040345421224859956,0.0,0.040761953591666567,0.0
lightskew_massdep_baseline,power_0.84,9.911784,shift_ot_h,MX2,425,8,0.031958762886597936,False,0.14717966779138103,0.03531727845124677,0.0,0.027735984696747984,0.027735984696747984
lightskew_massdep_baseline,power_0.84,12.369317,shift_h,MX2,425,8,0.031958762886597936,False,0.19134285318377242,0.076051049113258,0.0,0.032257527101905215,0.032257527101905215
lightskew_massdep_baseline,power_0.84,12.369317,crew_veh_h,MX2,MX2,9,0.01993127147766323,False,0.03772487598374741,0.03336551238859853,0.0,0.03241322753193865,0.0
lightskew_massdep_baseline,power_0.84,12.369317,crew_team_h,MX2,MX2,9,0.01993127147766323,False,0.03864379673207452,0.054358414657595056,0.0,0.052454819726922786,0.0
lightskew_massdep_baseline,power_0.84,12.369317,shift_ot_h,MX2,425,8,0.031958762886597936,False,0.1561573627930093,0.048391638946167825,0.0,0.03280835796920889,0.03280835796920889
lightskew_massdep_baseline,power_0.84,15.436172,shift_h,MX2,425,8,0.031958762886597936,False,0.2006770136102325,0.0906919131583881,0.0,0.03816849117612131,0.03816849117612131
lightskew_massdep_baseline,power_0.84,15.436172,crew_veh_h,MX2,MX2,9,0.01993127147766323,False,0.04675970186516709,0.050049471550996705,0.0,0.04641086566028085,0.0
lightskew_massdep_baseline,power_0.84,15.436172,crew_team_h,MX2,MX2,9,0.01993127147766323,False,0.04781180652727768,0.07040689584836879,0.0,0.06562667992742632,0.0
lightskew_massdep_baseline,power_0.84,15.436172,shift_ot_h,MX2,425,8,0.031958762886597936,False,0.16650945993748167,0.06346756321411529,0.0,0.038560344669413604,0.038560344669413604
lightskew_massdep_baseline,power_0.84,19.263424,shift_h,MX2,425,8,0.031958762886597936,False,0.21122356478954374,0.10723444241721514,0.0,0.04473759272825251,0.04473759272825251
lightskew_massdep_baseline,power_0.84,19.263424,crew_veh_h,MX2,MX2,9,0.01993127147766323,False,0.056959045482141146,0.0688838613469096,0.0,0.061925132817925777,0.0
lightskew_massdep_baseline,power_0.84,19.263424,crew_team_h,MX2,MX2,9,0.01993127147766323,False,0.058141481757855606,0.0884888571843474,0.0,0.08019406508111593,0.0
lightskew_massdep_baseline,power_0.84,19.263424,shift_ot_h,MX2,425,8,0.031958762886597936,False,0.17826421013274008,0.08058619350314578,0.0,0.04496915179685623,0.04496915179685623
lightskew_massdep_baseline,power_0.84,24.039607,shift_h,MX2,425,8,0.031958762886597936,False,0.22292684729296663,0.12559133368390496,0.0,0.05189455811380861,0.03960510250500349
lightskew_massdep_baseline,power_0.84,24.039607,crew_veh_h,MX2,MX2,9,0.01993127147766323,False,0.06826588599823458,0.08976338552392771,0.0,0.0787777728220036,0.0
lightskew_massdep_baseline,power_0.84,24.039607,crew_team_h,MX2,MX2,9,0.01993127147766323,False,0.06956806825049444,0.10849094733239784,0.0,0.0959805815101169,0.0
lightskew_massdep_baseline,power_0.84,24.039607,shift_ot_h,MX2,425,8,0.031958762886597936,False,0.19138086229847007,0.09968818336470187,0.0,0.051971189499866455,0.051971189499866455
lightskew_massdep_baseline,power_0.84,30.0,shift_h,MX2,425,8,0.031958762886597936,False,0.2356564784316495,0.1455580784505568,0.0,0.0595252445701,0.027048454728517912
lightskew_massdep_baseline,power_0.84,30.0,crew_veh_h,MX2,MX2,9,0.01993127147766323,False,0.08055100724395015,0.11244942993239193,0.0,0.09668873891048357,0.0
lightskew_massdep_baseline,power_0.84,30.0,crew_team_h,MX2,MX2,9,0.01993127147766323,False,0.08195391117411899,0.13017220331182222,0.0,0.11271575972354997,0.0
lightskew_massdep_baseline,power_0.84,30.0,shift_ot_h,MX2,425,8,0.031958762886597936,False,0.20573535739144244,0.12059286363442157,0.0,0.0594594346501518,0.03893978643225515
lightskew_massdep_baseline,power_0.96,5.1,shift_h,MX2,425,8,0.031958762886597936,False,0.16900465859216074,0.041820142582671416,0.0,0.018517405188925418,0.018517405188925418
lightskew_massdep_baseline,power_0.96,5.1,crew_veh_h,500,MX2,9,0.01993127147766323,False,0.019023026659640285,0.0,0.0,2.632520779632941e-05,0.0
lightskew_massdep_baseline,power_0.96,5.1,crew_team_h,MX2,MX2,9,0.01993127147766323,False,0.012923021066597151,0.016270528365813552,0.0,0.022417607900569125,0.0
lightskew_massdep_baseline,power_0.96,5.1,shift_ot_h,MX2,425,8,0.031958762886597936,False,0.13111435249289904,0.013003696741792137,0.0,0.01950982552480074,0.01950982552480074
lightskew_massdep_baseline,power_0.96,6.364497,shift_h,MX2,425,8,0.031958762886597936,False,0.17478086512070012,0.05105856442964529,0.0,0.02249689587528203,0.02249689587528203
lightskew_massdep_baseline,power_0.96,6.364497,crew_veh_h,MX2,MX2,9,0.01993127147766323,False,0.017274815790854436,0.0039548005627585425,0.0,0.009617098225242593,0.0
lightskew_massdep_baseline,power_0.96,6.364497,crew_team_h,MX2,MX2,9,0.01993127147766323,False,0.017828486188585124,0.02638355101231382,0.0,0.03161087360270609,0.0
lightskew_massdep_baseline,power_0.96,6.364497,shift_ot_h,MX2,425,8,0.031958762886597936,False,0.13733560706698666,0.02230462971752245,0.0,0.023360644947587383,0.023360644947587383
lightskew_massdep_baseline,power_0.96,7.942513,shift_h,MX2,425,8,0.031958762886597936,False,0.181647465768066,0.06204095453665359,0.0,0.027176993190682897,0.027176993190682897
lightskew_massdep_baseline,power_0.96,7.942513,crew_veh_h,MX2,MX2,9,0.01993127147766323,False,0.022987912799443233,0.016298697249649274,0.0,0.02089550035459742,0.0
lightskew_massdep_baseline,power_0.96,7.942513,crew_team_h,MX2,MX2,9,0.01993127147766323,False,0.023650711574418448,0.03838655087384324,0.0,0.04240787810483715,0.0
lightskew_massdep_baseline,power_0.96,7.942513,shift_ot_h,MX2,425,8,0.031958762886597936,False,0.14475171138858056,0.033391893293500896,0.0,0.027896364799504525,0.027896364799504525
lightskew_massdep_baseline,power_0.96,9.911784,shift_h,MX2,425,8,0.031958762886597936,False,0.1897256892980892,0.07496120528872874,0.0,0.0326137384520544,0.0326137384520544
lightskew_massdep_baseline,power_0.96,9.911784,crew_veh_h,MX2,MX2,9,0.01993127147766323,False,0.029705158631229134,0.030812189396440592,0.0,0.03399614370936588,0.0
lightskew_massdep_baseline,power_0.96,9.911784,crew_team_h,MX2,MX2,9,0.01993127147766323,False,0.030487432638381717,0.05248101760193258,0.0,0.054930464361745424,0.0
lightskew_massdep_baseline,power_0.96,9.911784,shift_ot_h,MX2,425,8,0.031958762886597936,False,0.1535049568802822,0.0464782167462543,0.0,0.03317484226546363,0.03317484226546363
lightskew_massdep_baseline,power_0.96,12.369317,shift_h,MX2,425,8,0.031958762886597936,False,0.19911365227519306,0.08997624359072409,0.0,0.0388399241128603,0.0388399241128603
lightskew_massdep_baseline,power_0.96,12.369317,crew_veh_h,MX2,MX2,9,0.01993127147766323,False,0.03750614432712118,0.047667243903871004,0.0,0.04899750559075322,0.0
lightskew_massdep_baseline,power_0.96,12.369317,crew_team_h,MX2,MX2,9,0.01993127147766323,False,0.038415212239614416,0.0688247918720537,0.0,0.06924504038979529,0.0
lightskew_massdep_baseline,power_0.96,12.369317,shift_ot_h,MX2,425,8,0.031958762886597936,False,0.16371637835674924,0.061744550185676816,0.0,0.039232293407864605,0.039232293407864605
lightskew_massdep_baseline,power_0.96,15.436172,shift_h,MX2,425,8,0.031958762886597936,False,0.20986968432574282,0.10717936141408835,0.0,0.045854655265022304,0.045854655265022304
lightskew_massdep_baseline,power_0.96,15.436172,crew_veh_h,MX2,MX2,9,0.01993127147766323,False,0.04643688523264933,0.06696328297156007,0.0,0.06589679895761824,0.0
lightskew_massdep_baseline,power_0.96,15.436172,crew_team_h,MX2,MX2,9,0.01993127147766323,False,0.04747537217275499,0.08750306198635216,0.0,0.08533895395594326,0.0
lightskew_massdep_baseline,power_0.96,15.436172,shift_ot_h,MX2,425,8,0.031958762886597936,False,0.17546771370133385,0.07931309381521379,0.0,0.046072980066987235,0.046072980066987235
lightskew_massdep_baseline,power_0.96,19.263424,shift_h,MX2,425,8,0.031958762886597936,False,0.22199423026499043,0.12657127019303305,0.0,0.05361383154694144,0.04030687396662547
lightskew_massdep_baseline,power_0.96,19.263424,crew_veh_h,MX2,MX2,9,0.01993127147766323,False,0.05649488870055963,0.08869492090762576,0.0,0.0845870921156835,0.0
lightskew_massdep_baseline,power_0.96,19.263424,crew_team_h,MX2,MX2,9,0.01993127147766323,False,0.057659071366738646,0.1084976013445611,0.0,0.10309951604305034,0.0
lightskew_massdep_baseline,power_0.96,19.263424,shift_ot_h,MX2,425,8,0.031958762886597936,False,0.18878105149663993,0.09921687062466211,0.0,0.05365953666330192,0.05365953666330192
lightskew_massdep_baseline,power_0.96,24.039607,shift_h,MX2,425,8,0.031958762886597936,False,0.23541324270435138,0.14803353908388406,0.0,0.06202385163809354,0.027021666195203187
lightskew_massdep_baseline,power_0.96,24.039607,crew_veh_h,MX2,MX2,9,0.01993127147766323,False,0.06761560259209842,0.11272268433528243,0.0,0.10484222642185914,0.0
lightskew_massdep_baseline,power_0.96,24.039607,crew_team_h,MX2,MX2,9,0.01993127147766323,False,0.06889410264246676,0.13165954886637476,0.0,0.1223009900684977,0.0
lightskew_massdep_baseline,power_0.96,24.039607,shift_ot_h,MX2,425,8,0.031958762886597936,False,0.20359904255227135,0.12137014212354047,0.0,0.06190615604391425,0.03969259241104561
lightskew_massdep_baseline,power_0.96,30.0,shift_h,MX2,425,8,0.031958762886597936,False,0.24996703568876133,0.17131076755540553,0.0,0.07094094402941997,0.012935442398856356
lightskew_massdep_baseline,power_0.96,30.0,crew_veh_h,MX2,MX2,9,0.01993127147766323,False,0.07966355035342687,0.13875385836073906,0.0,0.12631531402969753,0.0
lightskew_massdep_baseline,power_0.96,30.0,crew_team_h,MX2,MX2,9,0.01993127147766323,False,0.08103677442021207,0.15669267245886043,0.0,0.14260490429592876,0.0
lightskew_massdep_baseline,power_0.96,30.0,shift_ot_h,MX2,425,8,0.031958762886597936,False,0.21976989543709147,0.14554597628222643,0.0,0.07067704296072908,0.024813358702583166
lightskew_massdep_tight,affine,5.1,shift_h,500,500,8,0.0,False,0.1428571428571428,0.0,0.0,0.0,0.0
lightskew_massdep_tight,affine,5.1,crew_veh_h,500,500,8,0.0,False,0.0019527030441703896,0.0,0.0,0.0,0.0
lightskew_massdep_tight,affine,5.1,crew_team_h,MX2,500,8,0.0,False,0.007470689032070821,0.00550723199921066,0.0,0.0,0.0
lightskew_massdep_tight,affine,5.1,shift_ot_h,500,500,8,0.0,False,0.1331437160629192,0.0,0.0,0.0,0.0
lightskew_massdep_tight,affine,6.364497,shift_h,500,500,8,0.0,False,0.1428571428571428,0.0,0.0,0.0,0.0
lightskew_massdep_tight,affine,6.364497,crew_veh_h,500,500,8,0.0,False,0.006024563146689088,0.0,0.0,0.0,0.0
lightskew_massdep_tight,affine,6.364497,crew_team_h,MX2,500,8,0.0,False,0.016979200114363158,0.010889035286981041,0.0,0.0,0.0
lightskew_massdep_tight,affine,6.364497,shift_ot_h,500,500,8,0.0,False,0.13340923827711015,0.0,0.0,0.0,0.0
lightskew_massdep_tight,affine,7.942513,shift_h,500,500,8,0.0,False,0.1428571428571428,0.0,0.0,0.0,0.0
lightskew_massdep_tight,affine,7.942513,crew_veh_h,500,500,8,0.0,False,0.010787396638976876,0.0,0.0,0.0,0.0
lightskew_massdep_tight,affine,7.942513,crew_team_h,MX2,MX2,10,0.031958762886597936,False,0.023787280590245485,0.01725766712158583,0.0,0.004340695137430517,0.0
lightskew_massdep_tight,affine,7.942513,shift_ot_h,500,500,8,0.0,False,0.13372090447089757,0.0,0.0,0.0,0.0
lightskew_massdep_tight,affine,9.911784,shift_h,500,500,8,0.0,False,0.1428571428571428,0.0,0.0,0.0,0.0
lightskew_massdep_tight,affine,9.911784,crew_veh_h,500,500,8,0.0,False,0.016285418541099217,0.0,0.0,0.0,0.0
lightskew_massdep_tight,affine,9.911784,crew_team_h,MX2,MX2,10,0.031958762886597936,False,0.030437622251500374,0.024709869548147134,0.0,0.010636331757264195,0.0
lightskew_massdep_tight,affine,9.911784,shift_ot_h,500,500,8,0.0,False,0.1340821439078954,0.0,0.0,0.0,0.0
lightskew_massdep_tight,affine,12.369317,shift_h,500,500,8,0.0,False,0.1428571428571428,0.0,0.0,0.0,0.0
lightskew_massdep_tight,affine,12.369317,crew_veh_h,MX2,500,8,0.0,False,0.025050274370858494,0.002458612837486829,0.0,0.0,0.0
lightskew_massdep_tight,affine,12.369317,crew_team_h,MX2,300,10,0.09003436426116838,False,0.03673968295924723,0.03331620932583523,0.0,0.01915968188228967,0.0013293911309077977
lightskew_massdep_tight,affine,12.369317,shift_ot_h,500,500,8,0.0,False,0.13449476498366986,0.0,0.0,0.0,0.0
lightskew_massdep_tight,affine,15.436172,shift_h,500,500,8,0.0,False,0.14285714285714302,0.0,0.0,0.0,0.0
lightskew_massdep_tight,affine,15.436172,crew_veh_h,MX2,500,8,0.0,False,0.043360875684192335,0.013442830079590129,0.0,0.0,0.0
lightskew_massdep_tight,affine,15.436172,crew_team_h,MX2,300,10,0.09003436426116838,False,0.043215951599576696,0.043105942372563044,0.0,0.029412632079809153,0.003487596880950461
lightskew_massdep_tight,affine,15.436172,shift_ot_h,500,500,8,0.0,False,0.1349582789755719,0.0,0.0,0.0,0.0
lightskew_massdep_tight,affine,19.263424,shift_h,500,500,8,0.0,False,0.1428571428571428,0.0,0.0,0.0,0.0
lightskew_massdep_tight,affine,19.263424,crew_veh_h,MX2,MX2,10,0.031958762886597936,False,0.05647478184463561,0.025762368168309013,0.0,0.007025879209831221,0.0
lightskew_massdep_tight,affine,19.263424,crew_team_h,MX2,300,10,0.09003436426116838,False,0.050456951021985885,0.05405166671998396,0.0,0.040726574609932564,0.00586913735015826
lightskew_massdep_tight,affine,19.263424,shift_ot_h,500,500,8,0.0,False,0.1354693064118977,0.0,0.0,0.0,0.0
lightskew_massdep_tight,affine,24.039607,shift_h,500,500,8,0.0,False,0.1428571428571428,0.0,0.0,0.0,0.0
lightskew_massdep_tight,affine,24.039607,crew_veh_h,MX2,MX2,10,0.031958762886597936,False,0.06692908760642524,0.03932091771874968,0.0,0.018342691303244507,0.0
lightskew_massdep_tight,affine,24.039607,crew_team_h,MX2,300,10,0.09003436426116838,False,0.05839874849599114,0.06605673962531866,0.0,0.05295749571672692,0.008443698208494554
lightskew_massdep_tight,affine,24.039607,shift_ot_h,500,500,8,0.0,False,0.1360212194578787,0.0,0.0,0.0,0.0
lightskew_massdep_tight,affine,30.0,shift_h,MX2,500,8,0.0,False,0.1437590202730814,0.000789142738946369,0.0,0.0,0.0
lightskew_massdep_tight,affine,30.0,crew_veh_h,MX2,MX2,10,0.031958762886597936,False,0.0781982248759645,0.05393625034257865,0.0,0.030295778793842265,0.0
lightskew_massdep_tight,affine,30.0,crew_team_h,MX2,300,10,0.09003436426116838,False,0.06692750564203243,0.07894907938407658,0.0,0.06588960758924944,0.011165856969221455
lightskew_massdep_tight,affine,30.0,shift_ot_h,MX2,500,8,0.0,False,0.13802662219511452,0.0012514907513923035,0.0,0.0,0.0
lightskew_massdep_tight,piecewise,5.1,shift_h,500,500,8,0.0,False,0.1428571428571428,0.0,0.0,0.0,0.0
lightskew_massdep_tight,piecewise,5.1,crew_veh_h,500,500,8,0.0,False,0.0025089273523752897,0.0,0.0,0.0,0.0
lightskew_massdep_tight,piecewise,5.1,crew_team_h,MX2,500,8,0.0,False,0.01087402201504628,0.008344159771986659,0.0,0.0,0.0
lightskew_massdep_tight,piecewise,5.1,shift_ot_h,500,500,8,0.0,False,0.13317993661746597,0.0,0.0,0.0,0.0
lightskew_massdep_tight,piecewise,6.364497,shift_h,500,500,8,0.0,False,0.1428571428571428,0.0,0.0,0.0,0.0
lightskew_massdep_tight,piecewise,6.364497,crew_veh_h,500,500,8,0.0,False,0.0066786123708273415,0.0,0.0,0.0,0.0
lightskew_massdep_tight,piecewise,6.364497,crew_team_h,MX2,MX2,10,0.031958762886597936,False,0.01807883791772058,0.014337132152311138,0.0,0.002978805413316854,0.0
lightskew_massdep_tight,piecewise,6.364497,shift_ot_h,500,500,8,0.0,False,0.13345196788325775,0.0,0.0,0.0,0.0
lightskew_massdep_tight,piecewise,7.942513,shift_h,500,500,8,0.0,False,0.1428571428571428,0.0,0.0,0.0,0.0
lightskew_massdep_tight,piecewise,7.942513,crew_veh_h,500,500,8,0.0,False,0.01154703634737353,0.0,0.0,0.0,0.0
lightskew_massdep_tight,piecewise,7.942513,crew_team_h,MX2,MX2,10,0.031958762886597936,False,0.023747351665433403,0.021425156194636585,0.0,0.009252515201621625,0.0
lightskew_massdep_tight,piecewise,7.942513,shift_ot_h,500,500,8,0.0,False,0.13377072182710692,0.0,0.0,0.0,0.0
lightskew_massdep_tight,piecewise,9.911784,shift_h,500,500,8,0.0,False,0.1428571428571428,0.0,0.0,0.0,0.0
lightskew_massdep_tight,piecewise,9.911784,crew_veh_h,500,500,8,0.0,False,0.017155137523435338,0.0,0.0,0.0,0.0
lightskew_massdep_tight,piecewise,9.911784,crew_team_h,MX2,300,10,0.09003436426116838,False,0.030280352016031742,0.029713864681126134,0.0,0.016595866930811054,9.292438715124973e-05
lightskew_massdep_tight,piecewise,9.911784,shift_ot_h,500,500,8,0.0,False,0.134139431928733,0.0,0.0,0.0,0.0
lightskew_massdep_tight,piecewise,12.369317,shift_h,500,500,8,0.0,False,0.1428571428571428,0.0,0.0,0.0,0.0
lightskew_massdep_tight,piecewise,12.369317,crew_veh_h,MX2,500,8,0.0,False,0.032027667919301006,0.008316301460466802,0.0,0.0,0.0
lightskew_massdep_tight,piecewise,12.369317,crew_team_h,MX2,300,10,0.09003436426116838,False,0.03581003257891169,0.03927917770097178,0.0,0.02694377112491586,0.0021391341012813037
lightskew_massdep_tight,piecewise,12.369317,shift_ot_h,500,500,8,0.0,False,0.134559611530652,0.0,0.0,0.0,0.0
lightskew_massdep_tight,piecewise,15.436172,shift_h,500,500,8,0.0,False,0.1428571428571428,0.0,0.0,0.0,0.0
lightskew_massdep_tight,piecewise,15.436172,crew_veh_h,MX2,MX2,10,0.031958762886597936,False,0.04684494180047771,0.0203702821792473,0.0,0.004540324871975532,0.0
lightskew_massdep_tight,piecewise,15.436172,crew_team_h,MX2,300,10,0.09003436426116838,False,0.042094727863056125,0.050150524959388765,0.0,0.03857122967186788,0.004438364765107394
lightskew_massdep_tight,piecewise,15.436172,shift_ot_h,500,500,8,0.0,False,0.13503038122078492,0.0,0.0,0.0,0.0
lightskew_massdep_tight,piecewise,19.263424,shift_h,500,500,8,0.0,False,0.14285714285714302,0.0,0.0,0.0,0.0
lightskew_massdep_tight,piecewise,19.263424,crew_veh_h,MX2,MX2,10,0.031958762886597936,False,0.05628956500922633,0.033876971700187664,0.0,0.016318663793459365,0.0
lightskew_massdep_tight,piecewise,19.263424,crew_team_h,MX2,300,10,0.09003436426116838,False,0.04911482416683555,0.06229397842139828,0.0,0.051394557161459575,0.006974068303184255
lightskew_massdep_tight,piecewise,19.263424,shift_ot_h,500,500,8,0.0,False,0.13554789972853265,0.0,0.0,0.0,0.0
lightskew_massdep_tight,piecewise,24.039607,shift_h,500,500,8,0.0,False,0.1428571428571428,0.0,0.0,0.0,0.0
lightskew_massdep_tight,piecewise,24.039607,crew_veh_h,MX2,MX2,10,0.031958762886597936,False,0.066673257843608,0.04872661811751566,0.0,0.02902739501213447,0.0
lightskew_massdep_tight,piecewise,24.039607,crew_team_h,MX2,300,10,0.09003436426116838,False,0.056806207630111905,0.07559863310177373,0.0,0.0652485184887297,0.009713570884122058
lightskew_massdep_tight,piecewise,24.039607,shift_ot_h,500,500,8,0.0,False,0.13610505441195198,0.0,0.0,0.0,0.0
lightskew_massdep_tight,piecewise,30.0,shift_h,MX2,500,8,0.0,False,0.1553955288494724,0.010971087743288255,0.0,0.0,0.0
lightskew_massdep_tight,piecewise,30.0,crew_veh_h,MX2,MX2,10,0.031958762886597936,False,0.07785362054048806,0.06471557652703464,0.0,0.0424374160540788,0.0
lightskew_massdep_tight,piecewise,30.0,crew_team_h,MX2,300,10,0.09003436426116838,False,0.06505658577466056,0.08987024401804677,0.0,0.07988692160317323,0.012608190131678576
lightskew_massdep_tight,piecewise,30.0,shift_ot_h,MX2,500,8,0.0,False,0.14958384462349894,0.011341938320869493,0.0,0.0,0.0
lightskew_massdep_tight,power_0.72,5.1,shift_h,500,500,8,0.0,False,0.14285714285714302,0.0,0.0,0.0,0.0
lightskew_massdep_tight,power_0.72,5.1,crew_veh_h,500,500,8,0.0,False,0.0011975786888684947,0.0,0.0,0.0,0.0
lightskew_massdep_tight,power_0.72,5.1,crew_team_h,MX2,500,8,0.0,False,0.0028808893265714897,0.0016812971520641096,0.0,0.0,0.0
lightskew_massdep_tight,power_0.72,5.1,shift_ot_h,500,500,8,0.0,False,0.1330945688442935,0.0,0.0,0.0,0.0
lightskew_massdep_tight,power_0.72,6.364497,shift_h,500,500,8,0.0,False,0.1428571428571428,0.0,0.0,0.0,0.0
lightskew_massdep_tight,power_0.72,6.364497,crew_veh_h,500,500,8,0.0,False,0.005134879825520411,0.0,0.0,0.0,0.0
lightskew_massdep_tight,power_0.72,6.364497,crew_team_h,MX2,500,8,0.0,False,0.011403054729883566,0.006236153008092993,0.0,0.0,0.0
lightskew_massdep_tight,power_0.72,6.364497,shift_ot_h,500,500,8,0.0,False,0.13335114993197927,0.0,0.0,0.0,0.0
lightskew_massdep_tight,power_0.72,7.942513,shift_h,500,500,8,0.0,False,0.1428571428571428,0.0,0.0,0.0,0.0
lightskew_massdep_tight,power_0.72,7.942513,crew_veh_h,500,500,8,0.0,False,0.00975169456869418,0.0,0.0,0.0,0.0
lightskew_massdep_tight,power_0.72,7.942513,crew_team_h,MX2,500,8,0.0,False,0.021495257648555866,0.011630149414978641,0.0,0.0,0.0
lightskew_massdep_tight,power_0.72,7.942513,shift_ot_h,500,500,8,0.0,False,0.13365303113288696,0.0,0.0,0.0,0.0
lightskew_massdep_tight,power_0.72,9.911784,shift_h,500,500,8,0.0,False,0.1428571428571428,0.0,0.0,0.0,0.0
lightskew_massdep_tight,power_0.72,9.911784,crew_veh_h,500,500,8,0.0,False,0.015096468944024055,0.0,0.0,0.0,0.0
lightskew_massdep_tight,power_0.72,9.911784,crew_team_h,MX2,MX2,10,0.031958762886597936,False,0.03052077846996415,0.017947325314275897,0.0,0.002711208823677813,0.0
lightskew_massdep_tight,power_0.72,9.911784,shift_ot_h,500,500,8,0.0,False,0.13400389223690712,0.0,0.0,0.0,0.0
lightskew_massdep_tight,power_0.72,12.369317,shift_h,500,500,8,0.0,False,0.1428571428571428,0.0,0.0,0.0,0.0
lightskew_massdep_tight,power_0.72,12.369317,crew_veh_h,500,500,8,0.0,False,0.021193096775494302,0.0,0.0,0.0,0.0
lightskew_massdep_tight,power_0.72,12.369317,crew_team_h,MX2,MX2,10,0.031958762886597936,False,0.038242561008337894,0.025250158130424527,0.0,0.008414048191158097,0.0
lightskew_massdep_tight,power_0.72,12.369317,shift_ot_h,500,500,8,0.0,False,0.1344059294883424,0.0,0.0,0.0,0.0
lightskew_massdep_tight,power_0.72,15.436172,shift_h,500,500,8,0.0,False,0.1428571428571428,0.0,0.0,0.0,0.0
lightskew_massdep_tight,power_0.72,15.436172,crew_veh_h,MX2,500,8,0.0,False,0.03220895875953178,0.004063978680608926,0.0,0.0,0.0
lightskew_massdep_tight,power_0.72,15.436172,crew_team_h,MX2,300,10,0.09003436426116838,False,0.04633633082719801,0.03356668097356441,0.0,0.01548481290195336,0.0006688635457656744
lightskew_massdep_tight,power_0.72,15.436172,shift_ot_h,500,500,8,0.0,False,0.13485917851990536,0.0,0.0,0.0,0.0
lightskew_massdep_tight,power_0.72,19.263424,shift_h,500,500,8,0.0,False,0.1428571428571428,0.0,0.0,0.0,0.0
lightskew_massdep_tight,power_0.72,19.263424,crew_veh_h,MX2,500,8,0.0,False,0.05084536931573824,0.014763454187498137,0.0,0.0,0.0
lightskew_massdep_tight,power_0.72,19.263424,crew_team_h,MX2,300,10,0.09003436426116838,False,0.05416163581618583,0.04287727064826119,0.0,0.024471761494580857,0.0025795587334860315
lightskew_massdep_tight,power_0.72,19.263424,shift_ot_h,500,500,8,0.0,False,0.13536089204848234,0.0,0.0,0.0,0.0
lightskew_massdep_tight,power_0.72,24.039607,shift_h,500,500,8,0.0,False,0.1428571428571428,0.0,0.0,0.0,0.0
lightskew_massdep_tight,power_0.72,24.039607,crew_veh_h,MX2,MX2,10,0.031958762886597936,False,0.06727629660759793,0.026555617056213565,0.0,0.00384973663552568,0.0
lightskew_massdep_tight,power_0.72,24.039607,crew_team_h,MX2,300,10,0.09003436426116838,False,0.06275659367980357,0.05310359742428683,0.0,0.034190104724222126,0.004645754111161304
lightskew_massdep_tight,power_0.72,24.039607,shift_ot_h,500,500,8,0.0,False,0.13590512067560456,0.0,0.0,0.0,0.0
lightskew_massdep_tight,power_0.72,30.0,shift_h,500,500,8,0.0,False,0.1428571428571428,0.0,0.0,0.0,0.0
lightskew_massdep_tight,power_0.72,30.0,crew_veh_h,MX2,MX2,10,0.031958762886597936,False,0.07866656527177063,0.03928642336124,0.0,0.013806916046228412,0.0
lightskew_massdep_tight,power_0.72,30.0,crew_team_h,MX2,300,10,0.09003436426116838,False,0.07200115165694543,0.06410282188521688,0.0,0.04446900344123761,0.006831127946478555
lightskew_massdep_tight,power_0.72,30.0,shift_ot_h,500,500,8,0.0,False,0.1364826533614223,0.0,0.0,0.0,0.0
lightskew_massdep_tight,power_0.84,5.1,shift_h,500,500,8,0.0,False,0.1428571428571428,0.0,0.0,0.0,0.0
lightskew_massdep_tight,power_0.84,5.1,crew_veh_h,500,500,8,0.0,False,0.002440132431698716,0.0,0.0,0.0,0.0
lightskew_massdep_tight,power_0.84,5.1,crew_team_h,MX2,500,8,0.0,False,0.010452050710777705,0.007992415726257862,0.0,0.0,0.0
lightskew_massdep_tight,power_0.84,5.1,shift_ot_h,500,500,8,0.0,False,0.1331754559261673,0.0,0.0,0.0,0.0
lightskew_massdep_tight,power_0.84,6.364497,shift_h,500,500,8,0.0,False,0.1428571428571428,0.0,0.0,0.0,0.0
lightskew_massdep_tight,power_0.84,6.364497,crew_veh_h,500,500,8,0.0,False,0.006597777518964065,0.0,0.0,0.0,0.0
lightskew_massdep_tight,power_0.84,6.364497,crew_team_h,MX2,MX2,10,0.031958762886597936,False,0.018081946710322594,0.013909703665490492,0.0,0.0024725982151101444,0.0
lightskew_massdep_tight,power_0.84,6.364497,shift_ot_h,500,500,8,0.0,False,0.13344668567549256,0.0,0.0,0.0,0.0
lightskew_massdep_tight,power_0.84,7.942513,shift_h,500,500,8,0.0,False,0.1428571428571428,0.0,0.0,0.0,0.0
lightskew_massdep_tight,power_0.84,7.942513,crew_veh_h,500,500,8,0.0,False,0.011453231782831086,0.0,0.0,0.0,0.0
lightskew_massdep_tight,power_0.84,7.942513,crew_team_h,MX2,MX2,10,0.031958762886597936,False,0.023752300009115546,0.020908684280552148,0.0,0.008643778442820604,0.0
lightskew_massdep_tight,power_0.84,7.942513,shift_ot_h,500,500,8,0.0,False,0.13376456847906004,0.0,0.0,0.0,0.0
lightskew_massdep_tight,power_0.84,9.911784,shift_h,500,500,8,0.0,False,0.1428571428571428,0.0,0.0,0.0,0.0
lightskew_massdep_tight,power_0.84,9.911784,crew_veh_h,500,500,8,0.0,False,0.0170478457674339,0.0,0.0,0.0,0.0
lightskew_massdep_tight,power_0.84,9.911784,crew_team_h,MX2,MX2,10,0.031958762886597936,False,0.030383713485890196,0.029093912242323494,0.0,0.015774737934818983,0.0
lightskew_massdep_tight,power_0.84,9.911784,shift_ot_h,500,500,8,0.0,False,0.13413236252781857,0.0,0.0,0.0,0.0
lightskew_massdep_tight,power_0.84,12.369317,shift_h,500,500,8,0.0,False,0.1428571428571428,0.0,0.0,0.0,0.0
lightskew_massdep_tight,power_0.84,12.369317,crew_veh_h,MX2,500,8,0.0,False,0.031163473936647312,0.007590789960349786,0.0,0.0,0.0
lightskew_massdep_tight,power_0.84,12.369317,crew_team_h,MX2,300,10,0.09003436426116838,False,0.036846584556070594,0.03854067335577804,0.0,0.025067207317237772,0.0011482863390512854
lightskew_massdep_tight,power_0.84,12.369317,shift_ot_h,500,500,8,0.0,False,0.13455161805767113,0.0,0.0,0.0,0.0
lightskew_massdep_tight,power_0.84,15.436172,shift_h,500,500,8,0.0,False,0.14285714285714302,0.0,0.0,0.0,0.0
lightskew_massdep_tight,power_0.84,15.436172,crew_veh_h,MX2,MX2,10,0.031958762886597936,False,0.04686114494639626,0.0195126057557673,0.0,0.0035506078585765266,0.0
lightskew_massdep_tight,power_0.84,15.436172,crew_team_h,MX2,300,10,0.09003436426116838,False,0.04332648386769433,0.049278409114559274,0.0,0.03634955229713599,0.0032684612920967915
lightskew_massdep_tight,power_0.84,15.436172,shift_ot_h,500,500,8,0.0,False,0.1350215041450129,0.0,0.0,0.0,0.0
lightskew_massdep_tight,power_0.84,19.263424,shift_h,500,500,8,0.0,False,0.14285714285714302,0.0,0.0,0.0,0.0
lightskew_massdep_tight,power_0.84,19.263424,crew_veh_h,MX2,MX2,10,0.031958762886597936,False,0.0563124864528437,0.03287275182501781,0.0,0.015168461847363979,0.0
lightskew_massdep_tight,power_0.84,19.263424,crew_team_h,MX2,300,10,0.09003436426116838,False,0.05056548183094445,0.06127403490280359,0.0,0.048788995630212106,0.0056060778276314505
lightskew_massdep_tight,power_0.84,19.263424,shift_ot_h,500,500,8,0.0,False,0.13553823641870033,0.0,0.0,0.0,0.0
lightskew_massdep_tight,power_0.84,24.039607,shift_h,500,500,8,0.0,False,0.1428571428571428,0.0,0.0,0.0,0.0
lightskew_massdep_tight,power_0.84,24.039607,crew_veh_h,MX2,MX2,10,0.031958762886597936,False,0.06670490285705721,0.047563174457407875,0.0,0.02770546651737038,0.0
lightskew_massdep_tight,power_0.84,24.039607,crew_team_h,MX2,300,10,0.09003436426116838,False,0.058497736226940766,0.07441844465047565,0.0,0.062224359217807335,0.008130847404721475
lightskew_massdep_tight,power_0.84,24.039607,shift_ot_h,500,500,8,0.0,False,0.13609476148316713,0.0,0.0,0.0,0.0
lightskew_massdep_tight,power_0.84,30.0,shift_h,MX2,500,8,0.0,False,0.15395646271699115,0.009711904877367283,0.0,0.0,0.0
lightskew_massdep_tight,power_0.84,30.0,crew_veh_h,MX2,MX2,10,0.031958762886597936,False,0.07789622466222967,0.0633829069179368,0.0,0.04093590063770214,0.0
lightskew_massdep_tight,power_0.84,30.0,crew_team_h,MX2,300,10,0.09003436426116838,False,0.06700769708522003,0.08852016238085225,0.0,0.07641610840397783,0.010797756741214082
lightskew_massdep_tight,power_0.84,30.0,shift_ot_h,MX2,500,8,0.0,False,0.14815453856385674,0.010094031399900727,0.0,0.0,0.0
lightskew_massdep_tight,power_0.96,5.1,shift_h,500,500,8,0.0,False,0.1428571428571428,0.0,0.0,0.0,0.0
lightskew_massdep_tight,power_0.96,5.1,crew_veh_h,500,500,8,0.0,False,0.0037539022396997357,0.0,0.0,0.0,0.0
lightskew_massdep_tight,power_0.96,5.1,crew_team_h,MX2,MX2,10,0.031958762886597936,False,0.013251901327254734,0.014752325907078978,0.0,0.005240262171560817,0.0
lightskew_massdep_tight,power_0.96,5.1,shift_ot_h,500,500,8,0.0,False,0.13326106530119053,0.0,0.0,0.0,0.0
lightskew_massdep_tight,power_0.96,6.364497,shift_h,500,500,8,0.0,False,0.14285714285714257,0.0,0.0,0.0,0.0
lightskew_massdep_tight,power_0.96,6.364497,crew_veh_h,500,500,8,0.0,False,0.00813859061356803,0.0,0.0,0.0,0.0
lightskew_massdep_tight,power_0.96,6.364497,crew_team_h,MX2,MX2,10,0.031958762886597936,False,0.01802223459898955,0.02211953322292315,0.0,0.012196109908991115,0.0
lightskew_massdep_tight,power_0.96,6.364497,shift_ot_h,500,500,8,0.0,False,0.13354742927637586,0.0,0.0,0.0,0.0
lightskew_massdep_tight,power_0.96,7.942513,shift_h,500,500,8,0.0,False,0.1428571428571428,0.0,0.0,0.0,0.0
lightskew_massdep_tight,power_0.96,7.942513,crew_veh_h,500,500,8,0.0,False,0.013237374572147909,0.0,0.0,0.0,0.0
lightskew_massdep_tight,power_0.96,7.942513,crew_team_h,MX2,MX2,10,0.031958762886597936,False,0.023657317699834923,0.030822242883047135,0.0,0.02032936703497379,0.0
lightskew_massdep_tight,power_0.96,7.942513,shift_ot_h,500,500,8,0.0,False,0.13388168223782837,0.0,0.0,0.0,0.0
lightskew_massdep_tight,power_0.96,9.911784,shift_h,500,500,8,0.0,False,0.1428571428571428,0.0,0.0,0.0,0.0
lightskew_massdep_tight,power_0.96,9.911784,crew_veh_h,MX2,500,8,0.0,False,0.02805486953897507,0.008803457799234193,0.0,0.0,0.0
lightskew_massdep_tight,power_0.96,9.911784,crew_team_h,MX2,300,10,0.09003436426116838,False,0.028780928272330808,0.04098454375515792,0.0,0.03117199323439568,0.0014158223387925606
lightskew_massdep_tight,power_0.96,9.911784,shift_ot_h,500,500,8,0.0,False,0.1342665876874478,0.0,0.0,0.0,0.0
lightskew_massdep_tight,power_0.96,12.369317,shift_h,500,500,8,0.0,False,0.14285714285714302,0.0,0.0,0.0,0.0
lightskew_massdep_tight,power_0.96,12.369317,crew_veh_h,MX2,MX2,10,0.031958762886597936,False,0.038212933596308174,0.021495872993289256,0.0,0.009163436586859364,0.0
lightskew_massdep_tight,power_0.96,12.369317,crew_team_h,MX2,300,10,0.09003436426116838,False,0.033988481108019775,0.05269247739023819,0.0,0.04423235221623134,0.00370411374949553
lightskew_massdep_tight,power_0.96,12.369317,shift_ot_h,500,500,8,0.0,False,0.13470297378961593,0.0,0.0,0.0,0.0
lightskew_massdep_tight,power_0.96,15.436172,shift_h,500,500,8,0.0,False,0.14285714285714302,0.0,0.0,0.0,0.0
lightskew_massdep_tight,power_0.96,15.436172,crew_veh_h,MX2,MX2,10,0.031958762886597936,False,0.04655090528283279,0.03593443188791001,0.0,0.02250592324696421,0.0
lightskew_massdep_tight,power_0.96,15.436172,crew_team_h,MX2,300,10,0.09003436426116838,False,0.03989579086380868,0.0659736466389973,0.0,0.058889324199973725,0.006272146002204382
lightskew_massdep_tight,power_0.96,15.436172,shift_ot_h,500,500,8,0.0,False,0.13518907795712432,0.0,0.0,0.0,0.0
lightskew_massdep_tight,power_0.96,19.263424,shift_h,500,500,8,0.0,False,0.14285714285714302,0.0,0.0,0.0,0.0
lightskew_massdep_tight,power_0.96,19.263424,crew_veh_h,MX2,MX2,10,0.031958762886597936,False,0.055874099960030454,0.052079065198464614,0.0,0.03717542663781903,0.0
lightskew_massdep_tight,power_0.96,19.263424,crew_team_h,MX2,300,10,0.09003436426116838,False,0.046480201978991165,0.08077711590661907,0.0,0.0750312793807193,0.009100360559202825
lightskew_massdep_tight,power_0.96,19.263424,shift_ot_h,500,500,8,0.0,False,0.13572004227305268,0.0,0.0,0.0,0.0
lightskew_massdep_tight,power_0.96,24.039607,shift_h,MX2,500,8,0.0,False,0.15659427628400868,0.012019991748507541,0.0,0.0,0.0
lightskew_massdep_tight,power_0.96,24.039607,crew_veh_h,MX2,MX2,10,0.031958762886597936,False,0.06610041118871202,0.06978759222412734,0.0,0.05297087331836736,0.0
lightskew_massdep_tight,power_0.96,24.039607,crew_team_h,MX2,300,10,0.09003436426116838,False,0.05367716618037788,0.0969577638813095,0.0,0.0924441667861533,0.012151253780500415
lightskew_massdep_tight,power_0.96,24.039607,shift_ot_h,MX2,500,8,0.0,False,0.1503841629388114,0.012405699850417173,0.0,0.0,0.0
lightskew_massdep_tight,power_0.96,30.0,shift_h,MX2,500,8,0.0,False,0.18143035459838064,0.03375156027358295,0.0,0.0,0.0
lightskew_massdep_tight,power_0.96,30.0,crew_veh_h,MX2,MX2,10,0.031958762886597936,False,0.07708345677637385,0.08880652830615343,0.0,0.06960111166576488,0.0
lightskew_massdep_tight,power_0.96,30.0,crew_team_h,MX2,300,10,0.09003436426116838,False,0.061377420322233256,0.11426993858422141,0.0,0.11081325841898315,0.015369682513146854
lightskew_massdep_tight,power_0.96,30.0,shift_ot_h,MX2,500,8,0.0,False,0.17544429493466684,0.03392033201406708,0.0,0.0,0.0
lightskew_short_baseline,affine,5.1,shift_h,MX1,325,6,0.07594501718213058,False,0.20216605554527023,0.036903168549046406,0.0,0.03503488267640531,0.004337652140888215
lightskew_short_baseline,affine,5.1,crew_veh_h,MX2,MX2,6,0.0,False,0.016509646409305967,0.025400705924745193,0.0,0.03523365926037503,0.0
lightskew_short_baseline,affine,5.1,crew_team_h,MX2,MX2,6,0.0,False,0.016509646409305967,0.025400705924745193,0.0,0.03523365926037503,0.0
lightskew_short_baseline,affine,5.1,shift_ot_h,MX2,325,6,0.07594501718213058,False,0.18261415379647983,0.029913404288575807,0.0,0.040109739182043525,0.007286808501329345
lightskew_short_baseline,affine,6.364497,shift_h,MX1,325,6,0.07594501718213058,False,0.2026490204123037,0.04513145887628722,0.0,0.0428293952474863,0.005302687030641184
lightskew_short_baseline,affine,6.364497,crew_veh_h,MX2,MX2,6,0.0,False,0.020088167241547827,0.03231896316688898,0.0,0.044105032254933896,0.0
lightskew_short_baseline,affine,6.364497,crew_team_h,MX2,MX2,6,0.0,False,0.020088167241547827,0.03231896316688898,0.0,0.044105032254933896,0.0
lightskew_short_baseline,affine,6.364497,shift_ot_h,MX2,325,6,0.07594501718213058,False,0.18090189263188639,0.035752567678373426,0.0,0.04765763298084735,0.008174838128879314
lightskew_short_baseline,affine,7.942513,shift_h,MX1,325,6,0.07594501718213058,False,0.20322528214008706,0.05494925127555672,0.0,0.0521214275676094,0.0064531291274183555
lightskew_short_baseline,affine,7.942513,crew_veh_h,MX2,MX2,6,0.0,False,0.024310656811680653,0.0404821876995638,0.0,0.05449312189103295,0.0
lightskew_short_baseline,affine,7.942513,crew_team_h,MX2,MX2,6,0.0,False,0.024310656811680653,0.0404821876995638,0.0,0.05449312189103295,0.0
lightskew_short_baseline,affine,7.942513,shift_ot_h,MX2,325,6,0.07594501718213058,False,0.17886540489106184,0.04269741050135489,0.0,0.056663311169298236,0.0092343799375878
lightskew_short_baseline,affine,9.911784,shift_h,MX1,325,6,0.07594501718213058,False,0.20390620064097975,0.06655008499447024,0.0,0.06308955075731437,0.00781108723661994
lightskew_short_baseline,affine,9.911784,crew_veh_h,MX2,MX2,6,0.0,False,0.029234852346877283,0.05000200133769206,0.0,0.0664998760589035,0.0
lightskew_short_baseline,affine,9.911784,crew_team_h,MX2,MX2,6,0.0,False,0.029234852346877283,0.05000200133769206,0.0,0.0664998760589035,0.0
lightskew_short_baseline,affine,9.911784,shift_ot_h,MX2,325,6,0.07594501718213058,False,0.1764681876546479,0.05087241523410757,0.0,0.06730414462333378,0.010486302079166343
lightskew_short_baseline,affine,12.369317,shift_h,MX1,325,6,0.07594501718213058,False,0.2047015867270594,0.08010110720175567,0.0,0.07588579854320354,0.009395384581539545
lightskew_short_baseline,affine,12.369317,crew_veh_h,MX2,MX2,6,0.0,False,0.03489936011721895,0.0609530405358607,0.0,0.08017042891175086,0.0
lightskew_short_baseline,affine,12.369317,crew_team_h,MX2,MX2,6,0.0,False,0.03489936011721895,0.0609530405358607,0.0,0.08017042891175086,0.0
lightskew_short_baseline,affine,12.369317,shift_ot_h,MX2,325,6,0.07594501718213058,False,0.1736804176859741,0.060379285258882254,0.0,0.07973324095074563,0.011948618067788574
lightskew_short_baseline,affine,15.436172,shift_h,MX1,325,6,0.07594501718213058,False,0.20561830243083223,0.09571922659936649,0.0,0.09061306490465704,0.01121876041676706
lightskew_short_baseline,affine,15.436172,crew_veh_h,MX2,MX2,6,0.0,False,0.0413138662817194,0.07335403128251072,0.0,0.09547143404070124,0.0
lightskew_short_baseline,affine,15.436172,crew_team_h,MX2,MX2,6,0.0,False,0.0413138662817194,0.07335403128251072,0.0,0.09547143404070124,0.0
lightskew_short_baseline,affine,15.436172,shift_ot_h,MX2,325,6,0.07594501718213058,False,0.1704839015512809,0.07128006393362973,0.0,0.09405756913766816,0.013633913087009786
lightskew_short_baseline,affine,19.263424,shift_h,MX1,325,6,0.07594501718213058,False,0.2066586615420669,0.11344386330928535,0.0,0.1072995856704102,0.013284710606812578
lightskew_short_baseline,affine,19.263424,crew_veh_h,MX2,MX2,6,0.0,False,0.04844966625364178,0.08714947977884058,0.0,0.1122730066868145,0.0
lightskew_short_baseline,affine,19.263424,crew_team_h,MX2,MX2,6,0.0,False,0.04844966625364178,0.08714947977884058,0.0,0.1122730066868145,0.0
lightskew_short_baseline,affine,19.263424,shift_ot_h,MX1,325,6,0.07594501718213058,False,0.1693456985106967,0.08587070143776399,0.0,0.11031297249478866,0.01554640419693798
lightskew_short_baseline,affine,24.039607,shift_h,MX1,325,6,0.07594501718213058,False,0.2078188456638672,0.13320996316218014,0.0,0.12587409997497212,0.015584412377853907
lightskew_short_baseline,affine,24.039607,crew_veh_h,MX2,MX2,6,0.0,False,0.05623255369997504,0.10219592493440754,0.0,0.1303393441985774,0.0
lightskew_short_baseline,affine,24.039607,crew_team_h,MX1,325,6,0.07594501718213058,False,0.058697191091914735,0.10847973534804556,0.0,0.13413718328312552,0.003359910547253264
lightskew_short_baseline,affine,24.039607,shift_ot_h,MX1,325,6,0.07594501718213058,False,0.1725639402796051,0.10633890312638394,0.0,0.12843943901020527,0.017679030825976216
lightskew_short_baseline,affine,30.0,shift_h,MX1,325,6,0.07594501718213058,False,0.20908766029019143,0.15482680494400447,0.0,0.1461469763079073,0.01809438754288384
lightskew_short_baseline,affine,30.0,crew_veh_h,MX2,MX2,6,0.0,False,0.06454038407631812,0.1182572280152181,0.0,0.14933273196251262,0.0
lightskew_short_baseline,affine,30.0,crew_team_h,MX1,325,6,0.07594501718213058,False,0.07096201688274273,0.13333355281118253,0.0,0.15784355016274576,0.007405008109097055
lightskew_short_baseline,affine,30.0,shift_ot_h,MX1,325,6,0.07594501718213058,False,0.17610359917135754,0.12885133609684996,0.0,0.1482617023512649,0.020011172427484514
lightskew_short_baseline,piecewise,5.1,shift_h,MX1,325,6,0.07594501718213058,False,0.2023491138068576,0.04002193893164807,0.0,0.037989975113382535,0.004703520728323474
lightskew_short_baseline,piecewise,5.1,crew_veh_h,MX2,MX2,6,0.0,False,0.016480342348863086,0.028018069481224872,0.0,0.038664511029311344,0.0
lightskew_short_baseline,piecewise,5.1,crew_team_h,MX2,MX2,6,0.0,False,0.016480342348863086,0.028018069481224872,0.0,0.038664511029311344,0.0
lightskew_short_baseline,piecewise,5.1,shift_ot_h,MX2,325,6,0.07594501718213058,False,0.1819080362022314,0.03214470916005974,0.0,0.04300411084509004,0.007643021150328888
lightskew_short_baseline,piecewise,6.364497,shift_h,MX1,325,6,0.07594501718213058,False,0.20287239112007494,0.04893703389757298,0.0,0.04643223168918609,0.005748752494851628
lightskew_short_baseline,piecewise,6.364497,crew_veh_h,MX2,MX2,6,0.0,False,0.020044799597035423,0.03548748863255691,0.0,0.04824456957377232,0.0
lightskew_short_baseline,piecewise,6.364497,crew_team_h,MX2,MX2,6,0.0,False,0.020044799597035423,0.03548748863255691,0.0,0.04824456957377232,0.0
lightskew_short_baseline,piecewise,6.364497,shift_ot_h,MX2,325,6,0.07594501718213058,False,0.1800430568196012,0.03846566240524907,0.0,0.05118808228905114,0.008609379432034991
lightskew_short_baseline,piecewise,7.942513,shift_h,MX1,325,6,0.07594501718213058,False,0.20349651248094647,0.05957021263834861,0.0,0.05649184852635636,0.006994228865168095
lightskew_short_baseline,piecewise,7.942513,crew_veh_h,MX2,MX2,6,0.0,False,0.024247170286800124,0.04429367311610566,0.0,0.059453478051722186,0.0
lightskew_short_baseline,piecewise,7.942513,crew_team_h,MX2,MX2,6,0.0,False,0.024247170286800124,0.04429367311610566,0.0,0.059453478051722186,0.0
lightskew_short_baseline,piecewise,7.942513,shift_ot_h,MX2,325,6,0.07594501718213058,False,0.17782656188245038,0.04597800329031054,0.0,0.06094829213983144,0.009761858969026704
lightskew_short_baseline,piecewise,9.911784,shift_h,MX1,325,6,0.07594501718213058,False,0.20423364593391424,0.07212878257779898,0.0,0.06835956912298569,0.008463565700940867
lightskew_short_baseline,piecewise,9.911784,crew_veh_h,MX2,MX2,6,0.0,False,0.029143090886699197,0.05455321069676877,0.0,0.07239683158635501,0.0
lightskew_short_baseline,piecewise,9.911784,crew_team_h,MX2,MX2,6,0.0,False,0.029143090886699197,0.05455321069676877,0.0,0.07239683158635501,0.0
lightskew_short_baseline,piecewise,9.911784,shift_ot_h,MX2,325,6,0.07594501718213058,False,0.1752197175357466,0.054813350954991735,0.0,0.07247449600649314,0.011122865986151309
lightskew_short_baseline,piecewise,12.369317,shift_h,MX1,325,6,0.07594501718213058,False,0.20509423572657615,0.08679068274907586,0.0,0.08219654582663627,0.010176715197583341
lightskew_short_baseline,piecewise,12.369317,crew_veh_h,MX2,MX2,6,0.0,False,0.03476867401871986,0.06634177637679617,0.0,0.08711797333985527,0.0
lightskew_short_baseline,piecewise,12.369317,crew_team_h,MX2,MX2,6,0.0,False,0.03476867401871986,0.06634177637679617,0.0,0.08711797333985527,0.0
lightskew_short_baseline,piecewise,12.369317,shift_ot_h,MX2,325,6,0.07594501718213058,False,0.17219124460629454,0.06507771954248254,0.0,0.08592931201490428,0.012711602331040739
lightskew_short_baseline,piecewise,15.436172,shift_h,MX1,325,6,0.07594501718213058,False,0.20608548523343662,0.10367863731039928,0.0,0.09810986118959897,0.01214693519490262
lightskew_short_baseline,piecewise,15.436172,crew_veh_h,MX2,MX2,6,0.0,False,0.04113085100825131,0.07967389494102939,0.0,0.10357495334120315,0.0
lightskew_short_baseline,piecewise,15.436172,crew_team_h,MX2,MX2,6,0.0,False,0.04113085100825131,0.07967389494102939,0.0,0.10357495334120315,0.0
lightskew_short_baseline,piecewise,15.436172,shift_ot_h,MX2,325,6,0.07594501718213058,False,0.16872279796980494,0.07683328597226557,0.0,0.10142449245329854,0.014541263644707536
lightskew_short_baseline,piecewise,19.263424,shift_h,MX1,325,6,0.07594501718213058,False,0.2072096324421564,0.12283077494044425,0.0,0.11612506537309608,0.014377389046192901
lightskew_short_baseline,piecewise,19.263424,crew_veh_h,MX2,MX2,6,0.0,False,0.04819816215407724,0.0944836417119086,0.0,0.12162168187574052,0.0
lightskew_short_baseline,piecewise,19.263424,crew_team_h,MX1,325,6,0.07594501718213058,False,0.048383612428090306,0.0957115397827939,0.0,0.12268139797116784,0.000944807070468956
lightskew_short_baseline,piecewise,19.263424,shift_ot_h,MX1,325,6,0.07594501718213058,False,0.1699574351375832,0.09489136195039682,0.0,0.11899398674451445,0.01661585865398396
lightskew_short_baseline,piecewise,24.039607,shift_h,MX1,325,6,0.07594501718213058,False,0.2084622548930437,0.144171750029634,0.0,0.13615968928800348,0.016857866292800283
lightskew_short_baseline,piecewise,24.039607,crew_veh_h,MX2,MX2,6,0.0,False,0.055894039334724255,0.11061056606453046,0.0,0.14099871935273778,0.0
lightskew_short_baseline,piecewise,24.039607,crew_team_h,MX1,325,6,0.07594501718213058,False,0.0598390605401411,0.12029515782752465,0.0,0.14666414206816225,0.004965319083476638
lightskew_short_baseline,piecewise,24.039607,shift_ot_h,MX1,325,6,0.07594501718213058,False,0.1732751925271041,0.11690022289388646,0.0,0.13856751468359896,0.018927088715776863
lightskew_short_baseline,piecewise,30.0,shift_h,MX1,325,6,0.07594501718213058,False,0.20983095715721478,0.16749038119699078,0.0,0.15800347903838086,0.01956233549998987
lightskew_short_baseline,piecewise,30.0,crew_veh_h,MX2,MX2,6,0.0,False,0.06409485249089797,0.12779559777633853,0.0,0.1613386383911286,0.0
lightskew_short_baseline,piecewise,30.0,crew_team_h,MX1,325,6,0.07594501718213058,False,0.07223904828915284,0.14690577660029547,0.0,0.17204677396763257,0.00922051090226228
lightskew_short_baseline,piecewise,30.0,shift_ot_h,MX1,325,6,0.07594501718213058,False,0.17692117537171237,0.14108641857015392,0.0,0.15995017765251185,0.021451940321922436
lightskew_short_baseline,power_0.72,5.1,shift_h,MX1,325,6,0.07594501718213058,False,0.2027347323640063,0.03270059710246431,0.0,0.030352481870376646,0.0031639454271075174
lightskew_short_baseline,power_0.72,5.1,crew_veh_h,MX2,MX2,6,0.0,False,0.016549225768653253,0.02186557901125452,0.0,0.0306001132085727,0.0
lightskew_short_baseline,power_0.72,5.1,crew_team_h,MX2,MX2,6,0.0,False,0.016549225768653253,0.02186557901125452,0.0,0.0306001132085727,0.0
lightskew_short_baseline,power_0.72,5.1,shift_ot_h,MX2,325,6,0.07594501718213058,False,0.18435492962967137,0.02690152919695743,0.0,0.03551919942602133,0.006137093911943614
lightskew_short_baseline,power_0.72,6.364497,shift_h,MX1,325,6,0.07594501718213058,False,0.2033452859293734,0.04000129914311512,0.0,0.037110107601307174,0.003868360938194426
lightskew_short_baseline,power_0.72,6.364497,crew_veh_h,MX2,MX2,6,0.0,False,0.020146794499108722,0.02803554033746858,0.0,0.038509490716212236,0.0
lightskew_short_baseline,power_0.72,6.364497,crew_team_h,MX2,MX2,6,0.0,False,0.020146794499108722,0.02803554033746858,0.0,0.038509490716212236,0.0
lightskew_short_baseline,power_0.72,6.364497,shift_ot_h,MX2,325,6,0.07594501718213058,False,0.1830243739588382,0.03208746944738605,0.0,0.04204821800046066,0.006769237034017994
lightskew_short_baseline,power_0.72,7.942513,shift_h,MX1,325,6,0.07594501718213058,False,0.20407416130088563,0.048716835689007754,0.0,0.04516834865650199,0.00470835270710479
lightskew_short_baseline,power_0.72,7.942513,crew_veh_h,MX2,MX2,6,0.0,False,0.024396573759130957,0.03532406646271147,0.0,0.04778120146035558,0.0
lightskew_short_baseline,power_0.72,7.942513,crew_team_h,MX2,MX2,6,0.0,False,0.024396573759130957,0.03532406646271147,0.0,0.04778120146035558,0.0
lightskew_short_baseline,power_0.72,7.942513,shift_ot_h,MX2,325,6,0.07594501718213058,False,0.18144029828356278,0.03826152287800566,0.0,0.04984043199104082,0.007523683421896354
lightskew_short_baseline,power_0.72,9.911784,shift_h,MX1,325,6,0.07594501718213058,False,0.20493594063400566,0.05902157304996192,0.0,0.054683361001979236,0.0057001984457139
lightskew_short_baseline,power_0.72,9.911784,crew_veh_h,MX2,MX2,6,0.0,False,0.029359188739520814,0.04383513179599774,0.0,0.05851120356744666,0.0
lightskew_short_baseline,power_0.72,9.911784,crew_team_h,MX2,MX2,6,0.0,False,0.029359188739520814,0.04383513179599774,0.0,0.05851120356744666,0.0
lightskew_short_baseline,power_0.72,9.911784,shift_ot_h,MX2,325,6,0.07594501718213058,False,0.17957343875377085,0.04553774753336581,0.0,0.05905055211353849,0.008415412251051135
lightskew_short_baseline,power_0.72,12.369317,shift_h,MX1,325,6,0.07594501718213058,False,0.20594332009454153,0.07106732579046882,0.0,0.06578872284627879,0.006857822358437238
lightskew_short_baseline,power_0.72,12.369317,crew_veh_h,MX2,MX2,6,0.0,False,0.03507669305714223,0.053640859821023845,0.0,0.07074584691945951,0.0
lightskew_short_baseline,power_0.72,12.369317,crew_team_h,MX2,MX2,6,0.0,False,0.03507669305714223,0.053640859821023845,0.0,0.07074584691945951,0.0
lightskew_short_baseline,power_0.72,12.369317,shift_ot_h,MX2,325,6,0.07594501718213058,False,0.17739944581015887,0.05401104764216047,0.0,0.06981271936012456,0.00945741112515086
lightskew_short_baseline,power_0.72,15.436172,shift_h,MX1,325,6,0.07594501718213058,False,0.20710534184253016,0.08496221565442985,0.0,0.07857584061222633,0.008190752658971956
lightskew_short_baseline,power_0.72,15.436172,crew_veh_h,MX2,MX2,6,0.0,False,0.04156260990612015,0.06476444330796527,0.0,0.08446217150474222,0.0
lightskew_short_baseline,power_0.72,15.436172,crew_team_h,MX2,MX2,6,0.0,False,0.04156260990612015,0.06476444330796527,0.0,0.08446217150474222,0.0
lightskew_short_baseline,power_0.72,15.436172,shift_ot_h,MX2,325,6,0.07594501718213058,False,0.17490273883093144,0.06374214984324023,0.0,0.0822215898091263,0.01065884469707501
lightskew_short_baseline,power_0.72,19.263424,shift_h,MX1,325,6,0.07594501718213058,False,0.20842535932137385,0.10074634148407324,0.0,0.09307173967507198,0.009701806474853303
lightskew_short_baseline,power_0.72,19.263424,crew_veh_h,MX2,MX2,6,0.0,False,0.04879211353927371,0.07716330519673642,0.0,0.09955108518727496,0.0
lightskew_short_baseline,power_0.72,19.263424,crew_team_h,MX2,MX2,6,0.0,False,0.04879211353927371,0.07716330519673642,0.0,0.09955108518727496,0.0
lightskew_short_baseline,power_0.72,19.263424,shift_ot_h,MX2,325,6,0.07594501718213058,False,0.17208077833293745,0.07474095196213626,0.0,0.09631064559331515,0.012022954725091184
lightskew_short_baseline,power_0.72,24.039607,shift_h,MX1,325,6,0.07594501718213058,False,0.20989900216482882,0.11836744456933168,0.0,0.10921732399310402,0.011384823629403185
lightskew_short_baseline,power_0.72,24.039607,crew_veh_h,MX2,MX2,6,0.0,False,0.056694382640638974,0.09071598435252448,0.0,0.11580796860000664,0.0
lightskew_short_baseline,power_0.72,24.039607,crew_team_h,MX1,MX2,6,0.0,False,0.05839733568908745,0.09247376611143099,0.0,0.11580796860000664,0.0
lightskew_short_baseline,power_0.72,24.039607,shift_ot_h,MX1,325,6,0.07594501718213058,False,0.17442425266113837,0.0920427578570433,0.0,0.11203061261146541,0.013544970463974515
lightskew_short_baseline,power_0.72,30.0,shift_h,MX1,325,6,0.07594501718213058,False,0.2115125483033684,0.13766144308892403,0.0,0.12685067407560813,0.01322292562041616
lightskew_short_baseline,power_0.72,30.0,crew_veh_h,MX2,MX2,6,0.0,False,0.06514949431837969,0.10521680865057026,0.0,0.1329350622323504,0.0
lightskew_short_baseline,power_0.72,30.0,crew_team_h,MX1,325,6,0.07594501718213058,False,0.07289025747770772,0.11492710168622611,0.0,0.1346430901720026,0.0015076132751039584
lightskew_short_baseline,power_0.72,30.0,shift_ot_h,MX1,325,6,0.07594501718213058,False,0.17828872241562133,0.11227199646420516,0.0,0.12923235859210735,0.015210452846257994
lightskew_short_baseline,power_0.84,5.1,shift_h,MX1,325,6,0.07594501718213058,False,0.20288700231732126,0.039635131079204244,0.0,0.03713994322962888,0.004189939610961035
lightskew_short_baseline,power_0.84,5.1,crew_veh_h,MX2,MX2,6,0.0,False,0.01648397365870169,0.027693730195486266,0.0,0.03823935491609354,0.0
lightskew_short_baseline,power_0.84,5.1,crew_team_h,MX2,MX2,6,0.0,False,0.01648397365870169,0.027693730195486266,0.0,0.03823935491609354,0.0
lightskew_short_baseline,power_0.84,5.1,shift_ot_h,MX2,325,6,0.07594501718213058,False,0.18253621646265472,0.03186814721420794,0.0,0.04216847553857783,0.0071381691655267865
lightskew_short_baseline,power_0.84,6.364497,shift_h,MX1,325,6,0.07594501718213058,False,0.20353017390419348,0.048465117116679446,0.0,0.04538977735689942,0.005120643962876592
lightskew_short_baseline,power_0.84,6.364497,crew_veh_h,MX2,MX2,6,0.0,False,0.020050171831799135,0.03509498258689425,0.0,0.04773175881598424,0.0
lightskew_short_baseline,power_0.84,6.364497,crew_team_h,MX2,MX2,6,0.0,False,0.020050171831799135,0.03509498258689425,0.0,0.04773175881598424,0.0
lightskew_short_baseline,power_0.84,6.364497,shift_ot_h,MX2,325,6,0.07594501718213058,False,0.1808095244911665,0.03812948326792176,0.0,0.05016299704766136,0.007991738331809772
lightskew_short_baseline,power_0.84,7.942513,shift_h,MX1,325,6,0.07594501718213058,False,0.20429733171632591,0.05899728754822697,0.0,0.05521843450966868,0.006229463103291755
lightskew_short_baseline,power_0.84,7.942513,crew_veh_h,MX2,MX2,6,0.0,False,0.02425503165383991,0.04382170704325916,0.0,0.0588392170215577,0.0
lightskew_short_baseline,power_0.84,7.942513,crew_team_h,MX2,MX2,6,0.0,False,0.02425503165383991,0.04382170704325916,0.0,0.0588392170215577,0.0
lightskew_short_baseline,power_0.84,7.942513,shift_ot_h,MX2,325,6,0.07594501718213058,False,0.17875719486242203,0.04557164765552213,0.0,0.059695672652853915,0.009009535076683672
lightskew_short_baseline,power_0.84,9.911784,shift_h,MX1,325,6,0.07594501718213058,False,0.2052034530794793,0.07143726336216183,0.0,0.06681134438286773,0.007537316267840044
lightskew_short_baseline,power_0.84,9.911784,crew_veh_h,MX2,MX2,6,0.0,False,0.02915444819988866,0.05398990765013978,0.0,0.07166690855478985,0.0
lightskew_short_baseline,power_0.84,9.911784,crew_team_h,MX2,MX2,6,0.0,False,0.02915444819988866,0.05398990765013978,0.0,0.07166690855478985,0.0
lightskew_short_baseline,power_0.84,9.911784,shift_ot_h,MX2,325,6,0.07594501718213058,False,0.1763431674518301,0.05432540171830791,0.0,0.0709509372634114,0.010211251379405484
lightskew_short_baseline,power_0.84,12.369317,shift_h,MX1,325,6,0.07594501718213058,False,0.20626140344805233,0.08596167204798233,0.0,0.08032471463694568,0.00906182601076222
lightskew_short_baseline,power_0.84,12.369317,crew_veh_h,MX2,MX2,6,0.0,False,0.03478484041829599,0.06567516793247985,0.0,0.08625843884696294,0.0
lightskew_short_baseline,power_0.84,12.369317,crew_team_h,MX2,MX2,6,0.0,False,0.03478484041829599,0.06567516793247985,0.0,0.08625843884696294,0.0
lightskew_short_baseline,power_0.84,12.369317,shift_ot_h,MX2,325,6,0.07594501718213058,False,0.17353834492328435,0.06449625831128603,0.0,0.08408641799429484,0.011613716970804377
lightskew_short_baseline,power_0.84,15.436172,shift_h,MX1,325,6,0.07594501718213058,False,0.20748007180086536,0.10269254878334722,0.0,0.09586161249561465,0.010814619852341334
lightskew_short_baseline,power_0.84,15.436172,crew_veh_h,MX2,MX2,6,0.0,False,0.0411534770922759,0.07889257345101863,0.0,0.10257296509054603,0.0
lightskew_short_baseline,power_0.84,15.436172,crew_team_h,MX2,MX2,6,0.0,False,0.0411534770922759,0.07889257345101863,0.0,0.10257296509054603,0.0
lightskew_short_baseline,power_0.84,15.436172,shift_ot_h,MX2,325,6,0.07594501718213058,False,0.1703255747892083,0.07614641584080228,0.0,0.09920975316250402,0.01322842431461213
lightskew_short_baseline,power_0.84,19.263424,shift_h,MX1,325,6,0.07594501718213058,False,0.20886224969387923,0.12166821833362951,0.0,0.11344519389302143,0.012798310127365209
lightskew_short_baseline,power_0.84,19.263424,crew_veh_h,MX2,MX2,6,0.0,False,0.048229234640994934,0.09357753063414487,0.0,0.12046644156636876,0.0
lightskew_short_baseline,power_0.84,19.263424,crew_team_h,MX1,MX2,6,0.0,False,0.04906746195498779,0.09445202118053797,0.0,0.12046644156636876,0.0
lightskew_short_baseline,power_0.84,19.263424,shift_ot_h,MX1,325,6,0.07594501718213058,False,0.17152370419450946,0.093774056555326,0.0,0.1163523370509103,0.01505872535526076
lightskew_short_baseline,power_0.84,24.039607,shift_h,MX1,325,6,0.07594501718213058,False,0.21040254459274155,0.1428146475729677,0.0,0.13299297263868692,0.015003591163105234
lightskew_short_baseline,power_0.84,24.039607,crew_veh_h,MX2,MX2,6,0.0,False,0.05593583110392397,0.1095717246559893,0.0,0.13968238134116473,0.0
lightskew_short_baseline,power_0.84,24.039607,crew_team_h,MX1,325,6,0.07594501718213058,False,0.06186118303605226,0.11883263149192258,0.0,0.1427819170357898,0.002719648689293086
lightskew_short_baseline,power_0.84,24.039607,shift_ot_h,MX1,325,6,0.07594501718213058,False,0.17511981866705817,0.11559255883753461,0.0,0.13544364670092723,0.017097090408465965
lightskew_short_baseline,power_0.84,30.0,shift_h,MX1,325,6,0.07594501718213058,False,0.21208576125240897,0.1659232237387518,0.0,0.15429775120932798,0.01740708798818047
lightskew_short_baseline,power_0.84,30.0,crew_veh_h,MX2,MX2,6,0.0,False,0.0641498133756051,0.12661894216338254,0.0,0.15985704327040384,0.0
lightskew_short_baseline,power_0.84,30.0,crew_team_h,MX1,325,6,0.07594501718213058,False,0.07458230638743735,0.1452264911202561,0.0,0.16756720668968583,0.006647511832615249
lightskew_short_baseline,power_0.84,30.0,shift_ot_h,MX1,325,6,0.07594501718213058,False,0.17907211641785592,0.13957211181172902,0.0,0.15629155943377726,0.01932300667748854
lightskew_short_baseline,power_0.96,5.1,shift_h,MX1,325,6,0.07594501718213058,False,0.20292829093267706,0.04707480067775949,0.0,0.0445259042325008,0.005392398908371732
lightskew_short_baseline,power_0.96,5.1,crew_veh_h,MX2,MX2,6,0.0,False,0.0164142866790995,0.033917992567919386,0.0,0.04639888197116515,0.0
lightskew_short_baseline,power_0.96,5.1,crew_team_h,MX2,MX2,6,0.0,False,0.0164142866790995,0.033917992567919386,0.0,0.04639888197116515,0.0
lightskew_short_baseline,power_0.96,5.1,shift_ot_h,MX2,325,6,0.07594501718213058,False,0.18047406109614728,0.03717861806791323,0.0,0.04940523080691084,0.008312340935054507
lightskew_short_baseline,power_0.96,6.364497,shift_h,MX1,325,6,0.07594501718213058,False,0.2035791629827608,0.05753812987859064,0.0,0.05439325877768275,0.006587404665023167
lightskew_short_baseline,power_0.96,6.364497,crew_veh_h,MX2,MX2,6,0.0,False,0.019947164772330384,0.04262088109344542,0.0,0.05756531729917769,0.0
lightskew_short_baseline,power_0.96,6.364497,crew_team_h,MX2,MX2,6,0.0,False,0.019947164772330384,0.04262088109344542,0.0,0.05756531729917769,0.0
lightskew_short_baseline,power_0.96,6.364497,shift_ot_h,MX2,325,6,0.07594501718213058,False,0.1783016267507329,0.04457982429783214,0.0,0.058988681397312615,0.009424732882091114
lightskew_short_baseline,power_0.96,7.942513,shift_h,MX1,325,6,0.07594501718213058,False,0.20435479391880773,0.07000706570271276,0.0,0.0661380560999516,0.008009781893544954
lightskew_short_baseline,power_0.96,7.942513,crew_veh_h,MX2,MX2,6,0.0,False,0.024104451817603012,0.05286193803592676,0.0,0.07060666343928079,0.0
lightskew_short_baseline,power_0.96,7.942513,crew_team_h,MX2,MX2,6,0.0,False,0.024104451817603012,0.05286193803592676,0.0,0.07060666343928079,0.0
lightskew_short_baseline,power_0.96,7.942513,shift_ot_h,MX2,325,6,0.07594501718213058,False,0.1757239980358276,0.05336147597050345,0.0,0.0704055413804896,0.010749936469872656
lightskew_short_baseline,power_0.96,9.911784,shift_h,MX1,325,6,0.07594501718213058,False,0.20526992727286575,0.08471862313545242,0.0,0.07997579488918483,0.009685628994858364
lightskew_short_baseline,power_0.96,9.911784,crew_veh_h,MX2,MX2,6,0.0,False,0.028937163821210365,0.0647668361766105,0.0,0.08563435062928204,0.0
lightskew_short_baseline,power_0.96,9.911784,crew_team_h,MX2,MX2,6,0.0,False,0.028937163821210365,0.0647668361766105,0.0,0.08563435062928204,0.0
lightskew_short_baseline,power_0.96,9.911784,shift_ot_h,MX2,325,6,0.07594501718213058,False,0.17269834035787746,0.06366950507293212,0.0,0.08387084873665107,0.012312912073082716
lightskew_short_baseline,power_0.96,12.369317,shift_h,MX1,325,6,0.07594501718213058,False,0.20633703716546492,0.10187333441594837,0.0,0.09608505795861966,0.011636573598626576
lightskew_short_baseline,power_0.96,12.369317,crew_veh_h,MX2,MX2,6,0.0,False,0.03447597147411918,0.07841112966637387,0.0,0.1026850171948277,0.0
lightskew_short_baseline,power_0.96,12.369317,crew_team_h,MX2,MX2,6,0.0,False,0.03447597147411918,0.07841112966637387,0.0,0.1026850171948277,0.0
lightskew_short_baseline,power_0.96,12.369317,shift_ot_h,MX2,325,6,0.07594501718213058,False,0.16919132554674077,0.07561745642225248,0.0,0.09956557981625225,0.014134666387894734
lightskew_short_baseline,power_0.96,15.436172,shift_h,MX1,325,6,0.07594501718213058,False,0.2075644410119566,0.1216049091648721,0.0,0.11457893697991084,0.013876311898498361
lightskew_short_baseline,power_0.96,15.436172,crew_veh_h,MX2,MX2,6,0.0,False,0.040721856831066994,0.0937972376979197,0.0,0.12169462971795131,0.0
lightskew_short_baseline,power_0.96,15.436172,crew_team_h,MX2,MX2,6,0.0,False,0.040721856831066994,0.0937972376979197,0.0,0.12169462971795131,0.0
lightskew_short_baseline,power_0.96,15.436172,shift_ot_h,MX1,325,6,0.07594501718213058,False,0.1685746491625355,0.09243375598757098,0.0,0.11760886552912919,0.01622902744665411
lightskew_short_baseline,power_0.96,19.263424,shift_h,MX1,325,6,0.07594501718213058,False,0.20895417969674934,0.14394615635815589,0.0,0.1354734618429625,0.01640678522643202
lightskew_short_baseline,power_0.96,19.263424,crew_veh_h,MX2,MX2,6,0.0,False,0.04763749992848609,0.1108332263085885,0.0,0.1424782500466948,0.0
lightskew_short_baseline,power_0.96,19.263424,crew_team_h,MX1,325,6,0.07594501718213058,False,0.051189923717742,0.11857806404938076,0.0,0.1465558748407434,0.0035691049644770434
lightskew_short_baseline,power_0.96,19.263424,shift_ot_h,MX1,325,6,0.07594501718213058,False,0.17181615786286408,0.11519019114142592,0.0,0.13802691813585866,0.018599037818141984
lightskew_short_baseline,power_0.96,24.039607,shift_h,MX1,325,6,0.07594501718213058,False,0.21049996958639694,0.16879606117219947,0.0,0.15865783448624415,0.019214575161030423
lightskew_short_baseline,power_0.96,24.039607,crew_veh_h,MX2,MX2,6,0.0,False,0.05514143721920339,0.12931841827396617,0.0,0.1647216832887186,0.0
lightskew_short_baseline,power_0.96,24.039607,crew_team_h,MX1,325,6,0.07594501718213058,False,0.06303660959133017,0.14681966665630197,0.0,0.17398713841008906,0.007955080818284888
lightskew_short_baseline,power_0.96,24.039607,shift_ot_h,MX1,325,6,0.07594501718213058,False,0.1754405215334438,0.14063439150256496,0.0,0.16072319902519938,0.02123349185438106
lightskew_short_baseline,power_0.96,30.0,shift_h,MX1,325,6,0.07594501718213058,False,0.2121856690598658,0.19589513313620577,0.0,0.183873227008571,0.022268335830360364
lightskew_short_baseline,power_0.96,30.0,crew_veh_h,MX1,MX2,6,0.0,False,0.06395521016501182,0.14985768703807856,0.0,0.18799035411948606,0.0
lightskew_short_baseline,power_0.96,30.0,crew_team_h,MX1,325,6,0.07594501718213058,False,0.07583379861902584,0.1773271968518637,0.0,0.2029405357468208,0.012584430147511982
lightskew_short_baseline,power_0.96,30.0,shift_ot_h,MX1,325,6,0.07594501718213058,False,0.17941576881863952,0.16854190785657863,0.0,0.18545636038533098,0.02410437528642162
lightskew_short_tight,affine,5.1,shift_h,MX1,MX2,6,0.0003436426116838488,False,0.20738063370980941,0.036903168549046406,0.0,0.03056465170859779,0.0
lightskew_short_tight,affine,5.1,crew_veh_h,MX2,MX2,6,0.0003436426116838488,False,0.016266890629539343,0.018150350709001284,0.0,0.027957088703715938,0.0
lightskew_short_tight,affine,5.1,crew_team_h,MX2,MX2,6,0.0003436426116838488,False,0.016273528807970283,0.018565836609254704,0.0,0.02836985929488467,0.0
lightskew_short_tight,affine,5.1,shift_ot_h,MX1,MX2,6,0.0003436426116838488,False,0.20293739336081829,0.0292612899215432,0.0,0.02495460073002409,0.0
lightskew_short_tight,affine,6.364497,shift_h,MX1,MX2,6,0.0003436426116838488,False,0.20902629177525744,0.04513145887628722,0.0,0.037328765456389634,0.0
lightskew_short_tight,affine,6.364497,crew_veh_h,MX2,MX2,6,0.0003436426116838488,False,0.019800069139343845,0.02514798296728471,0.0,0.036907531024967355,0.0
lightskew_short_tight,affine,6.364497,crew_team_h,MX2,MX2,6,0.0003436426116838488,False,0.01980795002436997,0.02555601555199738,0.0,0.037312227964769296,0.0
lightskew_short_tight,affine,6.364497,shift_ot_h,MX1,MX2,6,0.0003436426116838488,False,0.20464173703752842,0.03749646330917833,0.0,0.03174313222046621,0.0
lightskew_short_tight,affine,7.942513,shift_h,MX1,MX2,6,0.0003436426116838488,False,0.2109898502551113,0.05494925127555672,0.0,0.04537548457898355,0.0
lightskew_short_tight,affine,7.942513,crew_veh_h,MX2,MX2,6,0.0003436426116838488,False,0.023972399118570076,0.033411485865260326,0.0,0.04739756977845855,0.0
lightskew_short_tight,affine,7.942513,crew_team_h,MX2,MX2,6,0.0003436426116838488,False,0.023981656017830755,0.03381053587156635,0.0,0.047792548248379196,0.0
lightskew_short_tight,affine,7.942513,shift_ot_h,MX1,MX2,6,0.0003436426116838488,False,0.2066769050557058,0.047330138131740584,0.0,0.03982424107684679,0.0
lightskew_short_tight,affine,9.911784,shift_h,MX1,MX2,6,0.0003436426116838488,False,0.21331001699889418,0.06655008499447024,0.0,0.054850025189012275,0.0
lightskew_short_tight,affine,9.911784,crew_veh_h,MX2,MX2,6,0.0003436426116838488,False,0.028842675407514395,0.0430573054500043,0.0,0.05953475865811564,0.0
lightskew_short_tight,affine,9.911784,crew_team_h,MX2,MX2,6,0.0003436426116838488,False,0.028853413168206332,0.04344562239965155,0.0,0.05991814786648919,0.0
lightskew_short_tight,affine,9.911784,shift_ot_h,MX1,MX2,6,0.0003436426116838488,False,0.20908391555441574,0.058960508856613414,0.0,0.049346722508635255,0.0
lightskew_short_tight,affine,12.369317,shift_h,MX1,MX2,6,0.0003436426116838488,False,0.21602022144035105,0.08010110720175567,0.0,0.06587152564525423,0.0
lightskew_short_tight,affine,12.369317,crew_veh_h,MX2,MX2,6,0.0003436426116838488,False,0.03445126077646843,0.05416538215550304,0.0,0.07337029703063402,0.0
lightskew_short_tight,affine,12.369317,crew_team_h,MX2,MX2,6,0.0003436426116838488,False,0.0344635366402688,0.05454100819538987,0.0,0.0737400241672963,0.0
lightskew_short_tight,affine,12.369317,shift_ot_h,MX1,MX2,6,0.0003436426116838488,False,0.21189862497659173,0.07256082928739138,0.0,0.06043414060919017,0.0
lightskew_short_tight,affine,15.436172,shift_h,MX1,MX2,6,0.0003436426116838488,False,0.2191438453198733,0.09571922659936649,0.0,0.07851348056000074,0.0
lightskew_short_tight,affine,15.436172,crew_veh_h,MX2,MX2,6,0.0003436426116838488,False,0.040810338001616264,0.06675984456382089,0.0,0.08887681191718788,0.0
lightskew_short_tight,affine,15.436172,crew_team_h,MX2,MX2,6,0.0003436426116838488,False,0.04082414122331368,0.06712065320578309,0.0,0.08923065577736522,0.0
lightskew_short_tight,affine,15.436172,shift_ot_h,MX1,MX2,6,0.0003436426116838488,False,0.2151467953693489,0.08825557838199138,0.0,0.0731651652656804,0.0
lightskew_short_tight,affine,19.263424,shift_h,MX1,MX2,6,0.0003436426116838488,False,0.22268877266185694,0.11344386330928535,0.0,0.09278228920210996,0.0
lightskew_short_tight,affine,19.263424,crew_veh_h,MX2,MX2,6,0.0003436426116838488,False,0.04789435171979273,0.08079007903254976,0.0,0.1059294678155922,0.0
lightskew_short_tight,affine,19.263424,crew_team_h,MX1,MX2,6,0.0003436426116838488,False,0.051491199553289846,0.0848290153326674,0.0,0.10626514773268525,0.0
lightskew_short_tight,affine,19.263424,shift_ot_h,MX1,MX2,6,0.0003436426116838488,False,0.21883839739934685,0.10609293314242207,0.0,0.08755181258421407,0.0
lightskew_short_tight,affine,24.039607,shift_h,MX1,MX2,6,0.0003436426116838488,False,0.22664199263243612,0.13320996316218014,0.0,0.10859726306638562,0.0
lightskew_short_tight,affine,24.039607,crew_veh_h,MX2,MX2,6,0.0003436426116838488,False,0.05563264169097959,0.09611613951210463,0.0,0.12429554568263002,0.0
lightskew_short_tight,affine,24.039607,crew_team_h,MX1,MX2,6,0.0003436426116838488,False,0.06646843157208226,0.10767803488528638,0.0,0.12461084612779172,0.0
lightskew_short_tight,affine,24.039607,shift_ot_h,MX1,MX2,6,0.0003436426116838488,False,0.22296188400834382,0.1260170996416501,0.0,0.10351887907862234,0.0
lightskew_short_tight,affine,30.0,shift_h,MX1,MX2,6,0.0003436426116838488,False,0.23096536098880094,0.15482680494400447,0.0,0.12577673576422654,0.0
lightskew_short_tight,affine,30.0,crew_veh_h,MX2,MX2,6,0.0003436426116838488,False,0.06390658249178482,0.11250308256923458,0.0,0.1436373878195083,0.0
lightskew_short_tight,affine,30.0,crew_team_h,MX1,MX2,6,0.0003436426116838488,False,0.08270889643975221,0.13245422175609223,0.0,0.1439303106518195,0.0
lightskew_short_tight,affine,30.0,shift_ot_h,MX1,MX2,6,0.0003436426116838488,False,0.2274795683777191,0.14784597993193493,0.0,0.12088921776133077,0.0
lightskew_short_tight,piecewise,5.1,shift_h,MX1,MX2,6,0.0003436426116838488,False,0.20800438778632957,0.04002193893164807,0.0,0.03313062380922993,0.0
lightskew_short_tight,piecewise,5.1,crew_veh_h,MX2,MX2,6,0.0003436426116838488,False,0.016238441257439673,0.020741976424610842,0.0,0.03135090929903761,0.0
lightskew_short_tight,piecewise,5.1,crew_team_h,MX2,MX2,6,0.0003436426116838488,False,0.01624505623226402,0.021157791118233904,0.0,0.03176432966494769,0.0
lightskew_short_tight,piecewise,5.1,shift_ot_h,MX1,MX2,6,0.0003436426116838488,False,0.20355350475442235,0.032330581266949654,0.0,0.02749153071614452,0.0
lightskew_short_tight,piecewise,6.364497,shift_h,MX1,MX2,6,0.0003436426116838488,False,0.20978740677951468,0.04893703389757298,0.0,0.040450936770655144,0.0
lightskew_short_tight,piecewise,6.364497,crew_veh_h,MX2,MX2,6,0.0003436426116838488,False,0.019757935200181542,0.02828642277382376,0.0,0.04100399387416753,0.0
lightskew_short_tight,piecewise,6.364497,crew_team_h,MX2,MX2,6,0.0003436426116838488,False,0.01976578257368522,0.02869483324517108,0.0,0.0414094414678694,0.0
lightskew_short_tight,piecewise,6.364497,shift_ot_h,MX1,MX2,6,0.0003436426116838488,False,0.20539374908862595,0.04124301445583822,0.0,0.03483090147920187,0.0
lightskew_short_tight,piecewise,7.942513,shift_h,MX1,MX2,6,0.0003436426116838488,False,0.21191404252766977,0.05957021263834861,0.0,0.049153826548707924,0.0
lightskew_short_tight,piecewise,7.942513,crew_veh_h,MX2,MX2,6,0.0003436426116838488,False,0.023910664758530986,0.03718828362809967,0.0,0.052308538971274965,0.0
lightskew_short_tight,piecewise,7.942513,crew_team_h,MX2,MX2,6,0.0003436426116838488,False,0.02391987403279683,0.03758776024097976,0.0,0.05270437095109126,0.0
lightskew_short_tight,piecewise,7.942513,shift_ot_h,MX1,MX2,6,0.0003436426116838488,False,0.20759036469445857,0.05188137886472943,0.0,0.04356228702879128,0.0
lightskew_short_tight,piecewise,9.911784,shift_h,MX1,MX2,6,0.0003436426116838488,False,0.21442575651555962,0.07212878257779898,0.0,0.05939332412114795,0.0
lightskew_short_tight,piecewise,9.911784,crew_veh_h,MX2,MX2,6,0.0003436426116838488,False,0.02875335557955272,0.04756915703757647,0.0,0.06537602405056142,0.0
lightskew_short_tight,piecewise,9.911784,crew_team_h,MX2,MX2,6,0.0003436426116838488,False,0.0287640269256495,0.047957945504518706,0.0,0.0657603660272228,0.0
lightskew_short_tight,piecewise,9.911784,shift_ot_h,MX1,MX2,6,0.0003436426116838488,False,0.21018715204313376,0.06445780326700246,0.0,0.053843441507303025,0.0
lightskew_short_tight,piecewise,12.369317,shift_h,MX1,MX2,6,0.0003436426116838488,False,0.21735813654981517,0.08679068274907586,0.0,0.07129428895514223,0.0
lightskew_short_tight,piecewise,12.369317,crew_veh_h,MX2,MX2,6,0.0003436426116838488,False,0.03432390296549093,0.05951027600884995,0.0,0.08025621993806253,0.0
lightskew_short_tight,piecewise,12.369317,crew_team_h,MX2,MX2,6,0.0003436426116838488,False,0.03433608821932266,0.05988641043807652,0.0,0.08062698859424877,0.0
lightskew_short_tight,piecewise,12.369317,shift_ot_h,MX1,MX2,6,0.0003436426116838488,False,0.21322217753510886,0.07915664592666993,0.0,0.06580388104008295,0.0
lightskew_short_tight,piecewise,15.436172,shift_h,MX1,MX2,6,0.0003436426116838488,False,0.2207357274620798,0.10367863731039928,0.0,0.08493127134564005,0.0
lightskew_short_tight,piecewise,15.436172,crew_veh_h,MX2,MX2,6,0.0003436426116838488,False,0.04063174703493,0.07303187653872856,0.0,0.09691357021421698,0.0
lightskew_short_tight,piecewise,15.436172,crew_team_h,MX2,MX2,6,0.0003436426116838488,False,0.040645429691583246,0.07339321780057917,0.0,0.09726852624649318,0.0
lightskew_short_tight,piecewise,15.436172,shift_ot_h,MX1,MX2,6,0.0003436426116838488,False,0.21672244345920944,0.0961086808342475,0.0,0.07952365181976595,0.0
lightskew_short_tight,piecewise,19.263424,shift_h,MX1,MX2,6,0.0003436426116838488,False,0.22456615498808885,0.12283077494044425,0.0,0.10030554449027629,0.0
lightskew_short_tight,piecewise,19.263424,crew_veh_h,MX2,MX2,6,0.0003436426116838488,False,0.04764856527493744,0.08807324601262301,0.0,0.11520746322877873,0.0
lightskew_short_tight,piecewise,19.263424,crew_team_h,MX1,MX2,6,0.0003436426116838488,False,0.0539403562042009,0.09493842818369824,0.0,0.11554430066768884,0.0
lightskew_short_tight,piecewise,19.263424,shift_ot_h,MX1,MX2,6,0.0003436426116838488,False,0.22069776372915295,0.1153614374665024,0.0,0.09501003961409382,0.0
lightskew_short_tight,piecewise,24.039607,shift_h,MX1,MX2,6,0.0003436426116838488,False,0.22883435000592667,0.144171750029634,0.0,0.1173239908446071,0.0
lightskew_short_tight,piecewise,24.039607,crew_veh_h,MX2,MX2,6,0.0003436426116838488,False,0.05530129033834541,0.10447775603748655,0.0,0.13488191414463135,0.0
lightskew_short_tight,piecewise,24.039607,crew_team_h,MX1,MX2,6,0.0003436426116838488,False,0.0692861438105492,0.11942637164011849,0.0,0.1351983866645461,0.0
lightskew_short_tight,piecewise,24.039607,shift_ot_h,MX1,MX2,6,0.0003436426116838488,False,0.22513465213289097,0.13684960114667266,0.0,0.1121758459241673,0.0
lightskew_short_tight,piecewise,30.0,shift_h,MX1,MX2,6,0.0003436426116838488,False,0.2334980762393981,0.16749038119699078,0.0,0.1357848742720571,0.0
lightskew_short_tight,piecewise,30.0,crew_veh_h,MX2,MX2,6,0.0003436426116838488,False,0.06346972877373513,0.12198775791140215,0.0,0.15556979660939851,0.0
lightskew_short_tight,piecewise,30.0,crew_team_h,MX1,MX2,6,0.0003436426116838488,False,0.08591108772625655,0.14595552068200845,0.0,0.15586387272911262,0.0
lightskew_short_tight,piecewise,30.0,shift_ot_h,MX1,MX2,6,0.0003436426116838488,False,0.2299914534620615,0.1603714327607737,0.0,0.1308242682622187,0.0
lightskew_short_tight,power_0.72,5.1,shift_h,MX1,MX2,6,0.0003436426116838488,False,0.20654011942049277,0.03270059710246431,0.0,0.02710278471151928,0.0
lightskew_short_tight,power_0.72,5.1,crew_veh_h,MX2,MX2,6,0.0003436426116838488,False,0.016305313251773867,0.014650201197960788,0.0,0.023373827391743207,0.0
lightskew_short_tight,power_0.72,5.1,crew_team_h,MX2,MX2,6,0.0003436426116838488,False,0.016311982832608596,0.015065237170055923,0.0,0.023785713034064626,0.0
lightskew_short_tight,power_0.72,5.1,shift_ot_h,MX1,MX2,6,0.0003436426116838488,False,0.2021072049140613,0.025125527718249385,0.0,0.021532063913130894,0.0
lightskew_short_tight,power_0.72,6.364497,shift_h,MX1,MX2,6,0.0003436426116838488,False,0.20800025982862302,0.04000129914311512,0.0,0.03311365110864295,0.0
lightskew_short_tight,power_0.72,6.364497,crew_veh_h,MX2,MX2,6,0.0003436426116838488,False,0.01985702444471027,0.020905540862203198,0.0,0.03137060216816212,0.0
lightskew_short_tight,power_0.72,6.364497,crew_team_h,MX2,MX2,6,0.0003436426116838488,False,0.019864950743075704,0.021313054180343904,0.0,0.031774273890097904,0.0
lightskew_short_tight,power_0.72,6.364497,shift_ot_h,MX1,MX2,6,0.0003436426116838488,False,0.20362801636419237,0.03244607037260483,0.0,0.027574678452427115,0.0
lightskew_short_tight,power_0.72,7.942513,shift_h,MX1,MX2,6,0.0003436426116838488,False,0.20974336713780173,0.048716835689007754,0.0,0.040270388755484054,0.0
lightskew_short_tight,power_0.72,7.942513,crew_veh_h,MX2,MX2,6,0.0003436426116838488,False,0.02405593770024894,0.02830074480961886,0.0,0.04075301718572466,0.0
lightskew_short_tight,power_0.72,7.942513,crew_team_h,MX2,MX2,6,0.0003436426116838488,False,0.024065259241015546,0.028699205573541775,0.0,0.041146826023491956,0.0
lightskew_short_tight,power_0.72,7.942513,shift_ot_h,MX1,MX2,6,0.0003436426116838488,False,0.20544495497086612,0.04119204382602293,0.0,0.03477390080278542,0.0
lightskew_short_tight,power_0.72,9.911784,shift_h,MX1,MX2,6,0.0003436426116838488,False,0.2118043146099926,0.05902157304996192,0.0,0.04870553136209743,0.0
lightskew_short_tight,power_0.72,9.911784,crew_veh_h,MX2,MX2,6,0.0003436426116838488,False,0.028963691398482982,0.03694437169908826,0.0,0.051622271165072675,0.0
lightskew_short_tight,power_0.72,9.911784,crew_team_h,MX2,MX2,6,0.0003436426116838488,False,0.028974519470541527,0.03733203321029066,0.0,0.05200434947164512,0.0
lightskew_short_tight,power_0.72,9.911784,shift_ot_h,MX1,MX2,6,0.0003436426116838488,False,0.2075951680534598,0.05154225955179492,0.0,0.04326566166628032,0.0
lightskew_short_tight,power_0.72,12.369317,shift_h,MX1,MX2,6,0.0003436426116838488,False,0.2142134651580938,0.07106732579046882,0.0,0.05852951546803653,0.0
lightskew_short_tight,power_0.72,12.369317,crew_veh_h,MX2,MX2,6,0.0003436426116838488,False,0.03462405785363165,0.04691351414272393,0.0,0.06403029542171379,0.0
lightskew_short_tight,power_0.72,12.369317,crew_team_h,MX2,MX2,6,0.0003436426116838488,False,0.034636457192439574,0.04728842789256471,0.0,0.06439858275181742,0.0
lightskew_short_tight,power_0.72,12.369317,shift_ot_h,MX1,MX2,6,0.0003436426116838488,False,0.21011137850975392,0.06365423173023244,0.0,0.053164523385086815,0.0
lightskew_short_tight,power_0.72,15.436172,shift_h,MX1,MX2,6,0.0003436426116838488,False,0.21699244313088606,0.08496221565442985,0.0,0.06981326476921468,0.0
lightskew_short_tight,power_0.72,15.436172,crew_veh_h,MX2,MX2,6,0.0003436426116838488,False,0.04105303745301092,0.058236352319595674,0.0,0.07795953241427567,0.0
lightskew_short_tight,power_0.72,15.436172,crew_team_h,MX2,MX2,6,0.0003436426116838488,False,0.04106700536675145,0.05859640738502758,0.0,0.07831183028936173,0.0
lightskew_short_tight,power_0.72,15.436172,shift_ot_h,MX1,MX2,6,0.0003436426116838488,False,0.21301748909983287,0.07764301813180507,0.0,0.06454616053023798,0.0
lightskew_short_tight,power_0.72,19.263424,shift_h,MX1,MX2,6,0.0003436426116838488,False,0.2201492682968147,0.10074634148407324,0.0,0.08256886604104041,0.0
lightskew_short_tight,power_0.72,19.263424,crew_veh_h,MX2,MX2,6,0.0003436426116838488,False,0.048228966842912335,0.07087473232913166,0.0,0.09330534367354781,0.0
lightskew_short_tight,power_0.72,19.263424,crew_team_h,MX2,MX2,6,0.0003436426116838488,False,0.04824441420495096,0.0712177251562871,0.0,0.09363940429178919,0.0
lightskew_short_tight,power_0.72,19.263424,shift_ot_h,MX1,MX2,6,0.0003436426116838488,False,0.21632347037750588,0.0935566127826204,0.0,0.0774277438251827,0.0
lightskew_short_tight,power_0.72,24.039607,shift_h,MX1,MX2,6,0.0003436426116838488,False,0.2236734889138663,0.11836744456933168,0.0,0.09673123234400927,0.0
lightskew_short_tight,power_0.72,24.039607,crew_veh_h,MX2,MX2,6,0.0003436426116838488,False,0.056084629630307026,0.08471027141255472,0.0,0.10986566129411846,0.0
lightskew_short_tight,power_0.72,24.039607,crew_team_h,MX1,MX2,6,0.0003436426116838488,False,0.06265152929484796,0.09176361583956161,0.0,0.1101793101502273,0.0
lightskew_short_tight,power_0.72,24.039607,shift_ot_h,MX1,MX2,6,0.0003436426116838488,False,0.2200201729069906,0.11135097417122419,0.0,0.09174907579237157,0.0
lightskew_short_tight,power_0.72,30.0,shift_h,MX1,MX2,6,0.0003436426116838488,False,0.22753228861778485,0.13766144308892403,0.0,0.11214486524336742,0.0
lightskew_short_tight,power_0.72,30.0,crew_veh_h,MX2,MX2,6,0.0003436426116838488,False,0.06450373292214873,0.09953815236851482,0.0,0.12734240974942357,0.0
lightskew_short_tight,power_0.72,30.0,crew_team_h,MX1,MX2,6,0.0003436426116838488,False,0.07836632800864662,0.11414478635737235,0.0,0.12763369417452242,0.0
lightskew_short_tight,power_0.72,30.0,shift_ot_h,MX1,MX2,6,0.0003436426116838488,False,0.22407506761572482,0.13086952110986694,0.0,0.1073585948959912,0.0
lightskew_short_tight,power_0.84,5.1,shift_h,MX1,MX2,6,0.0003436426116838488,False,0.2079270262158408,0.039635131079204244,0.0,0.03281252113662192,0.0
lightskew_short_tight,power_0.84,5.1,crew_veh_h,MX2,MX2,6,0.0003436426116838488,False,0.01624196673634648,0.02042081918560501,0.0,0.030930332833410512,0.0
lightskew_short_tight,power_0.84,5.1,crew_team_h,MX2,MX2,6,0.0003436426116838488,False,0.016248584584382497,0.02083659333560539,0.0,0.031343672931181565,0.0
lightskew_short_tight,power_0.84,5.1,shift_ot_h,MX1,MX2,6,0.0003436426116838488,False,0.2034770901372538,0.03194990542557963,0.0,0.02717702330688132,0.0
lightskew_short_tight,power_0.84,6.364497,shift_h,MX1,MX2,6,0.0003436426116838488,False,0.20969302342333584,0.048465117116679446,0.0,0.040063980016622036,0.0
lightskew_short_tight,power_0.84,6.364497,crew_veh_h,MX2,MX2,6,0.0003436426116838488,False,0.019763154749353973,0.02789763308978732,0.0,0.04049650599874188,0.0
lightskew_short_tight,power_0.84,6.364497,crew_team_h,MX2,MX2,6,0.0003436426116838488,False,0.01977100627038575,0.02830599703710579,0.0,0.04090186096031001,0.0
lightskew_short_tight,power_0.84,6.364497,shift_ot_h,MX1,MX2,6,0.0003436426116838488,False,0.20530049318998111,0.04077841020715578,0.0,0.03444820107398483,0.0
lightskew_short_tight,power_0.84,7.942513,shift_h,MX1,MX2,6,0.0003436426116838488,False,0.21179945750964535,0.05899728754822697,0.0,0.048685685723503846,0.0
lightskew_short_tight,power_0.84,7.942513,crew_veh_h,MX2,MX2,6,0.0003436426116838488,False,0.02391830940305062,0.03672059794540594,0.0,0.0517003752689662,0.0
lightskew_short_tight,power_0.84,7.942513,crew_team_h,MX2,MX2,6,0.0003436426116838488,False,0.023927524568114755,0.037120022138580566,0.0,0.05209610205745041,0.0
lightskew_short_tight,power_0.84,7.942513,shift_ot_h,MX1,MX2,6,0.0003436426116838488,False,0.2074771083745628,0.05131708816757086,0.0,0.04309912834243046,0.0
lightskew_short_tight,power_0.84,9.911784,shift_h,MX1,MX2,6,0.0003436426116838488,False,0.21428745267243232,0.07143726336216183,0.0,0.05883060325208911,0.0
lightskew_short_tight,power_0.84,9.911784,crew_veh_h,MX2,MX2,6,0.0003436426116838488,False,0.028764411099880594,0.04701070469747193,0.0,0.0646529691296589,0.0
lightskew_short_tight,power_0.84,9.911784,crew_team_h,MX2,MX2,6,0.0003436426116838488,False,0.028775090655236646,0.04739943536678526,0.0,0.06503719385910123,0.0
lightskew_short_tight,power_0.84,9.911784,shift_ot_h,MX1,MX2,6,0.0003436426116838488,False,0.2100503952334516,0.06377636057258762,0.0,0.053286475001797395,0.0
lightskew_short_tight,power_0.84,12.369317,shift_h,MX1,MX2,6,0.0003436426116838488,False,0.2171923344095965,0.08596167204798233,0.0,0.07062291604857851,0.0
lightskew_short_tight,power_0.84,12.369317,crew_veh_h,MX2,MX2,6,0.0003436426116838488,False,0.03433965830623853,0.0588490631372276,0.0,0.07940427558755458,0.0
lightskew_short_tight,power_0.84,12.369317,crew_team_h,MX2,MX2,6,0.0003436426116838488,False,0.034351854751163646,0.0592251354372888,0.0,0.07977491630343514,0.0
lightskew_short_tight,power_0.84,12.369317,shift_ot_h,MX1,MX2,6,0.0003436426116838488,False,0.2130581513769807,0.07833923489444605,0.0,0.0651390521461852,0.0
lightskew_short_tight,power_0.84,15.436172,shift_h,MX1,MX2,6,0.0003436426116838488,False,0.22053850975666944,0.10269254878334722,0.0,0.08413708208503823,0.0
lightskew_short_tight,power_0.84,15.436172,crew_veh_h,MX2,MX2,6,0.0003436426116838488,False,0.04065382718892785,0.072256431764252,0.0,0.09591979347150281,0.0
lightskew_short_tight,power_0.84,15.436172,crew_team_h,MX2,MX2,6,0.0003436426116838488,False,0.04066752472302082,0.072617708181403,0.0,0.09627461316960861,0.0
lightskew_short_tight,power_0.84,15.436172,shift_ot_h,MX1,MX2,6,0.0003436426116838488,False,0.21652723166081045,0.09513573626459193,0.0,0.07873677363839993,0.0
lightskew_short_tight,power_0.84,19.263424,shift_h,MX1,MX2,6,0.0003436426116838488,False,0.2243336436667258,0.12166821833362951,0.0,0.09937505104347899,0.0
lightskew_short_tight,power_0.84,19.263424,crew_veh_h,MX2,MX2,6,0.0003436426116838488,False,0.04767893294840708,0.0871733882649548,0.0,0.1140609025726087,0.0
lightskew_short_tight,power_0.84,19.263424,crew_team_h,MX1,MX2,6,0.0003436426116838488,False,0.05363707584779798,0.09368657427253924,0.0,0.11439759846095887,0.0
lightskew_short_tight,power_0.84,19.263424,shift_ot_h,MX1,MX2,6,0.0003436426116838488,False,0.2204674765929857,0.11421351019518888,0.0,0.09408755266078228,0.0
lightskew_short_tight,power_0.84,24.039607,shift_h,MX1,MX2,6,0.0003436426116838488,False,0.22856292951459345,0.1428146475729677,0.0,0.11624528474857532,0.0
lightskew_short_tight,power_0.84,24.039607,crew_veh_h,MX2,MX2,6,0.0003436426116838488,False,0.05534220009067892,0.10344540274107716,0.0,0.13357452578383056,0.0
lightskew_short_tight,power_0.84,24.039607,crew_team_h,MX1,MX2,6,0.0003436426116838488,False,0.068937358733131,0.11797212642351074,0.0,0.13389085536960743,0.0
lightskew_short_tight,power_0.84,24.039607,shift_ot_h,MX1,MX2,6,0.0003436426116838488,False,0.22486564771785567,0.13550845908102582,0.0,0.1111057166424263,0.0
lightskew_short_tight,power_0.84,30.0,shift_h,MX1,MX2,6,0.0003436426116838488,False,0.23318464474775036,0.1659232237387518,0.0,0.13454856451986696,0.0
lightskew_short_tight,power_0.84,30.0,crew_veh_h,MX2,MX2,6,0.0003436426116838488,False,0.06352362235739228,0.12081765651843401,0.0,0.15409719420481327,0.0
lightskew_short_tight,power_0.84,30.0,crew_team_h,MX1,MX2,6,0.0003436426116838488,False,0.08551487529232138,0.1442849825941468,0.0,0.15439113012048344,0.0
lightskew_short_tight,power_0.84,30.0,shift_ot_h,MX1,MX2,6,0.0003436426116838488,False,0.229680588339221,0.15882131151655665,0.0,0.12959693002093298,0.0
lightskew_short_tight,power_0.96,5.1,shift_h,MX1,MX2,6,0.0003436426116838488,False,0.20941496013555194,0.04707480067775949,0.0,0.038923613672253055,0.0
lightskew_short_tight,power_0.96,5.1,crew_veh_h,MX2,MX2,6,0.0003436426116838488,False,0.016174306734207278,0.026584378818751864,0.0,0.039002427800328254,0.0
lightskew_short_tight,power_0.96,5.1,crew_team_h,MX2,MX2,6,0.0003436426116838488,False,0.016180869549321963,0.02700092115274333,0.0,0.0394172959003074,0.0
lightskew_short_tight,power_0.96,5.1,shift_ot_h,MX1,MX2,6,0.0003436426116838488,False,0.2049468573160942,0.03927186656541015,0.0,0.033219298386818696,0.0
lightskew_short_tight,power_0.96,6.364497,shift_h,MX1,MX2,6,0.0003436426116838488,False,0.21150762597571804,0.05753812987859064,0.0,0.04749299851270106,0.0
lightskew_short_tight,power_0.96,6.364497,crew_veh_h,MX2,MX2,6,0.0003436426116838488,False,0.019663068301843056,0.035352793874824595,0.0,0.0502286461802357,0.0
lightskew_short_tight,power_0.96,6.364497,crew_team_h,MX2,MX2,6,0.0003436426116838488,False,0.01967084048376777,0.035762035715752205,0.0,0.05063575970454082,0.0
lightskew_short_tight,power_0.96,6.364497,shift_ot_h,MX1,MX2,6,0.0003436426116838488,False,0.2070934873271899,0.049711171631539486,0.0,0.041795868796382196,0.0
lightskew_short_tight,power_0.96,7.942513,shift_h,MX1,MX2,6,0.0003436426116838488,False,0.21400141314054255,0.07000706570271276,0.0,0.057666379087326636,0.0
lightskew_short_tight,power_0.96,7.942513,crew_veh_h,MX2,MX2,6,0.0003436426116838488,False,0.023771868796288453,0.04567957242343934,0.0,0.06335192237091603,0.0
lightskew_short_tight,power_0.96,7.942513,crew_team_h,MX2,MX2,6,0.0003436426116838488,False,0.02378097144503477,0.04607998073507025,0.0,0.0637496396202939,0.0
lightskew_short_tight,power_0.96,7.942513,shift_ot_h,MX1,MX2,6,0.0003436426116838488,False,0.2096536286237327,0.062161428950622044,0.0,0.05198476777806782,0.0
lightskew_short_tight,power_0.96,9.911784,shift_h,MX1,MX2,6,0.0003436426116838488,False,0.21694372462709066,0.08471862313545242,0.0,0.06961589219042397,0.0
lightskew_short_tight,power_0.96,9.911784,crew_veh_h,MX2,MX2,6,0.0003436426116838488,False,0.028552880534193692,0.057695840802111764,0.0,0.07849022174295084,0.0
lightskew_short_tight,power_0.96,9.911784,crew_team_h,MX2,MX2,6,0.0003436426116838488,False,0.028563403565630363,0.058085649689159746,0.0,0.07887665641303032,0.0
lightskew_short_tight,power_0.96,9.911784,shift_ot_h,MX1,MX2,6,0.0003436426116838488,False,0.21267709359931675,0.07686488183897722,0.0,0.06396220755599336,0.0
lightskew_short_tight,power_0.96,12.369317,shift_h,MX1,MX2,6,0.0003436426116838488,False,0.22037466688318985,0.10187333441594837,0.0,0.08347709697721806,0.0
lightskew_short_tight,power_0.96,12.369317,crew_veh_h,MX2,MX2,6,0.0003436426116838488,False,0.03403861047150891,0.07148329977383439,0.0,0.09568743748009378,0.0
lightskew_short_tight,power_0.96,12.369317,crew_team_h,MX2,MX2,6,0.0003436426116838488,False,0.03405059396967536,0.0718605219336228,0.0,0.0960604785815038,0.0
lightskew_short_tight,power_0.96,12.369317,shift_ot_h,MX1,MX2,6,0.0003436426116838488,False,0.21620658949251337,0.09402922043867923,0.0,0.07786895011928352,0.0
lightskew_short_tight,power_0.96,15.436172,shift_h,MX1,MX2,6,0.0003436426116838488,False,0.22432098183297433,0.1216049091648721,0.0,0.09932436915588361,0.0
lightskew_short_tight,power_0.96,15.436172,crew_veh_h,MX2,MX2,6,0.0003436426116838488,False,0.040232570381583344,0.08705077558990504,0.0,0.11488686517241309,0.0
lightskew_short_tight,power_0.96,15.436172,crew_team_h,MX1,MX2,6,0.0003436426116838488,False,0.04479831662053746,0.09217198499277468,0.0,0.11524422895019604,0.0
lightskew_short_tight,power_0.96,15.436172,shift_ot_h,MX1,MX2,6,0.0003436426116838488,False,0.22027149461806195,0.11379731482435984,0.0,0.09378560706142602,0.0
lightskew_short_tight,power_0.96,19.263424,shift_h,MX1,MX2,6,0.0003436426116838488,False,0.2287892312716313,0.14394615635815589,0.0,0.11714470854305148,0.0
lightskew_short_tight,power_0.96,19.263424,crew_veh_h,MX2,MX2,6,0.0003436426116838488,False,0.047100543763217706,0.10431227083305505,0.0,0.13590997052397746,0.0
lightskew_short_tight,power_0.96,19.263424,crew_team_h,MX1,MX2,6,0.0003436426116838488,False,0.05944661610027513,0.11766668222730337,0.0,0.13624929133030173,0.0
lightskew_short_tight,power_0.96,19.263424,shift_ot_h,MX1,MX2,6,0.0003436426116838488,False,0.2248807903782406,0.13621284257334443,0.0,0.11170608328623843,0.0
lightskew_short_tight,power_0.96,24.039607,shift_h,MX1,MX2,6,0.0003436426116838488,False,0.23375921223444007,0.16879606117219947,0.0,0.13681442821123535,0.0
lightskew_short_tight,power_0.96,24.039607,crew_veh_h,MX2,MX2,6,0.0003436426116838488,False,0.054564460863579134,0.12307157031835558,0.0,0.1584467775943208,0.0
lightskew_short_tight,power_0.96,24.039607,crew_team_h,MX1,MX2,6,0.0003436426116838488,False,0.07561200970488757,0.1458018126017646,0.0,0.1587657387727992,0.0
lightskew_short_tight,power_0.96,24.039607,shift_ot_h,MX1,MX2,6,0.0003436426116838488,False,0.23001612350271117,0.16118654965162138,0.0,0.1315135645458747,0.0
lightskew_short_tight,power_0.96,30.0,shift_h,MX1,MX2,6,0.0003436426116838488,False,0.2391790266272411,0.19589513313620577,0.0,0.1580846099932689,0.0
lightskew_short_tight,power_0.96,30.0,crew_veh_h,MX1,MX2,6,0.0003436426116838488,False,0.06351352545986755,0.14410806621855232,0.0,0.18206346432047815,0.0
lightskew_short_tight,power_0.96,30.0,crew_team_h,MX1,MX2,6,0.0003436426116838488,False,0.09308907657900223,0.1762198504852408,0.0,0.18235996061928872,0.0
lightskew_short_tight,power_0.96,30.0,shift_ot_h,MX1,MX2,6,0.0003436426116838488,False,0.2356264480207566,0.18847019371749685,0.0,0.15296494490704982,0.0
liu_long_baseline,affine,5.1,shift_h,425,425,9,0.0,False,0.125,0.0,0.0,0.0,0.0
liu_long_baseline,affine,5.1,crew_veh_h,425,425,9,0.0,False,0.012732491983302952,0.0,0.0,0.0,0.0
liu_long_baseline,affine,5.1,crew_team_h,425,425,9,0.0,False,0.012732491983302952,0.0,0.0,0.0,0.0
liu_long_baseline,affine,5.1,shift_ot_h,425,425,9,0.0,False,0.11819009893539034,0.0,0.0,0.0,0.0
liu_long_baseline,affine,6.364497,shift_h,425,425,9,0.0,False,0.125,0.0,0.0,0.0,0.0
liu_long_baseline,affine,6.364497,crew_veh_h,425,425,9,0.0,False,0.015497987755347387,0.0,0.0,0.0,0.0
liu_long_baseline,affine,6.364497,crew_team_h,425,425,9,0.0,False,0.015497987755347387,0.0,0.0,0.0,0.0
liu_long_baseline,affine,6.364497,shift_ot_h,425,425,9,0.0,False,0.11834910897705919,0.0,0.0,0.0,0.0
liu_long_baseline,affine,7.942513,shift_h,425,425,9,0.0,False,0.125,0.0,0.0,0.0,0.0
liu_long_baseline,affine,7.942513,crew_veh_h,425,425,9,0.0,False,0.018763757071359688,0.0,0.0,0.0,0.0
liu_long_baseline,affine,7.942513,crew_team_h,425,425,9,0.0,False,0.018763757071359688,0.0,0.0,0.0,0.0
liu_long_baseline,affine,7.942513,shift_ot_h,425,425,9,0.0,False,0.11853742329625061,0.0,0.0,0.0,0.0
liu_long_baseline,affine,9.911784,shift_h,425,425,9,0.0,False,0.125,0.0,0.0,0.0,0.0
liu_long_baseline,affine,9.911784,crew_veh_h,425,425,9,0.0,False,0.02257581766043626,0.0,0.0,0.0,0.0
liu_long_baseline,affine,9.911784,crew_team_h,425,425,9,0.0,False,0.02257581766043626,0.0,0.0,0.0,0.0
liu_long_baseline,affine,9.911784,shift_ot_h,425,425,9,0.0,False,0.11875798112367586,0.0,0.0,0.0,0.0
liu_long_baseline,affine,12.369317,shift_h,425,425,9,0.0,False,0.125,0.0,0.0,0.0,0.0
liu_long_baseline,affine,12.369317,crew_veh_h,425,425,9,0.0,False,0.026965759483199125,0.0,0.0,0.0,0.0
liu_long_baseline,affine,12.369317,crew_team_h,425,425,9,0.0,False,0.026965759483199125,0.0,0.0,0.0,0.0
liu_long_baseline,affine,12.369317,shift_ot_h,425,425,9,0.0,False,0.11901297047781267,0.0,0.0,0.0,0.0
liu_long_baseline,affine,15.436172,shift_h,425,425,9,0.0,False,0.12499999999999978,0.0,0.0,0.0,0.0
liu_long_baseline,affine,15.436172,crew_veh_h,425,425,9,0.0,False,0.03194311492059532,0.0,0.0,0.0,0.0
liu_long_baseline,affine,15.436172,crew_team_h,425,425,9,0.0,False,0.03194311492059532,0.0,0.0,0.0,0.0
liu_long_baseline,affine,15.436172,shift_ot_h,425,425,9,0.0,False,0.11930337825290027,0.0,0.0,0.0,0.0
liu_long_baseline,affine,19.263424,shift_h,425,425,9,0.0,False,0.125,0.0,0.0,0.0,0.0
liu_long_baseline,affine,19.263424,crew_veh_h,425,425,9,0.0,False,0.037487877665210556,0.0,0.0,0.0,0.0
liu_long_baseline,affine,19.263424,crew_team_h,425,425,9,0.0,False,0.037487877665210556,0.0,0.0,0.0,0.0
liu_long_baseline,affine,19.263424,shift_ot_h,425,425,9,0.0,False,0.11962852843795568,0.0,0.0,0.0,0.0
liu_long_baseline,affine,24.039607,shift_h,425,425,9,0.0,False,0.12500000000000022,0.0,0.0,0.0,0.0
liu_long_baseline,affine,24.039607,crew_veh_h,425,425,9,0.0,False,0.04354473705254347,0.0,0.0,0.0,0.0
liu_long_baseline,affine,24.039607,crew_team_h,425,425,9,0.0,False,0.04354473705254347,0.0,0.0,0.0,0.0
liu_long_baseline,affine,24.039607,shift_ot_h,425,425,9,0.0,False,0.11998569535333736,0.0,0.0,0.0,0.0
liu_long_baseline,affine,30.0,shift_h,425,425,9,0.0,False,0.125,0.0,0.0,0.0,0.0
liu_long_baseline,affine,30.0,crew_veh_h,425,425,9,0.0,False,0.05002083981599914,0.0,0.0,0.0,0.0
liu_long_baseline,affine,30.0,crew_team_h,425,425,9,0.0,False,0.05002083981599914,0.0,0.0,0.0,0.0
liu_long_baseline,affine,30.0,shift_ot_h,425,425,9,0.0,False,0.12036989966100387,0.0,0.0,0.0,0.0
liu_long_baseline,piecewise,5.1,shift_h,425,425,9,0.0,False,0.125,0.0,0.0,0.0,0.0
liu_long_baseline,piecewise,5.1,crew_veh_h,425,425,9,0.0,False,0.013022947018909603,0.0,0.0,0.0,0.0
liu_long_baseline,piecewise,5.1,crew_team_h,425,425,9,0.0,False,0.013022947018909603,0.0,0.0,0.0,0.0
liu_long_baseline,piecewise,5.1,shift_ot_h,425,425,9,0.0,False,0.11820677983188999,0.0,0.0,0.0,0.0
liu_long_baseline,piecewise,6.364497,shift_h,425,425,9,0.0,False,0.125,0.0,0.0,0.0,0.0
liu_long_baseline,piecewise,6.364497,crew_veh_h,425,425,9,0.0,False,0.01584262709830586,0.0,0.0,0.0,0.0
liu_long_baseline,piecewise,6.364497,crew_team_h,425,425,9,0.0,False,0.01584262709830586,0.0,0.0,0.0,0.0
liu_long_baseline,piecewise,6.364497,shift_ot_h,425,425,9,0.0,False,0.11836895432105199,0.0,0.0,0.0,0.0
liu_long_baseline,piecewise,7.942513,shift_h,425,425,9,0.0,False,0.125,0.0,0.0,0.0,0.0
liu_long_baseline,piecewise,7.942513,crew_veh_h,425,425,9,0.0,False,0.019168306890186004,0.0,0.0,0.0,0.0
liu_long_baseline,piecewise,7.942513,crew_team_h,425,425,9,0.0,False,0.019168306890186004,0.0,0.0,0.0,0.0
liu_long_baseline,piecewise,7.942513,shift_ot_h,425,425,9,0.0,False,0.11856079168938072,0.0,0.0,0.0,0.0
liu_long_baseline,piecewise,9.911784,shift_h,425,425,9,0.0,False,0.125,0.0,0.0,0.0,0.0
liu_long_baseline,piecewise,9.911784,crew_veh_h,425,425,9,0.0,False,0.023044727819989008,0.0,0.0,0.0,0.0
liu_long_baseline,piecewise,9.911784,crew_team_h,425,425,9,0.0,False,0.023044727819989008,0.0,0.0,0.0,0.0
liu_long_baseline,piecewise,9.911784,shift_ot_h,425,425,9,0.0,False,0.11878516673532924,0.0,0.0,0.0,0.0
liu_long_baseline,piecewise,12.369317,shift_h,425,425,9,0.0,False,0.125,0.0,0.0,0.0,0.0
liu_long_baseline,piecewise,12.369317,crew_veh_h,425,425,9,0.0,False,0.027501368208345145,0.0,0.0,0.0,0.0
liu_long_baseline,piecewise,12.369317,crew_team_h,425,425,9,0.0,False,0.027501368208345145,0.0,0.0,0.0,0.0
liu_long_baseline,piecewise,12.369317,shift_ot_h,425,425,9,0.0,False,0.11904415458045747,0.0,0.0,0.0,0.0
liu_long_baseline,piecewise,15.436172,shift_h,425,425,9,0.0,False,0.12499999999999978,0.0,0.0,0.0,0.0
liu_long_baseline,piecewise,15.436172,crew_veh_h,425,425,9,0.0,False,0.032544766731066765,0.0,0.0,0.0,0.0
liu_long_baseline,piecewise,15.436172,crew_team_h,425,425,9,0.0,False,0.032544766731066765,0.0,0.0,0.0,0.0
liu_long_baseline,piecewise,15.436172,shift_ot_h,425,425,9,0.0,False,0.1193385760416974,0.0,0.0,0.0,0.0
liu_long_baseline,piecewise,19.263424,shift_h,425,425,9,0.0,False,0.12499999999999978,0.0,0.0,0.0,0.0
liu_long_baseline,piecewise,19.263424,crew_veh_h,425,425,9,0.0,False,0.03815114925473795,0.0,0.0,0.0,0.0
liu_long_baseline,piecewise,19.263424,crew_team_h,425,425,9,0.0,False,0.03815114925473795,0.0,0.0,0.0,0.0
liu_long_baseline,piecewise,19.263424,shift_ot_h,425,425,9,0.0,False,0.11966753944275399,0.0,0.0,0.0,0.0
liu_long_baseline,piecewise,24.039607,shift_h,425,425,9,0.0,False,0.125,0.0,0.0,0.0,0.0
liu_long_baseline,piecewise,24.039607,crew_veh_h,425,425,9,0.0,False,0.044260972239577034,0.0,0.0,0.0,0.0
liu_long_baseline,piecewise,24.039607,crew_team_h,425,425,9,0.0,False,0.044260972239577034,0.0,0.0,0.0,0.0
liu_long_baseline,piecewise,24.039607,shift_ot_h,425,425,9,0.0,False,0.12002806900551444,0.0,0.0,0.0,0.0
liu_long_baseline,piecewise,30.0,shift_h,425,425,9,0.0,False,0.12500000000000022,0.0,0.0,0.0,0.0
liu_long_baseline,piecewise,30.0,crew_veh_h,425,425,9,0.0,False,0.050777193309464064,0.0,0.0,0.0,0.0
liu_long_baseline,piecewise,30.0,crew_team_h,425,425,9,0.0,False,0.050777193309464064,0.0,0.0,0.0,0.0
liu_long_baseline,piecewise,30.0,shift_ot_h,425,425,9,0.0,False,0.12041492847323543,0.0,0.0,0.0,0.0
liu_long_baseline,power_0.72,5.1,shift_h,425,425,9,0.0,False,0.125,0.0,0.0,0.0,0.0
liu_long_baseline,power_0.72,5.1,crew_veh_h,425,425,9,0.0,False,0.012420152171650711,0.0,0.0,0.0,0.0
liu_long_baseline,power_0.72,5.1,crew_team_h,425,425,9,0.0,False,0.012420152171650711,0.0,0.0,0.0,0.0
liu_long_baseline,power_0.72,5.1,shift_ot_h,425,425,9,0.0,False,0.11817216632799199,0.0,0.0,0.0,0.0
liu_long_baseline,power_0.72,6.364497,shift_h,425,425,9,0.0,False,0.125,0.0,0.0,0.0,0.0
liu_long_baseline,power_0.72,6.364497,crew_veh_h,425,425,9,0.0,False,0.015126948572494747,0.0,0.0,0.0,0.0
liu_long_baseline,power_0.72,6.364497,crew_team_h,425,425,9,0.0,False,0.015126948572494747,0.0,0.0,0.0,0.0
liu_long_baseline,power_0.72,6.364497,shift_ot_h,425,425,9,0.0,False,0.11832775072611978,0.0,0.0,0.0,0.0
liu_long_baseline,power_0.72,7.942513,shift_h,425,425,9,0.0,False,0.125,0.0,0.0,0.0,0.0
liu_long_baseline,power_0.72,7.942513,crew_veh_h,425,425,9,0.0,False,0.018327617923876938,0.0,0.0,0.0,0.0
liu_long_baseline,power_0.72,7.942513,crew_team_h,425,425,9,0.0,False,0.018327617923876938,0.0,0.0,0.0,0.0
liu_long_baseline,power_0.72,7.942513,shift_ot_h,425,425,9,0.0,False,0.11851224026855034,0.0,0.0,0.0,0.0
liu_long_baseline,power_0.72,9.911784,shift_h,425,425,9,0.0,False,0.125,0.0,0.0,0.0,0.0
liu_long_baseline,power_0.72,9.911784,crew_veh_h,425,425,9,0.0,False,0.022069479179463114,0.0,0.0,0.0,0.0
liu_long_baseline,power_0.72,9.911784,crew_team_h,425,425,9,0.0,False,0.022069479179463114,0.0,0.0,0.0,0.0
liu_long_baseline,power_0.72,9.911784,shift_ot_h,425,425,9,0.0,False,0.11872863922435872,0.0,0.0,0.0,0.0
liu_long_baseline,power_0.72,12.369317,shift_h,425,425,9,0.0,False,0.125,0.0,0.0,0.0,0.0
liu_long_baseline,power_0.72,12.369317,crew_veh_h,425,425,9,0.0,False,0.026386326693093265,0.0,0.0,0.0,0.0
liu_long_baseline,power_0.72,12.369317,crew_team_h,425,425,9,0.0,False,0.026386326693093265,0.0,0.0,0.0,0.0
liu_long_baseline,power_0.72,12.369317,shift_ot_h,425,425,9,0.0,False,0.1189792528484146,0.0,0.0,0.0,0.0
liu_long_baseline,power_0.72,15.436172,shift_h,425,425,9,0.0,False,0.125,0.0,0.0,0.0,0.0
liu_long_baseline,power_0.72,15.436172,crew_veh_h,425,425,9,0.0,False,0.03129086736922004,0.0,0.0,0.0,0.0
liu_long_baseline,power_0.72,15.436172,crew_team_h,425,425,9,0.0,False,0.03129086736922004,0.0,0.0,0.0,0.0
liu_long_baseline,power_0.72,15.436172,shift_ot_h,425,425,9,0.0,False,0.11926524345065004,0.0,0.0,0.0,0.0
liu_long_baseline,power_0.72,19.263424,shift_h,425,425,9,0.0,False,0.125,0.0,0.0,0.0,0.0
liu_long_baseline,power_0.72,19.263424,crew_veh_h,425,425,9,0.0,False,0.03676714457190888,0.0,0.0,0.0,0.0
liu_long_baseline,power_0.72,19.263424,crew_team_h,425,425,9,0.0,False,0.03676714457190888,0.0,0.0,0.0,0.0
liu_long_baseline,power_0.72,19.263424,shift_ot_h,425,425,9,0.0,False,0.11958616597205651,0.0,0.0,0.0,0.0
liu_long_baseline,power_0.72,24.039607,shift_h,425,425,9,0.0,False,0.125,0.0,0.0,0.0,0.0
liu_long_baseline,power_0.72,24.039607,crew_veh_h,425,425,9,0.0,False,0.04276446061392236,0.0,0.0,0.0,0.0
liu_long_baseline,power_0.72,24.039607,crew_team_h,425,425,9,0.0,False,0.04276446061392236,0.0,0.0,0.0,0.0
liu_long_baseline,power_0.72,24.039607,shift_ot_h,425,425,9,0.0,False,0.11993956621293855,0.0,0.0,0.0,0.0
liu_long_baseline,power_0.72,30.0,shift_h,425,425,9,0.0,False,0.125,0.0,0.0,0.0,0.0
liu_long_baseline,power_0.72,30.0,crew_veh_h,425,425,9,0.0,False,0.04919460331118741,0.0,0.0,0.0,0.0
liu_long_baseline,power_0.72,30.0,crew_team_h,425,425,9,0.0,False,0.04919460331118741,0.0,0.0,0.0,0.0
liu_long_baseline,power_0.72,30.0,shift_ot_h,425,425,9,0.0,False,0.12032074806607729,0.0,0.0,0.0,0.0
liu_long_baseline,power_0.84,5.1,shift_h,425,425,9,0.0,False,0.12499999999999978,0.0,0.0,0.0,0.0
liu_long_baseline,power_0.84,5.1,crew_veh_h,425,425,9,0.0,False,0.013042543741847545,0.0,0.0,0.0,0.0
liu_long_baseline,power_0.84,5.1,crew_team_h,425,425,9,0.0,False,0.013042543741847545,0.0,0.0,0.0,0.0
liu_long_baseline,power_0.84,5.1,shift_ot_h,425,425,9,0.0,False,0.11820790544180837,0.0,0.0,0.0,0.0
liu_long_baseline,power_0.84,6.364497,shift_h,425,425,9,0.0,False,0.125,0.0,0.0,0.0,0.0
liu_long_baseline,power_0.84,6.364497,crew_veh_h,425,425,9,0.0,False,0.01586586564499437,0.0,0.0,0.0,0.0
liu_long_baseline,power_0.84,6.364497,crew_team_h,425,425,9,0.0,False,0.01586586564499437,0.0,0.0,0.0,0.0
liu_long_baseline,power_0.84,6.364497,shift_ot_h,425,425,9,0.0,False,0.11837029269895272,0.0,0.0,0.0,0.0
liu_long_baseline,power_0.84,7.942513,shift_h,425,425,9,0.0,False,0.125,0.0,0.0,0.0,0.0
liu_long_baseline,power_0.84,7.942513,crew_veh_h,425,425,9,0.0,False,0.019195565818611593,0.0,0.0,0.0,0.0
liu_long_baseline,power_0.84,7.942513,crew_team_h,425,425,9,0.0,False,0.019195565818611593,0.0,0.0,0.0,0.0
liu_long_baseline,power_0.84,7.942513,shift_ot_h,425,425,9,0.0,False,0.11856236659663666,0.0,0.0,0.0,0.0
liu_long_baseline,power_0.84,9.911784,shift_h,425,425,9,0.0,False,0.12500000000000022,0.0,0.0,0.0,0.0
liu_long_baseline,power_0.84,9.911784,crew_veh_h,425,425,9,0.0,False,0.023076297336568352,0.0,0.0,0.0,0.0
liu_long_baseline,power_0.84,9.911784,crew_team_h,425,425,9,0.0,False,0.023076297336568352,0.0,0.0,0.0,0.0
liu_long_baseline,power_0.84,9.911784,shift_ot_h,425,425,9,0.0,False,0.11878699745212296,0.0,0.0,0.0,0.0
liu_long_baseline,power_0.84,12.369317,shift_h,425,425,9,0.0,False,0.125,0.0,0.0,0.0,0.0
liu_long_baseline,power_0.84,12.369317,crew_veh_h,425,425,9,0.0,False,0.027537393995322734,0.0,0.0,0.0,0.0
liu_long_baseline,power_0.84,12.369317,crew_team_h,425,425,9,0.0,False,0.027537393995322734,0.0,0.0,0.0,0.0
liu_long_baseline,power_0.84,12.369317,shift_ot_h,425,425,9,0.0,False,0.11904625264022695,0.0,0.0,0.0,0.0
liu_long_baseline,power_0.84,15.436172,shift_h,425,425,9,0.0,False,0.12499999999999978,0.0,0.0,0.0,0.0
liu_long_baseline,power_0.84,15.436172,crew_veh_h,425,425,9,0.0,False,0.03258519115957492,0.0,0.0,0.0,0.0
liu_long_baseline,power_0.84,15.436172,crew_team_h,425,425,9,0.0,False,0.03258519115957492,0.0,0.0,0.0,0.0
liu_long_baseline,power_0.84,15.436172,shift_ot_h,425,425,9,0.0,False,0.11934094167687692,0.0,0.0,0.0,0.0
liu_long_baseline,power_0.84,19.263424,shift_h,425,425,9,0.0,False,0.125,0.0,0.0,0.0,0.0
liu_long_baseline,power_0.84,19.263424,crew_veh_h,425,425,9,0.0,False,0.038195660548537624,0.0,0.0,0.0,0.0
liu_long_baseline,power_0.84,19.263424,crew_team_h,425,425,9,0.0,False,0.038195660548537624,0.0,0.0,0.0,0.0
liu_long_baseline,power_0.84,19.263424,shift_ot_h,425,425,9,0.0,False,0.11967015831171102,0.0,0.0,0.0,0.0
liu_long_baseline,power_0.84,24.039607,shift_h,425,425,9,0.0,False,0.125,0.0,0.0,0.0,0.0
liu_long_baseline,power_0.84,24.039607,crew_veh_h,425,425,9,0.0,False,0.04430897512433951,0.0,0.0,0.0,0.0
liu_long_baseline,power_0.84,24.039607,crew_team_h,425,425,9,0.0,False,0.04430897512433951,0.0,0.0,0.0,0.0
liu_long_baseline,power_0.84,24.039607,shift_ot_h,425,425,9,0.0,False,0.12003090998205868,0.0,0.0,0.0,0.0
liu_long_baseline,power_0.84,30.0,shift_h,425,425,9,0.0,False,0.125,0.0,0.0,0.0,0.0
liu_long_baseline,power_0.84,30.0,crew_veh_h,425,425,9,0.0,False,0.05082781433331052,0.0,0.0,0.0,0.0
liu_long_baseline,power_0.84,30.0,crew_team_h,425,425,9,0.0,False,0.05082781433331052,0.0,0.0,0.0,0.0
liu_long_baseline,power_0.84,30.0,shift_ot_h,425,425,9,0.0,False,0.12041794332627909,0.0,0.0,0.0,0.0
liu_long_baseline,power_0.96,5.1,shift_h,425,425,9,0.0,False,0.125,0.0,0.0,0.0,0.0
liu_long_baseline,power_0.96,5.1,crew_veh_h,425,425,9,0.0,False,0.013692330942621345,0.0,0.0,0.0,0.0
liu_long_baseline,power_0.96,5.1,crew_team_h,425,425,9,0.0,False,0.013692330942621345,0.0,0.0,0.0,0.0
liu_long_baseline,power_0.96,5.1,shift_ot_h,425,425,9,0.0,False,0.11824524023707661,0.0,0.0,0.0,0.0
liu_long_baseline,power_0.96,6.364497,shift_h,425,425,9,0.0,False,0.12499999999999978,0.0,0.0,0.0,0.0
liu_long_baseline,power_0.96,6.364497,crew_veh_h,425,425,9,0.0,False,0.016635412234882407,0.0,0.0,0.0,0.0
liu_long_baseline,power_0.96,6.364497,crew_team_h,425,425,9,0.0,False,0.016635412234882407,0.0,0.0,0.0,0.0
liu_long_baseline,power_0.96,6.364497,shift_ot_h,425,425,9,0.0,False,0.11841462993012275,0.0,0.0,0.0,0.0
liu_long_baseline,power_0.96,7.942513,shift_h,425,425,9,0.0,False,0.125,0.0,0.0,0.0,0.0
liu_long_baseline,power_0.96,7.942513,crew_veh_h,425,425,9,0.0,False,0.020096873582866825,0.0,0.0,0.0,0.0
liu_long_baseline,power_0.96,7.942513,crew_team_h,425,425,9,0.0,False,0.020096873582866825,0.0,0.0,0.0,0.0
liu_long_baseline,power_0.96,7.942513,shift_ot_h,425,425,9,0.0,False,0.11861446345674831,0.0,0.0,0.0,0.0
liu_long_baseline,power_0.96,9.911784,shift_h,425,425,9,0.0,False,0.12499999999999978,0.0,0.0,0.0,0.0
liu_long_baseline,power_0.96,9.911784,crew_veh_h,425,425,9,0.0,False,0.02411828444954378,0.0,0.0,0.0,0.0
liu_long_baseline,power_0.96,9.911784,crew_team_h,425,425,9,0.0,False,0.02411828444954378,0.0,0.0,0.0,0.0
liu_long_baseline,power_0.96,9.911784,shift_ot_h,425,425,9,0.0,False,0.11884745329057522,0.0,0.0,0.0,0.0
liu_long_baseline,power_0.96,12.369317,shift_h,425,425,9,0.0,False,0.125,0.0,0.0,0.0,0.0
liu_long_baseline,power_0.96,12.369317,crew_veh_h,425,425,9,0.0,False,0.028724048845883532,0.0,0.0,0.0,0.0
liu_long_baseline,power_0.96,12.369317,crew_team_h,425,425,9,0.0,False,0.028724048845883532,0.0,0.0,0.0,0.0
liu_long_baseline,power_0.96,12.369317,shift_ot_h,425,425,9,0.0,False,0.11911540116916708,0.0,0.0,0.0,0.0
liu_long_baseline,power_0.96,15.436172,shift_h,425,425,9,0.0,False,0.125,0.0,0.0,0.0,0.0
liu_long_baseline,power_0.96,15.436172,crew_veh_h,425,425,9,0.0,False,0.03391367783352783,0.0,0.0,0.0,0.0
liu_long_baseline,power_0.96,15.436172,crew_team_h,425,425,9,0.0,False,0.03391367783352783,0.0,0.0,0.0,0.0
liu_long_baseline,power_0.96,15.436172,shift_ot_h,425,425,9,0.0,False,0.11941873571666628,0.0,0.0,0.0,0.0
liu_long_baseline,power_0.96,19.263424,shift_h,425,425,9,0.0,False,0.125,0.0,0.0,0.0,0.0
liu_long_baseline,power_0.96,19.263424,crew_veh_h,425,425,9,0.0,False,0.039654734226433064,0.0,0.0,0.0,0.0
liu_long_baseline,power_0.96,19.263424,crew_team_h,425,425,9,0.0,False,0.039654734226433064,0.0,0.0,0.0,0.0
liu_long_baseline,power_0.96,19.263424,shift_ot_h,425,425,9,0.0,False,0.11975606657331284,0.0,0.0,0.0,0.0
liu_long_baseline,power_0.96,24.039607,shift_h,425,425,9,0.0,False,0.125,0.0,0.0,0.0,0.0
liu_long_baseline,power_0.96,24.039607,crew_veh_h,425,425,9,0.0,False,0.04587815196503753,0.0,0.0,0.0,0.0
liu_long_baseline,power_0.96,24.039607,crew_team_h,425,425,9,0.0,False,0.04587815196503753,0.0,0.0,0.0,0.0
liu_long_baseline,power_0.96,24.039607,shift_ot_h,425,425,9,0.0,False,0.12012385178628415,0.0,0.0,0.0,0.0
liu_long_baseline,power_0.96,30.0,shift_h,425,425,9,0.0,False,0.125,0.0,0.0,0.0,0.0
liu_long_baseline,power_0.96,30.0,crew_veh_h,425,425,9,0.0,False,0.05247771083428865,0.0,0.0,0.0,0.0
liu_long_baseline,power_0.96,30.0,crew_team_h,425,425,9,0.0,False,0.05247771083428865,0.0,0.0,0.0,0.0
liu_long_baseline,power_0.96,30.0,shift_ot_h,425,425,9,0.0,False,0.12051628767722433,0.0,0.0,0.0,0.0
liu_long_tight,affine,5.1,shift_h,425,425,10,0.0,False,0.11111111111111116,0.0,0.0,0.0,0.0
liu_long_tight,affine,5.1,crew_veh_h,425,425,10,0.0,False,0.0011804913706947584,0.0,0.0,0.0,0.0
liu_long_tight,affine,5.1,crew_team_h,425,425,10,0.0,False,0.0011804913706947584,0.0,0.0,0.0,0.0
liu_long_tight,affine,5.1,shift_ot_h,425,425,10,0.0,False,0.11159491296185986,0.0,0.0,0.0,0.0
liu_long_tight,affine,6.364497,shift_h,425,425,10,0.0,False,0.11111111111111094,0.0,0.0,0.0,0.0
liu_long_tight,affine,6.364497,crew_veh_h,425,425,10,0.0,False,0.0041509421771463995,0.0,0.0,0.0,0.0
liu_long_tight,affine,6.364497,crew_team_h,425,425,10,0.0,False,0.0041509421771463995,0.0,0.0,0.0,0.0
liu_long_tight,affine,6.364497,shift_ot_h,425,425,10,0.0,False,0.11158309666901034,0.0,0.0,0.0,0.0
liu_long_tight,affine,7.942513,shift_h,425,425,10,0.0,False,0.11111111111111116,0.0,0.0,0.0,0.0
liu_long_tight,affine,7.942513,crew_veh_h,425,425,10,0.0,False,0.007640066206465734,0.0,0.0,0.0,0.0
liu_long_tight,affine,7.942513,crew_team_h,425,425,10,0.0,False,0.007640066206465734,0.0,0.0,0.0,0.0
liu_long_tight,affine,7.942513,shift_ot_h,425,425,10,0.0,False,0.11156913629782572,0.0,0.0,0.0,0.0
liu_long_tight,affine,9.911784,shift_h,425,425,10,0.0,False,0.11111111111111094,0.0,0.0,0.0,0.0
liu_long_tight,affine,9.911784,crew_veh_h,425,425,10,0.0,False,0.01168748201679648,0.0,0.0,0.0,0.0
liu_long_tight,affine,9.911784,crew_team_h,425,425,10,0.0,False,0.01168748201679648,0.0,0.0,0.0,0.0
liu_long_tight,affine,9.911784,shift_ot_h,425,425,10,0.0,False,0.1115528317111476,0.0,0.0,0.0,0.0
liu_long_tight,affine,12.369317,shift_h,425,425,10,0.0,False,0.11111111111111094,0.0,0.0,0.0,0.0
liu_long_tight,affine,12.369317,crew_veh_h,425,425,10,0.0,False,0.016314952048067433,0.0,0.0,0.0,0.0
liu_long_tight,affine,12.369317,crew_team_h,425,425,10,0.0,False,0.016314952048067433,0.0,0.0,0.0,0.0
liu_long_tight,affine,12.369317,shift_ot_h,425,425,10,0.0,False,0.11153404350698115,0.0,0.0,0.0,0.0
liu_long_tight,affine,15.436172,shift_h,425,425,10,0.0,False,0.11111111111111138,0.0,0.0,0.0,0.0
liu_long_tight,affine,15.436172,crew_veh_h,425,425,10,0.0,False,0.021518732384872008,0.0,0.0,0.0,0.0
liu_long_tight,affine,15.436172,crew_team_h,425,425,10,0.0,False,0.021518732384872008,0.0,0.0,0.0,0.0
liu_long_tight,affine,15.436172,shift_ot_h,425,425,10,0.0,False,0.11151272577191818,0.0,0.0,0.0,0.0
liu_long_tight,affine,19.263424,shift_h,425,425,10,0.0,False,0.11111111111111116,0.0,0.0,0.0,0.0
liu_long_tight,affine,19.263424,crew_veh_h,425,425,10,0.0,False,0.027262761323885165,0.0,0.0,0.0,0.0
liu_long_tight,affine,19.263424,crew_team_h,425,425,10,0.0,False,0.027262761323885165,0.0,0.0,0.0,0.0
liu_long_tight,affine,19.263424,shift_ot_h,425,425,10,0.0,False,0.11148895844422979,0.0,0.0,0.0,0.0
liu_long_tight,affine,24.039607,shift_h,425,425,10,0.0,False,0.11111111111111094,0.0,0.0,0.0,0.0
liu_long_tight,affine,24.039607,crew_veh_h,425,425,10,0.0,False,0.03347440503899435,0.0,0.0,0.0,0.0
liu_long_tight,affine,24.039607,crew_team_h,425,425,10,0.0,False,0.03347440503899435,0.0,0.0,0.0,0.0
liu_long_tight,affine,24.039607,shift_ot_h,425,425,10,0.0,False,0.11146297262307359,0.0,0.0,0.0,0.0
liu_long_tight,affine,30.0,shift_h,425,425,10,0.0,False,0.11111111111111116,0.0,0.0,0.0,0.0
liu_long_tight,affine,30.0,crew_veh_h,425,425,10,0.0,False,0.040044498092375536,0.0,0.0,0.0,0.0
liu_long_tight,affine,30.0,crew_team_h,425,425,10,0.0,False,0.040044498092375536,0.0,0.0,0.0,0.0
liu_long_tight,affine,30.0,shift_ot_h,425,425,10,0.0,False,0.11143516102885442,0.0,0.0,0.0,0.0
liu_long_tight,piecewise,5.1,shift_h,425,425,10,0.0,False,0.11111111111111116,0.0,0.0,0.0,0.0
liu_long_tight,piecewise,5.1,crew_veh_h,425,425,10,0.0,False,0.0014931575826082621,0.0,0.0,0.0,0.0
liu_long_tight,piecewise,5.1,crew_team_h,425,425,10,0.0,False,0.0014931575826082621,0.0,0.0,0.0,0.0
liu_long_tight,piecewise,5.1,shift_ot_h,425,425,10,0.0,False,0.11159367215617699,0.0,0.0,0.0,0.0
liu_long_tight,piecewise,6.364497,shift_h,425,425,10,0.0,False,0.11111111111111116,0.0,0.0,0.0,0.0
liu_long_tight,piecewise,6.364497,crew_veh_h,425,425,10,0.0,False,0.0045201042834226435,0.0,0.0,0.0,0.0
liu_long_tight,piecewise,6.364497,crew_team_h,425,425,10,0.0,False,0.0045201042834226435,0.0,0.0,0.0,0.0
liu_long_tight,piecewise,6.364497,shift_ot_h,425,425,10,0.0,False,0.1115816237533489,0.0,0.0,0.0,0.0
liu_long_tight,piecewise,7.942513,shift_h,425,425,10,0.0,False,0.11111111111111094,0.0,0.0,0.0,0.0
liu_long_tight,piecewise,7.942513,crew_veh_h,425,425,10,0.0,False,0.0080708843609405,0.0,0.0,0.0,0.0
liu_long_tight,piecewise,7.942513,crew_team_h,425,425,10,0.0,False,0.0080708843609405,0.0,0.0,0.0,0.0
liu_long_tight,piecewise,7.942513,shift_ot_h,425,425,10,0.0,False,0.11156740645297325,0.0,0.0,0.0,0.0
liu_long_tight,piecewise,9.911784,shift_h,425,425,10,0.0,False,0.11111111111111116,0.0,0.0,0.0,0.0
liu_long_tight,piecewise,9.911784,crew_veh_h,425,425,10,0.0,False,0.01218346812586879,0.0,0.0,0.0,0.0
liu_long_tight,piecewise,9.911784,crew_team_h,425,425,10,0.0,False,0.01218346812586879,0.0,0.0,0.0,0.0
liu_long_tight,piecewise,9.911784,shift_ot_h,425,425,10,0.0,False,0.11155082546627315,0.0,0.0,0.0,0.0
liu_long_tight,piecewise,12.369317,shift_h,425,425,10,0.0,False,0.11111111111111116,0.0,0.0,0.0,0.0
liu_long_tight,piecewise,12.369317,crew_veh_h,425,425,10,0.0,False,0.016877105032092388,0.0,0.0,0.0,0.0
liu_long_tight,piecewise,12.369317,crew_team_h,425,425,10,0.0,False,0.016877105032092388,0.0,0.0,0.0,0.0
liu_long_tight,piecewise,12.369317,shift_ot_h,425,425,10,0.0,False,0.11153175031598472,0.0,0.0,0.0,0.0
liu_long_tight,piecewise,15.436172,shift_h,425,425,10,0.0,False,0.11111111111111116,0.0,0.0,0.0,0.0
liu_long_tight,piecewise,15.436172,crew_veh_h,425,425,10,0.0,False,0.022144693249707803,0.0,0.0,0.0,0.0
liu_long_tight,piecewise,15.436172,crew_team_h,425,425,10,0.0,False,0.022144693249707803,0.0,0.0,0.0,0.0
liu_long_tight,piecewise,15.436172,shift_ot_h,425,425,10,0.0,False,0.1115101478140581,0.0,0.0,0.0,0.0
liu_long_tight,piecewise,19.263424,shift_h,425,425,10,0.0,False,0.11111111111111116,0.0,0.0,0.0,0.0
liu_long_tight,piecewise,19.263424,crew_veh_h,425,425,10,0.0,False,0.027946167207372863,0.0,0.0,0.0,0.0
liu_long_tight,piecewise,19.263424,crew_team_h,425,425,10,0.0,False,0.027946167207372863,0.0,0.0,0.0,0.0
liu_long_tight,piecewise,19.263424,shift_ot_h,425,425,10,0.0,False,0.11148611399448294,0.0,0.0,0.0,0.0
liu_long_tight,piecewise,24.039607,shift_h,425,425,10,0.0,False,0.11111111111111094,0.0,0.0,0.0,0.0
liu_long_tight,piecewise,24.039607,crew_veh_h,425,425,10,0.0,False,0.03420464856646066,0.0,0.0,0.0,0.0
liu_long_tight,piecewise,24.039607,crew_team_h,425,425,10,0.0,False,0.03420464856646066,0.0,0.0,0.0,0.0
liu_long_tight,piecewise,24.039607,shift_ot_h,425,425,10,0.0,False,0.11145989813182022,0.0,0.0,0.0,0.0
liu_long_tight,piecewise,30.0,shift_h,425,425,10,0.0,False,0.11111111111111116,0.0,0.0,0.0,0.0
liu_long_tight,piecewise,30.0,crew_veh_h,425,425,10,0.0,False,0.04080706438780046,0.0,0.0,0.0,0.0
liu_long_tight,piecewise,30.0,crew_team_h,425,425,10,0.0,False,0.04080706438780046,0.0,0.0,0.0,0.0
liu_long_tight,piecewise,30.0,shift_ot_h,425,425,10,0.0,False,0.11143191104463646,0.0,0.0,0.0,0.0
liu_long_tight,power_0.72,5.1,shift_h,425,425,10,0.0,False,0.11111111111111116,0.0,0.0,0.0,0.0
liu_long_tight,power_0.72,5.1,crew_veh_h,425,425,10,0.0,False,0.0008440869250490035,0.0,0.0,0.0,0.0
liu_long_tight,power_0.72,5.1,crew_team_h,425,425,10,0.0,False,0.0008440869250490035,0.0,0.0,0.0,0.0
liu_long_tight,power_0.72,5.1,shift_ot_h,425,425,10,0.0,False,0.11159624719554917,0.0,0.0,0.0,0.0
liu_long_tight,power_0.72,6.364497,shift_h,425,425,10,0.0,False,0.11111111111111116,0.0,0.0,0.0,0.0
liu_long_tight,power_0.72,6.364497,crew_veh_h,425,425,10,0.0,False,0.0037532498501069433,0.0,0.0,0.0,0.0
liu_long_tight,power_0.72,6.364497,crew_team_h,425,425,10,0.0,False,0.0037532498501069433,0.0,0.0,0.0,0.0
liu_long_tight,power_0.72,6.364497,shift_ot_h,425,425,10,0.0,False,0.1115846823239619,0.0,0.0,0.0,0.0
liu_long_tight,power_0.72,7.942513,shift_h,425,425,10,0.0,False,0.11111111111111116,0.0,0.0,0.0,0.0
liu_long_tight,power_0.72,7.942513,crew_veh_h,425,425,10,0.0,False,0.007175262732142418,0.0,0.0,0.0,0.0
liu_long_tight,power_0.72,7.942513,crew_team_h,425,425,10,0.0,False,0.007175262732142418,0.0,0.0,0.0,0.0
liu_long_tight,power_0.72,7.942513,shift_ot_h,425,425,10,0.0,False,0.11157100109619389,0.0,0.0,0.0,0.0
liu_long_tight,power_0.72,9.911784,shift_h,425,425,10,0.0,False,0.11111111111111116,0.0,0.0,0.0,0.0
liu_long_tight,power_0.72,9.911784,crew_veh_h,425,425,10,0.0,False,0.011151446641755491,0.0,0.0,0.0,0.0
liu_long_tight,power_0.72,9.911784,crew_team_h,425,425,10,0.0,False,0.011151446641755491,0.0,0.0,0.0,0.0
liu_long_tight,power_0.72,9.911784,shift_ot_h,425,425,10,0.0,False,0.11155499793012047,0.0,0.0,0.0,0.0
liu_long_tight,power_0.72,12.369317,shift_h,425,425,10,0.0,False,0.11111111111111116,0.0,0.0,0.0,0.0
liu_long_tight,power_0.72,12.369317,crew_veh_h,425,425,10,0.0,False,0.01570620850361082,0.0,0.0,0.0,0.0
liu_long_tight,power_0.72,12.369317,crew_team_h,425,425,10,0.0,False,0.01570620850361082,0.0,0.0,0.0,0.0
liu_long_tight,power_0.72,12.369317,shift_ot_h,425,425,10,0.0,False,0.1115365241144719,0.0,0.0,0.0,0.0
liu_long_tight,power_0.72,15.436172,shift_h,425,425,10,0.0,False,0.11111111111111116,0.0,0.0,0.0,0.0
liu_long_tight,power_0.72,15.436172,crew_veh_h,425,425,10,0.0,False,0.020839388583554497,0.0,0.0,0.0,0.0
liu_long_tight,power_0.72,15.436172,crew_team_h,425,425,10,0.0,False,0.020839388583554497,0.0,0.0,0.0,0.0
liu_long_tight,power_0.72,15.436172,shift_ot_h,425,425,10,0.0,False,0.11151552025022227,0.0,0.0,0.0,0.0
liu_long_tight,power_0.72,19.263424,shift_h,425,425,10,0.0,False,0.11111111111111116,0.0,0.0,0.0,0.0
liu_long_tight,power_0.72,19.263424,crew_veh_h,425,425,10,0.0,False,0.02651925653358389,0.0,0.0,0.0,0.0
liu_long_tight,power_0.72,19.263424,crew_team_h,425,425,10,0.0,False,0.02651925653358389,0.0,0.0,0.0,0.0
liu_long_tight,power_0.72,19.263424,shift_ot_h,425,425,10,0.0,False,0.11149204898604004,0.0,0.0,0.0,0.0
liu_long_tight,power_0.72,24.039607,shift_h,425,425,10,0.0,False,0.11111111111111116,0.0,0.0,0.0,0.0
liu_long_tight,power_0.72,24.039607,crew_veh_h,425,425,10,0.0,False,0.03267783855984652,0.0,0.0,0.0,0.0
liu_long_tight,power_0.72,24.039607,crew_team_h,425,425,10,0.0,False,0.03267783855984652,0.0,0.0,0.0,0.0
liu_long_tight,power_0.72,24.039607,shift_ot_h,425,425,10,0.0,False,0.11146632162633341,0.0,0.0,0.0,0.0
liu_long_tight,power_0.72,30.0,shift_h,425,425,10,0.0,False,0.11111111111111094,0.0,0.0,0.0,0.0
liu_long_tight,power_0.72,30.0,crew_veh_h,425,425,10,0.0,False,0.039210341412844185,0.0,0.0,0.0,0.0
liu_long_tight,power_0.72,30.0,crew_team_h,425,425,10,0.0,False,0.039210341412844185,0.0,0.0,0.0,0.0
liu_long_tight,power_0.72,30.0,shift_ot_h,425,425,10,0.0,False,0.11143871085716661,0.0,0.0,0.0,0.0
liu_long_tight,power_0.84,5.1,shift_h,425,425,10,0.0,False,0.11111111111111116,0.0,0.0,0.0,0.0
liu_long_tight,power_0.84,5.1,crew_veh_h,425,425,10,0.0,False,0.0015142470691331678,0.0,0.0,0.0,0.0
liu_long_tight,power_0.84,5.1,crew_team_h,425,425,10,0.0,False,0.0015142470691331678,0.0,0.0,0.0,0.0
liu_long_tight,power_0.84,5.1,shift_ot_h,425,425,10,0.0,False,0.11159358843819289,0.0,0.0,0.0,0.0
liu_long_tight,power_0.84,6.364497,shift_h,425,425,10,0.0,False,0.11111111111111116,0.0,0.0,0.0,0.0
liu_long_tight,power_0.84,6.364497,crew_veh_h,425,425,10,0.0,False,0.004544988261093952,0.0,0.0,0.0,0.0
liu_long_tight,power_0.84,6.364497,crew_team_h,425,425,10,0.0,False,0.004544988261093952,0.0,0.0,0.0,0.0
liu_long_tight,power_0.84,6.364497,shift_ot_h,425,425,10,0.0,False,0.11158152443388047,0.0,0.0,0.0,0.0
liu_long_tight,power_0.84,7.942513,shift_h,425,425,10,0.0,False,0.11111111111111116,0.0,0.0,0.0,0.0
liu_long_tight,power_0.84,7.942513,crew_veh_h,425,425,10,0.0,False,0.008099902212027832,0.0,0.0,0.0,0.0
liu_long_tight,power_0.84,7.942513,crew_team_h,425,425,10,0.0,False,0.008099902212027832,0.0,0.0,0.0,0.0
liu_long_tight,power_0.84,7.942513,shift_ot_h,425,425,10,0.0,False,0.11156728989057507,0.0,0.0,0.0,0.0
liu_long_tight,power_0.84,9.911784,shift_h,425,425,10,0.0,False,0.11111111111111094,0.0,0.0,0.0,0.0
liu_long_tight,power_0.84,9.911784,crew_veh_h,425,425,10,0.0,False,0.012216845841706903,0.0,0.0,0.0,0.0
liu_long_tight,power_0.84,9.911784,crew_team_h,425,425,10,0.0,False,0.012216845841706903,0.0,0.0,0.0,0.0
liu_long_tight,power_0.84,9.911784,shift_ot_h,425,425,10,0.0,False,0.11155069038999033,0.0,0.0,0.0,0.0
liu_long_tight,power_0.84,12.369317,shift_h,425,425,10,0.0,False,0.11111111111111094,0.0,0.0,0.0,0.0
liu_long_tight,power_0.84,12.369317,crew_veh_h,425,425,10,0.0,False,0.016914897289050046,0.0,0.0,0.0,0.0
liu_long_tight,power_0.84,12.369317,crew_team_h,425,425,10,0.0,False,0.016914897289050046,0.0,0.0,0.0,0.0
liu_long_tight,power_0.84,12.369317,shift_ot_h,425,425,10,0.0,False,0.11153159606592555,0.0,0.0,0.0,0.0
liu_long_tight,power_0.84,15.436172,shift_h,425,425,10,0.0,False,0.11111111111111116,0.0,0.0,0.0,0.0
liu_long_tight,power_0.84,15.436172,crew_veh_h,425,425,10,0.0,False,0.022186727429827968,0.0,0.0,0.0,0.0
liu_long_tight,power_0.84,15.436172,crew_team_h,425,425,10,0.0,False,0.022186727429827968,0.0,0.0,0.0,0.0
liu_long_tight,power_0.84,15.436172,shift_ot_h,425,425,10,0.0,False,0.11150997459481493,0.0,0.0,0.0,0.0
liu_long_tight,power_0.84,19.263424,shift_h,425,425,10,0.0,False,0.11111111111111116,0.0,0.0,0.0,0.0
liu_long_tight,power_0.84,19.263424,crew_veh_h,425,425,10,0.0,False,0.027992001515340537,0.0,0.0,0.0,0.0
liu_long_tight,power_0.84,19.263424,crew_team_h,425,425,10,0.0,False,0.027992001515340537,0.0,0.0,0.0,0.0
liu_long_tight,power_0.84,19.263424,shift_ot_h,425,425,10,0.0,False,0.11148592309665961,0.0,0.0,0.0,0.0
liu_long_tight,power_0.84,24.039607,shift_h,425,425,10,0.0,False,0.11111111111111116,0.0,0.0,0.0,0.0
liu_long_tight,power_0.84,24.039607,crew_veh_h,425,425,10,0.0,False,0.03425355801561514,0.0,0.0,0.0,0.0
liu_long_tight,power_0.84,24.039607,crew_team_h,425,425,10,0.0,False,0.03425355801561514,0.0,0.0,0.0,0.0
liu_long_tight,power_0.84,24.039607,shift_ot_h,425,425,10,0.0,False,0.11145969206372697,0.0,0.0,0.0,0.0
liu_long_tight,power_0.84,30.0,shift_h,425,425,10,0.0,False,0.11111111111111116,0.0,0.0,0.0,0.0
liu_long_tight,power_0.84,30.0,crew_veh_h,425,425,10,0.0,False,0.04085806586382912,0.0,0.0,0.0,0.0
liu_long_tight,power_0.84,30.0,crew_team_h,425,425,10,0.0,False,0.04085806586382912,0.0,0.0,0.0,0.0
liu_long_tight,power_0.84,30.0,shift_ot_h,425,425,10,0.0,False,0.11143169351690929,0.0,0.0,0.0,0.0
liu_long_tight,power_0.96,5.1,shift_h,425,425,10,0.0,False,0.11111111111111116,0.0,0.0,0.0,0.0
liu_long_tight,power_0.96,5.1,crew_veh_h,425,425,10,0.0,False,0.0022131161788003784,0.0,0.0,0.0,0.0
liu_long_tight,power_0.96,5.1,crew_team_h,425,425,10,0.0,False,0.0022131161788003784,0.0,0.0,0.0,0.0
liu_long_tight,power_0.96,5.1,shift_ot_h,425,425,10,0.0,False,0.1115908123771574,0.0,0.0,0.0,0.0
liu_long_tight,power_0.96,6.364497,shift_h,425,425,10,0.0,False,0.11111111111111116,0.0,0.0,0.0,0.0
liu_long_tight,power_0.96,6.364497,crew_veh_h,425,425,10,0.0,False,0.00536844566245831,0.0,0.0,0.0,0.0
liu_long_tight,power_0.96,6.364497,crew_team_h,425,425,10,0.0,False,0.00536844566245831,0.0,0.0,0.0,0.0
liu_long_tight,power_0.96,6.364497,shift_ot_h,425,425,10,0.0,False,0.11157823525833876,0.0,0.0,0.0,0.0
liu_long_tight,power_0.96,7.942513,shift_h,425,425,10,0.0,False,0.11111111111111116,0.0,0.0,0.0,0.0
liu_long_tight,power_0.96,7.942513,crew_veh_h,425,425,10,0.0,False,0.009058582630488532,0.0,0.0,0.0,0.0
liu_long_tight,power_0.96,7.942513,crew_team_h,425,425,10,0.0,False,0.009058582630488532,0.0,0.0,0.0,0.0
liu_long_tight,power_0.96,7.942513,shift_ot_h,425,425,10,0.0,False,0.11156343551435066,0.0,0.0,0.0,0.0
liu_long_tight,power_0.96,9.911784,shift_h,425,425,10,0.0,False,0.11111111111111116,0.0,0.0,0.0,0.0
liu_long_tight,power_0.96,9.911784,crew_veh_h,425,425,10,0.0,False,0.013317475442476745,0.0,0.0,0.0,0.0
liu_long_tight,power_0.96,9.911784,crew_team_h,425,425,10,0.0,False,0.013317475442476745,0.0,0.0,0.0,0.0
liu_long_tight,power_0.96,9.911784,shift_ot_h,425,425,10,0.0,False,0.11154623167500666,0.0,0.0,0.0,0.0
liu_long_tight,power_0.96,12.369317,shift_h,425,425,10,0.0,False,0.11111111111111116,0.0,0.0,0.0,0.0
liu_long_tight,power_0.96,12.369317,crew_veh_h,425,425,10,0.0,False,0.01815840605996155,0.0,0.0,0.0,0.0
liu_long_tight,power_0.96,12.369317,crew_team_h,425,425,10,0.0,False,0.01815840605996155,0.0,0.0,0.0,0.0
liu_long_tight,power_0.96,12.369317,shift_ot_h,425,425,10,0.0,False,0.11152651473456054,0.0,0.0,0.0,0.0
liu_long_tight,power_0.96,15.436172,shift_h,425,425,10,0.0,False,0.11111111111111116,0.0,0.0,0.0,0.0
liu_long_tight,power_0.96,15.436172,crew_veh_h,425,425,10,0.0,False,0.023566468825227727,0.0,0.0,0.0,0.0
liu_long_tight,power_0.96,15.436172,crew_team_h,425,425,10,0.0,False,0.023566468825227727,0.0,0.0,0.0,0.0
liu_long_tight,power_0.96,15.436172,shift_ot_h,425,425,10,0.0,False,0.11150428140536306,0.0,0.0,0.0,0.0
liu_long_tight,power_0.96,19.263424,shift_h,425,425,10,0.0,False,0.11111111111111116,0.0,0.0,0.0,0.0
liu_long_tight,power_0.96,19.263424,crew_veh_h,425,425,10,0.0,False,0.029492485289713377,0.0,0.0,0.0,0.0
liu_long_tight,power_0.96,19.263424,crew_team_h,425,425,10,0.0,False,0.029492485289713377,0.0,0.0,0.0,0.0
liu_long_tight,power_0.96,19.263424,shift_ot_h,425,425,10,0.0,False,0.1114796647627081,0.0,0.0,0.0,0.0
liu_long_tight,power_0.96,24.039607,shift_h,425,425,10,0.0,False,0.11111111111111116,0.0,0.0,0.0,0.0
liu_long_tight,power_0.96,24.039607,crew_veh_h,425,425,10,0.0,False,0.03585014062917957,0.0,0.0,0.0,0.0
liu_long_tight,power_0.96,24.039607,crew_team_h,425,425,10,0.0,False,0.03585014062917957,0.0,0.0,0.0,0.0
liu_long_tight,power_0.96,24.039607,shift_ot_h,425,425,10,0.0,False,0.11145295501144714,0.0,0.0,0.0,0.0
liu_long_tight,power_0.96,30.0,shift_h,425,425,10,0.0,False,0.11111111111111116,0.0,0.0,0.0,0.0
liu_long_tight,power_0.96,30.0,crew_veh_h,425,425,10,0.0,False,0.04251793921595315,0.0,0.0,0.0,0.0
liu_long_tight,power_0.96,30.0,crew_team_h,425,425,10,0.0,False,0.04251793921595315,0.0,0.0,0.0,0.0
liu_long_tight,power_0.96,30.0,shift_ot_h,425,425,10,0.0,False,0.11142460267413501,0.0,0.0,0.0,0.0
liu_massdep_baseline,affine,5.1,shift_h,425,425,9,0.0,False,0.125,0.0,0.0,0.0,0.0
liu_massdep_baseline,affine,5.1,crew_veh_h,425,425,9,0.0,False,0.013678401354838776,0.0,0.0,0.0,0.0
liu_massdep_baseline,affine,5.1,crew_team_h,425,425,9,0.0,False,0.013678401354838776,0.0,0.0,0.0,0.0
liu_massdep_baseline,affine,5.1,shift_ot_h,425,425,9,0.0,False,0.12117939110004894,0.0,0.0,0.0,0.0
liu_massdep_baseline,affine,6.364497,shift_h,425,425,9,0.0,False,0.125,0.0,0.0,0.0,0.0
liu_massdep_baseline,affine,6.364497,crew_veh_h,425,425,9,0.0,False,0.016618935603644136,0.0,0.0,0.0,0.0
liu_massdep_baseline,affine,6.364497,crew_team_h,425,425,9,0.0,False,0.016618935603644136,0.0,0.0,0.0,0.0
liu_massdep_baseline,affine,6.364497,shift_ot_h,425,425,9,0.0,False,0.12127080402310164,0.0,0.0,0.0,0.0
liu_massdep_baseline,affine,7.942513,shift_h,425,425,9,0.0,False,0.125,0.0,0.0,0.0,0.0
liu_massdep_baseline,affine,7.942513,crew_veh_h,425,425,9,0.0,False,0.020077603741301964,0.0,0.0,0.0,0.0
liu_massdep_baseline,affine,7.942513,crew_team_h,425,425,9,0.0,False,0.020077603741301964,0.0,0.0,0.0,0.0
liu_massdep_baseline,affine,7.942513,shift_ot_h,425,425,9,0.0,False,0.1213789241435641,0.0,0.0,0.0,0.0
liu_massdep_baseline,affine,9.911784,shift_h,425,425,9,0.0,False,0.125,0.0,0.0,0.0,0.0
liu_massdep_baseline,affine,9.911784,crew_veh_h,425,425,9,0.0,False,0.024096044384797066,0.0,0.0,0.0,0.0
liu_massdep_baseline,affine,9.911784,crew_team_h,425,425,9,0.0,False,0.024096044384797066,0.0,0.0,0.0,0.0
liu_massdep_baseline,affine,9.911784,shift_ot_h,425,425,9,0.0,False,0.12150536488538388,0.0,0.0,0.0,0.0
liu_massdep_baseline,affine,12.369317,shift_h,425,425,9,0.0,False,0.125,0.0,0.0,0.0,0.0
liu_massdep_baseline,affine,12.369317,crew_veh_h,425,425,9,0.0,False,0.028698769901531973,0.0,0.0,0.0,0.0
liu_massdep_baseline,affine,12.369317,crew_team_h,425,425,9,0.0,False,0.028698769901531973,0.0,0.0,0.0,0.0
liu_massdep_baseline,affine,12.369317,shift_ot_h,425,425,9,0.0,False,0.12165128703566053,0.0,0.0,0.0,0.0
liu_massdep_baseline,affine,15.436172,shift_h,425,425,9,0.0,False,0.12499999999999978,0.0,0.0,0.0,0.0
liu_massdep_baseline,affine,15.436172,crew_veh_h,425,425,9,0.0,False,0.0338854391712724,0.0,0.0,0.0,0.0
liu_massdep_baseline,affine,15.436172,crew_team_h,425,425,9,0.0,False,0.0338854391712724,0.0,0.0,0.0,0.0
liu_massdep_baseline,affine,15.436172,shift_ot_h,425,425,9,0.0,False,0.12181714274674227,0.0,0.0,0.0,0.0
liu_massdep_baseline,affine,19.263424,shift_h,425,425,9,0.0,False,0.125,0.0,0.0,0.0,0.0
liu_massdep_baseline,affine,19.263424,crew_veh_h,425,425,9,0.0,False,0.03962379472337152,0.0,0.0,0.0,0.0
liu_massdep_baseline,affine,19.263424,crew_team_h,425,425,9,0.0,False,0.03962379472337152,0.0,0.0,0.0,0.0
liu_massdep_baseline,affine,19.263424,shift_ot_h,425,425,9,0.0,False,0.12200241801952671,0.0,0.0,0.0,0.0
liu_massdep_baseline,affine,24.039607,shift_h,425,425,9,0.0,False,0.12500000000000022,0.0,0.0,0.0,0.0
liu_massdep_baseline,affine,24.039607,crew_veh_h,425,425,9,0.0,False,0.04584496512493552,0.0,0.0,0.0,0.0
liu_massdep_baseline,affine,24.039607,crew_team_h,425,425,9,0.0,False,0.04584496512493552,0.0,0.0,0.0,0.0
liu_massdep_baseline,affine,24.039607,shift_ot_h,425,425,9,0.0,False,0.12220542455666039,0.0,0.0,0.0,0.0
liu_massdep_baseline,affine,30.0,shift_h,425,425,9,0.0,False,0.125,0.0,0.0,0.0,0.0
liu_massdep_baseline,affine,30.0,crew_veh_h,425,425,9,0.0,False,0.0524429142867866,0.0,0.0,0.0,0.0
liu_massdep_baseline,affine,30.0,crew_team_h,425,425,9,0.0,False,0.0524429142867866,0.0,0.0,0.0,0.0
liu_massdep_baseline,affine,30.0,shift_ot_h,425,425,9,0.0,False,0.12242320214717317,0.0,0.0,0.0,0.0
liu_massdep_baseline,piecewise,5.1,shift_h,425,425,9,0.0,False,0.125,0.0,0.0,0.0,0.0
liu_massdep_baseline,piecewise,5.1,crew_veh_h,425,425,9,0.0,False,0.013987746089548558,0.0,0.0,0.0,0.0
liu_massdep_baseline,piecewise,5.1,crew_team_h,425,425,9,0.0,False,0.013987746089548558,0.0,0.0,0.0,0.0
liu_massdep_baseline,piecewise,5.1,shift_ot_h,425,425,9,0.0,False,0.12118898581181714,0.0,0.0,0.0,0.0
liu_massdep_baseline,piecewise,6.364497,shift_h,425,425,9,0.0,False,0.125,0.0,0.0,0.0,0.0
liu_massdep_baseline,piecewise,6.364497,crew_veh_h,425,425,9,0.0,False,0.01698463580929155,0.0,0.0,0.0,0.0
liu_massdep_baseline,piecewise,6.364497,crew_team_h,425,425,9,0.0,False,0.01698463580929155,0.0,0.0,0.0,0.0
liu_massdep_baseline,piecewise,6.364497,shift_ot_h,425,425,9,0.0,False,0.12128220529441469,0.0,0.0,0.0,0.0
liu_massdep_baseline,piecewise,7.942513,shift_h,425,425,9,0.0,False,0.125,0.0,0.0,0.0,0.0
liu_massdep_baseline,piecewise,7.942513,crew_veh_h,425,425,9,0.0,False,0.020505012876884443,0.0,0.0,0.0,0.0
liu_massdep_baseline,piecewise,7.942513,crew_team_h,425,425,9,0.0,False,0.020505012876884443,0.0,0.0,0.0,0.0
liu_massdep_baseline,piecewise,7.942513,shift_ot_h,425,425,9,0.0,False,0.12139233050490605,0.0,0.0,0.0,0.0
liu_massdep_baseline,piecewise,9.911784,shift_h,425,425,9,0.0,False,0.125,0.0,0.0,0.0,0.0
liu_massdep_baseline,piecewise,9.911784,crew_veh_h,425,425,9,0.0,False,0.024588949957790263,0.0,0.0,0.0,0.0
liu_massdep_baseline,piecewise,9.911784,crew_team_h,425,425,9,0.0,False,0.024588949957790263,0.0,0.0,0.0,0.0
liu_massdep_baseline,piecewise,9.911784,shift_ot_h,425,425,9,0.0,False,0.12152093546429721,0.0,0.0,0.0,0.0
liu_massdep_baseline,piecewise,12.369317,shift_h,425,425,9,0.0,False,0.125,0.0,0.0,0.0,0.0
liu_massdep_baseline,piecewise,12.369317,crew_veh_h,425,425,9,0.0,False,0.02925852731099199,0.0,0.0,0.0,0.0
liu_massdep_baseline,piecewise,12.369317,crew_team_h,425,425,9,0.0,False,0.02925852731099199,0.0,0.0,0.0,0.0
liu_massdep_baseline,piecewise,12.369317,shift_ot_h,425,425,9,0.0,False,0.12166911378035206,0.0,0.0,0.0,0.0
liu_massdep_baseline,piecewise,15.436172,shift_h,425,425,9,0.0,False,0.12499999999999978,0.0,0.0,0.0,0.0
liu_massdep_baseline,piecewise,15.436172,crew_veh_h,425,425,9,0.0,False,0.03451010774125263,0.0,0.0,0.0,0.0
liu_massdep_baseline,piecewise,15.436172,crew_team_h,425,425,9,0.0,False,0.03451010774125263,0.0,0.0,0.0,0.0
liu_massdep_baseline,piecewise,15.436172,shift_ot_h,425,425,9,0.0,False,0.12183722046197443,0.0,0.0,0.0,0.0
liu_massdep_baseline,piecewise,19.263424,shift_h,425,425,9,0.0,False,0.12499999999999978,0.0,0.0,0.0,0.0
liu_massdep_baseline,piecewise,19.263424,crew_veh_h,425,425,9,0.0,False,0.04030745088916121,0.0,0.0,0.0,0.0
liu_massdep_baseline,piecewise,19.263424,crew_team_h,425,425,9,0.0,False,0.04030745088916121,0.0,0.0,0.0,0.0
liu_massdep_baseline,piecewise,19.263424,shift_ot_h,425,425,9,0.0,False,0.12202461715274882,0.0,0.0,0.0,0.0
liu_massdep_baseline,piecewise,24.039607,shift_h,425,425,9,0.0,False,0.125,0.0,0.0,0.0,0.0
liu_massdep_baseline,piecewise,24.039607,crew_veh_h,425,425,9,0.0,False,0.04657740055724635,0.0,0.0,0.0,0.0
liu_massdep_baseline,piecewise,24.039607,crew_team_h,425,425,9,0.0,False,0.04657740055724635,0.0,0.0,0.0,0.0
liu_massdep_baseline,piecewise,24.039607,shift_ot_h,425,425,9,0.0,False,0.12222947339710921,0.0,0.0,0.0,0.0
liu_massdep_baseline,piecewise,30.0,shift_h,425,425,9,0.0,False,0.12500000000000022,0.0,0.0,0.0,0.0
liu_massdep_baseline,piecewise,30.0,crew_veh_h,425,425,9,0.0,False,0.05320990099068834,0.0,0.0,0.0,0.0
liu_massdep_baseline,piecewise,30.0,crew_team_h,425,425,9,0.0,False,0.05320990099068834,0.0,0.0,0.0,0.0
liu_massdep_baseline,piecewise,30.0,shift_ot_h,425,425,9,0.0,False,0.12244868536304865,0.0,0.0,0.0,0.0
liu_massdep_baseline,power_0.72,5.1,shift_h,425,425,9,0.0,False,0.125,0.0,0.0,0.0,0.0
liu_massdep_baseline,power_0.72,5.1,crew_veh_h,425,425,9,0.0,False,0.013345615852182968,0.0,0.0,0.0,0.0
liu_massdep_baseline,power_0.72,5.1,crew_team_h,425,425,9,0.0,False,0.013345615852182968,0.0,0.0,0.0,0.0
liu_massdep_baseline,power_0.72,5.1,shift_ot_h,425,425,9,0.0,False,0.12116907508856745,0.0,0.0,0.0,0.0
liu_massdep_baseline,power_0.72,6.364497,shift_h,425,425,9,0.0,False,0.125,0.0,0.0,0.0,0.0
liu_massdep_baseline,power_0.72,6.364497,crew_veh_h,425,425,9,0.0,False,0.016225036104878132,0.0,0.0,0.0,0.0
liu_massdep_baseline,power_0.72,6.364497,crew_team_h,425,425,9,0.0,False,0.016225036104878132,0.0,0.0,0.0,0.0
liu_massdep_baseline,power_0.72,6.364497,shift_ot_h,425,425,9,0.0,False,0.12125853170070022,0.0,0.0,0.0,0.0
liu_massdep_baseline,power_0.72,7.942513,shift_h,425,425,9,0.0,False,0.125,0.0,0.0,0.0,0.0
liu_massdep_baseline,power_0.72,7.942513,crew_veh_h,425,425,9,0.0,False,0.019616564910995615,0.0,0.0,0.0,0.0
liu_massdep_baseline,power_0.72,7.942513,crew_team_h,425,425,9,0.0,False,0.019616564910995615,0.0,0.0,0.0,0.0
liu_massdep_baseline,power_0.72,7.942513,shift_ot_h,425,425,9,0.0,False,0.12136447413096096,0.0,0.0,0.0,0.0
liu_massdep_baseline,power_0.72,9.911784,shift_h,425,425,9,0.0,False,0.125,0.0,0.0,0.0,0.0
liu_massdep_baseline,power_0.72,9.911784,crew_veh_h,425,425,9,0.0,False,0.02356345380153857,0.0,0.0,0.0,0.0
liu_massdep_baseline,power_0.72,9.911784,crew_team_h,425,425,9,0.0,False,0.02356345380153857,0.0,0.0,0.0,0.0
liu_massdep_baseline,power_0.72,9.911784,shift_ot_h,425,425,9,0.0,False,0.12148855576992368,0.0,0.0,0.0,0.0
liu_massdep_baseline,power_0.72,12.369317,shift_h,425,425,9,0.0,False,0.125,0.0,0.0,0.0,0.0
liu_massdep_baseline,power_0.72,12.369317,crew_veh_h,425,425,9,0.0,False,0.028092769741844492,0.0,0.0,0.0,0.0
liu_massdep_baseline,power_0.72,12.369317,crew_team_h,425,425,9,0.0,False,0.028092769741844492,0.0,0.0,0.0,0.0
liu_massdep_baseline,power_0.72,12.369317,shift_ot_h,425,425,9,0.0,False,0.12163200733913926,0.0,0.0,0.0,0.0
liu_massdep_baseline,power_0.72,15.436172,shift_h,425,425,9,0.0,False,0.125,0.0,0.0,0.0,0.0
liu_massdep_baseline,power_0.72,15.436172,crew_veh_h,425,425,9,0.0,False,0.03320768418593811,0.0,0.0,0.0,0.0
liu_massdep_baseline,power_0.72,15.436172,crew_team_h,425,425,9,0.0,False,0.03320768418593811,0.0,0.0,0.0,0.0
liu_massdep_baseline,power_0.72,15.436172,shift_ot_h,425,425,9,0.0,False,0.12179538378312671,0.0,0.0,0.0,0.0
liu_massdep_baseline,power_0.72,19.263424,shift_h,425,425,9,0.0,False,0.125,0.0,0.0,0.0,0.0
liu_massdep_baseline,power_0.72,19.263424,crew_veh_h,425,425,9,0.0,False,0.03888024135658297,0.0,0.0,0.0,0.0
liu_massdep_baseline,power_0.72,19.263424,crew_team_h,425,425,9,0.0,False,0.03888024135658297,0.0,0.0,0.0,0.0
liu_massdep_baseline,power_0.72,19.263424,shift_ot_h,425,425,9,0.0,False,0.12197830449623726,0.0,0.0,0.0,0.0
liu_massdep_baseline,power_0.72,24.039607,shift_h,425,425,9,0.0,False,0.125,0.0,0.0,0.0,0.0
liu_massdep_baseline,power_0.72,24.039607,crew_veh_h,425,425,9,0.0,False,0.04504626513726895,0.0,0.0,0.0,0.0
liu_massdep_baseline,power_0.72,24.039607,crew_team_h,425,425,9,0.0,False,0.04504626513726895,0.0,0.0,0.0,0.0
liu_massdep_baseline,power_0.72,24.039607,shift_ot_h,425,425,9,0.0,False,0.12217923576778644,0.0,0.0,0.0,0.0
liu_massdep_baseline,power_0.72,30.0,shift_h,425,425,9,0.0,False,0.125,0.0,0.0,0.0,0.0
liu_massdep_baseline,power_0.72,30.0,crew_veh_h,425,425,9,0.0,False,0.05160420535123689,0.0,0.0,0.0,0.0
liu_massdep_baseline,power_0.72,30.0,crew_team_h,425,425,9,0.0,False,0.05160420535123689,0.0,0.0,0.0,0.0
liu_massdep_baseline,power_0.72,30.0,shift_ot_h,425,425,9,0.0,False,0.1223953760658687,0.0,0.0,0.0,0.0
liu_massdep_baseline,power_0.84,5.1,shift_h,425,425,9,0.0,False,0.12499999999999978,0.0,0.0,0.0,0.0
liu_massdep_baseline,power_0.84,5.1,crew_veh_h,425,425,9,0.0,False,0.014008613001097237,0.0,0.0,0.0,0.0
liu_massdep_baseline,power_0.84,5.1,crew_team_h,425,425,9,0.0,False,0.014008613001097237,0.0,0.0,0.0,0.0
liu_massdep_baseline,power_0.84,5.1,shift_ot_h,425,425,9,0.0,False,0.12118963321038723,0.0,0.0,0.0,0.0
liu_massdep_baseline,power_0.84,6.364497,shift_h,425,425,9,0.0,False,0.125,0.0,0.0,0.0,0.0
liu_massdep_baseline,power_0.84,6.364497,crew_veh_h,425,425,9,0.0,False,0.017009288469965744,0.0,0.0,0.0,0.0
liu_massdep_baseline,power_0.84,6.364497,crew_team_h,425,425,9,0.0,False,0.017009288469965744,0.0,0.0,0.0,0.0
liu_massdep_baseline,power_0.84,6.364497,shift_ot_h,425,425,9,0.0,False,0.12128297414023659,0.0,0.0,0.0,0.0
liu_massdep_baseline,power_0.84,7.942513,shift_h,425,425,9,0.0,False,0.125,0.0,0.0,0.0,0.0
liu_massdep_baseline,power_0.84,7.942513,crew_veh_h,425,425,9,0.0,False,0.020533803892419433,0.0,0.0,0.0,0.0
liu_massdep_baseline,power_0.84,7.942513,crew_team_h,425,425,9,0.0,False,0.020533803892419433,0.0,0.0,0.0,0.0
liu_massdep_baseline,power_0.84,7.942513,shift_ot_h,425,425,9,0.0,False,0.12139323393982959,0.0,0.0,0.0,0.0
liu_massdep_baseline,power_0.84,9.911784,shift_h,425,425,9,0.0,False,0.12500000000000022,0.0,0.0,0.0,0.0
liu_massdep_baseline,power_0.84,9.911784,crew_veh_h,425,425,9,0.0,False,0.024622124057139372,0.0,0.0,0.0,0.0
liu_massdep_baseline,power_0.84,9.911784,crew_team_h,425,425,9,0.0,False,0.024622124057139372,0.0,0.0,0.0,0.0
liu_massdep_baseline,power_0.84,9.911784,shift_ot_h,425,425,9,0.0,False,0.12152198389592717,0.0,0.0,0.0,0.0
liu_massdep_baseline,power_0.84,12.369317,shift_h,425,425,9,0.0,False,0.125,0.0,0.0,0.0,0.0
liu_massdep_baseline,power_0.84,12.369317,crew_veh_h,425,425,9,0.0,False,0.029296163268356157,0.0,0.0,0.0,0.0
liu_massdep_baseline,power_0.84,12.369317,crew_team_h,425,425,9,0.0,False,0.029296163268356157,0.0,0.0,0.0,0.0
liu_massdep_baseline,power_0.84,12.369317,shift_ot_h,425,425,9,0.0,False,0.12167031301214282,0.0,0.0,0.0,0.0
liu_massdep_baseline,power_0.84,15.436172,shift_h,425,425,9,0.0,False,0.12499999999999978,0.0,0.0,0.0,0.0
liu_massdep_baseline,power_0.84,15.436172,crew_veh_h,425,425,9,0.0,False,0.034552061043077176,0.0,0.0,0.0,0.0
liu_massdep_baseline,power_0.84,15.436172,crew_team_h,425,425,9,0.0,False,0.034552061043077176,0.0,0.0,0.0,0.0
liu_massdep_baseline,power_0.84,15.436172,shift_ot_h,425,425,9,0.0,False,0.12183856969307594,0.0,0.0,0.0,0.0
liu_massdep_baseline,power_0.84,19.263424,shift_h,425,425,9,0.0,False,0.125,0.0,0.0,0.0,0.0
liu_massdep_baseline,power_0.84,19.263424,crew_veh_h,425,425,9,0.0,False,0.0403533090333037,0.0,0.0,0.0,0.0
liu_massdep_baseline,power_0.84,19.263424,crew_team_h,425,425,9,0.0,False,0.0403533090333037,0.0,0.0,0.0,0.0
liu_massdep_baseline,power_0.84,19.263424,shift_ot_h,425,425,9,0.0,False,0.12202610718566409,0.0,0.0,0.0,0.0
liu_massdep_baseline,power_0.84,24.039607,shift_h,425,425,9,0.0,False,0.125,0.0,0.0,0.0,0.0
liu_massdep_baseline,power_0.84,24.039607,crew_veh_h,425,425,9,0.0,False,0.04662646488356659,0.0,0.0,0.0,0.0
liu_massdep_baseline,power_0.84,24.039607,crew_team_h,425,425,9,0.0,False,0.04662646488356659,0.0,0.0,0.0,0.0
liu_massdep_baseline,power_0.84,24.039607,shift_ot_h,425,425,9,0.0,False,0.12223108550257478,0.0,0.0,0.0,0.0
liu_massdep_baseline,power_0.84,30.0,shift_h,425,425,9,0.0,False,0.125,0.0,0.0,0.0,0.0
liu_massdep_baseline,power_0.84,30.0,crew_veh_h,425,425,9,0.0,False,0.053261206933530314,0.0,0.0,0.0,0.0
liu_massdep_baseline,power_0.84,30.0,crew_team_h,425,425,9,0.0,False,0.053261206933530314,0.0,0.0,0.0,0.0
liu_massdep_baseline,power_0.84,30.0,shift_ot_h,425,425,9,0.0,False,0.1224503912609114,0.0,0.0,0.0,0.0
liu_massdep_baseline,power_0.96,5.1,shift_h,425,425,9,0.0,False,0.125,0.0,0.0,0.0,0.0
liu_massdep_baseline,power_0.96,5.1,crew_veh_h,425,425,9,0.0,False,0.01470021076880057,0.0,0.0,0.0,0.0
liu_massdep_baseline,power_0.96,5.1,crew_team_h,425,425,9,0.0,False,0.01470021076880057,0.0,0.0,0.0,0.0
liu_massdep_baseline,power_0.96,5.1,shift_ot_h,425,425,9,0.0,False,0.12121110338471208,0.0,0.0,0.0,0.0
liu_massdep_baseline,power_0.96,6.364497,shift_h,425,425,9,0.0,False,0.12499999999999978,0.0,0.0,0.0,0.0
liu_massdep_baseline,power_0.96,6.364497,crew_veh_h,425,425,9,0.0,False,0.017825236397046806,0.0,0.0,0.0,0.0
liu_massdep_baseline,power_0.96,6.364497,crew_team_h,425,425,9,0.0,False,0.017825236397046806,0.0,0.0,0.0,0.0
liu_massdep_baseline,power_0.96,6.364497,shift_ot_h,425,425,9,0.0,False,0.12130843983041473,0.0,0.0,0.0,0.0
liu_massdep_baseline,power_0.96,7.942513,shift_h,425,425,9,0.0,False,0.125,0.0,0.0,0.0,0.0
liu_massdep_baseline,power_0.96,7.942513,crew_veh_h,425,425,9,0.0,False,0.021485187517597648,0.0,0.0,0.0,0.0
liu_massdep_baseline,power_0.96,7.942513,crew_team_h,425,425,9,0.0,False,0.021485187517597648,0.0,0.0,0.0,0.0
liu_massdep_baseline,power_0.96,7.942513,shift_ot_h,425,425,9,0.0,False,0.12142311300433462,0.0,0.0,0.0,0.0
liu_massdep_baseline,power_0.96,9.911784,shift_h,425,425,9,0.0,False,0.12499999999999978,0.0,0.0,0.0,0.0
liu_massdep_baseline,power_0.96,9.911784,crew_veh_h,425,425,9,0.0,False,0.025716300172892614,0.0,0.0,0.0,0.0
liu_massdep_baseline,power_0.96,9.911784,crew_team_h,425,425,9,0.0,False,0.025716300172892614,0.0,0.0,0.0,0.0
liu_massdep_baseline,power_0.96,9.911784,shift_ot_h,425,425,9,0.0,False,0.12155659830833643,0.0,0.0,0.0,0.0
liu_massdep_baseline,power_0.96,12.369317,shift_h,425,425,9,0.0,False,0.125,0.0,0.0,0.0,0.0
liu_massdep_baseline,power_0.96,12.369317,crew_veh_h,425,425,9,0.0,False,0.030534863070585283,0.0,0.0,0.0,0.0
liu_massdep_baseline,power_0.96,12.369317,crew_team_h,425,425,9,0.0,False,0.030534863070585283,0.0,0.0,0.0,0.0
liu_massdep_baseline,power_0.96,12.369317,shift_ot_h,425,425,9,0.0,False,0.12170982725645252,0.0,0.0,0.0,0.0
liu_massdep_baseline,power_0.96,15.436172,shift_h,425,425,9,0.0,False,0.125,0.0,0.0,0.0,0.0
liu_massdep_baseline,power_0.96,15.436172,crew_veh_h,425,425,9,0.0,False,0.03592956012452486,0.0,0.0,0.0,0.0
liu_massdep_baseline,power_0.96,15.436172,crew_team_h,425,425,9,0.0,False,0.03592956012452486,0.0,0.0,0.0,0.0
liu_massdep_baseline,power_0.96,15.436172,shift_ot_h,425,425,9,0.0,False,0.12188292608069906,0.0,0.0,0.0,0.0
liu_massdep_baseline,power_0.96,19.263424,shift_h,425,425,9,0.0,False,0.125,0.0,0.0,0.0,0.0
liu_massdep_baseline,power_0.96,19.263424,crew_veh_h,425,425,9,0.0,False,0.041855062784937225,0.0,0.0,0.0,0.0
liu_massdep_baseline,power_0.96,19.263424,crew_team_h,425,425,9,0.0,False,0.041855062784937225,0.0,0.0,0.0,0.0
liu_massdep_baseline,power_0.96,19.263424,shift_ot_h,425,425,9,0.0,False,0.12207496961269615,0.0,0.0,0.0,0.0
liu_massdep_baseline,power_0.96,24.039607,shift_h,425,425,9,0.0,False,0.125,0.0,0.0,0.0,0.0
liu_massdep_baseline,power_0.96,24.039607,crew_veh_h,425,425,9,0.0,False,0.048228659889264947,0.0,0.0,0.0,0.0
liu_massdep_baseline,power_0.96,24.039607,crew_team_h,425,425,9,0.0,False,0.048228659889264947,0.0,0.0,0.0,0.0
liu_massdep_baseline,power_0.96,24.039607,shift_ot_h,425,425,9,0.0,False,0.12228380648317261,0.0,0.0,0.0,0.0
liu_massdep_baseline,power_0.96,30.0,shift_h,425,425,9,0.0,False,0.125,0.0,0.0,0.0,0.0
liu_massdep_baseline,power_0.96,30.0,crew_veh_h,425,425,9,0.0,False,0.054931593568838366,0.0,0.0,0.0,0.0
liu_massdep_baseline,power_0.96,30.0,crew_team_h,425,425,9,0.0,False,0.054931593568838366,0.0,0.0,0.0,0.0
liu_massdep_baseline,power_0.96,30.0,shift_ot_h,425,425,9,0.0,False,0.12250601679255801,0.0,0.0,0.0,0.0
liu_massdep_tight,affine,5.1,shift_h,425,425,9,0.0,False,0.125,0.0,0.0,0.0,0.0
liu_massdep_tight,affine,5.1,crew_veh_h,425,425,9,0.0,False,0.0021647955152381826,0.0,0.0,0.0,0.0
liu_massdep_tight,affine,5.1,crew_team_h,425,425,9,0.0,False,0.0021647955152381826,0.0,0.0,0.0,0.0
liu_massdep_tight,affine,5.1,shift_ot_h,425,425,9,0.0,False,0.12859940434478556,0.0,0.0,0.0,0.0
liu_massdep_tight,affine,6.364497,shift_h,425,425,9,0.0,False,0.125,0.0,0.0,0.0,0.0
liu_massdep_tight,affine,6.364497,crew_veh_h,425,425,9,0.0,False,0.005347364238364349,0.0,0.0,0.0,0.0
liu_massdep_tight,affine,6.364497,crew_team_h,425,425,9,0.0,False,0.005347364238364349,0.0,0.0,0.0,0.0
liu_massdep_tight,affine,6.364497,shift_ot_h,425,425,9,0.0,False,0.1285117620654841,0.0,0.0,0.0,0.0
liu_massdep_tight,affine,7.942513,shift_h,425,425,9,0.0,False,0.125,0.0,0.0,0.0,0.0
liu_massdep_tight,affine,7.942513,crew_veh_h,425,425,9,0.0,False,0.009094946660607839,0.0,0.0,0.0,0.0
liu_massdep_tight,affine,7.942513,crew_team_h,425,425,9,0.0,False,0.009094946660607839,0.0,0.0,0.0,0.0
liu_massdep_tight,affine,7.942513,shift_ot_h,425,425,9,0.0,False,0.12840819970366257,0.0,0.0,0.0,0.0
liu_massdep_tight,affine,9.911784,shift_h,425,425,9,0.0,False,0.125,0.0,0.0,0.0,0.0
liu_massdep_tight,affine,9.911784,crew_veh_h,425,425,9,0.0,False,0.013454817529301666,0.0,0.0,0.0,0.0
liu_massdep_tight,affine,9.911784,crew_team_h,425,425,9,0.0,False,0.013454817529301666,0.0,0.0,0.0,0.0
liu_massdep_tight,affine,9.911784,shift_ot_h,425,425,9,0.0,False,0.12828722349219435,0.0,0.0,0.0,0.0
liu_massdep_tight,affine,12.369317,shift_h,425,425,9,0.0,False,0.125,0.0,0.0,0.0,0.0
liu_massdep_tight,affine,12.369317,crew_veh_h,425,425,9,0.0,False,0.01845623580230793,0.0,0.0,0.0,0.0
liu_massdep_tight,affine,12.369317,crew_team_h,425,425,9,0.0,False,0.01845623580230793,0.0,0.0,0.0,0.0
liu_massdep_tight,affine,12.369317,shift_ot_h,425,425,9,0.0,False,0.12814778770124535,0.0,0.0,0.0,0.0
liu_massdep_tight,affine,15.436172,shift_h,425,425,9,0.0,False,0.12499999999999978,0.0,0.0,0.0,0.0
liu_massdep_tight,affine,15.436172,crew_veh_h,425,425,9,0.0,False,0.024101951562031543,0.0,0.0,0.0,0.0
liu_massdep_tight,affine,15.436172,crew_team_h,425,425,9,0.0,False,0.024101951562031543,0.0,0.0,0.0,0.0
liu_massdep_tight,affine,15.436172,shift_ot_h,425,425,9,0.0,False,0.12798953796652413,0.0,0.0,0.0,0.0
liu_massdep_tight,affine,19.263424,shift_h,425,425,9,0.0,False,0.125,0.0,0.0,0.0,0.0
liu_massdep_tight,affine,19.263424,crew_veh_h,425,425,9,0.0,False,0.030360279367761756,0.0,0.0,0.0,0.0
liu_massdep_tight,affine,19.263424,crew_team_h,425,425,9,0.0,False,0.030360279367761756,0.0,0.0,0.0,0.0
liu_massdep_tight,affine,19.263424,shift_ot_h,425,425,9,0.0,False,0.12781305237325102,0.0,0.0,0.0,0.0
liu_massdep_tight,affine,24.039607,shift_h,425,425,9,0.0,False,0.12500000000000022,0.0,0.0,0.0,0.0
liu_massdep_tight,affine,24.039607,crew_veh_h,425,425,9,0.0,False,0.03715957397845471,0.0,0.0,0.0,0.0
liu_massdep_tight,affine,24.039607,crew_team_h,425,425,9,0.0,False,0.03715957397845471,0.0,0.0,0.0,0.0
liu_massdep_tight,affine,24.039607,shift_ot_h,425,425,9,0.0,False,0.1276200309587754,0.0,0.0,0.0,0.0
liu_massdep_tight,affine,30.0,shift_h,425,425,9,0.0,False,0.125,0.0,0.0,0.0,0.0
liu_massdep_tight,affine,30.0,crew_veh_h,425,425,9,0.0,False,0.044387087408448433,0.0,0.0,0.0,0.0
liu_massdep_tight,affine,30.0,crew_team_h,425,425,9,0.0,False,0.044387087408448433,0.0,0.0,0.0,0.0
liu_massdep_tight,affine,30.0,shift_ot_h,425,425,9,0.0,False,0.12741337568464806,0.0,0.0,0.0,0.0
liu_massdep_tight,piecewise,5.1,shift_h,425,425,9,0.0,False,0.125,0.0,0.0,0.0,0.0
liu_massdep_tight,piecewise,5.1,crew_veh_h,425,425,9,0.0,False,0.002499446839694164,0.0,0.0,0.0,0.0
liu_massdep_tight,piecewise,5.1,crew_team_h,425,425,9,0.0,False,0.002499446839694164,0.0,0.0,0.0,0.0
liu_massdep_tight,piecewise,5.1,shift_ot_h,425,425,9,0.0,False,0.1285902018321483,0.0,0.0,0.0,0.0
liu_massdep_tight,piecewise,6.364497,shift_h,425,425,9,0.0,False,0.125,0.0,0.0,0.0,0.0
liu_massdep_tight,piecewise,6.364497,crew_veh_h,425,425,9,0.0,False,0.005743396200277973,0.0,0.0,0.0,0.0
liu_massdep_tight,piecewise,6.364497,crew_team_h,425,425,9,0.0,False,0.005743396200277973,0.0,0.0,0.0,0.0
liu_massdep_tight,piecewise,6.364497,shift_ot_h,425,425,9,0.0,False,0.1285008364048572,0.0,0.0,0.0,0.0
liu_massdep_tight,piecewise,7.942513,shift_h,425,425,9,0.0,False,0.125,0.0,0.0,0.0,0.0
liu_massdep_tight,piecewise,7.942513,crew_veh_h,425,425,9,0.0,False,0.009558376731741536,0.0,0.0,0.0,0.0
liu_massdep_tight,piecewise,7.942513,crew_team_h,425,425,9,0.0,False,0.009558376731741536,0.0,0.0,0.0,0.0
liu_massdep_tight,piecewise,7.942513,shift_ot_h,425,425,9,0.0,False,0.12839536587299016,0.0,0.0,0.0,0.0
liu_massdep_tight,piecewise,9.911784,shift_h,425,425,9,0.0,False,0.125,0.0,0.0,0.0,0.0
liu_massdep_tight,piecewise,9.911784,crew_veh_h,425,425,9,0.0,False,0.013990029851739028,0.0,0.0,0.0,0.0
liu_massdep_tight,piecewise,9.911784,crew_team_h,425,425,9,0.0,False,0.013990029851739028,0.0,0.0,0.0,0.0
liu_massdep_tight,piecewise,9.911784,shift_ot_h,425,425,9,0.0,False,0.1282723358583282,0.0,0.0,0.0,0.0
liu_massdep_tight,piecewise,12.369317,shift_h,425,425,9,0.0,False,0.125,0.0,0.0,0.0,0.0
liu_massdep_tight,piecewise,12.369317,crew_veh_h,425,425,9,0.0,False,0.019065035664723506,0.0,0.0,0.0,0.0
liu_massdep_tight,piecewise,12.369317,crew_team_h,425,425,9,0.0,False,0.019065035664723506,0.0,0.0,0.0,0.0
liu_massdep_tight,piecewise,12.369317,shift_ot_h,425,425,9,0.0,False,0.12813076656366018,0.0,0.0,0.0,0.0
liu_massdep_tight,piecewise,15.436172,shift_h,425,425,9,0.0,False,0.12499999999999978,0.0,0.0,0.0,0.0
liu_massdep_tight,piecewise,15.436172,crew_veh_h,425,425,9,0.0,False,0.024782606405441276,0.0,0.0,0.0,0.0
liu_massdep_tight,piecewise,15.436172,crew_team_h,425,425,9,0.0,False,0.024782606405441276,0.0,0.0,0.0,0.0
liu_massdep_tight,piecewise,15.436172,shift_ot_h,425,425,9,0.0,False,0.12797039782969977,0.0,0.0,0.0,0.0
liu_massdep_tight,piecewise,19.263424,shift_h,425,425,9,0.0,False,0.12499999999999978,0.0,0.0,0.0,0.0
liu_massdep_tight,piecewise,19.263424,crew_veh_h,425,425,9,0.0,False,0.031106733031857958,0.0,0.0,0.0,0.0
liu_massdep_tight,piecewise,19.263424,crew_team_h,425,425,9,0.0,False,0.031106733031857958,0.0,0.0,0.0,0.0
liu_massdep_tight,piecewise,19.263424,shift_ot_h,425,425,9,0.0,False,0.12779192711024945,0.0,0.0,0.0,0.0
liu_massdep_tight,piecewise,24.039607,shift_h,425,425,9,0.0,False,0.125,0.0,0.0,0.0,0.0
liu_massdep_tight,piecewise,24.039607,crew_veh_h,425,425,9,0.0,False,0.03796106167031543,0.0,0.0,0.0,0.0
liu_massdep_tight,piecewise,24.039607,crew_team_h,425,425,9,0.0,False,0.03796106167031543,0.0,0.0,0.0,0.0
liu_massdep_tight,piecewise,24.039607,shift_ot_h,425,425,9,0.0,False,0.1275971894822614,0.0,0.0,0.0,0.0
liu_massdep_tight,piecewise,30.0,shift_h,425,425,9,0.0,False,0.12500000000000022,0.0,0.0,0.0,0.0
liu_massdep_tight,piecewise,30.0,crew_veh_h,425,425,9,0.0,False,0.04522835830799887,0.0,0.0,0.0,0.0
liu_massdep_tight,piecewise,30.0,crew_team_h,425,425,9,0.0,False,0.04522835830799887,0.0,0.0,0.0,0.0
liu_massdep_tight,piecewise,30.0,shift_ot_h,425,425,9,0.0,False,0.12738922166708555,0.0,0.0,0.0,0.0
liu_massdep_tight,power_0.72,5.1,shift_h,425,425,9,0.0,False,0.125,0.0,0.0,0.0,0.0
liu_massdep_tight,power_0.72,5.1,crew_veh_h,425,425,9,0.0,False,0.0018048265980992184,0.0,0.0,0.0,0.0
liu_massdep_tight,power_0.72,5.1,crew_team_h,425,425,9,0.0,False,0.0018048265980992184,0.0,0.0,0.0,0.0
liu_massdep_tight,power_0.72,5.1,shift_ot_h,425,425,9,0.0,False,0.12860929960689815,0.0,0.0,0.0,0.0
liu_massdep_tight,power_0.72,6.364497,shift_h,425,425,9,0.0,False,0.125,0.0,0.0,0.0,0.0
liu_massdep_tight,power_0.72,6.364497,crew_veh_h,425,425,9,0.0,False,0.0049208512997975795,0.0,0.0,0.0,0.0
liu_massdep_tight,power_0.72,6.364497,crew_team_h,425,425,9,0.0,False,0.0049208512997975795,0.0,0.0,0.0,0.0
liu_massdep_tight,power_0.72,6.364497,shift_ot_h,425,425,9,0.0,False,0.12852352376024156,0.0,0.0,0.0,0.0
liu_massdep_tight,power_0.72,7.942513,shift_h,425,425,9,0.0,False,0.125,0.0,0.0,0.0,0.0
liu_massdep_tight,power_0.72,7.942513,crew_veh_h,425,425,9,0.0,False,0.008595131135362255,0.0,0.0,0.0,0.0
liu_massdep_tight,power_0.72,7.942513,crew_team_h,425,425,9,0.0,False,0.008595131135362255,0.0,0.0,0.0,0.0
liu_massdep_tight,power_0.72,7.942513,shift_ot_h,425,425,9,0.0,False,0.12842203444080313,0.0,0.0,0.0,0.0
liu_massdep_tight,power_0.72,9.911784,shift_h,425,425,9,0.0,False,0.125,0.0,0.0,0.0,0.0
liu_massdep_tight,power_0.72,9.911784,crew_veh_h,425,425,9,0.0,False,0.012876618825366393,0.0,0.0,0.0,0.0
liu_massdep_tight,power_0.72,9.911784,crew_team_h,425,425,9,0.0,False,0.012876618825366393,0.0,0.0,0.0,0.0
liu_massdep_tight,power_0.72,9.911784,shift_ot_h,425,425,9,0.0,False,0.12830329780245608,0.0,0.0,0.0,0.0
liu_massdep_tight,power_0.72,12.369317,shift_h,425,425,9,0.0,False,0.125,0.0,0.0,0.0,0.0
liu_massdep_tight,power_0.72,12.369317,crew_veh_h,425,425,9,0.0,False,0.017797277634899134,0.0,0.0,0.0,0.0
liu_massdep_tight,power_0.72,12.369317,crew_team_h,425,425,9,0.0,False,0.017797277634899134,0.0,0.0,0.0,0.0
liu_massdep_tight,power_0.72,12.369317,shift_ot_h,425,425,9,0.0,False,0.12816619936192364,0.0,0.0,0.0,0.0
liu_massdep_tight,power_0.72,15.436172,shift_h,425,425,9,0.0,False,0.125,0.0,0.0,0.0,0.0
liu_massdep_tight,power_0.72,15.436172,crew_veh_h,425,425,9,0.0,False,0.023363622739956735,0.0,0.0,0.0,0.0
liu_massdep_tight,power_0.72,15.436172,crew_team_h,425,425,9,0.0,False,0.023363622739956735,0.0,0.0,0.0,0.0
liu_massdep_tight,power_0.72,15.436172,shift_ot_h,425,425,9,0.0,False,0.12801028494401123,0.0,0.0,0.0,0.0
liu_massdep_tight,power_0.72,19.263424,shift_h,425,425,9,0.0,False,0.125,0.0,0.0,0.0,0.0
liu_massdep_tight,power_0.72,19.263424,crew_veh_h,425,425,9,0.0,False,0.029548632025657717,0.0,0.0,0.0,0.0
liu_massdep_tight,power_0.72,19.263424,crew_team_h,425,425,9,0.0,False,0.029548632025657717,0.0,0.0,0.0,0.0
liu_massdep_tight,power_0.72,19.263424,shift_ot_h,425,425,9,0.0,False,0.12783600443823562,0.0,0.0,0.0,0.0
liu_massdep_tight,power_0.72,24.039607,shift_h,425,425,9,0.0,False,0.125,0.0,0.0,0.0,0.0
liu_massdep_tight,power_0.72,24.039607,crew_veh_h,425,425,9,0.0,False,0.03628581195580516,0.0,0.0,0.0,0.0
liu_massdep_tight,power_0.72,24.039607,crew_team_h,425,425,9,0.0,False,0.03628581195580516,0.0,0.0,0.0,0.0
liu_massdep_tight,power_0.72,24.039607,shift_ot_h,425,425,9,0.0,False,0.1276449108447708,0.0,0.0,0.0,0.0
liu_massdep_tight,power_0.72,30.0,shift_h,425,425,9,0.0,False,0.125,0.0,0.0,0.0,0.0
liu_massdep_tight,power_0.72,30.0,crew_veh_h,425,425,9,0.0,False,0.04346741028513312,0.0,0.0,0.0,0.0
liu_massdep_tight,power_0.72,30.0,crew_team_h,425,425,9,0.0,False,0.04346741028513312,0.0,0.0,0.0,0.0
liu_massdep_tight,power_0.72,30.0,shift_ot_h,425,425,9,0.0,False,0.12743975699205534,0.0,0.0,0.0,0.0
liu_massdep_tight,power_0.84,5.1,shift_h,425,425,9,0.0,False,0.12499999999999978,0.0,0.0,0.0,0.0
liu_massdep_tight,power_0.84,5.1,crew_veh_h,425,425,9,0.0,False,0.002522022127989576,0.0,0.0,0.0,0.0
liu_massdep_tight,power_0.84,5.1,crew_team_h,425,425,9,0.0,False,0.002522022127989576,0.0,0.0,0.0,0.0
liu_massdep_tight,power_0.84,5.1,shift_ot_h,425,425,9,0.0,False,0.1285895809271762,0.0,0.0,0.0,0.0
liu_massdep_tight,power_0.84,6.364497,shift_h,425,425,9,0.0,False,0.125,0.0,0.0,0.0,0.0
liu_massdep_tight,power_0.84,6.364497,crew_veh_h,425,425,9,0.0,False,0.005770095432106714,0.0,0.0,0.0,0.0
liu_massdep_tight,power_0.84,6.364497,crew_team_h,425,425,9,0.0,False,0.005770095432106714,0.0,0.0,0.0,0.0
liu_massdep_tight,power_0.84,6.364497,shift_ot_h,425,425,9,0.0,False,0.12850009967437703,0.0,0.0,0.0,0.0
liu_massdep_tight,power_0.84,7.942513,shift_h,425,425,9,0.0,False,0.125,0.0,0.0,0.0,0.0
liu_massdep_tight,power_0.84,7.942513,crew_veh_h,425,425,9,0.0,False,0.009589596695968483,0.0,0.0,0.0,0.0
liu_massdep_tight,power_0.84,7.942513,crew_team_h,425,425,9,0.0,False,0.009589596695968483,0.0,0.0,0.0,0.0
liu_massdep_tight,power_0.84,7.942513,shift_ot_h,425,425,9,0.0,False,0.12839450107867845,0.0,0.0,0.0,0.0
liu_massdep_tight,power_0.84,9.911784,shift_h,425,425,9,0.0,False,0.12500000000000022,0.0,0.0,0.0,0.0
liu_massdep_tight,power_0.84,9.911784,crew_veh_h,425,425,9,0.0,False,0.014026054679614042,0.0,0.0,0.0,0.0
liu_massdep_tight,power_0.84,9.911784,crew_team_h,425,425,9,0.0,False,0.014026054679614042,0.0,0.0,0.0,0.0
liu_massdep_tight,power_0.84,9.911784,shift_ot_h,425,425,9,0.0,False,0.12827133349107522,0.0,0.0,0.0,0.0
liu_massdep_tight,power_0.84,12.369317,shift_h,425,425,9,0.0,False,0.125,0.0,0.0,0.0,0.0
liu_massdep_tight,power_0.84,12.369317,crew_veh_h,425,425,9,0.0,False,0.019105973377493868,0.0,0.0,0.0,0.0
liu_massdep_tight,power_0.84,12.369317,crew_team_h,425,425,9,0.0,False,0.019105973377493868,0.0,0.0,0.0,0.0
liu_massdep_tight,power_0.84,12.369317,shift_ot_h,425,425,9,0.0,False,0.1281296216293102,0.0,0.0,0.0,0.0
liu_massdep_tight,power_0.84,15.436172,shift_h,425,425,9,0.0,False,0.12499999999999978,0.0,0.0,0.0,0.0
liu_massdep_tight,power_0.84,15.436172,crew_veh_h,425,425,9,0.0,False,0.02482832519363143,0.0,0.0,0.0,0.0
liu_massdep_tight,power_0.84,15.436172,crew_team_h,425,425,9,0.0,False,0.02482832519363143,0.0,0.0,0.0,0.0
liu_massdep_tight,power_0.84,15.436172,shift_ot_h,425,425,9,0.0,False,0.12796911173452474,0.0,0.0,0.0,0.0
liu_massdep_tight,power_0.84,19.263424,shift_h,425,425,9,0.0,False,0.125,0.0,0.0,0.0,0.0
liu_massdep_tight,power_0.84,19.263424,crew_veh_h,425,425,9,0.0,False,0.031156809970310784,0.0,0.0,0.0,0.0
liu_massdep_tight,power_0.84,19.263424,crew_team_h,425,425,9,0.0,False,0.031156809970310784,0.0,0.0,0.0,0.0
liu_massdep_tight,power_0.84,19.263424,shift_ot_h,425,425,9,0.0,False,0.12779050931542768,0.0,0.0,0.0,0.0
liu_massdep_tight,power_0.84,24.039607,shift_h,425,425,9,0.0,False,0.125,0.0,0.0,0.0,0.0
liu_massdep_tight,power_0.84,24.039607,crew_veh_h,425,425,9,0.0,False,0.038014759112262375,0.0,0.0,0.0,0.0
liu_massdep_tight,power_0.84,24.039607,crew_team_h,425,425,9,0.0,False,0.038014759112262375,0.0,0.0,0.0,0.0
liu_massdep_tight,power_0.84,24.039607,shift_ot_h,425,425,9,0.0,False,0.1275956584973632,0.0,0.0,0.0,0.0
liu_massdep_tight,power_0.84,30.0,shift_h,425,425,9,0.0,False,0.125,0.0,0.0,0.0,0.0
liu_massdep_tight,power_0.84,30.0,crew_veh_h,425,425,9,0.0,False,0.04528464151815914,0.0,0.0,0.0,0.0
liu_massdep_tight,power_0.84,30.0,crew_team_h,425,425,9,0.0,False,0.04528464151815914,0.0,0.0,0.0,0.0
liu_massdep_tight,power_0.84,30.0,shift_ot_h,425,425,9,0.0,False,0.12738760495561685,0.0,0.0,0.0,0.0
liu_massdep_tight,power_0.96,5.1,shift_h,425,425,9,0.0,False,0.125,0.0,0.0,0.0,0.0
liu_massdep_tight,power_0.96,5.1,crew_veh_h,425,425,9,0.0,False,0.0032703351915841505,0.0,0.0,0.0,0.0
liu_massdep_tight,power_0.96,5.1,crew_team_h,425,425,9,0.0,False,0.0032703351915841505,0.0,0.0,0.0,0.0
liu_massdep_tight,power_0.96,5.1,shift_ot_h,425,425,9,0.0,False,0.12856899153920653,0.0,0.0,0.0,0.0
liu_massdep_tight,power_0.96,6.364497,shift_h,425,425,9,0.0,False,0.12499999999999978,0.0,0.0,0.0,0.0
liu_massdep_tight,power_0.96,6.364497,crew_veh_h,425,425,9,0.0,False,0.006653911480023922,0.0,0.0,0.0,0.0
liu_massdep_tight,power_0.96,6.364497,crew_team_h,425,425,9,0.0,False,0.006653911480023922,0.0,0.0,0.0,0.0
liu_massdep_tight,power_0.96,6.364497,shift_ot_h,425,425,9,0.0,False,0.128475700740879,0.0,0.0,0.0,0.0
liu_massdep_tight,power_0.96,7.942513,shift_h,425,425,9,0.0,False,0.125,0.0,0.0,0.0,0.0
liu_massdep_tight,power_0.96,7.942513,crew_veh_h,425,425,9,0.0,False,0.010621422330672425,0.0,0.0,0.0,0.0
liu_massdep_tight,power_0.96,7.942513,crew_team_h,425,425,9,0.0,False,0.010621422330672425,0.0,0.0,0.0,0.0
liu_massdep_tight,power_0.96,7.942513,shift_ot_h,425,425,9,0.0,False,0.12836590413414806,0.0,0.0,0.0,0.0
liu_massdep_tight,power_0.96,9.911784,shift_h,425,425,9,0.0,False,0.12499999999999978,0.0,0.0,0.0,0.0
liu_massdep_tight,power_0.96,9.911784,crew_veh_h,425,425,9,0.0,False,0.015214492834775717,0.0,0.0,0.0,0.0
liu_massdep_tight,power_0.96,9.911784,crew_team_h,425,425,9,0.0,False,0.015214492834775717,0.0,0.0,0.0,0.0
liu_massdep_tight,power_0.96,9.911784,shift_ot_h,425,425,9,0.0,False,0.1282382454988742,0.0,0.0,0.0,0.0
liu_massdep_tight,power_0.96,12.369317,shift_h,425,425,9,0.0,False,0.125,0.0,0.0,0.0,0.0
liu_massdep_tight,power_0.96,12.369317,crew_veh_h,425,425,9,0.0,False,0.020453647167195443,0.0,0.0,0.0,0.0
liu_massdep_tight,power_0.96,12.369317,crew_team_h,425,425,9,0.0,False,0.020453647167195443,0.0,0.0,0.0,0.0
liu_massdep_tight,power_0.96,12.369317,shift_ot_h,425,425,9,0.0,False,0.1280919037291317,0.0,0.0,0.0,0.0
liu_massdep_tight,power_0.96,15.436172,shift_h,425,425,9,0.0,False,0.125,0.0,0.0,0.0,0.0
liu_massdep_tight,power_0.96,15.436172,crew_veh_h,425,425,9,0.0,False,0.026329838180479737,0.0,0.0,0.0,0.0
liu_massdep_tight,power_0.96,15.436172,crew_team_h,425,425,9,0.0,False,0.026329838180479737,0.0,0.0,0.0,0.0
liu_massdep_tight,power_0.96,15.436172,shift_ot_h,425,425,9,0.0,False,0.1279268400912832,0.0,0.0,0.0,0.0
liu_massdep_tight,power_0.96,19.263424,shift_h,425,425,9,0.0,False,0.125,0.0,0.0,0.0,0.0
liu_massdep_tight,power_0.96,19.263424,crew_veh_h,425,425,9,0.0,False,0.032797170138936016,0.0,0.0,0.0,0.0
liu_massdep_tight,power_0.96,19.263424,crew_team_h,425,425,9,0.0,False,0.032797170138936016,0.0,0.0,0.0,0.0
liu_massdep_tight,power_0.96,19.263424,shift_ot_h,425,425,9,0.0,False,0.1277440268334702,0.0,0.0,0.0,0.0
liu_massdep_tight,power_0.96,24.039607,shift_h,425,425,9,0.0,False,0.125,0.0,0.0,0.0,0.0
liu_massdep_tight,power_0.96,24.039607,crew_veh_h,425,425,9,0.0,False,0.0397687625945462,0.0,0.0,0.0,0.0
liu_massdep_tight,power_0.96,24.039607,crew_team_h,425,425,9,0.0,False,0.0397687625945462,0.0,0.0,0.0,0.0
liu_massdep_tight,power_0.96,24.039607,shift_ot_h,425,425,9,0.0,False,0.12754560324755837,0.0,0.0,0.0,0.0
liu_massdep_tight,power_0.96,30.0,shift_h,425,425,9,0.0,False,0.125,0.0,0.0,0.0,0.0
liu_massdep_tight,power_0.96,30.0,crew_veh_h,425,425,9,0.0,False,0.04711763576594641,0.0,0.0,0.0,0.0
liu_massdep_tight,power_0.96,30.0,crew_team_h,425,425,9,0.0,False,0.04711763576594641,0.0,0.0,0.0,0.0
liu_massdep_tight,power_0.96,30.0,shift_ot_h,425,425,9,0.0,False,0.12733490183316465,0.0,0.0,0.0,0.0
liu_short_baseline,affine,5.1,shift_h,L300_H425x2,L300_H425x3,6,0.0,False,0.20298803487920258,0.014940174396012473,0.0,0.012419221108473044,0.0
liu_short_baseline,affine,5.1,crew_veh_h,L300_H425x4,L300_H425x4,6,0.0,False,0.01778852999926528,0.00393080507677368,0.0,0.009398554739644904,0.0
liu_short_baseline,affine,5.1,crew_team_h,L300_H425x4,L300_H425x4,6,0.0,False,0.01778852999926528,0.00393080507677368,0.0,0.009398554739644904,0.0
liu_short_baseline,affine,5.1,shift_ot_h,L300_H425x3,L300_H425x3,6,0.0,False,0.19112514589806562,0.008705738117340767,0.0,0.011344473437304714,0.0
liu_short_baseline,affine,6.364497,shift_h,L300_H425x2,L300_H425x3,6,0.0,False,0.20364876610043026,0.018243830502150615,0.0,0.015157104809949473,0.0
liu_short_baseline,affine,6.364497,crew_veh_h,L300_H425x4,L300_H425x4,6,0.0,False,0.021601928350131416,0.005184625795045417,0.0,0.011773221450398275,0.0
liu_short_baseline,affine,6.364497,crew_team_h,L300_H425x4,L300_H425x4,6,0.0,False,0.021601928350131416,0.005184625795045417,0.0,0.011773221450398275,0.0
liu_short_baseline,affine,6.364497,shift_ot_h,L300_H425x3,L300_H425x3,6,0.0,False,0.19062003866421096,0.010846583665683251,0.0,0.01403807442320848,0.0
liu_short_baseline,affine,7.942513,shift_h,L300_H425x2,L300_H425x3,6,0.0,False,0.2044345317734202,0.022172658867100736,0.0,0.01840918562377447,0.0
liu_short_baseline,affine,7.942513,crew_veh_h,L300_H425x3,L300_H425x3,6,0.0,False,0.02610393094320096,0.007487792650534786,0.0,0.015355976666857618,0.0
liu_short_baseline,affine,7.942513,crew_team_h,L300_H425x3,L300_H425x3,6,0.0,False,0.02610393094320096,0.007487792650534786,0.0,0.015355976666857618,0.0
liu_short_baseline,affine,7.942513,shift_ot_h,L300_H425x3,L300_H425x3,6,0.0,False,0.19001989764151817,0.013390220245590445,0.0,0.017241437446678276,0.0
liu_short_baseline,affine,9.911784,shift_h,L300_H425x2,L300_H425x3,6,0.0,False,0.20535937286117667,0.026796864305882906,0.0,0.02223143147945561,0.0
liu_short_baseline,affine,9.911784,crew_veh_h,L300_H425x3,L300_H425x3,6,0.0,False,0.03136811072821488,0.011158515938651803,0.0,0.020453516168066788,0.0
liu_short_baseline,affine,9.911784,crew_team_h,L300_H425x3,L300_H425x3,6,0.0,False,0.03136811072821488,0.011158515938651803,0.0,0.020453516168066788,0.0
liu_short_baseline,affine,9.911784,shift_ot_h,L300_H425x3,L300_H425x3,6,0.0,False,0.18931430124095483,0.016380818700385547,0.0,0.02101182286617398,0.0
liu_short_baseline,affine,12.369317,shift_h,L300_H425x2,L300_H425x3,6,0.0,False,0.20643473911567312,0.03217369557836558,0.0,0.02666840943418891,0.0
liu_short_baseline,affine,12.369317,crew_veh_h,L300_H425x3,L300_H425x3,6,0.0,False,0.03741408085287068,0.015374383223240695,0.0,0.026244269910910223,0.0
liu_short_baseline,affine,12.369317,crew_team_h,L300_H425x3,L300_H425x3,6,0.0,False,0.03741408085287068,0.015374383223240695,0.0,0.026244269910910223,0.0
liu_short_baseline,affine,12.369317,shift_ot_h,L300_H425x3,L300_H425x3,6,0.0,False,0.1884949026623588,0.0198537560921499,0.0,0.02539593341287727,0.0
liu_short_baseline,affine,15.436172,shift_h,L300_H425x2,L300_H425x3,6,0.0,False,0.2076675794384959,0.03833789719247993,0.0,0.031745405644080904,0.0
liu_short_baseline,affine,15.436172,crew_veh_h,L300_H425x3,L300_H425x3,6,0.0,False,0.04424814067074867,0.02013978705638575,0.0,0.03270911114863506,0.0
liu_short_baseline,affine,15.436172,crew_team_h,L300_H425x3,L300_H425x3,6,0.0,False,0.04424814067074867,0.02013978705638575,0.0,0.03270911114863506,0.0
liu_short_baseline,affine,15.436172,shift_ot_h,L300_H425x3,L300_H425x3,6,0.0,False,0.18755688531625436,0.023829447044642516,0.0,0.030422128936177684,0.0
liu_short_baseline,affine,19.263424,shift_h,L300_H425x2,L300_H425x3,6,0.0,False,0.20905825772872277,0.0452912886436132,0.0,0.0374599721345894,0.0
liu_short_baseline,affine,19.263424,crew_veh_h,L300_H425x3,L300_H425x3,6,0.0,False,0.051835222694800676,0.02543027480793003,0.0,0.039787889205328275,0.0
liu_short_baseline,affine,19.263424,crew_team_h,L300_H425x3,L300_H425x3,6,0.0,False,0.051835222694800676,0.02543027480793003,0.0,0.039787889205328275,0.0
liu_short_baseline,affine,19.263424,shift_ot_h,L300_H425x3,L300_H425x3,6,0.0,False,0.18650053053603766,0.028306699154927006,0.0,0.036091928393830575,0.0
liu_short_baseline,affine,24.039607,shift_h,L300_H425x2,L300_H425x3,6,0.0,False,0.2105986239618307,0.052993119809153555,0.0,0.04377431029594825,0.0
liu_short_baseline,affine,24.039607,crew_veh_h,L300_H425x3,L300_H425x3,6,0.0,False,0.06009182269932278,0.031187618811177265,0.0,0.04737619787478198,0.0
liu_short_baseline,affine,24.039607,crew_team_h,L300_H425x3,L300_H425x3,6,0.0,False,0.06009182269932278,0.031187618811177265,0.0,0.04737619787478198,0.0
liu_short_baseline,affine,24.039607,shift_ot_h,L300_H425x3,L300_H425x3,6,0.0,False,0.18533263928226207,0.03325668724460895,0.0,0.04237214294628022,0.0
liu_short_baseline,affine,30.0,shift_h,L300_H425x2,L300_H425x3,6,0.0,False,0.2122706944141315,0.061353472070657666,0.0,0.05061037304074123,0.0
liu_short_baseline,affine,30.0,crew_veh_h,L300_H425x3,L300_H425x3,6,0.0,False,0.06888410008338175,0.03731849174244184,0.0,0.055327938708428226,0.0
liu_short_baseline,affine,30.0,crew_team_h,L300_H425x3,L300_H425x3,6,0.0,False,0.06888410008338175,0.03731849174244184,0.0,0.055327938708428226,0.0
liu_short_baseline,affine,30.0,shift_ot_h,L300_H425x3,L300_H425x3,6,0.0,False,0.184067460571121,0.038619018310295905,0.0,0.04918949058592159,0.0
liu_short_baseline,piecewise,5.1,shift_h,L300_H425x2,L300_H425x3,6,0.0,False,0.20323870666889676,0.0161935333444847,0.0,0.01345828824715567,0.0
liu_short_baseline,piecewise,5.1,crew_veh_h,L300_H425x4,L300_H425x4,6,0.0,False,0.017859305336628717,0.004400831135097372,0.0,0.01031728180354663,0.0
liu_short_baseline,piecewise,5.1,crew_team_h,L300_H425x4,L300_H425x4,6,0.0,False,0.017859305336628717,0.004400831135097372,0.0,0.01031728180354663,0.0
liu_short_baseline,piecewise,5.1,shift_ot_h,L300_H425x3,L300_H425x3,6,0.0,False,0.19089462763317955,0.009510051670143405,0.0,0.012359092328246613,0.0
liu_short_baseline,piecewise,6.364497,shift_h,L300_H425x2,L300_H425x3,6,0.0,False,0.2039536801174675,0.01976840058733753,0.0,0.016419569053029326,0.0
liu_short_baseline,piecewise,6.364497,crew_veh_h,L300_H425x4,L270_H425x4,6,0.0,False,0.021561795640487436,0.005751310991440217,0.0,0.01299028620076803,0.0
liu_short_baseline,piecewise,6.364497,crew_team_h,L300_H425x4,L270_H425x4,6,0.0,False,0.021561795640487436,0.005751310991440217,0.0,0.01299028620076803,0.0
liu_short_baseline,piecewise,6.364497,shift_ot_h,L300_H425x3,L300_H425x3,6,0.0,False,0.1903398320037255,0.011823473173053323,0.0,0.015271617494597045,0.0
liu_short_baseline,piecewise,7.942513,shift_h,L300_H425x2,L300_H425x3,6,0.0,False,0.20480339378878365,0.02401696894391825,0.0,0.019934347021044907,0.0
liu_short_baseline,piecewise,7.942513,crew_veh_h,L300_H425x3,L300_H425x3,6,0.0,False,0.026195682217709404,0.008873280933978211,0.0,0.017366750234756312,0.0
liu_short_baseline,piecewise,7.942513,crew_team_h,L300_H425x3,L300_H425x3,6,0.0,False,0.026195682217709404,0.008873280933978211,0.0,0.017366750234756312,0.0
liu_short_baseline,piecewise,7.942513,shift_ot_h,L300_H425x3,L300_H425x3,6,0.0,False,0.18968120095154295,0.01456987411370747,0.0,0.018732776848337185,0.0
liu_short_baseline,piecewise,9.911784,shift_h,L300_H425x2,L300_H425x3,6,0.0,False,0.20580272424919666,0.0290136212459835,0.0,0.02406166503235352,0.0
liu_short_baseline,piecewise,9.911784,crew_veh_h,L300_H425x3,L300_H425x3,6,0.0,False,0.03145961122597152,0.012809382067507036,0.0,0.02283747683080306,0.0
liu_short_baseline,piecewise,9.911784,crew_team_h,L300_H425x3,L300_H425x3,6,0.0,False,0.03145961122597152,0.012809382067507036,0.0,0.02283747683080306,0.0
liu_short_baseline,piecewise,9.911784,shift_ot_h,L300_H425x3,L300_H425x3,6,0.0,False,0.18890759557328662,0.017795702187707096,0.0,0.0228030329670299,0.0
liu_short_baseline,piecewise,12.369317,shift_h,L300_H425x2,L300_H425x3,6,0.0,False,0.20696364852018156,0.03481824260090849,0.0,0.028847797233660044,0.0
liu_short_baseline,piecewise,12.369317,crew_veh_h,L300_H425x3,L300_H425x3,6,0.0,False,0.037497560165220545,0.01732425634234369,0.0,0.029044273558722633,0.0
liu_short_baseline,piecewise,12.369317,crew_team_h,L300_H425x3,L300_H425x3,6,0.0,False,0.037497560165220545,0.01732425634234369,0.0,0.029044273558722633,0.0
liu_short_baseline,piecewise,12.369317,shift_ot_h,L300_H425x3,L300_H425x3,6,0.0,False,0.1880102466699478,0.021537523749350695,0.0,0.0275309952832552,0.0
liu_short_baseline,piecewise,15.436172,shift_h,L300_H425x2,L300_H425x3,6,0.0,False,0.2082931819688536,0.04146590984426779,0.0,0.03431775537845971,0.0
liu_short_baseline,piecewise,15.436172,crew_veh_h,L300_H425x3,L300_H425x3,6,0.0,False,0.04431261917018969,0.022420214405687977,0.0,0.03596368902367564,0.0
liu_short_baseline,piecewise,15.436172,crew_team_h,L300_H425x3,L300_H425x3,6,0.0,False,0.04431261917018969,0.022420214405687977,0.0,0.03596368902367564,0.0
liu_short_baseline,piecewise,15.436172,shift_ot_h,L300_H425x3,L300_H425x3,6,0.0,False,0.1869843476534676,0.025815381610045707,0.0,0.032945021980379297,0.0
liu_short_baseline,piecewise,19.263424,shift_h,L300_H425x2,L300_H425x3,6,0.0,False,0.20979114877602312,0.048955743880117364,0.0,0.04046627711704387,0.0
liu_short_baseline,piecewise,19.263424,crew_veh_h,L300_H425x3,L300_H425x3,6,0.0,False,0.05186628701593676,0.028068466979626505,0.0,0.04352825856272724,0.0
liu_short_baseline,piecewise,19.263424,crew_team_h,L300_H425x3,L300_H425x3,6,0.0,False,0.05186628701593676,0.028068466979626505,0.0,0.04352825856272724,0.0
liu_short_baseline,piecewise,19.263424,shift_ot_h,L300_H425x3,L300_H425x3,6,0.0,False,0.18583074979797698,0.030625726073697956,0.0,0.03904414928338196,0.0
liu_short_baseline,piecewise,24.039607,shift_h,L300_H425x2,L300_H425x3,6,0.0,False,0.2114481481819186,0.0572407409095923,0.0,0.04724984803971677,0.0
liu_short_baseline,piecewise,24.039607,crew_veh_h,L300_H425x3,L300_H425x3,6,0.0,False,0.06007183253865045,0.03420416086578659,0.0,0.051623485460914775,0.0
liu_short_baseline,piecewise,24.039607,crew_team_h,L300_H425x3,L300_H425x3,6,0.0,False,0.06007183253865045,0.03420416086578659,0.0,0.051623485460914775,0.0
liu_short_baseline,piecewise,24.039607,shift_ot_h,L300_H425x3,L300_H425x3,6,0.0,False,0.1845574704579045,0.03593512587454639,0.0,0.04578983039057816,0.0
liu_short_baseline,piecewise,30.0,shift_h,L300_H425x2,L300_H425x3,6,0.0,False,0.21324420806732602,0.06622104033663057,0.0,0.05458178979656503,0.0
liu_short_baseline,piecewise,30.0,crew_veh_h,L300_H425x3,L300_H425x3,6,0.0,False,0.06879295489589765,0.04072537715539237,0.0,0.06009109649000077,0.0
liu_short_baseline,piecewise,30.0,crew_team_h,L300_H425x3,L300_H425x3,6,0.0,False,0.06879295489589765,0.04072537715539237,0.0,0.06009109649000077,0.0
liu_short_baseline,piecewise,30.0,shift_ot_h,L300_H425x3,L300_H425x3,6,0.0,False,0.18318063327792222,0.04167634763094452,0.0,0.0531004864928204,0.0
liu_short_baseline,power_0.72,5.1,shift_h,L300_H425x2,L300_H425x3,6,0.0,False,0.20268340327035106,0.013417016351755073,0.0,0.011155900476610414,0.0
liu_short_baseline,power_0.72,5.1,crew_veh_h,L300_H425x4,L300_H425x4,6,0.0,False,0.017777877931095087,0.0033586113523200734,0.0,0.008278634907368021,0.0
liu_short_baseline,power_0.72,5.1,crew_team_h,L300_H425x4,L300_H425x4,6,0.0,False,0.017777877931095087,0.0033586113523200734,0.0,0.008278634907368021,0.0
liu_short_baseline,power_0.72,5.1,shift_ot_h,L300_H425x4,L300_H425x4,6,0.0,False,0.19145158115756256,0.007959289206981524,0.0,0.010306008625121654,0.0
liu_short_baseline,power_0.72,6.364497,shift_h,L300_H425x2,L300_H425x3,6,0.0,False,0.20327770074152984,0.01638850370764966,0.0,0.013619884834191076,0.0
liu_short_baseline,power_0.72,6.364497,crew_veh_h,L300_H425x4,L300_H425x4,6,0.0,False,0.02160110588567754,0.004493363847896115,0.0,0.010425098849341952,0.0
liu_short_baseline,power_0.72,6.364497,crew_team_h,L300_H425x4,L300_H425x4,6,0.0,False,0.02160110588567754,0.004493363847896115,0.0,0.010425098849341952,0.0
liu_short_baseline,power_0.72,6.364497,shift_ot_h,L300_H425x3,L300_H425x3,6,0.0,False,0.1909639126795979,0.009657124532459926,0.0,0.01253670554629327,0.0
liu_short_baseline,power_0.72,7.942513,shift_h,L300_H425x2,L300_H425x3,6,0.0,False,0.2039848993733322,0.019924496866660757,0.0,0.016548792993194006,0.0
liu_short_baseline,power_0.72,7.942513,crew_veh_h,L300_H425x4,L270_H425x4,6,0.0,False,0.02563636934249236,0.005828252917050802,0.0,0.013386200386202418,0.0
liu_short_baseline,power_0.72,7.942513,crew_team_h,L300_H425x4,L270_H425x4,6,0.0,False,0.02563636934249236,0.005828252917050802,0.0,0.013386200386202418,0.0
liu_short_baseline,power_0.72,7.942513,shift_ot_h,L300_H425x3,L300_H425x3,6,0.0,False,0.19043626354981424,0.011951214843025193,0.0,0.015423133460406024,0.0
liu_short_baseline,power_0.72,9.911784,shift_h,L300_H425x2,L300_H425x3,6,0.0,False,0.20481787838959442,0.02408939194797277,0.0,0.019994218528838203,0.0
liu_short_baseline,power_0.72,9.911784,crew_veh_h,L300_H425x3,L300_H425x3,6,0.0,False,0.03137975780956426,0.009142306063912864,0.0,0.01753614816668625,0.0
liu_short_baseline,power_0.72,9.911784,crew_team_h,L300_H425x3,L300_H425x3,6,0.0,False,0.03137975780956426,0.009142306063912864,0.0,0.01753614816668625,0.0
liu_short_baseline,power_0.72,9.911784,shift_ot_h,L300_H425x3,L300_H425x3,6,0.0,False,0.1898152831622626,0.014651086802858204,0.0,0.018823395857672898,0.0
liu_short_baseline,power_0.72,12.369317,shift_h,L300_H425x2,L300_H425x3,6,0.0,False,0.20578726277390125,0.028936313869505792,0.0,0.02399785995660486,0.0
liu_short_baseline,power_0.72,12.369317,crew_veh_h,L300_H425x3,L300_H425x3,6,0.0,False,0.03745388211478051,0.012985959060055396,0.0,0.022807162409766546,0.0
liu_short_baseline,power_0.72,12.369317,crew_team_h,L300_H425x3,L300_H425x3,6,0.0,False,0.03745388211478051,0.012985959060055396,0.0,0.022807162409766546,0.0
liu_short_baseline,power_0.72,12.369317,shift_ot_h,L300_H425x3,L300_H425x3,6,0.0,False,0.18909331381490424,0.01779003424124248,0.0,0.02278110176134307,0.0
liu_short_baseline,power_0.72,15.436172,shift_h,L300_H425x2,L300_H425x3,6,0.0,False,0.20689970304024952,0.034498515201248026,0.0,0.02858440938741147,0.0
liu_short_baseline,power_0.72,15.436172,crew_veh_h,L300_H425x3,L300_H425x3,6,0.0,False,0.044329899197051326,0.017337042826500948,0.0,0.028700052659780706,0.0
liu_short_baseline,power_0.72,15.436172,crew_team_h,L300_H425x3,L300_H425x3,6,0.0,False,0.044329899197051326,0.017337042826500948,0.0,0.028700052659780706,0.0
liu_short_baseline,power_0.72,15.436172,shift_ot_h,L300_H425x3,L300_H425x3,6,0.0,False,0.18826572746070203,0.021388178783071643,0.0,0.02732369711842253,0.0
liu_short_baseline,power_0.72,19.263424,shift_h,L300_H425x2,L300_H425x3,6,0.0,False,0.20815598126739898,0.04077990633699535,0.0,0.03375384219363431,0.0
liu_short_baseline,power_0.72,19.263424,crew_veh_h,L300_H425x3,L300_H425x3,6,0.0,False,0.051976186969341365,0.022175547181785715,0.0,0.035162617833192966,0.0
liu_short_baseline,power_0.72,19.263424,crew_team_h,L300_H425x3,L300_H425x3,6,0.0,False,0.051976186969341365,0.022175547181785715,0.0,0.035162617833192966,0.0
liu_short_baseline,power_0.72,19.263424,shift_ot_h,L300_H425x3,L300_H425x3,6,0.0,False,0.18733232342559014,0.025446392910462023,0.0,0.03245472118504078,0.0
liu_short_baseline,power_0.72,24.039607,shift_h,L300_H425x2,L300_H425x3,6,0.0,False,0.20954923467981623,0.04774617339908138,0.0,0.03947435294911372,0.0
liu_short_baseline,power_0.72,24.039607,crew_veh_h,L300_H425x3,L300_H425x3,6,0.0,False,0.06031235136655666,0.027450599461202874,0.0,0.04210205837990855,0.0
liu_short_baseline,power_0.72,24.039607,crew_team_h,L300_H425x3,L300_H425x3,6,0.0,False,0.06031235136655666,0.027450599461202874,0.0,0.04210205837990855,0.0
liu_short_baseline,power_0.72,24.039607,shift_ot_h,L300_H425x3,L300_H425x3,6,0.0,False,0.18629861975050632,0.029940685521118615,0.0,0.038146525807717824,0.0
liu_short_baseline,power_0.72,30.0,shift_h,L300_H425x2,L300_H425x3,6,0.0,False,0.21106370431975208,0.055318521598760384,0.0,0.04567763149159232,0.0
liu_short_baseline,power_0.72,30.0,crew_veh_h,L300_H425x3,L300_H425x3,6,0.0,False,0.06920674611942945,0.033078895051300794,0.0,0.04938687808713316,0.0
liu_short_baseline,power_0.72,30.0,crew_team_h,L300_H425x3,L300_H425x3,6,0.0,False,0.06920674611942945,0.033078895051300794,0.0,0.04938687808713316,0.0
liu_short_baseline,power_0.72,30.0,shift_ot_h,L300_H425x3,L300_H425x3,6,0.0,False,0.18517673327728867,0.03481837552852585,0.0,0.04433512005624962,0.0
liu_short_baseline,power_0.84,5.1,shift_h,L300_H425x2,L300_H425x3,6,0.0,False,0.2032312602397086,0.016156301198543055,0.0,0.013427428070082126,0.0
liu_short_baseline,power_0.84,5.1,crew_veh_h,L300_H425x4,L300_H425x4,6,0.0,False,0.01790846458863604,0.004387155223597672,0.0,0.010289555608814505,0.0
liu_short_baseline,power_0.84,5.1,crew_team_h,L300_H425x4,L300_H425x4,6,0.0,False,0.01790846458863604,0.004387155223597672,0.0,0.010289555608814505,0.0
liu_short_baseline,power_0.84,5.1,shift_ot_h,L300_H425x3,L300_H425x3,6,0.0,False,0.19090291299022932,0.009486467481355065,0.0,0.012329227244198382,0.0
liu_short_baseline,power_0.84,6.364497,shift_h,L300_H425x2,L300_H425x3,6,0.0,False,0.20394440535208003,0.01972202676039947,0.0,0.016381177297494665,0.0
liu_short_baseline,power_0.84,6.364497,crew_veh_h,L300_H425x4,L270_H425x4,6,0.0,False,0.021491895562604446,0.005734362260533921,0.0,0.013083437385295271,0.0
liu_short_baseline,power_0.84,6.364497,crew_team_h,L300_H425x4,L270_H425x4,6,0.0,False,0.021491895562604446,0.005734362260533921,0.0,0.013083437385295271,0.0
liu_short_baseline,power_0.84,6.364497,shift_ot_h,L300_H425x3,L300_H425x3,6,0.0,False,0.19035007196764875,0.011794151839213729,0.0,0.01523444940283647,0.0
liu_short_baseline,power_0.84,7.942513,shift_h,L300_H425x2,L300_H425x3,6,0.0,False,0.2047918593924527,0.023959296962263288,0.0,0.019886669033724713,0.0
liu_short_baseline,power_0.84,7.942513,crew_veh_h,L300_H425x3,L300_H425x3,6,0.0,False,0.026264674288971168,0.008832978373666478,0.0,0.017305214377242972,0.0
liu_short_baseline,power_0.84,7.942513,crew_team_h,L300_H425x3,L300_H425x3,6,0.0,False,0.026264674288971168,0.008832978373666478,0.0,0.017305214377242972,0.0
liu_short_baseline,power_0.84,7.942513,shift_ot_h,L300_H425x3,L300_H425x3,6,0.0,False,0.1896938225032594,0.014533486588205191,0.0,0.01868659575649656,0.0
liu_short_baseline,power_0.84,9.911784,shift_h,L300_H425x2,L300_H425x3,6,0.0,False,0.20578841182177654,0.028942059108882923,0.0,0.024002601804039347,0.0
liu_short_baseline,power_0.84,9.911784,crew_veh_h,L300_H425x3,L300_H425x3,6,0.0,False,0.03154035977922498,0.01275941254408175,0.0,0.022761346097102564,0.0
liu_short_baseline,power_0.84,9.911784,crew_team_h,L300_H425x3,L300_H425x3,6,0.0,False,0.03154035977922498,0.01275941254408175,0.0,0.022761346097102564,0.0
liu_short_baseline,power_0.84,9.911784,shift_ot_h,L300_H425x3,L300_H425x3,6,0.0,False,0.18892309922946326,0.017750661093226983,0.0,0.022745788268479616,0.0
liu_short_baseline,power_0.84,12.369317,shift_h,L300_H425x2,L300_H425x3,6,0.0,False,0.20694594529874966,0.034729726493748725,0.0,0.028774881451010037,0.0
liu_short_baseline,power_0.84,12.369317,crew_veh_h,L300_H425x3,L300_H425x3,6,0.0,False,0.03759092597598923,0.017262552450587387,0.0,0.028950555559737357,0.0
liu_short_baseline,power_0.84,12.369317,crew_team_h,L300_H425x3,L300_H425x3,6,0.0,False,0.03759092597598923,0.017262552450587387,0.0,0.028950555559737357,0.0
liu_short_baseline,power_0.84,12.369317,shift_ot_h,L300_H425x3,L300_H425x3,6,0.0,False,0.18802920814574509,0.02148196609280184,0.0,0.027460269040401997,0.0
liu_short_baseline,power_0.84,15.436172,shift_h,L300_H425x2,L300_H425x3,6,0.0,False,0.20827137960094877,0.041356898004743625,0.0,0.03422815329649076,0.0
liu_short_baseline,power_0.84,15.436172,crew_veh_h,L300_H425x3,L300_H425x3,6,0.0,False,0.044419112310939646,0.022344436917931088,0.0,0.03584907579239349,0.0
liu_short_baseline,power_0.84,15.436172,crew_team_h,L300_H425x3,L300_H425x3,6,0.0,False,0.044419112310939646,0.022344436917931088,0.0,0.03584907579239349,0.0
liu_short_baseline,power_0.84,15.436172,shift_ot_h,L300_H425x3,L300_H425x3,6,0.0,False,0.18700741320321734,0.025747170933792862,0.0,0.032858026246581185,0.0
liu_short_baseline,power_0.84,19.263424,shift_h,L300_H425x2,L300_H425x3,6,0.0,False,0.20976445187822135,0.048822259391105405,0.0,0.04035683088166997,0.0
liu_short_baseline,power_0.84,19.263424,crew_veh_h,L300_H425x3,L300_H425x3,6,0.0,False,0.05198595044655496,0.027976063722176647,0.0,0.04338924770225816,0.0
liu_short_baseline,power_0.84,19.263424,crew_team_h,L300_H425x3,L300_H425x3,6,0.0,False,0.05198595044655496,0.027976063722176647,0.0,0.04338924770225816,0.0
liu_short_baseline,power_0.84,19.263424,shift_ot_h,L300_H425x3,L300_H425x3,6,0.0,False,0.18585862252621888,0.030542484898352873,0.0,0.03893776197351406,0.0
liu_short_baseline,power_0.84,24.039607,shift_h,L300_H425x2,L300_H425x3,6,0.0,False,0.21141569646598346,0.0570784823299173,0.0,0.04711717249201097,0.0
liu_short_baseline,power_0.84,24.039607,crew_veh_h,L300_H425x3,L300_H425x3,6,0.0,False,0.060204159434678495,0.03409247393089587,0.0,0.051456567840993284,0.0
liu_short_baseline,power_0.84,24.039607,crew_team_h,L300_H425x3,L300_H425x3,6,0.0,False,0.060204159434678495,0.03409247393089587,0.0,0.051456567840993284,0.0
liu_short_baseline,power_0.84,24.039607,shift_ot_h,L300_H425x3,L300_H425x3,6,0.0,False,0.1845908853086251,0.03583430881774796,0.0,0.04566068415553981,0.0
liu_short_baseline,power_0.84,30.0,shift_h,L300_H425x2,L300_H425x3,6,0.0,False,0.21320511456788682,0.06602557283943544,0.0,0.054422431991602904,0.0
liu_short_baseline,power_0.84,30.0,crew_veh_h,L300_H425x3,L300_H425x3,6,0.0,False,0.06893686545119238,0.04059179906443067,0.0,0.05989300031935252,0.0
liu_short_baseline,power_0.84,30.0,crew_team_h,L300_H425x3,L300_H425x3,6,0.0,False,0.06893686545119238,0.04059179906443067,0.0,0.05989300031935252,0.0
liu_short_baseline,power_0.84,30.0,shift_ot_h,L300_H425x3,L300_H425x3,6,0.0,False,0.18322031984432985,0.04155536126174186,0.0,0.052945120031463455,0.0
liu_short_baseline,power_0.96,5.1,shift_h,L300_H425x2,L300_H425x3,6,0.0,False,0.20381163900317212,0.019058195015860813,0.0,0.015831542409443733,0.0
liu_short_baseline,power_0.96,5.1,crew_veh_h,L300_H425x4,L300_H425x4,6,0.0,False,0.018035363384583336,0.0054711776380327315,0.0,0.012408615939527134,0.0
liu_short_baseline,power_0.96,5.1,crew_team_h,L300_H425x4,L300_H425x4,6,0.0,False,0.018035363384583336,0.0054711776380327315,0.0,0.012408615939527134,0.0
liu_short_baseline,power_0.96,5.1,shift_ot_h,L300_H425x3,L300_H425x3,6,0.0,False,0.19036880297946812,0.011346284955903618,0.0,0.014676888995527992,0.0
liu_short_baseline,power_0.96,6.364497,shift_h,L300_H425x2,L300_H425x3,6,0.0,False,0.20464982520568076,0.023249126028403344,0.0,0.019299488981732615,0.0
liu_short_baseline,power_0.96,6.364497,crew_veh_h,L300_H425x3,L300_H425x3,6,0.0,False,0.021886379541940393,0.008117999398852938,0.0,0.016448345013125865,0.0
liu_short_baseline,power_0.96,6.364497,crew_team_h,L300_H425x3,L300_H425x3,6,0.0,False,0.021886379541940393,0.008117999398852938,0.0,0.016448345013125865,0.0
liu_short_baseline,power_0.96,6.364497,shift_ot_h,L300_H425x3,L300_H425x3,6,0.0,False,0.18970152120886397,0.01405068331601056,0.0,0.018086104060691,0.0
liu_short_baseline,power_0.96,7.942513,shift_h,L300_H425x2,L300_H425x3,6,0.0,False,0.20564444224219636,0.028222211210982007,0.0,0.023408403192649363,0.0
liu_short_baseline,power_0.96,7.942513,crew_veh_h,L300_H425x3,L300_H425x3,6,0.0,False,0.026425104432608926,0.01202342728921324,0.0,0.02193627330444703,0.0
liu_short_baseline,power_0.96,7.942513,crew_team_h,L300_H425x3,L300_H425x3,6,0.0,False,0.026425104432608926,0.01202342728921324,0.0,0.02193627330444703,0.0
liu_short_baseline,power_0.96,7.942513,shift_ot_h,L300_H425x3,L300_H425x3,6,0.0,False,0.18891087611889912,0.017255055709984868,0.0,0.022130549238955854,0.0
liu_short_baseline,power_0.96,9.911784,shift_h,L300_H425x2,L300_H425x3,6,0.0,False,0.2068120702365115,0.0340603511825579,0.0,0.028223409445915504,0.0
liu_short_baseline,power_0.96,9.911784,crew_veh_h,L300_H425x3,L300_H425x3,6,0.0,False,0.0316914326236748,0.01655493459415358,0.0,0.028243454030960846,0.0
liu_short_baseline,power_0.96,9.911784,crew_team_h,L300_H425x3,L300_H425x3,6,0.0,False,0.0316914326236748,0.01655493459415358,0.0,0.028243454030960846,0.0
liu_short_baseline,power_0.96,9.911784,shift_ot_h,L300_H425x3,L300_H425x3,6,0.0,False,0.18798431912465308,0.0210102597724533,0.0,0.026877085709994697,0.0
liu_short_baseline,power_0.96,12.369317,shift_h,L300_H425x2,L300_H425x3,6,0.0,False,0.2081656368819167,0.04082818440958369,0.0,0.03379353224691495,0.0
liu_short_baseline,power_0.96,12.369317,crew_veh_h,L300_H425x3,L300_H425x3,6,0.0,False,0.03771430122814712,0.021737420775733263,0.0,0.03537822780664013,0.0
liu_short_baseline,power_0.96,12.369317,crew_team_h,L300_H425x3,L300_H425x3,6,0.0,False,0.03771430122814712,0.021737420775733263,0.0,0.03537822780664013,0.0
liu_short_baseline,power_0.96,12.369317,shift_ot_h,L300_H425x3,L300_H425x3,6,0.0,False,0.1869123945317126,0.02535461809154982,0.0,0.03237755258195141,0.0
liu_short_baseline,power_0.96,15.436172,shift_h,L300_H425x2,L300_H425x3,6,0.0,False,0.20971201623171698,0.048560081158584456,0.0,0.04014185236404488,0.0
liu_short_baseline,power_0.96,15.436172,crew_veh_h,L300_H425x3,L300_H425x3,6,0.0,False,0.04448955733531901,0.027567312386851617,0.0,0.04330594696636125,0.0
liu_short_baseline,power_0.96,15.436172,crew_team_h,L300_H425x3,L300_H425x3,6,0.0,False,0.04448955733531901,0.027567312386851617,0.0,0.04330594696636125,0.0
liu_short_baseline,power_0.96,15.436172,shift_ot_h,L300_H425x3,L300_H425x3,6,0.0,False,0.18569063415530662,0.030306239586324724,0.0,0.03865901366459101,0.0
liu_short_baseline,power_0.96,19.263424,shift_h,L300_H425x2,L300_H425x3,6,0.0,False,0.21144948990083812,0.05724744950419125,0.0,0.047255333368357855,0.0
liu_short_baseline,power_0.96,19.263424,crew_veh_h,L300_H425x3,L300_H425x3,6,0.0,False,0.05197102993183522,0.0340048807443154,0.0,0.05194137068110494,0.0
liu_short_baseline,power_0.96,19.263424,crew_team_h,L300_H425x3,L300_H425x3,6,0.0,False,0.05197102993183522,0.0340048807443154,0.0,0.05194137068110494,0.0
liu_short_baseline,power_0.96,19.263424,shift_ot_h,L300_H425x3,L300_H425x3,6,0.0,False,0.18432151659107143,0.03585507886026118,0.0,0.045713484213961486,0.0
liu_short_baseline,power_0.96,24.039607,shift_h,L300_H425x2,L300_H425x3,6,0.0,False,0.21336551217311484,0.06682756086557329,0.0,0.05507619937695951,0.0
liu_short_baseline,power_0.96,24.039607,crew_veh_h,L300_H425x3,L300_H425x3,6,0.0,False,0.060064892464021025,0.04096939109367104,0.0,0.06114637585800753,0.0
liu_short_baseline,power_0.96,24.039607,crew_team_h,L300_H425x3,L300_H425x3,6,0.0,False,0.060064892464021025,0.04096939109367104,0.0,0.06114637585800753,0.0
liu_short_baseline,power_0.96,24.039607,shift_ot_h,L300_H425x3,L300_H425x3,6,0.0,False,0.18281612949336368,0.04195619922307303,0.0,0.053488942994528,0.0
liu_short_baseline,power_0.96,30.0,shift_h,L300_H425x2,L300_H425x3,6,0.0,False,0.21543535380899037,0.07717676904495185,0.0,0.06349722245867828,0.0
liu_short_baseline,power_0.96,30.0,crew_veh_h,L300_H425x3,L300_H425x3,6,0.0,False,0.06862958976664735,0.04833903973374176,0.0,0.07073501150158812,0.0
liu_short_baseline,power_0.96,30.0,crew_team_h,L300_H425x2,L300_H425x3,6,0.0,False,0.0701469238909822,0.049827563553494825,0.0,0.07073501150158812,0.0
liu_short_baseline,power_0.96,30.0,shift_ot_h,L300_H425x2,L300_H425x3,6,0.0,False,0.18528742600854997,0.05215878179947708,0.0,0.06188396522245698,0.0
liu_short_tight,affine,5.1,shift_h,425,425,6,0.0,False,0.19999999999999996,0.0,0.0,0.0,0.0
liu_short_tight,affine,5.1,crew_veh_h,425,425,6,0.0,False,0.02314939460135057,0.0,0.0,0.0,0.0
liu_short_tight,affine,5.1,crew_team_h,425,425,6,0.0,False,0.02314939460135057,0.0,0.0,0.0,0.0
liu_short_tight,affine,5.1,shift_ot_h,425,425,6,0.0,False,0.1978734738894543,0.0,0.0,0.0,0.0
liu_short_tight,affine,6.364497,shift_h,425,425,6,0.0,False,0.19999999999999996,0.0,0.0,0.0,0.0
liu_short_tight,affine,6.364497,crew_veh_h,425,425,6,0.0,False,0.028083127616633563,0.0,0.0,0.0,0.0
liu_short_tight,affine,6.364497,crew_team_h,425,425,6,0.0,False,0.028083127616633563,0.0,0.0,0.0,0.0
liu_short_tight,affine,6.364497,shift_ot_h,425,425,6,0.0,False,0.1979253743209115,0.0,0.0,0.0,0.0
liu_short_tight,affine,7.942513,shift_h,425,425,6,0.0,False,0.19999999999999996,0.0,0.0,0.0,0.0
liu_short_tight,affine,7.942513,crew_veh_h,425,425,6,0.0,False,0.03386700236593265,0.0,0.0,0.0,0.0
liu_short_tight,affine,7.942513,crew_team_h,425,425,6,0.0,False,0.03386700236593265,0.0,0.0,0.0,0.0
liu_short_tight,affine,7.942513,shift_ot_h,425,425,6,0.0,False,0.19798669455465534,0.0,0.0,0.0,0.0
liu_short_tight,affine,9.911784,shift_h,425,425,6,0.0,False,0.19999999999999996,0.0,0.0,0.0,0.0
liu_short_tight,affine,9.911784,crew_veh_h,425,425,6,0.0,False,0.04056104837415364,0.0,0.0,0.0,0.0
liu_short_tight,affine,9.911784,crew_team_h,425,425,6,0.0,False,0.04056104837415364,0.0,0.0,0.0,0.0
liu_short_tight,affine,9.911784,shift_ot_h,425,425,6,0.0,False,0.1980583149516082,0.0,0.0,0.0,0.0
liu_short_tight,affine,12.369317,shift_h,425,425,6,0.0,False,0.20000000000000018,0.0,0.0,0.0,0.0
liu_short_tight,affine,12.369317,crew_veh_h,425,425,6,0.0,False,0.04819438662386988,0.0,0.0,0.0,0.0
liu_short_tight,affine,12.369317,crew_team_h,425,425,6,0.0,False,0.04819438662386988,0.0,0.0,0.0,0.0
liu_short_tight,affine,12.369317,shift_ot_h,425,425,6,0.0,False,0.1981408494470247,0.0,0.0,0.0,0.0
liu_short_tight,affine,15.436172,shift_h,425,425,6,0.0,False,0.20000000000000018,0.0,0.0,0.0,0.0
liu_short_tight,affine,15.436172,crew_veh_h,425,425,6,0.0,False,0.05675292727813619,0.0,0.0,0.0,0.0
liu_short_tight,affine,15.436172,crew_team_h,425,425,6,0.0,False,0.05675292727813619,0.0,0.0,0.0,0.0
liu_short_tight,affine,15.436172,shift_ot_h,425,425,6,0.0,False,0.19823450163305179,0.0,0.0,0.0,0.0
liu_short_tight,affine,19.263424,shift_h,425,425,6,0.0,False,0.19999999999999996,0.0,0.0,0.0,0.0
liu_short_tight,affine,19.263424,crew_veh_h,425,425,6,0.0,False,0.06616885194812183,0.0,0.0,0.0,0.0
liu_short_tight,affine,19.263424,crew_team_h,425,425,6,0.0,False,0.06616885194812183,0.0,0.0,0.0,0.0
liu_short_tight,affine,19.263424,shift_ot_h,425,425,6,0.0,False,0.19833892246489104,0.0,0.0,0.0,0.0
liu_short_tight,affine,24.039607,shift_h,425,425,6,0.0,False,0.19999999999999973,0.0,0.0,0.0,0.0
liu_short_tight,affine,24.039607,crew_veh_h,425,425,6,0.0,False,0.07631471807723189,0.0,0.0,0.0,0.0
liu_short_tight,affine,24.039607,crew_team_h,425,425,6,0.0,False,0.07631471807723189,0.0,0.0,0.0,0.0
liu_short_tight,affine,24.039607,shift_ot_h,425,425,6,0.0,False,0.19845309884673568,0.0,0.0,0.0,0.0
liu_short_tight,affine,30.0,shift_h,425,425,6,0.0,False,0.19999999999999996,0.0,0.0,0.0,0.0
liu_short_tight,affine,30.0,crew_veh_h,425,425,6,0.0,False,0.08700490728227095,0.0,0.0,0.0,0.0
liu_short_tight,affine,30.0,crew_team_h,425,425,6,0.0,False,0.08700490728227095,0.0,0.0,0.0,0.0
liu_short_tight,affine,30.0,shift_ot_h,425,425,6,0.0,False,0.19857530735392848,0.0,0.0,0.0,0.0
liu_short_tight,piecewise,5.1,shift_h,425,425,6,0.0,False,0.19999999999999996,0.0,0.0,0.0,0.0
liu_short_tight,piecewise,5.1,crew_veh_h,425,425,6,0.0,False,0.023669132593650444,0.0,0.0,0.0,0.0
liu_short_tight,piecewise,5.1,crew_team_h,425,425,6,0.0,False,0.023669132593650444,0.0,0.0,0.0,0.0
liu_short_tight,piecewise,5.1,shift_ot_h,425,425,6,0.0,False,0.1978789237636256,0.0,0.0,0.0,0.0
liu_short_tight,piecewise,6.364497,shift_h,425,425,6,0.0,False,0.19999999999999996,0.0,0.0,0.0,0.0
liu_short_tight,piecewise,6.364497,crew_veh_h,425,425,6,0.0,False,0.028695661782292214,0.0,0.0,0.0,0.0
liu_short_tight,piecewise,6.364497,crew_team_h,425,425,6,0.0,False,0.028695661782292214,0.0,0.0,0.0,0.0
liu_short_tight,piecewise,6.364497,shift_ot_h,425,425,6,0.0,False,0.1979318439059441,0.0,0.0,0.0,0.0
liu_short_tight,piecewise,7.942513,shift_h,425,425,6,0.0,False,0.19999999999999996,0.0,0.0,0.0,0.0
liu_short_tight,piecewise,7.942513,crew_veh_h,425,425,6,0.0,False,0.03458031584058463,0.0,0.0,0.0,0.0
liu_short_tight,piecewise,7.942513,crew_team_h,425,425,6,0.0,False,0.03458031584058463,0.0,0.0,0.0,0.0
liu_short_tight,piecewise,7.942513,shift_ot_h,425,425,6,0.0,False,0.19799429299409854,0.0,0.0,0.0,0.0
liu_short_tight,piecewise,9.911784,shift_h,425,425,6,0.0,False,0.19999999999999996,0.0,0.0,0.0,0.0
liu_short_tight,piecewise,9.911784,crew_veh_h,425,425,6,0.0,False,0.041380235193334114,0.0,0.0,0.0,0.0
liu_short_tight,piecewise,9.911784,crew_team_h,425,425,6,0.0,False,0.041380235193334114,0.0,0.0,0.0,0.0
liu_short_tight,piecewise,9.911784,shift_ot_h,425,425,6,0.0,False,0.19806712793653491,0.0,0.0,0.0,0.0
liu_short_tight,piecewise,12.369317,shift_h,425,425,6,0.0,False,0.19999999999999996,0.0,0.0,0.0,0.0
liu_short_tight,piecewise,12.369317,crew_veh_h,425,425,6,0.0,False,0.04912024362318368,0.0,0.0,0.0,0.0
liu_short_tight,piecewise,12.369317,crew_team_h,425,425,6,0.0,False,0.04912024362318368,0.0,0.0,0.0,0.0
liu_short_tight,piecewise,12.369317,shift_ot_h,425,425,6,0.0,False,0.1981509235052057,0.0,0.0,0.0,0.0
liu_short_tight,piecewise,15.436172,shift_h,425,425,6,0.0,False,0.19999999999999996,0.0,0.0,0.0,0.0
liu_short_tight,piecewise,15.436172,crew_veh_h,425,425,6,0.0,False,0.05778062058702149,0.0,0.0,0.0,0.0
liu_short_tight,piecewise,15.436172,crew_team_h,425,425,6,0.0,False,0.05778062058702149,0.0,0.0,0.0,0.0
liu_short_tight,piecewise,15.436172,shift_ot_h,425,425,6,0.0,False,0.19824582742393937,0.0,0.0,0.0,0.0
liu_short_tight,piecewise,19.263424,shift_h,425,425,6,0.0,False,0.19999999999999996,0.0,0.0,0.0,0.0
liu_short_tight,piecewise,19.263424,crew_veh_h,425,425,6,0.0,False,0.06728695975666721,0.0,0.0,0.0,0.0
liu_short_tight,piecewise,19.263424,crew_team_h,425,425,6,0.0,False,0.06728695975666721,0.0,0.0,0.0,0.0
liu_short_tight,piecewise,19.263424,shift_ot_h,425,425,6,0.0,False,0.1983514199529448,0.0,0.0,0.0,0.0
liu_short_tight,piecewise,24.039607,shift_h,425,425,6,0.0,False,0.19999999999999973,0.0,0.0,0.0,0.0
liu_short_tight,piecewise,24.039607,crew_veh_h,425,425,6,0.0,False,0.07750498184383248,0.0,0.0,0.0,0.0
liu_short_tight,piecewise,24.039607,crew_team_h,425,425,6,0.0,False,0.07750498184383248,0.0,0.0,0.0,0.0
liu_short_tight,piecewise,24.039607,shift_ot_h,425,425,6,0.0,False,0.1984666081325459,0.0,0.0,0.0,0.0
liu_short_tight,piecewise,30.0,shift_h,425,425,6,0.0,False,0.20000000000000018,0.0,0.0,0.0,0.0
liu_short_tight,piecewise,30.0,crew_veh_h,425,425,6,0.0,False,0.08824294867660698,0.0,0.0,0.0,0.0
liu_short_tight,piecewise,30.0,crew_team_h,425,425,6,0.0,False,0.08824294867660698,0.0,0.0,0.0,0.0
liu_short_tight,piecewise,30.0,shift_ot_h,425,425,6,0.0,False,0.19858958897261547,0.0,0.0,0.0,0.0
liu_short_tight,power_0.72,5.1,shift_h,425,425,6,0.0,False,0.19999999999999996,0.0,0.0,0.0,0.0
liu_short_tight,power_0.72,5.1,crew_veh_h,425,425,6,0.0,False,0.022590086881354443,0.0,0.0,0.0,0.0
liu_short_tight,power_0.72,5.1,crew_team_h,425,425,6,0.0,False,0.022590086881354443,0.0,0.0,0.0,0.0
liu_short_tight,power_0.72,5.1,shift_ot_h,425,425,6,0.0,False,0.1978676136833022,0.0,0.0,0.0,0.0
liu_short_tight,power_0.72,6.364497,shift_h,425,425,6,0.0,False,0.19999999999999996,0.0,0.0,0.0,0.0
liu_short_tight,power_0.72,6.364497,crew_veh_h,425,425,6,0.0,False,0.02742310103405865,0.0,0.0,0.0,0.0
liu_short_tight,power_0.72,6.364497,crew_team_h,425,425,6,0.0,False,0.02742310103405865,0.0,0.0,0.0,0.0
liu_short_tight,power_0.72,6.364497,shift_ot_h,425,425,6,0.0,False,0.19791840957619278,0.0,0.0,0.0,0.0
liu_short_tight,power_0.72,7.942513,shift_h,425,425,6,0.0,False,0.20000000000000018,0.0,0.0,0.0,0.0
liu_short_tight,power_0.72,7.942513,crew_veh_h,425,425,6,0.0,False,0.03309720991542453,0.0,0.0,0.0,0.0
liu_short_tight,power_0.72,7.942513,crew_team_h,425,425,6,0.0,False,0.03309720991542453,0.0,0.0,0.0,0.0
liu_short_tight,power_0.72,7.942513,shift_ot_h,425,425,6,0.0,False,0.1979785033694228,0.0,0.0,0.0,0.0
liu_short_tight,power_0.72,9.911784,shift_h,425,425,6,0.0,False,0.19999999999999996,0.0,0.0,0.0,0.0
liu_short_tight,power_0.72,9.911784,crew_veh_h,425,425,6,0.0,False,0.039675438346230774,0.0,0.0,0.0,0.0
liu_short_tight,power_0.72,9.911784,crew_team_h,425,425,6,0.0,False,0.039675438346230774,0.0,0.0,0.0,0.0
liu_short_tight,power_0.72,9.911784,shift_ot_h,425,425,6,0.0,False,0.19804879929695307,0.0,0.0,0.0,0.0
liu_short_tight,power_0.72,12.369317,shift_h,425,425,6,0.0,False,0.19999999999999996,0.0,0.0,0.0,0.0
liu_short_tight,power_0.72,12.369317,crew_veh_h,425,425,6,0.0,False,0.047191440901032555,0.0,0.0,0.0,0.0
liu_short_tight,power_0.72,12.369317,crew_team_h,425,425,6,0.0,False,0.047191440901032555,0.0,0.0,0.0,0.0
liu_short_tight,power_0.72,12.369317,shift_ot_h,425,425,6,0.0,False,0.1981299521419848,0.0,0.0,0.0,0.0
liu_short_tight,power_0.72,15.436172,shift_h,425,425,6,0.0,False,0.19999999999999996,0.0,0.0,0.0,0.0
liu_short_tight,power_0.72,15.436172,crew_veh_h,425,425,6,0.0,False,0.05563715131030289,0.0,0.0,0.0,0.0
liu_short_tight,power_0.72,15.436172,crew_team_h,425,425,6,0.0,False,0.05563715131030289,0.0,0.0,0.0,0.0
liu_short_tight,power_0.72,15.436172,shift_ot_h,425,425,6,0.0,False,0.19822222469965567,0.0,0.0,0.0,0.0
liu_short_tight,power_0.72,19.263424,shift_h,425,425,6,0.0,False,0.19999999999999996,0.0,0.0,0.0,0.0
liu_short_tight,power_0.72,19.263424,crew_veh_h,425,425,6,0.0,False,0.06495189451312533,0.0,0.0,0.0,0.0
liu_short_tight,power_0.72,19.263424,crew_team_h,425,425,6,0.0,False,0.06495189451312533,0.0,0.0,0.0,0.0
liu_short_tight,power_0.72,19.263424,shift_ot_h,425,425,6,0.0,False,0.19832534386013267,0.0,0.0,0.0,0.0
liu_short_tight,power_0.72,24.039607,shift_h,425,425,6,0.0,False,0.19999999999999996,0.0,0.0,0.0,0.0
liu_short_tight,power_0.72,24.039607,crew_veh_h,425,425,6,0.0,False,0.07501575481422873,0.0,0.0,0.0,0.0
liu_short_tight,power_0.72,24.039607,crew_team_h,425,425,6,0.0,False,0.07501575481422873,0.0,0.0,0.0,0.0
liu_short_tight,power_0.72,24.039607,shift_ot_h,425,425,6,0.0,False,0.19843838350226561,0.0,0.0,0.0,0.0
liu_short_tight,power_0.72,30.0,shift_h,425,425,6,0.0,False,0.19999999999999996,0.0,0.0,0.0,0.0
liu_short_tight,power_0.72,30.0,crew_veh_h,425,425,6,0.0,False,0.08564998852921746,0.0,0.0,0.0,0.0
liu_short_tight,power_0.72,30.0,crew_team_h,425,425,6,0.0,False,0.08564998852921746,0.0,0.0,0.0,0.0
liu_short_tight,power_0.72,30.0,shift_ot_h,425,425,6,0.0,False,0.19855970827287206,0.0,0.0,0.0,0.0
liu_short_tight,power_0.84,5.1,shift_h,425,425,6,0.0,False,0.19999999999999996,0.0,0.0,0.0,0.0
liu_short_tight,power_0.84,5.1,crew_veh_h,425,425,6,0.0,False,0.02370418561986476,0.0,0.0,0.0,0.0
liu_short_tight,power_0.84,5.1,crew_team_h,425,425,6,0.0,False,0.02370418561986476,0.0,0.0,0.0,0.0
liu_short_tight,power_0.84,5.1,shift_ot_h,425,425,6,0.0,False,0.19787929147100147,0.0,0.0,0.0,0.0
liu_short_tight,power_0.84,6.364497,shift_h,425,425,6,0.0,False,0.19999999999999996,0.0,0.0,0.0,0.0
liu_short_tight,power_0.84,6.364497,crew_veh_h,425,425,6,0.0,False,0.028736945718995877,0.0,0.0,0.0,0.0
liu_short_tight,power_0.84,6.364497,crew_team_h,425,425,6,0.0,False,0.028736945718995877,0.0,0.0,0.0,0.0
liu_short_tight,power_0.84,6.364497,shift_ot_h,425,425,6,0.0,False,0.19793228015447228,0.0,0.0,0.0,0.0
liu_short_tight,power_0.84,7.942513,shift_h,425,425,6,0.0,False,0.20000000000000018,0.0,0.0,0.0,0.0
liu_short_tight,power_0.84,7.942513,crew_veh_h,425,425,6,0.0,False,0.03462835453292579,0.0,0.0,0.0,0.0
liu_short_tight,power_0.84,7.942513,crew_team_h,425,425,6,0.0,False,0.03462835453292579,0.0,0.0,0.0,0.0
liu_short_tight,power_0.84,7.942513,shift_ot_h,425,425,6,0.0,False,0.19799480500234257,0.0,0.0,0.0,0.0
liu_short_tight,power_0.84,9.911784,shift_h,425,425,6,0.0,False,0.20000000000000018,0.0,0.0,0.0,0.0
liu_short_tight,power_0.84,9.911784,crew_veh_h,425,425,6,0.0,False,0.04143535408681842,0.0,0.0,0.0,0.0
liu_short_tight,power_0.84,9.911784,crew_team_h,425,425,6,0.0,False,0.04143535408681842,0.0,0.0,0.0,0.0
liu_short_tight,power_0.84,9.911784,shift_ot_h,425,425,6,0.0,False,0.19806772129837213,0.0,0.0,0.0,0.0
liu_short_tight,power_0.84,12.369317,shift_h,425,425,6,0.0,False,0.19999999999999996,0.0,0.0,0.0,0.0
liu_short_tight,power_0.84,12.369317,crew_veh_h,425,425,6,0.0,False,0.04918247558522948,0.0,0.0,0.0,0.0
liu_short_tight,power_0.84,12.369317,crew_team_h,425,425,6,0.0,False,0.04918247558522948,0.0,0.0,0.0,0.0
liu_short_tight,power_0.84,12.369317,shift_ot_h,425,425,6,0.0,False,0.19815160113296826,0.0,0.0,0.0,0.0
liu_short_tight,power_0.84,15.436172,shift_h,425,425,6,0.0,False,0.19999999999999996,0.0,0.0,0.0,0.0
liu_short_tight,power_0.84,15.436172,crew_veh_h,425,425,6,0.0,False,0.05784961777759401,0.0,0.0,0.0,0.0
liu_short_tight,power_0.84,15.436172,crew_team_h,425,425,6,0.0,False,0.05784961777759401,0.0,0.0,0.0,0.0
liu_short_tight,power_0.84,15.436172,shift_ot_h,425,425,6,0.0,False,0.19824658843450815,0.0,0.0,0.0,0.0
liu_short_tight,power_0.84,19.263424,shift_h,425,425,6,0.0,False,0.20000000000000018,0.0,0.0,0.0,0.0
liu_short_tight,power_0.84,19.263424,crew_veh_h,425,425,6,0.0,False,0.06736193195873952,0.0,0.0,0.0,0.0
liu_short_tight,power_0.84,19.263424,crew_team_h,425,425,6,0.0,False,0.06736193195873952,0.0,0.0,0.0,0.0
liu_short_tight,power_0.84,19.263424,shift_ot_h,425,425,6,0.0,False,0.19835225869314188,0.0,0.0,0.0,0.0
liu_short_tight,power_0.84,24.039607,shift_h,425,425,6,0.0,False,0.19999999999999996,0.0,0.0,0.0,0.0
liu_short_tight,power_0.84,24.039607,crew_veh_h,425,425,6,0.0,False,0.07758468335444602,0.0,0.0,0.0,0.0
liu_short_tight,power_0.84,24.039607,crew_team_h,425,425,6,0.0,False,0.07758468335444602,0.0,0.0,0.0,0.0
liu_short_tight,power_0.84,24.039607,shift_ot_h,425,425,6,0.0,False,0.1984675135983618,0.0,0.0,0.0,0.0
liu_short_tight,power_0.84,30.0,shift_h,425,425,6,0.0,False,0.20000000000000018,0.0,0.0,0.0,0.0
liu_short_tight,power_0.84,30.0,crew_veh_h,425,425,6,0.0,False,0.08832573037002711,0.0,0.0,0.0,0.0
liu_short_tight,power_0.84,30.0,crew_team_h,425,425,6,0.0,False,0.08832573037002711,0.0,0.0,0.0,0.0
liu_short_tight,power_0.84,30.0,shift_ot_h,425,425,6,0.0,False,0.1985905448740357,0.0,0.0,0.0,0.0
liu_short_tight,power_0.96,5.1,shift_h,425,425,6,0.0,False,0.19999999999999996,0.0,0.0,0.0,0.0
liu_short_tight,power_0.96,5.1,crew_veh_h,425,425,6,0.0,False,0.024865528482932664,0.0,0.0,0.0,0.0
liu_short_tight,power_0.96,5.1,crew_team_h,425,425,6,0.0,False,0.024865528482932664,0.0,0.0,0.0,0.0
liu_short_tight,power_0.96,5.1,shift_ot_h,425,425,6,0.0,False,0.19789148458094208,0.0,0.0,0.0,0.0
liu_short_tight,power_0.96,6.364497,shift_h,425,425,6,0.0,False,0.19999999999999996,0.0,0.0,0.0,0.0
liu_short_tight,power_0.96,6.364497,crew_veh_h,425,425,6,0.0,False,0.03010275707321508,0.0,0.0,0.0,0.0
liu_short_tight,power_0.96,6.364497,crew_team_h,425,425,6,0.0,False,0.03010275707321508,0.0,0.0,0.0,0.0
liu_short_tight,power_0.96,6.364497,shift_ot_h,425,425,6,0.0,False,0.19794672752765607,0.0,0.0,0.0,0.0
liu_short_tight,power_0.96,7.942513,shift_h,425,425,6,0.0,False,0.20000000000000018,0.0,0.0,0.0,0.0
liu_short_tight,power_0.96,7.942513,crew_veh_h,425,425,6,0.0,False,0.03621496332815499,0.0,0.0,0.0,0.0
liu_short_tight,power_0.96,7.942513,crew_team_h,425,425,6,0.0,False,0.03621496332815499,0.0,0.0,0.0,0.0
liu_short_tight,power_0.96,7.942513,shift_ot_h,425,425,6,0.0,False,0.19801173571422326,0.0,0.0,0.0,0.0
liu_short_tight,power_0.96,9.911784,shift_h,425,425,6,0.0,False,0.19999999999999996,0.0,0.0,0.0,0.0
liu_short_tight,power_0.96,9.911784,crew_veh_h,425,425,6,0.0,False,0.04325227523517139,0.0,0.0,0.0,0.0
liu_short_tight,power_0.96,9.911784,crew_team_h,425,425,6,0.0,False,0.04325227523517139,0.0,0.0,0.0,0.0
liu_short_tight,power_0.96,9.911784,shift_ot_h,425,425,6,0.0,False,0.19808730763753113,0.0,0.0,0.0,0.0
liu_short_tight,power_0.96,12.369317,shift_h,425,425,6,0.0,False,0.19999999999999996,0.0,0.0,0.0,0.0
liu_short_tight,power_0.96,12.369317,crew_veh_h,425,425,6,0.0,False,0.05122935105961113,0.0,0.0,0.0,0.0
liu_short_tight,power_0.96,12.369317,crew_team_h,425,425,6,0.0,False,0.05122935105961113,0.0,0.0,0.0,0.0
liu_short_tight,power_0.96,12.369317,shift_ot_h,425,425,6,0.0,False,0.19817392383926458,0.0,0.0,0.0,0.0
liu_short_tight,power_0.96,15.436172,shift_h,425,425,6,0.0,False,0.19999999999999996,0.0,0.0,0.0,0.0
liu_short_tight,power_0.96,15.436172,crew_veh_h,425,425,6,0.0,False,0.06011342946041465,0.0,0.0,0.0,0.0
liu_short_tight,power_0.96,15.436172,crew_team_h,425,425,6,0.0,False,0.06011342946041465,0.0,0.0,0.0,0.0
liu_short_tight,power_0.96,15.436172,shift_ot_h,425,425,6,0.0,False,0.19827160076064887,0.0,0.0,0.0,0.0
liu_short_tight,power_0.96,19.263424,shift_h,425,425,6,0.0,False,0.19999999999999996,0.0,0.0,0.0,0.0
liu_short_tight,power_0.96,19.263424,crew_veh_h,425,425,6,0.0,False,0.06981516447818592,0.0,0.0,0.0,0.0
liu_short_tight,power_0.96,19.263424,crew_team_h,425,425,6,0.0,False,0.06981516447818592,0.0,0.0,0.0,0.0
liu_short_tight,power_0.96,19.263424,shift_ot_h,425,425,6,0.0,False,0.1983797559579814,0.0,0.0,0.0,0.0
liu_short_tight,power_0.96,24.039607,shift_h,425,425,6,0.0,False,0.19999999999999996,0.0,0.0,0.0,0.0
liu_short_tight,power_0.96,24.039607,crew_veh_h,425,425,6,0.0,False,0.08018514491594875,0.0,0.0,0.0,0.0
liu_short_tight,power_0.96,24.039607,crew_team_h,425,425,6,0.0,False,0.08018514491594875,0.0,0.0,0.0,0.0
liu_short_tight,power_0.96,24.039607,shift_ot_h,425,425,6,0.0,False,0.1984971166058196,0.0,0.0,0.0,0.0
liu_short_tight,power_0.96,30.0,shift_h,425,425,6,0.0,False,0.19999999999999996,0.0,0.0,0.0,0.0
liu_short_tight,power_0.96,30.0,crew_veh_h,425,425,6,0.0,False,0.09101852782074671,0.0,0.0,0.0,0.0
liu_short_tight,power_0.96,30.0,crew_team_h,425,425,6,0.0,False,0.09101852782074671,0.0,0.0,0.0,0.0
liu_short_tight,power_0.96,30.0,shift_ot_h,425,425,6,0.0,False,0.19862170514267619,0.0,0.0,0.0,0.0
rohcha_long_baseline,affine,5.1,shift_h,550,550,9,0.0,False,0.12500000000000022,0.0,0.0,0.0,0.0
rohcha_long_baseline,affine,5.1,crew_veh_h,550,550,9,0.0,False,0.015417722402076839,0.0,0.0,0.0,0.0
rohcha_long_baseline,affine,5.1,crew_team_h,550,550,9,0.0,False,0.015417722402076839,0.0,0.0,0.0,0.0
rohcha_long_baseline,affine,5.1,shift_ot_h,550,550,9,0.0,False,0.11834448799691266,0.0,0.0,0.0,0.0
rohcha_long_baseline,affine,6.364497,shift_h,550,550,9,0.0,False,0.12499999999999978,0.0,0.0,0.0,0.0
rohcha_long_baseline,affine,6.364497,crew_veh_h,550,550,9,0.0,False,0.018669461716460667,0.0,0.0,0.0,0.0
rohcha_long_baseline,affine,6.364497,crew_team_h,550,550,9,0.0,False,0.018669461716460667,0.0,0.0,0.0,0.0
rohcha_long_baseline,affine,6.364497,shift_ot_h,550,550,9,0.0,False,0.11853197771925883,0.0,0.0,0.0,0.0
rohcha_long_baseline,affine,7.942513,shift_h,550,550,9,0.0,False,0.125,0.0,0.0,0.0,0.0
rohcha_long_baseline,affine,7.942513,crew_veh_h,550,550,9,0.0,False,0.02246641645424785,0.0,0.0,0.0,0.0
rohcha_long_baseline,affine,7.942513,crew_team_h,550,550,9,0.0,False,0.02246641645424785,0.0,0.0,0.0,0.0
rohcha_long_baseline,affine,7.942513,shift_ot_h,550,550,9,0.0,False,0.11875164021240803,0.0,0.0,0.0,0.0
rohcha_long_baseline,affine,9.911784,shift_h,550,550,9,0.0,False,0.125,0.0,0.0,0.0,0.0
rohcha_long_baseline,affine,9.911784,crew_veh_h,550,550,9,0.0,False,0.02684065963775173,0.0,0.0,0.0,0.0
rohcha_long_baseline,affine,9.911784,crew_team_h,550,550,9,0.0,False,0.02684065963775173,0.0,0.0,0.0,0.0
rohcha_long_baseline,affine,9.911784,shift_ot_h,550,550,9,0.0,False,0.11900568924180832,0.0,0.0,0.0,0.0
rohcha_long_baseline,affine,12.369317,shift_h,550,550,9,0.0,False,0.125,0.0,0.0,0.0,0.0
rohcha_long_baseline,affine,12.369317,crew_veh_h,550,550,9,0.0,False,0.031802414819701585,0.0,0.0,0.0,0.0
rohcha_long_baseline,affine,12.369317,crew_team_h,550,550,9,0.0,False,0.031802414819701585,0.0,0.0,0.0,0.0
rohcha_long_baseline,affine,12.369317,shift_ot_h,550,550,9,0.0,False,0.11929514995596469,0.0,0.0,0.0,0.0
rohcha_long_baseline,affine,15.436172,shift_h,550,550,9,0.0,False,0.125,0.0,0.0,0.0,0.0
rohcha_long_baseline,affine,15.436172,crew_veh_h,550,550,9,0.0,False,0.037332552544042885,0.0,0.0,0.0,0.0
rohcha_long_baseline,affine,15.436172,crew_team_h,550,550,9,0.0,False,0.037332552544042885,0.0,0.0,0.0,0.0
rohcha_long_baseline,affine,15.436172,shift_ot_h,550,550,9,0.0,False,0.11961939642538666,0.0,0.0,0.0,0.0
rohcha_long_baseline,affine,19.263424,shift_h,550,550,9,0.0,False,0.125,0.0,0.0,0.0,0.0
rohcha_long_baseline,affine,19.263424,crew_veh_h,550,550,9,0.0,False,0.04337675533692931,0.0,0.0,0.0,0.0
rohcha_long_baseline,affine,19.263424,crew_team_h,550,550,9,0.0,False,0.04337675533692931,0.0,0.0,0.0,0.0
rohcha_long_baseline,affine,19.263424,shift_ot_h,550,550,9,0.0,False,0.11997576151539469,0.0,0.0,0.0,0.0
rohcha_long_baseline,affine,24.039607,shift_h,550,550,9,0.0,False,0.12500000000000022,0.0,0.0,0.0,0.0
rohcha_long_baseline,affine,24.039607,crew_veh_h,550,550,9,0.0,False,0.049843162509655814,0.0,0.0,0.0,0.0
rohcha_long_baseline,affine,24.039607,crew_team_h,550,550,9,0.0,False,0.049843162509655814,0.0,0.0,0.0,0.0
rohcha_long_baseline,affine,24.039607,shift_ot_h,550,550,9,0.0,False,0.12035932658381787,0.0,0.0,0.0,0.0
rohcha_long_baseline,affine,30.0,shift_h,550,550,9,0.0,False,0.125,0.0,0.0,0.0,0.0
rohcha_long_baseline,affine,30.0,crew_veh_h,550,550,9,0.0,False,0.056605038291713594,0.0,0.0,0.0,0.0
rohcha_long_baseline,affine,30.0,crew_team_h,550,550,9,0.0,False,0.056605038291713594,0.0,0.0,0.0,0.0
rohcha_long_baseline,affine,30.0,shift_ot_h,550,550,9,0.0,False,0.12076299236383425,0.0,0.0,0.0,0.0
rohcha_long_baseline,piecewise,5.1,shift_h,550,550,9,0.0,False,0.125,0.0,0.0,0.0,0.0
rohcha_long_baseline,piecewise,5.1,crew_veh_h,550,550,9,0.0,False,0.015916631004473603,0.0,0.0,0.0,0.0
rohcha_long_baseline,piecewise,5.1,crew_team_h,550,550,9,0.0,False,0.015916631004473603,0.0,0.0,0.0,0.0
rohcha_long_baseline,piecewise,5.1,shift_ot_h,550,550,9,0.0,False,0.1183732165318716,0.0,0.0,0.0,0.0
rohcha_long_baseline,piecewise,6.364497,shift_h,550,550,9,0.0,False,0.125,0.0,0.0,0.0,0.0
rohcha_long_baseline,piecewise,6.364497,crew_veh_h,550,550,9,0.0,False,0.019255105359033076,0.0,0.0,0.0,0.0
rohcha_long_baseline,piecewise,6.364497,crew_team_h,550,550,9,0.0,False,0.019255105359033076,0.0,0.0,0.0,0.0
rohcha_long_baseline,piecewise,6.364497,shift_ot_h,550,550,9,0.0,False,0.11856580668539562,0.0,0.0,0.0,0.0
rohcha_long_baseline,piecewise,7.942513,shift_h,550,550,9,0.0,False,0.125,0.0,0.0,0.0,0.0
rohcha_long_baseline,piecewise,7.942513,crew_veh_h,550,550,9,0.0,False,0.023145240721770932,0.0,0.0,0.0,0.0
rohcha_long_baseline,piecewise,7.942513,crew_team_h,550,550,9,0.0,False,0.023145240721770932,0.0,0.0,0.0,0.0
rohcha_long_baseline,piecewise,7.942513,shift_ot_h,550,550,9,0.0,False,0.11879099567205875,0.0,0.0,0.0,0.0
rohcha_long_baseline,piecewise,9.911784,shift_h,550,550,9,0.0,False,0.125,0.0,0.0,0.0,0.0
rohcha_long_baseline,piecewise,9.911784,crew_veh_h,550,550,9,0.0,False,0.027616054251507816,0.0,0.0,0.0,0.0
rohcha_long_baseline,piecewise,9.911784,crew_team_h,550,550,9,0.0,False,0.027616054251507816,0.0,0.0,0.0,0.0
rohcha_long_baseline,piecewise,9.911784,shift_ot_h,550,550,9,0.0,False,0.11905083388575877,0.0,0.0,0.0,0.0
rohcha_long_baseline,piecewise,12.369317,shift_h,550,550,9,0.0,False,0.125,0.0,0.0,0.0,0.0
rohcha_long_baseline,piecewise,12.369317,crew_veh_h,550,550,9,0.0,False,0.03267343656339494,0.0,0.0,0.0,0.0
rohcha_long_baseline,piecewise,12.369317,crew_team_h,550,550,9,0.0,False,0.03267343656339494,0.0,0.0,0.0,0.0
rohcha_long_baseline,piecewise,12.369317,shift_ot_h,550,550,9,0.0,False,0.1193461061114407,0.0,0.0,0.0,0.0
rohcha_long_baseline,piecewise,15.436172,shift_h,550,550,9,0.0,False,0.12500000000000022,0.0,0.0,0.0,0.0
rohcha_long_baseline,piecewise,15.436172,crew_veh_h,550,550,9,0.0,False,0.03829280417614189,0.0,0.0,0.0,0.0
rohcha_long_baseline,piecewise,15.436172,crew_team_h,550,550,9,0.0,False,0.03829280417614189,0.0,0.0,0.0,0.0
rohcha_long_baseline,piecewise,15.436172,shift_ot_h,550,550,9,0.0,False,0.11967587424898896,0.0,0.0,0.0,0.0
rohcha_long_baseline,piecewise,19.263424,shift_h,550,550,9,0.0,False,0.125,0.0,0.0,0.0,0.0
rohcha_long_baseline,piecewise,19.263424,crew_veh_h,550,550,9,0.0,False,0.04441371161292551,0.0,0.0,0.0,0.0
rohcha_long_baseline,piecewise,19.263424,crew_team_h,550,550,9,0.0,False,0.04441371161292551,0.0,0.0,0.0,0.0
rohcha_long_baseline,piecewise,19.263424,shift_ot_h,550,550,9,0.0,False,0.12003710910596954,0.0,0.0,0.0,0.0
rohcha_long_baseline,piecewise,24.039607,shift_h,550,550,9,0.0,False,0.12500000000000022,0.0,0.0,0.0,0.0
rohcha_long_baseline,piecewise,24.039607,crew_veh_h,550,550,9,0.0,False,0.05093823253203067,0.0,0.0,0.0,0.0
rohcha_long_baseline,piecewise,24.039607,crew_team_h,550,550,9,0.0,False,0.05093823253203067,0.0,0.0,0.0,0.0
rohcha_long_baseline,piecewise,24.039607,shift_ot_h,550,550,9,0.0,False,0.12042452005189297,0.0,0.0,0.0,0.0
rohcha_long_baseline,piecewise,30.0,shift_h,550,550,9,0.0,False,0.125,0.0,0.0,0.0,0.0
rohcha_long_baseline,piecewise,30.0,crew_veh_h,550,550,9,0.0,False,0.05773454649906462,0.0,0.0,0.0,0.0
rohcha_long_baseline,piecewise,30.0,crew_team_h,550,550,9,0.0,False,0.05773454649906462,0.0,0.0,0.0,0.0
rohcha_long_baseline,piecewise,30.0,shift_ot_h,550,550,9,0.0,False,0.12083067929985547,0.0,0.0,0.0,0.0
rohcha_long_baseline,power_0.72,5.1,shift_h,550,550,9,0.0,False,0.12499999999999978,0.0,0.0,0.0,0.0
rohcha_long_baseline,power_0.72,5.1,crew_veh_h,550,550,9,0.0,False,0.014656614674025903,0.0,0.0,0.0,0.0
rohcha_long_baseline,power_0.72,5.1,crew_team_h,550,550,9,0.0,False,0.014656614674025903,0.0,0.0,0.0,0.0
rohcha_long_baseline,power_0.72,5.1,shift_ot_h,550,550,9,0.0,False,0.11830068757349066,0.0,0.0,0.0,0.0
rohcha_long_baseline,power_0.72,6.364497,shift_h,550,550,9,0.0,False,0.12500000000000022,0.0,0.0,0.0,0.0
rohcha_long_baseline,power_0.72,6.364497,crew_veh_h,550,550,9,0.0,False,0.017773865911704823,0.0,0.0,0.0,0.0
rohcha_long_baseline,power_0.72,6.364497,crew_team_h,550,550,9,0.0,False,0.017773865911704823,0.0,0.0,0.0,0.0
rohcha_long_baseline,power_0.72,6.364497,shift_ot_h,550,550,9,0.0,False,0.1184802812528043,0.0,0.0,0.0,0.0
rohcha_long_baseline,power_0.72,7.942513,shift_h,550,550,9,0.0,False,0.125,0.0,0.0,0.0,0.0
rohcha_long_baseline,power_0.72,7.942513,crew_veh_h,550,550,9,0.0,False,0.021425378009871876,0.0,0.0,0.0,0.0
rohcha_long_baseline,power_0.72,7.942513,crew_team_h,550,550,9,0.0,False,0.021425378009871876,0.0,0.0,0.0,0.0
rohcha_long_baseline,power_0.72,7.942513,shift_ot_h,550,550,9,0.0,False,0.11869133457670644,0.0,0.0,0.0,0.0
rohcha_long_baseline,power_0.72,9.911784,shift_h,550,550,9,0.0,False,0.125,0.0,0.0,0.0,0.0
rohcha_long_baseline,power_0.72,9.911784,crew_veh_h,550,550,9,0.0,False,0.025647630585523107,0.0,0.0,0.0,0.0
rohcha_long_baseline,power_0.72,9.911784,crew_team_h,550,550,9,0.0,False,0.025647630585523107,0.0,0.0,0.0,0.0
rohcha_long_baseline,power_0.72,9.911784,shift_ot_h,550,550,9,0.0,False,0.1189362946534458,0.0,0.0,0.0,0.0
rohcha_long_baseline,power_0.72,12.369317,shift_h,550,550,9,0.0,False,0.125,0.0,0.0,0.0,0.0
rohcha_long_baseline,power_0.72,12.369317,crew_veh_h,550,550,9,0.0,False,0.030457273772915405,0.0,0.0,0.0,0.0
rohcha_long_baseline,power_0.72,12.369317,crew_team_h,550,550,9,0.0,False,0.030457273772915405,0.0,0.0,0.0,0.0
rohcha_long_baseline,power_0.72,12.369317,shift_ot_h,550,550,9,0.0,False,0.11921654063092135,0.0,0.0,0.0,0.0
rohcha_long_baseline,power_0.72,15.436172,shift_h,550,550,9,0.0,False,0.12499999999999978,0.0,0.0,0.0,0.0
rohcha_long_baseline,power_0.72,15.436172,crew_veh_h,550,550,9,0.0,False,0.035843464157477634,0.0,0.0,0.0,0.0
rohcha_long_baseline,power_0.72,15.436172,crew_team_h,550,550,9,0.0,False,0.035843464157477634,0.0,0.0,0.0,0.0
rohcha_long_baseline,power_0.72,15.436172,shift_ot_h,550,550,9,0.0,False,0.11953191777738303,0.0,0.0,0.0,0.0
rohcha_long_baseline,power_0.72,19.263424,shift_h,550,550,9,0.0,False,0.125,0.0,0.0,0.0,0.0
rohcha_long_baseline,power_0.72,19.263424,crew_veh_h,550,550,9,0.0,False,0.04176142516722425,0.0,0.0,0.0,0.0
rohcha_long_baseline,power_0.72,19.263424,crew_team_h,550,550,9,0.0,False,0.04176142516722425,0.0,0.0,0.0,0.0
rohcha_long_baseline,power_0.72,19.263424,shift_ot_h,550,550,9,0.0,False,0.11988031873448657,0.0,0.0,0.0,0.0
rohcha_long_baseline,power_0.72,24.039607,shift_h,550,550,9,0.0,False,0.125,0.0,0.0,0.0,0.0
rohcha_long_baseline,power_0.72,24.039607,crew_veh_h,550,550,9,0.0,False,0.04812901722059859,0.0,0.0,0.0,0.0
rohcha_long_baseline,power_0.72,24.039607,crew_team_h,550,550,9,0.0,False,0.04812901722059859,0.0,0.0,0.0,0.0
rohcha_long_baseline,power_0.72,24.039607,shift_ot_h,550,550,9,0.0,False,0.12025741586848682,0.0,0.0,0.0,0.0
rohcha_long_baseline,power_0.72,30.0,shift_h,550,550,9,0.0,False,0.125,0.0,0.0,0.0,0.0
rohcha_long_baseline,power_0.72,30.0,crew_veh_h,550,550,9,0.0,False,0.054827992598975195,0.0,0.0,0.0,0.0
rohcha_long_baseline,power_0.72,30.0,crew_team_h,550,550,9,0.0,False,0.054827992598975195,0.0,0.0,0.0,0.0
rohcha_long_baseline,power_0.72,30.0,shift_ot_h,550,550,9,0.0,False,0.12065665114232105,0.0,0.0,0.0,0.0
rohcha_long_baseline,power_0.84,5.1,shift_h,550,550,9,0.0,False,0.12499999999999978,0.0,0.0,0.0,0.0
rohcha_long_baseline,power_0.84,5.1,crew_veh_h,550,550,9,0.0,False,0.015797863996690698,0.0,0.0,0.0,0.0
rohcha_long_baseline,power_0.84,5.1,crew_team_h,550,550,9,0.0,False,0.015797863996690698,0.0,0.0,0.0,0.0
rohcha_long_baseline,power_0.84,5.1,shift_ot_h,550,550,9,0.0,False,0.11836637636261393,0.0,0.0,0.0,0.0
rohcha_long_baseline,power_0.84,6.364497,shift_h,550,550,9,0.0,False,0.125,0.0,0.0,0.0,0.0
rohcha_long_baseline,power_0.84,6.364497,crew_veh_h,550,550,9,0.0,False,0.019115792686860367,0.0,0.0,0.0,0.0
rohcha_long_baseline,power_0.84,6.364497,crew_team_h,550,550,9,0.0,False,0.019115792686860367,0.0,0.0,0.0,0.0
rohcha_long_baseline,power_0.84,6.364497,shift_ot_h,550,550,9,0.0,False,0.11855775775296284,0.0,0.0,0.0,0.0
rohcha_long_baseline,power_0.84,7.942513,shift_h,550,550,9,0.0,False,0.125,0.0,0.0,0.0,0.0
rohcha_long_baseline,power_0.84,7.942513,crew_veh_h,550,550,9,0.0,False,0.022983900016047887,0.0,0.0,0.0,0.0
rohcha_long_baseline,power_0.84,7.942513,crew_team_h,550,550,9,0.0,False,0.022983900016047887,0.0,0.0,0.0,0.0
rohcha_long_baseline,power_0.84,7.942513,shift_ot_h,550,550,9,0.0,False,0.11878163948557363,0.0,0.0,0.0,0.0
rohcha_long_baseline,power_0.84,9.911784,shift_h,550,550,9,0.0,False,0.125,0.0,0.0,0.0,0.0
rohcha_long_baseline,power_0.84,9.911784,crew_veh_h,550,550,9,0.0,False,0.027431941943679927,0.0,0.0,0.0,0.0
rohcha_long_baseline,power_0.84,9.911784,crew_team_h,550,550,9,0.0,False,0.027431941943679927,0.0,0.0,0.0,0.0
rohcha_long_baseline,power_0.84,9.911784,shift_ot_h,550,550,9,0.0,False,0.11904011155695127,0.0,0.0,0.0,0.0
rohcha_long_baseline,power_0.84,12.369317,shift_h,550,550,9,0.0,False,0.12499999999999978,0.0,0.0,0.0,0.0
rohcha_long_baseline,power_0.84,12.369317,crew_veh_h,550,550,9,0.0,False,0.03246684827196211,0.0,0.0,0.0,0.0
rohcha_long_baseline,power_0.84,12.369317,crew_team_h,550,550,9,0.0,False,0.03246684827196211,0.0,0.0,0.0,0.0
rohcha_long_baseline,power_0.84,12.369317,shift_ot_h,550,550,9,0.0,False,0.11933401651686104,0.0,0.0,0.0,0.0
rohcha_long_baseline,power_0.84,15.436172,shift_h,550,550,9,0.0,False,0.125,0.0,0.0,0.0,0.0
rohcha_long_baseline,power_0.84,15.436172,crew_veh_h,550,550,9,0.0,False,0.03806533440415083,0.0,0.0,0.0,0.0
rohcha_long_baseline,power_0.84,15.436172,crew_team_h,550,550,9,0.0,False,0.03806533440415083,0.0,0.0,0.0,0.0
rohcha_long_baseline,power_0.84,15.436172,shift_ot_h,550,550,9,0.0,False,0.11966249075187907,0.0,0.0,0.0,0.0
rohcha_long_baseline,power_0.84,19.263424,shift_h,550,550,9,0.0,False,0.125,0.0,0.0,0.0,0.0
rohcha_long_baseline,power_0.84,19.263424,crew_veh_h,550,550,9,0.0,False,0.044168403586769545,0.0,0.0,0.0,0.0
rohcha_long_baseline,power_0.84,19.263424,crew_team_h,550,550,9,0.0,False,0.044168403586769545,0.0,0.0,0.0,0.0
rohcha_long_baseline,power_0.84,19.263424,shift_ot_h,550,550,9,0.0,False,0.12002259084431621,0.0,0.0,0.0,0.0
rohcha_long_baseline,power_0.84,24.039607,shift_h,550,550,9,0.0,False,0.125,0.0,0.0,0.0,0.0
rohcha_long_baseline,power_0.84,24.039607,crew_veh_h,550,550,9,0.0,False,0.05067955081736253,0.0,0.0,0.0,0.0
rohcha_long_baseline,power_0.84,24.039607,crew_team_h,550,550,9,0.0,False,0.05067955081736253,0.0,0.0,0.0,0.0
rohcha_long_baseline,power_0.84,24.039607,shift_ot_h,550,550,9,0.0,False,0.12040911356423867,0.0,0.0,0.0,0.0
rohcha_long_baseline,power_0.84,30.0,shift_h,550,550,9,0.0,False,0.125,0.0,0.0,0.0,0.0
rohcha_long_baseline,power_0.84,30.0,crew_veh_h,550,550,9,0.0,False,0.05746813187771638,0.0,0.0,0.0,0.0
rohcha_long_baseline,power_0.84,30.0,crew_team_h,550,550,9,0.0,False,0.05746813187771638,0.0,0.0,0.0,0.0
rohcha_long_baseline,power_0.84,30.0,shift_ot_h,550,550,9,0.0,False,0.12081470744179534,0.0,0.0,0.0,0.0
rohcha_long_baseline,power_0.96,5.1,shift_h,550,550,9,0.0,False,0.125,0.0,0.0,0.0,0.0
rohcha_long_baseline,power_0.96,5.1,crew_veh_h,550,550,9,0.0,False,0.01701427529997268,0.0,0.0,0.0,0.0
rohcha_long_baseline,power_0.96,5.1,crew_team_h,550,550,9,0.0,False,0.01701427529997268,0.0,0.0,0.0,0.0
rohcha_long_baseline,power_0.96,5.1,shift_ot_h,550,550,9,0.0,False,0.11843646996369417,0.0,0.0,0.0,0.0
rohcha_long_baseline,power_0.96,6.364497,shift_h,550,550,9,0.0,False,0.12499999999999978,0.0,0.0,0.0,0.0
rohcha_long_baseline,power_0.96,6.364497,crew_veh_h,550,550,9,0.0,False,0.020539627512707215,0.0,0.0,0.0,0.0
rohcha_long_baseline,power_0.96,6.364497,crew_team_h,550,550,9,0.0,False,0.020539627512707215,0.0,0.0,0.0,0.0
rohcha_long_baseline,power_0.96,6.364497,shift_ot_h,550,550,9,0.0,False,0.11864007166192114,0.0,0.0,0.0,0.0
rohcha_long_baseline,power_0.96,7.942513,shift_h,550,550,9,0.0,False,0.125,0.0,0.0,0.0,0.0
rohcha_long_baseline,power_0.96,7.942513,crew_veh_h,550,550,9,0.0,False,0.024628833810484085,0.0,0.0,0.0,0.0
rohcha_long_baseline,power_0.96,7.942513,crew_team_h,550,550,9,0.0,False,0.024628833810484085,0.0,0.0,0.0,0.0
rohcha_long_baseline,power_0.96,7.942513,shift_ot_h,550,550,9,0.0,False,0.11887709721465622,0.0,0.0,0.0,0.0
rohcha_long_baseline,power_0.96,9.911784,shift_h,550,550,9,0.0,False,0.125,0.0,0.0,0.0,0.0
rohcha_long_baseline,power_0.96,9.911784,crew_veh_h,550,550,9,0.0,False,0.029303774897567303,0.0,0.0,0.0,0.0
rohcha_long_baseline,power_0.96,9.911784,crew_team_h,550,550,9,0.0,False,0.029303774897567303,0.0,0.0,0.0,0.0
rohcha_long_baseline,power_0.96,9.911784,shift_ot_h,550,550,9,0.0,False,0.119149211432928,0.0,0.0,0.0,0.0
rohcha_long_baseline,power_0.96,12.369317,shift_h,550,550,9,0.0,False,0.125,0.0,0.0,0.0,0.0
rohcha_long_baseline,power_0.96,12.369317,crew_veh_h,550,550,9,0.0,False,0.0345605451076354,0.0,0.0,0.0,0.0
rohcha_long_baseline,power_0.96,12.369317,crew_team_h,550,550,9,0.0,False,0.0345605451076354,0.0,0.0,0.0,0.0
rohcha_long_baseline,power_0.96,12.369317,shift_ot_h,550,550,9,0.0,False,0.11945665114586768,0.0,0.0,0.0,0.0
rohcha_long_baseline,power_0.96,15.436172,shift_h,550,550,9,0.0,False,0.125,0.0,0.0,0.0,0.0
rohcha_long_baseline,power_0.96,15.436172,crew_veh_h,550,550,9,0.0,False,0.04036258189174924,0.0,0.0,0.0,0.0
rohcha_long_baseline,power_0.96,15.436172,crew_team_h,550,550,9,0.0,False,0.04036258189174924,0.0,0.0,0.0,0.0
rohcha_long_baseline,power_0.96,15.436172,shift_ot_h,550,550,9,0.0,False,0.11979778715451861,0.0,0.0,0.0,0.0
rohcha_long_baseline,power_0.96,19.263424,shift_h,550,550,9,0.0,False,0.125,0.0,0.0,0.0,0.0
rohcha_long_baseline,power_0.96,19.263424,crew_veh_h,550,550,9,0.0,False,0.046636385051442186,0.0,0.0,0.0,0.0
rohcha_long_baseline,power_0.96,19.263424,crew_team_h,550,550,9,0.0,False,0.046636385051442186,0.0,0.0,0.0,0.0
rohcha_long_baseline,power_0.96,19.263424,shift_ot_h,550,550,9,0.0,False,0.1201688121453206,0.0,0.0,0.0,0.0
rohcha_long_baseline,power_0.96,24.039607,shift_h,550,550,9,0.0,False,0.125,0.0,0.0,0.0,0.0
rohcha_long_baseline,power_0.96,24.039607,crew_veh_h,550,550,9,0.0,False,0.05327157921618153,0.0,0.0,0.0,0.0
rohcha_long_baseline,power_0.96,24.039607,crew_team_h,550,550,9,0.0,False,0.05327157921618153,0.0,0.0,0.0,0.0
rohcha_long_baseline,power_0.96,24.039607,shift_ot_h,550,550,9,0.0,False,0.12056366331522406,0.0,0.0,0.0,0.0
rohcha_long_baseline,power_0.96,30.0,shift_h,550,550,9,0.0,False,0.125,0.0,0.0,0.0,0.0
rohcha_long_baseline,power_0.96,30.0,crew_veh_h,550,550,9,0.0,False,0.06012647070333599,0.0,0.0,0.0,0.0
rohcha_long_baseline,power_0.96,30.0,crew_team_h,550,550,9,0.0,False,0.06012647070333599,0.0,0.0,0.0,0.0
rohcha_long_baseline,power_0.96,30.0,shift_ot_h,550,550,9,0.0,False,0.12097426315158888,0.0,0.0,0.0,0.0
rohcha_long_tight,affine,5.1,shift_h,550,550,10,0.0,False,0.11111111111111116,0.0,0.0,0.0,0.0
rohcha_long_tight,affine,5.1,crew_veh_h,550,550,10,0.0,False,0.004064933209253496,0.0,0.0,0.0,0.0
rohcha_long_tight,affine,5.1,crew_team_h,550,550,10,0.0,False,0.004064933209253496,0.0,0.0,0.0,0.0
rohcha_long_tight,affine,5.1,shift_ot_h,550,550,10,0.0,False,0.11158343969484652,0.0,0.0,0.0,0.0
rohcha_long_tight,affine,6.364497,shift_h,550,550,10,0.0,False,0.11111111111111116,0.0,0.0,0.0,0.0
rohcha_long_tight,affine,6.364497,crew_veh_h,550,550,10,0.0,False,0.007539603816203222,0.0,0.0,0.0,0.0
rohcha_long_tight,affine,6.364497,crew_team_h,550,550,10,0.0,False,0.007539603816203222,0.0,0.0,0.0,0.0
rohcha_long_tight,affine,6.364497,shift_ot_h,550,550,10,0.0,False,0.11156953948678416,0.0,0.0,0.0,0.0
rohcha_long_tight,affine,7.942513,shift_h,550,550,10,0.0,False,0.11111111111111094,0.0,0.0,0.0,0.0
rohcha_long_tight,affine,7.942513,crew_veh_h,550,550,10,0.0,False,0.01157170485001724,0.0,0.0,0.0,0.0
rohcha_long_tight,affine,7.942513,crew_team_h,550,550,10,0.0,False,0.01157170485001724,0.0,0.0,0.0,0.0
rohcha_long_tight,affine,7.942513,shift_ot_h,550,550,10,0.0,False,0.11155329976617256,0.0,0.0,0.0,0.0
rohcha_long_tight,affine,9.911784,shift_h,550,550,10,0.0,False,0.11111111111111116,0.0,0.0,0.0,0.0
rohcha_long_tight,affine,9.911784,crew_veh_h,550,550,10,0.0,False,0.016183576334258154,0.0,0.0,0.0,0.0
rohcha_long_tight,affine,9.911784,crew_team_h,550,550,10,0.0,False,0.016183576334258154,0.0,0.0,0.0,0.0
rohcha_long_tight,affine,9.911784,shift_ot_h,550,550,10,0.0,False,0.11153457909034259,0.0,0.0,0.0,0.0
rohcha_long_tight,affine,12.369317,shift_h,550,550,10,0.0,False,0.11111111111111116,0.0,0.0,0.0,0.0
rohcha_long_tight,affine,12.369317,crew_veh_h,550,550,10,0.0,False,0.02137225261860931,0.0,0.0,0.0,0.0
rohcha_long_tight,affine,12.369317,crew_team_h,550,550,10,0.0,False,0.02137225261860931,0.0,0.0,0.0,0.0
rohcha_long_tight,affine,12.369317,shift_ot_h,550,550,10,0.0,False,0.11151332860898866,0.0,0.0,0.0,0.0
rohcha_long_tight,affine,15.436172,shift_h,550,550,10,0.0,False,0.11111111111111116,0.0,0.0,0.0,0.0
rohcha_long_tight,affine,15.436172,crew_veh_h,550,550,10,0.0,False,0.02710260736294101,0.0,0.0,0.0,0.0
rohcha_long_tight,affine,15.436172,crew_team_h,550,550,10,0.0,False,0.02710260736294101,0.0,0.0,0.0,0.0
rohcha_long_tight,affine,15.436172,shift_ot_h,550,550,10,0.0,False,0.1114896245158703,0.0,0.0,0.0,0.0
rohcha_long_tight,affine,19.263424,shift_h,550,550,10,0.0,False,0.11111111111111116,0.0,0.0,0.0,0.0
rohcha_long_tight,affine,19.263424,crew_veh_h,550,550,10,0.0,False,0.03330300704538125,0.0,0.0,0.0,0.0
rohcha_long_tight,affine,19.263424,crew_team_h,550,550,10,0.0,False,0.03330300704538125,0.0,0.0,0.0,0.0
rohcha_long_tight,affine,19.263424,shift_ot_h,550,550,10,0.0,False,0.1114636936471447,0.0,0.0,0.0,0.0
rohcha_long_tight,affine,24.039607,shift_h,550,550,10,0.0,False,0.11111111111111094,0.0,0.0,0.0,0.0
rohcha_long_tight,affine,24.039607,crew_veh_h,550,550,10,0.0,False,0.039865217557227606,0.0,0.0,0.0,0.0
rohcha_long_tight,affine,24.039607,crew_team_h,550,550,10,0.0,False,0.039865217557227606,0.0,0.0,0.0,0.0
rohcha_long_tight,affine,24.039607,shift_ot_h,550,550,10,0.0,False,0.11143592443709038,0.0,0.0,0.0,0.0
rohcha_long_tight,affine,30.0,shift_h,550,550,10,0.0,False,0.11111111111111116,0.0,0.0,0.0,0.0
rohcha_long_tight,affine,30.0,crew_veh_h,550,550,10,0.0,False,0.04664973244307302,0.0,0.0,0.0,0.0
rohcha_long_tight,affine,30.0,crew_team_h,550,550,10,0.0,False,0.04664973244307302,0.0,0.0,0.0,0.0
rohcha_long_tight,affine,30.0,shift_ot_h,550,550,10,0.0,False,0.11140685647661641,0.0,0.0,0.0,0.0
rohcha_long_tight,piecewise,5.1,shift_h,550,550,10,0.0,False,0.11111111111111116,0.0,0.0,0.0,0.0
rohcha_long_tight,piecewise,5.1,crew_veh_h,550,550,10,0.0,False,0.004599344557760565,0.0,0.0,0.0,0.0
rohcha_long_tight,piecewise,5.1,crew_team_h,550,550,10,0.0,False,0.004599344557760565,0.0,0.0,0.0,0.0
rohcha_long_tight,piecewise,5.1,shift_ot_h,550,550,10,0.0,False,0.11158130746603279,0.0,0.0,0.0,0.0
rohcha_long_tight,piecewise,6.364497,shift_h,550,550,10,0.0,False,0.11111111111111116,0.0,0.0,0.0,0.0
rohcha_long_tight,piecewise,6.364497,crew_veh_h,550,550,10,0.0,False,0.008163278774944605,0.0,0.0,0.0,0.0
rohcha_long_tight,piecewise,6.364497,crew_team_h,550,550,10,0.0,False,0.008163278774944605,0.0,0.0,0.0,0.0
rohcha_long_tight,piecewise,6.364497,shift_ot_h,550,550,10,0.0,False,0.1115670352907514,0.0,0.0,0.0,0.0
rohcha_long_tight,piecewise,7.942513,shift_h,550,550,10,0.0,False,0.11111111111111116,0.0,0.0,0.0,0.0
rohcha_long_tight,piecewise,7.942513,crew_veh_h,550,550,10,0.0,False,0.012289731637032064,0.0,0.0,0.0,0.0
rohcha_long_tight,piecewise,7.942513,crew_team_h,550,550,10,0.0,False,0.012289731637032064,0.0,0.0,0.0,0.0
rohcha_long_tight,piecewise,7.942513,shift_ot_h,550,550,10,0.0,False,0.11155039540007938,0.0,0.0,0.0,0.0
rohcha_long_tight,piecewise,9.911784,shift_h,550,550,10,0.0,False,0.11111111111111094,0.0,0.0,0.0,0.0
rohcha_long_tight,piecewise,9.911784,crew_veh_h,550,550,10,0.0,False,0.016997406242531765,0.0,0.0,0.0,0.0
rohcha_long_tight,piecewise,9.911784,crew_team_h,550,550,10,0.0,False,0.016997406242531765,0.0,0.0,0.0,0.0
rohcha_long_tight,piecewise,9.911784,shift_ot_h,550,550,10,0.0,False,0.11153125926669816,0.0,0.0,0.0,0.0
rohcha_long_tight,piecewise,12.369317,shift_h,550,550,10,0.0,False,0.11111111111111116,0.0,0.0,0.0,0.0
rohcha_long_tight,piecewise,12.369317,crew_veh_h,550,550,10,0.0,False,0.02227847658050064,0.0,0.0,0.0,0.0
rohcha_long_tight,piecewise,12.369317,crew_team_h,550,550,10,0.0,False,0.02227847658050064,0.0,0.0,0.0,0.0
rohcha_long_tight,piecewise,12.369317,shift_ot_h,550,550,10,0.0,False,0.11150959645824265,0.0,0.0,0.0,0.0
rohcha_long_tight,piecewise,15.436172,shift_h,550,550,10,0.0,False,0.11111111111111116,0.0,0.0,0.0,0.0
rohcha_long_tight,piecewise,15.436172,crew_veh_h,550,550,10,0.0,False,0.028092020257073136,0.0,0.0,0.0,0.0
rohcha_long_tight,piecewise,15.436172,crew_team_h,550,550,10,0.0,False,0.028092020257073136,0.0,0.0,0.0,0.0
rohcha_long_tight,piecewise,15.436172,shift_ot_h,550,550,10,0.0,False,0.11148550646731326,0.0,0.0,0.0,0.0
rohcha_long_tight,piecewise,19.263424,shift_h,550,550,10,0.0,False,0.11111111111111116,0.0,0.0,0.0,0.0
rohcha_long_tight,piecewise,19.263424,crew_veh_h,550,550,10,0.0,False,0.034360258447898584,0.0,0.0,0.0,0.0
rohcha_long_tight,piecewise,19.263424,crew_team_h,550,550,10,0.0,False,0.034360258447898584,0.0,0.0,0.0,0.0
rohcha_long_tight,piecewise,19.263424,shift_ot_h,550,550,10,0.0,False,0.11145924244273209,0.0,0.0,0.0,0.0
rohcha_long_tight,piecewise,24.039607,shift_h,550,550,10,0.0,False,0.11111111111111116,0.0,0.0,0.0,0.0
rohcha_long_tight,piecewise,24.039607,crew_veh_h,550,550,10,0.0,False,0.04096929855372555,0.0,0.0,0.0,0.0
rohcha_long_tight,piecewise,24.039607,crew_team_h,550,550,10,0.0,False,0.04096929855372555,0.0,0.0,0.0,0.0
rohcha_long_tight,piecewise,24.039607,shift_ot_h,550,550,10,0.0,False,0.11143121902392306,0.0,0.0,0.0,0.0
rohcha_long_tight,piecewise,30.0,shift_h,550,550,10,0.0,False,0.11111111111111116,0.0,0.0,0.0,0.0
rohcha_long_tight,piecewise,30.0,crew_veh_h,550,550,10,0.0,False,0.047775390039789256,0.0,0.0,0.0,0.0
rohcha_long_tight,piecewise,30.0,crew_team_h,550,550,10,0.0,False,0.047775390039789256,0.0,0.0,0.0,0.0
rohcha_long_tight,piecewise,30.0,shift_ot_h,550,550,10,0.0,False,0.11140199796283445,0.0,0.0,0.0,0.0
rohcha_long_tight,power_0.72,5.1,shift_h,550,550,10,0.0,False,0.11111111111111116,0.0,0.0,0.0,0.0
rohcha_long_tight,power_0.72,5.1,crew_veh_h,550,550,10,0.0,False,0.003248754300744894,0.0,0.0,0.0,0.0
rohcha_long_tight,power_0.72,5.1,crew_team_h,550,550,10,0.0,False,0.003248754300744894,0.0,0.0,0.0,0.0
rohcha_long_tight,power_0.72,5.1,shift_ot_h,550,550,10,0.0,False,0.1115866921887736,0.0,0.0,0.0,0.0
rohcha_long_tight,power_0.72,6.364497,shift_h,550,550,10,0.0,False,0.11111111111111116,0.0,0.0,0.0,0.0
rohcha_long_tight,power_0.72,6.364497,crew_veh_h,550,550,10,0.0,False,0.006584600386093875,0.0,0.0,0.0,0.0
rohcha_long_tight,power_0.72,6.364497,crew_team_h,550,550,10,0.0,False,0.006584600386093875,0.0,0.0,0.0,0.0
rohcha_long_tight,power_0.72,6.364497,shift_ot_h,550,550,10,0.0,False,0.11157336858954592,0.0,0.0,0.0,0.0
rohcha_long_tight,power_0.72,7.942513,shift_h,550,550,10,0.0,False,0.11111111111111116,0.0,0.0,0.0,0.0
rohcha_long_tight,power_0.72,7.942513,crew_veh_h,550,550,10,0.0,False,0.010468877882259475,0.0,0.0,0.0,0.0
rohcha_long_tight,power_0.72,7.942513,crew_team_h,550,550,10,0.0,False,0.010468877882259475,0.0,0.0,0.0,0.0
rohcha_long_tight,power_0.72,7.942513,shift_ot_h,550,550,10,0.0,False,0.11155775327983064,0.0,0.0,0.0,0.0
rohcha_long_tight,power_0.72,9.911784,shift_h,550,550,10,0.0,False,0.11111111111111116,0.0,0.0,0.0,0.0
rohcha_long_tight,power_0.72,9.911784,crew_veh_h,550,550,10,0.0,False,0.014929247688111769,0.0,0.0,0.0,0.0
rohcha_long_tight,power_0.72,9.911784,crew_team_h,550,550,10,0.0,False,0.014929247688111769,0.0,0.0,0.0,0.0
rohcha_long_tight,power_0.72,9.911784,shift_ot_h,550,550,10,0.0,False,0.11153968621988986,0.0,0.0,0.0,0.0
rohcha_long_tight,power_0.72,12.369317,shift_h,550,550,10,0.0,False,0.11111111111111116,0.0,0.0,0.0,0.0
rohcha_long_tight,power_0.72,12.369317,crew_veh_h,550,550,10,0.0,False,0.01997003792045593,0.0,0.0,0.0,0.0
rohcha_long_tight,power_0.72,12.369317,crew_team_h,550,550,10,0.0,False,0.01997003792045593,0.0,0.0,0.0,0.0
rohcha_long_tight,power_0.72,12.369317,shift_ot_h,550,550,10,0.0,False,0.11151909127226656,0.0,0.0,0.0,0.0
rohcha_long_tight,power_0.72,15.436172,shift_h,550,550,10,0.0,False,0.11111111111111116,0.0,0.0,0.0,0.0
rohcha_long_tight,power_0.72,15.436172,crew_veh_h,550,550,10,0.0,False,0.025565029591234634,0.0,0.0,0.0,0.0
rohcha_long_tight,power_0.72,15.436172,crew_team_h,550,550,10,0.0,False,0.025565029591234634,0.0,0.0,0.0,0.0
rohcha_long_tight,power_0.72,15.436172,shift_ot_h,550,550,10,0.0,False,0.11149600927065406,0.0,0.0,0.0,0.0
rohcha_long_tight,power_0.72,19.263424,shift_h,550,550,10,0.0,False,0.11111111111111116,0.0,0.0,0.0,0.0
rohcha_long_tight,power_0.72,19.263424,crew_veh_h,550,550,10,0.0,False,0.03165228254590846,0.0,0.0,0.0,0.0
rohcha_long_tight,power_0.72,19.263424,crew_team_h,550,550,10,0.0,False,0.03165228254590846,0.0,0.0,0.0,0.0
rohcha_long_tight,power_0.72,19.263424,shift_ot_h,550,550,10,0.0,False,0.11147062613063796,0.0,0.0,0.0,0.0
rohcha_long_tight,power_0.72,24.039607,shift_h,550,550,10,0.0,False,0.11111111111111094,0.0,0.0,0.0,0.0
rohcha_long_tight,power_0.72,24.039607,crew_veh_h,550,550,10,0.0,False,0.03813278953802457,0.0,0.0,0.0,0.0
rohcha_long_tight,power_0.72,24.039607,crew_team_h,550,550,10,0.0,False,0.03813278953802457,0.0,0.0,0.0,0.0
rohcha_long_tight,power_0.72,24.039607,shift_ot_h,550,550,10,0.0,False,0.11144328834928663,0.0,0.0,0.0,0.0
rohcha_long_tight,power_0.72,30.0,shift_h,550,550,10,0.0,False,0.11111111111111094,0.0,0.0,0.0,0.0
rohcha_long_tight,power_0.72,30.0,crew_veh_h,550,550,10,0.0,False,0.04487434104316401,0.0,0.0,0.0,0.0
rohcha_long_tight,power_0.72,30.0,crew_team_h,550,550,10,0.0,False,0.04487434104316401,0.0,0.0,0.0,0.0
rohcha_long_tight,power_0.72,30.0,shift_ot_h,550,550,10,0.0,False,0.11141449860627817,0.0,0.0,0.0,0.0
rohcha_long_tight,power_0.84,5.1,shift_h,550,550,10,0.0,False,0.11111111111111116,0.0,0.0,0.0,0.0
rohcha_long_tight,power_0.84,5.1,crew_veh_h,550,550,10,0.0,False,0.004472168795977449,0.0,0.0,0.0,0.0
rohcha_long_tight,power_0.84,5.1,crew_team_h,550,550,10,0.0,False,0.004472168795977449,0.0,0.0,0.0,0.0
rohcha_long_tight,power_0.84,5.1,shift_ot_h,550,550,10,0.0,False,0.11158181506582876,0.0,0.0,0.0,0.0
rohcha_long_tight,power_0.84,6.364497,shift_h,550,550,10,0.0,False,0.11111111111111116,0.0,0.0,0.0,0.0
rohcha_long_tight,power_0.84,6.364497,crew_veh_h,550,550,10,0.0,False,0.008014977665466105,0.0,0.0,0.0,0.0
rohcha_long_tight,power_0.84,6.364497,crew_team_h,550,550,10,0.0,False,0.008014977665466105,0.0,0.0,0.0,0.0
rohcha_long_tight,power_0.84,6.364497,shift_ot_h,550,550,10,0.0,False,0.11156763100852074,0.0,0.0,0.0,0.0
rohcha_long_tight,power_0.84,7.942513,shift_h,550,550,10,0.0,False,0.11111111111111094,0.0,0.0,0.0,0.0
rohcha_long_tight,power_0.84,7.942513,crew_veh_h,550,550,10,0.0,False,0.012119151076930956,0.0,0.0,0.0,0.0
rohcha_long_tight,power_0.84,7.942513,crew_team_h,550,550,10,0.0,False,0.012119151076930956,0.0,0.0,0.0,0.0
rohcha_long_tight,power_0.84,7.942513,shift_ot_h,550,550,10,0.0,False,0.11155108572793138,0.0,0.0,0.0,0.0
rohcha_long_tight,power_0.84,9.911784,shift_h,550,550,10,0.0,False,0.11111111111111116,0.0,0.0,0.0,0.0
rohcha_long_tight,power_0.84,9.911784,crew_veh_h,550,550,10,0.0,False,0.016804267827225106,0.0,0.0,0.0,0.0
rohcha_long_tight,power_0.84,9.911784,crew_team_h,550,550,10,0.0,False,0.016804267827225106,0.0,0.0,0.0,0.0
rohcha_long_tight,power_0.84,9.911784,shift_ot_h,550,550,10,0.0,False,0.11153204757299506,0.0,0.0,0.0,0.0
rohcha_long_tight,power_0.84,12.369317,shift_h,550,550,10,0.0,False,0.11111111111111094,0.0,0.0,0.0,0.0
rohcha_long_tight,power_0.84,12.369317,crew_veh_h,550,550,10,0.0,False,0.022063663616402662,0.0,0.0,0.0,0.0
rohcha_long_tight,power_0.84,12.369317,crew_team_h,550,550,10,0.0,False,0.022063663616402662,0.0,0.0,0.0,0.0
rohcha_long_tight,power_0.84,12.369317,shift_ot_h,550,550,10,0.0,False,0.11151048169267885,0.0,0.0,0.0,0.0
rohcha_long_tight,power_0.84,15.436172,shift_h,550,550,10,0.0,False,0.11111111111111094,0.0,0.0,0.0,0.0
rohcha_long_tight,power_0.84,15.436172,crew_veh_h,550,550,10,0.0,False,0.02785779167639424,0.0,0.0,0.0,0.0
rohcha_long_tight,power_0.84,15.436172,crew_team_h,550,550,10,0.0,False,0.02785779167639424,0.0,0.0,0.0,0.0
rohcha_long_tight,power_0.84,15.436172,shift_ot_h,550,550,10,0.0,False,0.1114864820292194,0.0,0.0,0.0,0.0
rohcha_long_tight,power_0.84,19.263424,shift_h,550,550,10,0.0,False,0.11111111111111094,0.0,0.0,0.0,0.0
rohcha_long_tight,power_0.84,19.263424,crew_veh_h,550,550,10,0.0,False,0.034110320249656656,0.0,0.0,0.0,0.0
rohcha_long_tight,power_0.84,19.263424,crew_team_h,550,550,10,0.0,False,0.034110320249656656,0.0,0.0,0.0,0.0
rohcha_long_tight,power_0.84,19.263424,shift_ot_h,550,550,10,0.0,False,0.11146029550871495,0.0,0.0,0.0,0.0
rohcha_long_tight,power_0.84,24.039607,shift_h,550,550,10,0.0,False,0.11111111111111116,0.0,0.0,0.0,0.0
rohcha_long_tight,power_0.84,24.039607,crew_veh_h,550,550,10,0.0,False,0.040708675521545334,0.0,0.0,0.0,0.0
rohcha_long_tight,power_0.84,24.039607,crew_team_h,550,550,10,0.0,False,0.040708675521545334,0.0,0.0,0.0,0.0
rohcha_long_tight,power_0.84,24.039607,shift_ot_h,550,550,10,0.0,False,0.11143233062730817,0.0,0.0,0.0,0.0
rohcha_long_tight,power_0.84,30.0,shift_h,550,550,10,0.0,False,0.11111111111111116,0.0,0.0,0.0,0.0
rohcha_long_tight,power_0.84,30.0,crew_veh_h,550,550,10,0.0,False,0.04751007926334938,0.0,0.0,0.0,0.0
rohcha_long_tight,power_0.84,30.0,crew_team_h,550,550,10,0.0,False,0.04751007926334938,0.0,0.0,0.0,0.0
rohcha_long_tight,power_0.84,30.0,shift_ot_h,550,550,10,0.0,False,0.11140314400679863,0.0,0.0,0.0,0.0
rohcha_long_tight,power_0.96,5.1,shift_h,550,550,10,0.0,False,0.11111111111111116,0.0,0.0,0.0,0.0
rohcha_long_tight,power_0.96,5.1,crew_veh_h,550,550,10,0.0,False,0.005773438462210345,0.0,0.0,0.0,0.0
rohcha_long_tight,power_0.96,5.1,crew_team_h,550,550,10,0.0,False,0.005773438462210345,0.0,0.0,0.0,0.0
rohcha_long_tight,power_0.96,5.1,shift_ot_h,550,550,10,0.0,False,0.11157661578762479,0.0,0.0,0.0,0.0
rohcha_long_tight,power_0.96,6.364497,shift_h,550,550,10,0.0,False,0.11111111111111116,0.0,0.0,0.0,0.0
rohcha_long_tight,power_0.96,6.364497,crew_veh_h,550,550,10,0.0,False,0.009528962124148554,0.0,0.0,0.0,0.0
rohcha_long_tight,power_0.96,6.364497,crew_team_h,550,550,10,0.0,False,0.009528962124148554,0.0,0.0,0.0,0.0
rohcha_long_tight,power_0.96,6.364497,shift_ot_h,550,550,10,0.0,False,0.11156154191229373,0.0,0.0,0.0,0.0
rohcha_long_tight,power_0.96,7.942513,shift_h,550,550,10,0.0,False,0.11111111111111116,0.0,0.0,0.0,0.0
rohcha_long_tight,power_0.96,7.942513,crew_veh_h,550,550,10,0.0,False,0.013856022954139124,0.0,0.0,0.0,0.0
rohcha_long_tight,power_0.96,7.942513,crew_team_h,550,550,10,0.0,False,0.013856022954139124,0.0,0.0,0.0,0.0
rohcha_long_tight,power_0.96,7.942513,shift_ot_h,550,550,10,0.0,False,0.11154404674542762,0.0,0.0,0.0,0.0
rohcha_long_tight,power_0.96,9.911784,shift_h,550,550,10,0.0,False,0.11111111111111116,0.0,0.0,0.0,0.0
rohcha_long_tight,power_0.96,9.911784,crew_veh_h,550,550,10,0.0,False,0.018764968864038556,0.0,0.0,0.0,0.0
rohcha_long_tight,power_0.96,9.911784,crew_team_h,550,550,10,0.0,False,0.018764968864038556,0.0,0.0,0.0,0.0
rohcha_long_tight,power_0.96,9.911784,shift_ot_h,550,550,10,0.0,False,0.11152403197027416,0.0,0.0,0.0,0.0
rohcha_long_tight,power_0.96,12.369317,shift_h,550,550,10,0.0,False,0.11111111111111116,0.0,0.0,0.0,0.0
rohcha_long_tight,power_0.96,12.369317,crew_veh_h,550,550,10,0.0,False,0.024237137662852737,0.0,0.0,0.0,0.0
rohcha_long_tight,power_0.96,12.369317,crew_team_h,550,550,10,0.0,False,0.024237137662852737,0.0,0.0,0.0,0.0
rohcha_long_tight,power_0.96,12.369317,shift_ot_h,550,550,10,0.0,False,0.11150150884977261,0.0,0.0,0.0,0.0
rohcha_long_tight,power_0.96,15.436172,shift_h,550,550,10,0.0,False,0.11111111111111116,0.0,0.0,0.0,0.0
rohcha_long_tight,power_0.96,15.436172,crew_veh_h,550,550,10,0.0,False,0.03021905602503039,0.0,0.0,0.0,0.0
rohcha_long_tight,power_0.96,15.436172,crew_team_h,550,550,10,0.0,False,0.03021905602503039,0.0,0.0,0.0,0.0
rohcha_long_tight,power_0.96,15.436172,shift_ot_h,550,550,10,0.0,False,0.11147662811465775,0.0,0.0,0.0,0.0
rohcha_long_tight,power_0.96,19.263424,shift_h,550,550,10,0.0,False,0.11111111111111116,0.0,0.0,0.0,0.0
rohcha_long_tight,power_0.96,19.263424,crew_veh_h,550,550,10,0.0,False,0.03662006931579853,0.0,0.0,0.0,0.0
rohcha_long_tight,power_0.96,19.263424,crew_team_h,550,550,10,0.0,False,0.03662006931579853,0.0,0.0,0.0,0.0
rohcha_long_tight,power_0.96,19.263424,shift_ot_h,550,550,10,0.0,False,0.11144969904921198,0.0,0.0,0.0,0.0
rohcha_long_tight,power_0.96,24.039607,shift_h,550,550,10,0.0,False,0.11111111111111116,0.0,0.0,0.0,0.0
rohcha_long_tight,power_0.96,24.039607,crew_veh_h,550,550,10,0.0,False,0.04331493606078274,0.0,0.0,0.0,0.0
rohcha_long_tight,power_0.96,24.039607,crew_team_h,550,550,10,0.0,False,0.04331493606078274,0.0,0.0,0.0,0.0
rohcha_long_tight,power_0.96,24.039607,shift_ot_h,550,550,10,0.0,False,0.11142119017750551,0.0,0.0,0.0,0.0
rohcha_long_tight,power_0.96,30.0,shift_h,550,550,10,0.0,False,0.11111111111111116,0.0,0.0,0.0,0.0
rohcha_long_tight,power_0.96,30.0,crew_veh_h,550,550,10,0.0,False,0.0501520107315665,0.0,0.0,0.0,0.0
rohcha_long_tight,power_0.96,30.0,crew_team_h,550,550,10,0.0,False,0.0501520107315665,0.0,0.0,0.0,0.0
rohcha_long_tight,power_0.96,30.0,shift_ot_h,550,550,10,0.0,False,0.11139170641955909,0.0,0.0,0.0,0.0
rohcha_massdep_baseline,affine,5.1,shift_h,550,550,10,0.0,False,0.11111111111111116,0.0,0.0,0.0,0.0
rohcha_massdep_baseline,affine,5.1,crew_veh_h,550,550,10,0.0,False,0.014509624723495707,0.0,0.0,0.0,0.0
rohcha_massdep_baseline,affine,5.1,crew_team_h,550,550,10,0.0,False,0.014509624723495707,0.0,0.0,0.0,0.0
rohcha_massdep_baseline,affine,5.1,shift_ot_h,550,550,10,0.0,False,0.10733314551559658,0.0,0.0,0.0,0.0
rohcha_massdep_baseline,affine,6.364497,shift_h,550,550,10,0.0,False,0.11111111111111116,0.0,0.0,0.0,0.0
rohcha_massdep_baseline,affine,6.364497,crew_veh_h,550,550,10,0.0,False,0.017539267176382545,0.0,0.0,0.0,0.0
rohcha_massdep_baseline,affine,6.364497,crew_team_h,550,550,10,0.0,False,0.017539267176382545,0.0,0.0,0.0,0.0
rohcha_massdep_baseline,affine,6.364497,shift_ot_h,550,550,10,0.0,False,0.1074416740033548,0.0,0.0,0.0,0.0
rohcha_massdep_baseline,affine,7.942513,shift_h,550,550,10,0.0,False,0.11111111111111094,0.0,0.0,0.0,0.0
rohcha_massdep_baseline,affine,7.942513,crew_veh_h,550,550,10,0.0,False,0.021063570734541903,0.0,0.0,0.0,0.0
rohcha_massdep_baseline,affine,7.942513,crew_team_h,550,550,10,0.0,False,0.021063570734541903,0.0,0.0,0.0,0.0
rohcha_massdep_baseline,affine,7.942513,shift_ot_h,550,550,10,0.0,False,0.1075686678111849,0.0,0.0,0.0,0.0
rohcha_massdep_baseline,affine,9.911784,shift_h,550,550,10,0.0,False,0.11111111111111116,0.0,0.0,0.0,0.0
rohcha_massdep_baseline,affine,9.911784,crew_veh_h,550,550,10,0.0,False,0.02510603411432122,0.0,0.0,0.0,0.0
rohcha_massdep_baseline,affine,9.911784,crew_team_h,550,550,10,0.0,False,0.02510603411432122,0.0,0.0,0.0,0.0
rohcha_massdep_baseline,affine,9.911784,shift_ot_h,550,550,10,0.0,False,0.10771532951694485,0.0,0.0,0.0,0.0
rohcha_massdep_baseline,affine,12.369317,shift_h,550,550,10,0.0,False,0.11111111111111116,0.0,0.0,0.0,0.0
rohcha_massdep_baseline,affine,12.369317,crew_veh_h,550,550,10,0.0,False,0.02966870079146111,0.0,0.0,0.0,0.0
rohcha_massdep_baseline,affine,12.369317,crew_team_h,550,550,10,0.0,False,0.02966870079146111,0.0,0.0,0.0,0.0
rohcha_massdep_baseline,affine,12.369317,shift_ot_h,550,550,10,0.0,False,0.10788215772480192,0.0,0.0,0.0,0.0
rohcha_massdep_baseline,affine,15.436172,shift_h,550,550,10,0.0,False,0.11111111111111116,0.0,0.0,0.0,0.0
rohcha_massdep_baseline,affine,15.436172,crew_veh_h,550,550,10,0.0,False,0.03472576632838131,0.0,0.0,0.0,0.0
rohcha_massdep_baseline,affine,15.436172,crew_team_h,550,550,10,0.0,False,0.03472576632838131,0.0,0.0,0.0,0.0
rohcha_massdep_baseline,affine,15.436172,shift_ot_h,550,550,10,0.0,False,0.10806868553128401,0.0,0.0,0.0,0.0
rohcha_massdep_baseline,affine,19.263424,shift_h,550,550,10,0.0,False,0.11111111111111116,0.0,0.0,0.0,0.0
rohcha_massdep_baseline,affine,19.263424,crew_veh_h,550,550,10,0.0,False,0.04021913716553849,0.0,0.0,0.0,0.0
rohcha_massdep_baseline,affine,19.263424,crew_team_h,550,550,10,0.0,False,0.04021913716553849,0.0,0.0,0.0,0.0
rohcha_massdep_baseline,affine,19.263424,shift_ot_h,550,550,10,0.0,False,0.10827326609278698,0.0,0.0,0.0,0.0
rohcha_massdep_baseline,affine,24.039607,shift_h,550,550,10,0.0,False,0.11111111111111094,0.0,0.0,0.0,0.0
rohcha_massdep_baseline,affine,24.039607,crew_veh_h,550,550,10,0.0,False,0.0460575380811028,0.0,0.0,0.0,0.0
rohcha_massdep_baseline,affine,24.039607,crew_team_h,550,550,10,0.0,False,0.0460575380811028,0.0,0.0,0.0,0.0
rohcha_massdep_baseline,affine,24.039607,shift_ot_h,550,550,10,0.0,False,0.10849296699292155,0.0,0.0,0.0,0.0
rohcha_massdep_baseline,affine,30.0,shift_h,550,550,10,0.0,False,0.11111111111111116,0.0,0.0,0.0,0.0
rohcha_massdep_baseline,affine,30.0,crew_veh_h,550,550,10,0.0,False,0.05212035802079806,0.0,0.0,0.0,0.0
rohcha_massdep_baseline,affine,30.0,crew_team_h,550,550,10,0.0,False,0.05212035802079806,0.0,0.0,0.0,0.0
rohcha_massdep_baseline,affine,30.0,shift_ot_h,550,550,10,0.0,False,0.1087236295360221,0.0,0.0,0.0,0.0
rohcha_massdep_baseline,piecewise,5.1,shift_h,550,550,10,0.0,False,0.11111111111111116,0.0,0.0,0.0,0.0
rohcha_massdep_baseline,piecewise,5.1,crew_veh_h,550,550,10,0.0,False,0.01497514310474557,0.0,0.0,0.0,0.0
rohcha_massdep_baseline,piecewise,5.1,crew_team_h,550,550,10,0.0,False,0.01497514310474557,0.0,0.0,0.0,0.0
rohcha_massdep_baseline,piecewise,5.1,shift_ot_h,550,550,10,0.0,False,0.10734978309924026,0.0,0.0,0.0,0.0
rohcha_massdep_baseline,piecewise,6.364497,shift_h,550,550,10,0.0,False,0.11111111111111116,0.0,0.0,0.0,0.0
rohcha_massdep_baseline,piecewise,6.364497,crew_veh_h,550,550,10,0.0,False,0.01808379077422262,0.0,0.0,0.0,0.0
rohcha_massdep_baseline,piecewise,6.364497,crew_team_h,550,550,10,0.0,False,0.01808379077422262,0.0,0.0,0.0,0.0
rohcha_massdep_baseline,piecewise,6.364497,shift_ot_h,550,550,10,0.0,False,0.107461242685859,0.0,0.0,0.0,0.0
rohcha_massdep_baseline,piecewise,7.942513,shift_h,550,550,10,0.0,False,0.11111111111111116,0.0,0.0,0.0,0.0
rohcha_massdep_baseline,piecewise,7.942513,crew_veh_h,550,550,10,0.0,False,0.021692144703111982,0.0,0.0,0.0,0.0
rohcha_massdep_baseline,piecewise,7.942513,crew_team_h,550,550,10,0.0,False,0.021692144703111982,0.0,0.0,0.0,0.0
rohcha_massdep_baseline,piecewise,7.942513,shift_ot_h,550,550,10,0.0,False,0.10759140246977084,0.0,0.0,0.0,0.0
rohcha_massdep_baseline,piecewise,9.911784,shift_h,550,550,10,0.0,False,0.11111111111111094,0.0,0.0,0.0,0.0
rohcha_massdep_baseline,piecewise,9.911784,crew_veh_h,550,550,10,0.0,False,0.025820651078876322,0.0,0.0,0.0,0.0
rohcha_massdep_baseline,piecewise,9.911784,crew_team_h,550,550,10,0.0,False,0.025820651078876322,0.0,0.0,0.0,0.0
rohcha_massdep_baseline,piecewise,9.911784,shift_ot_h,550,550,10,0.0,False,0.10774136761708264,0.0,0.0,0.0,0.0
rohcha_massdep_baseline,piecewise,12.369317,shift_h,550,550,10,0.0,False,0.11111111111111116,0.0,0.0,0.0,0.0
rohcha_massdep_baseline,piecewise,12.369317,crew_veh_h,550,550,10,0.0,False,0.030467182470436782,0.0,0.0,0.0,0.0
rohcha_massdep_baseline,piecewise,12.369317,crew_team_h,550,550,10,0.0,False,0.030467182470436782,0.0,0.0,0.0,0.0
rohcha_massdep_baseline,piecewise,12.369317,shift_ot_h,550,550,10,0.0,False,0.1079114954324134,0.0,0.0,0.0,0.0
rohcha_massdep_baseline,piecewise,15.436172,shift_h,550,550,10,0.0,False,0.11111111111111116,0.0,0.0,0.0,0.0
rohcha_massdep_baseline,piecewise,15.436172,crew_veh_h,550,550,10,0.0,False,0.035600855937043985,0.0,0.0,0.0,0.0
rohcha_massdep_baseline,piecewise,15.436172,crew_team_h,550,550,10,0.0,False,0.035600855937043985,0.0,0.0,0.0,0.0
rohcha_massdep_baseline,piecewise,15.436172,shift_ot_h,550,550,10,0.0,False,0.10810113765319795,0.0,0.0,0.0,0.0
rohcha_massdep_baseline,piecewise,19.263424,shift_h,550,550,10,0.0,False,0.11111111111111116,0.0,0.0,0.0,0.0
rohcha_massdep_baseline,piecewise,19.263424,crew_veh_h,550,550,10,0.0,False,0.041158069088353066,0.0,0.0,0.0,0.0
rohcha_massdep_baseline,piecewise,19.263424,crew_team_h,550,550,10,0.0,False,0.041158069088353066,0.0,0.0,0.0,0.0
rohcha_massdep_baseline,piecewise,19.263424,shift_ot_h,550,550,10,0.0,False,0.10830843956416292,0.0,0.0,0.0,0.0
rohcha_massdep_baseline,piecewise,24.039607,shift_h,550,550,10,0.0,False,0.11111111111111116,0.0,0.0,0.0,0.0
rohcha_massdep_baseline,piecewise,24.039607,crew_veh_h,550,550,10,0.0,False,0.04704232431825539,0.0,0.0,0.0,0.0
rohcha_massdep_baseline,piecewise,24.039607,crew_team_h,550,550,10,0.0,False,0.04704232431825539,0.0,0.0,0.0,0.0
rohcha_massdep_baseline,piecewise,24.039607,shift_ot_h,550,550,10,0.0,False,0.10853025808151795,0.0,0.0,0.0,0.0
rohcha_massdep_baseline,piecewise,30.0,shift_h,550,550,10,0.0,False,0.11111111111111116,0.0,0.0,0.0,0.0
rohcha_massdep_baseline,piecewise,30.0,crew_veh_h,550,550,10,0.0,False,0.05312890669622772,0.0,0.0,0.0,0.0
rohcha_massdep_baseline,piecewise,30.0,crew_team_h,550,550,10,0.0,False,0.05312890669622772,0.0,0.0,0.0,0.0
rohcha_massdep_baseline,piecewise,30.0,shift_ot_h,550,550,10,0.0,False,0.10876225192503375,0.0,0.0,0.0,0.0
rohcha_massdep_baseline,power_0.72,5.1,shift_h,550,550,10,0.0,False,0.11111111111111116,0.0,0.0,0.0,0.0
rohcha_massdep_baseline,power_0.72,5.1,crew_veh_h,550,550,10,0.0,False,0.013798975456929874,0.0,0.0,0.0,0.0
rohcha_massdep_baseline,power_0.72,5.1,crew_team_h,550,550,10,0.0,False,0.013798975456929874,0.0,0.0,0.0,0.0
rohcha_massdep_baseline,power_0.72,5.1,shift_ot_h,550,550,10,0.0,False,0.10730777371585076,0.0,0.0,0.0,0.0
rohcha_massdep_baseline,power_0.72,6.364497,shift_h,550,550,10,0.0,False,0.11111111111111116,0.0,0.0,0.0,0.0
rohcha_massdep_baseline,power_0.72,6.364497,crew_veh_h,550,550,10,0.0,False,0.016705893903966373,0.0,0.0,0.0,0.0
rohcha_massdep_baseline,power_0.72,6.364497,crew_team_h,550,550,10,0.0,False,0.016705893903966373,0.0,0.0,0.0,0.0
rohcha_massdep_baseline,power_0.72,6.364497,shift_ot_h,550,550,10,0.0,False,0.10741176189075552,0.0,0.0,0.0,0.0
rohcha_massdep_baseline,power_0.72,7.942513,shift_h,550,550,10,0.0,False,0.11111111111111116,0.0,0.0,0.0,0.0
rohcha_massdep_baseline,power_0.72,7.942513,crew_veh_h,550,550,10,0.0,False,0.020098709858567654,0.0,0.0,0.0,0.0
rohcha_massdep_baseline,power_0.72,7.942513,crew_team_h,550,550,10,0.0,False,0.020098709858567654,0.0,0.0,0.0,0.0
rohcha_massdep_baseline,power_0.72,7.942513,shift_ot_h,550,550,10,0.0,False,0.10753382017189805,0.0,0.0,0.0,0.0
rohcha_massdep_baseline,power_0.72,9.911784,shift_h,550,550,10,0.0,False,0.11111111111111116,0.0,0.0,0.0,0.0
rohcha_massdep_baseline,power_0.72,9.911784,crew_veh_h,550,550,10,0.0,False,0.02400536431211986,0.0,0.0,0.0,0.0
rohcha_massdep_baseline,power_0.72,9.911784,crew_team_h,550,550,10,0.0,False,0.02400536431211986,0.0,0.0,0.0,0.0
rohcha_massdep_baseline,power_0.72,9.911784,shift_ot_h,550,550,10,0.0,False,0.10767529078898286,0.0,0.0,0.0,0.0
rohcha_massdep_baseline,power_0.72,12.369317,shift_h,550,550,10,0.0,False,0.11111111111111116,0.0,0.0,0.0,0.0
rohcha_massdep_baseline,power_0.72,12.369317,crew_veh_h,550,550,10,0.0,False,0.02843413210813117,0.0,0.0,0.0,0.0
rohcha_massdep_baseline,power_0.72,12.369317,crew_team_h,550,550,10,0.0,False,0.02843413210813117,0.0,0.0,0.0,0.0
rohcha_massdep_baseline,power_0.72,12.369317,shift_ot_h,550,550,10,0.0,False,0.10783688100717548,0.0,0.0,0.0,0.0
rohcha_massdep_baseline,power_0.72,15.436172,shift_h,550,550,10,0.0,False,0.11111111111111116,0.0,0.0,0.0,0.0
rohcha_massdep_baseline,power_0.72,15.436172,crew_veh_h,550,550,10,0.0,False,0.033366978686664384,0.0,0.0,0.0,0.0
rohcha_massdep_baseline,power_0.72,15.436172,crew_team_h,550,550,10,0.0,False,0.033366978686664384,0.0,0.0,0.0,0.0
rohcha_massdep_baseline,power_0.72,15.436172,shift_ot_h,550,550,10,0.0,False,0.10801839833775673,0.0,0.0,0.0,0.0
rohcha_massdep_baseline,power_0.72,19.263424,shift_h,550,550,10,0.0,False,0.11111111111111116,0.0,0.0,0.0,0.0
rohcha_massdep_baseline,power_0.72,19.263424,crew_veh_h,550,550,10,0.0,False,0.038754455095445284,0.0,0.0,0.0,0.0
rohcha_massdep_baseline,power_0.72,19.263424,crew_team_h,550,550,10,0.0,False,0.038754455095445284,0.0,0.0,0.0,0.0
rohcha_massdep_baseline,power_0.72,19.263424,shift_ot_h,550,550,10,0.0,False,0.10821851815951677,0.0,0.0,0.0,0.0
rohcha_massdep_baseline,power_0.72,24.039607,shift_h,550,550,10,0.0,False,0.11111111111111094,0.0,0.0,0.0,0.0
rohcha_massdep_baseline,power_0.72,24.039607,crew_veh_h,550,550,10,0.0,False,0.04451374204748504,0.0,0.0,0.0,0.0
rohcha_massdep_baseline,power_0.72,24.039607,crew_team_h,550,550,10,0.0,False,0.04451374204748504,0.0,0.0,0.0,0.0
rohcha_massdep_baseline,power_0.72,24.039607,shift_ot_h,550,550,10,0.0,False,0.10843464382504653,0.0,0.0,0.0,0.0
rohcha_massdep_baseline,power_0.72,30.0,shift_h,550,550,10,0.0,False,0.11111111111111094,0.0,0.0,0.0,0.0
rohcha_massdep_baseline,power_0.72,30.0,crew_veh_h,550,550,10,0.0,False,0.05053119599389322,0.0,0.0,0.0,0.0
rohcha_massdep_baseline,power_0.72,30.0,crew_team_h,550,550,10,0.0,False,0.05053119599389322,0.0,0.0,0.0,0.0
rohcha_massdep_baseline,power_0.72,30.0,shift_ot_h,550,550,10,0.0,False,0.10866291886283119,0.0,0.0,0.0,0.0
rohcha_massdep_baseline,power_0.84,5.1,shift_h,550,550,10,0.0,False,0.11111111111111116,0.0,0.0,0.0,0.0
rohcha_massdep_baseline,power_0.84,5.1,crew_veh_h,550,550,10,0.0,False,0.014864347336579264,0.0,0.0,0.0,0.0
rohcha_massdep_baseline,power_0.84,5.1,crew_team_h,550,550,10,0.0,False,0.014864347336579264,0.0,0.0,0.0,0.0
rohcha_massdep_baseline,power_0.84,5.1,shift_ot_h,550,550,10,0.0,False,0.10734582201031317,0.0,0.0,0.0,0.0
rohcha_massdep_baseline,power_0.84,6.364497,shift_h,550,550,10,0.0,False,0.11111111111111116,0.0,0.0,0.0,0.0
rohcha_massdep_baseline,power_0.84,6.364497,crew_veh_h,550,550,10,0.0,False,0.017954290649437432,0.0,0.0,0.0,0.0
rohcha_massdep_baseline,power_0.84,6.364497,crew_team_h,550,550,10,0.0,False,0.017954290649437432,0.0,0.0,0.0,0.0
rohcha_massdep_baseline,power_0.84,6.364497,shift_ot_h,550,550,10,0.0,False,0.10745658707177186,0.0,0.0,0.0,0.0
rohcha_massdep_baseline,power_0.84,7.942513,shift_h,550,550,10,0.0,False,0.11111111111111094,0.0,0.0,0.0,0.0
rohcha_massdep_baseline,power_0.84,7.942513,crew_veh_h,550,550,10,0.0,False,0.021542788594618667,0.0,0.0,0.0,0.0
rohcha_massdep_baseline,power_0.84,7.942513,crew_team_h,550,550,10,0.0,False,0.021542788594618667,0.0,0.0,0.0,0.0
rohcha_massdep_baseline,power_0.84,7.942513,shift_ot_h,550,550,10,0.0,False,0.10758599813078962,0.0,0.0,0.0,0.0
rohcha_massdep_baseline,power_0.84,9.911784,shift_h,550,550,10,0.0,False,0.11111111111111116,0.0,0.0,0.0,0.0
rohcha_massdep_baseline,power_0.84,9.911784,crew_veh_h,550,550,10,0.0,False,0.025651023454861255,0.0,0.0,0.0,0.0
rohcha_massdep_baseline,power_0.84,9.911784,crew_team_h,550,550,10,0.0,False,0.025651023454861255,0.0,0.0,0.0,0.0
rohcha_massdep_baseline,power_0.84,9.911784,shift_ot_h,550,550,10,0.0,False,0.10773518394254267,0.0,0.0,0.0,0.0
rohcha_massdep_baseline,power_0.84,12.369317,shift_h,550,550,10,0.0,False,0.11111111111111094,0.0,0.0,0.0,0.0
rohcha_massdep_baseline,power_0.84,12.369317,crew_veh_h,550,550,10,0.0,False,0.030277866015367083,0.0,0.0,0.0,0.0
rohcha_massdep_baseline,power_0.84,12.369317,crew_team_h,550,550,10,0.0,False,0.030277866015367083,0.0,0.0,0.0,0.0
rohcha_massdep_baseline,power_0.84,12.369317,shift_ot_h,550,550,10,0.0,False,0.10790453574290826,0.0,0.0,0.0,0.0
rohcha_massdep_baseline,power_0.84,15.436172,shift_h,550,550,10,0.0,False,0.11111111111111094,0.0,0.0,0.0,0.0
rohcha_massdep_baseline,power_0.84,15.436172,crew_veh_h,550,550,10,0.0,False,0.03539364026691416,0.0,0.0,0.0,0.0
rohcha_massdep_baseline,power_0.84,15.436172,crew_team_h,550,550,10,0.0,False,0.03539364026691416,0.0,0.0,0.0,0.0
rohcha_massdep_baseline,power_0.84,15.436172,shift_ot_h,550,550,10,0.0,False,0.10809344851215363,0.0,0.0,0.0,0.0
rohcha_massdep_baseline,power_0.84,19.263424,shift_h,550,550,10,0.0,False,0.11111111111111094,0.0,0.0,0.0,0.0
rohcha_massdep_baseline,power_0.84,19.263424,crew_veh_h,550,550,10,0.0,False,0.04093604305996856,0.0,0.0,0.0,0.0
rohcha_massdep_baseline,power_0.84,19.263424,crew_team_h,550,550,10,0.0,False,0.04093604305996856,0.0,0.0,0.0,0.0
rohcha_massdep_baseline,power_0.84,19.263424,shift_ot_h,550,550,10,0.0,False,0.10830011674332263,0.0,0.0,0.0,0.0
rohcha_massdep_baseline,power_0.84,24.039607,shift_h,550,550,10,0.0,False,0.11111111111111116,0.0,0.0,0.0,0.0
rohcha_massdep_baseline,power_0.84,24.039607,crew_veh_h,550,550,10,0.0,False,0.0468097966274037,0.0,0.0,0.0,0.0
rohcha_massdep_baseline,power_0.84,24.039607,crew_team_h,550,550,10,0.0,False,0.0468097966274037,0.0,0.0,0.0,0.0
rohcha_massdep_baseline,power_0.84,24.039607,shift_ot_h,550,550,10,0.0,False,0.10852144680164533,0.0,0.0,0.0,0.0
rohcha_massdep_baseline,power_0.84,30.0,shift_h,550,550,10,0.0,False,0.11111111111111116,0.0,0.0,0.0,0.0
rohcha_massdep_baseline,power_0.84,30.0,crew_veh_h,550,550,10,0.0,False,0.05289113016125402,0.0,0.0,0.0,0.0
rohcha_massdep_baseline,power_0.84,30.0,crew_team_h,550,550,10,0.0,False,0.05289113016125402,0.0,0.0,0.0,0.0
rohcha_massdep_baseline,power_0.84,30.0,shift_ot_h,550,550,10,0.0,False,0.1087531397586381,0.0,0.0,0.0,0.0
rohcha_massdep_baseline,power_0.96,5.1,shift_h,550,550,10,0.0,False,0.11111111111111116,0.0,0.0,0.0,0.0
rohcha_massdep_baseline,power_0.96,5.1,crew_veh_h,550,550,10,0.0,False,0.015998450152261423,0.0,0.0,0.0,0.0
rohcha_massdep_baseline,power_0.96,5.1,crew_team_h,550,550,10,0.0,False,0.015998450152261423,0.0,0.0,0.0,0.0
rohcha_massdep_baseline,power_0.96,5.1,shift_ot_h,550,550,10,0.0,False,0.10738640483225659,0.0,0.0,0.0,0.0
rohcha_massdep_baseline,power_0.96,6.364497,shift_h,550,550,10,0.0,False,0.11111111111111116,0.0,0.0,0.0,0.0
rohcha_massdep_baseline,power_0.96,6.364497,crew_veh_h,550,550,10,0.0,False,0.019276928262537574,0.0,0.0,0.0,0.0
rohcha_massdep_baseline,power_0.96,6.364497,crew_team_h,550,550,10,0.0,False,0.019276928262537574,0.0,0.0,0.0,0.0
rohcha_massdep_baseline,power_0.96,6.364497,shift_ot_h,550,550,10,0.0,False,0.10750418778960902,0.0,0.0,0.0,0.0
rohcha_massdep_baseline,power_0.96,7.942513,shift_h,550,550,10,0.0,False,0.11111111111111116,0.0,0.0,0.0,0.0
rohcha_massdep_baseline,power_0.96,7.942513,crew_veh_h,550,550,10,0.0,False,0.023064329584437937,0.0,0.0,0.0,0.0
rohcha_massdep_baseline,power_0.96,7.942513,crew_team_h,550,550,10,0.0,False,0.023064329584437937,0.0,0.0,0.0,0.0
rohcha_massdep_baseline,power_0.96,7.942513,shift_ot_h,550,550,10,0.0,False,0.10764112213907828,0.0,0.0,0.0,0.0
rohcha_massdep_baseline,power_0.96,9.911784,shift_h,550,550,10,0.0,False,0.11111111111111116,0.0,0.0,0.0,0.0
rohcha_massdep_baseline,power_0.96,9.911784,crew_veh_h,550,550,10,0.0,False,0.027374044929637353,0.0,0.0,0.0,0.0
rohcha_massdep_baseline,power_0.96,9.911784,crew_team_h,550,550,10,0.0,False,0.027374044929637353,0.0,0.0,0.0,0.0
rohcha_massdep_baseline,power_0.96,9.911784,shift_ot_h,550,550,10,0.0,False,0.10779808407891411,0.0,0.0,0.0,0.0
rohcha_massdep_baseline,power_0.96,12.369317,shift_h,550,550,10,0.0,False,0.11111111111111116,0.0,0.0,0.0,0.0
rohcha_massdep_baseline,power_0.96,12.369317,crew_veh_h,550,550,10,0.0,False,0.03219459805329272,0.0,0.0,0.0,0.0
rohcha_massdep_baseline,power_0.96,12.369317,crew_team_h,550,550,10,0.0,False,0.03219459805329272,0.0,0.0,0.0,0.0
rohcha_massdep_baseline,power_0.96,12.369317,shift_ot_h,550,550,10,0.0,False,0.10797510980428848,0.0,0.0,0.0,0.0
rohcha_massdep_baseline,power_0.96,15.436172,shift_h,550,550,10,0.0,False,0.11111111111111116,0.0,0.0,0.0,0.0
rohcha_massdep_baseline,power_0.96,15.436172,crew_veh_h,550,550,10,0.0,False,0.03748404780441139,0.0,0.0,0.0,0.0
rohcha_massdep_baseline,power_0.96,15.436172,crew_team_h,550,550,10,0.0,False,0.03748404780441139,0.0,0.0,0.0,0.0
rohcha_massdep_baseline,power_0.96,15.436172,shift_ot_h,550,550,10,0.0,False,0.1081711507390053,0.0,0.0,0.0,0.0
rohcha_massdep_baseline,power_0.96,19.263424,shift_h,550,550,10,0.0,False,0.11111111111111116,0.0,0.0,0.0,0.0
rohcha_massdep_baseline,power_0.96,19.263424,crew_veh_h,550,550,10,0.0,False,0.04316717281988125,0.0,0.0,0.0,0.0
rohcha_massdep_baseline,power_0.96,19.263424,crew_team_h,550,550,10,0.0,False,0.04316717281988125,0.0,0.0,0.0,0.0
rohcha_massdep_baseline,power_0.96,19.263424,shift_ot_h,550,550,10,0.0,False,0.10838390686726451,0.0,0.0,0.0,0.0
rohcha_massdep_baseline,power_0.96,24.039607,shift_h,550,550,10,0.0,False,0.11111111111111116,0.0,0.0,0.0,0.0
rohcha_massdep_baseline,power_0.96,24.039607,crew_veh_h,550,550,10,0.0,False,0.049136901743277894,0.0,0.0,0.0,0.0
rohcha_massdep_baseline,power_0.96,24.039607,crew_team_h,550,550,10,0.0,False,0.049136901743277894,0.0,0.0,0.0,0.0
rohcha_massdep_baseline,power_0.96,24.039607,shift_ot_h,550,550,10,0.0,False,0.1086097996043407,0.0,0.0,0.0,0.0
rohcha_massdep_baseline,power_0.96,30.0,shift_h,550,550,10,0.0,False,0.11111111111111116,0.0,0.0,0.0,0.0
rohcha_massdep_baseline,power_0.96,30.0,crew_veh_h,550,550,10,0.0,False,0.055260741661735,0.0,0.0,0.0,0.0
rohcha_massdep_baseline,power_0.96,30.0,crew_team_h,550,550,10,0.0,False,0.055260741661735,0.0,0.0,0.0,0.0
rohcha_massdep_baseline,power_0.96,30.0,shift_ot_h,550,550,10,0.0,False,0.10884412890664108,0.0,0.0,0.0,0.0
rohcha_massdep_tight,affine,5.1,shift_h,550,550,11,0.0,False,0.09999999999999987,0.0,0.0,0.0,0.0
rohcha_massdep_tight,affine,5.1,crew_veh_h,550,550,11,0.0,False,0.014153316260711923,0.0,0.0,0.0,0.0
rohcha_massdep_tight,affine,5.1,crew_team_h,550,550,11,0.0,False,0.014153316260711923,0.0,0.0,0.0,0.0
rohcha_massdep_tight,affine,5.1,shift_ot_h,550,550,11,0.0,False,0.09923175521048422,0.0,0.0,0.0,0.0
rohcha_massdep_tight,affine,6.364497,shift_h,550,550,11,0.0,False,0.09999999999999987,0.0,0.0,0.0,0.0
rohcha_massdep_tight,affine,6.364497,crew_veh_h,550,550,11,0.0,False,0.017063700731008824,0.0,0.0,0.0,0.0
rohcha_massdep_tight,affine,6.364497,crew_team_h,550,550,11,0.0,False,0.017063700731008824,0.0,0.0,0.0,0.0
rohcha_massdep_tight,affine,6.364497,shift_ot_h,550,550,11,0.0,False,0.09925440790683893,0.0,0.0,0.0,0.0
rohcha_massdep_tight,affine,7.942513,shift_h,550,550,11,0.0,False,0.10000000000000009,0.0,0.0,0.0,0.0
rohcha_massdep_tight,affine,7.942513,crew_veh_h,550,550,11,0.0,False,0.020430129112127826,0.0,0.0,0.0,0.0
rohcha_massdep_tight,affine,7.942513,crew_team_h,550,550,11,0.0,False,0.020430129112127826,0.0,0.0,0.0,0.0
rohcha_massdep_tight,affine,7.942513,shift_ot_h,550,550,11,0.0,False,0.09928086984588358,0.0,0.0,0.0,0.0
rohcha_massdep_tight,affine,9.911784,shift_h,550,550,11,0.0,False,0.10000000000000009,0.0,0.0,0.0,0.0
rohcha_massdep_tight,affine,9.911784,crew_veh_h,550,550,11,0.0,False,0.02426638274055959,0.0,0.0,0.0,0.0
rohcha_massdep_tight,affine,9.911784,crew_team_h,550,550,11,0.0,False,0.02426638274055959,0.0,0.0,0.0,0.0
rohcha_massdep_tight,affine,9.911784,shift_ot_h,550,550,11,0.0,False,0.09931136987630196,0.0,0.0,0.0,0.0
rohcha_massdep_tight,affine,12.369317,shift_h,550,550,11,0.0,False,0.10000000000000009,0.0,0.0,0.0,0.0
rohcha_massdep_tight,affine,12.369317,crew_veh_h,550,550,11,0.0,False,0.02856439146158607,0.0,0.0,0.0,0.0
rohcha_massdep_tight,affine,12.369317,crew_team_h,550,550,11,0.0,False,0.02856439146158607,0.0,0.0,0.0,0.0
rohcha_massdep_tight,affine,12.369317,shift_ot_h,550,550,11,0.0,False,0.09934598564183128,0.0,0.0,0.0,0.0
rohcha_massdep_tight,affine,15.436172,shift_h,550,550,11,0.0,False,0.10000000000000009,0.0,0.0,0.0,0.0
rohcha_massdep_tight,affine,15.436172,crew_veh_h,550,550,11,0.0,False,0.03328904162298163,0.0,0.0,0.0,0.0
rohcha_massdep_tight,affine,15.436172,crew_team_h,550,550,11,0.0,False,0.03328904162298163,0.0,0.0,0.0,0.0
rohcha_massdep_tight,affine,15.436172,shift_ot_h,550,550,11,0.0,False,0.09938459083821405,0.0,0.0,0.0,0.0
rohcha_massdep_tight,affine,19.263424,shift_h,550,550,11,0.0,False,0.09999999999999987,0.0,0.0,0.0,0.0
rohcha_massdep_tight,affine,19.263424,crew_veh_h,550,550,11,0.0,False,0.03837535617678123,0.0,0.0,0.0,0.0
rohcha_massdep_tight,affine,19.263424,crew_team_h,550,550,11,0.0,False,0.03837535617678123,0.0,0.0,0.0,0.0
rohcha_massdep_tight,affine,19.263424,shift_ot_h,550,550,11,0.0,False,0.09942681374562978,0.0,0.0,0.0,0.0
rohcha_massdep_tight,affine,24.039607,shift_h,550,550,11,0.0,False,0.09999999999999987,0.0,0.0,0.0,0.0
rohcha_massdep_tight,affine,24.039607,crew_veh_h,550,550,11,0.0,False,0.043729394868873284,0.0,0.0,0.0,0.0
rohcha_massdep_tight,affine,24.039607,crew_team_h,550,550,11,0.0,False,0.043729394868873284,0.0,0.0,0.0,0.0
rohcha_massdep_tight,affine,24.039607,shift_ot_h,550,550,11,0.0,False,0.09947201971327657,0.0,0.0,0.0,0.0
rohcha_massdep_tight,affine,30.0,shift_h,550,550,11,0.0,False,0.10000000000000009,0.0,0.0,0.0,0.0
rohcha_massdep_tight,affine,30.0,crew_veh_h,550,550,11,0.0,False,0.049233631153059676,0.0,0.0,0.0,0.0
rohcha_massdep_tight,affine,30.0,crew_team_h,550,550,11,0.0,False,0.049233631153059676,0.0,0.0,0.0,0.0
rohcha_massdep_tight,affine,30.0,shift_ot_h,550,550,11,0.0,False,0.09951932854463497,0.0,0.0,0.0,0.0
rohcha_massdep_tight,piecewise,5.1,shift_h,550,550,11,0.0,False,0.10000000000000009,0.0,0.0,0.0,0.0
rohcha_massdep_tight,piecewise,5.1,crew_veh_h,550,550,11,0.0,False,0.014601504721306835,0.0,0.0,0.0,0.0
rohcha_massdep_tight,piecewise,5.1,crew_team_h,550,550,11,0.0,False,0.014601504721306835,0.0,0.0,0.0,0.0
rohcha_massdep_tight,piecewise,5.1,shift_ot_h,550,550,11,0.0,False,0.0992352302046311,0.0,0.0,0.0,0.0
rohcha_massdep_tight,piecewise,6.364497,shift_h,550,550,11,0.0,False,0.09999999999999987,0.0,0.0,0.0,0.0
rohcha_massdep_tight,piecewise,6.364497,crew_veh_h,550,550,11,0.0,False,0.0175851725222822,0.0,0.0,0.0,0.0
rohcha_massdep_tight,piecewise,6.364497,crew_team_h,550,550,11,0.0,False,0.0175851725222822,0.0,0.0,0.0,0.0
rohcha_massdep_tight,piecewise,6.364497,shift_ot_h,550,550,11,0.0,False,0.09925848862614273,0.0,0.0,0.0,0.0
rohcha_massdep_tight,piecewise,7.942513,shift_h,550,550,11,0.0,False,0.09999999999999987,0.0,0.0,0.0,0.0
rohcha_massdep_tight,piecewise,7.942513,crew_veh_h,550,550,11,0.0,False,0.021028395103890762,0.0,0.0,0.0,0.0
rohcha_massdep_tight,piecewise,7.942513,crew_team_h,550,550,11,0.0,False,0.021028395103890762,0.0,0.0,0.0,0.0
rohcha_massdep_tight,piecewise,7.942513,shift_ot_h,550,550,11,0.0,False,0.09928560200374537,0.0,0.0,0.0,0.0
rohcha_massdep_tight,piecewise,9.911784,shift_h,550,550,11,0.0,False,0.10000000000000009,0.0,0.0,0.0,0.0
rohcha_massdep_tight,piecewise,9.911784,crew_veh_h,550,550,11,0.0,False,0.024941774221754365,0.0,0.0,0.0,0.0
rohcha_massdep_tight,piecewise,9.911784,crew_team_h,550,550,11,0.0,False,0.024941774221754365,0.0,0.0,0.0,0.0
rohcha_massdep_tight,piecewise,9.911784,shift_ot_h,550,550,11,0.0,False,0.09931677808183825,0.0,0.0,0.0,0.0
rohcha_massdep_tight,piecewise,12.369317,shift_h,550,550,11,0.0,False,0.09999999999999987,0.0,0.0,0.0,0.0
rohcha_massdep_tight,piecewise,12.369317,crew_veh_h,550,550,11,0.0,False,0.029313105744090073,0.0,0.0,0.0,0.0
rohcha_massdep_tight,piecewise,12.369317,crew_team_h,550,550,11,0.0,False,0.029313105744090073,0.0,0.0,0.0,0.0
rohcha_massdep_tight,piecewise,12.369317,shift_ot_h,550,550,11,0.0,False,0.09935206444888367,0.0,0.0,0.0,0.0
rohcha_massdep_tight,piecewise,15.436172,shift_h,550,550,11,0.0,False,0.09999999999999987,0.0,0.0,0.0,0.0
rohcha_massdep_tight,piecewise,15.436172,crew_veh_h,550,550,11,0.0,False,0.034102476199151965,0.0,0.0,0.0,0.0
rohcha_massdep_tight,piecewise,15.436172,crew_team_h,550,550,11,0.0,False,0.034102476199151965,0.0,0.0,0.0,0.0
rohcha_massdep_tight,piecewise,15.436172,shift_ot_h,550,550,11,0.0,False,0.09939129682472747,0.0,0.0,0.0,0.0
rohcha_massdep_tight,piecewise,19.263424,shift_h,550,550,11,0.0,False,0.09999999999999987,0.0,0.0,0.0,0.0
rohcha_massdep_tight,piecewise,19.263424,crew_veh_h,550,550,11,0.0,False,0.039239970913308664,0.0,0.0,0.0,0.0
rohcha_massdep_tight,piecewise,19.263424,crew_team_h,550,550,11,0.0,False,0.039239970913308664,0.0,0.0,0.0,0.0
rohcha_massdep_tight,piecewise,19.263424,shift_ot_h,550,550,11,0.0,False,0.0994340606527031,0.0,0.0,0.0,0.0
rohcha_massdep_tight,piecewise,24.039607,shift_h,550,550,11,0.0,False,0.10000000000000009,0.0,0.0,0.0,0.0
rohcha_massdep_tight,piecewise,24.039607,crew_veh_h,550,550,11,0.0,False,0.044627281599231905,0.0,0.0,0.0,0.0
rohcha_massdep_tight,piecewise,24.039607,crew_team_h,550,550,11,0.0,False,0.044627281599231905,0.0,0.0,0.0,0.0
rohcha_massdep_tight,piecewise,24.039607,shift_ot_h,550,550,11,0.0,False,0.09947967868116314,0.0,0.0,0.0,0.0
rohcha_massdep_tight,piecewise,30.0,shift_h,550,550,11,0.0,False,0.09999999999999987,0.0,0.0,0.0,0.0
rohcha_massdep_tight,piecewise,30.0,crew_veh_h,550,550,11,0.0,False,0.05014382329050271,0.0,0.0,0.0,0.0
rohcha_massdep_tight,piecewise,30.0,crew_team_h,550,550,11,0.0,False,0.05014382329050271,0.0,0.0,0.0,0.0
rohcha_massdep_tight,piecewise,30.0,shift_ot_h,550,550,11,0.0,False,0.09952723476062864,0.0,0.0,0.0,0.0
rohcha_massdep_tight,power_0.72,5.1,shift_h,550,550,11,0.0,False,0.10000000000000009,0.0,0.0,0.0,0.0
rohcha_massdep_tight,power_0.72,5.1,crew_veh_h,550,550,11,0.0,False,0.013468423705985,0.0,0.0,0.0,0.0
rohcha_massdep_tight,power_0.72,5.1,crew_team_h,550,550,11,0.0,False,0.013468423705985,0.0,0.0,0.0,0.0
rohcha_massdep_tight,power_0.72,5.1,shift_ot_h,550,550,11,0.0,False,0.09922645434628308,0.0,0.0,0.0,0.0
rohcha_massdep_tight,power_0.72,6.364497,shift_h,550,550,11,0.0,False,0.09999999999999987,0.0,0.0,0.0,0.0
rohcha_massdep_tight,power_0.72,6.364497,crew_veh_h,550,550,11,0.0,False,0.016264654957337754,0.0,0.0,0.0,0.0
rohcha_massdep_tight,power_0.72,6.364497,crew_team_h,550,550,11,0.0,False,0.016264654957337754,0.0,0.0,0.0,0.0
rohcha_massdep_tight,power_0.72,6.364497,shift_ot_h,550,550,11,0.0,False,0.09924816801471836,0.0,0.0,0.0,0.0
rohcha_massdep_tight,power_0.72,7.942513,shift_h,550,550,11,0.0,False,0.10000000000000009,0.0,0.0,0.0,0.0
rohcha_massdep_tight,power_0.72,7.942513,crew_veh_h,550,550,11,0.0,False,0.019510527312960102,0.0,0.0,0.0,0.0
rohcha_massdep_tight,power_0.72,7.942513,crew_team_h,550,550,11,0.0,False,0.019510527312960102,0.0,0.0,0.0,0.0
rohcha_massdep_tight,power_0.72,7.942513,shift_ot_h,550,550,11,0.0,False,0.09927361339599483,0.0,0.0,0.0,0.0
rohcha_massdep_tight,power_0.72,9.911784,shift_h,550,550,11,0.0,False,0.09999999999999987,0.0,0.0,0.0,0.0
rohcha_massdep_tight,power_0.72,9.911784,crew_veh_h,550,550,11,0.0,False,0.0232245037166674,0.0,0.0,0.0,0.0
rohcha_massdep_tight,power_0.72,9.911784,crew_team_h,550,550,11,0.0,False,0.0232245037166674,0.0,0.0,0.0,0.0
rohcha_massdep_tight,power_0.72,9.911784,shift_ot_h,550,550,11,0.0,False,0.09930304973768522,0.0,0.0,0.0,0.0
rohcha_massdep_tight,power_0.72,12.369317,shift_h,550,550,11,0.0,False,0.10000000000000009,0.0,0.0,0.0,0.0
rohcha_massdep_tight,power_0.72,12.369317,crew_veh_h,550,550,11,0.0,False,0.027404752535426402,0.0,0.0,0.0,0.0
rohcha_massdep_tight,power_0.72,12.369317,crew_team_h,550,550,11,0.0,False,0.027404752535426402,0.0,0.0,0.0,0.0
rohcha_massdep_tight,power_0.72,12.369317,shift_ot_h,550,550,11,0.0,False,0.09933659922357307,0.0,0.0,0.0,0.0
rohcha_massdep_tight,power_0.72,15.436172,shift_h,550,550,11,0.0,False,0.10000000000000009,0.0,0.0,0.0,0.0
rohcha_massdep_tight,power_0.72,15.436172,crew_veh_h,550,550,11,0.0,False,0.032023579345161535,0.0,0.0,0.0,0.0
rohcha_massdep_tight,power_0.72,15.436172,crew_team_h,550,550,11,0.0,False,0.032023579345161535,0.0,0.0,0.0,0.0
rohcha_massdep_tight,power_0.72,15.436172,shift_ot_h,550,550,11,0.0,False,0.09937419319848728,0.0,0.0,0.0,0.0
rohcha_massdep_tight,power_0.72,19.263424,shift_h,550,550,11,0.0,False,0.10000000000000009,0.0,0.0,0.0,0.0
rohcha_massdep_tight,power_0.72,19.263424,crew_veh_h,550,550,11,0.0,False,0.03702384964970884,0.0,0.0,0.0,0.0
rohcha_massdep_tight,power_0.72,19.263424,crew_team_h,550,550,11,0.0,False,0.03702384964970884,0.0,0.0,0.0,0.0
rohcha_massdep_tight,power_0.72,19.263424,shift_ot_h,550,550,11,0.0,False,0.09941552657871888,0.0,0.0,0.0,0.0
rohcha_massdep_tight,power_0.72,24.039607,shift_h,550,550,11,0.0,False,0.09999999999999987,0.0,0.0,0.0,0.0
rohcha_massdep_tight,power_0.72,24.039607,crew_veh_h,550,550,11,0.0,False,0.04231881640220392,0.0,0.0,0.0,0.0
rohcha_massdep_tight,power_0.72,24.039607,crew_team_h,550,550,11,0.0,False,0.04231881640220392,0.0,0.0,0.0,0.0
rohcha_massdep_tight,power_0.72,24.039607,shift_ot_h,550,550,11,0.0,False,0.0994600329122759,0.0,0.0,0.0,0.0
rohcha_massdep_tight,power_0.72,30.0,shift_h,550,550,11,0.0,False,0.10000000000000009,0.0,0.0,0.0,0.0
rohcha_massdep_tight,power_0.72,30.0,crew_veh_h,550,550,11,0.0,False,0.047796313840779536,0.0,0.0,0.0,0.0
rohcha_massdep_tight,power_0.72,30.0,crew_team_h,550,550,11,0.0,False,0.047796313840779536,0.0,0.0,0.0,0.0
rohcha_massdep_tight,power_0.72,30.0,shift_ot_h,550,550,11,0.0,False,0.09950689191682494,0.0,0.0,0.0,0.0
rohcha_massdep_tight,power_0.84,5.1,shift_h,550,550,11,0.0,False,0.10000000000000009,0.0,0.0,0.0,0.0
rohcha_massdep_tight,power_0.84,5.1,crew_veh_h,550,550,11,0.0,False,0.014494866387742,0.0,0.0,0.0,0.0
rohcha_massdep_tight,power_0.84,5.1,crew_team_h,550,550,11,0.0,False,0.014494866387742,0.0,0.0,0.0,0.0
rohcha_massdep_tight,power_0.84,5.1,shift_ot_h,550,550,11,0.0,False,0.09923440295093355,0.0,0.0,0.0,0.0
rohcha_massdep_tight,power_0.84,6.364497,shift_h,550,550,11,0.0,False,0.10000000000000009,0.0,0.0,0.0,0.0
rohcha_massdep_tight,power_0.84,6.364497,crew_veh_h,550,550,11,0.0,False,0.017461199172847275,0.0,0.0,0.0,0.0
rohcha_massdep_tight,power_0.84,6.364497,crew_team_h,550,550,11,0.0,False,0.017461199172847275,0.0,0.0,0.0,0.0
rohcha_massdep_tight,power_0.84,6.364497,shift_ot_h,550,550,11,0.0,False,0.09925751788052173,0.0,0.0,0.0,0.0
rohcha_massdep_tight,power_0.84,7.942513,shift_h,550,550,11,0.0,False,0.10000000000000009,0.0,0.0,0.0,0.0
rohcha_massdep_tight,power_0.84,7.942513,crew_veh_h,550,550,11,0.0,False,0.020886299260137964,0.0,0.0,0.0,0.0
rohcha_massdep_tight,power_0.84,7.942513,crew_team_h,550,550,11,0.0,False,0.020886299260137964,0.0,0.0,0.0,0.0
rohcha_massdep_tight,power_0.84,7.942513,shift_ot_h,550,550,11,0.0,False,0.09928447724549949,0.0,0.0,0.0,0.0
rohcha_massdep_tight,power_0.84,9.911784,shift_h,550,550,11,0.0,False,0.10000000000000009,0.0,0.0,0.0,0.0
rohcha_massdep_tight,power_0.84,9.911784,crew_veh_h,550,550,11,0.0,False,0.024781532585661514,0.0,0.0,0.0,0.0
rohcha_massdep_tight,power_0.84,9.911784,crew_team_h,550,550,11,0.0,False,0.024781532585661514,0.0,0.0,0.0,0.0
rohcha_massdep_tight,power_0.84,9.911784,shift_ot_h,550,550,11,0.0,False,0.09931549389412542,0.0,0.0,0.0,0.0
rohcha_massdep_tight,power_0.84,12.369317,shift_h,550,550,11,0.0,False,0.10000000000000009,0.0,0.0,0.0,0.0
rohcha_massdep_tight,power_0.84,12.369317,crew_veh_h,550,550,11,0.0,False,0.029135681486678555,0.0,0.0,0.0,0.0
rohcha_massdep_tight,power_0.84,12.369317,crew_team_h,550,550,11,0.0,False,0.029135681486678555,0.0,0.0,0.0,0.0
rohcha_massdep_tight,power_0.84,12.369317,shift_ot_h,550,550,11,0.0,False,0.0993506226249139,0.0,0.0,0.0,0.0
rohcha_massdep_tight,power_0.84,15.436172,shift_h,550,550,11,0.0,False,0.10000000000000009,0.0,0.0,0.0,0.0
rohcha_massdep_tight,power_0.84,15.436172,crew_veh_h,550,550,11,0.0,False,0.0339099696929448,0.0,0.0,0.0,0.0
rohcha_massdep_tight,power_0.84,15.436172,crew_team_h,550,550,11,0.0,False,0.0339099696929448,0.0,0.0,0.0,0.0
rohcha_massdep_tight,power_0.84,15.436172,shift_ot_h,550,550,11,0.0,False,0.09938970820386217,0.0,0.0,0.0,0.0
rohcha_massdep_tight,power_0.84,19.263424,shift_h,550,550,11,0.0,False,0.10000000000000009,0.0,0.0,0.0,0.0
rohcha_massdep_tight,power_0.84,19.263424,crew_veh_h,550,550,11,0.0,False,0.039035642753987077,0.0,0.0,0.0,0.0
rohcha_massdep_tight,power_0.84,19.263424,crew_team_h,550,550,11,0.0,False,0.039035642753987077,0.0,0.0,0.0,0.0
rohcha_massdep_tight,power_0.84,19.263424,shift_ot_h,550,550,11,0.0,False,0.09943234620404517,0.0,0.0,0.0,0.0
rohcha_massdep_tight,power_0.84,24.039607,shift_h,550,550,11,0.0,False,0.09999999999999987,0.0,0.0,0.0,0.0
rohcha_massdep_tight,power_0.84,24.039607,crew_veh_h,550,550,11,0.0,False,0.04441540723711812,0.0,0.0,0.0,0.0
rohcha_massdep_tight,power_0.84,24.039607,crew_team_h,550,550,11,0.0,False,0.04441540723711812,0.0,0.0,0.0,0.0
rohcha_massdep_tight,power_0.84,24.039607,shift_ot_h,550,550,11,0.0,False,0.0994778693597087,0.0,0.0,0.0,0.0
rohcha_massdep_tight,power_0.84,30.0,shift_h,550,550,11,0.0,False,0.10000000000000009,0.0,0.0,0.0,0.0
rohcha_massdep_tight,power_0.84,30.0,crew_veh_h,550,550,11,0.0,False,0.0499293742983975,0.0,0.0,0.0,0.0
rohcha_massdep_tight,power_0.84,30.0,crew_team_h,550,550,11,0.0,False,0.0499293742983975,0.0,0.0,0.0,0.0
rohcha_massdep_tight,power_0.84,30.0,shift_ot_h,550,550,11,0.0,False,0.09952536984287352,0.0,0.0,0.0,0.0
rohcha_massdep_tight,power_0.96,5.1,shift_h,550,550,11,0.0,False,0.09999999999999987,0.0,0.0,0.0,0.0
rohcha_massdep_tight,power_0.96,5.1,crew_veh_h,550,550,11,0.0,False,0.015585445787610563,0.0,0.0,0.0,0.0
rohcha_massdep_tight,power_0.96,5.1,crew_team_h,550,550,11,0.0,False,0.015585445787610563,0.0,0.0,0.0,0.0
rohcha_massdep_tight,power_0.96,5.1,shift_ot_h,550,550,11,0.0,False,0.09924287623363237,0.0,0.0,0.0,0.0
rohcha_massdep_tight,power_0.96,6.364497,shift_h,550,550,11,0.0,False,0.09999999999999987,0.0,0.0,0.0,0.0
rohcha_massdep_tight,power_0.96,6.364497,crew_veh_h,550,550,11,0.0,False,0.01872608403183995,0.0,0.0,0.0,0.0
rohcha_massdep_tight,power_0.96,6.364497,crew_team_h,550,550,11,0.0,False,0.01872608403183995,0.0,0.0,0.0,0.0
rohcha_massdep_tight,power_0.96,6.364497,shift_ot_h,550,550,11,0.0,False,0.09926744007211963,0.0,0.0,0.0,0.0
rohcha_massdep_tight,power_0.96,7.942513,shift_h,550,550,11,0.0,False,0.10000000000000009,0.0,0.0,0.0,0.0
rohcha_massdep_tight,power_0.96,7.942513,crew_veh_h,550,550,11,0.0,False,0.02233216653843839,0.0,0.0,0.0,0.0
rohcha_massdep_tight,power_0.96,7.942513,crew_team_h,550,550,11,0.0,False,0.02233216653843839,0.0,0.0,0.0,0.0
rohcha_massdep_tight,power_0.96,7.942513,shift_ot_h,550,550,11,0.0,False,0.09929594562321276,0.0,0.0,0.0,0.0
rohcha_massdep_tight,power_0.96,9.911784,shift_h,550,550,11,0.0,False,0.09999999999999987,0.0,0.0,0.0,0.0
rohcha_massdep_tight,power_0.96,9.911784,crew_veh_h,550,550,11,0.0,False,0.026407044467293916,0.0,0.0,0.0,0.0
rohcha_massdep_tight,power_0.96,9.911784,crew_team_h,550,550,11,0.0,False,0.026407044467293916,0.0,0.0,0.0,0.0
rohcha_massdep_tight,power_0.96,9.911784,shift_ot_h,550,550,11,0.0,False,0.09932855128468643,0.0,0.0,0.0,0.0
rohcha_massdep_tight,power_0.96,12.369317,shift_h,550,550,11,0.0,False,0.09999999999999987,0.0,0.0,0.0,0.0
rohcha_massdep_tight,power_0.96,12.369317,crew_veh_h,550,550,11,0.0,False,0.03092935918436801,0.0,0.0,0.0,0.0
rohcha_massdep_tight,power_0.96,12.369317,crew_team_h,550,550,11,0.0,False,0.03092935918436801,0.0,0.0,0.0,0.0
rohcha_massdep_tight,power_0.96,12.369317,shift_ot_h,550,550,11,0.0,False,0.09936523662546204,0.0,0.0,0.0,0.0
rohcha_massdep_tight,power_0.96,15.436172,shift_h,550,550,11,0.0,False,0.09999999999999987,0.0,0.0,0.0,0.0
rohcha_massdep_tight,power_0.96,15.436172,crew_veh_h,550,550,11,0.0,False,0.03584887855932495,0.0,0.0,0.0,0.0
rohcha_massdep_tight,power_0.96,15.436172,crew_team_h,550,550,11,0.0,False,0.03584887855932495,0.0,0.0,0.0,0.0
rohcha_massdep_tight,power_0.96,15.436172,shift_ot_h,550,550,11,0.0,False,0.09940575387478456,0.0,0.0,0.0,0.0
rohcha_massdep_tight,power_0.96,19.263424,shift_h,550,550,11,0.0,False,0.09999999999999987,0.0,0.0,0.0,0.0
rohcha_massdep_tight,power_0.96,19.263424,crew_veh_h,550,550,11,0.0,False,0.04108543457321279,0.0,0.0,0.0,0.0
rohcha_massdep_tight,power_0.96,19.263424,crew_team_h,550,550,11,0.0,False,0.04108543457321279,0.0,0.0,0.0,0.0
rohcha_massdep_tight,power_0.96,19.263424,shift_ot_h,550,550,11,0.0,False,0.0994495971184628,0.0,0.0,0.0,0.0
rohcha_massdep_tight,power_0.96,24.039607,shift_h,550,550,11,0.0,False,0.10000000000000009,0.0,0.0,0.0,0.0
rohcha_massdep_tight,power_0.96,24.039607,crew_veh_h,550,550,11,0.0,False,0.046532075118820515,0.0,0.0,0.0,0.0
rohcha_massdep_tight,power_0.96,24.039607,crew_team_h,550,550,11,0.0,False,0.046532075118820515,0.0,0.0,0.0,0.0
rohcha_massdep_tight,power_0.96,24.039607,shift_ot_h,550,550,11,0.0,False,0.0994960015448636,0.0,0.0,0.0,0.0
rohcha_massdep_tight,power_0.96,30.0,shift_h,550,550,11,0.0,False,0.10000000000000009,0.0,0.0,0.0,0.0
rohcha_massdep_tight,power_0.96,30.0,crew_veh_h,550,550,11,0.0,False,0.052062691862069466,0.0,0.0,0.0,0.0
rohcha_massdep_tight,power_0.96,30.0,crew_team_h,550,550,11,0.0,False,0.052062691862069466,0.0,0.0,0.0,0.0
rohcha_massdep_tight,power_0.96,30.0,shift_ot_h,550,550,11,0.0,False,0.09954398102207795,0.0,0.0,0.0,0.0
rohcha_short_baseline,affine,5.1,shift_h,550,550,6,0.0,False,0.19999999999999996,0.0,0.0,0.0,0.0
rohcha_short_baseline,affine,5.1,crew_veh_h,550,550,6,0.0,False,0.028154488733872052,0.0,0.0,0.0,0.0
rohcha_short_baseline,affine,5.1,crew_team_h,550,550,6,0.0,False,0.028154488733872052,0.0,0.0,0.0,0.0
rohcha_short_baseline,affine,5.1,shift_ot_h,550,550,6,0.0,False,0.19437510938459357,0.0,0.0,0.0,0.0
rohcha_short_baseline,affine,6.364497,shift_h,550,550,6,0.0,False,0.19999999999999996,0.0,0.0,0.0,0.0
rohcha_short_baseline,affine,6.364497,crew_veh_h,550,550,6,0.0,False,0.03395015829091719,0.0,0.0,0.0,0.0
rohcha_short_baseline,affine,6.364497,crew_team_h,550,550,6,0.0,False,0.03395015829091719,0.0,0.0,0.0,0.0
rohcha_short_baseline,affine,6.364497,shift_ot_h,550,550,6,0.0,False,0.19453764862474165,0.0,0.0,0.0,0.0
rohcha_short_baseline,affine,7.942513,shift_h,550,550,6,0.0,False,0.19999999999999996,0.0,0.0,0.0,0.0
rohcha_short_baseline,affine,7.942513,crew_veh_h,550,550,6,0.0,False,0.04065661828398137,0.0,0.0,0.0,0.0
rohcha_short_baseline,affine,7.942513,crew_team_h,550,550,6,0.0,False,0.04065661828398137,0.0,0.0,0.0,0.0
rohcha_short_baseline,affine,7.942513,shift_ot_h,550,550,6,0.0,False,0.19472777060401314,0.0,0.0,0.0,0.0
rohcha_short_baseline,affine,9.911784,shift_h,550,550,6,0.0,False,0.19999999999999996,0.0,0.0,0.0,0.0
rohcha_short_baseline,affine,9.911784,crew_veh_h,550,550,6,0.0,False,0.048302493389602574,0.0,0.0,0.0,0.0
rohcha_short_baseline,affine,9.911784,crew_team_h,550,550,6,0.0,False,0.048302493389602574,0.0,0.0,0.0,0.0
rohcha_short_baseline,affine,9.911784,shift_ot_h,550,550,6,0.0,False,0.19494724061997837,0.0,0.0,0.0,0.0
rohcha_short_baseline,affine,12.369317,shift_h,550,550,6,0.0,False,0.19999999999999996,0.0,0.0,0.0,0.0
rohcha_short_baseline,affine,12.369317,crew_veh_h,550,550,6,0.0,False,0.05687303963530188,0.0,0.0,0.0,0.0
rohcha_short_baseline,affine,12.369317,crew_team_h,550,550,6,0.0,False,0.05687303963530188,0.0,0.0,0.0,0.0
rohcha_short_baseline,affine,12.369317,shift_ot_h,550,550,6,0.0,False,0.19519676261418972,0.0,0.0,0.0,0.0
rohcha_short_baseline,affine,15.436172,shift_h,550,550,6,0.0,False,0.20000000000000018,0.0,0.0,0.0,0.0
rohcha_short_baseline,affine,15.436172,crew_veh_h,550,550,6,0.0,False,0.06629966890948324,0.0,0.0,0.0,0.0
rohcha_short_baseline,affine,15.436172,crew_team_h,550,550,6,0.0,False,0.06629966890948324,0.0,0.0,0.0,0.0
rohcha_short_baseline,affine,15.436172,shift_ot_h,550,550,6,0.0,False,0.19547559037929751,0.0,0.0,0.0,0.0
rohcha_short_baseline,affine,19.263424,shift_h,550,550,6,0.0,False,0.19999999999999996,0.0,0.0,0.0,0.0
rohcha_short_baseline,affine,19.263424,crew_veh_h,550,550,6,0.0,False,0.07645413467956064,0.0,0.0,0.0,0.0
rohcha_short_baseline,affine,19.263424,crew_team_h,550,550,6,0.0,False,0.07645413467956064,0.0,0.0,0.0,0.0
rohcha_short_baseline,affine,19.263424,shift_ot_h,550,550,6,0.0,False,0.19578121165830398,0.0,0.0,0.0,0.0
rohcha_short_baseline,affine,24.039607,shift_h,550,550,6,0.0,False,0.20000000000000018,0.0,0.0,0.0,0.0
rohcha_short_baseline,affine,24.039607,crew_veh_h,550,550,6,0.0,False,0.08715009267712825,0.0,0.0,0.0,0.0
rohcha_short_baseline,affine,24.039607,crew_team_h,550,550,6,0.0,False,0.08715009267712825,0.0,0.0,0.0,0.0
rohcha_short_baseline,affine,24.039607,shift_ot_h,550,550,6,0.0,False,0.19610919725345877,0.0,0.0,0.0,0.0
rohcha_short_baseline,affine,30.0,shift_h,550,550,6,0.0,False,0.19999999999999996,0.0,0.0,0.0,0.0
rohcha_short_baseline,affine,30.0,crew_veh_h,550,550,6,0.0,False,0.09815359779846045,0.0,0.0,0.0,0.0
rohcha_short_baseline,affine,30.0,crew_team_h,550,550,6,0.0,False,0.09815359779846045,0.0,0.0,0.0,0.0
rohcha_short_baseline,affine,30.0,shift_ot_h,550,550,6,0.0,False,0.19645329800210343,0.0,0.0,0.0,0.0
rohcha_short_baseline,piecewise,5.1,shift_h,550,550,6,0.0,False,0.19999999999999996,0.0,0.0,0.0,0.0
rohcha_short_baseline,piecewise,5.1,crew_veh_h,550,550,6,0.0,False,0.029046862851305866,0.0,0.0,0.0,0.0
rohcha_short_baseline,piecewise,5.1,crew_team_h,550,550,6,0.0,False,0.029046862851305866,0.0,0.0,0.0,0.0
rohcha_short_baseline,piecewise,5.1,shift_ot_h,550,550,6,0.0,False,0.19440003058669109,0.0,0.0,0.0,0.0
rohcha_short_baseline,piecewise,6.364497,shift_h,550,550,6,0.0,False,0.20000000000000018,0.0,0.0,0.0,0.0
rohcha_short_baseline,piecewise,6.364497,crew_veh_h,550,550,6,0.0,False,0.03498882783667279,0.0,0.0,0.0,0.0
rohcha_short_baseline,piecewise,6.364497,crew_team_h,550,550,6,0.0,False,0.03498882783667279,0.0,0.0,0.0,0.0
rohcha_short_baseline,piecewise,6.364497,shift_ot_h,550,550,6,0.0,False,0.19456694989709322,0.0,0.0,0.0,0.0
rohcha_short_baseline,piecewise,7.942513,shift_h,550,550,6,0.0,False,0.19999999999999996,0.0,0.0,0.0,0.0
rohcha_short_baseline,piecewise,7.942513,crew_veh_h,550,550,6,0.0,False,0.0418487551331439,0.0,0.0,0.0,0.0
rohcha_short_baseline,piecewise,7.942513,crew_team_h,550,550,6,0.0,False,0.0418487551331439,0.0,0.0,0.0,0.0
rohcha_short_baseline,piecewise,7.942513,shift_ot_h,550,550,6,0.0,False,0.1947617983772132,0.0,0.0,0.0,0.0
rohcha_short_baseline,piecewise,9.911784,shift_h,550,550,6,0.0,False,0.19999999999999996,0.0,0.0,0.0,0.0
rohcha_short_baseline,piecewise,9.911784,crew_veh_h,550,550,6,0.0,False,0.049648968122364634,0.0,0.0,0.0,0.0
rohcha_short_baseline,piecewise,9.911784,crew_team_h,550,550,6,0.0,False,0.049648968122364634,0.0,0.0,0.0,0.0
rohcha_short_baseline,piecewise,9.911784,shift_ot_h,550,550,6,0.0,False,0.19498619416912355,0.0,0.0,0.0,0.0
rohcha_short_baseline,piecewise,12.369317,shift_h,550,550,6,0.0,False,0.19999999999999996,0.0,0.0,0.0,0.0
rohcha_short_baseline,piecewise,12.369317,crew_veh_h,550,550,6,0.0,False,0.05836650330635251,0.0,0.0,0.0,0.0
rohcha_short_baseline,piecewise,12.369317,crew_team_h,550,550,6,0.0,False,0.05836650330635251,0.0,0.0,0.0,0.0
rohcha_short_baseline,piecewise,12.369317,shift_ot_h,550,550,6,0.0,False,0.19524062865441882,0.0,0.0,0.0,0.0
rohcha_short_baseline,piecewise,15.436172,shift_h,550,550,6,0.0,False,0.20000000000000018,0.0,0.0,0.0,0.0
rohcha_short_baseline,piecewise,15.436172,crew_veh_h,550,550,6,0.0,False,0.06792319827644833,0.0,0.0,0.0,0.0
rohcha_short_baseline,piecewise,15.436172,crew_team_h,550,550,6,0.0,False,0.06792319827644833,0.0,0.0,0.0,0.0
rohcha_short_baseline,piecewise,15.436172,shift_ot_h,550,550,6,0.0,False,0.19552408376895203,0.0,0.0,0.0,0.0
rohcha_short_baseline,piecewise,19.263424,shift_h,550,550,6,0.0,False,0.19999999999999996,0.0,0.0,0.0,0.0
rohcha_short_baseline,piecewise,19.263424,crew_veh_h,550,550,6,0.0,False,0.07818092074416128,0.0,0.0,0.0,0.0
rohcha_short_baseline,piecewise,19.263424,crew_team_h,550,550,6,0.0,False,0.07818092074416128,0.0,0.0,0.0,0.0
rohcha_short_baseline,piecewise,19.263424,shift_ot_h,550,550,6,0.0,False,0.19583373677216764,0.0,0.0,0.0,0.0
rohcha_short_baseline,piecewise,24.039607,shift_h,550,550,6,0.0,False,0.19999999999999996,0.0,0.0,0.0,0.0
rohcha_short_baseline,piecewise,24.039607,crew_veh_h,550,550,6,0.0,False,0.0889445371537767,0.0,0.0,0.0,0.0
rohcha_short_baseline,piecewise,24.039607,crew_team_h,550,550,6,0.0,False,0.0889445371537767,0.0,0.0,0.0,0.0
rohcha_short_baseline,piecewise,24.039607,shift_ot_h,550,550,6,0.0,False,0.19616484512592858,0.0,0.0,0.0,0.0
rohcha_short_baseline,piecewise,30.0,shift_h,550,550,6,0.0,False,0.19999999999999996,0.0,0.0,0.0,0.0
rohcha_short_baseline,piecewise,30.0,crew_veh_h,550,550,6,0.0,False,0.09997389304396931,0.0,0.0,0.0,0.0
rohcha_short_baseline,piecewise,30.0,crew_team_h,550,550,6,0.0,False,0.09997389304396931,0.0,0.0,0.0,0.0
rohcha_short_baseline,piecewise,30.0,shift_ot_h,550,550,6,0.0,False,0.1965108896798391,0.0,0.0,0.0,0.0
rohcha_short_baseline,power_0.72,5.1,shift_h,550,550,6,0.0,False,0.19999999999999973,0.0,0.0,0.0,0.0
rohcha_short_baseline,power_0.72,5.1,crew_veh_h,550,550,6,0.0,False,0.02679091718687787,0.0,0.0,0.0,0.0
rohcha_short_baseline,power_0.72,5.1,crew_team_h,550,550,6,0.0,False,0.02679091718687787,0.0,0.0,0.0,0.0
rohcha_short_baseline,power_0.72,5.1,shift_ot_h,550,550,6,0.0,False,0.19433710275208904,0.0,0.0,0.0,0.0
rohcha_short_baseline,power_0.72,6.364497,shift_h,550,550,6,0.0,False,0.19999999999999996,0.0,0.0,0.0,0.0
rohcha_short_baseline,power_0.72,6.364497,crew_veh_h,550,550,6,0.0,False,0.032358747407414734,0.0,0.0,0.0,0.0
rohcha_short_baseline,power_0.72,6.364497,crew_team_h,550,550,6,0.0,False,0.032358747407414734,0.0,0.0,0.0,0.0
rohcha_short_baseline,power_0.72,6.364497,shift_ot_h,550,550,6,0.0,False,0.19449285599296218,0.0,0.0,0.0,0.0
rohcha_short_baseline,power_0.72,7.942513,shift_h,550,550,6,0.0,False,0.19999999999999996,0.0,0.0,0.0,0.0
rohcha_short_baseline,power_0.72,7.942513,crew_veh_h,550,550,6,0.0,False,0.03882434470139651,0.0,0.0,0.0,0.0
rohcha_short_baseline,power_0.72,7.942513,crew_team_h,550,550,6,0.0,False,0.03882434470139651,0.0,0.0,0.0,0.0
rohcha_short_baseline,power_0.72,7.942513,shift_ot_h,550,550,6,0.0,False,0.1946756080660883,0.0,0.0,0.0,0.0
rohcha_short_baseline,power_0.72,9.911784,shift_h,550,550,6,0.0,False,0.19999999999999996,0.0,0.0,0.0,0.0
rohcha_short_baseline,power_0.72,9.911784,crew_veh_h,550,550,6,0.0,False,0.04622560479907256,0.0,0.0,0.0,0.0
rohcha_short_baseline,power_0.72,9.911784,crew_team_h,550,550,6,0.0,False,0.04622560479907256,0.0,0.0,0.0,0.0
rohcha_short_baseline,power_0.72,9.911784,shift_ot_h,550,550,6,0.0,False,0.19488733546475268,0.0,0.0,0.0,0.0
rohcha_short_baseline,power_0.72,12.369317,shift_h,550,550,6,0.0,False,0.19999999999999996,0.0,0.0,0.0,0.0
rohcha_short_baseline,power_0.72,12.369317,crew_veh_h,550,550,6,0.0,False,0.05456017937784097,0.0,0.0,0.0,0.0
rohcha_short_baseline,power_0.72,12.369317,crew_team_h,550,550,6,0.0,False,0.05456017937784097,0.0,0.0,0.0,0.0
rohcha_short_baseline,power_0.72,12.369317,shift_ot_h,550,550,6,0.0,False,0.1951290562752459,0.0,0.0,0.0,0.0
rohcha_short_baseline,power_0.72,15.436172,shift_h,550,550,6,0.0,False,0.19999999999999996,0.0,0.0,0.0,0.0
rohcha_short_baseline,power_0.72,15.436172,crew_veh_h,550,550,6,0.0,False,0.06377426918211149,0.0,0.0,0.0,0.0
rohcha_short_baseline,power_0.72,15.436172,crew_team_h,550,550,6,0.0,False,0.06377426918211149,0.0,0.0,0.0,0.0
rohcha_short_baseline,power_0.72,15.436172,shift_ot_h,550,550,6,0.0,False,0.19540043593949474,0.0,0.0,0.0,0.0
rohcha_short_baseline,power_0.72,19.263424,shift_h,550,550,6,0.0,False,0.19999999999999996,0.0,0.0,0.0,0.0
rohcha_short_baseline,power_0.72,19.263424,crew_veh_h,550,550,6,0.0,False,0.07375531604690577,0.0,0.0,0.0,0.0
rohcha_short_baseline,power_0.72,19.263424,crew_team_h,550,550,6,0.0,False,0.07375531604690577,0.0,0.0,0.0,0.0
rohcha_short_baseline,power_0.72,19.263424,shift_ot_h,550,550,6,0.0,False,0.19569944386148674,0.0,0.0,0.0,0.0
rohcha_short_baseline,power_0.72,24.039607,shift_h,550,550,6,0.0,False,0.19999999999999973,0.0,0.0,0.0,0.0
rohcha_short_baseline,power_0.72,24.039607,crew_veh_h,550,550,6,0.0,False,0.08433143174258584,0.0,0.0,0.0,0.0
rohcha_short_baseline,power_0.72,24.039607,crew_team_h,550,550,6,0.0,False,0.08433143174258584,0.0,0.0,0.0,0.0
rohcha_short_baseline,power_0.72,24.039607,shift_ot_h,550,550,6,0.0,False,0.19602215074467222,0.0,0.0,0.0,0.0
rohcha_short_baseline,power_0.72,30.0,shift_h,550,550,6,0.0,False,0.19999999999999973,0.0,0.0,0.0,0.0
rohcha_short_baseline,power_0.72,30.0,crew_veh_h,550,550,6,0.0,False,0.09527952714016186,0.0,0.0,0.0,0.0
rohcha_short_baseline,power_0.72,30.0,crew_team_h,550,550,6,0.0,False,0.09527952714016186,0.0,0.0,0.0,0.0
rohcha_short_baseline,power_0.72,30.0,shift_ot_h,550,550,6,0.0,False,0.19636275498453903,0.0,0.0,0.0,0.0
rohcha_short_baseline,power_0.84,5.1,shift_h,550,550,6,0.0,False,0.19999999999999996,0.0,0.0,0.0,0.0
rohcha_short_baseline,power_0.84,5.1,crew_veh_h,550,550,6,0.0,False,0.02883453403837022,0.0,0.0,0.0,0.0
rohcha_short_baseline,power_0.84,5.1,crew_team_h,550,550,6,0.0,False,0.02883453403837022,0.0,0.0,0.0,0.0
rohcha_short_baseline,power_0.84,5.1,shift_ot_h,550,550,6,0.0,False,0.1943940974485252,0.0,0.0,0.0,0.0
rohcha_short_baseline,power_0.84,6.364497,shift_h,550,550,6,0.0,False,0.19999999999999996,0.0,0.0,0.0,0.0
rohcha_short_baseline,power_0.84,6.364497,crew_veh_h,550,550,6,0.0,False,0.03474189108949921,0.0,0.0,0.0,0.0
rohcha_short_baseline,power_0.84,6.364497,crew_team_h,550,550,6,0.0,False,0.03474189108949921,0.0,0.0,0.0,0.0
rohcha_short_baseline,power_0.84,6.364497,shift_ot_h,550,550,6,0.0,False,0.1945599789556023,0.0,0.0,0.0,0.0
rohcha_short_baseline,power_0.84,7.942513,shift_h,550,550,6,0.0,False,0.20000000000000018,0.0,0.0,0.0,0.0
rohcha_short_baseline,power_0.84,7.942513,crew_veh_h,550,550,6,0.0,False,0.04156559925608283,0.0,0.0,0.0,0.0
rohcha_short_baseline,power_0.84,7.942513,crew_team_h,550,550,6,0.0,False,0.04156559925608283,0.0,0.0,0.0,0.0
rohcha_short_baseline,power_0.84,7.942513,shift_ot_h,550,550,6,0.0,False,0.19475370973624595,0.0,0.0,0.0,0.0
rohcha_short_baseline,power_0.84,9.911784,shift_h,550,550,6,0.0,False,0.20000000000000018,0.0,0.0,0.0,0.0
rohcha_short_baseline,power_0.84,9.911784,crew_veh_h,550,550,6,0.0,False,0.049329496699016984,0.0,0.0,0.0,0.0
rohcha_short_baseline,power_0.84,9.911784,crew_team_h,550,550,6,0.0,False,0.049329496699016984,0.0,0.0,0.0,0.0
rohcha_short_baseline,power_0.84,9.911784,shift_ot_h,550,550,6,0.0,False,0.19497694355667328,0.0,0.0,0.0,0.0
rohcha_short_baseline,power_0.84,12.369317,shift_h,550,550,6,0.0,False,0.20000000000000018,0.0,0.0,0.0,0.0
rohcha_short_baseline,power_0.84,12.369317,crew_veh_h,550,550,6,0.0,False,0.058012581689412146,0.0,0.0,0.0,0.0
rohcha_short_baseline,power_0.84,12.369317,crew_team_h,550,550,6,0.0,False,0.058012581689412146,0.0,0.0,0.0,0.0
rohcha_short_baseline,power_0.84,12.369317,shift_ot_h,550,550,6,0.0,False,0.19523022283022184,0.0,0.0,0.0,0.0
rohcha_short_baseline,power_0.84,15.436172,shift_h,550,550,6,0.0,False,0.19999999999999996,0.0,0.0,0.0,0.0
rohcha_short_baseline,power_0.84,15.436172,crew_veh_h,550,550,6,0.0,False,0.06753896069824661,0.0,0.0,0.0,0.0
rohcha_short_baseline,power_0.84,15.436172,crew_team_h,550,550,6,0.0,False,0.06753896069824661,0.0,0.0,0.0,0.0
rohcha_short_baseline,power_0.84,15.436172,shift_ot_h,550,550,6,0.0,False,0.1955125942995659,0.0,0.0,0.0,0.0
rohcha_short_baseline,power_0.84,19.263424,shift_h,550,550,6,0.0,False,0.19999999999999996,0.0,0.0,0.0,0.0
rohcha_short_baseline,power_0.84,19.263424,crew_veh_h,550,550,6,0.0,False,0.07777282496212146,0.0,0.0,0.0,0.0
rohcha_short_baseline,power_0.84,19.263424,crew_team_h,550,550,6,0.0,False,0.07777282496212146,0.0,0.0,0.0,0.0
rohcha_short_baseline,power_0.84,19.263424,shift_ot_h,550,550,6,0.0,False,0.19582130870574277,0.0,0.0,0.0,0.0
rohcha_short_baseline,power_0.84,24.039607,shift_h,550,550,6,0.0,False,0.19999999999999973,0.0,0.0,0.0,0.0
rohcha_short_baseline,power_0.84,24.039607,crew_veh_h,550,550,6,0.0,False,0.0885210838084296,0.0,0.0,0.0,0.0
rohcha_short_baseline,power_0.84,24.039607,crew_team_h,550,550,6,0.0,False,0.0885210838084296,0.0,0.0,0.0,0.0
rohcha_short_baseline,power_0.84,24.039607,shift_ot_h,550,550,6,0.0,False,0.19615169703743374,0.0,0.0,0.0,0.0
rohcha_short_baseline,power_0.84,30.0,shift_h,550,550,6,0.0,False,0.20000000000000018,0.0,0.0,0.0,0.0
rohcha_short_baseline,power_0.84,30.0,crew_veh_h,550,550,6,0.0,False,0.09954499731186028,0.0,0.0,0.0,0.0
rohcha_short_baseline,power_0.84,30.0,crew_team_h,550,550,6,0.0,False,0.09954499731186028,0.0,0.0,0.0,0.0
rohcha_short_baseline,power_0.84,30.0,shift_ot_h,550,550,6,0.0,False,0.19649730274021482,0.0,0.0,0.0,0.0
rohcha_short_baseline,power_0.96,5.1,shift_h,550,550,6,0.0,False,0.19999999999999996,0.0,0.0,0.0,0.0
rohcha_short_baseline,power_0.96,5.1,crew_veh_h,550,550,6,0.0,False,0.03100613301335242,0.0,0.0,0.0,0.0
rohcha_short_baseline,power_0.96,5.1,crew_team_h,550,550,6,0.0,False,0.03100613301335242,0.0,0.0,0.0,0.0
rohcha_short_baseline,power_0.96,5.1,shift_ot_h,550,550,6,0.0,False,0.19445488106001974,0.0,0.0,0.0,0.0
rohcha_short_baseline,power_0.96,6.364497,shift_h,550,550,6,0.0,False,0.19999999999999996,0.0,0.0,0.0,0.0
rohcha_short_baseline,power_0.96,6.364497,crew_veh_h,550,550,6,0.0,False,0.037261536417026786,0.0,0.0,0.0,0.0
rohcha_short_baseline,power_0.96,6.364497,crew_team_h,550,550,6,0.0,False,0.037261536417026786,0.0,0.0,0.0,0.0
rohcha_short_baseline,power_0.96,6.364497,shift_ot_h,550,550,6,0.0,False,0.19463124750802274,0.0,0.0,0.0,0.0
rohcha_short_baseline,power_0.96,7.942513,shift_h,550,550,6,0.0,False,0.19999999999999996,0.0,0.0,0.0,0.0
rohcha_short_baseline,power_0.96,7.942513,crew_veh_h,550,550,6,0.0,False,0.04444702944401957,0.0,0.0,0.0,0.0
rohcha_short_baseline,power_0.96,7.942513,crew_team_h,550,550,6,0.0,False,0.04444702944401957,0.0,0.0,0.0,0.0
rohcha_short_baseline,power_0.96,7.942513,shift_ot_h,550,550,6,0.0,False,0.19483620689820125,0.0,0.0,0.0,0.0
rohcha_short_baseline,power_0.96,9.911784,shift_h,550,550,6,0.0,False,0.19999999999999996,0.0,0.0,0.0,0.0
rohcha_short_baseline,power_0.96,9.911784,crew_veh_h,550,550,6,0.0,False,0.05257055367336316,0.0,0.0,0.0,0.0
rohcha_short_baseline,power_0.96,9.911784,crew_team_h,550,550,6,0.0,False,0.05257055367336316,0.0,0.0,0.0,0.0
rohcha_short_baseline,power_0.96,9.911784,shift_ot_h,550,550,6,0.0,False,0.1950710318976272,0.0,0.0,0.0,0.0
rohcha_short_baseline,power_0.96,12.369317,shift_h,550,550,6,0.0,False,0.19999999999999996,0.0,0.0,0.0,0.0
rohcha_short_baseline,power_0.96,12.369317,crew_veh_h,550,550,6,0.0,False,0.06159092902215613,0.0,0.0,0.0,0.0
rohcha_short_baseline,power_0.96,12.369317,crew_team_h,550,550,6,0.0,False,0.06159092902215613,0.0,0.0,0.0,0.0
rohcha_short_baseline,power_0.96,12.369317,shift_ot_h,550,550,6,0.0,False,0.19533573128982806,0.0,0.0,0.0,0.0
rohcha_short_baseline,power_0.96,15.436172,shift_h,550,550,6,0.0,False,0.19999999999999996,0.0,0.0,0.0,0.0
rohcha_short_baseline,power_0.96,15.436172,crew_veh_h,550,550,6,0.0,False,0.07140939205448338,0.0,0.0,0.0,0.0
rohcha_short_baseline,power_0.96,15.436172,crew_team_h,550,550,6,0.0,False,0.07140939205448338,0.0,0.0,0.0,0.0
rohcha_short_baseline,power_0.96,15.436172,shift_ot_h,550,550,6,0.0,False,0.19562868747934248,0.0,0.0,0.0,0.0
rohcha_short_baseline,power_0.96,19.263424,shift_h,550,550,6,0.0,False,0.19999999999999996,0.0,0.0,0.0,0.0
rohcha_short_baseline,power_0.96,19.263424,crew_veh_h,550,550,6,0.0,False,0.08186725920712368,0.0,0.0,0.0,0.0
rohcha_short_baseline,power_0.96,19.263424,crew_team_h,550,550,6,0.0,False,0.08186725920712368,0.0,0.0,0.0,0.0
rohcha_short_baseline,power_0.96,19.263424,shift_ot_h,550,550,6,0.0,False,0.1959464132707236,0.0,0.0,0.0,0.0
rohcha_short_baseline,power_0.96,24.039607,shift_h,550,550,6,0.0,False,0.19999999999999996,0.0,0.0,0.0,0.0
rohcha_short_baseline,power_0.96,24.039607,crew_veh_h,550,550,6,0.0,False,0.09275197421228021,0.0,0.0,0.0,0.0
rohcha_short_baseline,power_0.96,24.039607,crew_team_h,550,550,6,0.0,False,0.09275197421228021,0.0,0.0,0.0,0.0
rohcha_short_baseline,power_0.96,24.039607,shift_ot_h,550,550,6,0.0,False,0.1962835192002017,0.0,0.0,0.0,0.0
rohcha_short_baseline,power_0.96,30.0,shift_h,550,550,6,0.0,False,0.20000000000000018,0.0,0.0,0.0,0.0
rohcha_short_baseline,power_0.96,30.0,crew_veh_h,550,550,6,0.0,False,0.1038121238460219,0.0,0.0,0.0,0.0
rohcha_short_baseline,power_0.96,30.0,crew_team_h,550,550,6,0.0,False,0.1038121238460219,0.0,0.0,0.0,0.0
rohcha_short_baseline,power_0.96,30.0,shift_ot_h,550,550,6,0.0,False,0.1966329566992513,0.0,0.0,0.0,0.0
rohcha_short_tight,affine,5.1,shift_h,550,550,6,0.0,False,0.19999999999999996,0.0,0.0,0.0,0.0
rohcha_short_tight,affine,5.1,crew_veh_h,550,550,6,0.0,False,0.02794039708202578,0.0,0.0,0.0,0.0
rohcha_short_tight,affine,5.1,crew_team_h,550,550,6,0.0,False,0.02794039708202578,0.0,0.0,0.0,0.0
rohcha_short_tight,affine,5.1,shift_ot_h,550,550,6,0.0,False,0.1979238676299908,0.0,0.0,0.0,0.0
rohcha_short_tight,affine,6.364497,shift_h,550,550,6,0.0,False,0.19999999999999996,0.0,0.0,0.0,0.0
rohcha_short_tight,affine,6.364497,crew_veh_h,550,550,6,0.0,False,0.03370063817840929,0.0,0.0,0.0,0.0
rohcha_short_tight,affine,6.364497,crew_team_h,550,550,6,0.0,False,0.03370063817840929,0.0,0.0,0.0,0.0
rohcha_short_tight,affine,6.364497,shift_ot_h,550,550,6,0.0,False,0.1979849235305724,0.0,0.0,0.0,0.0
rohcha_short_tight,affine,7.942513,shift_h,550,550,6,0.0,False,0.19999999999999996,0.0,0.0,0.0,0.0
rohcha_short_tight,affine,7.942513,crew_veh_h,550,550,6,0.0,False,0.04036979163154353,0.0,0.0,0.0,0.0
rohcha_short_tight,affine,7.942513,crew_team_h,550,550,6,0.0,False,0.04036979163154353,0.0,0.0,0.0,0.0
rohcha_short_tight,affine,7.942513,shift_ot_h,550,550,6,0.0,False,0.19805625889836698,0.0,0.0,0.0,0.0
rohcha_short_tight,affine,9.911784,shift_h,550,550,6,0.0,False,0.19999999999999996,0.0,0.0,0.0,0.0
rohcha_short_tight,affine,9.911784,crew_veh_h,550,550,6,0.0,False,0.04797796756981465,0.0,0.0,0.0,0.0
rohcha_short_tight,affine,9.911784,crew_team_h,550,550,6,0.0,False,0.04797796756981465,0.0,0.0,0.0,0.0
rohcha_short_tight,affine,9.911784,shift_ot_h,550,550,6,0.0,False,0.19813849662311322,0.0,0.0,0.0,0.0
rohcha_short_tight,affine,12.369317,shift_h,550,550,6,0.0,False,0.19999999999999996,0.0,0.0,0.0,0.0
rohcha_short_tight,affine,12.369317,crew_veh_h,550,550,6,0.0,False,0.05651238291010885,0.0,0.0,0.0,0.0
rohcha_short_tight,affine,12.369317,crew_team_h,550,550,6,0.0,False,0.05651238291010885,0.0,0.0,0.0,0.0
rohcha_short_tight,affine,12.369317,shift_ot_h,550,550,6,0.0,False,0.19823185319046033,0.0,0.0,0.0,0.0
rohcha_short_tight,affine,15.436172,shift_h,550,550,6,0.0,False,0.20000000000000018,0.0,0.0,0.0,0.0
rohcha_short_tight,affine,15.436172,crew_veh_h,550,550,6,0.0,False,0.0659067604185879,0.0,0.0,0.0,0.0
rohcha_short_tight,affine,15.436172,crew_team_h,550,550,6,0.0,False,0.0659067604185879,0.0,0.0,0.0,0.0
rohcha_short_tight,affine,15.436172,shift_ot_h,550,550,6,0.0,False,0.19833599600162843,0.0,0.0,0.0,0.0
rohcha_short_tight,affine,19.263424,shift_h,550,550,6,0.0,False,0.19999999999999996,0.0,0.0,0.0,0.0
rohcha_short_tight,affine,19.263424,crew_veh_h,550,550,6,0.0,False,0.07603527140593802,0.0,0.0,0.0,0.0
rohcha_short_tight,affine,19.263424,crew_team_h,550,550,6,0.0,False,0.07603527140593802,0.0,0.0,0.0,0.0
rohcha_short_tight,affine,19.263424,shift_ot_h,550,550,6,0.0,False,0.19844993069209682,0.0,0.0,0.0,0.0
rohcha_short_tight,affine,24.039607,shift_h,550,550,6,0.0,False,0.20000000000000018,0.0,0.0,0.0,0.0
rohcha_short_tight,affine,24.039607,crew_veh_h,550,550,6,0.0,False,0.08671375954740257,0.0,0.0,0.0,0.0
rohcha_short_tight,affine,24.039607,crew_team_h,550,550,6,0.0,False,0.08671375954740257,0.0,0.0,0.0,0.0
rohcha_short_tight,affine,24.039607,shift_ot_h,550,550,6,0.0,False,0.19857195267966254,0.0,0.0,0.0,0.0
rohcha_short_tight,affine,30.0,shift_h,550,550,6,0.0,False,0.19999999999999996,0.0,0.0,0.0,0.0
rohcha_short_tight,affine,30.0,crew_veh_h,550,550,6,0.0,False,0.09770987360373806,0.0,0.0,0.0,0.0
rohcha_short_tight,affine,30.0,crew_team_h,550,550,6,0.0,False,0.09770987360373806,0.0,0.0,0.0,0.0
rohcha_short_tight,affine,30.0,shift_ot_h,550,550,6,0.0,False,0.19869969266845344,0.0,0.0,0.0,0.0
rohcha_short_tight,piecewise,5.1,shift_h,550,550,6,0.0,False,0.19999999999999996,0.0,0.0,0.0,0.0
rohcha_short_tight,piecewise,5.1,crew_veh_h,550,550,6,0.0,False,0.028827123744994854,0.0,0.0,0.0,0.0
rohcha_short_tight,piecewise,5.1,crew_team_h,550,550,6,0.0,False,0.028827123744994854,0.0,0.0,0.0,0.0
rohcha_short_tight,piecewise,5.1,shift_ot_h,550,550,6,0.0,False,0.19793323315947364,0.0,0.0,0.0,0.0
rohcha_short_tight,piecewise,6.364497,shift_h,550,550,6,0.0,False,0.20000000000000018,0.0,0.0,0.0,0.0
rohcha_short_tight,piecewise,6.364497,crew_veh_h,550,550,6,0.0,False,0.034733270709651265,0.0,0.0,0.0,0.0
rohcha_short_tight,piecewise,6.364497,crew_team_h,550,550,6,0.0,False,0.034733270709651265,0.0,0.0,0.0,0.0
rohcha_short_tight,piecewise,6.364497,shift_ot_h,550,550,6,0.0,False,0.19799592334997884,0.0,0.0,0.0,0.0
rohcha_short_tight,piecewise,7.942513,shift_h,550,550,6,0.0,False,0.19999999999999996,0.0,0.0,0.0,0.0
rohcha_short_tight,piecewise,7.942513,crew_veh_h,550,550,6,0.0,False,0.04155571149074322,0.0,0.0,0.0,0.0
rohcha_short_tight,piecewise,7.942513,crew_team_h,550,550,6,0.0,False,0.04155571149074322,0.0,0.0,0.0,0.0
rohcha_short_tight,piecewise,7.942513,shift_ot_h,550,550,6,0.0,False,0.1980690171281534,0.0,0.0,0.0,0.0
rohcha_short_tight,piecewise,9.911784,shift_h,550,550,6,0.0,False,0.19999999999999996,0.0,0.0,0.0,0.0
rohcha_short_tight,piecewise,9.911784,crew_veh_h,550,550,6,0.0,False,0.04931833694542531,0.0,0.0,0.0,0.0
rohcha_short_tight,piecewise,9.911784,crew_team_h,550,550,6,0.0,False,0.04931833694542531,0.0,0.0,0.0,0.0
rohcha_short_tight,piecewise,9.911784,shift_ot_h,550,550,6,0.0,False,0.198153080708922,0.0,0.0,0.0,0.0
rohcha_short_tight,piecewise,12.369317,shift_h,550,550,6,0.0,False,0.19999999999999996,0.0,0.0,0.0,0.0
rohcha_short_tight,piecewise,12.369317,crew_veh_h,550,550,6,0.0,False,0.058000213748554685,0.0,0.0,0.0,0.0
rohcha_short_tight,piecewise,12.369317,crew_team_h,550,550,6,0.0,False,0.058000213748554685,0.0,0.0,0.0,0.0
rohcha_short_tight,piecewise,12.369317,shift_ot_h,550,550,6,0.0,False,0.1982482497174325,0.0,0.0,0.0,0.0
rohcha_short_tight,piecewise,15.436172,shift_h,550,550,6,0.0,False,0.20000000000000018,0.0,0.0,0.0,0.0
rohcha_short_tight,piecewise,15.436172,crew_veh_h,550,550,6,0.0,False,0.06752552766505437,0.0,0.0,0.0,0.0
rohcha_short_tight,piecewise,15.436172,crew_team_h,550,550,6,0.0,False,0.06752552766505437,0.0,0.0,0.0,0.0
rohcha_short_tight,piecewise,15.436172,shift_ot_h,550,550,6,0.0,False,0.19835408922267916,0.0,0.0,0.0,0.0
rohcha_short_tight,piecewise,19.263424,shift_h,550,550,6,0.0,False,0.19999999999999996,0.0,0.0,0.0,0.0
rohcha_short_tight,piecewise,19.263424,crew_veh_h,550,550,6,0.0,False,0.07775855135040932,0.0,0.0,0.0,0.0
rohcha_short_tight,piecewise,19.263424,crew_team_h,550,550,6,0.0,False,0.07775855135040932,0.0,0.0,0.0,0.0
rohcha_short_tight,piecewise,19.263424,shift_ot_h,550,550,6,0.0,False,0.19846948924069863,0.0,0.0,0.0,0.0
rohcha_short_tight,piecewise,24.039607,shift_h,550,550,6,0.0,False,0.19999999999999996,0.0,0.0,0.0,0.0
rohcha_short_tight,piecewise,24.039607,crew_veh_h,550,550,6,0.0,False,0.08850626597531064,0.0,0.0,0.0,0.0
rohcha_short_tight,piecewise,24.039607,crew_team_h,550,550,6,0.0,False,0.08850626597531064,0.0,0.0,0.0,0.0
rohcha_short_tight,piecewise,24.039607,shift_ot_h,550,550,6,0.0,False,0.19859262998292837,0.0,0.0,0.0,0.0
rohcha_short_tight,piecewise,30.0,shift_h,550,550,6,0.0,False,0.19999999999999996,0.0,0.0,0.0,0.0
rohcha_short_tight,piecewise,30.0,crew_veh_h,550,550,6,0.0,False,0.09952998168606042,0.0,0.0,0.0,0.0
rohcha_short_tight,piecewise,30.0,crew_team_h,550,550,6,0.0,False,0.09952998168606042,0.0,0.0,0.0,0.0
rohcha_short_tight,piecewise,30.0,shift_ot_h,550,550,6,0.0,False,0.19872104465473384,0.0,0.0,0.0,0.0
rohcha_short_tight,power_0.72,5.1,shift_h,550,550,6,0.0,False,0.19999999999999973,0.0,0.0,0.0,0.0
rohcha_short_tight,power_0.72,5.1,crew_veh_h,550,550,6,0.0,False,0.026585590246611668,0.0,0.0,0.0,0.0
rohcha_short_tight,power_0.72,5.1,crew_team_h,550,550,6,0.0,False,0.026585590246611668,0.0,0.0,0.0,0.0
rohcha_short_tight,power_0.72,5.1,shift_ot_h,550,550,6,0.0,False,0.19790958160363892,0.0,0.0,0.0,0.0
rohcha_short_tight,power_0.72,6.364497,shift_h,550,550,6,0.0,False,0.19999999999999996,0.0,0.0,0.0,0.0
rohcha_short_tight,power_0.72,6.364497,crew_veh_h,550,550,6,0.0,False,0.032118661152344075,0.0,0.0,0.0,0.0
rohcha_short_tight,power_0.72,6.364497,crew_team_h,550,550,6,0.0,False,0.032118661152344075,0.0,0.0,0.0,0.0
rohcha_short_tight,power_0.72,6.364497,shift_ot_h,550,550,6,0.0,False,0.1979681041480177,0.0,0.0,0.0,0.0
rohcha_short_tight,power_0.72,7.942513,shift_h,550,550,6,0.0,False,0.19999999999999996,0.0,0.0,0.0,0.0
rohcha_short_tight,power_0.72,7.942513,crew_veh_h,550,550,6,0.0,False,0.03854731740025308,0.0,0.0,0.0,0.0
rohcha_short_tight,power_0.72,7.942513,crew_team_h,550,550,6,0.0,False,0.03854731740025308,0.0,0.0,0.0,0.0
rohcha_short_tight,power_0.72,7.942513,shift_ot_h,550,550,6,0.0,False,0.19803669583033567,0.0,0.0,0.0,0.0
rohcha_short_tight,power_0.72,9.911784,shift_h,550,550,6,0.0,False,0.19999999999999996,0.0,0.0,0.0,0.0
rohcha_short_tight,power_0.72,9.911784,crew_veh_h,550,550,6,0.0,False,0.04591080971149175,0.0,0.0,0.0,0.0
rohcha_short_tight,power_0.72,9.911784,crew_team_h,550,550,6,0.0,False,0.04591080971149175,0.0,0.0,0.0,0.0
rohcha_short_tight,power_0.72,9.911784,shift_ot_h,550,550,6,0.0,False,0.19811606113739266,0.0,0.0,0.0,0.0
rohcha_short_tight,power_0.72,12.369317,shift_h,550,550,6,0.0,False,0.19999999999999996,0.0,0.0,0.0,0.0
rohcha_short_tight,power_0.72,12.369317,crew_veh_h,550,550,6,0.0,False,0.0542086345080135,0.0,0.0,0.0,0.0
rohcha_short_tight,power_0.72,12.369317,crew_team_h,550,550,6,0.0,False,0.0542086345080135,0.0,0.0,0.0,0.0
rohcha_short_tight,power_0.72,12.369317,shift_ot_h,550,550,6,0.0,False,0.19820653634270102,0.0,0.0,0.0,0.0
rohcha_short_tight,power_0.72,15.436172,shift_h,550,550,6,0.0,False,0.19999999999999996,0.0,0.0,0.0,0.0
rohcha_short_tight,power_0.72,15.436172,crew_veh_h,550,550,6,0.0,False,0.06338923117798134,0.0,0.0,0.0,0.0
rohcha_short_tight,power_0.72,15.436172,crew_team_h,550,550,6,0.0,False,0.06338923117798134,0.0,0.0,0.0,0.0
rohcha_short_tight,power_0.72,15.436172,shift_ot_h,550,550,6,0.0,False,0.19830794414089192,0.0,0.0,0.0,0.0
rohcha_short_tight,power_0.72,19.263424,shift_h,550,550,6,0.0,False,0.19999999999999996,0.0,0.0,0.0,0.0
rohcha_short_tight,power_0.72,19.263424,crew_veh_h,550,550,6,0.0,False,0.07334246105042674,0.0,0.0,0.0,0.0
rohcha_short_tight,power_0.72,19.263424,crew_team_h,550,550,6,0.0,False,0.07334246105042674,0.0,0.0,0.0,0.0
rohcha_short_tight,power_0.72,19.263424,shift_ot_h,550,550,6,0.0,False,0.19841946995770687,0.0,0.0,0.0,0.0
rohcha_short_tight,power_0.72,24.039607,shift_h,550,550,6,0.0,False,0.19999999999999973,0.0,0.0,0.0,0.0
rohcha_short_tight,power_0.72,24.039607,crew_veh_h,550,550,6,0.0,False,0.08389871902789303,0.0,0.0,0.0,0.0
rohcha_short_tight,power_0.72,24.039607,crew_team_h,550,550,6,0.0,False,0.08389871902789303,0.0,0.0,0.0,0.0
rohcha_short_tight,power_0.72,24.039607,shift_ot_h,550,550,6,0.0,False,0.19853959355830586,0.0,0.0,0.0,0.0
rohcha_short_tight,power_0.72,30.0,shift_h,550,550,6,0.0,False,0.19999999999999973,0.0,0.0,0.0,0.0
rohcha_short_tight,power_0.72,30.0,crew_veh_h,550,550,6,0.0,False,0.09483669719426335,0.0,0.0,0.0,0.0
rohcha_short_tight,power_0.72,30.0,crew_team_h,550,550,6,0.0,False,0.09483669719426335,0.0,0.0,0.0,0.0
rohcha_short_tight,power_0.72,30.0,shift_ot_h,550,550,6,0.0,False,0.19866610800945184,0.0,0.0,0.0,0.0
rohcha_short_tight,power_0.84,5.1,shift_h,550,550,6,0.0,False,0.19999999999999996,0.0,0.0,0.0,0.0
rohcha_short_tight,power_0.84,5.1,crew_veh_h,550,550,6,0.0,False,0.028616132321221066,0.0,0.0,0.0,0.0
rohcha_short_tight,power_0.84,5.1,crew_team_h,550,550,6,0.0,False,0.028616132321221066,0.0,0.0,0.0,0.0
rohcha_short_tight,power_0.84,5.1,shift_ot_h,550,550,6,0.0,False,0.19793100358981897,0.0,0.0,0.0,0.0
rohcha_short_tight,power_0.84,6.364497,shift_h,550,550,6,0.0,False,0.19999999999999996,0.0,0.0,0.0,0.0
rohcha_short_tight,power_0.84,6.364497,crew_veh_h,550,550,6,0.0,False,0.03448776061889447,0.0,0.0,0.0,0.0
rohcha_short_tight,power_0.84,6.364497,crew_team_h,550,550,6,0.0,False,0.03448776061889447,0.0,0.0,0.0,0.0
rohcha_short_tight,power_0.84,6.364497,shift_ot_h,550,550,6,0.0,False,0.1979933066191344,0.0,0.0,0.0,0.0
rohcha_short_tight,power_0.84,7.942513,shift_h,550,550,6,0.0,False,0.20000000000000018,0.0,0.0,0.0,0.0
rohcha_short_tight,power_0.84,7.942513,crew_veh_h,550,550,6,0.0,False,0.0412740209341409,0.0,0.0,0.0,0.0
rohcha_short_tight,power_0.84,7.942513,crew_team_h,550,550,6,0.0,False,0.0412740209341409,0.0,0.0,0.0,0.0
rohcha_short_tight,power_0.84,7.942513,shift_ot_h,550,550,6,0.0,False,0.19806598466224057,0.0,0.0,0.0,0.0
rohcha_short_tight,power_0.84,9.911784,shift_h,550,550,6,0.0,False,0.20000000000000018,0.0,0.0,0.0,0.0
rohcha_short_tight,power_0.84,9.911784,crew_veh_h,550,550,6,0.0,False,0.04900029964398689,0.0,0.0,0.0,0.0
rohcha_short_tight,power_0.84,9.911784,crew_team_h,550,550,6,0.0,False,0.04900029964398689,0.0,0.0,0.0,0.0
rohcha_short_tight,power_0.84,9.911784,shift_ot_h,550,550,6,0.0,False,0.19814961764208294,0.0,0.0,0.0,0.0
rohcha_short_tight,power_0.84,12.369317,shift_h,550,550,6,0.0,False,0.20000000000000018,0.0,0.0,0.0,0.0
rohcha_short_tight,power_0.84,12.369317,crew_veh_h,550,550,6,0.0,False,0.05764760919989387,0.0,0.0,0.0,0.0
rohcha_short_tight,power_0.84,12.369317,crew_team_h,550,550,6,0.0,False,0.05764760919989387,0.0,0.0,0.0,0.0
rohcha_short_tight,power_0.84,12.369317,shift_ot_h,550,550,6,0.0,False,0.19824436058366612,0.0,0.0,0.0,0.0
rohcha_short_tight,power_0.84,15.436172,shift_h,550,550,6,0.0,False,0.19999999999999996,0.0,0.0,0.0,0.0
rohcha_short_tight,power_0.84,15.436172,crew_veh_h,550,550,6,0.0,False,0.06714239608279082,0.0,0.0,0.0,0.0
rohcha_short_tight,power_0.84,15.436172,crew_team_h,550,550,6,0.0,False,0.06714239608279082,0.0,0.0,0.0,0.0
rohcha_short_tight,power_0.84,15.436172,shift_ot_h,550,550,6,0.0,False,0.1983498029347004,0.0,0.0,0.0,0.0
rohcha_short_tight,power_0.84,19.263424,shift_h,550,550,6,0.0,False,0.19999999999999996,0.0,0.0,0.0,0.0
rohcha_short_tight,power_0.84,19.263424,crew_veh_h,550,550,6,0.0,False,0.07735126036153783,0.0,0.0,0.0,0.0
rohcha_short_tight,power_0.84,19.263424,crew_team_h,550,550,6,0.0,False,0.07735126036153783,0.0,0.0,0.0,0.0
rohcha_short_tight,power_0.84,19.263424,shift_ot_h,550,550,6,0.0,False,0.1984648620550411,0.0,0.0,0.0,0.0
rohcha_short_tight,power_0.84,24.039607,shift_h,550,550,6,0.0,False,0.19999999999999973,0.0,0.0,0.0,0.0
rohcha_short_tight,power_0.84,24.039607,crew_veh_h,550,550,6,0.0,False,0.08808324424067493,0.0,0.0,0.0,0.0
rohcha_short_tight,power_0.84,24.039607,crew_team_h,550,550,6,0.0,False,0.08808324424067493,0.0,0.0,0.0,0.0
rohcha_short_tight,power_0.84,24.039607,shift_ot_h,550,550,6,0.0,False,0.19858774516499667,0.0,0.0,0.0,0.0
rohcha_short_tight,power_0.84,30.0,shift_h,550,550,6,0.0,False,0.20000000000000018,0.0,0.0,0.0,0.0
rohcha_short_tight,power_0.84,30.0,crew_veh_h,550,550,6,0.0,False,0.0991011035652476,0.0,0.0,0.0,0.0
rohcha_short_tight,power_0.84,30.0,crew_team_h,550,550,6,0.0,False,0.0991011035652476,0.0,0.0,0.0,0.0
rohcha_short_tight,power_0.84,30.0,shift_ot_h,550,550,6,0.0,False,0.19871600804168477,0.0,0.0,0.0,0.0
rohcha_short_tight,power_0.96,5.1,shift_h,550,550,6,0.0,False,0.19999999999999996,0.0,0.0,0.0,0.0
rohcha_short_tight,power_0.96,5.1,crew_veh_h,550,550,6,0.0,False,0.030774240221158822,0.0,0.0,0.0,0.0
rohcha_short_tight,power_0.96,5.1,crew_team_h,550,550,6,0.0,False,0.030774240221158822,0.0,0.0,0.0,0.0
rohcha_short_tight,power_0.96,5.1,shift_ot_h,550,550,6,0.0,False,0.197953840943476,0.0,0.0,0.0,0.0
rohcha_short_tight,power_0.96,6.364497,shift_h,550,550,6,0.0,False,0.19999999999999996,0.0,0.0,0.0,0.0
rohcha_short_tight,power_0.96,6.364497,crew_veh_h,550,550,6,0.0,False,0.03699310093817476,0.0,0.0,0.0,0.0
rohcha_short_tight,power_0.96,6.364497,crew_team_h,550,550,6,0.0,False,0.03699310093817476,0.0,0.0,0.0,0.0
rohcha_short_tight,power_0.96,6.364497,shift_ot_h,550,550,6,0.0,False,0.19802005361333364,0.0,0.0,0.0,0.0
rohcha_short_tight,power_0.96,7.942513,shift_h,550,550,6,0.0,False,0.19999999999999996,0.0,0.0,0.0,0.0
rohcha_short_tight,power_0.96,7.942513,crew_veh_h,550,550,6,0.0,False,0.044140869647237624,0.0,0.0,0.0,0.0
rohcha_short_tight,power_0.96,7.942513,crew_team_h,550,550,6,0.0,False,0.044140869647237624,0.0,0.0,0.0,0.0
rohcha_short_tight,power_0.96,7.942513,shift_ot_h,550,550,6,0.0,False,0.19809690574070582,0.0,0.0,0.0,0.0
rohcha_short_tight,power_0.96,9.911784,shift_h,550,550,6,0.0,False,0.19999999999999996,0.0,0.0,0.0,0.0
rohcha_short_tight,power_0.96,9.911784,crew_veh_h,550,550,6,0.0,False,0.05222722493973175,0.0,0.0,0.0,0.0
rohcha_short_tight,power_0.96,9.911784,crew_team_h,550,550,6,0.0,False,0.05222722493973175,0.0,0.0,0.0,0.0
rohcha_short_tight,power_0.96,9.911784,shift_ot_h,550,550,6,0.0,False,0.19818483095295414,0.0,0.0,0.0,0.0
rohcha_short_tight,power_0.96,12.369317,shift_h,550,550,6,0.0,False,0.19999999999999996,0.0,0.0,0.0,0.0
rohcha_short_tight,power_0.96,12.369317,crew_veh_h,550,550,6,0.0,False,0.0612131496449182,0.0,0.0,0.0,0.0
rohcha_short_tight,power_0.96,12.369317,crew_team_h,550,550,6,0.0,False,0.0612131496449182,0.0,0.0,0.0,0.0
rohcha_short_tight,power_0.96,12.369317,shift_ot_h,550,550,6,0.0,False,0.19828378179956396,0.0,0.0,0.0,0.0
rohcha_short_tight,power_0.96,15.436172,shift_h,550,550,6,0.0,False,0.19999999999999996,0.0,0.0,0.0,0.0
rohcha_short_tight,power_0.96,15.436172,crew_veh_h,550,550,6,0.0,False,0.07100228321646229,0.0,0.0,0.0,0.0
rohcha_short_tight,power_0.96,15.436172,crew_team_h,550,550,6,0.0,False,0.07100228321646229,0.0,0.0,0.0,0.0
rohcha_short_tight,power_0.96,15.436172,shift_ot_h,550,550,6,0.0,False,0.19839309827927454,0.0,0.0,0.0,0.0
rohcha_short_tight,power_0.96,19.263424,shift_h,550,550,6,0.0,False,0.19999999999999996,0.0,0.0,0.0,0.0
rohcha_short_tight,power_0.96,19.263424,crew_veh_h,550,550,6,0.0,False,0.08143828825638888,0.0,0.0,0.0,0.0
rohcha_short_tight,power_0.96,19.263424,crew_team_h,550,550,6,0.0,False,0.08143828825638888,0.0,0.0,0.0,0.0
rohcha_short_tight,power_0.96,19.263424,shift_ot_h,550,550,6,0.0,False,0.19851142371567732,0.0,0.0,0.0,0.0
rohcha_short_tight,power_0.96,24.039607,shift_h,550,550,6,0.0,False,0.19999999999999996,0.0,0.0,0.0,0.0
rohcha_short_tight,power_0.96,24.039607,crew_veh_h,550,550,6,0.0,False,0.09231053638297904,0.0,0.0,0.0,0.0
rohcha_short_tight,power_0.96,24.039607,crew_team_h,550,550,6,0.0,False,0.09231053638297904,0.0,0.0,0.0,0.0
rohcha_short_tight,power_0.96,24.039607,shift_ot_h,550,550,6,0.0,False,0.1986367013882433,0.0,0.0,0.0,0.0
rohcha_short_tight,power_0.96,30.0,shift_h,550,550,6,0.0,False,0.20000000000000018,0.0,0.0,0.0,0.0
rohcha_short_tight,power_0.96,30.0,crew_veh_h,550,550,6,0.0,False,0.10336878202457722,0.0,0.0,0.0,0.0
rohcha_short_tight,power_0.96,30.0,crew_team_h,550,550,6,0.0,False,0.10336878202457722,0.0,0.0,0.0,0.0
rohcha_short_tight,power_0.96,30.0,shift_ot_h,550,550,6,0.0,False,0.19876627453191764,0.0,0.0,0.0,0.0
uniform_long_baseline,affine,5.1,shift_h,500,500,9,0.0,False,0.125,0.0,0.0,0.0,0.0
uniform_long_baseline,affine,5.1,crew_veh_h,500,500,9,0.0,False,0.01435919330512525,0.0,0.0,0.0,0.0
uniform_long_baseline,affine,5.1,crew_team_h,500,500,9,0.0,False,0.01435919330512525,0.0,0.0,0.0,0.0
uniform_long_baseline,affine,5.1,shift_ot_h,500,500,9,0.0,False,0.11828358010681184,0.0,0.0,0.0,0.0
uniform_long_baseline,affine,6.364497,shift_h,500,500,9,0.0,False,0.125,0.0,0.0,0.0,0.0
uniform_long_baseline,affine,6.364497,crew_veh_h,500,500,9,0.0,False,0.01742317558728179,0.0,0.0,0.0,0.0
uniform_long_baseline,affine,6.364497,crew_team_h,500,500,9,0.0,False,0.01742317558728179,0.0,0.0,0.0,0.0
uniform_long_baseline,affine,6.364497,shift_ot_h,500,500,9,0.0,False,0.11846005037248353,0.0,0.0,0.0,0.0
uniform_long_baseline,affine,7.942513,shift_h,500,500,9,0.0,False,0.12500000000000022,0.0,0.0,0.0,0.0
uniform_long_baseline,affine,7.942513,crew_veh_h,500,500,9,0.0,False,0.021016762363003982,0.0,0.0,0.0,0.0
uniform_long_baseline,affine,7.942513,crew_team_h,500,500,9,0.0,False,0.021016762363003982,0.0,0.0,0.0,0.0
uniform_long_baseline,affine,7.942513,shift_ot_h,500,500,9,0.0,False,0.1186676805155713,0.0,0.0,0.0,0.0
uniform_long_baseline,affine,9.911784,shift_h,500,500,9,0.0,False,0.125,0.0,0.0,0.0,0.0
uniform_long_baseline,affine,9.911784,crew_veh_h,500,500,9,0.0,False,0.025178064849837645,0.0,0.0,0.0,0.0
uniform_long_baseline,affine,9.911784,crew_team_h,500,500,9,0.0,False,0.025178064849837645,0.0,0.0,0.0,0.0
uniform_long_baseline,affine,9.911784,shift_ot_h,500,500,9,0.0,False,0.11890900325796783,0.0,0.0,0.0,0.0
uniform_long_baseline,affine,12.369317,shift_h,500,500,9,0.0,False,0.125,0.0,0.0,0.0,0.0
uniform_long_baseline,affine,12.369317,crew_veh_h,500,500,9,0.0,False,0.02992617517203655,0.0,0.0,0.0,0.0
uniform_long_baseline,affine,12.369317,crew_team_h,500,500,9,0.0,False,0.02992617517203655,0.0,0.0,0.0,0.0
uniform_long_baseline,affine,12.369317,shift_ot_h,500,500,9,0.0,False,0.11918553140759736,0.0,0.0,0.0,0.0
uniform_long_baseline,affine,15.436172,shift_h,500,500,9,0.0,False,0.125,0.0,0.0,0.0,0.0
uniform_long_baseline,affine,15.436172,crew_veh_h,500,500,9,0.0,False,0.03525346576715016,0.0,0.0,0.0,0.0
uniform_long_baseline,affine,15.436172,crew_team_h,500,500,9,0.0,False,0.03525346576715016,0.0,0.0,0.0,0.0
uniform_long_baseline,affine,15.436172,shift_ot_h,500,500,9,0.0,False,0.11949729207804394,0.0,0.0,0.0,0.0
uniform_long_baseline,affine,19.263424,shift_h,500,500,9,0.0,False,0.125,0.0,0.0,0.0,0.0
uniform_long_baseline,affine,19.263424,crew_veh_h,500,500,9,0.0,False,0.041118941073893245,0.0,0.0,0.0,0.0
uniform_long_baseline,affine,19.263424,crew_team_h,500,500,9,0.0,False,0.041118941073893245,0.0,0.0,0.0,0.0
uniform_long_baseline,affine,19.263424,shift_ot_h,500,500,9,0.0,False,0.11984239844423428,0.0,0.0,0.0,0.0
uniform_long_baseline,affine,24.039607,shift_h,500,500,9,0.0,False,0.12499999999999978,0.0,0.0,0.0,0.0
uniform_long_baseline,affine,24.039607,crew_veh_h,500,500,9,0.0,False,0.04744440715542475,0.0,0.0,0.0,0.0
uniform_long_baseline,affine,24.039607,crew_team_h,500,500,9,0.0,False,0.04744440715542475,0.0,0.0,0.0,0.0
uniform_long_baseline,affine,24.039607,shift_ot_h,500,500,9,0.0,False,0.12021676105757417,0.0,0.0,0.0,0.0
uniform_long_baseline,affine,30.0,shift_h,500,500,9,0.0,False,0.125,0.0,0.0,0.0,0.0
uniform_long_baseline,affine,30.0,crew_veh_h,500,500,9,0.0,False,0.054115174390413134,0.0,0.0,0.0,0.0
uniform_long_baseline,affine,30.0,crew_team_h,500,500,9,0.0,False,0.054115174390413134,0.0,0.0,0.0,0.0
uniform_long_baseline,affine,30.0,shift_ot_h,500,500,9,0.0,False,0.12061404644820084,0.0,0.0,0.0,0.0
uniform_long_baseline,piecewise,5.1,shift_h,500,500,9,0.0,False,0.125,0.0,0.0,0.0,0.0
uniform_long_baseline,piecewise,5.1,crew_veh_h,500,500,9,0.0,False,0.014777291549477933,0.0,0.0,0.0,0.0
uniform_long_baseline,piecewise,5.1,crew_team_h,500,500,9,0.0,False,0.014777291549477933,0.0,0.0,0.0,0.0
uniform_long_baseline,piecewise,5.1,shift_ot_h,500,500,9,0.0,False,0.11830763020216972,0.0,0.0,0.0,0.0
uniform_long_baseline,piecewise,6.364497,shift_h,500,500,9,0.0,False,0.125,0.0,0.0,0.0,0.0
uniform_long_baseline,piecewise,6.364497,crew_veh_h,500,500,9,0.0,False,0.017916041693131435,0.0,0.0,0.0,0.0
uniform_long_baseline,piecewise,6.364497,crew_team_h,500,500,9,0.0,False,0.017916041693131435,0.0,0.0,0.0,0.0
uniform_long_baseline,piecewise,6.364497,shift_ot_h,500,500,9,0.0,False,0.11848848511882037,0.0,0.0,0.0,0.0
uniform_long_baseline,piecewise,7.942513,shift_h,500,500,9,0.0,False,0.12500000000000022,0.0,0.0,0.0,0.0
uniform_long_baseline,piecewise,7.942513,crew_veh_h,500,500,9,0.0,False,0.02159088130236242,0.0,0.0,0.0,0.0
uniform_long_baseline,piecewise,7.942513,crew_team_h,500,500,9,0.0,False,0.02159088130236242,0.0,0.0,0.0,0.0
uniform_long_baseline,piecewise,7.942513,shift_ot_h,500,500,9,0.0,False,0.11870091790374815,0.0,0.0,0.0,0.0
uniform_long_baseline,piecewise,9.911784,shift_h,500,500,9,0.0,False,0.125,0.0,0.0,0.0,0.0
uniform_long_baseline,piecewise,9.911784,crew_veh_h,500,500,9,0.0,False,0.02583761305564325,0.0,0.0,0.0,0.0
uniform_long_baseline,piecewise,9.911784,crew_team_h,500,500,9,0.0,False,0.02583761305564325,0.0,0.0,0.0,0.0
uniform_long_baseline,piecewise,9.911784,shift_ot_h,500,500,9,0.0,False,0.11894734001146179,0.0,0.0,0.0,0.0
uniform_long_baseline,piecewise,12.369317,shift_h,500,500,9,0.0,False,0.12500000000000022,0.0,0.0,0.0,0.0
uniform_long_baseline,piecewise,12.369317,crew_veh_h,500,500,9,0.0,False,0.030671884533251426,0.0,0.0,0.0,0.0
uniform_long_baseline,piecewise,12.369317,crew_team_h,500,500,9,0.0,False,0.030671884533251426,0.0,0.0,0.0,0.0
uniform_long_baseline,piecewise,12.369317,shift_ot_h,500,500,9,0.0,False,0.11922907557470541,0.0,0.0,0.0,0.0
uniform_long_baseline,piecewise,15.436172,shift_h,500,500,9,0.0,False,0.125,0.0,0.0,0.0,0.0
uniform_long_baseline,piecewise,15.436172,crew_veh_h,500,500,9,0.0,False,0.036081543218521306,0.0,0.0,0.0,0.0
uniform_long_baseline,piecewise,15.436172,crew_team_h,500,500,9,0.0,False,0.036081543218521306,0.0,0.0,0.0,0.0
uniform_long_baseline,piecewise,15.436172,shift_ot_h,500,500,9,0.0,False,0.11954589566927587,0.0,0.0,0.0,0.0
uniform_long_baseline,piecewise,19.263424,shift_h,500,500,9,0.0,False,0.12499999999999978,0.0,0.0,0.0,0.0
uniform_long_baseline,piecewise,19.263424,crew_veh_h,500,500,9,0.0,False,0.04202028612414699,0.0,0.0,0.0,0.0
uniform_long_baseline,piecewise,19.263424,crew_team_h,500,500,9,0.0,False,0.04202028612414699,0.0,0.0,0.0,0.0
uniform_long_baseline,piecewise,19.263424,shift_ot_h,500,500,9,0.0,False,0.11989560369756291,0.0,0.0,0.0,0.0
uniform_long_baseline,piecewise,24.039607,shift_h,500,500,9,0.0,False,0.125,0.0,0.0,0.0,0.0
uniform_long_baseline,piecewise,24.039607,crew_veh_h,500,500,9,0.0,False,0.0484043957954825,0.0,0.0,0.0,0.0
uniform_long_baseline,piecewise,24.039607,crew_team_h,500,500,9,0.0,False,0.0484043957954825,0.0,0.0,0.0,0.0
uniform_long_baseline,piecewise,24.039607,shift_ot_h,500,500,9,0.0,False,0.1202737765077031,0.0,0.0,0.0,0.0
uniform_long_baseline,piecewise,30.0,shift_h,500,500,9,0.0,False,0.12499999999999978,0.0,0.0,0.0,0.0
uniform_long_baseline,piecewise,30.0,crew_veh_h,500,500,9,0.0,False,0.05511421951637452,0.0,0.0,0.0,0.0
uniform_long_baseline,piecewise,30.0,crew_team_h,500,500,9,0.0,False,0.05511421951637452,0.0,0.0,0.0,0.0
uniform_long_baseline,piecewise,30.0,shift_ot_h,500,500,9,0.0,False,0.12067376703166177,0.0,0.0,0.0,0.0
uniform_long_baseline,power_0.72,5.1,shift_h,500,500,9,0.0,False,0.125,0.0,0.0,0.0,0.0
uniform_long_baseline,power_0.72,5.1,crew_veh_h,500,500,9,0.0,False,0.013791813949921128,0.0,0.0,0.0,0.0
uniform_long_baseline,power_0.72,5.1,crew_team_h,500,500,9,0.0,False,0.013791813949921128,0.0,0.0,0.0,0.0
uniform_long_baseline,power_0.72,5.1,shift_ot_h,500,500,9,0.0,False,0.11825095826382692,0.0,0.0,0.0,0.0
uniform_long_baseline,power_0.72,6.364497,shift_h,500,500,9,0.0,False,0.125,0.0,0.0,0.0,0.0
uniform_long_baseline,power_0.72,6.364497,crew_veh_h,500,500,9,0.0,False,0.016753060074399695,0.0,0.0,0.0,0.0
uniform_long_baseline,power_0.72,6.364497,crew_team_h,500,500,9,0.0,False,0.016753060074399695,0.0,0.0,0.0,0.0
uniform_long_baseline,power_0.72,6.364497,shift_ot_h,500,500,9,0.0,False,0.11842141104315007,0.0,0.0,0.0,0.0
uniform_long_baseline,power_0.72,7.942513,shift_h,500,500,9,0.0,False,0.12500000000000022,0.0,0.0,0.0,0.0
uniform_long_baseline,power_0.72,7.942513,crew_veh_h,500,500,9,0.0,False,0.02023443031197414,0.0,0.0,0.0,0.0
uniform_long_baseline,power_0.72,7.942513,crew_team_h,500,500,9,0.0,False,0.02023443031197414,0.0,0.0,0.0,0.0
uniform_long_baseline,power_0.72,7.942513,shift_ot_h,500,500,9,0.0,False,0.11862241836823628,0.0,0.0,0.0,0.0
uniform_long_baseline,power_0.72,9.911784,shift_h,500,500,9,0.0,False,0.125,0.0,0.0,0.0,0.0
uniform_long_baseline,power_0.72,9.911784,crew_veh_h,500,500,9,0.0,False,0.02427699647772763,0.0,0.0,0.0,0.0
uniform_long_baseline,power_0.72,9.911784,crew_team_h,500,500,9,0.0,False,0.02427699647772763,0.0,0.0,0.0,0.0
uniform_long_baseline,power_0.72,9.911784,shift_ot_h,500,500,9,0.0,False,0.11885666700594189,0.0,0.0,0.0,0.0
uniform_long_baseline,power_0.72,12.369317,shift_h,500,500,9,0.0,False,0.12500000000000022,0.0,0.0,0.0,0.0
uniform_long_baseline,power_0.72,12.369317,crew_veh_h,500,500,9,0.0,False,0.028904385490886808,0.0,0.0,0.0,0.0
uniform_long_baseline,power_0.72,12.369317,crew_team_h,500,500,9,0.0,False,0.028904385490886808,0.0,0.0,0.0,0.0
uniform_long_baseline,power_0.72,12.369317,shift_ot_h,500,500,9,0.0,False,0.11912591659030713,0.0,0.0,0.0,0.0
uniform_long_baseline,power_0.72,15.436172,shift_h,500,500,9,0.0,False,0.125,0.0,0.0,0.0,0.0
uniform_long_baseline,power_0.72,15.436172,crew_veh_h,500,500,9,0.0,False,0.034115051009152575,0.0,0.0,0.0,0.0
uniform_long_baseline,power_0.72,15.436172,crew_team_h,500,500,9,0.0,False,0.034115051009152575,0.0,0.0,0.0,0.0
uniform_long_baseline,power_0.72,15.436172,shift_ot_h,500,500,9,0.0,False,0.11943053646470991,0.0,0.0,0.0,0.0
uniform_long_baseline,power_0.72,19.263424,shift_h,500,500,9,0.0,False,0.12499999999999978,0.0,0.0,0.0,0.0
uniform_long_baseline,power_0.72,19.263424,crew_veh_h,500,500,9,0.0,False,0.0398752732944585,0.0,0.0,0.0,0.0
uniform_long_baseline,power_0.72,19.263424,crew_team_h,500,500,9,0.0,False,0.0398752732944585,0.0,0.0,0.0,0.0
uniform_long_baseline,power_0.72,19.263424,shift_ot_h,500,500,9,0.0,False,0.11976906210950933,0.0,0.0,0.0,0.0
uniform_long_baseline,power_0.72,24.039607,shift_h,500,500,9,0.0,False,0.125,0.0,0.0,0.0,0.0
uniform_long_baseline,power_0.72,24.039607,crew_veh_h,500,500,9,0.0,False,0.046114600868170985,0.0,0.0,0.0,0.0
uniform_long_baseline,power_0.72,24.039607,crew_team_h,500,500,9,0.0,False,0.046114600868170985,0.0,0.0,0.0,0.0
uniform_long_baseline,power_0.72,24.039607,shift_ot_h,500,500,9,0.0,False,0.12013786878159904,0.0,0.0,0.0,0.0
uniform_long_baseline,power_0.72,30.0,shift_h,500,500,9,0.0,False,0.125,0.0,0.0,0.0,0.0
uniform_long_baseline,power_0.72,30.0,crew_veh_h,500,500,9,0.0,False,0.052725507065264354,0.0,0.0,0.0,0.0
uniform_long_baseline,power_0.72,30.0,crew_team_h,500,500,9,0.0,False,0.052725507065264354,0.0,0.0,0.0,0.0
uniform_long_baseline,power_0.72,30.0,shift_ot_h,500,500,9,0.0,False,0.12053107148774167,0.0,0.0,0.0,0.0
uniform_long_baseline,power_0.84,5.1,shift_h,500,500,9,0.0,False,0.125,0.0,0.0,0.0,0.0
uniform_long_baseline,power_0.84,5.1,crew_veh_h,500,500,9,0.0,False,0.014725572660547082,0.0,0.0,0.0,0.0
uniform_long_baseline,power_0.84,5.1,crew_team_h,500,500,9,0.0,False,0.014725572660547082,0.0,0.0,0.0,0.0
uniform_long_baseline,power_0.84,5.1,shift_ot_h,500,500,9,0.0,False,0.1183046546791835,0.0,0.0,0.0,0.0
uniform_long_baseline,power_0.84,6.364497,shift_h,500,500,9,0.0,False,0.125,0.0,0.0,0.0,0.0
uniform_long_baseline,power_0.84,6.364497,crew_veh_h,500,500,9,0.0,False,0.017855117044575763,0.0,0.0,0.0,0.0
uniform_long_baseline,power_0.84,6.364497,crew_team_h,500,500,9,0.0,False,0.017855117044575763,0.0,0.0,0.0,0.0
uniform_long_baseline,power_0.84,6.364497,shift_ot_h,500,500,9,0.0,False,0.11848496949196163,0.0,0.0,0.0,0.0
uniform_long_baseline,power_0.84,7.942513,shift_h,500,500,9,0.0,False,0.125,0.0,0.0,0.0,0.0
uniform_long_baseline,power_0.84,7.942513,crew_veh_h,500,500,9,0.0,False,0.021519971472548693,0.0,0.0,0.0,0.0
uniform_long_baseline,power_0.84,7.942513,crew_team_h,500,500,9,0.0,False,0.021519971472548693,0.0,0.0,0.0,0.0
uniform_long_baseline,power_0.84,7.942513,shift_ot_h,500,500,9,0.0,False,0.11869681174520208,0.0,0.0,0.0,0.0
uniform_long_baseline,power_0.84,9.911784,shift_h,500,500,9,0.0,False,0.125,0.0,0.0,0.0,0.0
uniform_long_baseline,power_0.84,9.911784,crew_veh_h,500,500,9,0.0,False,0.025756229777772033,0.0,0.0,0.0,0.0
uniform_long_baseline,power_0.84,9.911784,crew_team_h,500,500,9,0.0,False,0.025756229777772033,0.0,0.0,0.0,0.0
uniform_long_baseline,power_0.84,9.911784,shift_ot_h,500,500,9,0.0,False,0.11894260823747094,0.0,0.0,0.0,0.0
uniform_long_baseline,power_0.84,12.369317,shift_h,500,500,9,0.0,False,0.125,0.0,0.0,0.0,0.0
uniform_long_baseline,power_0.84,12.369317,crew_veh_h,500,500,9,0.0,False,0.030579970012295732,0.0,0.0,0.0,0.0
uniform_long_baseline,power_0.84,12.369317,crew_team_h,500,500,9,0.0,False,0.030579970012295732,0.0,0.0,0.0,0.0
uniform_long_baseline,power_0.84,12.369317,shift_ot_h,500,500,9,0.0,False,0.11922370673350513,0.0,0.0,0.0,0.0
uniform_long_baseline,power_0.84,15.436172,shift_h,500,500,9,0.0,False,0.12499999999999978,0.0,0.0,0.0,0.0
uniform_long_baseline,power_0.84,15.436172,crew_veh_h,500,500,9,0.0,False,0.03597960097804753,0.0,0.0,0.0,0.0
uniform_long_baseline,power_0.84,15.436172,crew_team_h,500,500,9,0.0,False,0.03597960097804753,0.0,0.0,0.0,0.0
uniform_long_baseline,power_0.84,15.436172,shift_ot_h,500,500,9,0.0,False,0.11953991013318332,0.0,0.0,0.0,0.0
uniform_long_baseline,power_0.84,19.263424,shift_h,500,500,9,0.0,False,0.12499999999999978,0.0,0.0,0.0,0.0
uniform_long_baseline,power_0.84,19.263424,crew_veh_h,500,500,9,0.0,False,0.04190947329302763,0.0,0.0,0.0,0.0
uniform_long_baseline,power_0.84,19.263424,crew_team_h,500,500,9,0.0,False,0.04190947329302763,0.0,0.0,0.0,0.0
uniform_long_baseline,power_0.84,19.263424,shift_ot_h,500,500,9,0.0,False,0.1198890600655389,0.0,0.0,0.0,0.0
uniform_long_baseline,power_0.84,24.039607,shift_h,500,500,9,0.0,False,0.12500000000000022,0.0,0.0,0.0,0.0
uniform_long_baseline,power_0.84,24.039607,crew_veh_h,500,500,9,0.0,False,0.04828654408644306,0.0,0.0,0.0,0.0
uniform_long_baseline,power_0.84,24.039607,crew_team_h,500,500,9,0.0,False,0.04828654408644306,0.0,0.0,0.0,0.0
uniform_long_baseline,power_0.84,24.039607,shift_ot_h,500,500,9,0.0,False,0.1202667742342618,0.0,0.0,0.0,0.0
uniform_long_baseline,power_0.84,30.0,shift_h,500,500,9,0.0,False,0.125,0.0,0.0,0.0,0.0
uniform_long_baseline,power_0.84,30.0,crew_veh_h,500,500,9,0.0,False,0.054991760052310434,0.0,0.0,0.0,0.0
uniform_long_baseline,power_0.84,30.0,crew_team_h,500,500,9,0.0,False,0.054991760052310434,0.0,0.0,0.0,0.0
uniform_long_baseline,power_0.84,30.0,shift_ot_h,500,500,9,0.0,False,0.12066644357975065,0.0,0.0,0.0,0.0
uniform_long_baseline,power_0.96,5.1,shift_h,500,500,9,0.0,False,0.125,0.0,0.0,0.0,0.0
uniform_long_baseline,power_0.96,5.1,crew_veh_h,500,500,9,0.0,False,0.015713617622858944,0.0,0.0,0.0,0.0
uniform_long_baseline,power_0.96,5.1,crew_team_h,500,500,9,0.0,False,0.015713617622858944,0.0,0.0,0.0,0.0
uniform_long_baseline,power_0.96,5.1,shift_ot_h,500,500,9,0.0,False,0.11836152481499318,0.0,0.0,0.0,0.0
uniform_long_baseline,power_0.96,6.364497,shift_h,500,500,9,0.0,False,0.12500000000000022,0.0,0.0,0.0,0.0
uniform_long_baseline,power_0.96,6.364497,crew_veh_h,500,500,9,0.0,False,0.0190169338291879,0.0,0.0,0.0,0.0
uniform_long_baseline,power_0.96,6.364497,crew_team_h,500,500,9,0.0,False,0.0190169338291879,0.0,0.0,0.0,0.0
uniform_long_baseline,power_0.96,6.364497,shift_ot_h,500,500,9,0.0,False,0.11855204672939679,0.0,0.0,0.0,0.0
uniform_long_baseline,power_0.96,7.942513,shift_h,500,500,9,0.0,False,0.125,0.0,0.0,0.0,0.0
uniform_long_baseline,power_0.96,7.942513,crew_veh_h,500,500,9,0.0,False,0.022869357535578505,0.0,0.0,0.0,0.0
uniform_long_baseline,power_0.96,7.942513,crew_team_h,500,500,9,0.0,False,0.022869357535578505,0.0,0.0,0.0,0.0
uniform_long_baseline,power_0.96,7.942513,shift_ot_h,500,500,9,0.0,False,0.11877499801434688,0.0,0.0,0.0,0.0
uniform_long_baseline,power_0.96,9.911784,shift_h,500,500,9,0.0,False,0.125,0.0,0.0,0.0,0.0
uniform_long_baseline,power_0.96,9.911784,crew_veh_h,500,500,9,0.0,False,0.027301164532434585,0.0,0.0,0.0,0.0
uniform_long_baseline,power_0.96,9.911784,crew_team_h,500,500,9,0.0,False,0.027301164532434585,0.0,0.0,0.0,0.0
uniform_long_baseline,power_0.96,9.911784,shift_ot_h,500,500,9,0.0,False,0.11903249649216208,0.0,0.0,0.0,0.0
uniform_long_baseline,power_0.96,12.369317,shift_h,500,500,9,0.0,False,0.125,0.0,0.0,0.0,0.0
uniform_long_baseline,power_0.96,12.369317,crew_veh_h,500,500,9,0.0,False,0.032320018926109695,0.0,0.0,0.0,0.0
uniform_long_baseline,power_0.96,12.369317,crew_team_h,500,500,9,0.0,False,0.032320018926109695,0.0,0.0,0.0,0.0
uniform_long_baseline,power_0.96,12.369317,shift_ot_h,500,500,9,0.0,False,0.11932542548595904,0.0,0.0,0.0,0.0
uniform_long_baseline,power_0.96,15.436172,shift_h,500,500,9,0.0,False,0.125,0.0,0.0,0.0,0.0
uniform_long_baseline,power_0.96,15.436172,crew_veh_h,500,500,9,0.0,False,0.03790355737250195,0.0,0.0,0.0,0.0
uniform_long_baseline,power_0.96,15.436172,crew_team_h,500,500,9,0.0,False,0.03790355737250195,0.0,0.0,0.0,0.0
uniform_long_baseline,power_0.96,15.436172,shift_ot_h,500,500,9,0.0,False,0.11965297415918452,0.0,0.0,0.0,0.0
uniform_long_baseline,power_0.96,19.263424,shift_h,500,500,9,0.0,False,0.125,0.0,0.0,0.0,0.0
uniform_long_baseline,power_0.96,19.263424,crew_veh_h,500,500,9,0.0,False,0.04399381466620356,0.0,0.0,0.0,0.0
uniform_long_baseline,power_0.96,19.263424,crew_team_h,500,500,9,0.0,False,0.04399381466620356,0.0,0.0,0.0,0.0
uniform_long_baseline,power_0.96,19.263424,shift_ot_h,500,500,9,0.0,False,0.12001226010069854,0.0,0.0,0.0,0.0
uniform_long_baseline,power_0.96,24.039607,shift_h,500,500,9,0.0,False,0.125,0.0,0.0,0.0,0.0
uniform_long_baseline,power_0.96,24.039607,crew_veh_h,500,500,9,0.0,False,0.05049530263674851,0.0,0.0,0.0,0.0
uniform_long_baseline,power_0.96,24.039607,crew_team_h,500,500,9,0.0,False,0.05049530263674851,0.0,0.0,0.0,0.0
uniform_long_baseline,power_0.96,24.039607,shift_ot_h,500,500,9,0.0,False,0.12039814251806957,0.0,0.0,0.0,0.0
uniform_long_baseline,power_0.96,30.0,shift_h,500,500,9,0.0,False,0.125,0.0,0.0,0.0,0.0
uniform_long_baseline,power_0.96,30.0,crew_veh_h,500,500,9,0.0,False,0.05727822433575547,0.0,0.0,0.0,0.0
uniform_long_baseline,power_0.96,30.0,crew_team_h,500,500,9,0.0,False,0.05727822433575547,0.0,0.0,0.0,0.0
uniform_long_baseline,power_0.96,30.0,shift_ot_h,500,500,9,0.0,False,0.12080332479149214,0.0,0.0,0.0,0.0
uniform_long_tight,affine,5.1,shift_h,500,500,10,0.0,False,0.11111111111111116,0.0,0.0,0.0,0.0
uniform_long_tight,affine,5.1,crew_veh_h,500,500,10,0.0,False,0.0029295133324926947,0.0,0.0,0.0,0.0
uniform_long_tight,affine,5.1,crew_team_h,500,500,10,0.0,False,0.0029295133324926947,0.0,0.0,0.0,0.0
uniform_long_tight,affine,5.1,shift_ot_h,500,500,10,0.0,False,0.11158796307557006,0.0,0.0,0.0,0.0
uniform_long_tight,affine,6.364497,shift_h,500,500,10,0.0,False,0.11111111111111116,0.0,0.0,0.0,0.0
uniform_long_tight,affine,6.364497,crew_veh_h,500,500,10,0.0,False,0.006210235788261853,0.0,0.0,0.0,0.0
uniform_long_tight,affine,6.364497,crew_team_h,500,500,10,0.0,False,0.006210235788261853,0.0,0.0,0.0,0.0
uniform_long_tight,affine,6.364497,shift_ot_h,500,500,10,0.0,False,0.11157486781433912,0.0,0.0,0.0,0.0
uniform_long_tight,affine,7.942513,shift_h,500,500,10,0.0,False,0.11111111111111094,0.0,0.0,0.0,0.0
uniform_long_tight,affine,7.942513,crew_veh_h,500,500,10,0.0,False,0.010035456913871199,0.0,0.0,0.0,0.0
uniform_long_tight,affine,7.942513,crew_team_h,500,500,10,0.0,False,0.010035456913871199,0.0,0.0,0.0,0.0
uniform_long_tight,affine,7.942513,shift_ot_h,500,500,10,0.0,False,0.11155950112173318,0.0,0.0,0.0,0.0
uniform_long_tight,affine,9.911784,shift_h,500,500,10,0.0,False,0.11111111111111116,0.0,0.0,0.0,0.0
uniform_long_tight,affine,9.911784,crew_veh_h,500,500,10,0.0,False,0.014434834462603519,0.0,0.0,0.0,0.0
uniform_long_tight,affine,9.911784,crew_team_h,500,500,10,0.0,False,0.014434834462603519,0.0,0.0,0.0,0.0
uniform_long_tight,affine,9.911784,shift_ot_h,500,500,10,0.0,False,0.11154169608166353,0.0,0.0,0.0,0.0
uniform_long_tight,affine,12.369317,shift_h,500,500,10,0.0,False,0.11111111111111116,0.0,0.0,0.0,0.0
uniform_long_tight,affine,12.369317,crew_veh_h,500,500,10,0.0,False,0.0194154970457574,0.0,0.0,0.0,0.0
uniform_long_tight,affine,12.369317,crew_team_h,500,500,10,0.0,False,0.0194154970457574,0.0,0.0,0.0,0.0
uniform_long_tight,affine,12.369317,shift_ot_h,500,500,10,0.0,False,0.1115213661983201,0.0,0.0,0.0,0.0
uniform_long_tight,affine,15.436172,shift_h,500,500,10,0.0,False,0.11111111111111094,0.0,0.0,0.0,0.0
uniform_long_tight,affine,15.436172,crew_veh_h,500,500,10,0.0,False,0.02495471692614326,0.0,0.0,0.0,0.0
uniform_long_tight,affine,15.436172,crew_team_h,500,500,10,0.0,False,0.02495471692614326,0.0,0.0,0.0,0.0
uniform_long_tight,affine,15.436172,shift_ot_h,500,500,10,0.0,False,0.11149853859432723,0.0,0.0,0.0,0.0
uniform_long_tight,affine,19.263424,shift_h,500,500,10,0.0,False,0.11111111111111116,0.0,0.0,0.0,0.0
uniform_long_tight,affine,19.263424,crew_veh_h,500,500,10,0.0,False,0.030994437361839378,0.0,0.0,0.0,0.0
uniform_long_tight,affine,19.263424,crew_team_h,500,500,10,0.0,False,0.030994437361839378,0.0,0.0,0.0,0.0
uniform_long_tight,affine,19.263424,shift_ot_h,500,500,10,0.0,False,0.11147338298414389,0.0,0.0,0.0,0.0
uniform_long_tight,affine,24.039607,shift_h,500,500,10,0.0,False,0.11111111111111116,0.0,0.0,0.0,0.0
uniform_long_tight,affine,24.039607,crew_veh_h,500,500,10,0.0,False,0.037439448577692325,0.0,0.0,0.0,0.0
uniform_long_tight,affine,24.039607,crew_team_h,500,500,10,0.0,False,0.037439448577692325,0.0,0.0,0.0,0.0
uniform_long_tight,affine,24.039607,shift_ot_h,500,500,10,0.0,False,0.11144622886309152,0.0,0.0,0.0,0.0
uniform_long_tight,affine,30.0,shift_h,500,500,10,0.0,False,0.11111111111111116,0.0,0.0,0.0,0.0
uniform_long_tight,affine,30.0,crew_veh_h,500,500,10,0.0,False,0.044160668480847765,0.0,0.0,0.0,0.0
uniform_long_tight,affine,30.0,crew_team_h,500,500,10,0.0,False,0.044160668480847765,0.0,0.0,0.0,0.0
uniform_long_tight,affine,30.0,shift_ot_h,500,500,10,0.0,False,0.11141756346486775,0.0,0.0,0.0,0.0
uniform_long_tight,piecewise,5.1,shift_h,500,500,10,0.0,False,0.11111111111111116,0.0,0.0,0.0,0.0
uniform_long_tight,piecewise,5.1,crew_veh_h,500,500,10,0.0,False,0.0033782363667944626,0.0,0.0,0.0,0.0
uniform_long_tight,piecewise,5.1,crew_team_h,500,500,10,0.0,False,0.0033782363667944626,0.0,0.0,0.0,0.0
uniform_long_tight,piecewise,5.1,shift_ot_h,500,500,10,0.0,False,0.11158617651761471,0.0,0.0,0.0,0.0
uniform_long_tight,piecewise,6.364497,shift_h,500,500,10,0.0,False,0.11111111111111116,0.0,0.0,0.0,0.0
uniform_long_tight,piecewise,6.364497,crew_veh_h,500,500,10,0.0,False,0.006736308033426175,0.0,0.0,0.0,0.0
uniform_long_tight,piecewise,6.364497,crew_team_h,500,500,10,0.0,False,0.006736308033426175,0.0,0.0,0.0,0.0
uniform_long_tight,piecewise,6.364497,shift_ot_h,500,500,10,0.0,False,0.11157276075524414,0.0,0.0,0.0,0.0
uniform_long_tight,piecewise,7.942513,shift_h,500,500,10,0.0,False,0.11111111111111094,0.0,0.0,0.0,0.0
uniform_long_tight,piecewise,7.942513,crew_veh_h,500,500,10,0.0,False,0.010644339426918892,0.0,0.0,0.0,0.0
uniform_long_tight,piecewise,7.942513,crew_team_h,500,500,10,0.0,False,0.010644339426918892,0.0,0.0,0.0,0.0
uniform_long_tight,piecewise,7.942513,shift_ot_h,500,500,10,0.0,False,0.1115570453126189,0.0,0.0,0.0,0.0
uniform_long_tight,piecewise,9.911784,shift_h,500,500,10,0.0,False,0.11111111111111116,0.0,0.0,0.0,0.0
uniform_long_tight,piecewise,9.911784,crew_veh_h,500,500,10,0.0,False,0.015129167506061636,0.0,0.0,0.0,0.0
uniform_long_tight,piecewise,9.911784,crew_team_h,500,500,10,0.0,False,0.015129167506061636,0.0,0.0,0.0,0.0
uniform_long_tight,piecewise,9.911784,shift_ot_h,500,500,10,0.0,False,0.11153887300455256,0.0,0.0,0.0,0.0
uniform_long_tight,piecewise,12.369317,shift_h,500,500,10,0.0,False,0.11111111111111116,0.0,0.0,0.0,0.0
uniform_long_tight,piecewise,12.369317,crew_veh_h,500,500,10,0.0,False,0.020193975452978297,0.0,0.0,0.0,0.0
uniform_long_tight,piecewise,12.369317,crew_team_h,500,500,10,0.0,False,0.020193975452978297,0.0,0.0,0.0,0.0
uniform_long_tight,piecewise,12.369317,shift_ot_h,500,500,10,0.0,False,0.11151817194789349,0.0,0.0,0.0,0.0
uniform_long_tight,piecewise,15.436172,shift_h,500,500,10,0.0,False,0.11111111111111116,0.0,0.0,0.0,0.0
uniform_long_tight,piecewise,15.436172,crew_veh_h,500,500,10,0.0,False,0.025811128650507387,0.0,0.0,0.0,0.0
uniform_long_tight,piecewise,15.436172,crew_team_h,500,500,10,0.0,False,0.025811128650507387,0.0,0.0,0.0,0.0
uniform_long_tight,piecewise,15.436172,shift_ot_h,500,500,10,0.0,False,0.11149498855981377,0.0,0.0,0.0,0.0
uniform_long_tight,piecewise,19.263424,shift_h,500,500,10,0.0,False,0.11111111111111116,0.0,0.0,0.0,0.0
uniform_long_tight,piecewise,19.263424,crew_veh_h,500,500,10,0.0,False,0.031917125931729906,0.0,0.0,0.0,0.0
uniform_long_tight,piecewise,19.263424,crew_team_h,500,500,10,0.0,False,0.031917125931729906,0.0,0.0,0.0,0.0
uniform_long_tight,piecewise,19.263424,shift_ot_h,500,500,10,0.0,False,0.11146951529886828,0.0,0.0,0.0,0.0
uniform_long_tight,piecewise,24.039607,shift_h,500,500,10,0.0,False,0.11111111111111094,0.0,0.0,0.0,0.0
uniform_long_tight,piecewise,24.039607,crew_veh_h,500,500,10,0.0,False,0.038411449721676316,0.0,0.0,0.0,0.0
uniform_long_tight,piecewise,24.039607,crew_team_h,500,500,10,0.0,False,0.038411449721676316,0.0,0.0,0.0,0.0
uniform_long_tight,piecewise,24.039607,shift_ot_h,500,500,10,0.0,False,0.11144210546430644,0.0,0.0,0.0,0.0
uniform_long_tight,piecewise,30.0,shift_h,500,500,10,0.0,False,0.11111111111111116,0.0,0.0,0.0,0.0
uniform_long_tight,piecewise,30.0,crew_veh_h,500,500,10,0.0,False,0.045160666143531314,0.0,0.0,0.0,0.0
uniform_long_tight,piecewise,30.0,crew_team_h,500,500,10,0.0,False,0.045160666143531314,0.0,0.0,0.0,0.0
uniform_long_tight,piecewise,30.0,shift_ot_h,500,500,10,0.0,False,0.11141326783913774,0.0,0.0,0.0,0.0
uniform_long_tight,power_0.72,5.1,shift_h,500,500,10,0.0,False,0.11111111111111116,0.0,0.0,0.0,0.0
uniform_long_tight,power_0.72,5.1,crew_veh_h,500,500,10,0.0,False,0.0023200425868266095,0.0,0.0,0.0,0.0
uniform_long_tight,power_0.72,5.1,crew_team_h,500,500,10,0.0,False,0.0023200425868266095,0.0,0.0,0.0,0.0
uniform_long_tight,power_0.72,5.1,shift_ot_h,500,500,10,0.0,False,0.11159038733500326,0.0,0.0,0.0,0.0
uniform_long_tight,power_0.72,6.364497,shift_h,500,500,10,0.0,False,0.11111111111111116,0.0,0.0,0.0,0.0
uniform_long_tight,power_0.72,6.364497,crew_veh_h,500,500,10,0.0,False,0.0054942365848724695,0.0,0.0,0.0,0.0
uniform_long_tight,power_0.72,6.364497,crew_team_h,500,500,10,0.0,False,0.0054942365848724695,0.0,0.0,0.0,0.0
uniform_long_tight,power_0.72,6.364497,shift_ot_h,500,500,10,0.0,False,0.11157773237646196,0.0,0.0,0.0,0.0
uniform_long_tight,power_0.72,7.942513,shift_h,500,500,10,0.0,False,0.11111111111111116,0.0,0.0,0.0,0.0
uniform_long_tight,power_0.72,7.942513,crew_veh_h,500,500,10,0.0,False,0.009204761512499271,0.0,0.0,0.0,0.0
uniform_long_tight,power_0.72,7.942513,crew_team_h,500,500,10,0.0,False,0.009204761512499271,0.0,0.0,0.0,0.0
uniform_long_tight,power_0.72,7.942513,shift_ot_h,500,500,10,0.0,False,0.11156284721570908,0.0,0.0,0.0,0.0
uniform_long_tight,power_0.72,9.911784,shift_h,500,500,10,0.0,False,0.11111111111111094,0.0,0.0,0.0,0.0
uniform_long_tight,power_0.72,9.911784,crew_veh_h,500,500,10,0.0,False,0.01348494286747881,0.0,0.0,0.0,0.0
uniform_long_tight,power_0.72,9.911784,crew_team_h,500,500,10,0.0,False,0.01348494286747881,0.0,0.0,0.0,0.0
uniform_long_tight,power_0.72,9.911784,shift_ot_h,500,500,10,0.0,False,0.11154555247499287,0.0,0.0,0.0,0.0
uniform_long_tight,power_0.72,12.369317,shift_h,500,500,10,0.0,False,0.11111111111111116,0.0,0.0,0.0,0.0
uniform_long_tight,power_0.72,12.369317,crew_veh_h,500,500,10,0.0,False,0.01834715680628607,0.0,0.0,0.0,0.0
uniform_long_tight,power_0.72,12.369317,crew_team_h,500,500,10,0.0,False,0.01834715680628607,0.0,0.0,0.0,0.0
uniform_long_tight,power_0.72,12.369317,shift_ot_h,500,500,10,0.0,False,0.11152574243962388,0.0,0.0,0.0,0.0
uniform_long_tight,power_0.72,15.436172,shift_h,500,500,10,0.0,False,0.11111111111111116,0.0,0.0,0.0,0.0
uniform_long_tight,power_0.72,15.436172,crew_veh_h,500,500,10,0.0,False,0.023775332562528728,0.0,0.0,0.0,0.0
uniform_long_tight,power_0.72,15.436172,crew_team_h,500,500,10,0.0,False,0.023775332562528728,0.0,0.0,0.0,0.0
uniform_long_tight,power_0.72,15.436172,shift_ot_h,500,500,10,0.0,False,0.1115034183241379,0.0,0.0,0.0,0.0
uniform_long_tight,power_0.72,19.263424,shift_h,500,500,10,0.0,False,0.11111111111111116,0.0,0.0,0.0,0.0
uniform_long_tight,power_0.72,19.263424,crew_veh_h,500,500,10,0.0,False,0.029718953371431045,0.0,0.0,0.0,0.0
uniform_long_tight,power_0.72,19.263424,crew_team_h,500,500,10,0.0,False,0.029718953371431045,0.0,0.0,0.0,0.0
uniform_long_tight,power_0.72,19.263424,shift_ot_h,500,500,10,0.0,False,0.11147871869168569,0.0,0.0,0.0,0.0
uniform_long_tight,power_0.72,24.039607,shift_h,500,500,10,0.0,False,0.11111111111111094,0.0,0.0,0.0,0.0
uniform_long_tight,power_0.72,24.039607,crew_veh_h,500,500,10,0.0,False,0.036090344696342536,0.0,0.0,0.0,0.0
uniform_long_tight,power_0.72,24.039607,crew_team_h,500,500,10,0.0,False,0.036090344696342536,0.0,0.0,0.0,0.0
uniform_long_tight,power_0.72,24.039607,shift_ot_h,500,500,10,0.0,False,0.11145193970695288,0.0,0.0,0.0,0.0
uniform_long_tight,power_0.72,30.0,shift_h,500,500,10,0.0,False,0.11111111111111116,0.0,0.0,0.0,0.0
uniform_long_tight,power_0.72,30.0,crew_veh_h,500,500,10,0.0,False,0.042766828390081724,0.0,0.0,0.0,0.0
uniform_long_tight,power_0.72,30.0,crew_team_h,500,500,10,0.0,False,0.042766828390081724,0.0,0.0,0.0,0.0
uniform_long_tight,power_0.72,30.0,shift_ot_h,500,500,10,0.0,False,0.1114235375506274,0.0,0.0,0.0,0.0
uniform_long_tight,power_0.84,5.1,shift_h,500,500,10,0.0,False,0.11111111111111116,0.0,0.0,0.0,0.0
uniform_long_tight,power_0.84,5.1,crew_veh_h,500,500,10,0.0,False,0.003322747198261755,0.0,0.0,0.0,0.0
uniform_long_tight,power_0.84,5.1,crew_team_h,500,500,10,0.0,False,0.003322747198261755,0.0,0.0,0.0,0.0
uniform_long_tight,power_0.84,5.1,shift_ot_h,500,500,10,0.0,False,0.11158639752169663,0.0,0.0,0.0,0.0
uniform_long_tight,power_0.84,6.364497,shift_h,500,500,10,0.0,False,0.11111111111111116,0.0,0.0,0.0,0.0
uniform_long_tight,power_0.84,6.364497,crew_veh_h,500,500,10,0.0,False,0.006671303490982439,0.0,0.0,0.0,0.0
uniform_long_tight,power_0.84,6.364497,crew_team_h,500,500,10,0.0,False,0.006671303490982439,0.0,0.0,0.0,0.0
uniform_long_tight,power_0.84,6.364497,shift_ot_h,500,500,10,0.0,False,0.11157302122382973,0.0,0.0,0.0,0.0
uniform_long_tight,power_0.84,7.942513,shift_h,500,500,10,0.0,False,0.11111111111111116,0.0,0.0,0.0,0.0
uniform_long_tight,power_0.84,7.942513,crew_veh_h,500,500,10,0.0,False,0.010569169249655452,0.0,0.0,0.0,0.0
uniform_long_tight,power_0.84,7.942513,crew_team_h,500,500,10,0.0,False,0.010569169249655452,0.0,0.0,0.0,0.0
uniform_long_tight,power_0.84,7.942513,shift_ot_h,500,500,10,0.0,False,0.11155734864315892,0.0,0.0,0.0,0.0
uniform_long_tight,power_0.84,9.911784,shift_h,500,500,10,0.0,False,0.11111111111111116,0.0,0.0,0.0,0.0
uniform_long_tight,power_0.84,9.911784,crew_veh_h,500,500,10,0.0,False,0.015043535500830485,0.0,0.0,0.0,0.0
uniform_long_tight,power_0.84,9.911784,crew_team_h,500,500,10,0.0,False,0.015043535500830485,0.0,0.0,0.0,0.0
uniform_long_tight,power_0.84,9.911784,shift_ot_h,500,500,10,0.0,False,0.1115392213666293,0.0,0.0,0.0,0.0
uniform_long_tight,power_0.84,12.369317,shift_h,500,500,10,0.0,False,0.11111111111111116,0.0,0.0,0.0,0.0
uniform_long_tight,power_0.84,12.369317,crew_veh_h,500,500,10,0.0,False,0.020098076698442213,0.0,0.0,0.0,0.0
uniform_long_tight,power_0.84,12.369317,crew_team_h,500,500,10,0.0,False,0.020098076698442213,0.0,0.0,0.0,0.0
uniform_long_tight,power_0.84,12.369317,shift_ot_h,500,500,10,0.0,False,0.11151856568427698,0.0,0.0,0.0,0.0
uniform_long_tight,power_0.84,15.436172,shift_h,500,500,10,0.0,False,0.11111111111111116,0.0,0.0,0.0,0.0
uniform_long_tight,power_0.84,15.436172,crew_veh_h,500,500,10,0.0,False,0.025705764829349942,0.0,0.0,0.0,0.0
uniform_long_tight,power_0.84,15.436172,crew_team_h,500,500,10,0.0,False,0.025705764829349942,0.0,0.0,0.0,0.0
uniform_long_tight,power_0.84,15.436172,shift_ot_h,500,500,10,0.0,False,0.11149542561904191,0.0,0.0,0.0,0.0
uniform_long_tight,power_0.84,19.263424,shift_h,500,500,10,0.0,False,0.11111111111111116,0.0,0.0,0.0,0.0
uniform_long_tight,power_0.84,19.263424,crew_veh_h,500,500,10,0.0,False,0.03180376667137974,0.0,0.0,0.0,0.0
uniform_long_tight,power_0.84,19.263424,crew_team_h,500,500,10,0.0,False,0.03180376667137974,0.0,0.0,0.0,0.0
uniform_long_tight,power_0.84,19.263424,shift_ot_h,500,500,10,0.0,False,0.1114699908276291,0.0,0.0,0.0,0.0
uniform_long_tight,power_0.84,24.039607,shift_h,500,500,10,0.0,False,0.11111111111111094,0.0,0.0,0.0,0.0
uniform_long_tight,power_0.84,24.039607,crew_veh_h,500,500,10,0.0,False,0.03829220976964165,0.0,0.0,0.0,0.0
uniform_long_tight,power_0.84,24.039607,crew_team_h,500,500,10,0.0,False,0.03829220976964165,0.0,0.0,0.0,0.0
uniform_long_tight,power_0.84,24.039607,shift_ot_h,500,500,10,0.0,False,0.11144261170094683,0.0,0.0,0.0,0.0
uniform_long_tight,power_0.84,30.0,shift_h,500,500,10,0.0,False,0.11111111111111116,0.0,0.0,0.0,0.0
uniform_long_tight,power_0.84,30.0,crew_veh_h,500,500,10,0.0,False,0.045038181833941815,0.0,0.0,0.0,0.0
uniform_long_tight,power_0.84,30.0,crew_team_h,500,500,10,0.0,False,0.045038181833941815,0.0,0.0,0.0,0.0
uniform_long_tight,power_0.84,30.0,shift_ot_h,500,500,10,0.0,False,0.11141379441786281,0.0,0.0,0.0,0.0
uniform_long_tight,power_0.96,5.1,shift_h,500,500,10,0.0,False,0.11111111111111116,0.0,0.0,0.0,0.0
uniform_long_tight,power_0.96,5.1,crew_veh_h,500,500,10,0.0,False,0.004381941532737743,0.0,0.0,0.0,0.0
uniform_long_tight,power_0.96,5.1,crew_team_h,500,500,10,0.0,False,0.004381941532737743,0.0,0.0,0.0,0.0
uniform_long_tight,power_0.96,5.1,shift_ot_h,500,500,10,0.0,False,0.11158217512178537,0.0,0.0,0.0,0.0
uniform_long_tight,power_0.96,6.364497,shift_h,500,500,10,0.0,False,0.11111111111111116,0.0,0.0,0.0,0.0
uniform_long_tight,power_0.96,6.364497,crew_veh_h,500,500,10,0.0,False,0.007909718324561554,0.0,0.0,0.0,0.0
uniform_long_tight,power_0.96,6.364497,crew_team_h,500,500,10,0.0,False,0.007909718324561554,0.0,0.0,0.0,0.0
uniform_long_tight,power_0.96,6.364497,shift_ot_h,500,500,10,0.0,False,0.11156805373309275,0.0,0.0,0.0,0.0
uniform_long_tight,power_0.96,7.942513,shift_h,500,500,10,0.0,False,0.11111111111111116,0.0,0.0,0.0,0.0
uniform_long_tight,power_0.96,7.942513,crew_veh_h,500,500,10,0.0,False,0.011998019452395425,0.0,0.0,0.0,0.0
uniform_long_tight,power_0.96,7.942513,crew_team_h,500,500,10,0.0,False,0.011998019452395425,0.0,0.0,0.0,0.0
uniform_long_tight,power_0.96,7.942513,shift_ot_h,500,500,10,0.0,False,0.11155157580990305,0.0,0.0,0.0,0.0
uniform_long_tight,power_0.96,9.911784,shift_h,500,500,10,0.0,False,0.11111111111111116,0.0,0.0,0.0,0.0
uniform_long_tight,power_0.96,9.911784,crew_veh_h,500,500,10,0.0,False,0.016667041202361288,0.0,0.0,0.0,0.0
uniform_long_tight,power_0.96,9.911784,crew_team_h,500,500,10,0.0,False,0.016667041202361288,0.0,0.0,0.0,0.0
uniform_long_tight,power_0.96,9.911784,shift_ot_h,500,500,10,0.0,False,0.1115326075037093,0.0,0.0,0.0,0.0
uniform_long_tight,power_0.96,12.369317,shift_h,500,500,10,0.0,False,0.11111111111111116,0.0,0.0,0.0,0.0
uniform_long_tight,power_0.96,12.369317,crew_veh_h,500,500,10,0.0,False,0.0219109416457961,0.0,0.0,0.0,0.0
uniform_long_tight,power_0.96,12.369317,crew_team_h,500,500,10,0.0,False,0.0219109416457961,0.0,0.0,0.0,0.0
uniform_long_tight,power_0.96,12.369317,shift_ot_h,500,500,10,0.0,False,0.11151111084171639,0.0,0.0,0.0,0.0
uniform_long_tight,power_0.96,15.436172,shift_h,500,500,10,0.0,False,0.11111111111111116,0.0,0.0,0.0,0.0
uniform_long_tight,power_0.96,15.436172,crew_veh_h,500,500,10,0.0,False,0.027691151474414033,0.0,0.0,0.0,0.0
uniform_long_tight,power_0.96,15.436172,crew_team_h,500,500,10,0.0,False,0.027691151474414033,0.0,0.0,0.0,0.0
uniform_long_tight,power_0.96,15.436172,shift_ot_h,500,500,10,0.0,False,0.11148717583013079,0.0,0.0,0.0,0.0
uniform_long_tight,power_0.96,19.263424,shift_h,500,500,10,0.0,False,0.11111111111111116,0.0,0.0,0.0,0.0
uniform_long_tight,power_0.96,19.263424,crew_veh_h,500,500,10,0.0,False,0.03393237147488026,0.0,0.0,0.0,0.0
uniform_long_tight,power_0.96,19.263424,crew_team_h,500,500,10,0.0,False,0.03393237147488026,0.0,0.0,0.0,0.0
uniform_long_tight,power_0.96,19.263424,shift_ot_h,500,500,10,0.0,False,0.1114610449650355,0.0,0.0,0.0,0.0
uniform_long_tight,power_0.96,24.039607,shift_h,500,500,10,0.0,False,0.11111111111111116,0.0,0.0,0.0,0.0
uniform_long_tight,power_0.96,24.039607,crew_veh_h,500,500,10,0.0,False,0.0405229740165054,0.0,0.0,0.0,0.0
uniform_long_tight,power_0.96,24.039607,crew_team_h,500,500,10,0.0,False,0.0405229740165054,0.0,0.0,0.0,0.0
uniform_long_tight,power_0.96,24.039607,shift_ot_h,500,500,10,0.0,False,0.11143312234868885,0.0,0.0,0.0,0.0
uniform_long_tight,power_0.96,30.0,shift_h,500,500,10,0.0,False,0.11111111111111116,0.0,0.0,0.0,0.0
uniform_long_tight,power_0.96,30.0,crew_veh_h,500,500,10,0.0,False,0.04732088489370034,0.0,0.0,0.0,0.0
uniform_long_tight,power_0.96,30.0,crew_team_h,500,500,10,0.0,False,0.04732088489370034,0.0,0.0,0.0,0.0
uniform_long_tight,power_0.96,30.0,shift_ot_h,500,500,10,0.0,False,0.11140396090889326,0.0,0.0,0.0,0.0
uniform_massdep_baseline,affine,5.1,shift_h,500,500,9,0.0,False,0.125,0.0,0.0,0.0,0.0
uniform_massdep_baseline,affine,5.1,crew_veh_h,500,500,9,0.0,False,0.01535058924952759,0.0,0.0,0.0,0.0
uniform_massdep_baseline,affine,5.1,crew_team_h,500,500,9,0.0,False,0.01535058924952759,0.0,0.0,0.0,0.0
uniform_massdep_baseline,affine,5.1,shift_ot_h,500,500,9,0.0,False,0.12067974161774897,0.0,0.0,0.0,0.0
uniform_massdep_baseline,affine,6.364497,shift_h,500,500,9,0.0,False,0.125,0.0,0.0,0.0,0.0
uniform_massdep_baseline,affine,6.364497,crew_veh_h,500,500,9,0.0,False,0.01859057163136124,0.0,0.0,0.0,0.0
uniform_massdep_baseline,affine,6.364497,crew_team_h,500,500,9,0.0,False,0.01859057163136124,0.0,0.0,0.0,0.0
uniform_massdep_baseline,affine,6.364497,shift_ot_h,500,500,9,0.0,False,0.12079549194714678,0.0,0.0,0.0,0.0
uniform_massdep_baseline,affine,7.942513,shift_h,500,500,9,0.0,False,0.12500000000000022,0.0,0.0,0.0,0.0
uniform_massdep_baseline,affine,7.942513,crew_veh_h,500,500,9,0.0,False,0.022374858075536963,0.0,0.0,0.0,0.0
uniform_massdep_baseline,affine,7.942513,crew_team_h,500,500,9,0.0,False,0.022374858075536963,0.0,0.0,0.0,0.0
uniform_massdep_baseline,affine,7.942513,shift_ot_h,500,500,9,0.0,False,0.12093152306203381,0.0,0.0,0.0,0.0
uniform_massdep_baseline,affine,9.911784,shift_h,500,500,9,0.0,False,0.125,0.0,0.0,0.0,0.0
uniform_massdep_baseline,affine,9.911784,crew_veh_h,500,500,9,0.0,False,0.026735923035275944,0.0,0.0,0.0,0.0
uniform_massdep_baseline,affine,9.911784,crew_team_h,500,500,9,0.0,False,0.026735923035275944,0.0,0.0,0.0,0.0
uniform_massdep_baseline,affine,9.911784,shift_ot_h,500,500,9,0.0,False,0.12108941455566846,0.0,0.0,0.0,0.0
uniform_massdep_baseline,affine,12.369317,shift_h,500,500,9,0.0,False,0.125,0.0,0.0,0.0,0.0
uniform_massdep_baseline,affine,12.369317,crew_veh_h,500,500,9,0.0,False,0.03168456631000649,0.0,0.0,0.0,0.0
uniform_massdep_baseline,affine,12.369317,crew_team_h,500,500,9,0.0,False,0.03168456631000649,0.0,0.0,0.0,0.0
uniform_massdep_baseline,affine,12.369317,shift_ot_h,500,500,9,0.0,False,0.12127005825101156,0.0,0.0,0.0,0.0
uniform_massdep_baseline,affine,15.436172,shift_h,500,500,9,0.0,False,0.125,0.0,0.0,0.0,0.0
uniform_massdep_baseline,affine,15.436172,crew_veh_h,500,500,9,0.0,False,0.037202391540251734,0.0,0.0,0.0,0.0
uniform_massdep_baseline,affine,15.436172,crew_team_h,500,500,9,0.0,False,0.037202391540251734,0.0,0.0,0.0,0.0
uniform_massdep_baseline,affine,15.436172,shift_ot_h,500,500,9,0.0,False,0.12147335775531354,0.0,0.0,0.0,0.0
uniform_massdep_baseline,affine,19.263424,shift_h,500,500,9,0.0,False,0.125,0.0,0.0,0.0,0.0
uniform_massdep_baseline,affine,19.263424,crew_veh_h,500,500,9,0.0,False,0.04323591399083582,0.0,0.0,0.0,0.0
uniform_massdep_baseline,affine,19.263424,crew_team_h,500,500,9,0.0,False,0.04323591399083582,0.0,0.0,0.0,0.0
uniform_massdep_baseline,affine,19.263424,shift_ot_h,500,500,9,0.0,False,0.12169795825324292,0.0,0.0,0.0,0.0
uniform_massdep_baseline,affine,24.039607,shift_h,500,500,9,0.0,False,0.12499999999999978,0.0,0.0,0.0,0.0
uniform_massdep_baseline,affine,24.039607,crew_veh_h,500,500,9,0.0,False,0.0496941080188944,0.0,0.0,0.0,0.0
uniform_massdep_baseline,affine,24.039607,crew_team_h,500,500,9,0.0,False,0.0496941080188944,0.0,0.0,0.0,0.0
uniform_massdep_baseline,affine,24.039607,shift_ot_h,500,500,9,0.0,False,0.12194107352065964,0.0,0.0,0.0,0.0
uniform_massdep_baseline,affine,30.0,shift_h,500,500,9,0.0,False,0.125,0.0,0.0,0.0,0.0
uniform_massdep_baseline,affine,30.0,crew_veh_h,500,500,9,0.0,False,0.05645095092226193,0.0,0.0,0.0,0.0
uniform_massdep_baseline,affine,30.0,crew_team_h,500,500,9,0.0,False,0.05645095092226193,0.0,0.0,0.0,0.0
uniform_massdep_baseline,affine,30.0,shift_ot_h,500,500,9,0.0,False,0.12219847881166768,0.0,0.0,0.0,0.0
uniform_massdep_baseline,piecewise,5.1,shift_h,500,500,9,0.0,False,0.125,0.0,0.0,0.0,0.0
uniform_massdep_baseline,piecewise,5.1,crew_veh_h,500,500,9,0.0,False,0.015793433516962496,0.0,0.0,0.0,0.0
uniform_massdep_baseline,piecewise,5.1,crew_team_h,500,500,9,0.0,False,0.015793433516962496,0.0,0.0,0.0,0.0
uniform_massdep_baseline,piecewise,5.1,shift_ot_h,500,500,9,0.0,False,0.12069552380142823,0.0,0.0,0.0,0.0
uniform_massdep_baseline,piecewise,6.364497,shift_h,500,500,9,0.0,False,0.125,0.0,0.0,0.0,0.0
uniform_massdep_baseline,piecewise,6.364497,crew_veh_h,500,500,9,0.0,False,0.019110594541115633,0.0,0.0,0.0,0.0
uniform_massdep_baseline,piecewise,6.364497,crew_team_h,500,500,9,0.0,False,0.019110594541115633,0.0,0.0,0.0,0.0
uniform_massdep_baseline,piecewise,6.364497,shift_ot_h,500,500,9,0.0,False,0.12081413133873031,0.0,0.0,0.0,0.0
uniform_massdep_baseline,piecewise,7.942513,shift_h,500,500,9,0.0,False,0.12500000000000022,0.0,0.0,0.0,0.0
uniform_massdep_baseline,piecewise,7.942513,crew_veh_h,500,500,9,0.0,False,0.022977878280137087,0.0,0.0,0.0,0.0
uniform_massdep_baseline,piecewise,7.942513,crew_team_h,500,500,9,0.0,False,0.022977878280137087,0.0,0.0,0.0,0.0
uniform_massdep_baseline,piecewise,7.942513,shift_ot_h,500,500,9,0.0,False,0.12095328309321562,0.0,0.0,0.0,0.0
uniform_massdep_baseline,piecewise,9.911784,shift_h,500,500,9,0.0,False,0.125,0.0,0.0,0.0,0.0
uniform_massdep_baseline,piecewise,9.911784,crew_veh_h,500,500,9,0.0,False,0.027425068119175,0.0,0.0,0.0,0.0
uniform_massdep_baseline,piecewise,9.911784,crew_team_h,500,500,9,0.0,False,0.027425068119175,0.0,0.0,0.0,0.0
uniform_massdep_baseline,piecewise,9.911784,shift_ot_h,500,500,9,0.0,False,0.12111447622903748,0.0,0.0,0.0,0.0
uniform_massdep_baseline,piecewise,12.369317,shift_h,500,500,9,0.0,False,0.12500000000000022,0.0,0.0,0.0,0.0
uniform_massdep_baseline,piecewise,12.369317,crew_veh_h,500,500,9,0.0,False,0.032459132536524216,0.0,0.0,0.0,0.0
uniform_massdep_baseline,piecewise,12.369317,crew_team_h,500,500,9,0.0,False,0.032459132536524216,0.0,0.0,0.0,0.0
uniform_massdep_baseline,piecewise,12.369317,shift_ot_h,500,500,9,0.0,False,0.1212984763601237,0.0,0.0,0.0,0.0
uniform_massdep_baseline,piecewise,15.436172,shift_h,500,500,9,0.0,False,0.125,0.0,0.0,0.0,0.0
uniform_massdep_baseline,piecewise,15.436172,crew_veh_h,500,500,9,0.0,False,0.03805683538664972,0.0,0.0,0.0,0.0
uniform_massdep_baseline,piecewise,15.436172,crew_team_h,500,500,9,0.0,False,0.03805683538664972,0.0,0.0,0.0,0.0
uniform_massdep_baseline,piecewise,15.436172,shift_ot_h,500,500,9,0.0,False,0.12150501789649626,0.0,0.0,0.0,0.0
uniform_massdep_baseline,piecewise,19.263424,shift_h,500,500,9,0.0,False,0.12499999999999978,0.0,0.0,0.0,0.0
uniform_massdep_baseline,piecewise,19.263424,crew_veh_h,500,500,9,0.0,False,0.04415923408471234,0.0,0.0,0.0,0.0
uniform_massdep_baseline,piecewise,19.263424,crew_team_h,500,500,9,0.0,False,0.04415923408471234,0.0,0.0,0.0,0.0
uniform_massdep_baseline,piecewise,19.263424,shift_ot_h,500,500,9,0.0,False,0.12173254364702668,0.0,0.0,0.0,0.0
uniform_massdep_baseline,piecewise,24.039607,shift_h,500,500,9,0.0,False,0.125,0.0,0.0,0.0,0.0
uniform_massdep_baseline,piecewise,24.039607,crew_veh_h,500,500,9,0.0,False,0.050669876925260704,0.0,0.0,0.0,0.0
uniform_massdep_baseline,piecewise,24.039607,crew_team_h,500,500,9,0.0,False,0.050669876925260704,0.0,0.0,0.0,0.0
uniform_massdep_baseline,piecewise,24.039607,shift_ot_h,500,500,9,0.0,False,0.12197805210373636,0.0,0.0,0.0,0.0
uniform_massdep_baseline,piecewise,30.0,shift_h,500,500,9,0.0,False,0.12499999999999978,0.0,0.0,0.0,0.0
uniform_massdep_baseline,piecewise,30.0,crew_veh_h,500,500,9,0.0,False,0.057458163980019794,0.0,0.0,0.0,0.0
uniform_massdep_baseline,piecewise,30.0,crew_team_h,500,500,9,0.0,False,0.057458163980019794,0.0,0.0,0.0,0.0
uniform_massdep_baseline,piecewise,30.0,shift_ot_h,500,500,9,0.0,False,0.12223711943844062,0.0,0.0,0.0,0.0
uniform_massdep_baseline,power_0.72,5.1,shift_h,500,500,9,0.0,False,0.125,0.0,0.0,0.0,0.0
uniform_massdep_baseline,power_0.72,5.1,crew_veh_h,500,500,9,0.0,False,0.014749258655820663,0.0,0.0,0.0,0.0
uniform_massdep_baseline,power_0.72,5.1,crew_team_h,500,500,9,0.0,False,0.014749258655820663,0.0,0.0,0.0,0.0
uniform_massdep_baseline,power_0.72,5.1,shift_ot_h,500,500,9,0.0,False,0.12065833081159894,0.0,0.0,0.0,0.0
uniform_massdep_baseline,power_0.72,6.364497,shift_h,500,500,9,0.0,False,0.125,0.0,0.0,0.0,0.0
uniform_massdep_baseline,power_0.72,6.364497,crew_veh_h,500,500,9,0.0,False,0.01788302056158253,0.0,0.0,0.0,0.0
uniform_massdep_baseline,power_0.72,6.364497,crew_team_h,500,500,9,0.0,False,0.01788302056158253,0.0,0.0,0.0,0.0
uniform_massdep_baseline,power_0.72,6.364497,shift_ot_h,500,500,9,0.0,False,0.12077015818034198,0.0,0.0,0.0,0.0
uniform_massdep_baseline,power_0.72,7.942513,shift_h,500,500,9,0.0,False,0.12500000000000022,0.0,0.0,0.0,0.0
uniform_massdep_baseline,power_0.72,7.942513,crew_veh_h,500,500,9,0.0,False,0.02155245026145436,0.0,0.0,0.0,0.0
uniform_massdep_baseline,power_0.72,7.942513,crew_team_h,500,500,9,0.0,False,0.02155245026145436,0.0,0.0,0.0,0.0
uniform_massdep_baseline,power_0.72,7.942513,shift_ot_h,500,500,9,0.0,False,0.12090188358834686,0.0,0.0,0.0,0.0
uniform_massdep_baseline,power_0.72,9.911784,shift_h,500,500,9,0.0,False,0.125,0.0,0.0,0.0,0.0
uniform_massdep_baseline,power_0.72,9.911784,crew_veh_h,500,500,9,0.0,False,0.025793508439127644,0.0,0.0,0.0,0.0
uniform_massdep_baseline,power_0.72,9.911784,crew_team_h,500,500,9,0.0,False,0.025793508439127644,0.0,0.0,0.0,0.0
uniform_massdep_baseline,power_0.72,9.911784,shift_ot_h,500,500,9,0.0,False,0.12105519172702728,0.0,0.0,0.0,0.0
uniform_massdep_baseline,power_0.72,12.369317,shift_h,500,500,9,0.0,False,0.12500000000000022,0.0,0.0,0.0,0.0
uniform_massdep_baseline,power_0.72,12.369317,crew_veh_h,500,500,9,0.0,False,0.030622076149515287,0.0,0.0,0.0,0.0
uniform_massdep_baseline,power_0.72,12.369317,crew_team_h,500,500,9,0.0,False,0.030622076149515287,0.0,0.0,0.0,0.0
uniform_massdep_baseline,power_0.72,12.369317,shift_ot_h,500,500,9,0.0,False,0.12123113992325085,0.0,0.0,0.0,0.0
uniform_massdep_baseline,power_0.72,15.436172,shift_h,500,500,9,0.0,False,0.125,0.0,0.0,0.0,0.0
uniform_massdep_baseline,power_0.72,15.436172,crew_veh_h,500,500,9,0.0,False,0.03602630517353411,0.0,0.0,0.0,0.0
uniform_massdep_baseline,power_0.72,15.436172,crew_team_h,500,500,9,0.0,False,0.03602630517353411,0.0,0.0,0.0,0.0
uniform_massdep_baseline,power_0.72,15.436172,shift_ot_h,500,500,9,0.0,False,0.12142985839805576,0.0,0.0,0.0,0.0
uniform_massdep_baseline,power_0.72,19.263424,shift_h,500,500,9,0.0,False,0.12499999999999978,0.0,0.0,0.0,0.0
uniform_massdep_baseline,power_0.72,19.263424,crew_veh_h,500,500,9,0.0,False,0.04196024668524512,0.0,0.0,0.0,0.0
uniform_massdep_baseline,power_0.72,19.263424,crew_team_h,500,500,9,0.0,False,0.04196024668524512,0.0,0.0,0.0,0.0
uniform_massdep_baseline,power_0.72,19.263424,shift_ot_h,500,500,9,0.0,False,0.12165026879419427,0.0,0.0,0.0,0.0
uniform_massdep_baseline,power_0.72,24.039607,shift_h,500,500,9,0.0,False,0.125,0.0,0.0,0.0,0.0
uniform_massdep_baseline,power_0.72,24.039607,crew_veh_h,500,500,9,0.0,False,0.04834054856259007,0.0,0.0,0.0,0.0
uniform_massdep_baseline,power_0.72,24.039607,crew_team_h,500,500,9,0.0,False,0.04834054856259007,0.0,0.0,0.0,0.0
uniform_massdep_baseline,power_0.72,24.039607,shift_ot_h,500,500,9,0.0,False,0.1218898853990178,0.0,0.0,0.0,0.0
uniform_massdep_baseline,power_0.72,30.0,shift_h,500,500,9,0.0,False,0.125,0.0,0.0,0.0,0.0
uniform_massdep_baseline,power_0.72,30.0,crew_veh_h,500,500,9,0.0,False,0.05504788247524672,0.0,0.0,0.0,0.0
uniform_massdep_baseline,power_0.72,30.0,crew_team_h,500,500,9,0.0,False,0.05504788247524672,0.0,0.0,0.0,0.0
uniform_massdep_baseline,power_0.72,30.0,shift_ot_h,500,500,9,0.0,False,0.12214476910345207,0.0,0.0,0.0,0.0
uniform_massdep_baseline,power_0.84,5.1,shift_h,500,500,9,0.0,False,0.125,0.0,0.0,0.0,0.0
uniform_massdep_baseline,power_0.84,5.1,crew_veh_h,500,500,9,0.0,False,0.01573866605839158,0.0,0.0,0.0,0.0
uniform_massdep_baseline,power_0.84,5.1,crew_team_h,500,500,9,0.0,False,0.01573866605839158,0.0,0.0,0.0,0.0
uniform_massdep_baseline,power_0.84,5.1,shift_ot_h,500,500,9,0.0,False,0.12069357132411707,0.0,0.0,0.0,0.0
uniform_massdep_baseline,power_0.84,6.364497,shift_h,500,500,9,0.0,False,0.125,0.0,0.0,0.0,0.0
uniform_massdep_baseline,power_0.84,6.364497,crew_veh_h,500,500,9,0.0,False,0.01904633024795399,0.0,0.0,0.0,0.0
uniform_massdep_baseline,power_0.84,6.364497,crew_team_h,500,500,9,0.0,False,0.01904633024795399,0.0,0.0,0.0,0.0
uniform_massdep_baseline,power_0.84,6.364497,shift_ot_h,500,500,9,0.0,False,0.12081182696707438,0.0,0.0,0.0,0.0
uniform_massdep_baseline,power_0.84,7.942513,shift_h,500,500,9,0.0,False,0.125,0.0,0.0,0.0,0.0
uniform_massdep_baseline,power_0.84,7.942513,crew_veh_h,500,500,9,0.0,False,0.022903422118549788,0.0,0.0,0.0,0.0
uniform_massdep_baseline,power_0.84,7.942513,crew_team_h,500,500,9,0.0,False,0.022903422118549788,0.0,0.0,0.0,0.0
uniform_massdep_baseline,power_0.84,7.942513,shift_ot_h,500,500,9,0.0,False,0.12095059508726891,0.0,0.0,0.0,0.0
uniform_massdep_baseline,power_0.84,9.911784,shift_h,500,500,9,0.0,False,0.125,0.0,0.0,0.0,0.0
uniform_massdep_baseline,power_0.84,9.911784,crew_veh_h,500,500,9,0.0,False,0.027340063272770276,0.0,0.0,0.0,0.0
uniform_massdep_baseline,power_0.84,9.911784,crew_team_h,500,500,9,0.0,False,0.027340063272770276,0.0,0.0,0.0,0.0
uniform_massdep_baseline,power_0.84,9.911784,shift_ot_h,500,500,9,0.0,False,0.1211113832655597,0.0,0.0,0.0,0.0
uniform_massdep_baseline,power_0.84,12.369317,shift_h,500,500,9,0.0,False,0.125,0.0,0.0,0.0,0.0
uniform_massdep_baseline,power_0.84,12.369317,crew_veh_h,500,500,9,0.0,False,0.03236369974132458,0.0,0.0,0.0,0.0
uniform_massdep_baseline,power_0.84,12.369317,crew_team_h,500,500,9,0.0,False,0.03236369974132458,0.0,0.0,0.0,0.0
uniform_massdep_baseline,power_0.84,12.369317,shift_ot_h,500,500,9,0.0,False,0.12129497291047153,0.0,0.0,0.0,0.0
uniform_massdep_baseline,power_0.84,15.436172,shift_h,500,500,9,0.0,False,0.12499999999999978,0.0,0.0,0.0,0.0
uniform_massdep_baseline,power_0.84,15.436172,crew_veh_h,500,500,9,0.0,False,0.03795169428389933,0.0,0.0,0.0,0.0
uniform_massdep_baseline,power_0.84,15.436172,crew_team_h,500,500,9,0.0,False,0.03795169428389933,0.0,0.0,0.0,0.0
uniform_massdep_baseline,power_0.84,15.436172,shift_ot_h,500,500,9,0.0,False,0.12150111944690267,0.0,0.0,0.0,0.0
uniform_massdep_baseline,power_0.84,19.263424,shift_h,500,500,9,0.0,False,0.12499999999999978,0.0,0.0,0.0,0.0
uniform_massdep_baseline,power_0.84,19.263424,crew_veh_h,500,500,9,0.0,False,0.04404577465743631,0.0,0.0,0.0,0.0
uniform_massdep_baseline,power_0.84,19.263424,crew_team_h,500,500,9,0.0,False,0.04404577465743631,0.0,0.0,0.0,0.0
uniform_massdep_baseline,power_0.84,19.263424,shift_ot_h,500,500,9,0.0,False,0.12172829063856394,0.0,0.0,0.0,0.0
uniform_massdep_baseline,power_0.84,24.039607,shift_h,500,500,9,0.0,False,0.12500000000000022,0.0,0.0,0.0,0.0
uniform_massdep_baseline,power_0.84,24.039607,crew_veh_h,500,500,9,0.0,False,0.05055014961880433,0.0,0.0,0.0,0.0
uniform_massdep_baseline,power_0.84,24.039607,crew_team_h,500,500,9,0.0,False,0.05055014961880433,0.0,0.0,0.0,0.0
uniform_massdep_baseline,power_0.84,24.039607,shift_ot_h,500,500,9,0.0,False,0.1219735113113325,0.0,0.0,0.0,0.0
uniform_massdep_baseline,power_0.84,30.0,shift_h,500,500,9,0.0,False,0.125,0.0,0.0,0.0,0.0
uniform_massdep_baseline,power_0.84,30.0,crew_veh_h,500,500,9,0.0,False,0.05733476918370095,0.0,0.0,0.0,0.0
uniform_massdep_baseline,power_0.84,30.0,crew_team_h,500,500,9,0.0,False,0.05733476918370095,0.0,0.0,0.0,0.0
uniform_massdep_baseline,power_0.84,30.0,shift_ot_h,500,500,9,0.0,False,0.12223238173574713,0.0,0.0,0.0,0.0
uniform_massdep_baseline,power_0.96,5.1,shift_h,500,500,9,0.0,False,0.125,0.0,0.0,0.0,0.0
uniform_massdep_baseline,power_0.96,5.1,crew_veh_h,500,500,9,0.0,False,0.01678434050752986,0.0,0.0,0.0,0.0
uniform_massdep_baseline,power_0.96,5.1,crew_team_h,500,500,9,0.0,False,0.01678434050752986,0.0,0.0,0.0,0.0
uniform_massdep_baseline,power_0.96,5.1,shift_ot_h,500,500,9,0.0,False,0.12073088227917039,0.0,0.0,0.0,0.0
uniform_massdep_baseline,power_0.96,6.364497,shift_h,500,500,9,0.0,False,0.12500000000000022,0.0,0.0,0.0,0.0
uniform_massdep_baseline,power_0.96,6.364497,crew_veh_h,500,500,9,0.0,False,0.020270993702920848,0.0,0.0,0.0,0.0
uniform_massdep_baseline,power_0.96,6.364497,crew_team_h,500,500,9,0.0,False,0.020270993702920848,0.0,0.0,0.0,0.0
uniform_massdep_baseline,power_0.96,6.364497,shift_ot_h,500,500,9,0.0,False,0.12085578535112362,0.0,0.0,0.0,0.0
uniform_massdep_baseline,power_0.96,7.942513,shift_h,500,500,9,0.0,False,0.125,0.0,0.0,0.0,0.0
uniform_massdep_baseline,power_0.96,7.942513,crew_veh_h,500,500,9,0.0,False,0.02431916906524534,0.0,0.0,0.0,0.0
uniform_massdep_baseline,power_0.96,7.942513,crew_team_h,500,500,9,0.0,False,0.02431916906524534,0.0,0.0,0.0,0.0
uniform_massdep_baseline,power_0.96,7.942513,shift_ot_h,500,500,9,0.0,False,0.12100176658122574,0.0,0.0,0.0,0.0
uniform_massdep_baseline,power_0.96,9.911784,shift_h,500,500,9,0.0,False,0.125,0.0,0.0,0.0,0.0
uniform_massdep_baseline,power_0.96,9.911784,crew_veh_h,500,500,9,0.0,False,0.028952285905832875,0.0,0.0,0.0,0.0
uniform_massdep_baseline,power_0.96,9.911784,crew_team_h,500,500,9,0.0,False,0.028952285905832875,0.0,0.0,0.0,0.0
uniform_massdep_baseline,power_0.96,9.911784,shift_ot_h,500,500,9,0.0,False,0.12117012441463815,0.0,0.0,0.0,0.0
uniform_massdep_baseline,power_0.96,12.369317,shift_h,500,500,9,0.0,False,0.125,0.0,0.0,0.0,0.0
uniform_massdep_baseline,power_0.96,12.369317,crew_veh_h,500,500,9,0.0,False,0.034168516177115915,0.0,0.0,0.0,0.0
uniform_massdep_baseline,power_0.96,12.369317,crew_team_h,500,500,9,0.0,False,0.034168516177115915,0.0,0.0,0.0,0.0
uniform_massdep_baseline,power_0.96,12.369317,shift_ot_h,500,500,9,0.0,False,0.12136133048683972,0.0,0.0,0.0,0.0
uniform_massdep_baseline,power_0.96,15.436172,shift_h,500,500,9,0.0,False,0.125,0.0,0.0,0.0,0.0
uniform_massdep_baseline,power_0.96,15.436172,crew_veh_h,500,500,9,0.0,False,0.03993379934398078,0.0,0.0,0.0,0.0
uniform_massdep_baseline,power_0.96,15.436172,crew_team_h,500,500,9,0.0,False,0.03993379934398078,0.0,0.0,0.0,0.0
uniform_massdep_baseline,power_0.96,15.436172,shift_ot_h,500,500,9,0.0,False,0.12157473568278476,0.0,0.0,0.0,0.0
uniform_massdep_baseline,power_0.96,19.263424,shift_h,500,500,9,0.0,False,0.125,0.0,0.0,0.0,0.0
uniform_massdep_baseline,power_0.96,19.263424,crew_veh_h,500,500,9,0.0,False,0.04617731684198212,0.0,0.0,0.0,0.0
uniform_massdep_baseline,power_0.96,19.263424,crew_team_h,500,500,9,0.0,False,0.04617731684198212,0.0,0.0,0.0,0.0
uniform_massdep_baseline,power_0.96,19.263424,shift_ot_h,500,500,9,0.0,False,0.12180833599950369,0.0,0.0,0.0,0.0
uniform_massdep_baseline,power_0.96,24.039607,shift_h,500,500,9,0.0,False,0.125,0.0,0.0,0.0,0.0
uniform_massdep_baseline,power_0.96,24.039607,crew_veh_h,500,500,9,0.0,False,0.05279119708797175,0.0,0.0,0.0,0.0
uniform_massdep_baseline,power_0.96,24.039607,crew_team_h,500,500,9,0.0,False,0.05279119708797175,0.0,0.0,0.0,0.0
uniform_massdep_baseline,power_0.96,24.039607,shift_ot_h,500,500,9,0.0,False,0.1220586684778926,0.0,0.0,0.0,0.0
uniform_massdep_baseline,power_0.96,30.0,shift_h,500,500,9,0.0,False,0.125,0.0,0.0,0.0,0.0
uniform_massdep_baseline,power_0.96,30.0,crew_veh_h,500,500,9,0.0,False,0.059635667181753504,0.0,0.0,0.0,0.0
uniform_massdep_baseline,power_0.96,30.0,crew_team_h,500,500,9,0.0,False,0.059635667181753504,0.0,0.0,0.0,0.0
uniform_massdep_baseline,power_0.96,30.0,shift_ot_h,500,500,9,0.0,False,0.12232089887108244,0.0,0.0,0.0,0.0
uniform_massdep_tight,affine,5.1,shift_h,500,500,9,0.0,False,0.125,0.0,0.0,0.0,0.0
uniform_massdep_tight,affine,5.1,crew_veh_h,500,500,9,0.0,False,0.005073242326330218,0.0,0.0,0.0,0.0
uniform_massdep_tight,affine,5.1,crew_team_h,500,500,9,0.0,False,0.005073242326330218,0.0,0.0,0.0,0.0
uniform_massdep_tight,affine,5.1,shift_ot_h,500,500,9,0.0,False,0.12789341427174916,0.0,0.0,0.0,0.0
uniform_massdep_tight,affine,6.364497,shift_h,500,500,9,0.0,False,0.125,0.0,0.0,0.0,0.0
uniform_massdep_tight,affine,6.364497,crew_veh_h,500,500,9,0.0,False,0.008555230648850998,0.0,0.0,0.0,0.0
uniform_massdep_tight,affine,6.364497,crew_team_h,500,500,9,0.0,False,0.008555230648850998,0.0,0.0,0.0,0.0
uniform_massdep_tight,affine,6.364497,shift_ot_h,500,500,9,0.0,False,0.1278140814505737,0.0,0.0,0.0,0.0
uniform_massdep_tight,affine,7.942513,shift_h,500,500,9,0.0,False,0.12500000000000022,0.0,0.0,0.0,0.0
uniform_massdep_tight,affine,7.942513,crew_veh_h,500,500,9,0.0,False,0.012626854415740185,0.0,0.0,0.0,0.0
uniform_massdep_tight,affine,7.942513,crew_team_h,500,500,9,0.0,False,0.012626854415740185,0.0,0.0,0.0,0.0
uniform_massdep_tight,affine,7.942513,shift_ot_h,500,500,9,0.0,False,0.1277209789498699,0.0,0.0,0.0,0.0
uniform_massdep_tight,affine,9.911784,shift_h,500,500,9,0.0,False,0.125,0.0,0.0,0.0,0.0
uniform_massdep_tight,affine,9.911784,crew_veh_h,500,500,9,0.0,False,0.017325310466255628,0.0,0.0,0.0,0.0
uniform_massdep_tight,affine,9.911784,crew_team_h,500,500,9,0.0,False,0.017325310466255628,0.0,0.0,0.0,0.0
uniform_massdep_tight,affine,9.911784,shift_ot_h,500,500,9,0.0,False,0.1276130909615616,0.0,0.0,0.0,0.0
uniform_massdep_tight,affine,12.369317,shift_h,500,500,9,0.0,False,0.125,0.0,0.0,0.0,0.0
uniform_massdep_tight,affine,12.369317,crew_veh_h,500,500,9,0.0,False,0.0226649381038051,0.0,0.0,0.0,0.0
uniform_massdep_tight,affine,12.369317,crew_team_h,500,500,9,0.0,False,0.0226649381038051,0.0,0.0,0.0,0.0
uniform_massdep_tight,affine,12.369317,shift_ot_h,500,500,9,0.0,False,0.12748988787493354,0.0,0.0,0.0,0.0
uniform_massdep_tight,affine,15.436172,shift_h,500,500,9,0.0,False,0.125,0.0,0.0,0.0,0.0
uniform_massdep_tight,affine,15.436172,crew_veh_h,500,500,9,0.0,False,0.028628941188707735,0.0,0.0,0.0,0.0
uniform_massdep_tight,affine,15.436172,crew_team_h,500,500,9,0.0,False,0.028628941188707735,0.0,0.0,0.0,0.0
uniform_massdep_tight,affine,15.436172,shift_ot_h,500,500,9,0.0,False,0.12735152771746083,0.0,0.0,0.0,0.0
uniform_massdep_tight,affine,19.263424,shift_h,500,500,9,0.0,False,0.125,0.0,0.0,0.0,0.0
uniform_massdep_tight,affine,19.263424,crew_veh_h,500,500,9,0.0,False,0.03516271234025847,0.0,0.0,0.0,0.0
uniform_massdep_tight,affine,19.263424,crew_team_h,500,500,9,0.0,False,0.03516271234025847,0.0,0.0,0.0,0.0
uniform_massdep_tight,affine,19.263424,shift_ot_h,500,500,9,0.0,False,0.12719903231398488,0.0,0.0,0.0,0.0
uniform_massdep_tight,affine,24.039607,shift_h,500,500,9,0.0,False,0.12499999999999978,0.0,0.0,0.0,0.0
uniform_massdep_tight,affine,24.039607,crew_veh_h,500,500,9,0.0,False,0.04217072731585492,0.0,0.0,0.0,0.0
uniform_massdep_tight,affine,24.039607,crew_team_h,500,500,9,0.0,False,0.04217072731585492,0.0,0.0,0.0,0.0
uniform_massdep_tight,affine,24.039607,shift_ot_h,500,500,9,0.0,False,0.12703439235431335,0.0,0.0,0.0,0.0
uniform_massdep_tight,affine,30.0,shift_h,500,500,9,0.0,False,0.125,0.0,0.0,0.0,0.0
uniform_massdep_tight,affine,30.0,crew_veh_h,500,500,9,0.0,False,0.049518763413684,0.0,0.0,0.0,0.0
uniform_massdep_tight,affine,30.0,crew_team_h,500,500,9,0.0,False,0.049518763413684,0.0,0.0,0.0,0.0
uniform_massdep_tight,affine,30.0,shift_ot_h,500,500,9,0.0,False,0.12686055612247626,0.0,0.0,0.0,0.0
uniform_massdep_tight,piecewise,5.1,shift_h,500,500,9,0.0,False,0.125,0.0,0.0,0.0,0.0
uniform_massdep_tight,piecewise,5.1,crew_veh_h,500,500,9,0.0,False,0.005548946591349191,0.0,0.0,0.0,0.0
uniform_massdep_tight,piecewise,5.1,crew_team_h,500,500,9,0.0,False,0.005548946591349191,0.0,0.0,0.0,0.0
uniform_massdep_tight,piecewise,5.1,shift_ot_h,500,500,9,0.0,False,0.12788259148576553,0.0,0.0,0.0,0.0
uniform_massdep_tight,piecewise,6.364497,shift_h,500,500,9,0.0,False,0.125,0.0,0.0,0.0,0.0
uniform_massdep_tight,piecewise,6.364497,crew_veh_h,500,500,9,0.0,False,0.009114439663400864,0.0,0.0,0.0,0.0
uniform_massdep_tight,piecewise,6.364497,crew_team_h,500,500,9,0.0,False,0.009114439663400864,0.0,0.0,0.0,0.0
uniform_massdep_tight,piecewise,6.364497,shift_ot_h,500,500,9,0.0,False,0.1278013159457696,0.0,0.0,0.0,0.0
uniform_massdep_tight,piecewise,7.942513,shift_h,500,500,9,0.0,False,0.12500000000000022,0.0,0.0,0.0,0.0
uniform_massdep_tight,piecewise,7.942513,crew_veh_h,500,500,9,0.0,False,0.013276127288168516,0.0,0.0,0.0,0.0
uniform_massdep_tight,piecewise,7.942513,crew_team_h,500,500,9,0.0,False,0.013276127288168516,0.0,0.0,0.0,0.0
uniform_massdep_tight,piecewise,7.942513,shift_ot_h,500,500,9,0.0,False,0.12770609898241547,0.0,0.0,0.0,0.0
uniform_massdep_tight,piecewise,9.911784,shift_h,500,500,9,0.0,False,0.125,0.0,0.0,0.0,0.0
uniform_massdep_tight,piecewise,9.911784,crew_veh_h,500,500,9,0.0,False,0.01806838499992658,0.0,0.0,0.0,0.0
uniform_massdep_tight,piecewise,9.911784,crew_team_h,500,500,9,0.0,False,0.01806838499992658,0.0,0.0,0.0,0.0
uniform_massdep_tight,piecewise,9.911784,shift_ot_h,500,500,9,0.0,False,0.12759598358261592,0.0,0.0,0.0,0.0
uniform_massdep_tight,piecewise,12.369317,shift_h,500,500,9,0.0,False,0.12500000000000022,0.0,0.0,0.0,0.0
uniform_massdep_tight,piecewise,12.369317,crew_veh_h,500,500,9,0.0,False,0.02350148568924748,0.0,0.0,0.0,0.0
uniform_massdep_tight,piecewise,12.369317,crew_team_h,500,500,9,0.0,False,0.02350148568924748,0.0,0.0,0.0,0.0
uniform_massdep_tight,piecewise,12.369317,shift_ot_h,500,500,9,0.0,False,0.12747052853455676,0.0,0.0,0.0,0.0
uniform_massdep_tight,piecewise,15.436172,shift_h,500,500,9,0.0,False,0.125,0.0,0.0,0.0,0.0
uniform_massdep_tight,piecewise,15.436172,crew_veh_h,500,500,9,0.0,False,0.029553441996543972,0.0,0.0,0.0,0.0
uniform_massdep_tight,piecewise,15.436172,crew_team_h,500,500,9,0.0,False,0.029553441996543972,0.0,0.0,0.0,0.0
uniform_massdep_tight,piecewise,15.436172,shift_ot_h,500,500,9,0.0,False,0.12733000870085043,0.0,0.0,0.0,0.0
uniform_massdep_tight,piecewise,19.263424,shift_h,500,500,9,0.0,False,0.12499999999999978,0.0,0.0,0.0,0.0
uniform_massdep_tight,piecewise,19.263424,crew_veh_h,500,500,9,0.0,False,0.036163728826837716,0.0,0.0,0.0,0.0
uniform_massdep_tight,piecewise,19.263424,crew_team_h,500,500,9,0.0,False,0.036163728826837716,0.0,0.0,0.0,0.0
uniform_massdep_tight,piecewise,19.263424,shift_ot_h,500,500,9,0.0,False,0.12717558375924254,0.0,0.0,0.0,0.0
uniform_massdep_tight,piecewise,24.039607,shift_h,500,500,9,0.0,False,0.125,0.0,0.0,0.0,0.0
uniform_massdep_tight,piecewise,24.039607,crew_veh_h,500,500,9,0.0,False,0.04323086293158518,0.0,0.0,0.0,0.0
uniform_massdep_tight,piecewise,24.039607,crew_team_h,500,500,9,0.0,False,0.04323086293158518,0.0,0.0,0.0,0.0
uniform_massdep_tight,piecewise,24.039607,shift_ot_h,500,500,9,0.0,False,0.12700938882907442,0.0,0.0,0.0,0.0
uniform_massdep_tight,piecewise,30.0,shift_h,500,500,9,0.0,False,0.12499999999999978,0.0,0.0,0.0,0.0
uniform_massdep_tight,piecewise,30.0,crew_veh_h,500,500,9,0.0,False,0.050615502913174515,0.0,0.0,0.0,0.0
uniform_massdep_tight,piecewise,30.0,crew_team_h,500,500,9,0.0,False,0.050615502913174515,0.0,0.0,0.0,0.0
uniform_massdep_tight,piecewise,30.0,shift_ot_h,500,500,9,0.0,False,0.12683450312715405,0.0,0.0,0.0,0.0
uniform_massdep_tight,power_0.72,5.1,shift_h,500,500,9,0.0,False,0.125,0.0,0.0,0.0,0.0
uniform_massdep_tight,power_0.72,5.1,crew_veh_h,500,500,9,0.0,False,0.004427401957810995,0.0,0.0,0.0,0.0
uniform_massdep_tight,power_0.72,5.1,crew_team_h,500,500,9,0.0,False,0.004427401957810995,0.0,0.0,0.0,0.0
uniform_massdep_tight,power_0.72,5.1,shift_ot_h,500,500,9,0.0,False,0.12790809997712405,0.0,0.0,0.0,0.0
uniform_massdep_tight,power_0.72,6.364497,shift_h,500,500,9,0.0,False,0.125,0.0,0.0,0.0,0.0
uniform_massdep_tight,power_0.72,6.364497,crew_veh_h,500,500,9,0.0,False,0.007794515120184364,0.0,0.0,0.0,0.0
uniform_massdep_tight,power_0.72,6.364497,crew_team_h,500,500,9,0.0,False,0.007794515120184364,0.0,0.0,0.0,0.0
uniform_massdep_tight,power_0.72,6.364497,shift_ot_h,500,500,9,0.0,False,0.12783143595231805,0.0,0.0,0.0,0.0
uniform_massdep_tight,power_0.72,7.942513,shift_h,500,500,9,0.0,False,0.12500000000000022,0.0,0.0,0.0,0.0
uniform_massdep_tight,power_0.72,7.942513,crew_veh_h,500,500,9,0.0,False,0.011741573078497991,0.0,0.0,0.0,0.0
uniform_massdep_tight,power_0.72,7.942513,crew_team_h,500,500,9,0.0,False,0.011741573078497991,0.0,0.0,0.0,0.0
uniform_massdep_tight,power_0.72,7.942513,shift_ot_h,500,500,9,0.0,False,0.12774125283137105,0.0,0.0,0.0,0.0
uniform_massdep_tight,power_0.72,9.911784,shift_h,500,500,9,0.0,False,0.125,0.0,0.0,0.0,0.0
uniform_massdep_tight,power_0.72,9.911784,crew_veh_h,500,500,9,0.0,False,0.016309418157542277,0.0,0.0,0.0,0.0
uniform_massdep_tight,power_0.72,9.911784,crew_team_h,500,500,9,0.0,False,0.016309418157542277,0.0,0.0,0.0,0.0
uniform_massdep_tight,power_0.72,9.911784,shift_ot_h,500,500,9,0.0,False,0.12763645953228386,0.0,0.0,0.0,0.0
uniform_massdep_tight,power_0.72,12.369317,shift_h,500,500,9,0.0,False,0.12500000000000022,0.0,0.0,0.0,0.0
uniform_massdep_tight,power_0.72,12.369317,crew_veh_h,500,500,9,0.0,False,0.021517772169816318,0.0,0.0,0.0,0.0
uniform_massdep_tight,power_0.72,12.369317,crew_team_h,500,500,9,0.0,False,0.021517772169816318,0.0,0.0,0.0,0.0
uniform_massdep_tight,power_0.72,12.369317,shift_ot_h,500,500,9,0.0,False,0.12751641020195925,0.0,0.0,0.0,0.0
uniform_massdep_tight,power_0.72,15.436172,shift_h,500,500,9,0.0,False,0.125,0.0,0.0,0.0,0.0
uniform_massdep_tight,power_0.72,15.436172,crew_veh_h,500,500,9,0.0,False,0.027356849799154537,0.0,0.0,0.0,0.0
uniform_massdep_tight,power_0.72,15.436172,crew_team_h,500,500,9,0.0,False,0.027356849799154537,0.0,0.0,0.0,0.0
uniform_massdep_tight,power_0.72,15.436172,shift_ot_h,500,500,9,0.0,False,0.12738110601113029,0.0,0.0,0.0,0.0
uniform_massdep_tight,power_0.72,19.263424,shift_h,500,500,9,0.0,False,0.12499999999999978,0.0,0.0,0.0,0.0
uniform_massdep_tight,power_0.72,19.263424,crew_veh_h,500,500,9,0.0,False,0.033780198333579925,0.0,0.0,0.0,0.0
uniform_massdep_tight,power_0.72,19.263424,crew_team_h,500,500,9,0.0,False,0.033780198333579925,0.0,0.0,0.0,0.0
uniform_massdep_tight,power_0.72,19.263424,shift_ot_h,500,500,9,0.0,False,0.12723138000727263,0.0,0.0,0.0,0.0
uniform_massdep_tight,power_0.72,24.039607,shift_h,500,500,9,0.0,False,0.125,0.0,0.0,0.0,0.0
uniform_massdep_tight,power_0.72,24.039607,crew_veh_h,500,500,9,0.0,False,0.04070069972024015,0.0,0.0,0.0,0.0
uniform_massdep_tight,power_0.72,24.039607,crew_team_h,500,500,9,0.0,False,0.04070069972024015,0.0,0.0,0.0,0.0
uniform_massdep_tight,power_0.72,24.039607,shift_ot_h,500,500,9,0.0,False,0.12706902068856674,0.0,0.0,0.0,0.0
uniform_massdep_tight,power_0.72,30.0,shift_h,500,500,9,0.0,False,0.125,0.0,0.0,0.0,0.0
uniform_massdep_tight,power_0.72,30.0,crew_veh_h,500,500,9,0.0,False,0.04799158869856868,0.0,0.0,0.0,0.0
uniform_massdep_tight,power_0.72,30.0,crew_team_h,500,500,9,0.0,False,0.04799158869856868,0.0,0.0,0.0,0.0
uniform_massdep_tight,power_0.72,30.0,shift_ot_h,500,500,9,0.0,False,0.12689678771644353,0.0,0.0,0.0,0.0
uniform_massdep_tight,power_0.84,5.1,shift_h,500,500,9,0.0,False,0.125,0.0,0.0,0.0,0.0
uniform_massdep_tight,power_0.84,5.1,crew_veh_h,500,500,9,0.0,False,0.00549011153700274,0.0,0.0,0.0,0.0
uniform_massdep_tight,power_0.84,5.1,crew_team_h,500,500,9,0.0,False,0.00549011153700274,0.0,0.0,0.0,0.0
uniform_massdep_tight,power_0.84,5.1,shift_ot_h,500,500,9,0.0,False,0.12788393031312317,0.0,0.0,0.0,0.0
uniform_massdep_tight,power_0.84,6.364497,shift_h,500,500,9,0.0,False,0.125,0.0,0.0,0.0,0.0
uniform_massdep_tight,power_0.84,6.364497,crew_veh_h,500,500,9,0.0,False,0.00904532760994492,0.0,0.0,0.0,0.0
uniform_massdep_tight,power_0.84,6.364497,crew_team_h,500,500,9,0.0,False,0.00904532760994492,0.0,0.0,0.0,0.0
uniform_massdep_tight,power_0.84,6.364497,shift_ot_h,500,500,9,0.0,False,0.127802893990711,0.0,0.0,0.0,0.0
uniform_massdep_tight,power_0.84,7.942513,shift_h,500,500,9,0.0,False,0.125,0.0,0.0,0.0,0.0
uniform_massdep_tight,power_0.84,7.942513,crew_veh_h,500,500,9,0.0,False,0.013195953277806316,0.0,0.0,0.0,0.0
uniform_massdep_tight,power_0.84,7.942513,crew_team_h,500,500,9,0.0,False,0.013195953277806316,0.0,0.0,0.0,0.0
uniform_massdep_tight,power_0.84,7.942513,shift_ot_h,500,500,9,0.0,False,0.127707936902844,0.0,0.0,0.0,0.0
uniform_massdep_tight,power_0.84,9.911784,shift_h,500,500,9,0.0,False,0.125,0.0,0.0,0.0,0.0
uniform_massdep_tight,power_0.84,9.911784,crew_veh_h,500,500,9,0.0,False,0.017976718979909156,0.0,0.0,0.0,0.0
uniform_massdep_tight,power_0.84,9.911784,crew_team_h,500,500,9,0.0,False,0.017976718979909156,0.0,0.0,0.0,0.0
uniform_massdep_tight,power_0.84,9.911784,shift_ot_h,500,500,9,0.0,False,0.12759809461684823,0.0,0.0,0.0,0.0
uniform_massdep_tight,power_0.84,12.369317,shift_h,500,500,9,0.0,False,0.125,0.0,0.0,0.0,0.0
uniform_massdep_tight,power_0.84,12.369317,crew_veh_h,500,500,9,0.0,False,0.023398404816945773,0.0,0.0,0.0,0.0
uniform_massdep_tight,power_0.84,12.369317,crew_team_h,500,500,9,0.0,False,0.023398404816945773,0.0,0.0,0.0,0.0
uniform_massdep_tight,power_0.84,12.369317,shift_ot_h,500,500,9,0.0,False,0.1274729148689262,0.0,0.0,0.0,0.0
uniform_massdep_tight,power_0.84,15.436172,shift_h,500,500,9,0.0,False,0.12499999999999978,0.0,0.0,0.0,0.0
uniform_massdep_tight,power_0.84,15.436172,crew_veh_h,500,500,9,0.0,False,0.029439666251704466,0.0,0.0,0.0,0.0
uniform_massdep_tight,power_0.84,15.436172,crew_team_h,500,500,9,0.0,False,0.029439666251704466,0.0,0.0,0.0,0.0
uniform_massdep_tight,power_0.84,15.436172,shift_ot_h,500,500,9,0.0,False,0.12733265802292282,0.0,0.0,0.0,0.0
uniform_massdep_tight,power_0.84,19.263424,shift_h,500,500,9,0.0,False,0.12499999999999978,0.0,0.0,0.0,0.0
uniform_massdep_tight,power_0.84,19.263424,crew_veh_h,500,500,9,0.0,False,0.0360407055491363,0.0,0.0,0.0,0.0
uniform_massdep_tight,power_0.84,19.263424,crew_team_h,500,500,9,0.0,False,0.0360407055491363,0.0,0.0,0.0,0.0
uniform_massdep_tight,power_0.84,19.263424,shift_ot_h,500,500,9,0.0,False,0.12717846677339395,0.0,0.0,0.0,0.0
uniform_massdep_tight,power_0.84,24.039607,shift_h,500,500,9,0.0,False,0.12500000000000022,0.0,0.0,0.0,0.0
uniform_massdep_tight,power_0.84,24.039607,crew_veh_h,500,500,9,0.0,False,0.043100765481404846,0.0,0.0,0.0,0.0
uniform_massdep_tight,power_0.84,24.039607,crew_team_h,500,500,9,0.0,False,0.043100765481404846,0.0,0.0,0.0,0.0
uniform_massdep_tight,power_0.84,24.039607,shift_ot_h,500,500,9,0.0,False,0.12701245859207444,0.0,0.0,0.0,0.0
uniform_massdep_tight,power_0.84,30.0,shift_h,500,500,9,0.0,False,0.125,0.0,0.0,0.0,0.0
uniform_massdep_tight,power_0.84,30.0,crew_veh_h,500,500,9,0.0,False,0.05048112058558618,0.0,0.0,0.0,0.0
uniform_massdep_tight,power_0.84,30.0,crew_team_h,500,500,9,0.0,False,0.05048112058558618,0.0,0.0,0.0,0.0
uniform_massdep_tight,power_0.84,30.0,shift_ot_h,500,500,9,0.0,False,0.12683769687134583,0.0,0.0,0.0,0.0
uniform_massdep_tight,power_0.96,5.1,shift_h,500,500,9,0.0,False,0.125,0.0,0.0,0.0,0.0
uniform_massdep_tight,power_0.96,5.1,crew_veh_h,500,500,9,0.0,False,0.006613630552929406,0.0,0.0,0.0,0.0
uniform_massdep_tight,power_0.96,5.1,crew_team_h,500,500,9,0.0,False,0.006613630552929406,0.0,0.0,0.0,0.0
uniform_massdep_tight,power_0.96,5.1,shift_ot_h,500,500,9,0.0,False,0.12785835095862041,0.0,0.0,0.0,0.0
uniform_massdep_tight,power_0.96,6.364497,shift_h,500,500,9,0.0,False,0.12500000000000022,0.0,0.0,0.0,0.0
uniform_massdep_tight,power_0.96,6.364497,crew_veh_h,500,500,9,0.0,False,0.010362623271622962,0.0,0.0,0.0,0.0
uniform_massdep_tight,power_0.96,6.364497,crew_team_h,500,500,9,0.0,False,0.010362623271622962,0.0,0.0,0.0,0.0
uniform_massdep_tight,power_0.96,6.364497,shift_ot_h,500,500,9,0.0,False,0.12777279804029962,0.0,0.0,0.0,0.0
uniform_massdep_tight,power_0.96,7.942513,shift_h,500,500,9,0.0,False,0.125,0.0,0.0,0.0,0.0
uniform_massdep_tight,power_0.96,7.942513,crew_veh_h,500,500,9,0.0,False,0.014720757033108933,0.0,0.0,0.0,0.0
uniform_massdep_tight,power_0.96,7.942513,crew_team_h,500,500,9,0.0,False,0.014720757033108933,0.0,0.0,0.0,0.0
uniform_massdep_tight,power_0.96,7.942513,shift_ot_h,500,500,9,0.0,False,0.12767295787845234,0.0,0.0,0.0,0.0
uniform_massdep_tight,power_0.96,9.911784,shift_h,500,500,9,0.0,False,0.125,0.0,0.0,0.0,0.0
uniform_massdep_tight,power_0.96,9.911784,crew_veh_h,500,500,9,0.0,False,0.01971571406892103,0.0,0.0,0.0,0.0
uniform_massdep_tight,power_0.96,9.911784,crew_team_h,500,500,9,0.0,False,0.01971571406892103,0.0,0.0,0.0,0.0
uniform_massdep_tight,power_0.96,9.911784,shift_ot_h,500,500,9,0.0,False,0.12755801450841386,0.0,0.0,0.0,0.0
uniform_massdep_tight,power_0.96,12.369317,shift_h,500,500,9,0.0,False,0.125,0.0,0.0,0.0,0.0
uniform_massdep_tight,power_0.96,12.369317,crew_veh_h,500,500,9,0.0,False,0.025348407431498687,0.0,0.0,0.0,0.0
uniform_massdep_tight,power_0.96,12.369317,crew_team_h,500,500,9,0.0,False,0.025348407431498687,0.0,0.0,0.0,0.0
uniform_massdep_tight,power_0.96,12.369317,shift_ot_h,500,500,9,0.0,False,0.12742773190690082,0.0,0.0,0.0,0.0
uniform_massdep_tight,power_0.96,15.436172,shift_h,500,500,9,0.0,False,0.125,0.0,0.0,0.0,0.0
uniform_massdep_tight,power_0.96,15.436172,crew_veh_h,500,500,9,0.0,False,0.03158521112783008,0.0,0.0,0.0,0.0
uniform_massdep_tight,power_0.96,15.436172,crew_team_h,500,500,9,0.0,False,0.03158521112783008,0.0,0.0,0.0,0.0
uniform_massdep_tight,power_0.96,15.436172,shift_ot_h,500,500,9,0.0,False,0.12728264894010666,0.0,0.0,0.0,0.0
uniform_massdep_tight,power_0.96,19.263424,shift_h,500,500,9,0.0,False,0.125,0.0,0.0,0.0,0.0
uniform_massdep_tight,power_0.96,19.263424,crew_veh_h,500,500,9,0.0,False,0.03835268843563866,0.0,0.0,0.0,0.0
uniform_massdep_tight,power_0.96,19.263424,crew_team_h,500,500,9,0.0,False,0.03835268843563866,0.0,0.0,0.0,0.0
uniform_massdep_tight,power_0.96,19.263424,shift_ot_h,500,500,9,0.0,False,0.1271242286349723,0.0,0.0,0.0,0.0
uniform_massdep_tight,power_0.96,24.039607,shift_h,500,500,9,0.0,False,0.125,0.0,0.0,0.0,0.0
uniform_massdep_tight,power_0.96,24.039607,crew_veh_h,500,500,9,0.0,False,0.045536770245226954,0.0,0.0,0.0,0.0
uniform_massdep_tight,power_0.96,24.039607,crew_team_h,500,500,9,0.0,False,0.045536770245226954,0.0,0.0,0.0,0.0
uniform_massdep_tight,power_0.96,24.039607,shift_ot_h,500,500,9,0.0,False,0.12695491444342277,0.0,0.0,0.0,0.0
uniform_massdep_tight,power_0.96,30.0,shift_h,500,500,9,0.0,False,0.125,0.0,0.0,0.0,0.0
uniform_massdep_tight,power_0.96,30.0,crew_veh_h,500,500,9,0.0,False,0.05298779756085903,0.0,0.0,0.0,0.0
uniform_massdep_tight,power_0.96,30.0,crew_team_h,500,500,9,0.0,False,0.05298779756085903,0.0,0.0,0.0,0.0
uniform_massdep_tight,power_0.96,30.0,shift_ot_h,500,500,9,0.0,False,0.12677805391698738,0.0,0.0,0.0,0.0
uniform_short_baseline,affine,5.1,shift_h,L300_H500x2,L300_H500x3,6,0.0,False,0.20475245480528392,0.023762274026419616,0.0,0.01972378137238162,0.0
uniform_short_baseline,affine,5.1,crew_veh_h,L300_H500x3,L300_H500x3,6,0.0,False,0.0090331057531563,0.003988887472274216,0.0,0.021127016745896787,0.0
uniform_short_baseline,affine,5.1,crew_team_h,L300_H500x3,L300_H500x3,6,0.0,False,0.0090331057531563,0.003988887472274216,0.0,0.021127016745896787,0.0
uniform_short_baseline,affine,5.1,shift_ot_h,L300_H500x3,L300_H500x3,6,0.0,False,0.18211134186998001,0.008810883208212772,0.0,0.019231645809056896,0.0
uniform_short_baseline,affine,6.364497,shift_h,L300_H500x2,L300_H500x3,6,0.0,False,0.20579573122544303,0.028978656127214952,0.0,0.02403280703089239,0.0
uniform_short_baseline,affine,6.364497,crew_veh_h,L300_H500x3,L300_H500x3,6,0.0,False,0.013003037879010249,0.008155254828204228,0.0,0.02679717236531376,0.0
uniform_short_baseline,affine,6.364497,crew_team_h,L300_H500x3,L300_H500x3,6,0.0,False,0.013003037879010249,0.008155254828204228,0.0,0.02679717236531376,0.0
uniform_short_baseline,affine,6.364497,shift_ot_h,L300_H500x3,L300_H500x3,6,0.0,False,0.18143233319678376,0.01227448313098245,0.0,0.02344997258522752,0.0
uniform_short_baseline,affine,7.942513,shift_h,L300_H500x2,L300_H500x3,6,0.0,False,0.20703287581495222,0.035164379074762,0.0,0.029132909118999795,0.0
uniform_short_baseline,affine,7.942513,crew_veh_h,L300_H500x3,L300_H500x3,6,0.0,False,0.017661112083932506,0.0130438140512954,0.0,0.03339377821814926,0.0
uniform_short_baseline,affine,7.942513,crew_team_h,L300_H500x3,L300_H500x3,6,0.0,False,0.017661112083932506,0.0130438140512954,0.0,0.03339377821814926,0.0
uniform_short_baseline,affine,7.942513,shift_ot_h,L300_H500x3,L300_H500x3,6,0.0,False,0.18062867146217632,0.016373934039048077,0.0,0.02844897385204903,0.0
uniform_short_baseline,affine,9.911784,shift_h,L300_H500x2,L300_H500x3,6,0.0,False,0.20848405811624082,0.042420290581204334,0.0,0.0351020688244148,0.0
uniform_short_baseline,affine,9.911784,crew_veh_h,L300_H500x3,L300_H500x3,6,0.0,False,0.023057696054607613,0.018707425059284466,0.0,0.04096112598738744,0.0
uniform_short_baseline,affine,9.911784,crew_team_h,L300_H500x3,L300_H500x3,6,0.0,False,0.023057696054607613,0.018707425059284466,0.0,0.04096112598738744,0.0
uniform_short_baseline,affine,9.911784,shift_ot_h,L300_H500x3,L300_H500x3,6,0.0,False,0.1796880703717565,0.021171907898203113,0.0,0.03430842717571525,0.0
uniform_short_baseline,affine,12.369317,shift_h,L300_H500x2,L300_H500x3,6,0.0,False,0.21016476733315637,0.050823836665781386,0.0,0.04199745194845006,0.0
uniform_short_baseline,affine,12.369317,crew_veh_h,L300_H500x3,L300_H500x3,6,0.0,False,0.029218726787874072,0.025173308231138947,0.0,0.049503402565454824,0.0
uniform_short_baseline,affine,12.369317,crew_team_h,L300_H500x3,L300_H500x3,6,0.0,False,0.029218726787874072,0.025173308231138947,0.0,0.049503402565454824,0.0
uniform_short_baseline,affine,12.369317,shift_ot_h,L300_H500x3,L300_H500x3,6,0.0,False,0.17860152418557051,0.026714342678666902,0.0,0.0410886839347504,0.0
uniform_short_baseline,affine,15.436172,shift_h,L300_H500x2,L300_H500x3,6,0.0,False,0.21208283490858615,0.06041417454293008,0.0,0.04984327209574446,0.0
uniform_short_baseline,affine,15.436172,crew_veh_h,L300_H500x3,L300_H500x3,6,0.0,False,0.03613566276155389,0.032432499403733495,0.0,0.0589726946764213,0.0
uniform_short_baseline,affine,15.436172,crew_team_h,L300_H500x3,L300_H500x3,6,0.0,False,0.03613566276155389,0.032432499403733495,0.0,0.0589726946764213,0.0
uniform_short_baseline,affine,15.436172,shift_ot_h,L300_H500x3,L300_H500x3,6,0.0,False,0.17736522015160028,0.03302068709754136,0.0,0.048818679060646186,0.0
uniform_short_baseline,affine,19.263424,shift_h,L300_H500x2,L300_H500x3,6,0.0,False,0.2142353180072365,0.07117659003618249,0.0,0.058618448154674985,0.0
uniform_short_baseline,affine,19.263424,crew_veh_h,L300_H500x3,L300_H500x3,6,0.0,False,0.04375673274412328,0.040430665666036036,0.0,0.06926062697707525,0.0
uniform_short_baseline,affine,19.263424,crew_team_h,L270_H500x3,L300_H500x3,6,0.0,False,0.043965847356254084,0.04063911390715802,0.0,0.06926062697707525,0.0
uniform_short_baseline,affine,19.263424,shift_ot_h,L300_H500x3,L300_H500x3,6,0.0,False,0.17598248322638788,0.04007398066569556,0.0,0.05748350095010224,0.0
uniform_short_baseline,affine,24.039607,shift_h,L300_H500x2,L300_H500x3,6,0.0,False,0.21660580105695382,0.08302900528476909,0.0,0.06824643217436233,0.0
uniform_short_baseline,affine,24.039607,crew_veh_h,L270_H500x3,L300_H500x3,6,0.0,False,0.05211054736598397,0.04919110410652294,0.0,0.08019662822022755,0.0
uniform_short_baseline,affine,24.039607,crew_team_h,L270_H500x3,L300_H500x3,6,0.0,False,0.0540214944185855,0.05109674857803559,0.0,0.08019662822022755,0.0
uniform_short_baseline,affine,24.039607,shift_ot_h,L300_H500x3,L300_H500x3,6,0.0,False,0.1744653786373811,0.0478126790722746,0.0,0.06701380123586254,0.0
uniform_short_baseline,affine,30.0,shift_h,L300_H500x2,L300_H500x3,6,0.0,False,0.21916282863405256,0.09581414317026393,0.0,0.07859011193575682,0.0
uniform_short_baseline,affine,30.0,crew_veh_h,L270_H500x3,L300_H500x3,6,0.0,False,0.06290424264038741,0.0604094446220067,0.0,0.09155506493599308,0.0
uniform_short_baseline,affine,30.0,crew_team_h,L270_H500x3,L300_H500x3,6,0.0,False,0.06467272708611005,0.06217377816559355,0.0,0.09155506493599308,0.0
uniform_short_baseline,affine,30.0,shift_ot_h,L300_H500x2,L300_H500x3,6,0.0,False,0.17754381659688168,0.060366337732717934,0.0,0.07727991731842065,0.0
uniform_short_baseline,piecewise,5.1,shift_h,L300_H500x2,L300_H500x3,6,0.0,False,0.20514858118181745,0.025742905909086566,0.0,0.021360773527063337,0.0
uniform_short_baseline,piecewise,5.1,crew_veh_h,L300_H500x3,L300_H500x3,6,0.0,False,0.009120758780026605,0.005487217997991012,0.0,0.02330935114958077,0.0
uniform_short_baseline,piecewise,5.1,crew_team_h,L300_H500x3,L300_H500x3,6,0.0,False,0.009120758780026605,0.005487217997991012,0.0,0.02330935114958077,0.0
uniform_short_baseline,piecewise,5.1,shift_ot_h,L300_H500x3,L300_H500x3,6,0.0,False,0.18176717913130447,0.010081162417151734,0.0,0.020830089270822638,0.0
uniform_short_baseline,piecewise,6.364497,shift_h,L300_H500x2,L300_H500x3,6,0.0,False,0.20627625954281492,0.03138129771407505,0.0,0.02601501726144284,0.0
uniform_short_baseline,piecewise,6.364497,crew_veh_h,L300_H500x3,L300_H500x3,6,0.0,False,0.01309572137616355,0.00995824809559287,0.0,0.029413716048847016,0.0
uniform_short_baseline,piecewise,6.364497,crew_team_h,L300_H500x3,L300_H500x3,6,0.0,False,0.01309572137616355,0.00995824809559287,0.0,0.029413716048847016,0.0
uniform_short_baseline,piecewise,6.364497,shift_ot_h,L300_H500x3,L300_H500x3,6,0.0,False,0.18101520688485384,0.013811241746008118,0.0,0.025386875825277544,0.0
uniform_short_baseline,piecewise,7.942513,shift_h,L300_H500x2,L300_H500x3,6,0.0,False,0.207612300309999,0.03806150154999499,0.0,0.031517981011144336,0.0
uniform_short_baseline,piecewise,7.942513,crew_veh_h,L300_H500x3,L300_H500x3,6,0.0,False,0.017753577151536915,0.015197395095924993,0.0,0.03650612843900136,0.0
uniform_short_baseline,piecewise,7.942513,crew_team_h,L300_H500x3,L300_H500x3,6,0.0,False,0.017753577151536915,0.015197395095924993,0.0,0.03650612843900136,0.0
uniform_short_baseline,piecewise,7.942513,shift_ot_h,L300_H500x3,L300_H500x3,6,0.0,False,0.18012621389359307,0.01822099808455868,0.0,0.0307814687449266,0.0
uniform_short_baseline,piecewise,9.911784,shift_h,L300_H500x2,L300_H500x3,6,0.0,False,0.20917784578216359,0.04588922891081815,0.0,0.037950768839247306,0.0
uniform_short_baseline,piecewise,9.911784,crew_veh_h,L300_H500x3,L300_H500x3,6,0.0,False,0.023141661818452786,0.02125790211493972,0.0,0.044629888095475634,0.0
uniform_short_baseline,piecewise,9.911784,crew_team_h,L300_H500x3,L300_H500x3,6,0.0,False,0.023141661818452786,0.02125790211493972,0.0,0.044629888095475634,0.0
uniform_short_baseline,piecewise,9.911784,shift_ot_h,L300_H500x3,L300_H500x3,6,0.0,False,0.1790871530448288,0.02337515026463377,0.0,0.03709701476887428,0.0
uniform_short_baseline,piecewise,12.369317,shift_h,L300_H500x2,L300_H500x3,6,0.0,False,0.21098879344191013,0.054943967209550415,0.0,0.045371160746572325,0.0
uniform_short_baseline,piecewise,12.369317,crew_veh_h,L300_H500x3,L300_H500x3,6,0.0,False,0.02928219433335766,0.02816476099107712,0.0,0.05378443528342158,0.0
uniform_short_baseline,piecewise,12.369317,crew_team_h,L300_H500x3,L300_H500x3,6,0.0,False,0.02928219433335766,0.02816476099107712,0.0,0.05378443528342158,0.0
uniform_short_baseline,piecewise,12.369317,shift_ot_h,L300_H500x3,L300_H500x3,6,0.0,False,0.17788876065322778,0.02931964982411661,0.0,0.04439483474454309,0.0
uniform_short_baseline,piecewise,15.436172,shift_h,L300_H500x2,L300_H500x3,6,0.0,False,0.2130525960418832,0.06526298020941579,0.0,0.053800618722028126,0.0
uniform_short_baseline,piecewise,15.436172,crew_veh_h,L300_H500x3,L300_H500x3,6,0.0,False,0.03616244190673479,0.035903649907772506,0.0,0.06391288138043105,0.0
uniform_short_baseline,piecewise,15.436172,crew_team_h,L300_H500x3,L300_H500x3,6,0.0,False,0.03616244190673479,0.035903649907772506,0.0,0.06391288138043105,0.0
uniform_short_baseline,piecewise,15.436172,shift_ot_h,L300_H500x3,L300_H500x3,6,0.0,False,0.1765276536203071,0.03607127826761669,0.0,0.05270156578298413,0.0
uniform_short_baseline,piecewise,19.263424,shift_h,L300_H500x2,L300_H500x3,6,0.0,False,0.21536495688405966,0.07682478442029761,0.0,0.06321128808688048,0.0
uniform_short_baseline,piecewise,19.263424,crew_veh_h,L300_H500x3,L300_H500x3,6,0.0,False,0.04372639170794557,0.04441156574346583,0.0,0.0748937118850439,0.0
uniform_short_baseline,piecewise,19.263424,crew_team_h,L270_H500x3,L300_H500x3,6,0.0,False,0.04460888307316102,0.045294636436918,0.0,0.0748937118850439,0.0
uniform_short_baseline,piecewise,19.263424,shift_ot_h,L300_H500x3,L300_H500x3,6,0.0,False,0.17500842340849365,0.04360726012812588,0.0,0.06199603849877122,0.0
uniform_short_baseline,piecewise,24.039607,shift_h,L300_H500x2,L300_H500x3,6,0.0,False,0.21790703237090825,0.08953516185454191,0.0,0.07351559640824412,0.0
uniform_short_baseline,piecewise,24.039607,crew_veh_h,L270_H500x3,L300_H500x3,6,0.0,False,0.052782061784256484,0.05448504335668303,0.0,0.08653980705410325,0.0
uniform_short_baseline,piecewise,24.039607,crew_team_h,L270_H500x3,L300_H500x3,6,0.0,False,0.0546778049868335,0.05638385311582206,0.0,0.08653980705410325,0.0
uniform_short_baseline,piecewise,24.039607,shift_ot_h,L300_H500x2,L300_H500x3,6,0.0,False,0.17342356412780635,0.051927135768083055,0.0,0.07219839347751811,0.0
uniform_short_baseline,piecewise,30.0,shift_h,L300_H500x2,L300_H500x3,6,0.0,False,0.22064390846953486,0.10321954234767539,0.0,0.08456155118743358,0.0
uniform_short_baseline,piecewise,30.0,crew_veh_h,L270_H500x3,L300_H500x3,6,0.0,False,0.0635654014395648,0.0663450153594507,0.0,0.09860700782865695,0.0
uniform_short_baseline,piecewise,30.0,crew_team_h,L270_H500x3,L300_H500x3,6,0.0,False,0.06531763224869902,0.06810182560031652,0.0,0.09860700782865695,0.0
uniform_short_baseline,piecewise,30.0,shift_ot_h,L300_H500x2,L300_H500x3,6,0.0,False,0.17924549722530125,0.06765385935560375,0.0,0.08316451501755617,0.0
uniform_short_baseline,power_0.72,5.1,shift_h,L300_H500x2,L300_H500x3,6,0.0,False,0.20416432871710777,0.02082164358553862,0.0,0.017291363885294286,0.0
uniform_short_baseline,power_0.72,5.1,crew_veh_h,L300_H500x3,L300_H500x3,6,0.0,False,0.009009669795990494,0.0017658008543082193,0.0,0.01787794028058065,0.0
uniform_short_baseline,power_0.72,5.1,crew_team_h,L300_H500x3,L300_H500x3,6,0.0,False,0.009009669795990494,0.0017658008543082193,0.0,0.01787794028058065,0.0
uniform_short_baseline,power_0.72,5.1,shift_ot_h,L300_H500x3,L300_H500x3,6,0.0,False,0.18262951740463862,0.006925606592384392,0.0,0.01685703565471286,0.0
uniform_short_baseline,power_0.72,6.364497,shift_h,L300_H500x2,L300_H500x3,6,0.0,False,0.20508100396058104,0.025405019802905215,0.0,0.021081586814006625,0.0
uniform_short_baseline,power_0.72,6.364497,crew_veh_h,L300_H500x3,L300_H500x3,6,0.0,False,0.012992114375087072,0.005473595168800527,0.0,0.022891607884390375,0.0
uniform_short_baseline,power_0.72,6.364497,crew_team_h,L300_H500x3,L300_H500x3,6,0.0,False,0.012992114375087072,0.005473595168800527,0.0,0.022891607884390375,0.0
uniform_short_baseline,power_0.72,6.364497,shift_ot_h,L300_H500x3,L300_H500x3,6,0.0,False,0.18206156729390655,0.009988908085555526,0.0,0.02056697226876203,0.0
uniform_short_baseline,power_0.72,7.942513,shift_h,L300_H500x2,L300_H500x3,6,0.0,False,0.20616919489779262,0.030845974488963535,0.0,0.025573505457977763,0.0
uniform_short_baseline,power_0.72,7.942513,crew_veh_h,L300_H500x3,L300_H500x3,6,0.0,False,0.017672775145031405,0.00983145302373778,0.0,0.028734126915695324,0.0
uniform_short_baseline,power_0.72,7.942513,crew_team_h,L300_H500x3,L300_H500x3,6,0.0,False,0.017672775145031405,0.00983145302373778,0.0,0.028734126915695324,0.0
uniform_short_baseline,power_0.72,7.942513,shift_ot_h,L300_H500x3,L300_H500x3,6,0.0,False,0.18138835370635253,0.0136199597378166,0.0,0.024969125981604723,0.0
uniform_short_baseline,power_0.72,9.911784,shift_h,L300_H500x2,L300_H500x3,6,0.0,False,0.2074472785660988,0.037236392830493736,0.0,0.030838938884945488,0.0
uniform_short_baseline,power_0.72,9.911784,crew_veh_h,L300_H500x3,L300_H500x3,6,0.0,False,0.023106228951148555,0.014890187358955753,0.0,0.03544925473784999,0.0
uniform_short_baseline,power_0.72,9.911784,crew_team_h,L300_H500x3,L300_H500x3,6,0.0,False,0.023106228951148555,0.014890187358955753,0.0,0.03544925473784999,0.0
uniform_short_baseline,power_0.72,9.911784,shift_ot_h,L300_H500x3,L300_H500x3,6,0.0,False,0.1805990500027168,0.017877156220788226,0.0,0.03013678844009493,0.0
uniform_short_baseline,power_0.72,12.369317,shift_h,L300_H500x2,L300_H500x3,6,0.0,False,0.2089297085654782,0.04464854282739039,0.0,0.03693229019937849,0.0
uniform_short_baseline,power_0.72,12.369317,crew_veh_h,L300_H500x3,L300_H500x3,6,0.0,False,0.029323441737751255,0.020678628544842592,0.0,0.0430460483744155,0.0
uniform_short_baseline,power_0.72,12.369317,crew_team_h,L300_H500x3,L300_H500x3,6,0.0,False,0.029323441737751255,0.020678628544842592,0.0,0.0430460483744155,0.0
uniform_short_baseline,power_0.72,12.369317,shift_ot_h,L300_H500x3,L300_H500x3,6,0.0,False,0.17968542099739682,0.0228049149152858,0.0,0.03612705777732539,0.0
uniform_short_baseline,power_0.72,15.436172,shift_h,L300_H500x2,L300_H500x3,6,0.0,False,0.21062438370417458,0.05312191852087311,0.0,0.04387976918020997,0.0
uniform_short_baseline,power_0.72,15.436172,crew_veh_h,L300_H500x3,L300_H500x3,6,0.0,False,0.036321416813802854,0.027193986557892513,0.0,0.05148781310467787,0.0
uniform_short_baseline,power_0.72,15.436172,crew_team_h,L300_H500x3,L300_H500x3,6,0.0,False,0.036321416813802854,0.027193986557892513,0.0,0.05148781310467787,0.0
uniform_short_baseline,power_0.72,15.436172,shift_ot_h,L300_H500x3,L300_H500x3,6,0.0,False,0.17864343972909968,0.028424955680688146,0.0,0.04297021264757195,0.0
uniform_short_baseline,power_0.72,19.263424,shift_h,L300_H500x2,L300_H500x3,6,0.0,False,0.21252984942461262,0.06264924712306286,0.0,0.05166821019110768,0.0
uniform_short_baseline,power_0.72,19.263424,crew_veh_h,L300_H500x3,L300_H500x3,6,0.0,False,0.0440538677059763,0.03439316708273421,0.0,0.060683982879738974,0.0
uniform_short_baseline,power_0.72,19.263424,crew_team_h,L300_H500x3,L300_H500x3,6,0.0,False,0.0440538677059763,0.03439316708273421,0.0,0.060683982879738974,0.0
uniform_short_baseline,power_0.72,19.263424,shift_ot_h,L300_H500x3,L300_H500x3,6,0.0,False,0.17747496936022467,0.03472722934533401,0.0,0.050658483755986694,0.0
uniform_short_baseline,power_0.72,24.039607,shift_h,L300_H500x2,L300_H500x3,6,0.0,False,0.21463281062696726,0.07316405313483632,0.0,0.06023553167238305,0.0
uniform_short_baseline,power_0.72,24.039607,crew_veh_h,L300_H500x3,L300_H500x3,6,0.0,False,0.052425220188428545,0.04218718719338943,0.0,0.07048765244934518,0.0
uniform_short_baseline,power_0.72,24.039607,crew_team_h,L270_H500x3,L300_H500x3,6,0.0,False,0.054093562960909836,0.04383930026325222,0.0,0.07048765244934518,0.0
uniform_short_baseline,power_0.72,24.039607,shift_ot_h,L300_H500x3,L300_H500x3,6,0.0,False,0.17618920453667863,0.041662143573550914,0.0,0.05913617859845943,0.0
uniform_short_baseline,power_0.72,30.0,shift_h,L300_H500x2,L300_H500x3,6,0.0,False,0.21690658529384854,0.08453292646924249,0.0,0.06946541952423568,0.0
uniform_short_baseline,power_0.72,30.0,crew_veh_h,L270_H500x3,L300_H500x3,6,0.0,False,0.06310635096588668,0.05223836967814144,0.0,0.08070092572613041,0.0
uniform_short_baseline,power_0.72,30.0,crew_team_h,L270_H500x3,L300_H500x3,6,0.0,False,0.06489905187599732,0.05401274406811796,0.0,0.08070092572613041,0.0
uniform_short_baseline,power_0.72,30.0,shift_ot_h,L300_H500x2,L300_H500x3,6,0.0,False,0.17504114676615123,0.04934841505019061,0.0,0.06829370318147521,0.0
uniform_short_baseline,power_0.84,5.1,shift_h,L300_H500x2,L300_H500x3,6,0.0,False,0.20506310082184287,0.02531550410921435,0.0,0.02100761702183851,0.0
uniform_short_baseline,power_0.84,5.1,crew_veh_h,L300_H500x3,L300_H500x3,6,0.0,False,0.009174867882737248,0.005168685052962418,0.0,0.0228379648529351,0.0
uniform_short_baseline,power_0.84,5.1,crew_team_h,L300_H500x3,L300_H500x3,6,0.0,False,0.009174867882737248,0.005168685052962418,0.0,0.0228379648529351,0.0
uniform_short_baseline,power_0.84,5.1,shift_ot_h,L300_H500x3,L300_H500x3,6,0.0,False,0.18184582818315498,0.009809498287582041,0.0,0.02048541224605782,0.0
uniform_short_baseline,power_0.84,6.364497,shift_h,L300_H500x2,L300_H500x3,6,0.0,False,0.20617212819609332,0.03086064098046659,0.0,0.02558560280000899,0.0
uniform_short_baseline,power_0.84,6.364497,crew_veh_h,L300_H500x3,L300_H500x3,6,0.0,False,0.013162408452841667,0.009573075378257245,0.0,0.028845424101331618,0.0
uniform_short_baseline,power_0.84,6.364497,crew_team_h,L300_H500x3,L300_H500x3,6,0.0,False,0.013162408452841667,0.009573075378257245,0.0,0.028845424101331618,0.0
uniform_short_baseline,power_0.84,6.364497,shift_ot_h,L300_H500x3,L300_H500x3,6,0.0,False,0.18111081970158738,0.013481241068781458,0.0,0.024967513314942957,0.0
uniform_short_baseline,power_0.84,7.942513,shift_h,L300_H500x2,L300_H500x3,6,0.0,False,0.2074861050780863,0.03743052539043146,0.0,0.03099872142049298,0.0
uniform_short_baseline,power_0.84,7.942513,crew_veh_h,L300_H500x3,L300_H500x3,6,0.0,False,0.01783547633529925,0.014734656711185012,0.0,0.03582576529301451,0.0
uniform_short_baseline,power_0.84,7.942513,crew_team_h,L300_H500x3,L300_H500x3,6,0.0,False,0.01783547633529925,0.014734656711185012,0.0,0.03582576529301451,0.0
uniform_short_baseline,power_0.84,7.942513,shift_ot_h,L300_H500x3,L300_H500x3,6,0.0,False,0.18024180411728952,0.01782241777410487,0.0,0.030273995284052724,0.0
uniform_short_baseline,power_0.84,9.911784,shift_h,L300_H500x2,L300_H500x3,6,0.0,False,0.20902584244653832,0.04512921223269162,0.0,0.0373269211031666,0.0
uniform_short_baseline,power_0.84,9.911784,crew_veh_h,L300_H500x3,L300_H500x3,6,0.0,False,0.023241795131958787,0.020706141586345428,0.0,0.04382184306151293,0.0
uniform_short_baseline,power_0.84,9.911784,crew_team_h,L300_H500x3,L300_H500x3,6,0.0,False,0.023241795131958787,0.020706141586345428,0.0,0.04382184306151293,0.0
uniform_short_baseline,power_0.84,9.911784,shift_ot_h,L300_H500x3,L300_H500x3,6,0.0,False,0.17922598666690215,0.022896944781632067,0.0,0.0364868100292135,0.0
uniform_short_baseline,power_0.84,12.369317,shift_h,L300_H500x2,L300_H500x3,6,0.0,False,0.21080699833465943,0.05403499167329717,0.0,0.04462725417644342,0.0
uniform_short_baseline,power_0.84,12.369317,crew_veh_h,L300_H500x3,L300_H500x3,6,0.0,False,0.02940394165492788,0.02751246695198417,0.0,0.0528333855740728,0.0
uniform_short_baseline,power_0.84,12.369317,crew_team_h,L300_H500x3,L300_H500x3,6,0.0,False,0.02940394165492788,0.02751246695198417,0.0,0.0528333855740728,0.0
uniform_short_baseline,power_0.84,12.369317,shift_ot_h,L300_H500x3,L300_H500x3,6,0.0,False,0.17805425952673093,0.02875032032266489,0.0,0.043666487309274915,0.0
uniform_short_baseline,power_0.84,15.436172,shift_h,L300_H500x2,L300_H500x3,6,0.0,False,0.21283693029158046,0.06418465145790297,0.0,0.052921089269991395,0.0
uniform_short_baseline,power_0.84,15.436172,crew_veh_h,L300_H500x3,L300_H500x3,6,0.0,False,0.036309461934215914,0.03513987692424858,0.0,0.06280469808295464,0.0
uniform_short_baseline,power_0.84,15.436172,crew_team_h,L300_H500x3,L300_H500x3,6,0.0,False,0.036309461934215914,0.03513987692424858,0.0,0.06280469808295464,0.0
uniform_short_baseline,power_0.84,15.436172,shift_ot_h,L300_H500x3,L300_H500x3,6,0.0,False,0.17672325332121752,0.03539937614907274,0.0,0.051839482059251374,0.0
uniform_short_baseline,power_0.84,19.263424,shift_h,L300_H500x2,L300_H500x3,6,0.0,False,0.2151114434988357,0.07555721749417832,0.0,0.06218130682451317,0.0
uniform_short_baseline,power_0.84,19.263424,crew_veh_h,L300_H500x3,L300_H500x3,6,0.0,False,0.043902482751402294,0.04352665740686179,0.0,0.07361645840407571,0.0
uniform_short_baseline,power_0.84,19.263424,crew_team_h,L270_H500x3,L300_H500x3,6,0.0,False,0.04509685585112244,0.04472060050886739,0.0,0.07361645840407571,0.0
uniform_short_baseline,power_0.84,19.263424,shift_ot_h,L300_H500x3,L300_H500x3,6,0.0,False,0.17523738844306314,0.04282203014153518,0.0,0.06098524944715389,0.0
uniform_short_baseline,power_0.84,24.039607,shift_h,L300_H500x2,L300_H500x3,6,0.0,False,0.21761203623697,0.0880601811848496,0.0,0.07232203572576346,0.0
uniform_short_baseline,power_0.84,24.039607,crew_veh_h,L270_H500x3,L300_H500x3,6,0.0,False,0.05335342152634581,0.053832944860598975,0.0,0.08508470420783776,0.0
uniform_short_baseline,power_0.84,24.039607,crew_team_h,L270_H500x3,L300_H500x3,6,0.0,False,0.055252217667462133,0.05573260540015745,0.0,0.08508470420783776,0.0
uniform_short_baseline,power_0.84,24.039607,shift_ot_h,L300_H500x3,L300_H500x3,6,0.0,False,0.17361051508748115,0.050949093500783915,0.0,0.07102550863756041,0.0
uniform_short_baseline,power_0.84,30.0,shift_h,L300_H500x2,L300_H500x3,6,0.0,False,0.22030439680489078,0.10152198402445411,0.0,0.08319398364069475,0.0
uniform_short_baseline,power_0.84,30.0,crew_veh_h,L270_H500x3,L300_H500x3,6,0.0,False,0.06423108222846952,0.06561466882990352,0.0,0.09696921470546549,0.0
uniform_short_baseline,power_0.84,30.0,crew_team_h,L270_H500x3,L300_H500x3,6,0.0,False,0.06598654635378831,0.06737241520076442,0.0,0.09696921470546549,0.0
uniform_short_baseline,power_0.84,30.0,shift_ot_h,L300_H500x2,L300_H500x3,6,0.0,False,0.17891453948220204,0.06603363104295101,0.0,0.0818187244644033,0.0
uniform_short_baseline,power_0.96,5.1,shift_h,L300_H500x2,L300_H500x3,6,0.0,False,0.20603055722199337,0.030152786109966412,0.0,0.025001676723201305,0.0
uniform_short_baseline,power_0.96,5.1,crew_veh_h,L300_H500x3,L300_H500x3,6,0.0,False,0.009336647972837175,0.008814048407937536,0.0,0.02815126407882773,0.0
uniform_short_baseline,power_0.96,5.1,crew_team_h,L300_H500x3,L300_H500x3,6,0.0,False,0.009336647972837175,0.008814048407937536,0.0,0.02815126407882773,0.0
uniform_short_baseline,power_0.96,5.1,shift_ot_h,L300_H500x3,L300_H500x3,6,0.0,False,0.18100358893789248,0.012904967588977412,0.0,0.02438592327404443,0.0
uniform_short_baseline,power_0.96,6.364497,shift_h,L300_H500x2,L300_H500x3,6,0.0,False,0.20734458793357713,0.03672293966788587,0.0,0.03041628714362221,0.0
uniform_short_baseline,power_0.96,6.364497,crew_veh_h,L300_H500x3,L300_H500x3,6,0.0,False,0.013326326454864645,0.013953054854012104,0.0,0.03520647183733727,0.0
uniform_short_baseline,power_0.96,6.364497,crew_team_h,L300_H500x3,L300_H500x3,6,0.0,False,0.013326326454864645,0.013953054854012104,0.0,0.03520647183733727,0.0
uniform_short_baseline,power_0.96,6.364497,shift_ot_h,L300_H500x3,L300_H500x3,6,0.0,False,0.1800914264816802,0.017221097330690993,0.0,0.02968850866195183,0.0
uniform_short_baseline,power_0.96,7.942513,shift_h,L300_H500x2,L300_H500x3,6,0.0,False,0.20889825966151032,0.04449129830755205,0.0,0.0368031783915459,0.0
uniform_short_baseline,power_0.96,7.942513,crew_veh_h,L300_H500x3,L300_H500x3,6,0.0,False,0.017987601414996446,0.01995712815840256,0.0,0.04337925891334882,0.0
uniform_short_baseline,power_0.96,7.942513,crew_team_h,L300_H500x3,L300_H500x3,6,0.0,False,0.017987601414996446,0.01995712815840256,0.0,0.04337925891334882,0.0
uniform_short_baseline,power_0.96,7.942513,shift_ot_h,L300_H500x3,L300_H500x3,6,0.0,False,0.17901586288094085,0.02231040134078155,0.0,0.035951519209765026,0.0
uniform_short_baseline,power_0.96,9.911784,shift_h,L300_H500x2,L300_H500x3,6,0.0,False,0.21071448255376013,0.05357241276880087,0.0,0.04424859332301101,0.0
uniform_short_baseline,power_0.96,9.911784,crew_veh_h,L300_H500x3,L300_H500x3,6,0.0,False,0.023361120474504782,0.026878625519484167,0.0,0.05270846461020828,0.0
uniform_short_baseline,power_0.96,9.911784,crew_team_h,L300_H500x3,L300_H500x3,6,0.0,False,0.023361120474504782,0.026878625519484167,0.0,0.05270846461020828,0.0
uniform_short_baseline,power_0.96,9.911784,shift_ot_h,L300_H500x3,L300_H500x3,6,0.0,False,0.17776257783861382,0.028240639763984943,0.0,0.04326383279143031,0.0
uniform_short_baseline,power_0.96,12.369317,shift_h,L300_H500x2,L300_H500x3,6,0.0,False,0.212809584894172,0.0640479244708605,0.0,0.05280954674879923,0.0
uniform_short_baseline,power_0.96,12.369317,crew_veh_h,L300_H500x3,L300_H500x3,6,0.0,False,0.02946096458080394,0.034735684258310195,0.0,0.06318064744650909,0.0
uniform_short_baseline,power_0.96,12.369317,crew_team_h,L300_H500x3,L300_H500x3,6,0.0,False,0.02946096458080394,0.034735684258310195,0.0,0.06318064744650909,0.0
uniform_short_baseline,power_0.96,12.369317,shift_ot_h,L300_H500x3,L300_H500x3,6,0.0,False,0.17632222685033105,0.035056028510467296,0.0,0.05168682949996972,0.0
uniform_short_baseline,power_0.96,15.436172,shift_h,L300_H500x2,L300_H500x3,6,0.0,False,0.21518964405330387,0.07594822026651893,0.0,0.06249906805755123,0.0
uniform_short_baseline,power_0.96,15.436172,crew_veh_h,L300_H500x3,L300_H500x3,6,0.0,False,0.03626532930999726,0.04350021863427256,0.0,0.07471688020906431,0.0
uniform_short_baseline,power_0.96,15.436172,crew_team_h,L270_H500x3,L300_H500x3,6,0.0,False,0.03678507061292269,0.04402358861288325,0.0,0.07471688020906431,0.0
uniform_short_baseline,power_0.96,15.436172,shift_ot_h,L300_H500x3,L300_H500x3,6,0.0,False,0.1746929168265614,0.04276552521707977,0.0,0.061239733783768235,0.0
uniform_short_baseline,power_0.96,19.263424,shift_h,L300_H500x2,L300_H500x3,6,0.0,False,0.2178468152695563,0.08923407634778258,0.0,0.07327200369451359,0.0
uniform_short_baseline,power_0.96,19.263424,crew_veh_h,L270_H500x3,L300_H500x3,6,0.0,False,0.0441980247270628,0.05358169403293256,0.0,0.08716500344800782,0.0
uniform_short_baseline,power_0.96,19.263424,crew_team_h,L270_H500x3,L300_H500x3,6,0.0,False,0.046196003355926774,0.055597627465664656,0.0,0.08716500344800782,0.0
uniform_short_baseline,power_0.96,19.263424,shift_ot_h,L300_H500x3,L300_H500x3,6,0.0,False,0.17288257289036468,0.05133163013899944,0.0,0.07188519687044481,0.0
uniform_short_baseline,power_0.96,24.039607,shift_h,L300_H500x2,L300_H500x3,6,0.0,False,0.2207563928326557,0.10378196416327934,0.0,0.08501447526517758,0.0
uniform_short_baseline,power_0.96,24.039607,crew_veh_h,L270_H500x3,L300_H500x3,6,0.0,False,0.05445135183568928,0.06615788511994558,0.0,0.10030073647680116,0.0
uniform_short_baseline,power_0.96,24.039607,crew_team_h,L270_H500x3,L300_H500x3,6,0.0,False,0.0563138323669925,0.06804104293550006,0.0,0.10030073647680116,0.0
uniform_short_baseline,power_0.96,24.039607,shift_ot_h,L300_H500x2,L300_H500x3,6,0.0,False,0.1767373003646322,0.06594018934975798,0.0,0.08351811808888487,0.0
uniform_short_baseline,power_0.96,30.0,shift_h,L300_H500x2,L300_H500x3,6,0.0,False,0.22387547938462427,0.11937739692312221,0.0,0.09754047608106875,0.0
uniform_short_baseline,power_0.96,30.0,crew_veh_h,L270_H500x3,L300_H500x3,6,0.0,False,0.06523233351320568,0.07938126951465185,0.0,0.11383972859642455,0.0
uniform_short_baseline,power_0.96,30.0,crew_team_h,L270_H500x3,L300_H500x3,6,0.0,False,0.06694913906721944,0.08112087851834193,0.0,0.11383972859642455,0.0
uniform_short_baseline,power_0.96,30.0,shift_ot_h,L300_H500x2,L300_H500x3,6,0.0,False,0.18298005082959756,0.08358849947312619,0.0,0.0959611892679586,0.0
uniform_short_tight,affine,5.1,shift_h,500,500,6,0.0,False,0.19999999999999996,0.0,0.0,0.0,0.0
uniform_short_tight,affine,5.1,crew_veh_h,500,500,6,0.0,False,0.026055487296198,0.0,0.0,0.0,0.0
uniform_short_tight,affine,5.1,crew_team_h,500,500,6,0.0,False,0.026055487296198,0.0,0.0,0.0,0.0
uniform_short_tight,affine,5.1,shift_ot_h,500,500,6,0.0,False,0.1979039994881544,0.0,0.0,0.0,0.0
uniform_short_tight,affine,6.364497,shift_h,500,500,6,0.0,False,0.19999999999999996,0.0,0.0,0.0,0.0
uniform_short_tight,affine,6.364497,crew_veh_h,500,500,6,0.0,False,0.0314982708834084,0.0,0.0,0.0,0.0
uniform_short_tight,affine,6.364497,crew_team_h,500,500,6,0.0,False,0.0314982708834084,0.0,0.0,0.0,0.0
uniform_short_tight,affine,6.364497,shift_ot_h,500,500,6,0.0,False,0.19796151883769753,0.0,0.0,0.0,0.0
uniform_short_tight,affine,7.942513,shift_h,500,500,6,0.0,False,0.19999999999999996,0.0,0.0,0.0,0.0
uniform_short_tight,affine,7.942513,crew_veh_h,500,500,6,0.0,False,0.03783073541031379,0.0,0.0,0.0,0.0
uniform_short_tight,affine,7.942513,crew_team_h,500,500,6,0.0,False,0.03783073541031379,0.0,0.0,0.0,0.0
uniform_short_tight,affine,7.942513,shift_ot_h,500,500,6,0.0,False,0.1980290181114588,0.0,0.0,0.0,0.0
uniform_short_tight,affine,9.911784,shift_h,500,500,6,0.0,False,0.19999999999999996,0.0,0.0,0.0,0.0
uniform_short_tight,affine,9.911784,crew_veh_h,500,500,6,0.0,False,0.04509557633055761,0.0,0.0,0.0,0.0
uniform_short_tight,affine,9.911784,crew_team_h,500,500,6,0.0,False,0.04509557633055761,0.0,0.0,0.0,0.0
uniform_short_tight,affine,9.911784,shift_ot_h,500,500,6,0.0,False,0.1981072319635726,0.0,0.0,0.0,0.0
uniform_short_tight,affine,12.369317,shift_h,500,500,6,0.0,False,0.19999999999999996,0.0,0.0,0.0,0.0
uniform_short_tight,affine,12.369317,crew_veh_h,500,500,6,0.0,False,0.05329702135823022,0.0,0.0,0.0,0.0
uniform_short_tight,affine,12.369317,crew_team_h,500,500,6,0.0,False,0.05329702135823022,0.0,0.0,0.0,0.0
uniform_short_tight,affine,12.369317,shift_ot_h,500,500,6,0.0,False,0.19819654213584936,0.0,0.0,0.0,0.0
uniform_short_tight,affine,15.436172,shift_h,500,500,6,0.0,False,0.19999999999999996,0.0,0.0,0.0,0.0
uniform_short_tight,affine,15.436172,crew_veh_h,500,500,6,0.0,False,0.06238929823707684,0.0,0.0,0.0,0.0
uniform_short_tight,affine,15.436172,crew_team_h,500,500,6,0.0,False,0.06238929823707684,0.0,0.0,0.0,0.0
uniform_short_tight,affine,15.436172,shift_ot_h,500,500,6,0.0,False,0.1982968315342466,0.0,0.0,0.0,0.0
uniform_short_tight,affine,19.263424,shift_h,500,500,6,0.0,False,0.19999999999999996,0.0,0.0,0.0,0.0
uniform_short_tight,affine,19.263424,crew_veh_h,500,500,6,0.0,False,0.07226857944680765,0.0,0.0,0.0,0.0
uniform_short_tight,affine,19.263424,crew_team_h,500,500,6,0.0,False,0.07226857944680765,0.0,0.0,0.0,0.0
uniform_short_tight,affine,19.263424,shift_ot_h,500,500,6,0.0,False,0.19840735676069898,0.0,0.0,0.0,0.0
uniform_short_tight,affine,24.039607,shift_h,500,500,6,0.0,False,0.19999999999999996,0.0,0.0,0.0,0.0
uniform_short_tight,affine,24.039607,crew_veh_h,500,500,6,0.0,False,0.0827712813886996,0.0,0.0,0.0,0.0
uniform_short_tight,affine,24.039607,crew_team_h,500,500,6,0.0,False,0.0827712813886996,0.0,0.0,0.0,0.0
uniform_short_tight,affine,24.039607,shift_ot_h,500,500,6,0.0,False,0.1985266723092034,0.0,0.0,0.0,0.0
uniform_short_tight,affine,30.0,shift_h,500,500,6,0.0,False,0.19999999999999973,0.0,0.0,0.0,0.0
uniform_short_tight,affine,30.0,crew_veh_h,500,500,6,0.0,False,0.09368087509021761,0.0,0.0,0.0,0.0
uniform_short_tight,affine,30.0,crew_team_h,500,500,6,0.0,False,0.09368087509021761,0.0,0.0,0.0,0.0
uniform_short_tight,affine,30.0,shift_ot_h,500,500,6,0.0,False,0.19865263917943388,0.0,0.0,0.0,0.0
uniform_short_tight,piecewise,5.1,shift_h,500,500,6,0.0,False,0.19999999999999996,0.0,0.0,0.0,0.0
uniform_short_tight,piecewise,5.1,crew_veh_h,500,500,6,0.0,False,0.026800567295868882,0.0,0.0,0.0,0.0
uniform_short_tight,piecewise,5.1,crew_team_h,500,500,6,0.0,False,0.026800567295868882,0.0,0.0,0.0,0.0
uniform_short_tight,piecewise,5.1,shift_ot_h,500,500,6,0.0,False,0.19791184659201688,0.0,0.0,0.0,0.0
uniform_short_tight,piecewise,6.364497,shift_h,500,500,6,0.0,False,0.19999999999999996,0.0,0.0,0.0,0.0
uniform_short_tight,piecewise,6.364497,crew_veh_h,500,500,6,0.0,False,0.032370028250155336,0.0,0.0,0.0,0.0
uniform_short_tight,piecewise,6.364497,crew_team_h,500,500,6,0.0,False,0.032370028250155336,0.0,0.0,0.0,0.0
uniform_short_tight,piecewise,6.364497,shift_ot_h,500,500,6,0.0,False,0.19797077405476537,0.0,0.0,0.0,0.0
uniform_short_tight,piecewise,7.942513,shift_h,500,500,6,0.0,False,0.19999999999999996,0.0,0.0,0.0,0.0
uniform_short_tight,piecewise,7.942513,crew_veh_h,500,500,6,0.0,False,0.03883735737946359,0.0,0.0,0.0,0.0
uniform_short_tight,piecewise,7.942513,crew_team_h,500,500,6,0.0,False,0.03883735737946359,0.0,0.0,0.0,0.0
uniform_short_tight,piecewise,7.942513,shift_ot_h,500,500,6,0.0,False,0.19803980571894964,0.0,0.0,0.0,0.0
uniform_short_tight,piecewise,9.911784,shift_h,500,500,6,0.0,False,0.19999999999999996,0.0,0.0,0.0,0.0
uniform_short_tight,piecewise,9.911784,crew_veh_h,500,500,6,0.0,False,0.0462403864537444,0.0,0.0,0.0,0.0
uniform_short_tight,piecewise,9.911784,crew_team_h,500,500,6,0.0,False,0.0462403864537444,0.0,0.0,0.0,0.0
uniform_short_tight,piecewise,9.911784,shift_ot_h,500,500,6,0.0,False,0.19811963354751905,0.0,0.0,0.0,0.0
uniform_short_tight,piecewise,12.369317,shift_h,500,500,6,0.0,False,0.19999999999999996,0.0,0.0,0.0,0.0
uniform_short_tight,piecewise,12.369317,crew_veh_h,500,500,6,0.0,False,0.054576680292387936,0.0,0.0,0.0,0.0
uniform_short_tight,piecewise,12.369317,crew_team_h,500,500,6,0.0,False,0.054576680292387936,0.0,0.0,0.0,0.0
uniform_short_tight,piecewise,12.369317,shift_ot_h,500,500,6,0.0,False,0.19821057513895401,0.0,0.0,0.0,0.0
uniform_short_tight,piecewise,15.436172,shift_h,500,500,6,0.0,False,0.19999999999999996,0.0,0.0,0.0,0.0
uniform_short_tight,piecewise,15.436172,crew_veh_h,500,500,6,0.0,False,0.06379233448349853,0.0,0.0,0.0,0.0
uniform_short_tight,piecewise,15.436172,crew_team_h,500,500,6,0.0,False,0.06379233448349853,0.0,0.0,0.0,0.0
uniform_short_tight,piecewise,15.436172,shift_ot_h,500,500,6,0.0,False,0.19831242866762588,0.0,0.0,0.0,0.0
uniform_short_tight,piecewise,19.263424,shift_h,500,500,6,0.0,False,0.19999999999999996,0.0,0.0,0.0,0.0
uniform_short_tight,piecewise,19.263424,crew_veh_h,500,500,6,0.0,False,0.07377467750179245,0.0,0.0,0.0,0.0
uniform_short_tight,piecewise,19.263424,crew_team_h,500,500,6,0.0,False,0.07377467750179245,0.0,0.0,0.0,0.0
uniform_short_tight,piecewise,19.263424,shift_ot_h,500,500,6,0.0,False,0.19842435081322218,0.0,0.0,0.0,0.0
uniform_short_tight,piecewise,24.039607,shift_h,500,500,6,0.0,False,0.19999999999999996,0.0,0.0,0.0,0.0
uniform_short_tight,piecewise,24.039607,crew_veh_h,500,500,6,0.0,False,0.08435171449286472,0.0,0.0,0.0,0.0
uniform_short_tight,piecewise,24.039607,crew_team_h,500,500,6,0.0,False,0.08435171449286472,0.0,0.0,0.0,0.0
uniform_short_tight,piecewise,24.039607,shift_ot_h,500,500,6,0.0,False,0.19854479144169113,0.0,0.0,0.0,0.0
uniform_short_tight,piecewise,30.0,shift_h,500,500,6,0.0,False,0.20000000000000018,0.0,0.0,0.0,0.0
uniform_short_tight,piecewise,30.0,crew_veh_h,500,500,6,0.0,False,0.09530027356711912,0.0,0.0,0.0,0.0
uniform_short_tight,piecewise,30.0,crew_team_h,500,500,6,0.0,False,0.09530027356711912,0.0,0.0,0.0,0.0
uniform_short_tight,piecewise,30.0,shift_ot_h,500,500,6,0.0,False,0.19867151677524286,0.0,0.0,0.0,0.0
uniform_short_tight,power_0.72,5.1,shift_h,500,500,6,0.0,False,0.19999999999999996,0.0,0.0,0.0,0.0
uniform_short_tight,power_0.72,5.1,crew_veh_h,500,500,6,0.0,False,0.025043169550521993,0.0,0.0,0.0,0.0
uniform_short_tight,power_0.72,5.1,crew_team_h,500,500,6,0.0,False,0.025043169550521993,0.0,0.0,0.0,0.0
uniform_short_tight,power_0.72,5.1,shift_ot_h,500,500,6,0.0,False,0.19789335147472098,0.0,0.0,0.0,0.0
uniform_short_tight,power_0.72,6.364497,shift_h,500,500,6,0.0,False,0.19999999999999996,0.0,0.0,0.0,0.0
uniform_short_tight,power_0.72,6.364497,crew_veh_h,500,500,6,0.0,False,0.03031133765679561,0.0,0.0,0.0,0.0
uniform_short_tight,power_0.72,6.364497,crew_team_h,500,500,6,0.0,False,0.03031133765679561,0.0,0.0,0.0,0.0
uniform_short_tight,power_0.72,6.364497,shift_ot_h,500,500,6,0.0,False,0.1979489363985918,0.0,0.0,0.0,0.0
uniform_short_tight,power_0.72,7.942513,shift_h,500,500,6,0.0,False,0.19999999999999996,0.0,0.0,0.0,0.0
uniform_short_tight,power_0.72,7.942513,crew_veh_h,500,500,6,0.0,False,0.036456807318380635,0.0,0.0,0.0,0.0
uniform_short_tight,power_0.72,7.942513,crew_team_h,500,500,6,0.0,False,0.036456807318380635,0.0,0.0,0.0,0.0
uniform_short_tight,power_0.72,7.942513,shift_ot_h,500,500,6,0.0,False,0.19801431988916351,0.0,0.0,0.0,0.0
uniform_short_tight,power_0.72,9.911784,shift_h,500,500,6,0.0,False,0.19999999999999996,0.0,0.0,0.0,0.0
uniform_short_tight,power_0.72,9.911784,crew_veh_h,500,500,6,0.0,False,0.043528624705124974,0.0,0.0,0.0,0.0
uniform_short_tight,power_0.72,9.911784,crew_team_h,500,500,6,0.0,False,0.043528624705124974,0.0,0.0,0.0,0.0
uniform_short_tight,power_0.72,9.911784,shift_ot_h,500,500,6,0.0,False,0.19809029126540856,0.0,0.0,0.0,0.0
uniform_short_tight,power_0.72,12.369317,shift_h,500,500,6,0.0,False,0.19999999999999996,0.0,0.0,0.0,0.0
uniform_short_tight,power_0.72,12.369317,crew_veh_h,500,500,6,0.0,False,0.05153990951188736,0.0,0.0,0.0,0.0
uniform_short_tight,power_0.72,12.369317,crew_team_h,500,500,6,0.0,False,0.05153990951188736,0.0,0.0,0.0,0.0
uniform_short_tight,power_0.72,12.369317,shift_ot_h,500,500,6,0.0,False,0.19817731662475513,0.0,0.0,0.0,0.0
uniform_short_tight,power_0.72,15.436172,shift_h,500,500,6,0.0,False,0.19999999999999996,0.0,0.0,0.0,0.0
uniform_short_tight,power_0.72,15.436172,crew_veh_h,500,500,6,0.0,False,0.06045595864428588,0.0,0.0,0.0,0.0
uniform_short_tight,power_0.72,15.436172,crew_team_h,500,500,6,0.0,False,0.06045595864428588,0.0,0.0,0.0,0.0
uniform_short_tight,power_0.72,15.436172,shift_ot_h,500,500,6,0.0,False,0.19827539263964145,0.0,0.0,0.0,0.0
uniform_short_tight,power_0.72,19.263424,shift_h,500,500,6,0.0,False,0.19999999999999996,0.0,0.0,0.0,0.0
uniform_short_tight,power_0.72,19.263424,crew_veh_h,500,500,6,0.0,False,0.07018523852006076,0.0,0.0,0.0,0.0
uniform_short_tight,power_0.72,19.263424,crew_team_h,500,500,6,0.0,False,0.07018523852006076,0.0,0.0,0.0,0.0
uniform_short_tight,power_0.72,19.263424,shift_ot_h,500,500,6,0.0,False,0.1983839127594913,0.0,0.0,0.0,0.0
uniform_short_tight,power_0.72,24.039607,shift_h,500,500,6,0.0,False,0.19999999999999996,0.0,0.0,0.0,0.0
uniform_short_tight,power_0.72,24.039607,crew_veh_h,500,500,6,0.0,False,0.08057616557905556,0.0,0.0,0.0,0.0
uniform_short_tight,power_0.72,24.039607,crew_team_h,500,500,6,0.0,False,0.08057616557905556,0.0,0.0,0.0,0.0
uniform_short_tight,power_0.72,24.039607,shift_ot_h,500,500,6,0.0,False,0.19850157796689327,0.0,0.0,0.0,0.0
uniform_short_tight,power_0.72,30.0,shift_h,500,500,6,0.0,False,0.19999999999999973,0.0,0.0,0.0,0.0
uniform_short_tight,power_0.72,30.0,crew_veh_h,500,500,6,0.0,False,0.09142206741499859,0.0,0.0,0.0,0.0
uniform_short_tight,power_0.72,30.0,crew_team_h,500,500,6,0.0,False,0.09142206741499859,0.0,0.0,0.0,0.0
uniform_short_tight,power_0.72,30.0,shift_ot_h,500,500,6,0.0,False,0.19862638582022152,0.0,0.0,0.0,0.0
uniform_short_tight,power_0.84,5.1,shift_h,500,500,6,0.0,False,0.19999999999999996,0.0,0.0,0.0,0.0
uniform_short_tight,power_0.84,5.1,crew_veh_h,500,500,6,0.0,False,0.026708441565243435,0.0,0.0,0.0,0.0
uniform_short_tight,power_0.84,5.1,crew_team_h,500,500,6,0.0,False,0.026708441565243435,0.0,0.0,0.0,0.0
uniform_short_tight,power_0.84,5.1,shift_ot_h,500,500,6,0.0,False,0.19791087587280232,0.0,0.0,0.0,0.0
uniform_short_tight,power_0.84,6.364497,shift_h,500,500,6,0.0,False,0.19999999999999996,0.0,0.0,0.0,0.0
uniform_short_tight,power_0.84,6.364497,crew_veh_h,500,500,6,0.0,False,0.03226232389842765,0.0,0.0,0.0,0.0
uniform_short_tight,power_0.84,6.364497,crew_team_h,500,500,6,0.0,False,0.03226232389842765,0.0,0.0,0.0,0.0
uniform_short_tight,power_0.84,6.364497,shift_ot_h,500,500,6,0.0,False,0.19796962994821943,0.0,0.0,0.0,0.0
uniform_short_tight,power_0.84,7.942513,shift_h,500,500,6,0.0,False,0.20000000000000018,0.0,0.0,0.0,0.0
uniform_short_tight,power_0.84,7.942513,crew_veh_h,500,500,6,0.0,False,0.03871310397236005,0.0,0.0,0.0,0.0
uniform_short_tight,power_0.84,7.942513,crew_team_h,500,500,6,0.0,False,0.03871310397236005,0.0,0.0,0.0,0.0
uniform_short_tight,power_0.84,7.942513,shift_ot_h,500,500,6,0.0,False,0.1980384732776157,0.0,0.0,0.0,0.0
uniform_short_tight,power_0.84,9.911784,shift_h,500,500,6,0.0,False,0.19999999999999996,0.0,0.0,0.0,0.0
uniform_short_tight,power_0.84,9.911784,crew_veh_h,500,500,6,0.0,False,0.04609922314871384,0.0,0.0,0.0,0.0
uniform_short_tight,power_0.84,9.911784,crew_team_h,500,500,6,0.0,False,0.04609922314871384,0.0,0.0,0.0,0.0
uniform_short_tight,power_0.84,9.911784,shift_ot_h,500,500,6,0.0,False,0.19811810321104173,0.0,0.0,0.0,0.0
uniform_short_tight,power_0.84,12.369317,shift_h,500,500,6,0.0,False,0.19999999999999996,0.0,0.0,0.0,0.0
uniform_short_tight,power_0.84,12.369317,crew_veh_h,500,500,6,0.0,False,0.05441907487510189,0.0,0.0,0.0,0.0
uniform_short_tight,power_0.84,12.369317,crew_team_h,500,500,6,0.0,False,0.05441907487510189,0.0,0.0,0.0,0.0
uniform_short_tight,power_0.84,12.369317,shift_ot_h,500,500,6,0.0,False,0.19820884536613992,0.0,0.0,0.0,0.0
uniform_short_tight,power_0.84,15.436172,shift_h,500,500,6,0.0,False,0.19999999999999996,0.0,0.0,0.0,0.0
uniform_short_tight,power_0.84,15.436172,crew_veh_h,500,500,6,0.0,False,0.06361975884045346,0.0,0.0,0.0,0.0
uniform_short_tight,power_0.84,15.436172,crew_team_h,500,500,6,0.0,False,0.06361975884045346,0.0,0.0,0.0,0.0
uniform_short_tight,power_0.84,15.436172,shift_ot_h,500,500,6,0.0,False,0.19831050843178177,0.0,0.0,0.0,0.0
uniform_short_tight,power_0.84,19.263424,shift_h,500,500,6,0.0,False,0.19999999999999996,0.0,0.0,0.0,0.0
uniform_short_tight,power_0.84,19.263424,crew_veh_h,500,500,6,0.0,False,0.07358968702272661,0.0,0.0,0.0,0.0
uniform_short_tight,power_0.84,19.263424,crew_team_h,500,500,6,0.0,False,0.07358968702272661,0.0,0.0,0.0,0.0
uniform_short_tight,power_0.84,19.263424,shift_ot_h,500,500,6,0.0,False,0.198422261397442,0.0,0.0,0.0,0.0
uniform_short_tight,power_0.84,24.039607,shift_h,500,500,6,0.0,False,0.19999999999999996,0.0,0.0,0.0,0.0
uniform_short_tight,power_0.84,24.039607,crew_veh_h,500,500,6,0.0,False,0.08415788496258658,0.0,0.0,0.0,0.0
uniform_short_tight,power_0.84,24.039607,crew_team_h,500,500,6,0.0,False,0.08415788496258658,0.0,0.0,0.0,0.0
uniform_short_tight,power_0.84,24.039607,shift_ot_h,500,500,6,0.0,False,0.1985425669128591,0.0,0.0,0.0,0.0
uniform_short_tight,power_0.84,30.0,shift_h,500,500,6,0.0,False,0.19999999999999996,0.0,0.0,0.0,0.0
uniform_short_tight,power_0.84,30.0,crew_veh_h,500,500,6,0.0,False,0.09510197434422607,0.0,0.0,0.0,0.0
uniform_short_tight,power_0.84,30.0,crew_team_h,500,500,6,0.0,False,0.09510197434422607,0.0,0.0,0.0,0.0
uniform_short_tight,power_0.84,30.0,shift_ot_h,500,500,6,0.0,False,0.19866920265426335,0.0,0.0,0.0,0.0
uniform_short_tight,power_0.96,5.1,shift_h,500,500,6,0.0,False,0.19999999999999996,0.0,0.0,0.0,0.0
uniform_short_tight,power_0.96,5.1,crew_veh_h,500,500,6,0.0,False,0.02846643057244913,0.0,0.0,0.0,0.0
uniform_short_tight,power_0.96,5.1,crew_team_h,500,500,6,0.0,False,0.02846643057244913,0.0,0.0,0.0,0.0
uniform_short_tight,power_0.96,5.1,shift_ot_h,500,500,6,0.0,False,0.19792942209042308,0.0,0.0,0.0,0.0
uniform_short_tight,power_0.96,6.364497,shift_h,500,500,6,0.0,False,0.19999999999999996,0.0,0.0,0.0,0.0
uniform_short_tight,power_0.96,6.364497,crew_veh_h,500,500,6,0.0,False,0.034313492094657505,0.0,0.0,0.0,0.0
uniform_short_tight,power_0.96,6.364497,crew_team_h,500,500,6,0.0,False,0.034313492094657505,0.0,0.0,0.0,0.0
uniform_short_tight,power_0.96,6.364497,shift_ot_h,500,500,6,0.0,False,0.19799144977557437,0.0,0.0,0.0,0.0
uniform_short_tight,power_0.96,7.942513,shift_h,500,500,6,0.0,False,0.19999999999999996,0.0,0.0,0.0,0.0
uniform_short_tight,power_0.96,7.942513,crew_veh_h,500,500,6,0.0,False,0.041073970901830625,0.0,0.0,0.0,0.0
uniform_short_tight,power_0.96,7.942513,crew_team_h,500,500,6,0.0,False,0.041073970901830625,0.0,0.0,0.0,0.0
uniform_short_tight,power_0.96,7.942513,shift_ot_h,500,500,6,0.0,False,0.19806383183849618,0.0,0.0,0.0,0.0
uniform_short_tight,power_0.96,9.911784,shift_h,500,500,6,0.0,False,0.20000000000000018,0.0,0.0,0.0,0.0
uniform_short_tight,power_0.96,9.911784,crew_veh_h,500,500,6,0.0,False,0.04877430865232424,0.0,0.0,0.0,0.0
uniform_short_tight,power_0.96,9.911784,crew_team_h,500,500,6,0.0,False,0.04877430865232424,0.0,0.0,0.0,0.0
uniform_short_tight,power_0.96,9.911784,shift_ot_h,500,500,6,0.0,False,0.19814715784504888,0.0,0.0,0.0,0.0
uniform_short_tight,power_0.96,12.369317,shift_h,500,500,6,0.0,False,0.20000000000000018,0.0,0.0,0.0,0.0
uniform_short_tight,power_0.96,12.369317,crew_veh_h,500,500,6,0.0,False,0.05739689606189047,0.0,0.0,0.0,0.0
uniform_short_tight,power_0.96,12.369317,crew_team_h,500,500,6,0.0,False,0.05739689606189047,0.0,0.0,0.0,0.0
uniform_short_tight,power_0.96,12.369317,shift_ot_h,500,500,6,0.0,False,0.19824159652591944,0.0,0.0,0.0,0.0
uniform_short_tight,power_0.96,15.436172,shift_h,500,500,6,0.0,False,0.20000000000000018,0.0,0.0,0.0,0.0
uniform_short_tight,power_0.96,15.436172,crew_veh_h,500,500,6,0.0,False,0.06686978702868163,0.0,0.0,0.0,0.0
uniform_short_tight,power_0.96,15.436172,crew_team_h,500,500,6,0.0,False,0.06686978702868163,0.0,0.0,0.0,0.0
uniform_short_tight,power_0.96,15.436172,shift_ot_h,500,500,6,0.0,False,0.1983467546167037,0.0,0.0,0.0,0.0
uniform_short_tight,power_0.96,19.263424,shift_h,500,500,6,0.0,False,0.19999999999999996,0.0,0.0,0.0,0.0
uniform_short_tight,power_0.96,19.263424,crew_veh_h,500,500,6,0.0,False,0.077061243650282,0.0,0.0,0.0,0.0
uniform_short_tight,power_0.96,19.263424,crew_team_h,500,500,6,0.0,False,0.077061243650282,0.0,0.0,0.0,0.0
uniform_short_tight,power_0.96,19.263424,shift_ot_h,500,500,6,0.0,False,0.19846156894327227,0.0,0.0,0.0,0.0
uniform_short_tight,power_0.96,24.039607,shift_h,500,500,6,0.0,False,0.19999999999999996,0.0,0.0,0.0,0.0
uniform_short_tight,power_0.96,24.039607,crew_veh_h,500,500,6,0.0,False,0.0877817885698986,0.0,0.0,0.0,0.0
uniform_short_tight,power_0.96,24.039607,crew_team_h,MX2,500,6,0.0,False,0.09324830489328506,0.005025379520807505,0.0,0.0,0.0
uniform_short_tight,power_0.96,24.039607,shift_ot_h,500,500,6,0.0,False,0.19858426604322332,0.0,0.0,0.0,0.0
uniform_short_tight,power_0.96,30.0,shift_h,500,500,6,0.0,False,0.20000000000000018,0.0,0.0,0.0,0.0
uniform_short_tight,power_0.96,30.0,crew_veh_h,500,500,6,0.0,False,0.09879522693325016,0.0,0.0,0.0,0.0
uniform_short_tight,power_0.96,30.0,crew_team_h,MX2,500,6,0.0,False,0.12115047732461615,0.02034523798739074,0.0,0.0,0.0
uniform_short_tight,power_0.96,30.0,shift_ot_h,500,500,6,0.0,False,0.19871241794607863,0.0,0.0,0.0,0.0
