factor,cell,model,r,labour,base_winner,below,above
coupling time (min),jiang_short_baseline,affine,5.1,shift_h,MX2,between 10 and 0 -> 300 (search-dependent),unchanged
coupling time (min),jiang_short_baseline,affine,5.1,crew_veh_h,MX2,unchanged,unchanged
coupling time (min),jiang_short_baseline,affine,5.1,crew_team_h,MX2,unchanged,unchanged
coupling time (min),jiang_short_baseline,affine,5.1,shift_ot_h,MX2,unchanged,unchanged
coupling time (min),jiang_short_baseline,affine,6.364,shift_h,MX2,between 10 and 0 -> 300 (search-dependent),unchanged
coupling time (min),jiang_short_baseline,affine,6.364,crew_veh_h,MX2,unchanged,unchanged
coupling time (min),jiang_short_baseline,affine,6.364,crew_team_h,MX2,unchanged,unchanged
coupling time (min),jiang_short_baseline,affine,6.364,shift_ot_h,MX2,unchanged,unchanged
coupling time (min),jiang_short_baseline,affine,7.943,shift_h,MX2,between 10 and 0 -> 300 (search-dependent),unchanged
coupling time (min),jiang_short_baseline,affine,7.943,crew_veh_h,MX2,unchanged,unchanged
coupling time (min),jiang_short_baseline,affine,7.943,crew_team_h,MX2,unchanged,unchanged
coupling time (min),jiang_short_baseline,affine,7.943,shift_ot_h,MX2,unchanged,unchanged
coupling time (min),jiang_short_baseline,affine,9.912,shift_h,MX2,between 10 and 0 -> 300 (search-dependent),unchanged
coupling time (min),jiang_short_baseline,affine,9.912,crew_veh_h,MX2,unchanged,unchanged
coupling time (min),jiang_short_baseline,affine,9.912,crew_team_h,MX2,unchanged,unchanged
coupling time (min),jiang_short_baseline,affine,9.912,shift_ot_h,MX2,unchanged,unchanged
coupling time (min),jiang_short_baseline,affine,12.369,shift_h,MX2,between 10 and 0 -> 300 (search-dependent),unchanged
coupling time (min),jiang_short_baseline,affine,12.369,crew_veh_h,MX2,unchanged,unchanged
coupling time (min),jiang_short_baseline,affine,12.369,crew_team_h,MX2,unchanged,unchanged
coupling time (min),jiang_short_baseline,affine,12.369,shift_ot_h,MX2,unchanged,unchanged
coupling time (min),jiang_short_baseline,affine,15.436,shift_h,MX2,between 10 and 0 -> 300 (search-dependent),unchanged
coupling time (min),jiang_short_baseline,affine,15.436,crew_veh_h,MX2,unchanged,unchanged
coupling time (min),jiang_short_baseline,affine,15.436,crew_team_h,MX2,unchanged,unchanged
coupling time (min),jiang_short_baseline,affine,15.436,shift_ot_h,MX2,between 10 and 0 -> 300 (search-dependent),unchanged
coupling time (min),jiang_short_baseline,affine,19.263,shift_h,MX2,between 10 and 0 -> 300 (search-dependent),unchanged
coupling time (min),jiang_short_baseline,affine,19.263,crew_veh_h,MX2,unchanged,unchanged
coupling time (min),jiang_short_baseline,affine,19.263,crew_team_h,MX2,between 10 and 0 -> 300 (search-dependent),unchanged
coupling time (min),jiang_short_baseline,affine,19.263,shift_ot_h,MX2,between 10 and 0 -> 300 (search-dependent),unchanged
coupling time (min),jiang_short_baseline,affine,24.04,shift_h,MX2,between 10 and 0 -> 300 (search-dependent),unchanged
coupling time (min),jiang_short_baseline,affine,24.04,crew_veh_h,MX2,unchanged,unchanged
coupling time (min),jiang_short_baseline,affine,24.04,crew_team_h,MX2,between 10 and 0 -> 300 (search-dependent),unchanged
coupling time (min),jiang_short_baseline,affine,24.04,shift_ot_h,MX2,between 10 and 0 -> 300 (search-dependent),unchanged
coupling time (min),jiang_short_baseline,affine,30.0,shift_h,MX2,between 10 and 0 -> 300 (search-dependent),unchanged
coupling time (min),jiang_short_baseline,affine,30.0,crew_veh_h,MX2,unchanged,unchanged
coupling time (min),jiang_short_baseline,affine,30.0,crew_team_h,MX2,between 10 and 0 -> 300 (search-dependent),unchanged
coupling time (min),jiang_short_baseline,affine,30.0,shift_ot_h,MX2,between 10 and 0 -> 300 (search-dependent),unchanged
coupling time (min),jiang_massdep_baseline,affine,5.1,shift_h,550,between 10 and 0 -> MX2 (search-dependent),unchanged
coupling time (min),jiang_massdep_baseline,affine,5.1,crew_veh_h,550,unchanged,unchanged
coupling time (min),jiang_massdep_baseline,affine,5.1,crew_team_h,380,between 10 and 0 -> MX2 (search-dependent),between 10 and 20 -> 550 (search-dependent)
coupling time (min),jiang_massdep_baseline,affine,5.1,shift_ot_h,550,between 10 and 0 -> MX2 (search-dependent),unchanged
coupling time (min),jiang_massdep_baseline,affine,6.364,shift_h,550,between 10 and 0 -> MX2 (search-dependent),unchanged
coupling time (min),jiang_massdep_baseline,affine,6.364,crew_veh_h,550,unchanged,unchanged
coupling time (min),jiang_massdep_baseline,affine,6.364,crew_team_h,MX2,unchanged,between 30 and 40 -> 550 (search-dependent)
coupling time (min),jiang_massdep_baseline,affine,6.364,shift_ot_h,550,between 10 and 0 -> MX2 (search-dependent),unchanged
coupling time (min),jiang_massdep_baseline,affine,7.943,shift_h,550,between 10 and 0 -> MX2 (search-dependent),unchanged
coupling time (min),jiang_massdep_baseline,affine,7.943,crew_veh_h,550,unchanged,unchanged
coupling time (min),jiang_massdep_baseline,affine,7.943,crew_team_h,MX2,unchanged,unchanged
coupling time (min),jiang_massdep_baseline,affine,7.943,shift_ot_h,550,between 10 and 0 -> MX2 (search-dependent),unchanged
coupling time (min),jiang_massdep_baseline,affine,9.912,shift_h,550,between 10 and 0 -> MX2 (search-dependent),unchanged
coupling time (min),jiang_massdep_baseline,affine,9.912,crew_veh_h,550,between 10 and 0 -> MX2 (search-dependent),unchanged
coupling time (min),jiang_massdep_baseline,affine,9.912,crew_team_h,MX2,unchanged,unchanged
coupling time (min),jiang_massdep_baseline,affine,9.912,shift_ot_h,550,between 10 and 0 -> MX2 (search-dependent),unchanged
coupling time (min),jiang_massdep_baseline,affine,12.369,shift_h,550,between 10 and 0 -> MX2 (search-dependent),unchanged
coupling time (min),jiang_massdep_baseline,affine,12.369,crew_veh_h,MX2,unchanged,between 10 and 20 -> 550 (search-dependent)
coupling time (min),jiang_massdep_baseline,affine,12.369,crew_team_h,MX2,unchanged,unchanged
coupling time (min),jiang_massdep_baseline,affine,12.369,shift_ot_h,550,between 10 and 0 -> MX2 (search-dependent),unchanged
coupling time (min),jiang_massdep_baseline,affine,15.436,shift_h,550,between 10 and 0 -> MX2 (search-dependent),unchanged
coupling time (min),jiang_massdep_baseline,affine,15.436,crew_veh_h,MX2,unchanged,between 30 and 40 -> 550 (search-dependent)
coupling time (min),jiang_massdep_baseline,affine,15.436,crew_team_h,MX2,unchanged,unchanged
coupling time (min),jiang_massdep_baseline,affine,15.436,shift_ot_h,550,between 10 and 0 -> MX2 (search-dependent),unchanged
coupling time (min),jiang_massdep_baseline,affine,19.263,shift_h,550,between 10 and 0 -> MX2 (search-dependent),unchanged
coupling time (min),jiang_massdep_baseline,affine,19.263,crew_veh_h,MX2,unchanged,unchanged
coupling time (min),jiang_massdep_baseline,affine,19.263,crew_team_h,MX2,unchanged,unchanged
coupling time (min),jiang_massdep_baseline,affine,19.263,shift_ot_h,550,between 10 and 0 -> MX2 (search-dependent),unchanged
coupling time (min),jiang_massdep_baseline,affine,24.04,shift_h,MX2,unchanged,unchanged
coupling time (min),jiang_massdep_baseline,affine,24.04,crew_veh_h,MX2,unchanged,unchanged
coupling time (min),jiang_massdep_baseline,affine,24.04,crew_team_h,MX2,unchanged,unchanged
coupling time (min),jiang_massdep_baseline,affine,24.04,shift_ot_h,550,between 10 and 0 -> MX2 (search-dependent),unchanged
coupling time (min),jiang_massdep_baseline,affine,30.0,shift_h,MX2,unchanged,unchanged
coupling time (min),jiang_massdep_baseline,affine,30.0,crew_veh_h,MX2,unchanged,unchanged
coupling time (min),jiang_massdep_baseline,affine,30.0,crew_team_h,MX2,unchanged,unchanged
coupling time (min),jiang_massdep_baseline,affine,30.0,shift_ot_h,MX2,unchanged,unchanged
coupling time (min),rohcha_short_baseline,affine,5.1,shift_h,550,unchanged,unchanged
coupling time (min),rohcha_short_baseline,affine,5.1,crew_veh_h,550,unchanged,unchanged
coupling time (min),rohcha_short_baseline,affine,5.1,crew_team_h,550,unchanged,unchanged
coupling time (min),rohcha_short_baseline,affine,5.1,shift_ot_h,550,unchanged,unchanged
coupling time (min),rohcha_short_baseline,affine,6.364,shift_h,550,unchanged,unchanged
coupling time (min),rohcha_short_baseline,affine,6.364,crew_veh_h,550,unchanged,unchanged
coupling time (min),rohcha_short_baseline,affine,6.364,crew_team_h,550,unchanged,unchanged
coupling time (min),rohcha_short_baseline,affine,6.364,shift_ot_h,550,unchanged,unchanged
coupling time (min),rohcha_short_baseline,affine,7.943,shift_h,550,unchanged,unchanged
coupling time (min),rohcha_short_baseline,affine,7.943,crew_veh_h,550,unchanged,unchanged
coupling time (min),rohcha_short_baseline,affine,7.943,crew_team_h,550,unchanged,unchanged
coupling time (min),rohcha_short_baseline,affine,7.943,shift_ot_h,550,unchanged,unchanged
coupling time (min),rohcha_short_baseline,affine,9.912,shift_h,550,unchanged,unchanged
coupling time (min),rohcha_short_baseline,affine,9.912,crew_veh_h,550,unchanged,unchanged
coupling time (min),rohcha_short_baseline,affine,9.912,crew_team_h,550,unchanged,unchanged
coupling time (min),rohcha_short_baseline,affine,9.912,shift_ot_h,550,unchanged,unchanged
coupling time (min),rohcha_short_baseline,affine,12.369,shift_h,550,unchanged,unchanged
coupling time (min),rohcha_short_baseline,affine,12.369,crew_veh_h,550,unchanged,unchanged
coupling time (min),rohcha_short_baseline,affine,12.369,crew_team_h,550,unchanged,unchanged
coupling time (min),rohcha_short_baseline,affine,12.369,shift_ot_h,550,unchanged,unchanged
coupling time (min),rohcha_short_baseline,affine,15.436,shift_h,550,unchanged,unchanged
coupling time (min),rohcha_short_baseline,affine,15.436,crew_veh_h,550,unchanged,unchanged
coupling time (min),rohcha_short_baseline,affine,15.436,crew_team_h,550,unchanged,unchanged
coupling time (min),rohcha_short_baseline,affine,15.436,shift_ot_h,550,unchanged,unchanged
coupling time (min),rohcha_short_baseline,affine,19.263,shift_h,550,unchanged,unchanged
coupling time (min),rohcha_short_baseline,affine,19.263,crew_veh_h,550,unchanged,unchanged
coupling time (min),rohcha_short_baseline,affine,19.263,crew_team_h,550,unchanged,unchanged
coupling time (min),rohcha_short_baseline,affine,19.263,shift_ot_h,550,unchanged,unchanged
coupling time (min),rohcha_short_baseline,affine,24.04,shift_h,550,unchanged,unchanged
coupling time (min),rohcha_short_baseline,affine,24.04,crew_veh_h,550,unchanged,unchanged
coupling time (min),rohcha_short_baseline,affine,24.04,crew_team_h,550,unchanged,unchanged
coupling time (min),rohcha_short_baseline,affine,24.04,shift_ot_h,550,unchanged,unchanged
coupling time (min),rohcha_short_baseline,affine,30.0,shift_h,550,unchanged,unchanged
coupling time (min),rohcha_short_baseline,affine,30.0,crew_veh_h,550,unchanged,unchanged
coupling time (min),rohcha_short_baseline,affine,30.0,crew_team_h,550,unchanged,unchanged
coupling time (min),rohcha_short_baseline,affine,30.0,shift_ot_h,550,unchanged,unchanged
coupling time (min),rohcha_massdep_baseline,affine,5.1,shift_h,550,unchanged,unchanged
coupling time (min),rohcha_massdep_baseline,affine,5.1,crew_veh_h,550,unchanged,unchanged
coupling time (min),rohcha_massdep_baseline,affine,5.1,crew_team_h,550,unchanged,unchanged
coupling time (min),rohcha_massdep_baseline,affine,5.1,shift_ot_h,550,unchanged,unchanged
coupling time (min),rohcha_massdep_baseline,affine,6.364,shift_h,550,unchanged,unchanged
coupling time (min),rohcha_massdep_baseline,affine,6.364,crew_veh_h,550,unchanged,unchanged
coupling time (min),rohcha_massdep_baseline,affine,6.364,crew_team_h,550,unchanged,unchanged
coupling time (min),rohcha_massdep_baseline,affine,6.364,shift_ot_h,550,unchanged,unchanged
coupling time (min),rohcha_massdep_baseline,affine,7.943,shift_h,550,unchanged,unchanged
coupling time (min),rohcha_massdep_baseline,affine,7.943,crew_veh_h,550,unchanged,unchanged
coupling time (min),rohcha_massdep_baseline,affine,7.943,crew_team_h,550,unchanged,unchanged
coupling time (min),rohcha_massdep_baseline,affine,7.943,shift_ot_h,550,unchanged,unchanged
coupling time (min),rohcha_massdep_baseline,affine,9.912,shift_h,550,unchanged,unchanged
coupling time (min),rohcha_massdep_baseline,affine,9.912,crew_veh_h,550,unchanged,unchanged
coupling time (min),rohcha_massdep_baseline,affine,9.912,crew_team_h,550,unchanged,unchanged
coupling time (min),rohcha_massdep_baseline,affine,9.912,shift_ot_h,550,unchanged,unchanged
coupling time (min),rohcha_massdep_baseline,affine,12.369,shift_h,550,unchanged,unchanged
coupling time (min),rohcha_massdep_baseline,affine,12.369,crew_veh_h,550,unchanged,unchanged
coupling time (min),rohcha_massdep_baseline,affine,12.369,crew_team_h,550,unchanged,unchanged
coupling time (min),rohcha_massdep_baseline,affine,12.369,shift_ot_h,550,unchanged,unchanged
coupling time (min),rohcha_massdep_baseline,affine,15.436,shift_h,550,unchanged,unchanged
coupling time (min),rohcha_massdep_baseline,affine,15.436,crew_veh_h,550,unchanged,unchanged
coupling time (min),rohcha_massdep_baseline,affine,15.436,crew_team_h,550,unchanged,unchanged
coupling time (min),rohcha_massdep_baseline,affine,15.436,shift_ot_h,550,unchanged,unchanged
coupling time (min),rohcha_massdep_baseline,affine,19.263,shift_h,550,unchanged,unchanged
coupling time (min),rohcha_massdep_baseline,affine,19.263,crew_veh_h,550,unchanged,unchanged
coupling time (min),rohcha_massdep_baseline,affine,19.263,crew_team_h,550,unchanged,unchanged
coupling time (min),rohcha_massdep_baseline,affine,19.263,shift_ot_h,550,unchanged,unchanged
coupling time (min),rohcha_massdep_baseline,affine,24.04,shift_h,550,unchanged,unchanged
coupling time (min),rohcha_massdep_baseline,affine,24.04,crew_veh_h,550,unchanged,unchanged
coupling time (min),rohcha_massdep_baseline,affine,24.04,crew_team_h,550,unchanged,unchanged
coupling time (min),rohcha_massdep_baseline,affine,24.04,shift_ot_h,550,unchanged,unchanged
coupling time (min),rohcha_massdep_baseline,affine,30.0,shift_h,550,unchanged,unchanged
coupling time (min),rohcha_massdep_baseline,affine,30.0,crew_veh_h,550,unchanged,unchanged
coupling time (min),rohcha_massdep_baseline,affine,30.0,crew_team_h,550,unchanged,unchanged
coupling time (min),rohcha_massdep_baseline,affine,30.0,shift_ot_h,550,unchanged,unchanged
coupling time (min),jiang_short_baseline,piecewise,5.1,shift_h,MX2,between 10 and 0 -> 300 (search-dependent),unchanged
coupling time (min),jiang_short_baseline,piecewise,5.1,crew_veh_h,MX2,unchanged,unchanged
coupling time (min),jiang_short_baseline,piecewise,5.1,crew_team_h,MX2,unchanged,unchanged
coupling time (min),jiang_short_baseline,piecewise,5.1,shift_ot_h,MX2,unchanged,unchanged
coupling time (min),jiang_short_baseline,piecewise,6.364,shift_h,MX2,between 10 and 0 -> 300 (search-dependent),unchanged
coupling time (min),jiang_short_baseline,piecewise,6.364,crew_veh_h,MX2,unchanged,unchanged
coupling time (min),jiang_short_baseline,piecewise,6.364,crew_team_h,MX2,unchanged,unchanged
coupling time (min),jiang_short_baseline,piecewise,6.364,shift_ot_h,MX2,unchanged,unchanged
coupling time (min),jiang_short_baseline,piecewise,7.943,shift_h,MX2,between 10 and 0 -> 300 (search-dependent),unchanged
coupling time (min),jiang_short_baseline,piecewise,7.943,crew_veh_h,MX2,unchanged,unchanged
coupling time (min),jiang_short_baseline,piecewise,7.943,crew_team_h,MX2,unchanged,unchanged
coupling time (min),jiang_short_baseline,piecewise,7.943,shift_ot_h,MX2,unchanged,unchanged
coupling time (min),jiang_short_baseline,piecewise,9.912,shift_h,MX2,between 10 and 0 -> 300 (search-dependent),unchanged
coupling time (min),jiang_short_baseline,piecewise,9.912,crew_veh_h,MX2,unchanged,unchanged
coupling time (min),jiang_short_baseline,piecewise,9.912,crew_team_h,MX2,unchanged,unchanged
coupling time (min),jiang_short_baseline,piecewise,9.912,shift_ot_h,MX2,unchanged,unchanged
coupling time (min),jiang_short_baseline,piecewise,12.369,shift_h,MX2,between 10 and 0 -> 300 (search-dependent),unchanged
coupling time (min),jiang_short_baseline,piecewise,12.369,crew_veh_h,MX2,unchanged,unchanged
coupling time (min),jiang_short_baseline,piecewise,12.369,crew_team_h,MX2,unchanged,unchanged
coupling time (min),jiang_short_baseline,piecewise,12.369,shift_ot_h,MX2,unchanged,unchanged
coupling time (min),jiang_short_baseline,piecewise,15.436,shift_h,MX2,between 10 and 0 -> 300 (search-dependent),unchanged
coupling time (min),jiang_short_baseline,piecewise,15.436,crew_veh_h,MX2,unchanged,unchanged
coupling time (min),jiang_short_baseline,piecewise,15.436,crew_team_h,MX2,between 10 and 0 -> 300 (search-dependent),unchanged
coupling time (min),jiang_short_baseline,piecewise,15.436,shift_ot_h,MX2,between 10 and 0 -> 300 (search-dependent),unchanged
coupling time (min),jiang_short_baseline,piecewise,19.263,shift_h,MX2,between 10 and 0 -> 300 (search-dependent),unchanged
coupling time (min),jiang_short_baseline,piecewise,19.263,crew_veh_h,MX2,unchanged,unchanged
coupling time (min),jiang_short_baseline,piecewise,19.263,crew_team_h,MX2,between 10 and 0 -> 300 (search-dependent),unchanged
coupling time (min),jiang_short_baseline,piecewise,19.263,shift_ot_h,MX2,between 10 and 0 -> 300 (search-dependent),unchanged
coupling time (min),jiang_short_baseline,piecewise,24.04,shift_h,MX2,between 10 and 0 -> 300 (search-dependent),unchanged
coupling time (min),jiang_short_baseline,piecewise,24.04,crew_veh_h,MX2,unchanged,unchanged
coupling time (min),jiang_short_baseline,piecewise,24.04,crew_team_h,MX2,between 10 and 0 -> 300 (search-dependent),unchanged
coupling time (min),jiang_short_baseline,piecewise,24.04,shift_ot_h,MX2,between 10 and 0 -> 300 (search-dependent),unchanged
coupling time (min),jiang_short_baseline,piecewise,30.0,shift_h,MX2,between 10 and 0 -> 300 (search-dependent),unchanged
coupling time (min),jiang_short_baseline,piecewise,30.0,crew_veh_h,MX2,unchanged,unchanged
coupling time (min),jiang_short_baseline,piecewise,30.0,crew_team_h,MX2,between 10 and 0 -> 300 (search-dependent),unchanged
coupling time (min),jiang_short_baseline,piecewise,30.0,shift_ot_h,MX2,between 10 and 0 -> 300 (search-dependent),unchanged
coupling time (min),jiang_massdep_baseline,piecewise,5.1,shift_h,550,between 10 and 0 -> MX2 (search-dependent),unchanged
coupling time (min),jiang_massdep_baseline,piecewise,5.1,crew_veh_h,550,unchanged,unchanged
coupling time (min),jiang_massdep_baseline,piecewise,5.1,crew_team_h,380,between 10 and 0 -> MX2 (search-dependent),between 10 and 20 -> 550 (search-dependent)
coupling time (min),jiang_massdep_baseline,piecewise,5.1,shift_ot_h,550,between 10 and 0 -> MX2 (search-dependent),unchanged
coupling time (min),jiang_massdep_baseline,piecewise,6.364,shift_h,550,between 10 and 0 -> MX2 (search-dependent),unchanged
coupling time (min),jiang_massdep_baseline,piecewise,6.364,crew_veh_h,550,unchanged,unchanged
coupling time (min),jiang_massdep_baseline,piecewise,6.364,crew_team_h,MX2,unchanged,between 30 and 40 -> 550 (search-dependent)
coupling time (min),jiang_massdep_baseline,piecewise,6.364,shift_ot_h,550,between 10 and 0 -> MX2 (search-dependent),unchanged
coupling time (min),jiang_massdep_baseline,piecewise,7.943,shift_h,550,between 10 and 0 -> MX2 (search-dependent),unchanged
coupling time (min),jiang_massdep_baseline,piecewise,7.943,crew_veh_h,550,unchanged,unchanged
coupling time (min),jiang_massdep_baseline,piecewise,7.943,crew_team_h,MX2,unchanged,unchanged
coupling time (min),jiang_massdep_baseline,piecewise,7.943,shift_ot_h,550,between 10 and 0 -> MX2 (search-dependent),unchanged
coupling time (min),jiang_massdep_baseline,piecewise,9.912,shift_h,550,between 10 and 0 -> MX2 (search-dependent),unchanged
coupling time (min),jiang_massdep_baseline,piecewise,9.912,crew_veh_h,550,between 10 and 0 -> MX2 (search-dependent),unchanged
coupling time (min),jiang_massdep_baseline,piecewise,9.912,crew_team_h,MX2,unchanged,unchanged
coupling time (min),jiang_massdep_baseline,piecewise,9.912,shift_ot_h,550,between 10 and 0 -> MX2 (search-dependent),unchanged
coupling time (min),jiang_massdep_baseline,piecewise,12.369,shift_h,550,between 10 and 0 -> MX2 (search-dependent),unchanged
coupling time (min),jiang_massdep_baseline,piecewise,12.369,crew_veh_h,MX2,unchanged,between 20 and 30 -> 550 (search-dependent)
coupling time (min),jiang_massdep_baseline,piecewise,12.369,crew_team_h,MX2,unchanged,unchanged
coupling time (min),jiang_massdep_baseline,piecewise,12.369,shift_ot_h,550,between 10 and 0 -> MX2 (search-dependent),unchanged
coupling time (min),jiang_massdep_baseline,piecewise,15.436,shift_h,550,between 10 and 0 -> MX2 (search-dependent),unchanged
coupling time (min),jiang_massdep_baseline,piecewise,15.436,crew_veh_h,MX2,unchanged,unchanged
coupling time (min),jiang_massdep_baseline,piecewise,15.436,crew_team_h,MX2,unchanged,unchanged
coupling time (min),jiang_massdep_baseline,piecewise,15.436,shift_ot_h,550,between 10 and 0 -> MX2 (search-dependent),unchanged
coupling time (min),jiang_massdep_baseline,piecewise,19.263,shift_h,MX2,unchanged,unchanged
coupling time (min),jiang_massdep_baseline,piecewise,19.263,crew_veh_h,MX2,unchanged,unchanged
coupling time (min),jiang_massdep_baseline,piecewise,19.263,crew_team_h,MX2,unchanged,unchanged
coupling time (min),jiang_massdep_baseline,piecewise,19.263,shift_ot_h,550,between 10 and 0 -> MX2 (search-dependent),unchanged
coupling time (min),jiang_massdep_baseline,piecewise,24.04,shift_h,MX2,unchanged,unchanged
coupling time (min),jiang_massdep_baseline,piecewise,24.04,crew_veh_h,MX2,unchanged,unchanged
coupling time (min),jiang_massdep_baseline,piecewise,24.04,crew_team_h,MX2,unchanged,unchanged
coupling time (min),jiang_massdep_baseline,piecewise,24.04,shift_ot_h,MX2,unchanged,unchanged
coupling time (min),jiang_massdep_baseline,piecewise,30.0,shift_h,MX2,unchanged,unchanged
coupling time (min),jiang_massdep_baseline,piecewise,30.0,crew_veh_h,MX2,unchanged,unchanged
coupling time (min),jiang_massdep_baseline,piecewise,30.0,crew_team_h,MX2,unchanged,unchanged
coupling time (min),jiang_massdep_baseline,piecewise,30.0,shift_ot_h,MX2,unchanged,unchanged
coupling time (min),rohcha_short_baseline,piecewise,5.1,shift_h,550,unchanged,unchanged
coupling time (min),rohcha_short_baseline,piecewise,5.1,crew_veh_h,550,unchanged,unchanged
coupling time (min),rohcha_short_baseline,piecewise,5.1,crew_team_h,550,unchanged,unchanged
coupling time (min),rohcha_short_baseline,piecewise,5.1,shift_ot_h,550,unchanged,unchanged
coupling time (min),rohcha_short_baseline,piecewise,6.364,shift_h,550,unchanged,unchanged
coupling time (min),rohcha_short_baseline,piecewise,6.364,crew_veh_h,550,unchanged,unchanged
coupling time (min),rohcha_short_baseline,piecewise,6.364,crew_team_h,550,unchanged,unchanged
coupling time (min),rohcha_short_baseline,piecewise,6.364,shift_ot_h,550,unchanged,unchanged
coupling time (min),rohcha_short_baseline,piecewise,7.943,shift_h,550,unchanged,unchanged
coupling time (min),rohcha_short_baseline,piecewise,7.943,crew_veh_h,550,unchanged,unchanged
coupling time (min),rohcha_short_baseline,piecewise,7.943,crew_team_h,550,unchanged,unchanged
coupling time (min),rohcha_short_baseline,piecewise,7.943,shift_ot_h,550,unchanged,unchanged
coupling time (min),rohcha_short_baseline,piecewise,9.912,shift_h,550,unchanged,unchanged
coupling time (min),rohcha_short_baseline,piecewise,9.912,crew_veh_h,550,unchanged,unchanged
coupling time (min),rohcha_short_baseline,piecewise,9.912,crew_team_h,550,unchanged,unchanged
coupling time (min),rohcha_short_baseline,piecewise,9.912,shift_ot_h,550,unchanged,unchanged
coupling time (min),rohcha_short_baseline,piecewise,12.369,shift_h,550,unchanged,unchanged
coupling time (min),rohcha_short_baseline,piecewise,12.369,crew_veh_h,550,unchanged,unchanged
coupling time (min),rohcha_short_baseline,piecewise,12.369,crew_team_h,550,unchanged,unchanged
coupling time (min),rohcha_short_baseline,piecewise,12.369,shift_ot_h,550,unchanged,unchanged
coupling time (min),rohcha_short_baseline,piecewise,15.436,shift_h,550,unchanged,unchanged
coupling time (min),rohcha_short_baseline,piecewise,15.436,crew_veh_h,550,unchanged,unchanged
coupling time (min),rohcha_short_baseline,piecewise,15.436,crew_team_h,550,unchanged,unchanged
coupling time (min),rohcha_short_baseline,piecewise,15.436,shift_ot_h,550,unchanged,unchanged
coupling time (min),rohcha_short_baseline,piecewise,19.263,shift_h,550,unchanged,unchanged
coupling time (min),rohcha_short_baseline,piecewise,19.263,crew_veh_h,550,unchanged,unchanged
coupling time (min),rohcha_short_baseline,piecewise,19.263,crew_team_h,550,unchanged,unchanged
coupling time (min),rohcha_short_baseline,piecewise,19.263,shift_ot_h,550,unchanged,unchanged
coupling time (min),rohcha_short_baseline,piecewise,24.04,shift_h,550,unchanged,unchanged
coupling time (min),rohcha_short_baseline,piecewise,24.04,crew_veh_h,550,unchanged,unchanged
coupling time (min),rohcha_short_baseline,piecewise,24.04,crew_team_h,550,unchanged,unchanged
coupling time (min),rohcha_short_baseline,piecewise,24.04,shift_ot_h,550,unchanged,unchanged
coupling time (min),rohcha_short_baseline,piecewise,30.0,shift_h,550,unchanged,unchanged
coupling time (min),rohcha_short_baseline,piecewise,30.0,crew_veh_h,550,unchanged,unchanged
coupling time (min),rohcha_short_baseline,piecewise,30.0,crew_team_h,550,unchanged,unchanged
coupling time (min),rohcha_short_baseline,piecewise,30.0,shift_ot_h,550,unchanged,unchanged
coupling time (min),rohcha_massdep_baseline,piecewise,5.1,shift_h,550,unchanged,unchanged
coupling time (min),rohcha_massdep_baseline,piecewise,5.1,crew_veh_h,550,unchanged,unchanged
coupling time (min),rohcha_massdep_baseline,piecewise,5.1,crew_team_h,550,unchanged,unchanged
coupling time (min),rohcha_massdep_baseline,piecewise,5.1,shift_ot_h,550,unchanged,unchanged
coupling time (min),rohcha_massdep_baseline,piecewise,6.364,shift_h,550,unchanged,unchanged
coupling time (min),rohcha_massdep_baseline,piecewise,6.364,crew_veh_h,550,unchanged,unchanged
coupling time (min),rohcha_massdep_baseline,piecewise,6.364,crew_team_h,550,unchanged,unchanged
coupling time (min),rohcha_massdep_baseline,piecewise,6.364,shift_ot_h,550,unchanged,unchanged
coupling time (min),rohcha_massdep_baseline,piecewise,7.943,shift_h,550,unchanged,unchanged
coupling time (min),rohcha_massdep_baseline,piecewise,7.943,crew_veh_h,550,unchanged,unchanged
coupling time (min),rohcha_massdep_baseline,piecewise,7.943,crew_team_h,550,unchanged,unchanged
coupling time (min),rohcha_massdep_baseline,piecewise,7.943,shift_ot_h,550,unchanged,unchanged
coupling time (min),rohcha_massdep_baseline,piecewise,9.912,shift_h,550,unchanged,unchanged
coupling time (min),rohcha_massdep_baseline,piecewise,9.912,crew_veh_h,550,unchanged,unchanged
coupling time (min),rohcha_massdep_baseline,piecewise,9.912,crew_team_h,550,unchanged,unchanged
coupling time (min),rohcha_massdep_baseline,piecewise,9.912,shift_ot_h,550,unchanged,unchanged
coupling time (min),rohcha_massdep_baseline,piecewise,12.369,shift_h,550,unchanged,unchanged
coupling time (min),rohcha_massdep_baseline,piecewise,12.369,crew_veh_h,550,unchanged,unchanged
coupling time (min),rohcha_massdep_baseline,piecewise,12.369,crew_team_h,550,unchanged,unchanged
coupling time (min),rohcha_massdep_baseline,piecewise,12.369,shift_ot_h,550,unchanged,unchanged
coupling time (min),rohcha_massdep_baseline,piecewise,15.436,shift_h,550,unchanged,unchanged
coupling time (min),rohcha_massdep_baseline,piecewise,15.436,crew_veh_h,550,unchanged,unchanged
coupling time (min),rohcha_massdep_baseline,piecewise,15.436,crew_team_h,550,unchanged,unchanged
coupling time (min),rohcha_massdep_baseline,piecewise,15.436,shift_ot_h,550,unchanged,unchanged
coupling time (min),rohcha_massdep_baseline,piecewise,19.263,shift_h,550,unchanged,unchanged
coupling time (min),rohcha_massdep_baseline,piecewise,19.263,crew_veh_h,550,unchanged,unchanged
coupling time (min),rohcha_massdep_baseline,piecewise,19.263,crew_team_h,550,unchanged,unchanged
coupling time (min),rohcha_massdep_baseline,piecewise,19.263,shift_ot_h,550,unchanged,unchanged
coupling time (min),rohcha_massdep_baseline,piecewise,24.04,shift_h,550,unchanged,unchanged
coupling time (min),rohcha_massdep_baseline,piecewise,24.04,crew_veh_h,550,unchanged,unchanged
coupling time (min),rohcha_massdep_baseline,piecewise,24.04,crew_team_h,550,unchanged,unchanged
coupling time (min),rohcha_massdep_baseline,piecewise,24.04,shift_ot_h,550,unchanged,unchanged
coupling time (min),rohcha_massdep_baseline,piecewise,30.0,shift_h,550,unchanged,unchanged
coupling time (min),rohcha_massdep_baseline,piecewise,30.0,crew_veh_h,550,unchanged,unchanged
coupling time (min),rohcha_massdep_baseline,piecewise,30.0,crew_team_h,550,unchanged,unchanged
coupling time (min),rohcha_massdep_baseline,piecewise,30.0,shift_ot_h,550,unchanged,unchanged
coupling time (min),jiang_short_baseline,power_0.72,5.1,shift_h,MX2,between 10 and 0 -> 300 (search-dependent),unchanged
coupling time (min),jiang_short_baseline,power_0.72,5.1,crew_veh_h,MX2,unchanged,unchanged
coupling time (min),jiang_short_baseline,power_0.72,5.1,crew_team_h,MX2,unchanged,unchanged
coupling time (min),jiang_short_baseline,power_0.72,5.1,shift_ot_h,MX2,unchanged,unchanged
coupling time (min),jiang_short_baseline,power_0.72,6.364,shift_h,MX2,between 10 and 0 -> 300 (search-dependent),unchanged
coupling time (min),jiang_short_baseline,power_0.72,6.364,crew_veh_h,MX2,unchanged,unchanged
coupling time (min),jiang_short_baseline,power_0.72,6.364,crew_team_h,MX2,unchanged,unchanged
coupling time (min),jiang_short_baseline,power_0.72,6.364,shift_ot_h,MX2,unchanged,unchanged
coupling time (min),jiang_short_baseline,power_0.72,7.943,shift_h,MX2,between 10 and 0 -> 300 (search-dependent),unchanged
coupling time (min),jiang_short_baseline,power_0.72,7.943,crew_veh_h,MX2,unchanged,unchanged
coupling time (min),jiang_short_baseline,power_0.72,7.943,crew_team_h,MX2,unchanged,unchanged
coupling time (min),jiang_short_baseline,power_0.72,7.943,shift_ot_h,MX2,unchanged,unchanged
coupling time (min),jiang_short_baseline,power_0.72,9.912,shift_h,MX2,between 10 and 0 -> 300 (search-dependent),unchanged
coupling time (min),jiang_short_baseline,power_0.72,9.912,crew_veh_h,MX2,unchanged,unchanged
coupling time (min),jiang_short_baseline,power_0.72,9.912,crew_team_h,MX2,unchanged,unchanged
coupling time (min),jiang_short_baseline,power_0.72,9.912,shift_ot_h,MX2,unchanged,unchanged
coupling time (min),jiang_short_baseline,power_0.72,12.369,shift_h,MX2,between 10 and 0 -> 300 (search-dependent),unchanged
coupling time (min),jiang_short_baseline,power_0.72,12.369,crew_veh_h,MX2,unchanged,unchanged
coupling time (min),jiang_short_baseline,power_0.72,12.369,crew_team_h,MX2,unchanged,unchanged
coupling time (min),jiang_short_baseline,power_0.72,12.369,shift_ot_h,MX2,unchanged,unchanged
coupling time (min),jiang_short_baseline,power_0.72,15.436,shift_h,MX2,between 10 and 0 -> 300 (search-dependent),unchanged
coupling time (min),jiang_short_baseline,power_0.72,15.436,crew_veh_h,MX2,unchanged,unchanged
coupling time (min),jiang_short_baseline,power_0.72,15.436,crew_team_h,MX2,unchanged,unchanged
coupling time (min),jiang_short_baseline,power_0.72,15.436,shift_ot_h,MX2,unchanged,unchanged
coupling time (min),jiang_short_baseline,power_0.72,19.263,shift_h,MX2,between 10 and 0 -> 300 (search-dependent),unchanged
coupling time (min),jiang_short_baseline,power_0.72,19.263,crew_veh_h,MX2,unchanged,unchanged
coupling time (min),jiang_short_baseline,power_0.72,19.263,crew_team_h,MX2,unchanged,unchanged
coupling time (min),jiang_short_baseline,power_0.72,19.263,shift_ot_h,MX2,between 10 and 0 -> 300 (search-dependent),unchanged
coupling time (min),jiang_short_baseline,power_0.72,24.04,shift_h,MX2,between 10 and 0 -> 300 (search-dependent),unchanged
coupling time (min),jiang_short_baseline,power_0.72,24.04,crew_veh_h,MX2,unchanged,unchanged
coupling time (min),jiang_short_baseline,power_0.72,24.04,crew_team_h,MX2,between 10 and 0 -> 300 (search-dependent),unchanged
coupling time (min),jiang_short_baseline,power_0.72,24.04,shift_ot_h,MX2,between 10 and 0 -> 300 (search-dependent),unchanged
coupling time (min),jiang_short_baseline,power_0.72,30.0,shift_h,MX2,between 10 and 0 -> 300 (search-dependent),unchanged
coupling time (min),jiang_short_baseline,power_0.72,30.0,crew_veh_h,MX2,unchanged,unchanged
coupling time (min),jiang_short_baseline,power_0.72,30.0,crew_team_h,MX2,between 10 and 0 -> 300 (search-dependent),unchanged
coupling time (min),jiang_short_baseline,power_0.72,30.0,shift_ot_h,MX2,between 10 and 0 -> 300 (search-dependent),unchanged
coupling time (min),jiang_massdep_baseline,power_0.72,5.1,shift_h,550,between 10 and 0 -> MX2 (search-dependent),unchanged
coupling time (min),jiang_massdep_baseline,power_0.72,5.1,crew_veh_h,550,unchanged,unchanged
coupling time (min),jiang_massdep_baseline,power_0.72,5.1,crew_team_h,550,between 10 and 0 -> MX2 (search-dependent),unchanged
coupling time (min),jiang_massdep_baseline,power_0.72,5.1,shift_ot_h,550,between 10 and 0 -> MX2 (search-dependent),unchanged
coupling time (min),jiang_massdep_baseline,power_0.72,6.364,shift_h,550,between 10 and 0 -> MX2 (search-dependent),unchanged
coupling time (min),jiang_massdep_baseline,power_0.72,6.364,crew_veh_h,550,unchanged,unchanged
coupling time (min),jiang_massdep_baseline,power_0.72,6.364,crew_team_h,MX2,unchanged,between 10 and 20 -> 550 (search-dependent)
coupling time (min),jiang_massdep_baseline,power_0.72,6.364,shift_ot_h,550,between 10 and 0 -> MX2 (search-dependent),unchanged
coupling time (min),jiang_massdep_baseline,power_0.72,7.943,shift_h,550,between 10 and 0 -> MX2 (search-dependent),unchanged
coupling time (min),jiang_massdep_baseline,power_0.72,7.943,crew_veh_h,550,unchanged,unchanged
coupling time (min),jiang_massdep_baseline,power_0.72,7.943,crew_team_h,MX2,unchanged,between 30 and 40 -> 550 (search-dependent)
coupling time (min),jiang_massdep_baseline,power_0.72,7.943,shift_ot_h,550,between 10 and 0 -> MX2 (search-dependent),unchanged
coupling time (min),jiang_massdep_baseline,power_0.72,9.912,shift_h,550,between 10 and 0 -> MX2 (search-dependent),unchanged
coupling time (min),jiang_massdep_baseline,power_0.72,9.912,crew_veh_h,550,unchanged,unchanged
coupling time (min),jiang_massdep_baseline,power_0.72,9.912,crew_team_h,MX2,unchanged,unchanged
coupling time (min),jiang_massdep_baseline,power_0.72,9.912,shift_ot_h,550,between 10 and 0 -> MX2 (search-dependent),unchanged
coupling time (min),jiang_massdep_baseline,power_0.72,12.369,shift_h,550,between 10 and 0 -> MX2 (search-dependent),unchanged
coupling time (min),jiang_massdep_baseline,power_0.72,12.369,crew_veh_h,550,between 10 and 0 -> MX2 (search-dependent),unchanged
coupling time (min),jiang_massdep_baseline,power_0.72,12.369,crew_team_h,MX2,unchanged,unchanged
coupling time (min),jiang_massdep_baseline,power_0.72,12.369,shift_ot_h,550,between 10 and 0 -> MX2 (search-dependent),unchanged
coupling time (min),jiang_massdep_baseline,power_0.72,15.436,shift_h,550,between 10 and 0 -> MX2 (search-dependent),unchanged
coupling time (min),jiang_massdep_baseline,power_0.72,15.436,crew_veh_h,MX2,unchanged,between 10 and 20 -> 550 (search-dependent)
coupling time (min),jiang_massdep_baseline,power_0.72,15.436,crew_team_h,MX2,unchanged,unchanged
coupling time (min),jiang_massdep_baseline,power_0.72,15.436,shift_ot_h,550,between 10 and 0 -> MX2 (search-dependent),unchanged
coupling time (min),jiang_massdep_baseline,power_0.72,19.263,shift_h,550,between 10 and 0 -> MX2 (search-dependent),unchanged
coupling time (min),jiang_massdep_baseline,power_0.72,19.263,crew_veh_h,MX2,unchanged,unchanged
coupling time (min),jiang_massdep_baseline,power_0.72,19.263,crew_team_h,MX2,unchanged,unchanged
coupling time (min),jiang_massdep_baseline,power_0.72,19.263,shift_ot_h,550,between 10 and 0 -> MX2 (search-dependent),unchanged
coupling time (min),jiang_massdep_baseline,power_0.72,24.04,shift_h,550,between 10 and 0 -> MX2 (search-dependent),unchanged
coupling time (min),jiang_massdep_baseline,power_0.72,24.04,crew_veh_h,MX2,unchanged,unchanged
coupling time (min),jiang_massdep_baseline,power_0.72,24.04,crew_team_h,MX2,unchanged,unchanged
coupling time (min),jiang_massdep_baseline,power_0.72,24.04,shift_ot_h,550,between 10 and 0 -> MX2 (search-dependent),unchanged
coupling time (min),jiang_massdep_baseline,power_0.72,30.0,shift_h,MX2,unchanged,unchanged
coupling time (min),jiang_massdep_baseline,power_0.72,30.0,crew_veh_h,MX2,unchanged,unchanged
coupling time (min),jiang_massdep_baseline,power_0.72,30.0,crew_team_h,MX2,unchanged,unchanged
coupling time (min),jiang_massdep_baseline,power_0.72,30.0,shift_ot_h,550,between 10 and 0 -> MX2 (search-dependent),unchanged
coupling time (min),rohcha_short_baseline,power_0.72,5.1,shift_h,550,unchanged,unchanged
coupling time (min),rohcha_short_baseline,power_0.72,5.1,crew_veh_h,550,unchanged,unchanged
coupling time (min),rohcha_short_baseline,power_0.72,5.1,crew_team_h,550,unchanged,unchanged
coupling time (min),rohcha_short_baseline,power_0.72,5.1,shift_ot_h,550,unchanged,unchanged
coupling time (min),rohcha_short_baseline,power_0.72,6.364,shift_h,550,unchanged,unchanged
coupling time (min),rohcha_short_baseline,power_0.72,6.364,crew_veh_h,550,unchanged,unchanged
coupling time (min),rohcha_short_baseline,power_0.72,6.364,crew_team_h,550,unchanged,unchanged
coupling time (min),rohcha_short_baseline,power_0.72,6.364,shift_ot_h,550,unchanged,unchanged
coupling time (min),rohcha_short_baseline,power_0.72,7.943,shift_h,550,unchanged,unchanged
coupling time (min),rohcha_short_baseline,power_0.72,7.943,crew_veh_h,550,unchanged,unchanged
coupling time (min),rohcha_short_baseline,power_0.72,7.943,crew_team_h,550,unchanged,unchanged
coupling time (min),rohcha_short_baseline,power_0.72,7.943,shift_ot_h,550,unchanged,unchanged
coupling time (min),rohcha_short_baseline,power_0.72,9.912,shift_h,550,unchanged,unchanged
coupling time (min),rohcha_short_baseline,power_0.72,9.912,crew_veh_h,550,unchanged,unchanged
coupling time (min),rohcha_short_baseline,power_0.72,9.912,crew_team_h,550,unchanged,unchanged
coupling time (min),rohcha_short_baseline,power_0.72,9.912,shift_ot_h,550,unchanged,unchanged
coupling time (min),rohcha_short_baseline,power_0.72,12.369,shift_h,550,unchanged,unchanged
coupling time (min),rohcha_short_baseline,power_0.72,12.369,crew_veh_h,550,unchanged,unchanged
coupling time (min),rohcha_short_baseline,power_0.72,12.369,crew_team_h,550,unchanged,unchanged
coupling time (min),rohcha_short_baseline,power_0.72,12.369,shift_ot_h,550,unchanged,unchanged
coupling time (min),rohcha_short_baseline,power_0.72,15.436,shift_h,550,unchanged,unchanged
coupling time (min),rohcha_short_baseline,power_0.72,15.436,crew_veh_h,550,unchanged,unchanged
coupling time (min),rohcha_short_baseline,power_0.72,15.436,crew_team_h,550,unchanged,unchanged
coupling time (min),rohcha_short_baseline,power_0.72,15.436,shift_ot_h,550,unchanged,unchanged
coupling time (min),rohcha_short_baseline,power_0.72,19.263,shift_h,550,unchanged,unchanged
coupling time (min),rohcha_short_baseline,power_0.72,19.263,crew_veh_h,550,unchanged,unchanged
coupling time (min),rohcha_short_baseline,power_0.72,19.263,crew_team_h,550,unchanged,unchanged
coupling time (min),rohcha_short_baseline,power_0.72,19.263,shift_ot_h,550,unchanged,unchanged
coupling time (min),rohcha_short_baseline,power_0.72,24.04,shift_h,550,unchanged,unchanged
coupling time (min),rohcha_short_baseline,power_0.72,24.04,crew_veh_h,550,unchanged,unchanged
coupling time (min),rohcha_short_baseline,power_0.72,24.04,crew_team_h,550,unchanged,unchanged
coupling time (min),rohcha_short_baseline,power_0.72,24.04,shift_ot_h,550,unchanged,unchanged
coupling time (min),rohcha_short_baseline,power_0.72,30.0,shift_h,550,unchanged,unchanged
coupling time (min),rohcha_short_baseline,power_0.72,30.0,crew_veh_h,550,unchanged,unchanged
coupling time (min),rohcha_short_baseline,power_0.72,30.0,crew_team_h,550,unchanged,unchanged
coupling time (min),rohcha_short_baseline,power_0.72,30.0,shift_ot_h,550,unchanged,unchanged
coupling time (min),rohcha_massdep_baseline,power_0.72,5.1,shift_h,550,unchanged,unchanged
coupling time (min),rohcha_massdep_baseline,power_0.72,5.1,crew_veh_h,550,unchanged,unchanged
coupling time (min),rohcha_massdep_baseline,power_0.72,5.1,crew_team_h,550,unchanged,unchanged
coupling time (min),rohcha_massdep_baseline,power_0.72,5.1,shift_ot_h,550,unchanged,unchanged
coupling time (min),rohcha_massdep_baseline,power_0.72,6.364,shift_h,550,unchanged,unchanged
coupling time (min),rohcha_massdep_baseline,power_0.72,6.364,crew_veh_h,550,unchanged,unchanged
coupling time (min),rohcha_massdep_baseline,power_0.72,6.364,crew_team_h,550,unchanged,unchanged
coupling time (min),rohcha_massdep_baseline,power_0.72,6.364,shift_ot_h,550,unchanged,unchanged
coupling time (min),rohcha_massdep_baseline,power_0.72,7.943,shift_h,550,unchanged,unchanged
coupling time (min),rohcha_massdep_baseline,power_0.72,7.943,crew_veh_h,550,unchanged,unchanged
coupling time (min),rohcha_massdep_baseline,power_0.72,7.943,crew_team_h,550,unchanged,unchanged
coupling time (min),rohcha_massdep_baseline,power_0.72,7.943,shift_ot_h,550,unchanged,unchanged
coupling time (min),rohcha_massdep_baseline,power_0.72,9.912,shift_h,550,unchanged,unchanged
coupling time (min),rohcha_massdep_baseline,power_0.72,9.912,crew_veh_h,550,unchanged,unchanged
coupling time (min),rohcha_massdep_baseline,power_0.72,9.912,crew_team_h,550,unchanged,unchanged
coupling time (min),rohcha_massdep_baseline,power_0.72,9.912,shift_ot_h,550,unchanged,unchanged
coupling time (min),rohcha_massdep_baseline,power_0.72,12.369,shift_h,550,unchanged,unchanged
coupling time (min),rohcha_massdep_baseline,power_0.72,12.369,crew_veh_h,550,unchanged,unchanged
coupling time (min),rohcha_massdep_baseline,power_0.72,12.369,crew_team_h,550,unchanged,unchanged
coupling time (min),rohcha_massdep_baseline,power_0.72,12.369,shift_ot_h,550,unchanged,unchanged
coupling time (min),rohcha_massdep_baseline,power_0.72,15.436,shift_h,550,unchanged,unchanged
coupling time (min),rohcha_massdep_baseline,power_0.72,15.436,crew_veh_h,550,unchanged,unchanged
coupling time (min),rohcha_massdep_baseline,power_0.72,15.436,crew_team_h,550,unchanged,unchanged
coupling time (min),rohcha_massdep_baseline,power_0.72,15.436,shift_ot_h,550,unchanged,unchanged
coupling time (min),rohcha_massdep_baseline,power_0.72,19.263,shift_h,550,unchanged,unchanged
coupling time (min),rohcha_massdep_baseline,power_0.72,19.263,crew_veh_h,550,unchanged,unchanged
coupling time (min),rohcha_massdep_baseline,power_0.72,19.263,crew_team_h,550,unchanged,unchanged
coupling time (min),rohcha_massdep_baseline,power_0.72,19.263,shift_ot_h,550,unchanged,unchanged
coupling time (min),rohcha_massdep_baseline,power_0.72,24.04,shift_h,550,unchanged,unchanged
coupling time (min),rohcha_massdep_baseline,power_0.72,24.04,crew_veh_h,550,unchanged,unchanged
coupling time (min),rohcha_massdep_baseline,power_0.72,24.04,crew_team_h,550,unchanged,unchanged
coupling time (min),rohcha_massdep_baseline,power_0.72,24.04,shift_ot_h,550,unchanged,unchanged
coupling time (min),rohcha_massdep_baseline,power_0.72,30.0,shift_h,550,unchanged,unchanged
coupling time (min),rohcha_massdep_baseline,power_0.72,30.0,crew_veh_h,550,unchanged,unchanged
coupling time (min),rohcha_massdep_baseline,power_0.72,30.0,crew_team_h,550,unchanged,unchanged
coupling time (min),rohcha_massdep_baseline,power_0.72,30.0,shift_ot_h,550,unchanged,unchanged
coupling time (min),jiang_short_baseline,power_0.84,5.1,shift_h,MX2,between 10 and 0 -> 300 (search-dependent),unchanged
coupling time (min),jiang_short_baseline,power_0.84,5.1,crew_veh_h,MX2,unchanged,unchanged
coupling time (min),jiang_short_baseline,power_0.84,5.1,crew_team_h,MX2,unchanged,unchanged
coupling time (min),jiang_short_baseline,power_0.84,5.1,shift_ot_h,MX2,unchanged,unchanged
coupling time (min),jiang_short_baseline,power_0.84,6.364,shift_h,MX2,between 10 and 0 -> 300 (search-dependent),unchanged
coupling time (min),jiang_short_baseline,power_0.84,6.364,crew_veh_h,MX2,unchanged,unchanged
coupling time (min),jiang_short_baseline,power_0.84,6.364,crew_team_h,MX2,unchanged,unchanged
coupling time (min),jiang_short_baseline,power_0.84,6.364,shift_ot_h,MX2,unchanged,unchanged
coupling time (min),jiang_short_baseline,power_0.84,7.943,shift_h,MX2,between 10 and 0 -> 300 (search-dependent),unchanged
coupling time (min),jiang_short_baseline,power_0.84,7.943,crew_veh_h,MX2,unchanged,unchanged
coupling time (min),jiang_short_baseline,power_0.84,7.943,crew_team_h,MX2,unchanged,unchanged
coupling time (min),jiang_short_baseline,power_0.84,7.943,shift_ot_h,MX2,unchanged,unchanged
coupling time (min),jiang_short_baseline,power_0.84,9.912,shift_h,MX2,between 10 and 0 -> 300 (search-dependent),unchanged
coupling time (min),jiang_short_baseline,power_0.84,9.912,crew_veh_h,MX2,unchanged,unchanged
coupling time (min),jiang_short_baseline,power_0.84,9.912,crew_team_h,MX2,unchanged,unchanged
coupling time (min),jiang_short_baseline,power_0.84,9.912,shift_ot_h,MX2,unchanged,unchanged
coupling time (min),jiang_short_baseline,power_0.84,12.369,shift_h,MX2,between 10 and 0 -> 300 (search-dependent),unchanged
coupling time (min),jiang_short_baseline,power_0.84,12.369,crew_veh_h,MX2,unchanged,unchanged
coupling time (min),jiang_short_baseline,power_0.84,12.369,crew_team_h,MX2,unchanged,unchanged
coupling time (min),jiang_short_baseline,power_0.84,12.369,shift_ot_h,MX2,unchanged,unchanged
coupling time (min),jiang_short_baseline,power_0.84,15.436,shift_h,MX2,between 10 and 0 -> 300 (search-dependent),unchanged
coupling time (min),jiang_short_baseline,power_0.84,15.436,crew_veh_h,MX2,unchanged,unchanged
coupling time (min),jiang_short_baseline,power_0.84,15.436,crew_team_h,MX2,unchanged,unchanged
coupling time (min),jiang_short_baseline,power_0.84,15.436,shift_ot_h,MX2,between 10 and 0 -> 300 (search-dependent),unchanged
coupling time (min),jiang_short_baseline,power_0.84,19.263,shift_h,MX2,between 10 and 0 -> 300 (search-dependent),unchanged
coupling time (min),jiang_short_baseline,power_0.84,19.263,crew_veh_h,MX2,unchanged,unchanged
coupling time (min),jiang_short_baseline,power_0.84,19.263,crew_team_h,MX2,between 10 and 0 -> 300 (search-dependent),unchanged
coupling time (min),jiang_short_baseline,power_0.84,19.263,shift_ot_h,MX2,between 10 and 0 -> 300 (search-dependent),unchanged
coupling time (min),jiang_short_baseline,power_0.84,24.04,shift_h,MX2,between 10 and 0 -> 300 (search-dependent),unchanged
coupling time (min),jiang_short_baseline,power_0.84,24.04,crew_veh_h,MX2,unchanged,unchanged
coupling time (min),jiang_short_baseline,power_0.84,24.04,crew_team_h,MX2,between 10 and 0 -> 300 (search-dependent),unchanged
coupling time (min),jiang_short_baseline,power_0.84,24.04,shift_ot_h,MX2,between 10 and 0 -> 300 (search-dependent),unchanged
coupling time (min),jiang_short_baseline,power_0.84,30.0,shift_h,MX2,between 10 and 0 -> 300 (search-dependent),unchanged
coupling time (min),jiang_short_baseline,power_0.84,30.0,crew_veh_h,MX2,unchanged,unchanged
coupling time (min),jiang_short_baseline,power_0.84,30.0,crew_team_h,MX2,between 10 and 0 -> 300 (search-dependent),unchanged
coupling time (min),jiang_short_baseline,power_0.84,30.0,shift_ot_h,MX2,between 10 and 0 -> 300 (search-dependent),unchanged
coupling time (min),jiang_massdep_baseline,power_0.84,5.1,shift_h,550,between 10 and 0 -> MX2 (search-dependent),unchanged
coupling time (min),jiang_massdep_baseline,power_0.84,5.1,crew_veh_h,550,unchanged,unchanged
coupling time (min),jiang_massdep_baseline,power_0.84,5.1,crew_team_h,380,between 10 and 0 -> MX2 (search-dependent),between 10 and 20 -> 550 (search-dependent)
coupling time (min),jiang_massdep_baseline,power_0.84,5.1,shift_ot_h,550,between 10 and 0 -> MX2 (search-dependent),unchanged
coupling time (min),jiang_massdep_baseline,power_0.84,6.364,shift_h,550,between 10 and 0 -> MX2 (search-dependent),unchanged
coupling time (min),jiang_massdep_baseline,power_0.84,6.364,crew_veh_h,550,unchanged,unchanged
coupling time (min),jiang_massdep_baseline,power_0.84,6.364,crew_team_h,MX2,unchanged,between 30 and 40 -> 550 (search-dependent)
coupling time (min),jiang_massdep_baseline,power_0.84,6.364,shift_ot_h,550,between 10 and 0 -> MX2 (search-dependent),unchanged
coupling time (min),jiang_massdep_baseline,power_0.84,7.943,shift_h,550,between 10 and 0 -> MX2 (search-dependent),unchanged
coupling time (min),jiang_massdep_baseline,power_0.84,7.943,crew_veh_h,550,unchanged,unchanged
coupling time (min),jiang_massdep_baseline,power_0.84,7.943,crew_team_h,MX2,unchanged,unchanged
coupling time (min),jiang_massdep_baseline,power_0.84,7.943,shift_ot_h,550,between 10 and 0 -> MX2 (search-dependent),unchanged
coupling time (min),jiang_massdep_baseline,power_0.84,9.912,shift_h,550,between 10 and 0 -> MX2 (search-dependent),unchanged
coupling time (min),jiang_massdep_baseline,power_0.84,9.912,crew_veh_h,550,between 10 and 0 -> MX2 (search-dependent),unchanged
coupling time (min),jiang_massdep_baseline,power_0.84,9.912,crew_team_h,MX2,unchanged,unchanged
coupling time (min),jiang_massdep_baseline,power_0.84,9.912,shift_ot_h,550,between 10 and 0 -> MX2 (search-dependent),unchanged
coupling time (min),jiang_massdep_baseline,power_0.84,12.369,shift_h,550,between 10 and 0 -> MX2 (search-dependent),unchanged
coupling time (min),jiang_massdep_baseline,power_0.84,12.369,crew_veh_h,MX2,unchanged,between 20 and 30 -> 550 (search-dependent)
coupling time (min),jiang_massdep_baseline,power_0.84,12.369,crew_team_h,MX2,unchanged,unchanged
coupling time (min),jiang_massdep_baseline,power_0.84,12.369,shift_ot_h,550,between 10 and 0 -> MX2 (search-dependent),unchanged
coupling time (min),jiang_massdep_baseline,power_0.84,15.436,shift_h,550,between 10 and 0 -> MX2 (search-dependent),unchanged
coupling time (min),jiang_massdep_baseline,power_0.84,15.436,crew_veh_h,MX2,unchanged,unchanged
coupling time (min),jiang_massdep_baseline,power_0.84,15.436,crew_team_h,MX2,unchanged,unchanged
coupling time (min),jiang_massdep_baseline,power_0.84,15.436,shift_ot_h,550,between 10 and 0 -> MX2 (search-dependent),unchanged
coupling time (min),jiang_massdep_baseline,power_0.84,19.263,shift_h,MX2,unchanged,unchanged
coupling time (min),jiang_massdep_baseline,power_0.84,19.263,crew_veh_h,MX2,unchanged,unchanged
coupling time (min),jiang_massdep_baseline,power_0.84,19.263,crew_team_h,MX2,unchanged,unchanged
coupling time (min),jiang_massdep_baseline,power_0.84,19.263,shift_ot_h,550,between 10 and 0 -> MX2 (search-dependent),unchanged
coupling time (min),jiang_massdep_baseline,power_0.84,24.04,shift_h,MX2,unchanged,unchanged
coupling time (min),jiang_massdep_baseline,power_0.84,24.04,crew_veh_h,MX2,unchanged,unchanged
coupling time (min),jiang_massdep_baseline,power_0.84,24.04,crew_team_h,MX2,unchanged,unchanged
coupling time (min),jiang_massdep_baseline,power_0.84,24.04,shift_ot_h,MX2,unchanged,unchanged
coupling time (min),jiang_massdep_baseline,power_0.84,30.0,shift_h,MX2,unchanged,unchanged
coupling time (min),jiang_massdep_baseline,power_0.84,30.0,crew_veh_h,MX2,unchanged,unchanged
coupling time (min),jiang_massdep_baseline,power_0.84,30.0,crew_team_h,MX2,unchanged,unchanged
coupling time (min),jiang_massdep_baseline,power_0.84,30.0,shift_ot_h,MX2,unchanged,unchanged
coupling time (min),rohcha_short_baseline,power_0.84,5.1,shift_h,550,unchanged,unchanged
coupling time (min),rohcha_short_baseline,power_0.84,5.1,crew_veh_h,550,unchanged,unchanged
coupling time (min),rohcha_short_baseline,power_0.84,5.1,crew_team_h,550,unchanged,unchanged
coupling time (min),rohcha_short_baseline,power_0.84,5.1,shift_ot_h,550,unchanged,unchanged
coupling time (min),rohcha_short_baseline,power_0.84,6.364,shift_h,550,unchanged,unchanged
coupling time (min),rohcha_short_baseline,power_0.84,6.364,crew_veh_h,550,unchanged,unchanged
coupling time (min),rohcha_short_baseline,power_0.84,6.364,crew_team_h,550,unchanged,unchanged
coupling time (min),rohcha_short_baseline,power_0.84,6.364,shift_ot_h,550,unchanged,unchanged
coupling time (min),rohcha_short_baseline,power_0.84,7.943,shift_h,550,unchanged,unchanged
coupling time (min),rohcha_short_baseline,power_0.84,7.943,crew_veh_h,550,unchanged,unchanged
coupling time (min),rohcha_short_baseline,power_0.84,7.943,crew_team_h,550,unchanged,unchanged
coupling time (min),rohcha_short_baseline,power_0.84,7.943,shift_ot_h,550,unchanged,unchanged
coupling time (min),rohcha_short_baseline,power_0.84,9.912,shift_h,550,unchanged,unchanged
coupling time (min),rohcha_short_baseline,power_0.84,9.912,crew_veh_h,550,unchanged,unchanged
coupling time (min),rohcha_short_baseline,power_0.84,9.912,crew_team_h,550,unchanged,unchanged
coupling time (min),rohcha_short_baseline,power_0.84,9.912,shift_ot_h,550,unchanged,unchanged
coupling time (min),rohcha_short_baseline,power_0.84,12.369,shift_h,550,unchanged,unchanged
coupling time (min),rohcha_short_baseline,power_0.84,12.369,crew_veh_h,550,unchanged,unchanged
coupling time (min),rohcha_short_baseline,power_0.84,12.369,crew_team_h,550,unchanged,unchanged
coupling time (min),rohcha_short_baseline,power_0.84,12.369,shift_ot_h,550,unchanged,unchanged
coupling time (min),rohcha_short_baseline,power_0.84,15.436,shift_h,550,unchanged,unchanged
coupling time (min),rohcha_short_baseline,power_0.84,15.436,crew_veh_h,550,unchanged,unchanged
coupling time (min),rohcha_short_baseline,power_0.84,15.436,crew_team_h,550,unchanged,unchanged
coupling time (min),rohcha_short_baseline,power_0.84,15.436,shift_ot_h,550,unchanged,unchanged
coupling time (min),rohcha_short_baseline,power_0.84,19.263,shift_h,550,unchanged,unchanged
coupling time (min),rohcha_short_baseline,power_0.84,19.263,crew_veh_h,550,unchanged,unchanged
coupling time (min),rohcha_short_baseline,power_0.84,19.263,crew_team_h,550,unchanged,unchanged
coupling time (min),rohcha_short_baseline,power_0.84,19.263,shift_ot_h,550,unchanged,unchanged
coupling time (min),rohcha_short_baseline,power_0.84,24.04,shift_h,550,unchanged,unchanged
coupling time (min),rohcha_short_baseline,power_0.84,24.04,crew_veh_h,550,unchanged,unchanged
coupling time (min),rohcha_short_baseline,power_0.84,24.04,crew_team_h,550,unchanged,unchanged
coupling time (min),rohcha_short_baseline,power_0.84,24.04,shift_ot_h,550,unchanged,unchanged
coupling time (min),rohcha_short_baseline,power_0.84,30.0,shift_h,550,unchanged,unchanged
coupling time (min),rohcha_short_baseline,power_0.84,30.0,crew_veh_h,550,unchanged,unchanged
coupling time (min),rohcha_short_baseline,power_0.84,30.0,crew_team_h,550,unchanged,unchanged
coupling time (min),rohcha_short_baseline,power_0.84,30.0,shift_ot_h,550,unchanged,unchanged
coupling time (min),rohcha_massdep_baseline,power_0.84,5.1,shift_h,550,unchanged,unchanged
coupling time (min),rohcha_massdep_baseline,power_0.84,5.1,crew_veh_h,550,unchanged,unchanged
coupling time (min),rohcha_massdep_baseline,power_0.84,5.1,crew_team_h,550,unchanged,unchanged
coupling time (min),rohcha_massdep_baseline,power_0.84,5.1,shift_ot_h,550,unchanged,unchanged
coupling time (min),rohcha_massdep_baseline,power_0.84,6.364,shift_h,550,unchanged,unchanged
coupling time (min),rohcha_massdep_baseline,power_0.84,6.364,crew_veh_h,550,unchanged,unchanged
coupling time (min),rohcha_massdep_baseline,power_0.84,6.364,crew_team_h,550,unchanged,unchanged
coupling time (min),rohcha_massdep_baseline,power_0.84,6.364,shift_ot_h,550,unchanged,unchanged
coupling time (min),rohcha_massdep_baseline,power_0.84,7.943,shift_h,550,unchanged,unchanged
coupling time (min),rohcha_massdep_baseline,power_0.84,7.943,crew_veh_h,550,unchanged,unchanged
coupling time (min),rohcha_massdep_baseline,power_0.84,7.943,crew_team_h,550,unchanged,unchanged
coupling time (min),rohcha_massdep_baseline,power_0.84,7.943,shift_ot_h,550,unchanged,unchanged
coupling time (min),rohcha_massdep_baseline,power_0.84,9.912,shift_h,550,unchanged,unchanged
coupling time (min),rohcha_massdep_baseline,power_0.84,9.912,crew_veh_h,550,unchanged,unchanged
coupling time (min),rohcha_massdep_baseline,power_0.84,9.912,crew_team_h,550,unchanged,unchanged
coupling time (min),rohcha_massdep_baseline,power_0.84,9.912,shift_ot_h,550,unchanged,unchanged
coupling time (min),rohcha_massdep_baseline,power_0.84,12.369,shift_h,550,unchanged,unchanged
coupling time (min),rohcha_massdep_baseline,power_0.84,12.369,crew_veh_h,550,unchanged,unchanged
coupling time (min),rohcha_massdep_baseline,power_0.84,12.369,crew_team_h,550,unchanged,unchanged
coupling time (min),rohcha_massdep_baseline,power_0.84,12.369,shift_ot_h,550,unchanged,unchanged
coupling time (min),rohcha_massdep_baseline,power_0.84,15.436,shift_h,550,unchanged,unchanged
coupling time (min),rohcha_massdep_baseline,power_0.84,15.436,crew_veh_h,550,unchanged,unchanged
coupling time (min),rohcha_massdep_baseline,power_0.84,15.436,crew_team_h,550,unchanged,unchanged
coupling time (min),rohcha_massdep_baseline,power_0.84,15.436,shift_ot_h,550,unchanged,unchanged
coupling time (min),rohcha_massdep_baseline,power_0.84,19.263,shift_h,550,unchanged,unchanged
coupling time (min),rohcha_massdep_baseline,power_0.84,19.263,crew_veh_h,550,unchanged,unchanged
coupling time (min),rohcha_massdep_baseline,power_0.84,19.263,crew_team_h,550,unchanged,unchanged
coupling time (min),rohcha_massdep_baseline,power_0.84,19.263,shift_ot_h,550,unchanged,unchanged
coupling time (min),rohcha_massdep_baseline,power_0.84,24.04,shift_h,550,unchanged,unchanged
coupling time (min),rohcha_massdep_baseline,power_0.84,24.04,crew_veh_h,550,unchanged,unchanged
coupling time (min),rohcha_massdep_baseline,power_0.84,24.04,crew_team_h,550,unchanged,unchanged
coupling time (min),rohcha_massdep_baseline,power_0.84,24.04,shift_ot_h,550,unchanged,unchanged
coupling time (min),rohcha_massdep_baseline,power_0.84,30.0,shift_h,550,unchanged,unchanged
coupling time (min),rohcha_massdep_baseline,power_0.84,30.0,crew_veh_h,550,unchanged,unchanged
coupling time (min),rohcha_massdep_baseline,power_0.84,30.0,crew_team_h,550,unchanged,unchanged
coupling time (min),rohcha_massdep_baseline,power_0.84,30.0,shift_ot_h,550,unchanged,unchanged
coupling time (min),jiang_short_baseline,power_0.96,5.1,shift_h,MX2,between 10 and 0 -> 300 (search-dependent),unchanged
coupling time (min),jiang_short_baseline,power_0.96,5.1,crew_veh_h,MX2,unchanged,unchanged
coupling time (min),jiang_short_baseline,power_0.96,5.1,crew_team_h,MX2,unchanged,unchanged
coupling time (min),jiang_short_baseline,power_0.96,5.1,shift_ot_h,MX2,unchanged,unchanged
coupling time (min),jiang_short_baseline,power_0.96,6.364,shift_h,MX2,between 10 and 0 -> 300 (search-dependent),unchanged
coupling time (min),jiang_short_baseline,power_0.96,6.364,crew_veh_h,MX2,unchanged,unchanged
coupling time (min),jiang_short_baseline,power_0.96,6.364,crew_team_h,MX2,unchanged,unchanged
coupling time (min),jiang_short_baseline,power_0.96,6.364,shift_ot_h,MX2,unchanged,unchanged
coupling time (min),jiang_short_baseline,power_0.96,7.943,shift_h,MX2,between 10 and 0 -> 300 (search-dependent),unchanged
coupling time (min),jiang_short_baseline,power_0.96,7.943,crew_veh_h,MX2,unchanged,unchanged
coupling time (min),jiang_short_baseline,power_0.96,7.943,crew_team_h,MX2,unchanged,unchanged
coupling time (min),jiang_short_baseline,power_0.96,7.943,shift_ot_h,MX2,unchanged,unchanged
coupling time (min),jiang_short_baseline,power_0.96,9.912,shift_h,MX2,between 10 and 0 -> 300 (search-dependent),unchanged
coupling time (min),jiang_short_baseline,power_0.96,9.912,crew_veh_h,MX2,unchanged,unchanged
coupling time (min),jiang_short_baseline,power_0.96,9.912,crew_team_h,MX2,unchanged,unchanged
coupling time (min),jiang_short_baseline,power_0.96,9.912,shift_ot_h,MX2,unchanged,unchanged
coupling time (min),jiang_short_baseline,power_0.96,12.369,shift_h,MX2,between 10 and 0 -> 300 (search-dependent),unchanged
coupling time (min),jiang_short_baseline,power_0.96,12.369,crew_veh_h,MX2,unchanged,unchanged
coupling time (min),jiang_short_baseline,power_0.96,12.369,crew_team_h,MX2,unchanged,unchanged
coupling time (min),jiang_short_baseline,power_0.96,12.369,shift_ot_h,MX2,between 10 and 0 -> 300 (search-dependent),unchanged
coupling time (min),jiang_short_baseline,power_0.96,15.436,shift_h,MX2,between 10 and 0 -> 300 (search-dependent),unchanged
coupling time (min),jiang_short_baseline,power_0.96,15.436,crew_veh_h,MX2,unchanged,unchanged
coupling time (min),jiang_short_baseline,power_0.96,15.436,crew_team_h,MX2,between 10 and 0 -> 300 (search-dependent),unchanged
coupling time (min),jiang_short_baseline,power_0.96,15.436,shift_ot_h,MX2,between 10 and 0 -> 300 (search-dependent),unchanged
coupling time (min),jiang_short_baseline,power_0.96,19.263,shift_h,MX2,between 10 and 0 -> 300 (search-dependent),unchanged
coupling time (min),jiang_short_baseline,power_0.96,19.263,crew_veh_h,MX2,unchanged,unchanged
coupling time (min),jiang_short_baseline,power_0.96,19.263,crew_team_h,MX2,between 10 and 0 -> 300 (search-dependent),unchanged
coupling time (min),jiang_short_baseline,power_0.96,19.263,shift_ot_h,MX2,between 10 and 0 -> 300 (search-dependent),unchanged
coupling time (min),jiang_short_baseline,power_0.96,24.04,shift_h,MX2,between 10 and 0 -> 300 (search-dependent),unchanged
coupling time (min),jiang_short_baseline,power_0.96,24.04,crew_veh_h,MX2,unchanged,unchanged
coupling time (min),jiang_short_baseline,power_0.96,24.04,crew_team_h,MX2,between 10 and 0 -> 300 (search-dependent),unchanged
coupling time (min),jiang_short_baseline,power_0.96,24.04,shift_ot_h,MX2,between 10 and 0 -> 300 (search-dependent),unchanged
coupling time (min),jiang_short_baseline,power_0.96,30.0,shift_h,MX2,between 10 and 0 -> 300 (search-dependent),unchanged
coupling time (min),jiang_short_baseline,power_0.96,30.0,crew_veh_h,MX2,unchanged,unchanged
coupling time (min),jiang_short_baseline,power_0.96,30.0,crew_team_h,MX2,between 10 and 0 -> 300 (search-dependent),unchanged
coupling time (min),jiang_short_baseline,power_0.96,30.0,shift_ot_h,MX2,between 10 and 0 -> 300 (search-dependent),unchanged
coupling time (min),jiang_massdep_baseline,power_0.96,5.1,shift_h,550,between 10 and 0 -> MX2 (search-dependent),unchanged
coupling time (min),jiang_massdep_baseline,power_0.96,5.1,crew_veh_h,550,unchanged,unchanged
coupling time (min),jiang_massdep_baseline,power_0.96,5.1,crew_team_h,MX2,between 10 and 0 -> 300 (search-dependent),between 30 and 40 -> 550 (search-dependent)
coupling time (min),jiang_massdep_baseline,power_0.96,5.1,shift_ot_h,550,between 10 and 0 -> MX2 (search-dependent),unchanged
coupling time (min),jiang_massdep_baseline,power_0.96,6.364,shift_h,550,between 10 and 0 -> MX2 (search-dependent),unchanged
coupling time (min),jiang_massdep_baseline,power_0.96,6.364,crew_veh_h,550,unchanged,unchanged
coupling time (min),jiang_massdep_baseline,power_0.96,6.364,crew_team_h,MX2,unchanged,unchanged
coupling time (min),jiang_massdep_baseline,power_0.96,6.364,shift_ot_h,550,between 10 and 0 -> MX2 (search-dependent),unchanged
coupling time (min),jiang_massdep_baseline,power_0.96,7.943,shift_h,550,between 10 and 0 -> MX2 (search-dependent),unchanged
coupling time (min),jiang_massdep_baseline,power_0.96,7.943,crew_veh_h,550,between 10 and 0 -> MX2 (search-dependent),unchanged
coupling time (min),jiang_massdep_baseline,power_0.96,7.943,crew_team_h,MX2,unchanged,unchanged
coupling time (min),jiang_massdep_baseline,power_0.96,7.943,shift_ot_h,550,between 10 and 0 -> MX2 (search-dependent),unchanged
coupling time (min),jiang_massdep_baseline,power_0.96,9.912,shift_h,550,between 10 and 0 -> MX2 (search-dependent),unchanged
coupling time (min),jiang_massdep_baseline,power_0.96,9.912,crew_veh_h,MX2,unchanged,between 20 and 30 -> 550 (search-dependent)
coupling time (min),jiang_massdep_baseline,power_0.96,9.912,crew_team_h,MX2,unchanged,unchanged
coupling time (min),jiang_massdep_baseline,power_0.96,9.912,shift_ot_h,550,between 10 and 0 -> MX2 (search-dependent),unchanged
coupling time (min),jiang_massdep_baseline,power_0.96,12.369,shift_h,550,between 10 and 0 -> MX2 (search-dependent),unchanged
coupling time (min),jiang_massdep_baseline,power_0.96,12.369,crew_veh_h,MX2,unchanged,unchanged
coupling time (min),jiang_massdep_baseline,power_0.96,12.369,crew_team_h,MX2,unchanged,unchanged
coupling time (min),jiang_massdep_baseline,power_0.96,12.369,shift_ot_h,550,between 10 and 0 -> MX2 (search-dependent),unchanged
coupling time (min),jiang_massdep_baseline,power_0.96,15.436,shift_h,MX2,unchanged,unchanged
coupling time (min),jiang_massdep_baseline,power_0.96,15.436,crew_veh_h,MX2,unchanged,unchanged
coupling time (min),jiang_massdep_baseline,power_0.96,15.436,crew_team_h,MX2,unchanged,unchanged
coupling time (min),jiang_massdep_baseline,power_0.96,15.436,shift_ot_h,550,between 10 and 0 -> MX2 (search-dependent),unchanged
coupling time (min),jiang_massdep_baseline,power_0.96,19.263,shift_h,MX2,unchanged,unchanged
coupling time (min),jiang_massdep_baseline,power_0.96,19.263,crew_veh_h,MX2,unchanged,unchanged
coupling time (min),jiang_massdep_baseline,power_0.96,19.263,crew_team_h,MX2,unchanged,unchanged
coupling time (min),jiang_massdep_baseline,power_0.96,19.263,shift_ot_h,MX2,unchanged,unchanged
coupling time (min),jiang_massdep_baseline,power_0.96,24.04,shift_h,MX2,unchanged,unchanged
coupling time (min),jiang_massdep_baseline,power_0.96,24.04,crew_veh_h,MX2,unchanged,unchanged
coupling time (min),jiang_massdep_baseline,power_0.96,24.04,crew_team_h,MX2,unchanged,unchanged
coupling time (min),jiang_massdep_baseline,power_0.96,24.04,shift_ot_h,MX2,unchanged,unchanged
coupling time (min),jiang_massdep_baseline,power_0.96,30.0,shift_h,MX2,unchanged,unchanged
coupling time (min),jiang_massdep_baseline,power_0.96,30.0,crew_veh_h,MX2,unchanged,unchanged
coupling time (min),jiang_massdep_baseline,power_0.96,30.0,crew_team_h,MX2,unchanged,unchanged
coupling time (min),jiang_massdep_baseline,power_0.96,30.0,shift_ot_h,MX2,unchanged,unchanged
coupling time (min),rohcha_short_baseline,power_0.96,5.1,shift_h,550,unchanged,unchanged
coupling time (min),rohcha_short_baseline,power_0.96,5.1,crew_veh_h,550,unchanged,unchanged
coupling time (min),rohcha_short_baseline,power_0.96,5.1,crew_team_h,550,unchanged,unchanged
coupling time (min),rohcha_short_baseline,power_0.96,5.1,shift_ot_h,550,unchanged,unchanged
coupling time (min),rohcha_short_baseline,power_0.96,6.364,shift_h,550,unchanged,unchanged
coupling time (min),rohcha_short_baseline,power_0.96,6.364,crew_veh_h,550,unchanged,unchanged
coupling time (min),rohcha_short_baseline,power_0.96,6.364,crew_team_h,550,unchanged,unchanged
coupling time (min),rohcha_short_baseline,power_0.96,6.364,shift_ot_h,550,unchanged,unchanged
coupling time (min),rohcha_short_baseline,power_0.96,7.943,shift_h,550,unchanged,unchanged
coupling time (min),rohcha_short_baseline,power_0.96,7.943,crew_veh_h,550,unchanged,unchanged
coupling time (min),rohcha_short_baseline,power_0.96,7.943,crew_team_h,550,unchanged,unchanged
coupling time (min),rohcha_short_baseline,power_0.96,7.943,shift_ot_h,550,unchanged,unchanged
coupling time (min),rohcha_short_baseline,power_0.96,9.912,shift_h,550,unchanged,unchanged
coupling time (min),rohcha_short_baseline,power_0.96,9.912,crew_veh_h,550,unchanged,unchanged
coupling time (min),rohcha_short_baseline,power_0.96,9.912,crew_team_h,550,unchanged,unchanged
coupling time (min),rohcha_short_baseline,power_0.96,9.912,shift_ot_h,550,unchanged,unchanged
coupling time (min),rohcha_short_baseline,power_0.96,12.369,shift_h,550,unchanged,unchanged
coupling time (min),rohcha_short_baseline,power_0.96,12.369,crew_veh_h,550,unchanged,unchanged
coupling time (min),rohcha_short_baseline,power_0.96,12.369,crew_team_h,550,unchanged,unchanged
coupling time (min),rohcha_short_baseline,power_0.96,12.369,shift_ot_h,550,unchanged,unchanged
coupling time (min),rohcha_short_baseline,power_0.96,15.436,shift_h,550,unchanged,unchanged
coupling time (min),rohcha_short_baseline,power_0.96,15.436,crew_veh_h,550,unchanged,unchanged
coupling time (min),rohcha_short_baseline,power_0.96,15.436,crew_team_h,550,unchanged,unchanged
coupling time (min),rohcha_short_baseline,power_0.96,15.436,shift_ot_h,550,unchanged,unchanged
coupling time (min),rohcha_short_baseline,power_0.96,19.263,shift_h,550,unchanged,unchanged
coupling time (min),rohcha_short_baseline,power_0.96,19.263,crew_veh_h,550,unchanged,unchanged
coupling time (min),rohcha_short_baseline,power_0.96,19.263,crew_team_h,550,unchanged,unchanged
coupling time (min),rohcha_short_baseline,power_0.96,19.263,shift_ot_h,550,unchanged,unchanged
coupling time (min),rohcha_short_baseline,power_0.96,24.04,shift_h,550,unchanged,unchanged
coupling time (min),rohcha_short_baseline,power_0.96,24.04,crew_veh_h,550,unchanged,unchanged
coupling time (min),rohcha_short_baseline,power_0.96,24.04,crew_team_h,550,unchanged,unchanged
coupling time (min),rohcha_short_baseline,power_0.96,24.04,shift_ot_h,550,unchanged,unchanged
coupling time (min),rohcha_short_baseline,power_0.96,30.0,shift_h,550,unchanged,unchanged
coupling time (min),rohcha_short_baseline,power_0.96,30.0,crew_veh_h,550,unchanged,unchanged
coupling time (min),rohcha_short_baseline,power_0.96,30.0,crew_team_h,550,unchanged,unchanged
coupling time (min),rohcha_short_baseline,power_0.96,30.0,shift_ot_h,550,unchanged,unchanged
coupling time (min),rohcha_massdep_baseline,power_0.96,5.1,shift_h,550,unchanged,unchanged
coupling time (min),rohcha_massdep_baseline,power_0.96,5.1,crew_veh_h,550,unchanged,unchanged
coupling time (min),rohcha_massdep_baseline,power_0.96,5.1,crew_team_h,550,unchanged,unchanged
coupling time (min),rohcha_massdep_baseline,power_0.96,5.1,shift_ot_h,550,unchanged,unchanged
coupling time (min),rohcha_massdep_baseline,power_0.96,6.364,shift_h,550,unchanged,unchanged
coupling time (min),rohcha_massdep_baseline,power_0.96,6.364,crew_veh_h,550,unchanged,unchanged
coupling time (min),rohcha_massdep_baseline,power_0.96,6.364,crew_team_h,550,unchanged,unchanged
coupling time (min),rohcha_massdep_baseline,power_0.96,6.364,shift_ot_h,550,unchanged,unchanged
coupling time (min),rohcha_massdep_baseline,power_0.96,7.943,shift_h,550,unchanged,unchanged
coupling time (min),rohcha_massdep_baseline,power_0.96,7.943,crew_veh_h,550,unchanged,unchanged
coupling time (min),rohcha_massdep_baseline,power_0.96,7.943,crew_team_h,550,unchanged,unchanged
coupling time (min),rohcha_massdep_baseline,power_0.96,7.943,shift_ot_h,550,unchanged,unchanged
coupling time (min),rohcha_massdep_baseline,power_0.96,9.912,shift_h,550,unchanged,unchanged
coupling time (min),rohcha_massdep_baseline,power_0.96,9.912,crew_veh_h,550,unchanged,unchanged
coupling time (min),rohcha_massdep_baseline,power_0.96,9.912,crew_team_h,550,unchanged,unchanged
coupling time (min),rohcha_massdep_baseline,power_0.96,9.912,shift_ot_h,550,unchanged,unchanged
coupling time (min),rohcha_massdep_baseline,power_0.96,12.369,shift_h,550,unchanged,unchanged
coupling time (min),rohcha_massdep_baseline,power_0.96,12.369,crew_veh_h,550,unchanged,unchanged
coupling time (min),rohcha_massdep_baseline,power_0.96,12.369,crew_team_h,550,unchanged,unchanged
coupling time (min),rohcha_massdep_baseline,power_0.96,12.369,shift_ot_h,550,unchanged,unchanged
coupling time (min),rohcha_massdep_baseline,power_0.96,15.436,shift_h,550,unchanged,unchanged
coupling time (min),rohcha_massdep_baseline,power_0.96,15.436,crew_veh_h,550,unchanged,unchanged
coupling time (min),rohcha_massdep_baseline,power_0.96,15.436,crew_team_h,550,unchanged,unchanged
coupling time (min),rohcha_massdep_baseline,power_0.96,15.436,shift_ot_h,550,unchanged,unchanged
coupling time (min),rohcha_massdep_baseline,power_0.96,19.263,shift_h,550,unchanged,unchanged
coupling time (min),rohcha_massdep_baseline,power_0.96,19.263,crew_veh_h,550,unchanged,unchanged
coupling time (min),rohcha_massdep_baseline,power_0.96,19.263,crew_team_h,550,unchanged,unchanged
coupling time (min),rohcha_massdep_baseline,power_0.96,19.263,shift_ot_h,550,unchanged,unchanged
coupling time (min),rohcha_massdep_baseline,power_0.96,24.04,shift_h,550,unchanged,unchanged
coupling time (min),rohcha_massdep_baseline,power_0.96,24.04,crew_veh_h,550,unchanged,unchanged
coupling time (min),rohcha_massdep_baseline,power_0.96,24.04,crew_team_h,550,unchanged,unchanged
coupling time (min),rohcha_massdep_baseline,power_0.96,24.04,shift_ot_h,550,unchanged,unchanged
coupling time (min),rohcha_massdep_baseline,power_0.96,30.0,shift_h,550,unchanged,unchanged
coupling time (min),rohcha_massdep_baseline,power_0.96,30.0,crew_veh_h,550,unchanged,unchanged
coupling time (min),rohcha_massdep_baseline,power_0.96,30.0,crew_team_h,550,unchanged,unchanged
coupling time (min),rohcha_massdep_baseline,power_0.96,30.0,shift_ot_h,550,unchanged,unchanged
handling factor,jiang_short_baseline,affine,5.1,shift_h,MX2,between 0.67 and 0.5 -> 380 (search-dependent),unchanged
handling factor,jiang_short_baseline,affine,5.1,crew_veh_h,MX2,unchanged,between 1.5 and 2.0 -> 550 (search-dependent)
handling factor,jiang_short_baseline,affine,5.1,crew_team_h,MX2,unchanged,unchanged
handling factor,jiang_short_baseline,affine,5.1,shift_ot_h,MX2,unchanged,between 1 and 1.5 -> 380 (search-dependent)
handling factor,jiang_short_baseline,affine,6.364,shift_h,MX2,between 0.67 and 0.5 -> 380 (search-dependent),unchanged
handling factor,jiang_short_baseline,affine,6.364,crew_veh_h,MX2,unchanged,unchanged
handling factor,jiang_short_baseline,affine,6.364,crew_team_h,MX2,unchanged,unchanged
handling factor,jiang_short_baseline,affine,6.364,shift_ot_h,MX2,unchanged,between 1 and 1.5 -> 380 (search-dependent)
handling factor,jiang_short_baseline,affine,7.943,shift_h,MX2,between 0.67 and 0.5 -> 380 (search-dependent),unchanged
handling factor,jiang_short_baseline,affine,7.943,crew_veh_h,MX2,unchanged,unchanged
handling factor,jiang_short_baseline,affine,7.943,crew_team_h,MX2,unchanged,unchanged
handling factor,jiang_short_baseline,affine,7.943,shift_ot_h,MX2,unchanged,between 1 and 1.5 -> 380 (search-dependent)
handling factor,jiang_short_baseline,affine,9.912,shift_h,MX2,between 0.67 and 0.5 -> 380 (search-dependent),unchanged
handling factor,jiang_short_baseline,affine,9.912,crew_veh_h,MX2,unchanged,unchanged
handling factor,jiang_short_baseline,affine,9.912,crew_team_h,MX2,unchanged,unchanged
handling factor,jiang_short_baseline,affine,9.912,shift_ot_h,MX2,unchanged,between 1 and 1.5 -> 380 (search-dependent)
handling factor,jiang_short_baseline,affine,12.369,shift_h,MX2,between 0.67 and 0.5 -> 380 (search-dependent),unchanged
handling factor,jiang_short_baseline,affine,12.369,crew_veh_h,MX2,unchanged,unchanged
handling factor,jiang_short_baseline,affine,12.369,crew_team_h,MX2,unchanged,unchanged
handling factor,jiang_short_baseline,affine,12.369,shift_ot_h,MX2,unchanged,unchanged
handling factor,jiang_short_baseline,affine,15.436,shift_h,MX2,between 0.67 and 0.5 -> 380 (search-dependent),unchanged
handling factor,jiang_short_baseline,affine,15.436,crew_veh_h,MX2,unchanged,unchanged
handling factor,jiang_short_baseline,affine,15.436,crew_team_h,MX2,unchanged,unchanged
handling factor,jiang_short_baseline,affine,15.436,shift_ot_h,MX2,unchanged,unchanged
handling factor,jiang_short_baseline,affine,19.263,shift_h,MX2,between 0.67 and 0.5 -> 380 (search-dependent),unchanged
handling factor,jiang_short_baseline,affine,19.263,crew_veh_h,MX2,unchanged,unchanged
handling factor,jiang_short_baseline,affine,19.263,crew_team_h,MX2,unchanged,unchanged
handling factor,jiang_short_baseline,affine,19.263,shift_ot_h,MX2,unchanged,unchanged
handling factor,jiang_short_baseline,affine,24.04,shift_h,MX2,between 0.67 and 0.5 -> 380 (search-dependent),unchanged
handling factor,jiang_short_baseline,affine,24.04,crew_veh_h,MX2,unchanged,unchanged
handling factor,jiang_short_baseline,affine,24.04,crew_team_h,MX2,unchanged,unchanged
handling factor,jiang_short_baseline,affine,24.04,shift_ot_h,MX2,between 0.67 and 0.5 -> 380 (search-dependent),unchanged
handling factor,jiang_short_baseline,affine,30.0,shift_h,MX2,between 0.67 and 0.5 -> 380 (search-dependent),unchanged
handling factor,jiang_short_baseline,affine,30.0,crew_veh_h,MX2,unchanged,unchanged
handling factor,jiang_short_baseline,affine,30.0,crew_team_h,MX2,unchanged,unchanged
handling factor,jiang_short_baseline,affine,30.0,shift_ot_h,MX2,between 0.67 and 0.5 -> 380 (search-dependent),unchanged
handling factor,jiang_massdep_baseline,affine,5.1,shift_h,550,between 0.67 and 0.5 -> MX2 (search-dependent),unchanged
handling factor,jiang_massdep_baseline,affine,5.1,crew_veh_h,550,between 1 and 0.67 -> MX2 (search-dependent),unchanged
handling factor,jiang_massdep_baseline,affine,5.1,crew_team_h,380,between 1 and 0.67 -> MX2 (search-dependent),unchanged
handling factor,jiang_massdep_baseline,affine,5.1,shift_ot_h,550,between 0.67 and 0.5 -> MX2 (search-dependent),unchanged
handling factor,jiang_massdep_baseline,affine,6.364,shift_h,550,between 0.67 and 0.5 -> MX2 (search-dependent),unchanged
handling factor,jiang_massdep_baseline,affine,6.364,crew_veh_h,550,between 1 and 0.67 -> MX2 (search-dependent),unchanged
handling factor,jiang_massdep_baseline,affine,6.364,crew_team_h,MX2,unchanged,between 1 and 1.5 -> 380 (search-dependent)
handling factor,jiang_massdep_baseline,affine,6.364,shift_ot_h,550,between 0.67 and 0.5 -> MX2 (search-dependent),unchanged
handling factor,jiang_massdep_baseline,affine,7.943,shift_h,550,between 0.67 and 0.5 -> MX2 (search-dependent),unchanged
handling factor,jiang_massdep_baseline,affine,7.943,crew_veh_h,550,between 1 and 0.67 -> MX2 (search-dependent),unchanged
handling factor,jiang_massdep_baseline,affine,7.943,crew_team_h,MX2,unchanged,between 1 and 1.5 -> 380 (search-dependent)
handling factor,jiang_massdep_baseline,affine,7.943,shift_ot_h,550,between 0.67 and 0.5 -> MX2 (search-dependent),unchanged
handling factor,jiang_massdep_baseline,affine,9.912,shift_h,550,between 0.67 and 0.5 -> MX2 (search-dependent),unchanged
handling factor,jiang_massdep_baseline,affine,9.912,crew_veh_h,550,between 1 and 0.67 -> MX2 (search-dependent),unchanged
handling factor,jiang_massdep_baseline,affine,9.912,crew_team_h,MX2,unchanged,between 1 and 1.5 -> 300 (search-dependent)
handling factor,jiang_massdep_baseline,affine,9.912,shift_ot_h,550,between 0.67 and 0.5 -> MX2 (search-dependent),unchanged
handling factor,jiang_massdep_baseline,affine,12.369,shift_h,550,between 0.67 and 0.5 -> MX2 (search-dependent),unchanged
handling factor,jiang_massdep_baseline,affine,12.369,crew_veh_h,MX2,unchanged,between 1 and 1.5 -> 550 (search-dependent)
handling factor,jiang_massdep_baseline,affine,12.369,crew_team_h,MX2,unchanged,between 1 and 1.5 -> 300 (search-dependent)
handling factor,jiang_massdep_baseline,affine,12.369,shift_ot_h,550,between 0.67 and 0.5 -> MX2 (search-dependent),unchanged
handling factor,jiang_massdep_baseline,affine,15.436,shift_h,550,between 0.67 and 0.5 -> MX2 (search-dependent),unchanged
handling factor,jiang_massdep_baseline,affine,15.436,crew_veh_h,MX2,unchanged,between 1 and 1.5 -> 550 (search-dependent)
handling factor,jiang_massdep_baseline,affine,15.436,crew_team_h,MX2,unchanged,between 1 and 1.5 -> 300 (search-dependent)
handling factor,jiang_massdep_baseline,affine,15.436,shift_ot_h,550,between 0.67 and 0.5 -> MX2 (search-dependent),unchanged
handling factor,jiang_massdep_baseline,affine,19.263,shift_h,550,between 0.67 and 0.5 -> MX2 (search-dependent),unchanged
handling factor,jiang_massdep_baseline,affine,19.263,crew_veh_h,MX2,unchanged,between 1 and 1.5 -> 380 (search-dependent)
handling factor,jiang_massdep_baseline,affine,19.263,crew_team_h,MX2,unchanged,between 1 and 1.5 -> 300 (search-dependent)
handling factor,jiang_massdep_baseline,affine,19.263,shift_ot_h,550,between 0.67 and 0.5 -> MX2 (search-dependent),unchanged
handling factor,jiang_massdep_baseline,affine,24.04,shift_h,MX2,between 1 and 0.67 -> 550 (search-dependent),between 1 and 1.5 -> 380 (search-dependent)
handling factor,jiang_massdep_baseline,affine,24.04,crew_veh_h,MX2,unchanged,between 1 and 1.5 -> 380 (search-dependent)
handling factor,jiang_massdep_baseline,affine,24.04,crew_team_h,MX2,unchanged,between 1 and 1.5 -> 300 (search-dependent)
handling factor,jiang_massdep_baseline,affine,24.04,shift_ot_h,550,between 0.67 and 0.5 -> MX2 (search-dependent),unchanged
handling factor,jiang_massdep_baseline,affine,30.0,shift_h,MX2,between 1 and 0.67 -> 550 (search-dependent),between 1 and 1.5 -> 380 (search-dependent)
handling factor,jiang_massdep_baseline,affine,30.0,crew_veh_h,MX2,unchanged,between 1 and 1.5 -> 380 (search-dependent)
handling factor,jiang_massdep_baseline,affine,30.0,crew_team_h,MX2,unchanged,between 1 and 1.5 -> 300 (search-dependent)
handling factor,jiang_massdep_baseline,affine,30.0,shift_ot_h,MX2,between 1 and 0.67 -> 550 (search-dependent),between 1 and 1.5 -> 380 (search-dependent)
handling factor,rohcha_short_baseline,affine,5.1,shift_h,550,unchanged,unchanged
handling factor,rohcha_short_baseline,affine,5.1,crew_veh_h,550,unchanged,unchanged
handling factor,rohcha_short_baseline,affine,5.1,crew_team_h,550,unchanged,unchanged
handling factor,rohcha_short_baseline,affine,5.1,shift_ot_h,550,unchanged,unchanged
handling factor,rohcha_short_baseline,affine,6.364,shift_h,550,unchanged,unchanged
handling factor,rohcha_short_baseline,affine,6.364,crew_veh_h,550,unchanged,unchanged
handling factor,rohcha_short_baseline,affine,6.364,crew_team_h,550,unchanged,unchanged
handling factor,rohcha_short_baseline,affine,6.364,shift_ot_h,550,unchanged,unchanged
handling factor,rohcha_short_baseline,affine,7.943,shift_h,550,unchanged,unchanged
handling factor,rohcha_short_baseline,affine,7.943,crew_veh_h,550,unchanged,unchanged
handling factor,rohcha_short_baseline,affine,7.943,crew_team_h,550,unchanged,unchanged
handling factor,rohcha_short_baseline,affine,7.943,shift_ot_h,550,unchanged,unchanged
handling factor,rohcha_short_baseline,affine,9.912,shift_h,550,unchanged,unchanged
handling factor,rohcha_short_baseline,affine,9.912,crew_veh_h,550,unchanged,unchanged
handling factor,rohcha_short_baseline,affine,9.912,crew_team_h,550,unchanged,unchanged
handling factor,rohcha_short_baseline,affine,9.912,shift_ot_h,550,unchanged,unchanged
handling factor,rohcha_short_baseline,affine,12.369,shift_h,550,unchanged,unchanged
handling factor,rohcha_short_baseline,affine,12.369,crew_veh_h,550,unchanged,unchanged
handling factor,rohcha_short_baseline,affine,12.369,crew_team_h,550,unchanged,unchanged
handling factor,rohcha_short_baseline,affine,12.369,shift_ot_h,550,unchanged,unchanged
handling factor,rohcha_short_baseline,affine,15.436,shift_h,550,unchanged,unchanged
handling factor,rohcha_short_baseline,affine,15.436,crew_veh_h,550,unchanged,unchanged
handling factor,rohcha_short_baseline,affine,15.436,crew_team_h,550,unchanged,unchanged
handling factor,rohcha_short_baseline,affine,15.436,shift_ot_h,550,unchanged,unchanged
handling factor,rohcha_short_baseline,affine,19.263,shift_h,550,unchanged,unchanged
handling factor,rohcha_short_baseline,affine,19.263,crew_veh_h,550,unchanged,unchanged
handling factor,rohcha_short_baseline,affine,19.263,crew_team_h,550,unchanged,unchanged
handling factor,rohcha_short_baseline,affine,19.263,shift_ot_h,550,unchanged,unchanged
handling factor,rohcha_short_baseline,affine,24.04,shift_h,550,unchanged,unchanged
handling factor,rohcha_short_baseline,affine,24.04,crew_veh_h,550,unchanged,unchanged
handling factor,rohcha_short_baseline,affine,24.04,crew_team_h,550,unchanged,unchanged
handling factor,rohcha_short_baseline,affine,24.04,shift_ot_h,550,unchanged,unchanged
handling factor,rohcha_short_baseline,affine,30.0,shift_h,550,unchanged,unchanged
handling factor,rohcha_short_baseline,affine,30.0,crew_veh_h,550,unchanged,unchanged
handling factor,rohcha_short_baseline,affine,30.0,crew_team_h,550,unchanged,unchanged
handling factor,rohcha_short_baseline,affine,30.0,shift_ot_h,550,unchanged,unchanged
handling factor,rohcha_massdep_baseline,affine,5.1,shift_h,550,unchanged,between 1.5 and 2.0 -> None (None)
handling factor,rohcha_massdep_baseline,affine,5.1,crew_veh_h,550,unchanged,between 1.5 and 2.0 -> None (None)
handling factor,rohcha_massdep_baseline,affine,5.1,crew_team_h,550,unchanged,between 1.5 and 2.0 -> None (None)
handling factor,rohcha_massdep_baseline,affine,5.1,shift_ot_h,550,unchanged,between 1.5 and 2.0 -> None (None)
handling factor,rohcha_massdep_baseline,affine,6.364,shift_h,550,unchanged,between 1.5 and 2.0 -> None (None)
handling factor,rohcha_massdep_baseline,affine,6.364,crew_veh_h,550,unchanged,between 1.5 and 2.0 -> None (None)
handling factor,rohcha_massdep_baseline,affine,6.364,crew_team_h,550,unchanged,between 1.5 and 2.0 -> None (None)
handling factor,rohcha_massdep_baseline,affine,6.364,shift_ot_h,550,unchanged,between 1.5 and 2.0 -> None (None)
handling factor,rohcha_massdep_baseline,affine,7.943,shift_h,550,unchanged,between 1.5 and 2.0 -> None (None)
handling factor,rohcha_massdep_baseline,affine,7.943,crew_veh_h,550,unchanged,between 1.5 and 2.0 -> None (None)
handling factor,rohcha_massdep_baseline,affine,7.943,crew_team_h,550,unchanged,between 1.5 and 2.0 -> None (None)
handling factor,rohcha_massdep_baseline,affine,7.943,shift_ot_h,550,unchanged,between 1.5 and 2.0 -> None (None)
handling factor,rohcha_massdep_baseline,affine,9.912,shift_h,550,unchanged,between 1.5 and 2.0 -> None (None)
handling factor,rohcha_massdep_baseline,affine,9.912,crew_veh_h,550,unchanged,between 1.5 and 2.0 -> None (None)
handling factor,rohcha_massdep_baseline,affine,9.912,crew_team_h,550,unchanged,between 1.5 and 2.0 -> None (None)
handling factor,rohcha_massdep_baseline,affine,9.912,shift_ot_h,550,unchanged,between 1.5 and 2.0 -> None (None)
handling factor,rohcha_massdep_baseline,affine,12.369,shift_h,550,unchanged,between 1.5 and 2.0 -> None (None)
handling factor,rohcha_massdep_baseline,affine,12.369,crew_veh_h,550,unchanged,between 1.5 and 2.0 -> None (None)
handling factor,rohcha_massdep_baseline,affine,12.369,crew_team_h,550,unchanged,between 1.5 and 2.0 -> None (None)
handling factor,rohcha_massdep_baseline,affine,12.369,shift_ot_h,550,unchanged,between 1.5 and 2.0 -> None (None)
handling factor,rohcha_massdep_baseline,affine,15.436,shift_h,550,unchanged,between 1.5 and 2.0 -> None (None)
handling factor,rohcha_massdep_baseline,affine,15.436,crew_veh_h,550,unchanged,between 1.5 and 2.0 -> None (None)
handling factor,rohcha_massdep_baseline,affine,15.436,crew_team_h,550,unchanged,between 1.5 and 2.0 -> None (None)
handling factor,rohcha_massdep_baseline,affine,15.436,shift_ot_h,550,unchanged,between 1.5 and 2.0 -> None (None)
handling factor,rohcha_massdep_baseline,affine,19.263,shift_h,550,unchanged,between 1.5 and 2.0 -> None (None)
handling factor,rohcha_massdep_baseline,affine,19.263,crew_veh_h,550,unchanged,between 1.5 and 2.0 -> None (None)
handling factor,rohcha_massdep_baseline,affine,19.263,crew_team_h,550,unchanged,between 1.5 and 2.0 -> None (None)
handling factor,rohcha_massdep_baseline,affine,19.263,shift_ot_h,550,unchanged,between 1.5 and 2.0 -> None (None)
handling factor,rohcha_massdep_baseline,affine,24.04,shift_h,550,unchanged,between 1.5 and 2.0 -> None (None)
handling factor,rohcha_massdep_baseline,affine,24.04,crew_veh_h,550,unchanged,between 1.5 and 2.0 -> None (None)
handling factor,rohcha_massdep_baseline,affine,24.04,crew_team_h,550,unchanged,between 1.5 and 2.0 -> None (None)
handling factor,rohcha_massdep_baseline,affine,24.04,shift_ot_h,550,unchanged,between 1.5 and 2.0 -> None (None)
handling factor,rohcha_massdep_baseline,affine,30.0,shift_h,550,unchanged,between 1.5 and 2.0 -> None (None)
handling factor,rohcha_massdep_baseline,affine,30.0,crew_veh_h,550,unchanged,between 1.5 and 2.0 -> None (None)
handling factor,rohcha_massdep_baseline,affine,30.0,crew_team_h,550,unchanged,between 1.5 and 2.0 -> None (None)
handling factor,rohcha_massdep_baseline,affine,30.0,shift_ot_h,550,unchanged,between 1.5 and 2.0 -> None (None)
handling factor,jiang_short_baseline,piecewise,5.1,shift_h,MX2,between 0.67 and 0.5 -> 380 (search-dependent),unchanged
handling factor,jiang_short_baseline,piecewise,5.1,crew_veh_h,MX2,unchanged,unchanged
handling factor,jiang_short_baseline,piecewise,5.1,crew_team_h,MX2,unchanged,unchanged
handling factor,jiang_short_baseline,piecewise,5.1,shift_ot_h,MX2,unchanged,between 1 and 1.5 -> 380 (search-dependent)
handling factor,jiang_short_baseline,piecewise,6.364,shift_h,MX2,between 0.67 and 0.5 -> 380 (search-dependent),unchanged
handling factor,jiang_short_baseline,piecewise,6.364,crew_veh_h,MX2,unchanged,unchanged
handling factor,jiang_short_baseline,piecewise,6.364,crew_team_h,MX2,unchanged,unchanged
handling factor,jiang_short_baseline,piecewise,6.364,shift_ot_h,MX2,unchanged,between 1 and 1.5 -> 380 (search-dependent)
handling factor,jiang_short_baseline,piecewise,7.943,shift_h,MX2,between 0.67 and 0.5 -> 380 (search-dependent),unchanged
handling factor,jiang_short_baseline,piecewise,7.943,crew_veh_h,MX2,unchanged,unchanged
handling factor,jiang_short_baseline,piecewise,7.943,crew_team_h,MX2,unchanged,unchanged
handling factor,jiang_short_baseline,piecewise,7.943,shift_ot_h,MX2,unchanged,between 1 and 1.5 -> 380 (search-dependent)
handling factor,jiang_short_baseline,piecewise,9.912,shift_h,MX2,between 0.67 and 0.5 -> 380 (search-dependent),unchanged
handling factor,jiang_short_baseline,piecewise,9.912,crew_veh_h,MX2,unchanged,unchanged
handling factor,jiang_short_baseline,piecewise,9.912,crew_team_h,MX2,unchanged,unchanged
handling factor,jiang_short_baseline,piecewise,9.912,shift_ot_h,MX2,unchanged,unchanged
handling factor,jiang_short_baseline,piecewise,12.369,shift_h,MX2,between 0.67 and 0.5 -> 380 (search-dependent),unchanged
handling factor,jiang_short_baseline,piecewise,12.369,crew_veh_h,MX2,unchanged,unchanged
handling factor,jiang_short_baseline,piecewise,12.369,crew_team_h,MX2,unchanged,unchanged
handling factor,jiang_short_baseline,piecewise,12.369,shift_ot_h,MX2,unchanged,unchanged
handling factor,jiang_short_baseline,piecewise,15.436,shift_h,MX2,between 0.67 and 0.5 -> 380 (search-dependent),unchanged
handling factor,jiang_short_baseline,piecewise,15.436,crew_veh_h,MX2,unchanged,unchanged
handling factor,jiang_short_baseline,piecewise,15.436,crew_team_h,MX2,unchanged,unchanged
handling factor,jiang_short_baseline,piecewise,15.436,shift_ot_h,MX2,unchanged,unchanged
handling factor,jiang_short_baseline,piecewise,19.263,shift_h,MX2,between 0.67 and 0.5 -> 380 (search-dependent),unchanged
handling factor,jiang_short_baseline,piecewise,19.263,crew_veh_h,MX2,unchanged,unchanged
handling factor,jiang_short_baseline,piecewise,19.263,crew_team_h,MX2,unchanged,unchanged
handling factor,jiang_short_baseline,piecewise,19.263,shift_ot_h,MX2,unchanged,unchanged
handling factor,jiang_short_baseline,piecewise,24.04,shift_h,MX2,between 0.67 and 0.5 -> 380 (search-dependent),unchanged
handling factor,jiang_short_baseline,piecewise,24.04,crew_veh_h,MX2,unchanged,unchanged
handling factor,jiang_short_baseline,piecewise,24.04,crew_team_h,MX2,unchanged,unchanged
handling factor,jiang_short_baseline,piecewise,24.04,shift_ot_h,MX2,between 0.67 and 0.5 -> 380 (search-dependent),unchanged
handling factor,jiang_short_baseline,piecewise,30.0,shift_h,MX2,between 0.67 and 0.5 -> 380 (search-dependent),unchanged
handling factor,jiang_short_baseline,piecewise,30.0,crew_veh_h,MX2,unchanged,unchanged
handling factor,jiang_short_baseline,piecewise,30.0,crew_team_h,MX2,unchanged,unchanged
handling factor,jiang_short_baseline,piecewise,30.0,shift_ot_h,MX2,between 0.67 and 0.5 -> 380 (search-dependent),unchanged
handling factor,jiang_massdep_baseline,piecewise,5.1,shift_h,550,between 0.67 and 0.5 -> MX2 (search-dependent),unchanged
handling factor,jiang_massdep_baseline,piecewise,5.1,crew_veh_h,550,between 1 and 0.67 -> MX2 (search-dependent),unchanged
handling factor,jiang_massdep_baseline,piecewise,5.1,crew_team_h,380,between 1 and 0.67 -> MX2 (search-dependent),unchanged
handling factor,jiang_massdep_baseline,piecewise,5.1,shift_ot_h,550,between 0.67 and 0.5 -> MX2 (search-dependent),unchanged
handling factor,jiang_massdep_baseline,piecewise,6.364,shift_h,550,between 0.67 and 0.5 -> MX2 (search-dependent),unchanged
handling factor,jiang_massdep_baseline,piecewise,6.364,crew_veh_h,550,between 1 and 0.67 -> MX2 (search-dependent),unchanged
handling factor,jiang_massdep_baseline,piecewise,6.364,crew_team_h,MX2,unchanged,between 1 and 1.5 -> 380 (search-dependent)
handling factor,jiang_massdep_baseline,piecewise,6.364,shift_ot_h,550,between 0.67 and 0.5 -> MX2 (search-dependent),unchanged
handling factor,jiang_massdep_baseline,piecewise,7.943,shift_h,550,between 0.67 and 0.5 -> MX2 (search-dependent),unchanged
handling factor,jiang_massdep_baseline,piecewise,7.943,crew_veh_h,550,between 1 and 0.67 -> MX2 (search-dependent),unchanged
handling factor,jiang_massdep_baseline,piecewise,7.943,crew_team_h,MX2,unchanged,between 1 and 1.5 -> 380 (search-dependent)
handling factor,jiang_massdep_baseline,piecewise,7.943,shift_ot_h,550,between 0.67 and 0.5 -> MX2 (search-dependent),unchanged
handling factor,jiang_massdep_baseline,piecewise,9.912,shift_h,550,between 0.67 and 0.5 -> MX2 (search-dependent),unchanged
handling factor,jiang_massdep_baseline,piecewise,9.912,crew_veh_h,550,between 1 and 0.67 -> MX2 (search-dependent),unchanged
handling factor,jiang_massdep_baseline,piecewise,9.912,crew_team_h,MX2,unchanged,between 1 and 1.5 -> 300 (search-dependent)
handling factor,jiang_massdep_baseline,piecewise,9.912,shift_ot_h,550,between 0.67 and 0.5 -> MX2 (search-dependent),unchanged
handling factor,jiang_massdep_baseline,piecewise,12.369,shift_h,550,between 0.67 and 0.5 -> MX2 (search-dependent),unchanged
handling factor,jiang_massdep_baseline,piecewise,12.369,crew_veh_h,MX2,unchanged,between 1 and 1.5 -> 550 (search-dependent)
handling factor,jiang_massdep_baseline,piecewise,12.369,crew_team_h,MX2,unchanged,between 1 and 1.5 -> 300 (search-dependent)
handling factor,jiang_massdep_baseline,piecewise,12.369,shift_ot_h,550,between 0.67 and 0.5 -> MX2 (search-dependent),unchanged
handling factor,jiang_massdep_baseline,piecewise,15.436,shift_h,550,between 0.67 and 0.5 -> MX2 (search-dependent),unchanged
handling factor,jiang_massdep_baseline,piecewise,15.436,crew_veh_h,MX2,unchanged,between 1 and 1.5 -> 550 (search-dependent)
handling factor,jiang_massdep_baseline,piecewise,15.436,crew_team_h,MX2,unchanged,between 1 and 1.5 -> 300 (search-dependent)
handling factor,jiang_massdep_baseline,piecewise,15.436,shift_ot_h,550,between 0.67 and 0.5 -> MX2 (search-dependent),unchanged
handling factor,jiang_massdep_baseline,piecewise,19.263,shift_h,MX2,between 1 and 0.67 -> 550 (search-dependent),between 1 and 1.5 -> 550 (search-dependent)
handling factor,jiang_massdep_baseline,piecewise,19.263,crew_veh_h,MX2,unchanged,between 1 and 1.5 -> 380 (search-dependent)
handling factor,jiang_massdep_baseline,piecewise,19.263,crew_team_h,MX2,unchanged,between 1 and 1.5 -> 300 (search-dependent)
handling factor,jiang_massdep_baseline,piecewise,19.263,shift_ot_h,550,between 0.67 and 0.5 -> MX2 (search-dependent),unchanged
handling factor,jiang_massdep_baseline,piecewise,24.04,shift_h,MX2,between 1 and 0.67 -> 550 (search-dependent),between 1 and 1.5 -> 380 (search-dependent)
handling factor,jiang_massdep_baseline,piecewise,24.04,crew_veh_h,MX2,unchanged,between 1 and 1.5 -> 380 (search-dependent)
handling factor,jiang_massdep_baseline,piecewise,24.04,crew_team_h,MX2,unchanged,between 1 and 1.5 -> 300 (search-dependent)
handling factor,jiang_massdep_baseline,piecewise,24.04,shift_ot_h,MX2,between 1 and 0.67 -> 550 (search-dependent),between 1 and 1.5 -> 380 (search-dependent)
handling factor,jiang_massdep_baseline,piecewise,30.0,shift_h,MX2,between 1 and 0.67 -> 550 (search-dependent),between 1 and 1.5 -> 380 (search-dependent)
handling factor,jiang_massdep_baseline,piecewise,30.0,crew_veh_h,MX2,unchanged,between 1 and 1.5 -> 380 (search-dependent)
handling factor,jiang_massdep_baseline,piecewise,30.0,crew_team_h,MX2,unchanged,between 1 and 1.5 -> 300 (search-dependent)
handling factor,jiang_massdep_baseline,piecewise,30.0,shift_ot_h,MX2,between 1 and 0.67 -> 550 (search-dependent),between 1 and 1.5 -> 380 (search-dependent)
handling factor,rohcha_short_baseline,piecewise,5.1,shift_h,550,unchanged,unchanged
handling factor,rohcha_short_baseline,piecewise,5.1,crew_veh_h,550,unchanged,unchanged
handling factor,rohcha_short_baseline,piecewise,5.1,crew_team_h,550,unchanged,unchanged
handling factor,rohcha_short_baseline,piecewise,5.1,shift_ot_h,550,unchanged,unchanged
handling factor,rohcha_short_baseline,piecewise,6.364,shift_h,550,unchanged,unchanged
handling factor,rohcha_short_baseline,piecewise,6.364,crew_veh_h,550,unchanged,unchanged
handling factor,rohcha_short_baseline,piecewise,6.364,crew_team_h,550,unchanged,unchanged
handling factor,rohcha_short_baseline,piecewise,6.364,shift_ot_h,550,unchanged,unchanged
handling factor,rohcha_short_baseline,piecewise,7.943,shift_h,550,unchanged,unchanged
handling factor,rohcha_short_baseline,piecewise,7.943,crew_veh_h,550,unchanged,unchanged
handling factor,rohcha_short_baseline,piecewise,7.943,crew_team_h,550,unchanged,unchanged
handling factor,rohcha_short_baseline,piecewise,7.943,shift_ot_h,550,unchanged,unchanged
handling factor,rohcha_short_baseline,piecewise,9.912,shift_h,550,unchanged,unchanged
handling factor,rohcha_short_baseline,piecewise,9.912,crew_veh_h,550,unchanged,unchanged
handling factor,rohcha_short_baseline,piecewise,9.912,crew_team_h,550,unchanged,unchanged
handling factor,rohcha_short_baseline,piecewise,9.912,shift_ot_h,550,unchanged,unchanged
handling factor,rohcha_short_baseline,piecewise,12.369,shift_h,550,unchanged,unchanged
handling factor,rohcha_short_baseline,piecewise,12.369,crew_veh_h,550,unchanged,unchanged
handling factor,rohcha_short_baseline,piecewise,12.369,crew_team_h,550,unchanged,unchanged
handling factor,rohcha_short_baseline,piecewise,12.369,shift_ot_h,550,unchanged,unchanged
handling factor,rohcha_short_baseline,piecewise,15.436,shift_h,550,unchanged,unchanged
handling factor,rohcha_short_baseline,piecewise,15.436,crew_veh_h,550,unchanged,unchanged
handling factor,rohcha_short_baseline,piecewise,15.436,crew_team_h,550,unchanged,unchanged
handling factor,rohcha_short_baseline,piecewise,15.436,shift_ot_h,550,unchanged,unchanged
handling factor,rohcha_short_baseline,piecewise,19.263,shift_h,550,unchanged,unchanged
handling factor,rohcha_short_baseline,piecewise,19.263,crew_veh_h,550,unchanged,unchanged
handling factor,rohcha_short_baseline,piecewise,19.263,crew_team_h,550,unchanged,unchanged
handling factor,rohcha_short_baseline,piecewise,19.263,shift_ot_h,550,unchanged,unchanged
handling factor,rohcha_short_baseline,piecewise,24.04,shift_h,550,unchanged,unchanged
handling factor,rohcha_short_baseline,piecewise,24.04,crew_veh_h,550,unchanged,unchanged
handling factor,rohcha_short_baseline,piecewise,24.04,crew_team_h,550,unchanged,unchanged
handling factor,rohcha_short_baseline,piecewise,24.04,shift_ot_h,550,unchanged,unchanged
handling factor,rohcha_short_baseline,piecewise,30.0,shift_h,550,unchanged,unchanged
handling factor,rohcha_short_baseline,piecewise,30.0,crew_veh_h,550,unchanged,unchanged
handling factor,rohcha_short_baseline,piecewise,30.0,crew_team_h,550,unchanged,unchanged
handling factor,rohcha_short_baseline,piecewise,30.0,shift_ot_h,550,unchanged,unchanged
handling factor,rohcha_massdep_baseline,piecewise,5.1,shift_h,550,unchanged,between 1.5 and 2.0 -> None (None)
handling factor,rohcha_massdep_baseline,piecewise,5.1,crew_veh_h,550,unchanged,between 1.5 and 2.0 -> None (None)
handling factor,rohcha_massdep_baseline,piecewise,5.1,crew_team_h,550,unchanged,between 1.5 and 2.0 -> None (None)
handling factor,rohcha_massdep_baseline,piecewise,5.1,shift_ot_h,550,unchanged,between 1.5 and 2.0 -> None (None)
handling factor,rohcha_massdep_baseline,piecewise,6.364,shift_h,550,unchanged,between 1.5 and 2.0 -> None (None)
handling factor,rohcha_massdep_baseline,piecewise,6.364,crew_veh_h,550,unchanged,between 1.5 and 2.0 -> None (None)
handling factor,rohcha_massdep_baseline,piecewise,6.364,crew_team_h,550,unchanged,between 1.5 and 2.0 -> None (None)
handling factor,rohcha_massdep_baseline,piecewise,6.364,shift_ot_h,550,unchanged,between 1.5 and 2.0 -> None (None)
handling factor,rohcha_massdep_baseline,piecewise,7.943,shift_h,550,unchanged,between 1.5 and 2.0 -> None (None)
handling factor,rohcha_massdep_baseline,piecewise,7.943,crew_veh_h,550,unchanged,between 1.5 and 2.0 -> None (None)
handling factor,rohcha_massdep_baseline,piecewise,7.943,crew_team_h,550,unchanged,between 1.5 and 2.0 -> None (None)
handling factor,rohcha_massdep_baseline,piecewise,7.943,shift_ot_h,550,unchanged,between 1.5 and 2.0 -> None (None)
handling factor,rohcha_massdep_baseline,piecewise,9.912,shift_h,550,unchanged,between 1.5 and 2.0 -> None (None)
handling factor,rohcha_massdep_baseline,piecewise,9.912,crew_veh_h,550,unchanged,between 1.5 and 2.0 -> None (None)
handling factor,rohcha_massdep_baseline,piecewise,9.912,crew_team_h,550,unchanged,between 1.5 and 2.0 -> None (None)
handling factor,rohcha_massdep_baseline,piecewise,9.912,shift_ot_h,550,unchanged,between 1.5 and 2.0 -> None (None)
handling factor,rohcha_massdep_baseline,piecewise,12.369,shift_h,550,unchanged,between 1.5 and 2.0 -> None (None)
handling factor,rohcha_massdep_baseline,piecewise,12.369,crew_veh_h,550,unchanged,between 1.5 and 2.0 -> None (None)
handling factor,rohcha_massdep_baseline,piecewise,12.369,crew_team_h,550,unchanged,between 1.5 and 2.0 -> None (None)
handling factor,rohcha_massdep_baseline,piecewise,12.369,shift_ot_h,550,unchanged,between 1.5 and 2.0 -> None (None)
handling factor,rohcha_massdep_baseline,piecewise,15.436,shift_h,550,unchanged,between 1.5 and 2.0 -> None (None)
handling factor,rohcha_massdep_baseline,piecewise,15.436,crew_veh_h,550,unchanged,between 1.5 and 2.0 -> None (None)
handling factor,rohcha_massdep_baseline,piecewise,15.436,crew_team_h,550,unchanged,between 1.5 and 2.0 -> None (None)
handling factor,rohcha_massdep_baseline,piecewise,15.436,shift_ot_h,550,unchanged,between 1.5 and 2.0 -> None (None)
handling factor,rohcha_massdep_baseline,piecewise,19.263,shift_h,550,unchanged,between 1.5 and 2.0 -> None (None)
handling factor,rohcha_massdep_baseline,piecewise,19.263,crew_veh_h,550,unchanged,between 1.5 and 2.0 -> None (None)
handling factor,rohcha_massdep_baseline,piecewise,19.263,crew_team_h,550,unchanged,between 1.5 and 2.0 -> None (None)
handling factor,rohcha_massdep_baseline,piecewise,19.263,shift_ot_h,550,unchanged,between 1.5 and 2.0 -> None (None)
handling factor,rohcha_massdep_baseline,piecewise,24.04,shift_h,550,unchanged,between 1.5 and 2.0 -> None (None)
handling factor,rohcha_massdep_baseline,piecewise,24.04,crew_veh_h,550,unchanged,between 1.5 and 2.0 -> None (None)
handling factor,rohcha_massdep_baseline,piecewise,24.04,crew_team_h,550,unchanged,between 1.5 and 2.0 -> None (None)
handling factor,rohcha_massdep_baseline,piecewise,24.04,shift_ot_h,550,unchanged,between 1.5 and 2.0 -> None (None)
handling factor,rohcha_massdep_baseline,piecewise,30.0,shift_h,550,unchanged,between 1.5 and 2.0 -> None (None)
handling factor,rohcha_massdep_baseline,piecewise,30.0,crew_veh_h,550,unchanged,between 1.5 and 2.0 -> None (None)
handling factor,rohcha_massdep_baseline,piecewise,30.0,crew_team_h,550,unchanged,between 1.5 and 2.0 -> None (None)
handling factor,rohcha_massdep_baseline,piecewise,30.0,shift_ot_h,550,unchanged,between 1.5 and 2.0 -> None (None)
handling factor,jiang_short_baseline,power_0.72,5.1,shift_h,MX2,between 0.67 and 0.5 -> 380 (search-dependent),unchanged
handling factor,jiang_short_baseline,power_0.72,5.1,crew_veh_h,MX2,unchanged,between 1.5 and 2.0 -> 550 (search-dependent)
handling factor,jiang_short_baseline,power_0.72,5.1,crew_team_h,MX2,unchanged,unchanged
handling factor,jiang_short_baseline,power_0.72,5.1,shift_ot_h,MX2,unchanged,between 1 and 1.5 -> 380 (search-dependent)
handling factor,jiang_short_baseline,power_0.72,6.364,shift_h,MX2,between 0.67 and 0.5 -> 380 (search-dependent),unchanged
handling factor,jiang_short_baseline,power_0.72,6.364,crew_veh_h,MX2,unchanged,unchanged
handling factor,jiang_short_baseline,power_0.72,6.364,crew_team_h,MX2,unchanged,unchanged
handling factor,jiang_short_baseline,power_0.72,6.364,shift_ot_h,MX2,unchanged,between 1 and 1.5 -> 380 (search-dependent)
handling factor,jiang_short_baseline,power_0.72,7.943,shift_h,MX2,between 0.67 and 0.5 -> 380 (search-dependent),unchanged
handling factor,jiang_short_baseline,power_0.72,7.943,crew_veh_h,MX2,unchanged,unchanged
handling factor,jiang_short_baseline,power_0.72,7.943,crew_team_h,MX2,unchanged,unchanged
handling factor,jiang_short_baseline,power_0.72,7.943,shift_ot_h,MX2,unchanged,between 1 and 1.5 -> 380 (search-dependent)
handling factor,jiang_short_baseline,power_0.72,9.912,shift_h,MX2,between 0.67 and 0.5 -> 380 (search-dependent),unchanged
handling factor,jiang_short_baseline,power_0.72,9.912,crew_veh_h,MX2,unchanged,unchanged
handling factor,jiang_short_baseline,power_0.72,9.912,crew_team_h,MX2,unchanged,unchanged
handling factor,jiang_short_baseline,power_0.72,9.912,shift_ot_h,MX2,unchanged,unchanged
handling factor,jiang_short_baseline,power_0.72,12.369,shift_h,MX2,between 0.67 and 0.5 -> 380 (search-dependent),unchanged
handling factor,jiang_short_baseline,power_0.72,12.369,crew_veh_h,MX2,unchanged,unchanged
handling factor,jiang_short_baseline,power_0.72,12.369,crew_team_h,MX2,unchanged,unchanged
handling factor,jiang_short_baseline,power_0.72,12.369,shift_ot_h,MX2,unchanged,unchanged
handling factor,jiang_short_baseline,power_0.72,15.436,shift_h,MX2,between 0.67 and 0.5 -> 380 (search-dependent),unchanged
handling factor,jiang_short_baseline,power_0.72,15.436,crew_veh_h,MX2,unchanged,unchanged
handling factor,jiang_short_baseline,power_0.72,15.436,crew_team_h,MX2,unchanged,unchanged
handling factor,jiang_short_baseline,power_0.72,15.436,shift_ot_h,MX2,unchanged,unchanged
handling factor,jiang_short_baseline,power_0.72,19.263,shift_h,MX2,between 0.67 and 0.5 -> 380 (search-dependent),unchanged
handling factor,jiang_short_baseline,power_0.72,19.263,crew_veh_h,MX2,unchanged,unchanged
handling factor,jiang_short_baseline,power_0.72,19.263,crew_team_h,MX2,unchanged,unchanged
handling factor,jiang_short_baseline,power_0.72,19.263,shift_ot_h,MX2,unchanged,unchanged
handling factor,jiang_short_baseline,power_0.72,24.04,shift_h,MX2,between 0.67 and 0.5 -> 380 (search-dependent),unchanged
handling factor,jiang_short_baseline,power_0.72,24.04,crew_veh_h,MX2,unchanged,unchanged
handling factor,jiang_short_baseline,power_0.72,24.04,crew_team_h,MX2,unchanged,unchanged
handling factor,jiang_short_baseline,power_0.72,24.04,shift_ot_h,MX2,unchanged,unchanged
handling factor,jiang_short_baseline,power_0.72,30.0,shift_h,MX2,between 0.67 and 0.5 -> 380 (search-dependent),unchanged
handling factor,jiang_short_baseline,power_0.72,30.0,crew_veh_h,MX2,unchanged,unchanged
handling factor,jiang_short_baseline,power_0.72,30.0,crew_team_h,MX2,unchanged,unchanged
handling factor,jiang_short_baseline,power_0.72,30.0,shift_ot_h,MX2,unchanged,unchanged
handling factor,jiang_massdep_baseline,power_0.72,5.1,shift_h,550,between 0.67 and 0.5 -> MX2 (search-dependent),unchanged
handling factor,jiang_massdep_baseline,power_0.72,5.1,crew_veh_h,550,between 1 and 0.67 -> MX2 (search-dependent),unchanged
handling factor,jiang_massdep_baseline,power_0.72,5.1,crew_team_h,550,between 1 and 0.67 -> MX2 (search-dependent),between 1 and 1.5 -> 380 (search-dependent)
handling factor,jiang_massdep_baseline,power_0.72,5.1,shift_ot_h,550,between 0.67 and 0.5 -> MX2 (search-dependent),unchanged
handling factor,jiang_massdep_baseline,power_0.72,6.364,shift_h,550,between 0.67 and 0.5 -> MX2 (search-dependent),unchanged
handling factor,jiang_massdep_baseline,power_0.72,6.364,crew_veh_h,550,between 1 and 0.67 -> MX2 (search-dependent),unchanged
handling factor,jiang_massdep_baseline,power_0.72,6.364,crew_team_h,MX2,unchanged,between 1 and 1.5 -> 380 (search-dependent)
handling factor,jiang_massdep_baseline,power_0.72,6.364,shift_ot_h,550,between 0.67 and 0.5 -> MX2 (search-dependent),unchanged
handling factor,jiang_massdep_baseline,power_0.72,7.943,shift_h,550,between 0.67 and 0.5 -> MX2 (search-dependent),unchanged
handling factor,jiang_massdep_baseline,power_0.72,7.943,crew_veh_h,550,between 1 and 0.67 -> MX2 (search-dependent),unchanged
handling factor,jiang_massdep_baseline,power_0.72,7.943,crew_team_h,MX2,unchanged,between 1 and 1.5 -> 380 (search-dependent)
handling factor,jiang_massdep_baseline,power_0.72,7.943,shift_ot_h,550,between 0.67 and 0.5 -> MX2 (search-dependent),unchanged
handling factor,jiang_massdep_baseline,power_0.72,9.912,shift_h,550,between 0.67 and 0.5 -> MX2 (search-dependent),unchanged
handling factor,jiang_massdep_baseline,power_0.72,9.912,crew_veh_h,550,between 1 and 0.67 -> MX2 (search-dependent),unchanged
handling factor,jiang_massdep_baseline,power_0.72,9.912,crew_team_h,MX2,unchanged,between 1 and 1.5 -> 380 (search-dependent)
handling factor,jiang_massdep_baseline,power_0.72,9.912,shift_ot_h,550,between 0.67 and 0.5 -> MX2 (search-dependent),unchanged
handling factor,jiang_massdep_baseline,power_0.72,12.369,shift_h,550,between 0.67 and 0.5 -> MX2 (search-dependent),unchanged
handling factor,jiang_massdep_baseline,power_0.72,12.369,crew_veh_h,550,between 1 and 0.67 -> MX2 (search-dependent),unchanged
handling factor,jiang_massdep_baseline,power_0.72,12.369,crew_team_h,MX2,unchanged,between 1 and 1.5 -> 300 (search-dependent)
handling factor,jiang_massdep_baseline,power_0.72,12.369,shift_ot_h,550,between 0.67 and 0.5 -> MX2 (search-dependent),unchanged
handling factor,jiang_massdep_baseline,power_0.72,15.436,shift_h,550,between 0.67 and 0.5 -> MX2 (search-dependent),unchanged
handling factor,jiang_massdep_baseline,power_0.72,15.436,crew_veh_h,MX2,unchanged,between 1 and 1.5 -> 550 (search-dependent)
handling factor,jiang_massdep_baseline,power_0.72,15.436,crew_team_h,MX2,unchanged,between 1 and 1.5 -> 300 (search-dependent)
handling factor,jiang_massdep_baseline,power_0.72,15.436,shift_ot_h,550,between 0.67 and 0.5 -> MX2 (search-dependent),unchanged
handling factor,jiang_massdep_baseline,power_0.72,19.263,shift_h,550,between 0.67 and 0.5 -> MX2 (search-dependent),unchanged
handling factor,jiang_massdep_baseline,power_0.72,19.263,crew_veh_h,MX2,unchanged,between 1 and 1.5 -> 550 (search-dependent)
handling factor,jiang_massdep_baseline,power_0.72,19.263,crew_team_h,MX2,unchanged,between 1 and 1.5 -> 300 (search-dependent)
handling factor,jiang_massdep_baseline,power_0.72,19.263,shift_ot_h,550,between 0.67 and 0.5 -> MX2 (search-dependent),unchanged
handling factor,jiang_massdep_baseline,power_0.72,24.04,shift_h,550,between 0.67 and 0.5 -> MX2 (search-dependent),unchanged
handling factor,jiang_massdep_baseline,power_0.72,24.04,crew_veh_h,MX2,unchanged,between 1 and 1.5 -> 380 (search-dependent)
handling factor,jiang_massdep_baseline,power_0.72,24.04,crew_team_h,MX2,unchanged,between 1 and 1.5 -> 300 (search-dependent)
handling factor,jiang_massdep_baseline,power_0.72,24.04,shift_ot_h,550,between 0.67 and 0.5 -> MX2 (search-dependent),unchanged
handling factor,jiang_massdep_baseline,power_0.72,30.0,shift_h,MX2,between 1 and 0.67 -> 550 (search-dependent),between 1 and 1.5 -> 380 (search-dependent)
handling factor,jiang_massdep_baseline,power_0.72,30.0,crew_veh_h,MX2,unchanged,between 1 and 1.5 -> 380 (search-dependent)
handling factor,jiang_massdep_baseline,power_0.72,30.0,crew_team_h,MX2,unchanged,between 1 and 1.5 -> 300 (search-dependent)
handling factor,jiang_massdep_baseline,power_0.72,30.0,shift_ot_h,550,between 0.67 and 0.5 -> MX2 (search-dependent),unchanged
handling factor,rohcha_short_baseline,power_0.72,5.1,shift_h,550,unchanged,unchanged
handling factor,rohcha_short_baseline,power_0.72,5.1,crew_veh_h,550,unchanged,unchanged
handling factor,rohcha_short_baseline,power_0.72,5.1,crew_team_h,550,unchanged,unchanged
handling factor,rohcha_short_baseline,power_0.72,5.1,shift_ot_h,550,unchanged,unchanged
handling factor,rohcha_short_baseline,power_0.72,6.364,shift_h,550,unchanged,unchanged
handling factor,rohcha_short_baseline,power_0.72,6.364,crew_veh_h,550,unchanged,unchanged
handling factor,rohcha_short_baseline,power_0.72,6.364,crew_team_h,550,unchanged,unchanged
handling factor,rohcha_short_baseline,power_0.72,6.364,shift_ot_h,550,unchanged,unchanged
handling factor,rohcha_short_baseline,power_0.72,7.943,shift_h,550,unchanged,unchanged
handling factor,rohcha_short_baseline,power_0.72,7.943,crew_veh_h,550,unchanged,unchanged
handling factor,rohcha_short_baseline,power_0.72,7.943,crew_team_h,550,unchanged,unchanged
handling factor,rohcha_short_baseline,power_0.72,7.943,shift_ot_h,550,unchanged,unchanged
handling factor,rohcha_short_baseline,power_0.72,9.912,shift_h,550,unchanged,unchanged
handling factor,rohcha_short_baseline,power_0.72,9.912,crew_veh_h,550,unchanged,unchanged
handling factor,rohcha_short_baseline,power_0.72,9.912,crew_team_h,550,unchanged,unchanged
handling factor,rohcha_short_baseline,power_0.72,9.912,shift_ot_h,550,unchanged,unchanged
handling factor,rohcha_short_baseline,power_0.72,12.369,shift_h,550,unchanged,unchanged
handling factor,rohcha_short_baseline,power_0.72,12.369,crew_veh_h,550,unchanged,unchanged
handling factor,rohcha_short_baseline,power_0.72,12.369,crew_team_h,550,unchanged,unchanged
handling factor,rohcha_short_baseline,power_0.72,12.369,shift_ot_h,550,unchanged,unchanged
handling factor,rohcha_short_baseline,power_0.72,15.436,shift_h,550,unchanged,unchanged
handling factor,rohcha_short_baseline,power_0.72,15.436,crew_veh_h,550,unchanged,unchanged
handling factor,rohcha_short_baseline,power_0.72,15.436,crew_team_h,550,unchanged,unchanged
handling factor,rohcha_short_baseline,power_0.72,15.436,shift_ot_h,550,unchanged,unchanged
handling factor,rohcha_short_baseline,power_0.72,19.263,shift_h,550,unchanged,unchanged
handling factor,rohcha_short_baseline,power_0.72,19.263,crew_veh_h,550,unchanged,unchanged
handling factor,rohcha_short_baseline,power_0.72,19.263,crew_team_h,550,unchanged,unchanged
handling factor,rohcha_short_baseline,power_0.72,19.263,shift_ot_h,550,unchanged,unchanged
handling factor,rohcha_short_baseline,power_0.72,24.04,shift_h,550,unchanged,unchanged
handling factor,rohcha_short_baseline,power_0.72,24.04,crew_veh_h,550,unchanged,unchanged
handling factor,rohcha_short_baseline,power_0.72,24.04,crew_team_h,550,unchanged,unchanged
handling factor,rohcha_short_baseline,power_0.72,24.04,shift_ot_h,550,unchanged,unchanged
handling factor,rohcha_short_baseline,power_0.72,30.0,shift_h,550,unchanged,unchanged
handling factor,rohcha_short_baseline,power_0.72,30.0,crew_veh_h,550,unchanged,unchanged
handling factor,rohcha_short_baseline,power_0.72,30.0,crew_team_h,550,unchanged,unchanged
handling factor,rohcha_short_baseline,power_0.72,30.0,shift_ot_h,550,unchanged,unchanged
handling factor,rohcha_massdep_baseline,power_0.72,5.1,shift_h,550,unchanged,between 1.5 and 2.0 -> None (None)
handling factor,rohcha_massdep_baseline,power_0.72,5.1,crew_veh_h,550,unchanged,between 1.5 and 2.0 -> None (None)
handling factor,rohcha_massdep_baseline,power_0.72,5.1,crew_team_h,550,unchanged,between 1.5 and 2.0 -> None (None)
handling factor,rohcha_massdep_baseline,power_0.72,5.1,shift_ot_h,550,unchanged,between 1.5 and 2.0 -> None (None)
handling factor,rohcha_massdep_baseline,power_0.72,6.364,shift_h,550,unchanged,between 1.5 and 2.0 -> None (None)
handling factor,rohcha_massdep_baseline,power_0.72,6.364,crew_veh_h,550,unchanged,between 1.5 and 2.0 -> None (None)
handling factor,rohcha_massdep_baseline,power_0.72,6.364,crew_team_h,550,unchanged,between 1.5 and 2.0 -> None (None)
handling factor,rohcha_massdep_baseline,power_0.72,6.364,shift_ot_h,550,unchanged,between 1.5 and 2.0 -> None (None)
handling factor,rohcha_massdep_baseline,power_0.72,7.943,shift_h,550,unchanged,between 1.5 and 2.0 -> None (None)
handling factor,rohcha_massdep_baseline,power_0.72,7.943,crew_veh_h,550,unchanged,between 1.5 and 2.0 -> None (None)
handling factor,rohcha_massdep_baseline,power_0.72,7.943,crew_team_h,550,unchanged,between 1.5 and 2.0 -> None (None)
handling factor,rohcha_massdep_baseline,power_0.72,7.943,shift_ot_h,550,unchanged,between 1.5 and 2.0 -> None (None)
handling factor,rohcha_massdep_baseline,power_0.72,9.912,shift_h,550,unchanged,between 1.5 and 2.0 -> None (None)
handling factor,rohcha_massdep_baseline,power_0.72,9.912,crew_veh_h,550,unchanged,between 1.5 and 2.0 -> None (None)
handling factor,rohcha_massdep_baseline,power_0.72,9.912,crew_team_h,550,unchanged,between 1.5 and 2.0 -> None (None)
handling factor,rohcha_massdep_baseline,power_0.72,9.912,shift_ot_h,550,unchanged,between 1.5 and 2.0 -> None (None)
handling factor,rohcha_massdep_baseline,power_0.72,12.369,shift_h,550,unchanged,between 1.5 and 2.0 -> None (None)
handling factor,rohcha_massdep_baseline,power_0.72,12.369,crew_veh_h,550,unchanged,between 1.5 and 2.0 -> None (None)
handling factor,rohcha_massdep_baseline,power_0.72,12.369,crew_team_h,550,unchanged,between 1.5 and 2.0 -> None (None)
handling factor,rohcha_massdep_baseline,power_0.72,12.369,shift_ot_h,550,unchanged,between 1.5 and 2.0 -> None (None)
handling factor,rohcha_massdep_baseline,power_0.72,15.436,shift_h,550,unchanged,between 1.5 and 2.0 -> None (None)
handling factor,rohcha_massdep_baseline,power_0.72,15.436,crew_veh_h,550,unchanged,between 1.5 and 2.0 -> None (None)
handling factor,rohcha_massdep_baseline,power_0.72,15.436,crew_team_h,550,unchanged,between 1.5 and 2.0 -> None (None)
handling factor,rohcha_massdep_baseline,power_0.72,15.436,shift_ot_h,550,unchanged,between 1.5 and 2.0 -> None (None)
handling factor,rohcha_massdep_baseline,power_0.72,19.263,shift_h,550,unchanged,between 1.5 and 2.0 -> None (None)
handling factor,rohcha_massdep_baseline,power_0.72,19.263,crew_veh_h,550,unchanged,between 1.5 and 2.0 -> None (None)
handling factor,rohcha_massdep_baseline,power_0.72,19.263,crew_team_h,550,unchanged,between 1.5 and 2.0 -> None (None)
handling factor,rohcha_massdep_baseline,power_0.72,19.263,shift_ot_h,550,unchanged,between 1.5 and 2.0 -> None (None)
handling factor,rohcha_massdep_baseline,power_0.72,24.04,shift_h,550,unchanged,between 1.5 and 2.0 -> None (None)
handling factor,rohcha_massdep_baseline,power_0.72,24.04,crew_veh_h,550,unchanged,between 1.5 and 2.0 -> None (None)
handling factor,rohcha_massdep_baseline,power_0.72,24.04,crew_team_h,550,unchanged,between 1.5 and 2.0 -> None (None)
handling factor,rohcha_massdep_baseline,power_0.72,24.04,shift_ot_h,550,unchanged,between 1.5 and 2.0 -> None (None)
handling factor,rohcha_massdep_baseline,power_0.72,30.0,shift_h,550,unchanged,between 1.5 and 2.0 -> None (None)
handling factor,rohcha_massdep_baseline,power_0.72,30.0,crew_veh_h,550,unchanged,between 1.5 and 2.0 -> None (None)
handling factor,rohcha_massdep_baseline,power_0.72,30.0,crew_team_h,550,unchanged,between 1.5 and 2.0 -> None (None)
handling factor,rohcha_massdep_baseline,power_0.72,30.0,shift_ot_h,550,unchanged,between 1.5 and 2.0 -> None (None)
handling factor,jiang_short_baseline,power_0.84,5.1,shift_h,MX2,between 0.67 and 0.5 -> 380 (search-dependent),unchanged
handling factor,jiang_short_baseline,power_0.84,5.1,crew_veh_h,MX2,unchanged,between 1.5 and 2.0 -> 550 (search-dependent)
handling factor,jiang_short_baseline,power_0.84,5.1,crew_team_h,MX2,unchanged,unchanged
handling factor,jiang_short_baseline,power_0.84,5.1,shift_ot_h,MX2,unchanged,between 1 and 1.5 -> 380 (search-dependent)
handling factor,jiang_short_baseline,power_0.84,6.364,shift_h,MX2,between 0.67 and 0.5 -> 380 (search-dependent),unchanged
handling factor,jiang_short_baseline,power_0.84,6.364,crew_veh_h,MX2,unchanged,unchanged
handling factor,jiang_short_baseline,power_0.84,6.364,crew_team_h,MX2,unchanged,unchanged
handling factor,jiang_short_baseline,power_0.84,6.364,shift_ot_h,MX2,unchanged,between 1 and 1.5 -> 380 (search-dependent)
handling factor,jiang_short_baseline,power_0.84,7.943,shift_h,MX2,between 0.67 and 0.5 -> 380 (search-dependent),unchanged
handling factor,jiang_short_baseline,power_0.84,7.943,crew_veh_h,MX2,unchanged,unchanged
handling factor,jiang_short_baseline,power_0.84,7.943,crew_team_h,MX2,unchanged,unchanged
handling factor,jiang_short_baseline,power_0.84,7.943,shift_ot_h,MX2,unchanged,between 1 and 1.5 -> 380 (search-dependent)
handling factor,jiang_short_baseline,power_0.84,9.912,shift_h,MX2,between 0.67 and 0.5 -> 380 (search-dependent),unchanged
handling factor,jiang_short_baseline,power_0.84,9.912,crew_veh_h,MX2,unchanged,unchanged
handling factor,jiang_short_baseline,power_0.84,9.912,crew_team_h,MX2,unchanged,unchanged
handling factor,jiang_short_baseline,power_0.84,9.912,shift_ot_h,MX2,unchanged,unchanged
handling factor,jiang_short_baseline,power_0.84,12.369,shift_h,MX2,between 0.67 and 0.5 -> 380 (search-dependent),unchanged
handling factor,jiang_short_baseline,power_0.84,12.369,crew_veh_h,MX2,unchanged,unchanged
handling factor,jiang_short_baseline,power_0.84,12.369,crew_team_h,MX2,unchanged,unchanged
handling factor,jiang_short_baseline,power_0.84,12.369,shift_ot_h,MX2,unchanged,unchanged
handling factor,jiang_short_baseline,power_0.84,15.436,shift_h,MX2,between 0.67 and 0.5 -> 380 (search-dependent),unchanged
handling factor,jiang_short_baseline,power_0.84,15.436,crew_veh_h,MX2,unchanged,unchanged
handling factor,jiang_short_baseline,power_0.84,15.436,crew_team_h,MX2,unchanged,unchanged
handling factor,jiang_short_baseline,power_0.84,15.436,shift_ot_h,MX2,unchanged,unchanged
handling factor,jiang_short_baseline,power_0.84,19.263,shift_h,MX2,between 0.67 and 0.5 -> 380 (search-dependent),unchanged
handling factor,jiang_short_baseline,power_0.84,19.263,crew_veh_h,MX2,unchanged,unchanged
handling factor,jiang_short_baseline,power_0.84,19.263,crew_team_h,MX2,unchanged,unchanged
handling factor,jiang_short_baseline,power_0.84,19.263,shift_ot_h,MX2,unchanged,unchanged
handling factor,jiang_short_baseline,power_0.84,24.04,shift_h,MX2,between 0.67 and 0.5 -> 380 (search-dependent),unchanged
handling factor,jiang_short_baseline,power_0.84,24.04,crew_veh_h,MX2,unchanged,unchanged
handling factor,jiang_short_baseline,power_0.84,24.04,crew_team_h,MX2,unchanged,unchanged
handling factor,jiang_short_baseline,power_0.84,24.04,shift_ot_h,MX2,unchanged,unchanged
handling factor,jiang_short_baseline,power_0.84,30.0,shift_h,MX2,between 0.67 and 0.5 -> 380 (search-dependent),unchanged
handling factor,jiang_short_baseline,power_0.84,30.0,crew_veh_h,MX2,unchanged,unchanged
handling factor,jiang_short_baseline,power_0.84,30.0,crew_team_h,MX2,unchanged,unchanged
handling factor,jiang_short_baseline,power_0.84,30.0,shift_ot_h,MX2,unchanged,unchanged
handling factor,jiang_massdep_baseline,power_0.84,5.1,shift_h,550,between 0.67 and 0.5 -> MX2 (search-dependent),unchanged
handling factor,jiang_massdep_baseline,power_0.84,5.1,crew_veh_h,550,between 1 and 0.67 -> MX2 (search-dependent),unchanged
handling factor,jiang_massdep_baseline,power_0.84,5.1,crew_team_h,380,between 1 and 0.67 -> MX2 (search-dependent),unchanged
handling factor,jiang_massdep_baseline,power_0.84,5.1,shift_ot_h,550,between 0.67 and 0.5 -> MX2 (search-dependent),unchanged
handling factor,jiang_massdep_baseline,power_0.84,6.364,shift_h,550,between 0.67 and 0.5 -> MX2 (search-dependent),unchanged
handling factor,jiang_massdep_baseline,power_0.84,6.364,crew_veh_h,550,between 1 and 0.67 -> MX2 (search-dependent),unchanged
handling factor,jiang_massdep_baseline,power_0.84,6.364,crew_team_h,MX2,unchanged,between 1 and 1.5 -> 380 (search-dependent)
handling factor,jiang_massdep_baseline,power_0.84,6.364,shift_ot_h,550,between 0.67 and 0.5 -> MX2 (search-dependent),unchanged
handling factor,jiang_massdep_baseline,power_0.84,7.943,shift_h,550,between 0.67 and 0.5 -> MX2 (search-dependent),unchanged
handling factor,jiang_massdep_baseline,power_0.84,7.943,crew_veh_h,550,between 1 and 0.67 -> MX2 (search-dependent),unchanged
handling factor,jiang_massdep_baseline,power_0.84,7.943,crew_team_h,MX2,unchanged,between 1 and 1.5 -> 380 (search-dependent)
handling factor,jiang_massdep_baseline,power_0.84,7.943,shift_ot_h,550,between 0.67 and 0.5 -> MX2 (search-dependent),unchanged
handling factor,jiang_massdep_baseline,power_0.84,9.912,shift_h,550,between 0.67 and 0.5 -> MX2 (search-dependent),unchanged
handling factor,jiang_massdep_baseline,power_0.84,9.912,crew_veh_h,550,between 1 and 0.67 -> MX2 (search-dependent),unchanged
handling factor,jiang_massdep_baseline,power_0.84,9.912,crew_team_h,MX2,unchanged,between 1 and 1.5 -> 300 (search-dependent)
handling factor,jiang_massdep_baseline,power_0.84,9.912,shift_ot_h,550,between 0.67 and 0.5 -> MX2 (search-dependent),unchanged
handling factor,jiang_massdep_baseline,power_0.84,12.369,shift_h,550,between 0.67 and 0.5 -> MX2 (search-dependent),unchanged
handling factor,jiang_massdep_baseline,power_0.84,12.369,crew_veh_h,MX2,unchanged,between 1 and 1.5 -> 550 (search-dependent)
handling factor,jiang_massdep_baseline,power_0.84,12.369,crew_team_h,MX2,unchanged,between 1 and 1.5 -> 300 (search-dependent)
handling factor,jiang_massdep_baseline,power_0.84,12.369,shift_ot_h,550,between 0.67 and 0.5 -> MX2 (search-dependent),unchanged
handling factor,jiang_massdep_baseline,power_0.84,15.436,shift_h,550,between 0.67 and 0.5 -> MX2 (search-dependent),unchanged
handling factor,jiang_massdep_baseline,power_0.84,15.436,crew_veh_h,MX2,unchanged,between 1 and 1.5 -> 550 (search-dependent)
handling factor,jiang_massdep_baseline,power_0.84,15.436,crew_team_h,MX2,unchanged,between 1 and 1.5 -> 300 (search-dependent)
handling factor,jiang_massdep_baseline,power_0.84,15.436,shift_ot_h,550,between 0.67 and 0.5 -> MX2 (search-dependent),unchanged
handling factor,jiang_massdep_baseline,power_0.84,19.263,shift_h,MX2,between 1 and 0.67 -> 550 (search-dependent),between 1 and 1.5 -> 550 (search-dependent)
handling factor,jiang_massdep_baseline,power_0.84,19.263,crew_veh_h,MX2,unchanged,between 1 and 1.5 -> 380 (search-dependent)
handling factor,jiang_massdep_baseline,power_0.84,19.263,crew_team_h,MX2,unchanged,between 1 and 1.5 -> 300 (search-dependent)
handling factor,jiang_massdep_baseline,power_0.84,19.263,shift_ot_h,550,between 0.67 and 0.5 -> MX2 (search-dependent),unchanged
handling factor,jiang_massdep_baseline,power_0.84,24.04,shift_h,MX2,between 1 and 0.67 -> 550 (search-dependent),between 1 and 1.5 -> 380 (search-dependent)
handling factor,jiang_massdep_baseline,power_0.84,24.04,crew_veh_h,MX2,unchanged,between 1 and 1.5 -> 380 (search-dependent)
handling factor,jiang_massdep_baseline,power_0.84,24.04,crew_team_h,MX2,unchanged,between 1 and 1.5 -> 300 (search-dependent)
handling factor,jiang_massdep_baseline,power_0.84,24.04,shift_ot_h,MX2,between 1 and 0.67 -> 550 (search-dependent),between 1 and 1.5 -> 380 (search-dependent)
handling factor,jiang_massdep_baseline,power_0.84,30.0,shift_h,MX2,between 1 and 0.67 -> 550 (search-dependent),between 1 and 1.5 -> 380 (search-dependent)
handling factor,jiang_massdep_baseline,power_0.84,30.0,crew_veh_h,MX2,unchanged,between 1 and 1.5 -> 380 (search-dependent)
handling factor,jiang_massdep_baseline,power_0.84,30.0,crew_team_h,MX2,unchanged,between 1 and 1.5 -> 300 (search-dependent)
handling factor,jiang_massdep_baseline,power_0.84,30.0,shift_ot_h,MX2,between 1 and 0.67 -> 550 (search-dependent),between 1 and 1.5 -> 380 (search-dependent)
handling factor,rohcha_short_baseline,power_0.84,5.1,shift_h,550,unchanged,unchanged
handling factor,rohcha_short_baseline,power_0.84,5.1,crew_veh_h,550,unchanged,unchanged
handling factor,rohcha_short_baseline,power_0.84,5.1,crew_team_h,550,unchanged,unchanged
handling factor,rohcha_short_baseline,power_0.84,5.1,shift_ot_h,550,unchanged,unchanged
handling factor,rohcha_short_baseline,power_0.84,6.364,shift_h,550,unchanged,unchanged
handling factor,rohcha_short_baseline,power_0.84,6.364,crew_veh_h,550,unchanged,unchanged
handling factor,rohcha_short_baseline,power_0.84,6.364,crew_team_h,550,unchanged,unchanged
handling factor,rohcha_short_baseline,power_0.84,6.364,shift_ot_h,550,unchanged,unchanged
handling factor,rohcha_short_baseline,power_0.84,7.943,shift_h,550,unchanged,unchanged
handling factor,rohcha_short_baseline,power_0.84,7.943,crew_veh_h,550,unchanged,unchanged
handling factor,rohcha_short_baseline,power_0.84,7.943,crew_team_h,550,unchanged,unchanged
handling factor,rohcha_short_baseline,power_0.84,7.943,shift_ot_h,550,unchanged,unchanged
handling factor,rohcha_short_baseline,power_0.84,9.912,shift_h,550,unchanged,unchanged
handling factor,rohcha_short_baseline,power_0.84,9.912,crew_veh_h,550,unchanged,unchanged
handling factor,rohcha_short_baseline,power_0.84,9.912,crew_team_h,550,unchanged,unchanged
handling factor,rohcha_short_baseline,power_0.84,9.912,shift_ot_h,550,unchanged,unchanged
handling factor,rohcha_short_baseline,power_0.84,12.369,shift_h,550,unchanged,unchanged
handling factor,rohcha_short_baseline,power_0.84,12.369,crew_veh_h,550,unchanged,unchanged
handling factor,rohcha_short_baseline,power_0.84,12.369,crew_team_h,550,unchanged,unchanged
handling factor,rohcha_short_baseline,power_0.84,12.369,shift_ot_h,550,unchanged,unchanged
handling factor,rohcha_short_baseline,power_0.84,15.436,shift_h,550,unchanged,unchanged
handling factor,rohcha_short_baseline,power_0.84,15.436,crew_veh_h,550,unchanged,unchanged
handling factor,rohcha_short_baseline,power_0.84,15.436,crew_team_h,550,unchanged,unchanged
handling factor,rohcha_short_baseline,power_0.84,15.436,shift_ot_h,550,unchanged,unchanged
handling factor,rohcha_short_baseline,power_0.84,19.263,shift_h,550,unchanged,unchanged
handling factor,rohcha_short_baseline,power_0.84,19.263,crew_veh_h,550,unchanged,unchanged
handling factor,rohcha_short_baseline,power_0.84,19.263,crew_team_h,550,unchanged,unchanged
handling factor,rohcha_short_baseline,power_0.84,19.263,shift_ot_h,550,unchanged,unchanged
handling factor,rohcha_short_baseline,power_0.84,24.04,shift_h,550,unchanged,unchanged
handling factor,rohcha_short_baseline,power_0.84,24.04,crew_veh_h,550,unchanged,unchanged
handling factor,rohcha_short_baseline,power_0.84,24.04,crew_team_h,550,unchanged,unchanged
handling factor,rohcha_short_baseline,power_0.84,24.04,shift_ot_h,550,unchanged,unchanged
handling factor,rohcha_short_baseline,power_0.84,30.0,shift_h,550,unchanged,unchanged
handling factor,rohcha_short_baseline,power_0.84,30.0,crew_veh_h,550,unchanged,unchanged
handling factor,rohcha_short_baseline,power_0.84,30.0,crew_team_h,550,unchanged,unchanged
handling factor,rohcha_short_baseline,power_0.84,30.0,shift_ot_h,550,unchanged,unchanged
handling factor,rohcha_massdep_baseline,power_0.84,5.1,shift_h,550,unchanged,between 1.5 and 2.0 -> None (None)
handling factor,rohcha_massdep_baseline,power_0.84,5.1,crew_veh_h,550,unchanged,between 1.5 and 2.0 -> None (None)
handling factor,rohcha_massdep_baseline,power_0.84,5.1,crew_team_h,550,unchanged,between 1.5 and 2.0 -> None (None)
handling factor,rohcha_massdep_baseline,power_0.84,5.1,shift_ot_h,550,unchanged,between 1.5 and 2.0 -> None (None)
handling factor,rohcha_massdep_baseline,power_0.84,6.364,shift_h,550,unchanged,between 1.5 and 2.0 -> None (None)
handling factor,rohcha_massdep_baseline,power_0.84,6.364,crew_veh_h,550,unchanged,between 1.5 and 2.0 -> None (None)
handling factor,rohcha_massdep_baseline,power_0.84,6.364,crew_team_h,550,unchanged,between 1.5 and 2.0 -> None (None)
handling factor,rohcha_massdep_baseline,power_0.84,6.364,shift_ot_h,550,unchanged,between 1.5 and 2.0 -> None (None)
handling factor,rohcha_massdep_baseline,power_0.84,7.943,shift_h,550,unchanged,between 1.5 and 2.0 -> None (None)
handling factor,rohcha_massdep_baseline,power_0.84,7.943,crew_veh_h,550,unchanged,between 1.5 and 2.0 -> None (None)
handling factor,rohcha_massdep_baseline,power_0.84,7.943,crew_team_h,550,unchanged,between 1.5 and 2.0 -> None (None)
handling factor,rohcha_massdep_baseline,power_0.84,7.943,shift_ot_h,550,unchanged,between 1.5 and 2.0 -> None (None)
handling factor,rohcha_massdep_baseline,power_0.84,9.912,shift_h,550,unchanged,between 1.5 and 2.0 -> None (None)
handling factor,rohcha_massdep_baseline,power_0.84,9.912,crew_veh_h,550,unchanged,between 1.5 and 2.0 -> None (None)
handling factor,rohcha_massdep_baseline,power_0.84,9.912,crew_team_h,550,unchanged,between 1.5 and 2.0 -> None (None)
handling factor,rohcha_massdep_baseline,power_0.84,9.912,shift_ot_h,550,unchanged,between 1.5 and 2.0 -> None (None)
handling factor,rohcha_massdep_baseline,power_0.84,12.369,shift_h,550,unchanged,between 1.5 and 2.0 -> None (None)
handling factor,rohcha_massdep_baseline,power_0.84,12.369,crew_veh_h,550,unchanged,between 1.5 and 2.0 -> None (None)
handling factor,rohcha_massdep_baseline,power_0.84,12.369,crew_team_h,550,unchanged,between 1.5 and 2.0 -> None (None)
handling factor,rohcha_massdep_baseline,power_0.84,12.369,shift_ot_h,550,unchanged,between 1.5 and 2.0 -> None (None)
handling factor,rohcha_massdep_baseline,power_0.84,15.436,shift_h,550,unchanged,between 1.5 and 2.0 -> None (None)
handling factor,rohcha_massdep_baseline,power_0.84,15.436,crew_veh_h,550,unchanged,between 1.5 and 2.0 -> None (None)
handling factor,rohcha_massdep_baseline,power_0.84,15.436,crew_team_h,550,unchanged,between 1.5 and 2.0 -> None (None)
handling factor,rohcha_massdep_baseline,power_0.84,15.436,shift_ot_h,550,unchanged,between 1.5 and 2.0 -> None (None)
handling factor,rohcha_massdep_baseline,power_0.84,19.263,shift_h,550,unchanged,between 1.5 and 2.0 -> None (None)
handling factor,rohcha_massdep_baseline,power_0.84,19.263,crew_veh_h,550,unchanged,between 1.5 and 2.0 -> None (None)
handling factor,rohcha_massdep_baseline,power_0.84,19.263,crew_team_h,550,unchanged,between 1.5 and 2.0 -> None (None)
handling factor,rohcha_massdep_baseline,power_0.84,19.263,shift_ot_h,550,unchanged,between 1.5 and 2.0 -> None (None)
handling factor,rohcha_massdep_baseline,power_0.84,24.04,shift_h,550,unchanged,between 1.5 and 2.0 -> None (None)
handling factor,rohcha_massdep_baseline,power_0.84,24.04,crew_veh_h,550,unchanged,between 1.5 and 2.0 -> None (None)
handling factor,rohcha_massdep_baseline,power_0.84,24.04,crew_team_h,550,unchanged,between 1.5 and 2.0 -> None (None)
handling factor,rohcha_massdep_baseline,power_0.84,24.04,shift_ot_h,550,unchanged,between 1.5 and 2.0 -> None (None)
handling factor,rohcha_massdep_baseline,power_0.84,30.0,shift_h,550,unchanged,between 1.5 and 2.0 -> None (None)
handling factor,rohcha_massdep_baseline,power_0.84,30.0,crew_veh_h,550,unchanged,between 1.5 and 2.0 -> None (None)
handling factor,rohcha_massdep_baseline,power_0.84,30.0,crew_team_h,550,unchanged,between 1.5 and 2.0 -> None (None)
handling factor,rohcha_massdep_baseline,power_0.84,30.0,shift_ot_h,550,unchanged,between 1.5 and 2.0 -> None (None)
handling factor,jiang_short_baseline,power_0.96,5.1,shift_h,MX2,between 0.67 and 0.5 -> 380 (search-dependent),unchanged
handling factor,jiang_short_baseline,power_0.96,5.1,crew_veh_h,MX2,unchanged,unchanged
handling factor,jiang_short_baseline,power_0.96,5.1,crew_team_h,MX2,unchanged,unchanged
handling factor,jiang_short_baseline,power_0.96,5.1,shift_ot_h,MX2,unchanged,between 1 and 1.5 -> 380 (search-dependent)
handling factor,jiang_short_baseline,power_0.96,6.364,shift_h,MX2,between 0.67 and 0.5 -> 380 (search-dependent),unchanged
handling factor,jiang_short_baseline,power_0.96,6.364,crew_veh_h,MX2,unchanged,unchanged
handling factor,jiang_short_baseline,power_0.96,6.364,crew_team_h,MX2,unchanged,unchanged
handling factor,jiang_short_baseline,power_0.96,6.364,shift_ot_h,MX2,unchanged,between 1 and 1.5 -> 380 (search-dependent)
handling factor,jiang_short_baseline,power_0.96,7.943,shift_h,MX2,between 0.67 and 0.5 -> 380 (search-dependent),unchanged
handling factor,jiang_short_baseline,power_0.96,7.943,crew_veh_h,MX2,unchanged,unchanged
handling factor,jiang_short_baseline,power_0.96,7.943,crew_team_h,MX2,unchanged,unchanged
handling factor,jiang_short_baseline,power_0.96,7.943,shift_ot_h,MX2,unchanged,unchanged
handling factor,jiang_short_baseline,power_0.96,9.912,shift_h,MX2,between 0.67 and 0.5 -> 380 (search-dependent),unchanged
handling factor,jiang_short_baseline,power_0.96,9.912,crew_veh_h,MX2,unchanged,unchanged
handling factor,jiang_short_baseline,power_0.96,9.912,crew_team_h,MX2,unchanged,unchanged
handling factor,jiang_short_baseline,power_0.96,9.912,shift_ot_h,MX2,unchanged,unchanged
handling factor,jiang_short_baseline,power_0.96,12.369,shift_h,MX2,between 0.67 and 0.5 -> 380 (search-dependent),unchanged
handling factor,jiang_short_baseline,power_0.96,12.369,crew_veh_h,MX2,unchanged,unchanged
handling factor,jiang_short_baseline,power_0.96,12.369,crew_team_h,MX2,unchanged,unchanged
handling factor,jiang_short_baseline,power_0.96,12.369,shift_ot_h,MX2,unchanged,unchanged
handling factor,jiang_short_baseline,power_0.96,15.436,shift_h,MX2,between 0.67 and 0.5 -> 380 (search-dependent),unchanged
handling factor,jiang_short_baseline,power_0.96,15.436,crew_veh_h,MX2,unchanged,unchanged
handling factor,jiang_short_baseline,power_0.96,15.436,crew_team_h,MX2,unchanged,unchanged
handling factor,jiang_short_baseline,power_0.96,15.436,shift_ot_h,MX2,unchanged,unchanged
handling factor,jiang_short_baseline,power_0.96,19.263,shift_h,MX2,between 0.67 and 0.5 -> 380 (search-dependent),unchanged
handling factor,jiang_short_baseline,power_0.96,19.263,crew_veh_h,MX2,unchanged,unchanged
handling factor,jiang_short_baseline,power_0.96,19.263,crew_team_h,MX2,unchanged,unchanged
handling factor,jiang_short_baseline,power_0.96,19.263,shift_ot_h,MX2,unchanged,unchanged
handling factor,jiang_short_baseline,power_0.96,24.04,shift_h,MX2,between 0.67 and 0.5 -> 380 (search-dependent),unchanged
handling factor,jiang_short_baseline,power_0.96,24.04,crew_veh_h,MX2,unchanged,unchanged
handling factor,jiang_short_baseline,power_0.96,24.04,crew_team_h,MX2,unchanged,unchanged
handling factor,jiang_short_baseline,power_0.96,24.04,shift_ot_h,MX2,between 0.67 and 0.5 -> 380 (search-dependent),unchanged
handling factor,jiang_short_baseline,power_0.96,30.0,shift_h,MX2,between 0.67 and 0.5 -> 380 (search-dependent),unchanged
handling factor,jiang_short_baseline,power_0.96,30.0,crew_veh_h,MX2,unchanged,unchanged
handling factor,jiang_short_baseline,power_0.96,30.0,crew_team_h,MX2,unchanged,unchanged
handling factor,jiang_short_baseline,power_0.96,30.0,shift_ot_h,MX2,between 0.67 and 0.5 -> 380 (search-dependent),unchanged
handling factor,jiang_massdep_baseline,power_0.96,5.1,shift_h,550,between 0.67 and 0.5 -> MX2 (search-dependent),unchanged
handling factor,jiang_massdep_baseline,power_0.96,5.1,crew_veh_h,550,between 1 and 0.67 -> MX2 (search-dependent),unchanged
handling factor,jiang_massdep_baseline,power_0.96,5.1,crew_team_h,MX2,unchanged,between 1 and 1.5 -> 380 (search-dependent)
handling factor,jiang_massdep_baseline,power_0.96,5.1,shift_ot_h,550,between 0.67 and 0.5 -> MX2 (search-dependent),unchanged
handling factor,jiang_massdep_baseline,power_0.96,6.364,shift_h,550,between 0.67 and 0.5 -> MX2 (search-dependent),unchanged
handling factor,jiang_massdep_baseline,power_0.96,6.364,crew_veh_h,550,between 1 and 0.67 -> MX2 (search-dependent),unchanged
handling factor,jiang_massdep_baseline,power_0.96,6.364,crew_team_h,MX2,unchanged,between 1 and 1.5 -> 300 (search-dependent)
handling factor,jiang_massdep_baseline,power_0.96,6.364,shift_ot_h,550,between 0.67 and 0.5 -> MX2 (search-dependent),unchanged
handling factor,jiang_massdep_baseline,power_0.96,7.943,shift_h,550,between 0.67 and 0.5 -> MX2 (search-dependent),unchanged
handling factor,jiang_massdep_baseline,power_0.96,7.943,crew_veh_h,550,between 1 and 0.67 -> MX2 (search-dependent),unchanged
handling factor,jiang_massdep_baseline,power_0.96,7.943,crew_team_h,MX2,unchanged,between 1 and 1.5 -> 300 (search-dependent)
handling factor,jiang_massdep_baseline,power_0.96,7.943,shift_ot_h,550,between 0.67 and 0.5 -> MX2 (search-dependent),unchanged
handling factor,jiang_massdep_baseline,power_0.96,9.912,shift_h,550,between 0.67 and 0.5 -> MX2 (search-dependent),unchanged
handling factor,jiang_massdep_baseline,power_0.96,9.912,crew_veh_h,MX2,unchanged,between 1 and 1.5 -> 550 (search-dependent)
handling factor,jiang_massdep_baseline,power_0.96,9.912,crew_team_h,MX2,unchanged,between 1 and 1.5 -> 300 (search-dependent)
handling factor,jiang_massdep_baseline,power_0.96,9.912,shift_ot_h,550,between 0.67 and 0.5 -> MX2 (search-dependent),unchanged
handling factor,jiang_massdep_baseline,power_0.96,12.369,shift_h,550,between 0.67 and 0.5 -> MX2 (search-dependent),unchanged
handling factor,jiang_massdep_baseline,power_0.96,12.369,crew_veh_h,MX2,unchanged,between 1 and 1.5 -> 550 (search-dependent)
handling factor,jiang_massdep_baseline,power_0.96,12.369,crew_team_h,MX2,unchanged,between 1 and 1.5 -> 300 (search-dependent)
handling factor,jiang_massdep_baseline,power_0.96,12.369,shift_ot_h,550,between 0.67 and 0.5 -> MX2 (search-dependent),unchanged
handling factor,jiang_massdep_baseline,power_0.96,15.436,shift_h,MX2,between 1 and 0.67 -> 550 (search-dependent),between 1 and 1.5 -> 550 (search-dependent)
handling factor,jiang_massdep_baseline,power_0.96,15.436,crew_veh_h,MX2,unchanged,between 1 and 1.5 -> 380 (search-dependent)
handling factor,jiang_massdep_baseline,power_0.96,15.436,crew_team_h,MX2,unchanged,between 1 and 1.5 -> 300 (search-dependent)
handling factor,jiang_massdep_baseline,power_0.96,15.436,shift_ot_h,550,between 0.67 and 0.5 -> MX2 (search-dependent),unchanged
handling factor,jiang_massdep_baseline,power_0.96,19.263,shift_h,MX2,between 1 and 0.67 -> 550 (search-dependent),between 1 and 1.5 -> 380 (search-dependent)
handling factor,jiang_massdep_baseline,power_0.96,19.263,crew_veh_h,MX2,unchanged,between 1 and 1.5 -> 380 (search-dependent)
handling factor,jiang_massdep_baseline,power_0.96,19.263,crew_team_h,MX2,unchanged,between 1 and 1.5 -> 300 (search-dependent)
handling factor,jiang_massdep_baseline,power_0.96,19.263,shift_ot_h,MX2,between 1 and 0.67 -> 550 (search-dependent),between 1 and 1.5 -> 380 (search-dependent)
handling factor,jiang_massdep_baseline,power_0.96,24.04,shift_h,MX2,between 1 and 0.67 -> 550 (search-dependent),between 1 and 1.5 -> 380 (search-dependent)
handling factor,jiang_massdep_baseline,power_0.96,24.04,crew_veh_h,MX2,unchanged,between 1 and 1.5 -> 380 (search-dependent)
handling factor,jiang_massdep_baseline,power_0.96,24.04,crew_team_h,MX2,unchanged,between 1 and 1.5 -> 300 (search-dependent)
handling factor,jiang_massdep_baseline,power_0.96,24.04,shift_ot_h,MX2,between 1 and 0.67 -> 550 (search-dependent),between 1 and 1.5 -> 380 (search-dependent)
handling factor,jiang_massdep_baseline,power_0.96,30.0,shift_h,MX2,unchanged,between 1 and 1.5 -> 380 (search-dependent)
handling factor,jiang_massdep_baseline,power_0.96,30.0,crew_veh_h,MX2,unchanged,between 1.5 and 2.0 -> 300 (search-dependent)
handling factor,jiang_massdep_baseline,power_0.96,30.0,crew_team_h,MX2,unchanged,between 1 and 1.5 -> 300 (search-dependent)
handling factor,jiang_massdep_baseline,power_0.96,30.0,shift_ot_h,MX2,unchanged,between 1 and 1.5 -> 380 (search-dependent)
handling factor,rohcha_short_baseline,power_0.96,5.1,shift_h,550,unchanged,unchanged
handling factor,rohcha_short_baseline,power_0.96,5.1,crew_veh_h,550,unchanged,unchanged
handling factor,rohcha_short_baseline,power_0.96,5.1,crew_team_h,550,unchanged,unchanged
handling factor,rohcha_short_baseline,power_0.96,5.1,shift_ot_h,550,unchanged,unchanged
handling factor,rohcha_short_baseline,power_0.96,6.364,shift_h,550,unchanged,unchanged
handling factor,rohcha_short_baseline,power_0.96,6.364,crew_veh_h,550,unchanged,unchanged
handling factor,rohcha_short_baseline,power_0.96,6.364,crew_team_h,550,unchanged,unchanged
handling factor,rohcha_short_baseline,power_0.96,6.364,shift_ot_h,550,unchanged,unchanged
handling factor,rohcha_short_baseline,power_0.96,7.943,shift_h,550,unchanged,unchanged
handling factor,rohcha_short_baseline,power_0.96,7.943,crew_veh_h,550,unchanged,unchanged
handling factor,rohcha_short_baseline,power_0.96,7.943,crew_team_h,550,unchanged,unchanged
handling factor,rohcha_short_baseline,power_0.96,7.943,shift_ot_h,550,unchanged,unchanged
handling factor,rohcha_short_baseline,power_0.96,9.912,shift_h,550,unchanged,unchanged
handling factor,rohcha_short_baseline,power_0.96,9.912,crew_veh_h,550,unchanged,unchanged
handling factor,rohcha_short_baseline,power_0.96,9.912,crew_team_h,550,unchanged,unchanged
handling factor,rohcha_short_baseline,power_0.96,9.912,shift_ot_h,550,unchanged,unchanged
handling factor,rohcha_short_baseline,power_0.96,12.369,shift_h,550,unchanged,unchanged
handling factor,rohcha_short_baseline,power_0.96,12.369,crew_veh_h,550,unchanged,unchanged
handling factor,rohcha_short_baseline,power_0.96,12.369,crew_team_h,550,unchanged,unchanged
handling factor,rohcha_short_baseline,power_0.96,12.369,shift_ot_h,550,unchanged,unchanged
handling factor,rohcha_short_baseline,power_0.96,15.436,shift_h,550,unchanged,unchanged
handling factor,rohcha_short_baseline,power_0.96,15.436,crew_veh_h,550,unchanged,unchanged
handling factor,rohcha_short_baseline,power_0.96,15.436,crew_team_h,550,unchanged,unchanged
handling factor,rohcha_short_baseline,power_0.96,15.436,shift_ot_h,550,unchanged,unchanged
handling factor,rohcha_short_baseline,power_0.96,19.263,shift_h,550,unchanged,unchanged
handling factor,rohcha_short_baseline,power_0.96,19.263,crew_veh_h,550,unchanged,unchanged
handling factor,rohcha_short_baseline,power_0.96,19.263,crew_team_h,550,unchanged,unchanged
handling factor,rohcha_short_baseline,power_0.96,19.263,shift_ot_h,550,unchanged,unchanged
handling factor,rohcha_short_baseline,power_0.96,24.04,shift_h,550,unchanged,unchanged
handling factor,rohcha_short_baseline,power_0.96,24.04,crew_veh_h,550,unchanged,unchanged
handling factor,rohcha_short_baseline,power_0.96,24.04,crew_team_h,550,unchanged,unchanged
handling factor,rohcha_short_baseline,power_0.96,24.04,shift_ot_h,550,unchanged,unchanged
handling factor,rohcha_short_baseline,power_0.96,30.0,shift_h,550,unchanged,unchanged
handling factor,rohcha_short_baseline,power_0.96,30.0,crew_veh_h,550,unchanged,unchanged
handling factor,rohcha_short_baseline,power_0.96,30.0,crew_team_h,550,unchanged,unchanged
handling factor,rohcha_short_baseline,power_0.96,30.0,shift_ot_h,550,unchanged,unchanged
handling factor,rohcha_massdep_baseline,power_0.96,5.1,shift_h,550,unchanged,between 1.5 and 2.0 -> None (None)
handling factor,rohcha_massdep_baseline,power_0.96,5.1,crew_veh_h,550,unchanged,between 1.5 and 2.0 -> None (None)
handling factor,rohcha_massdep_baseline,power_0.96,5.1,crew_team_h,550,unchanged,between 1.5 and 2.0 -> None (None)
handling factor,rohcha_massdep_baseline,power_0.96,5.1,shift_ot_h,550,unchanged,between 1.5 and 2.0 -> None (None)
handling factor,rohcha_massdep_baseline,power_0.96,6.364,shift_h,550,unchanged,between 1.5 and 2.0 -> None (None)
handling factor,rohcha_massdep_baseline,power_0.96,6.364,crew_veh_h,550,unchanged,between 1.5 and 2.0 -> None (None)
handling factor,rohcha_massdep_baseline,power_0.96,6.364,crew_team_h,550,unchanged,between 1.5 and 2.0 -> None (None)
handling factor,rohcha_massdep_baseline,power_0.96,6.364,shift_ot_h,550,unchanged,between 1.5 and 2.0 -> None (None)
handling factor,rohcha_massdep_baseline,power_0.96,7.943,shift_h,550,unchanged,between 1.5 and 2.0 -> None (None)
handling factor,rohcha_massdep_baseline,power_0.96,7.943,crew_veh_h,550,unchanged,between 1.5 and 2.0 -> None (None)
handling factor,rohcha_massdep_baseline,power_0.96,7.943,crew_team_h,550,unchanged,between 1.5 and 2.0 -> None (None)
handling factor,rohcha_massdep_baseline,power_0.96,7.943,shift_ot_h,550,unchanged,between 1.5 and 2.0 -> None (None)
handling factor,rohcha_massdep_baseline,power_0.96,9.912,shift_h,550,unchanged,between 1.5 and 2.0 -> None (None)
handling factor,rohcha_massdep_baseline,power_0.96,9.912,crew_veh_h,550,unchanged,between 1.5 and 2.0 -> None (None)
handling factor,rohcha_massdep_baseline,power_0.96,9.912,crew_team_h,550,unchanged,between 1.5 and 2.0 -> None (None)
handling factor,rohcha_massdep_baseline,power_0.96,9.912,shift_ot_h,550,unchanged,between 1.5 and 2.0 -> None (None)
handling factor,rohcha_massdep_baseline,power_0.96,12.369,shift_h,550,unchanged,between 1.5 and 2.0 -> None (None)
handling factor,rohcha_massdep_baseline,power_0.96,12.369,crew_veh_h,550,unchanged,between 1.5 and 2.0 -> None (None)
handling factor,rohcha_massdep_baseline,power_0.96,12.369,crew_team_h,550,unchanged,between 1.5 and 2.0 -> None (None)
handling factor,rohcha_massdep_baseline,power_0.96,12.369,shift_ot_h,550,unchanged,between 1.5 and 2.0 -> None (None)
handling factor,rohcha_massdep_baseline,power_0.96,15.436,shift_h,550,unchanged,between 1.5 and 2.0 -> None (None)
handling factor,rohcha_massdep_baseline,power_0.96,15.436,crew_veh_h,550,unchanged,between 1.5 and 2.0 -> None (None)
handling factor,rohcha_massdep_baseline,power_0.96,15.436,crew_team_h,550,unchanged,between 1.5 and 2.0 -> None (None)
handling factor,rohcha_massdep_baseline,power_0.96,15.436,shift_ot_h,550,unchanged,between 1.5 and 2.0 -> None (None)
handling factor,rohcha_massdep_baseline,power_0.96,19.263,shift_h,550,unchanged,between 1.5 and 2.0 -> None (None)
handling factor,rohcha_massdep_baseline,power_0.96,19.263,crew_veh_h,550,unchanged,between 1.5 and 2.0 -> None (None)
handling factor,rohcha_massdep_baseline,power_0.96,19.263,crew_team_h,550,unchanged,between 1.5 and 2.0 -> None (None)
handling factor,rohcha_massdep_baseline,power_0.96,19.263,shift_ot_h,550,unchanged,between 1.5 and 2.0 -> None (None)
handling factor,rohcha_massdep_baseline,power_0.96,24.04,shift_h,550,unchanged,between 1.5 and 2.0 -> None (None)
handling factor,rohcha_massdep_baseline,power_0.96,24.04,crew_veh_h,550,unchanged,between 1.5 and 2.0 -> None (None)
handling factor,rohcha_massdep_baseline,power_0.96,24.04,crew_team_h,550,unchanged,between 1.5 and 2.0 -> None (None)
handling factor,rohcha_massdep_baseline,power_0.96,24.04,shift_ot_h,550,unchanged,between 1.5 and 2.0 -> None (None)
handling factor,rohcha_massdep_baseline,power_0.96,30.0,shift_h,550,unchanged,between 1.5 and 2.0 -> None (None)
handling factor,rohcha_massdep_baseline,power_0.96,30.0,crew_veh_h,550,unchanged,between 1.5 and 2.0 -> None (None)
handling factor,rohcha_massdep_baseline,power_0.96,30.0,crew_team_h,550,unchanged,between 1.5 and 2.0 -> None (None)
handling factor,rohcha_massdep_baseline,power_0.96,30.0,shift_ot_h,550,unchanged,between 1.5 and 2.0 -> None (None)
speed factor,jiang_short_baseline,affine,5.1,shift_h,MX2,between 1 and 0.75 -> 550 (search-dependent),unchanged
speed factor,jiang_short_baseline,affine,5.1,crew_veh_h,MX2,between 0.75 and 0.5 -> 550 (certain),unchanged
speed factor,jiang_short_baseline,affine,5.1,crew_team_h,MX2,between 0.75 and 0.5 -> 380 (search-dependent),unchanged
speed factor,jiang_short_baseline,affine,5.1,shift_ot_h,MX2,between 1 and 0.75 -> 550 (search-dependent),unchanged
speed factor,jiang_short_baseline,affine,6.364,shift_h,MX2,between 1 and 0.75 -> 550 (search-dependent),unchanged
speed factor,jiang_short_baseline,affine,6.364,crew_veh_h,MX2,between 0.75 and 0.5 -> 550 (certain),unchanged
speed factor,jiang_short_baseline,affine,6.364,crew_team_h,MX2,between 0.75 and 0.5 -> 380 (search-dependent),unchanged
speed factor,jiang_short_baseline,affine,6.364,shift_ot_h,MX2,between 1 and 0.75 -> 550 (search-dependent),unchanged
speed factor,jiang_short_baseline,affine,7.943,shift_h,MX2,between 1 and 0.75 -> 550 (search-dependent),unchanged
speed factor,jiang_short_baseline,affine,7.943,crew_veh_h,MX2,between 0.75 and 0.5 -> 550 (search-dependent),unchanged
speed factor,jiang_short_baseline,affine,7.943,crew_team_h,MX2,between 0.5 and Liu 50/30 m/min -> 380 (search-dependent),unchanged
speed factor,jiang_short_baseline,affine,7.943,shift_ot_h,MX2,between 1 and 0.75 -> 550 (search-dependent),unchanged
speed factor,jiang_short_baseline,affine,9.912,shift_h,MX2,between 1 and 0.75 -> 550 (search-dependent),unchanged
speed factor,jiang_short_baseline,affine,9.912,crew_veh_h,MX2,between 0.5 and Liu 50/30 m/min -> 550 (search-dependent),unchanged
speed factor,jiang_short_baseline,affine,9.912,crew_team_h,MX2,between 0.5 and Liu 50/30 m/min -> 380 (search-dependent),unchanged
speed factor,jiang_short_baseline,affine,9.912,shift_ot_h,MX2,between 1 and 0.75 -> 550 (search-dependent),unchanged
speed factor,jiang_short_baseline,affine,12.369,shift_h,MX2,between 1 and 0.75 -> 550 (search-dependent),unchanged
speed factor,jiang_short_baseline,affine,12.369,crew_veh_h,MX2,between 0.5 and Liu 50/30 m/min -> 380 (search-dependent),unchanged
speed factor,jiang_short_baseline,affine,12.369,crew_team_h,MX2,between 0.5 and Liu 50/30 m/min -> 380 (search-dependent),unchanged
speed factor,jiang_short_baseline,affine,12.369,shift_ot_h,MX2,between 1 and 0.75 -> 550 (search-dependent),unchanged
speed factor,jiang_short_baseline,affine,15.436,shift_h,MX2,between 1 and 0.75 -> 550 (search-dependent),unchanged
speed factor,jiang_short_baseline,affine,15.436,crew_veh_h,MX2,between 0.5 and Liu 50/30 m/min -> 380 (search-dependent),unchanged
speed factor,jiang_short_baseline,affine,15.436,crew_team_h,MX2,between 0.5 and Liu 50/30 m/min -> 380 (search-dependent),unchanged
speed factor,jiang_short_baseline,affine,15.436,shift_ot_h,MX2,between 1 and 0.75 -> 550 (search-dependent),unchanged
speed factor,jiang_short_baseline,affine,19.263,shift_h,MX2,between 1 and 0.75 -> 550 (search-dependent),unchanged
speed factor,jiang_short_baseline,affine,19.263,crew_veh_h,MX2,between 0.5 and Liu 50/30 m/min -> 380 (search-dependent),unchanged
speed factor,jiang_short_baseline,affine,19.263,crew_team_h,MX2,between 0.5 and Liu 50/30 m/min -> 380 (search-dependent),unchanged
speed factor,jiang_short_baseline,affine,19.263,shift_ot_h,MX2,between 1 and 0.75 -> 550 (search-dependent),unchanged
speed factor,jiang_short_baseline,affine,24.04,shift_h,MX2,between 1 and 0.75 -> 550 (search-dependent),unchanged
speed factor,jiang_short_baseline,affine,24.04,crew_veh_h,MX2,between 0.5 and Liu 50/30 m/min -> 380 (certain),unchanged
speed factor,jiang_short_baseline,affine,24.04,crew_team_h,MX2,between 0.5 and Liu 50/30 m/min -> 380 (search-dependent),unchanged
speed factor,jiang_short_baseline,affine,24.04,shift_ot_h,MX2,between 1 and 0.75 -> 550 (search-dependent),unchanged
speed factor,jiang_short_baseline,affine,30.0,shift_h,MX2,between 1 and 0.75 -> 550 (search-dependent),unchanged
speed factor,jiang_short_baseline,affine,30.0,crew_veh_h,MX2,between 0.5 and Liu 50/30 m/min -> 380 (certain),unchanged
speed factor,jiang_short_baseline,affine,30.0,crew_team_h,MX2,between 0.5 and Liu 50/30 m/min -> 300 (search-dependent),unchanged
speed factor,jiang_short_baseline,affine,30.0,shift_ot_h,MX2,between 1 and 0.75 -> 550 (search-dependent),unchanged
speed factor,jiang_massdep_baseline,affine,5.1,shift_h,550,between 1 and 0.75 -> 380 (search-dependent),unchanged
speed factor,jiang_massdep_baseline,affine,5.1,crew_veh_h,550,between 0.5 and Liu 50/30 m/min -> None (None),unchanged
speed factor,jiang_massdep_baseline,affine,5.1,crew_team_h,380,between 0.5 and Liu 50/30 m/min -> None (None),unchanged
speed factor,jiang_massdep_baseline,affine,5.1,shift_ot_h,550,between 1 and 0.75 -> 380 (search-dependent),unchanged
speed factor,jiang_massdep_baseline,affine,6.364,shift_h,550,between 1 and 0.75 -> 380 (search-dependent),unchanged
speed factor,jiang_massdep_baseline,affine,6.364,crew_veh_h,550,between 0.5 and Liu 50/30 m/min -> None (None),unchanged
speed factor,jiang_massdep_baseline,affine,6.364,crew_team_h,MX2,between 1 and 0.75 -> 380 (search-dependent),unchanged
speed factor,jiang_massdep_baseline,affine,6.364,shift_ot_h,550,between 1 and 0.75 -> 380 (search-dependent),unchanged
speed factor,jiang_massdep_baseline,affine,7.943,shift_h,550,between 1 and 0.75 -> 380 (search-dependent),unchanged
speed factor,jiang_massdep_baseline,affine,7.943,crew_veh_h,550,between 0.5 and Liu 50/30 m/min -> None (None),unchanged
speed factor,jiang_massdep_baseline,affine,7.943,crew_team_h,MX2,between 1 and 0.75 -> 380 (search-dependent),unchanged
speed factor,jiang_massdep_baseline,affine,7.943,shift_ot_h,550,between 1 and 0.75 -> 380 (search-dependent),unchanged
speed factor,jiang_massdep_baseline,affine,9.912,shift_h,550,between 1 and 0.75 -> 380 (search-dependent),unchanged
speed factor,jiang_massdep_baseline,affine,9.912,crew_veh_h,550,between 0.5 and Liu 50/30 m/min -> None (None),unchanged
speed factor,jiang_massdep_baseline,affine,9.912,crew_team_h,MX2,between 1 and 0.75 -> 380 (search-dependent),unchanged
speed factor,jiang_massdep_baseline,affine,9.912,shift_ot_h,550,between 1 and 0.75 -> 380 (search-dependent),unchanged
speed factor,jiang_massdep_baseline,affine,12.369,shift_h,550,between 1 and 0.75 -> 380 (search-dependent),unchanged
speed factor,jiang_massdep_baseline,affine,12.369,crew_veh_h,MX2,between 1 and 0.75 -> 550 (search-dependent),unchanged
speed factor,jiang_massdep_baseline,affine,12.369,crew_team_h,MX2,between 1 and 0.75 -> 380 (search-dependent),unchanged
speed factor,jiang_massdep_baseline,affine,12.369,shift_ot_h,550,between 1 and 0.75 -> 380 (search-dependent),unchanged
speed factor,jiang_massdep_baseline,affine,15.436,shift_h,550,between 1 and 0.75 -> 380 (search-dependent),unchanged
speed factor,jiang_massdep_baseline,affine,15.436,crew_veh_h,MX2,between 1 and 0.75 -> 380 (search-dependent),unchanged
speed factor,jiang_massdep_baseline,affine,15.436,crew_team_h,MX2,between 1 and 0.75 -> 380 (search-dependent),unchanged
speed factor,jiang_massdep_baseline,affine,15.436,shift_ot_h,550,between 1 and 0.75 -> 380 (search-dependent),unchanged
speed factor,jiang_massdep_baseline,affine,19.263,shift_h,550,between 1 and 0.75 -> 380 (search-dependent),unchanged
speed factor,jiang_massdep_baseline,affine,19.263,crew_veh_h,MX2,between 1 and 0.75 -> 380 (search-dependent),unchanged
speed factor,jiang_massdep_baseline,affine,19.263,crew_team_h,MX2,between 1 and 0.75 -> 380 (search-dependent),unchanged
speed factor,jiang_massdep_baseline,affine,19.263,shift_ot_h,550,between 1 and 0.75 -> 380 (search-dependent),unchanged
speed factor,jiang_massdep_baseline,affine,24.04,shift_h,MX2,between 1 and 0.75 -> 380 (search-dependent),unchanged
speed factor,jiang_massdep_baseline,affine,24.04,crew_veh_h,MX2,between 1 and 0.75 -> 380 (search-dependent),unchanged
speed factor,jiang_massdep_baseline,affine,24.04,crew_team_h,MX2,between 1 and 0.75 -> 380 (search-dependent),unchanged
speed factor,jiang_massdep_baseline,affine,24.04,shift_ot_h,550,between 1 and 0.75 -> 380 (search-dependent),unchanged
speed factor,jiang_massdep_baseline,affine,30.0,shift_h,MX2,between 1 and 0.75 -> 380 (search-dependent),unchanged
speed factor,jiang_massdep_baseline,affine,30.0,crew_veh_h,MX2,between 1 and 0.75 -> 380 (search-dependent),unchanged
speed factor,jiang_massdep_baseline,affine,30.0,crew_team_h,MX2,between 1 and 0.75 -> 380 (search-dependent),unchanged
speed factor,jiang_massdep_baseline,affine,30.0,shift_ot_h,MX2,between 1 and 0.75 -> 380 (search-dependent),unchanged
speed factor,rohcha_short_baseline,affine,5.1,shift_h,550,unchanged,unchanged
speed factor,rohcha_short_baseline,affine,5.1,crew_veh_h,550,unchanged,unchanged
speed factor,rohcha_short_baseline,affine,5.1,crew_team_h,550,unchanged,unchanged
speed factor,rohcha_short_baseline,affine,5.1,shift_ot_h,550,unchanged,unchanged
speed factor,rohcha_short_baseline,affine,6.364,shift_h,550,unchanged,unchanged
speed factor,rohcha_short_baseline,affine,6.364,crew_veh_h,550,unchanged,unchanged
speed factor,rohcha_short_baseline,affine,6.364,crew_team_h,550,unchanged,unchanged
speed factor,rohcha_short_baseline,affine,6.364,shift_ot_h,550,unchanged,unchanged
speed factor,rohcha_short_baseline,affine,7.943,shift_h,550,unchanged,unchanged
speed factor,rohcha_short_baseline,affine,7.943,crew_veh_h,550,unchanged,unchanged
speed factor,rohcha_short_baseline,affine,7.943,crew_team_h,550,unchanged,unchanged
speed factor,rohcha_short_baseline,affine,7.943,shift_ot_h,550,unchanged,unchanged
speed factor,rohcha_short_baseline,affine,9.912,shift_h,550,unchanged,unchanged
speed factor,rohcha_short_baseline,affine,9.912,crew_veh_h,550,unchanged,unchanged
speed factor,rohcha_short_baseline,affine,9.912,crew_team_h,550,unchanged,unchanged
speed factor,rohcha_short_baseline,affine,9.912,shift_ot_h,550,unchanged,unchanged
speed factor,rohcha_short_baseline,affine,12.369,shift_h,550,unchanged,unchanged
speed factor,rohcha_short_baseline,affine,12.369,crew_veh_h,550,unchanged,unchanged
speed factor,rohcha_short_baseline,affine,12.369,crew_team_h,550,unchanged,unchanged
speed factor,rohcha_short_baseline,affine,12.369,shift_ot_h,550,unchanged,unchanged
speed factor,rohcha_short_baseline,affine,15.436,shift_h,550,unchanged,unchanged
speed factor,rohcha_short_baseline,affine,15.436,crew_veh_h,550,unchanged,unchanged
speed factor,rohcha_short_baseline,affine,15.436,crew_team_h,550,unchanged,unchanged
speed factor,rohcha_short_baseline,affine,15.436,shift_ot_h,550,unchanged,unchanged
speed factor,rohcha_short_baseline,affine,19.263,shift_h,550,unchanged,unchanged
speed factor,rohcha_short_baseline,affine,19.263,crew_veh_h,550,unchanged,unchanged
speed factor,rohcha_short_baseline,affine,19.263,crew_team_h,550,unchanged,unchanged
speed factor,rohcha_short_baseline,affine,19.263,shift_ot_h,550,unchanged,unchanged
speed factor,rohcha_short_baseline,affine,24.04,shift_h,550,unchanged,unchanged
speed factor,rohcha_short_baseline,affine,24.04,crew_veh_h,550,unchanged,unchanged
speed factor,rohcha_short_baseline,affine,24.04,crew_team_h,550,unchanged,unchanged
speed factor,rohcha_short_baseline,affine,24.04,shift_ot_h,550,unchanged,unchanged
speed factor,rohcha_short_baseline,affine,30.0,shift_h,550,unchanged,unchanged
speed factor,rohcha_short_baseline,affine,30.0,crew_veh_h,550,unchanged,unchanged
speed factor,rohcha_short_baseline,affine,30.0,crew_team_h,550,unchanged,unchanged
speed factor,rohcha_short_baseline,affine,30.0,shift_ot_h,550,unchanged,unchanged
speed factor,rohcha_massdep_baseline,affine,5.1,shift_h,550,between 0.5 and Liu 50/30 m/min -> None (None),unchanged
speed factor,rohcha_massdep_baseline,affine,5.1,crew_veh_h,550,between 0.5 and Liu 50/30 m/min -> None (None),unchanged
speed factor,rohcha_massdep_baseline,affine,5.1,crew_team_h,550,between 0.5 and Liu 50/30 m/min -> None (None),unchanged
speed factor,rohcha_massdep_baseline,affine,5.1,shift_ot_h,550,between 0.5 and Liu 50/30 m/min -> None (None),unchanged
speed factor,rohcha_massdep_baseline,affine,6.364,shift_h,550,between 0.5 and Liu 50/30 m/min -> None (None),unchanged
speed factor,rohcha_massdep_baseline,affine,6.364,crew_veh_h,550,between 0.5 and Liu 50/30 m/min -> None (None),unchanged
speed factor,rohcha_massdep_baseline,affine,6.364,crew_team_h,550,between 0.5 and Liu 50/30 m/min -> None (None),unchanged
speed factor,rohcha_massdep_baseline,affine,6.364,shift_ot_h,550,between 0.5 and Liu 50/30 m/min -> None (None),unchanged
speed factor,rohcha_massdep_baseline,affine,7.943,shift_h,550,between 0.5 and Liu 50/30 m/min -> None (None),unchanged
speed factor,rohcha_massdep_baseline,affine,7.943,crew_veh_h,550,between 0.5 and Liu 50/30 m/min -> None (None),unchanged
speed factor,rohcha_massdep_baseline,affine,7.943,crew_team_h,550,between 0.5 and Liu 50/30 m/min -> None (None),unchanged
speed factor,rohcha_massdep_baseline,affine,7.943,shift_ot_h,550,between 0.5 and Liu 50/30 m/min -> None (None),unchanged
speed factor,rohcha_massdep_baseline,affine,9.912,shift_h,550,between 0.5 and Liu 50/30 m/min -> None (None),unchanged
speed factor,rohcha_massdep_baseline,affine,9.912,crew_veh_h,550,between 0.5 and Liu 50/30 m/min -> None (None),unchanged
speed factor,rohcha_massdep_baseline,affine,9.912,crew_team_h,550,between 0.5 and Liu 50/30 m/min -> None (None),unchanged
speed factor,rohcha_massdep_baseline,affine,9.912,shift_ot_h,550,between 0.5 and Liu 50/30 m/min -> None (None),unchanged
speed factor,rohcha_massdep_baseline,affine,12.369,shift_h,550,between 0.5 and Liu 50/30 m/min -> None (None),unchanged
speed factor,rohcha_massdep_baseline,affine,12.369,crew_veh_h,550,between 0.5 and Liu 50/30 m/min -> None (None),unchanged
speed factor,rohcha_massdep_baseline,affine,12.369,crew_team_h,550,between 0.5 and Liu 50/30 m/min -> None (None),unchanged
speed factor,rohcha_massdep_baseline,affine,12.369,shift_ot_h,550,between 0.5 and Liu 50/30 m/min -> None (None),unchanged
speed factor,rohcha_massdep_baseline,affine,15.436,shift_h,550,between 0.5 and Liu 50/30 m/min -> None (None),unchanged
speed factor,rohcha_massdep_baseline,affine,15.436,crew_veh_h,550,between 0.5 and Liu 50/30 m/min -> None (None),unchanged
speed factor,rohcha_massdep_baseline,affine,15.436,crew_team_h,550,between 0.5 and Liu 50/30 m/min -> None (None),unchanged
speed factor,rohcha_massdep_baseline,affine,15.436,shift_ot_h,550,between 0.5 and Liu 50/30 m/min -> None (None),unchanged
speed factor,rohcha_massdep_baseline,affine,19.263,shift_h,550,between 0.5 and Liu 50/30 m/min -> None (None),unchanged
speed factor,rohcha_massdep_baseline,affine,19.263,crew_veh_h,550,between 0.5 and Liu 50/30 m/min -> None (None),unchanged
speed factor,rohcha_massdep_baseline,affine,19.263,crew_team_h,550,between 0.5 and Liu 50/30 m/min -> None (None),unchanged
speed factor,rohcha_massdep_baseline,affine,19.263,shift_ot_h,550,between 0.5 and Liu 50/30 m/min -> None (None),unchanged
speed factor,rohcha_massdep_baseline,affine,24.04,shift_h,550,between 0.5 and Liu 50/30 m/min -> None (None),unchanged
speed factor,rohcha_massdep_baseline,affine,24.04,crew_veh_h,550,between 0.5 and Liu 50/30 m/min -> None (None),unchanged
speed factor,rohcha_massdep_baseline,affine,24.04,crew_team_h,550,between 0.5 and Liu 50/30 m/min -> None (None),unchanged
speed factor,rohcha_massdep_baseline,affine,24.04,shift_ot_h,550,between 0.5 and Liu 50/30 m/min -> None (None),unchanged
speed factor,rohcha_massdep_baseline,affine,30.0,shift_h,550,between 0.5 and Liu 50/30 m/min -> None (None),unchanged
speed factor,rohcha_massdep_baseline,affine,30.0,crew_veh_h,550,between 0.5 and Liu 50/30 m/min -> None (None),unchanged
speed factor,rohcha_massdep_baseline,affine,30.0,crew_team_h,550,between 0.5 and Liu 50/30 m/min -> None (None),unchanged
speed factor,rohcha_massdep_baseline,affine,30.0,shift_ot_h,550,between 0.5 and Liu 50/30 m/min -> None (None),unchanged
speed factor,jiang_short_baseline,piecewise,5.1,shift_h,MX2,between 1 and 0.75 -> 550 (search-dependent),unchanged
speed factor,jiang_short_baseline,piecewise,5.1,crew_veh_h,MX2,between 0.75 and 0.5 -> 550 (certain),unchanged
speed factor,jiang_short_baseline,piecewise,5.1,crew_team_h,MX2,between 0.75 and 0.5 -> 380 (search-dependent),unchanged
speed factor,jiang_short_baseline,piecewise,5.1,shift_ot_h,MX2,between 1 and 0.75 -> 550 (search-dependent),unchanged
speed factor,jiang_short_baseline,piecewise,6.364,shift_h,MX2,between 1 and 0.75 -> 550 (search-dependent),unchanged
speed factor,jiang_short_baseline,piecewise,6.364,crew_veh_h,MX2,between 0.75 and 0.5 -> 550 (certain),unchanged
speed factor,jiang_short_baseline,piecewise,6.364,crew_team_h,MX2,between 0.5 and Liu 50/30 m/min -> 380 (certain),unchanged
speed factor,jiang_short_baseline,piecewise,6.364,shift_ot_h,MX2,between 1 and 0.75 -> 550 (search-dependent),unchanged
speed factor,jiang_short_baseline,piecewise,7.943,shift_h,MX2,between 1 and 0.75 -> 550 (search-dependent),unchanged
speed factor,jiang_short_baseline,piecewise,7.943,crew_veh_h,MX2,between 0.75 and 0.5 -> 550 (search-dependent),unchanged
speed factor,jiang_short_baseline,piecewise,7.943,crew_team_h,MX2,between 0.5 and Liu 50/30 m/min -> 380 (search-dependent),unchanged
speed factor,jiang_short_baseline,piecewise,7.943,shift_ot_h,MX2,between 1 and 0.75 -> 550 (search-dependent),unchanged
speed factor,jiang_short_baseline,piecewise,9.912,shift_h,MX2,between 1 and 0.75 -> 550 (search-dependent),unchanged
speed factor,jiang_short_baseline,piecewise,9.912,crew_veh_h,MX2,between 0.5 and Liu 50/30 m/min -> 550 (search-dependent),unchanged
speed factor,jiang_short_baseline,piecewise,9.912,crew_team_h,MX2,between 0.5 and Liu 50/30 m/min -> 380 (search-dependent),unchanged
speed factor,jiang_short_baseline,piecewise,9.912,shift_ot_h,MX2,between 1 and 0.75 -> 550 (search-dependent),unchanged
speed factor,jiang_short_baseline,piecewise,12.369,shift_h,MX2,between 1 and 0.75 -> 550 (search-dependent),unchanged
speed factor,jiang_short_baseline,piecewise,12.369,crew_veh_h,MX2,between 0.5 and Liu 50/30 m/min -> 380 (search-dependent),unchanged
speed factor,jiang_short_baseline,piecewise,12.369,crew_team_h,MX2,between 0.5 and Liu 50/30 m/min -> 380 (search-dependent),unchanged
speed factor,jiang_short_baseline,piecewise,12.369,shift_ot_h,MX2,between 1 and 0.75 -> 550 (search-dependent),unchanged
speed factor,jiang_short_baseline,piecewise,15.436,shift_h,MX2,between 1 and 0.75 -> 550 (search-dependent),unchanged
speed factor,jiang_short_baseline,piecewise,15.436,crew_veh_h,MX2,between 0.5 and Liu 50/30 m/min -> 380 (search-dependent),unchanged
speed factor,jiang_short_baseline,piecewise,15.436,crew_team_h,MX2,between 0.5 and Liu 50/30 m/min -> 380 (search-dependent),unchanged
speed factor,jiang_short_baseline,piecewise,15.436,shift_ot_h,MX2,between 1 and 0.75 -> 550 (search-dependent),unchanged
speed factor,jiang_short_baseline,piecewise,19.263,shift_h,MX2,between 1 and 0.75 -> 550 (search-dependent),unchanged
speed factor,jiang_short_baseline,piecewise,19.263,crew_veh_h,MX2,between 0.5 and Liu 50/30 m/min -> 380 (certain),unchanged
speed factor,jiang_short_baseline,piecewise,19.263,crew_team_h,MX2,between 0.5 and Liu 50/30 m/min -> 300 (search-dependent),unchanged
speed factor,jiang_short_baseline,piecewise,19.263,shift_ot_h,MX2,between 1 and 0.75 -> 550 (search-dependent),unchanged
speed factor,jiang_short_baseline,piecewise,24.04,shift_h,MX2,between 1 and 0.75 -> 550 (search-dependent),unchanged
speed factor,jiang_short_baseline,piecewise,24.04,crew_veh_h,MX2,between 0.5 and Liu 50/30 m/min -> 380 (certain),unchanged
speed factor,jiang_short_baseline,piecewise,24.04,crew_team_h,MX2,between 0.5 and Liu 50/30 m/min -> 300 (search-dependent),unchanged
speed factor,jiang_short_baseline,piecewise,24.04,shift_ot_h,MX2,between 1 and 0.75 -> 550 (search-dependent),unchanged
speed factor,jiang_short_baseline,piecewise,30.0,shift_h,MX2,between 1 and 0.75 -> 550 (search-dependent),unchanged
speed factor,jiang_short_baseline,piecewise,30.0,crew_veh_h,MX2,between 0.5 and Liu 50/30 m/min -> 380 (certain),unchanged
speed factor,jiang_short_baseline,piecewise,30.0,crew_team_h,MX2,between 0.5 and Liu 50/30 m/min -> 300 (search-dependent),unchanged
speed factor,jiang_short_baseline,piecewise,30.0,shift_ot_h,MX2,between 1 and 0.75 -> 550 (search-dependent),unchanged
speed factor,jiang_massdep_baseline,piecewise,5.1,shift_h,550,between 1 and 0.75 -> 380 (search-dependent),unchanged
speed factor,jiang_massdep_baseline,piecewise,5.1,crew_veh_h,550,between 0.5 and Liu 50/30 m/min -> None (None),unchanged
speed factor,jiang_massdep_baseline,piecewise,5.1,crew_team_h,380,between 0.5 and Liu 50/30 m/min -> None (None),unchanged
speed factor,jiang_massdep_baseline,piecewise,5.1,shift_ot_h,550,between 1 and 0.75 -> 380 (search-dependent),unchanged
speed factor,jiang_massdep_baseline,piecewise,6.364,shift_h,550,between 1 and 0.75 -> 380 (search-dependent),unchanged
speed factor,jiang_massdep_baseline,piecewise,6.364,crew_veh_h,550,between 0.5 and Liu 50/30 m/min -> None (None),unchanged
speed factor,jiang_massdep_baseline,piecewise,6.364,crew_team_h,MX2,between 1 and 0.75 -> 380 (search-dependent),unchanged
speed factor,jiang_massdep_baseline,piecewise,6.364,shift_ot_h,550,between 1 and 0.75 -> 380 (search-dependent),unchanged
speed factor,jiang_massdep_baseline,piecewise,7.943,shift_h,550,between 1 and 0.75 -> 380 (search-dependent),unchanged
speed factor,jiang_massdep_baseline,piecewise,7.943,crew_veh_h,550,between 0.5 and Liu 50/30 m/min -> None (None),unchanged
speed factor,jiang_massdep_baseline,piecewise,7.943,crew_team_h,MX2,between 1 and 0.75 -> 380 (search-dependent),unchanged
speed factor,jiang_massdep_baseline,piecewise,7.943,shift_ot_h,550,between 1 and 0.75 -> 380 (search-dependent),unchanged
speed factor,jiang_massdep_baseline,piecewise,9.912,shift_h,550,between 1 and 0.75 -> 380 (search-dependent),unchanged
speed factor,jiang_massdep_baseline,piecewise,9.912,crew_veh_h,550,between 0.5 and Liu 50/30 m/min -> None (None),unchanged
speed factor,jiang_massdep_baseline,piecewise,9.912,crew_team_h,MX2,between 1 and 0.75 -> 380 (search-dependent),unchanged
speed factor,jiang_massdep_baseline,piecewise,9.912,shift_ot_h,550,between 1 and 0.75 -> 380 (search-dependent),unchanged
speed factor,jiang_massdep_baseline,piecewise,12.369,shift_h,550,between 1 and 0.75 -> 380 (search-dependent),unchanged
speed factor,jiang_massdep_baseline,piecewise,12.369,crew_veh_h,MX2,between 1 and 0.75 -> 550 (search-dependent),unchanged
speed factor,jiang_massdep_baseline,piecewise,12.369,crew_team_h,MX2,between 1 and 0.75 -> 380 (search-dependent),unchanged
speed factor,jiang_massdep_baseline,piecewise,12.369,shift_ot_h,550,between 1 and 0.75 -> 380 (search-dependent),unchanged
speed factor,jiang_massdep_baseline,piecewise,15.436,shift_h,550,between 1 and 0.75 -> 380 (search-dependent),unchanged
speed factor,jiang_massdep_baseline,piecewise,15.436,crew_veh_h,MX2,between 1 and 0.75 -> 380 (search-dependent),unchanged
speed factor,jiang_massdep_baseline,piecewise,15.436,crew_team_h,MX2,between 1 and 0.75 -> 380 (search-dependent),unchanged
speed factor,jiang_massdep_baseline,piecewise,15.436,shift_ot_h,550,between 1 and 0.75 -> 380 (search-dependent),unchanged
speed factor,jiang_massdep_baseline,piecewise,19.263,shift_h,MX2,between 1 and 0.75 -> 380 (search-dependent),unchanged
speed factor,jiang_massdep_baseline,piecewise,19.263,crew_veh_h,MX2,between 1 and 0.75 -> 380 (search-dependent),unchanged
speed factor,jiang_massdep_baseline,piecewise,19.263,crew_team_h,MX2,between 1 and 0.75 -> 380 (search-dependent),unchanged
speed factor,jiang_massdep_baseline,piecewise,19.263,shift_ot_h,550,between 1 and 0.75 -> 380 (search-dependent),unchanged
speed factor,jiang_massdep_baseline,piecewise,24.04,shift_h,MX2,between 1 and 0.75 -> 380 (search-dependent),unchanged
speed factor,jiang_massdep_baseline,piecewise,24.04,crew_veh_h,MX2,between 1 and 0.75 -> 380 (search-dependent),unchanged
speed factor,jiang_massdep_baseline,piecewise,24.04,crew_team_h,MX2,between 0.5 and Liu 50/30 m/min -> None (None),unchanged
speed factor,jiang_massdep_baseline,piecewise,24.04,shift_ot_h,MX2,between 1 and 0.75 -> 380 (search-dependent),unchanged
speed factor,jiang_massdep_baseline,piecewise,30.0,shift_h,MX2,between 1 and 0.75 -> 380 (search-dependent),unchanged
speed factor,jiang_massdep_baseline,piecewise,30.0,crew_veh_h,MX2,between 0.75 and 0.5 -> 380 (search-dependent),unchanged
speed factor,jiang_massdep_baseline,piecewise,30.0,crew_team_h,MX2,between 0.5 and Liu 50/30 m/min -> None (None),unchanged
speed factor,jiang_massdep_baseline,piecewise,30.0,shift_ot_h,MX2,between 1 and 0.75 -> 380 (search-dependent),unchanged
speed factor,rohcha_short_baseline,piecewise,5.1,shift_h,550,unchanged,unchanged
speed factor,rohcha_short_baseline,piecewise,5.1,crew_veh_h,550,unchanged,unchanged
speed factor,rohcha_short_baseline,piecewise,5.1,crew_team_h,550,unchanged,unchanged
speed factor,rohcha_short_baseline,piecewise,5.1,shift_ot_h,550,unchanged,unchanged
speed factor,rohcha_short_baseline,piecewise,6.364,shift_h,550,unchanged,unchanged
speed factor,rohcha_short_baseline,piecewise,6.364,crew_veh_h,550,unchanged,unchanged
speed factor,rohcha_short_baseline,piecewise,6.364,crew_team_h,550,unchanged,unchanged
speed factor,rohcha_short_baseline,piecewise,6.364,shift_ot_h,550,unchanged,unchanged
speed factor,rohcha_short_baseline,piecewise,7.943,shift_h,550,unchanged,unchanged
speed factor,rohcha_short_baseline,piecewise,7.943,crew_veh_h,550,unchanged,unchanged
speed factor,rohcha_short_baseline,piecewise,7.943,crew_team_h,550,unchanged,unchanged
speed factor,rohcha_short_baseline,piecewise,7.943,shift_ot_h,550,unchanged,unchanged
speed factor,rohcha_short_baseline,piecewise,9.912,shift_h,550,unchanged,unchanged
speed factor,rohcha_short_baseline,piecewise,9.912,crew_veh_h,550,unchanged,unchanged
speed factor,rohcha_short_baseline,piecewise,9.912,crew_team_h,550,unchanged,unchanged
speed factor,rohcha_short_baseline,piecewise,9.912,shift_ot_h,550,unchanged,unchanged
speed factor,rohcha_short_baseline,piecewise,12.369,shift_h,550,unchanged,unchanged
speed factor,rohcha_short_baseline,piecewise,12.369,crew_veh_h,550,unchanged,unchanged
speed factor,rohcha_short_baseline,piecewise,12.369,crew_team_h,550,unchanged,unchanged
speed factor,rohcha_short_baseline,piecewise,12.369,shift_ot_h,550,unchanged,unchanged
speed factor,rohcha_short_baseline,piecewise,15.436,shift_h,550,unchanged,unchanged
speed factor,rohcha_short_baseline,piecewise,15.436,crew_veh_h,550,unchanged,unchanged
speed factor,rohcha_short_baseline,piecewise,15.436,crew_team_h,550,unchanged,unchanged
speed factor,rohcha_short_baseline,piecewise,15.436,shift_ot_h,550,unchanged,unchanged
speed factor,rohcha_short_baseline,piecewise,19.263,shift_h,550,unchanged,unchanged
speed factor,rohcha_short_baseline,piecewise,19.263,crew_veh_h,550,unchanged,unchanged
speed factor,rohcha_short_baseline,piecewise,19.263,crew_team_h,550,unchanged,unchanged
speed factor,rohcha_short_baseline,piecewise,19.263,shift_ot_h,550,unchanged,unchanged
speed factor,rohcha_short_baseline,piecewise,24.04,shift_h,550,unchanged,unchanged
speed factor,rohcha_short_baseline,piecewise,24.04,crew_veh_h,550,unchanged,unchanged
speed factor,rohcha_short_baseline,piecewise,24.04,crew_team_h,550,unchanged,unchanged
speed factor,rohcha_short_baseline,piecewise,24.04,shift_ot_h,550,unchanged,unchanged
speed factor,rohcha_short_baseline,piecewise,30.0,shift_h,550,unchanged,unchanged
speed factor,rohcha_short_baseline,piecewise,30.0,crew_veh_h,550,unchanged,unchanged
speed factor,rohcha_short_baseline,piecewise,30.0,crew_team_h,550,unchanged,unchanged
speed factor,rohcha_short_baseline,piecewise,30.0,shift_ot_h,550,unchanged,unchanged
speed factor,rohcha_massdep_baseline,piecewise,5.1,shift_h,550,between 0.5 and Liu 50/30 m/min -> None (None),unchanged
speed factor,rohcha_massdep_baseline,piecewise,5.1,crew_veh_h,550,between 0.5 and Liu 50/30 m/min -> None (None),unchanged
speed factor,rohcha_massdep_baseline,piecewise,5.1,crew_team_h,550,between 0.5 and Liu 50/30 m/min -> None (None),unchanged
speed factor,rohcha_massdep_baseline,piecewise,5.1,shift_ot_h,550,between 0.5 and Liu 50/30 m/min -> None (None),unchanged
speed factor,rohcha_massdep_baseline,piecewise,6.364,shift_h,550,between 0.5 and Liu 50/30 m/min -> None (None),unchanged
speed factor,rohcha_massdep_baseline,piecewise,6.364,crew_veh_h,550,between 0.5 and Liu 50/30 m/min -> None (None),unchanged
speed factor,rohcha_massdep_baseline,piecewise,6.364,crew_team_h,550,between 0.5 and Liu 50/30 m/min -> None (None),unchanged
speed factor,rohcha_massdep_baseline,piecewise,6.364,shift_ot_h,550,between 0.5 and Liu 50/30 m/min -> None (None),unchanged
speed factor,rohcha_massdep_baseline,piecewise,7.943,shift_h,550,between 0.5 and Liu 50/30 m/min -> None (None),unchanged
speed factor,rohcha_massdep_baseline,piecewise,7.943,crew_veh_h,550,between 0.5 and Liu 50/30 m/min -> None (None),unchanged
speed factor,rohcha_massdep_baseline,piecewise,7.943,crew_team_h,550,between 0.5 and Liu 50/30 m/min -> None (None),unchanged
speed factor,rohcha_massdep_baseline,piecewise,7.943,shift_ot_h,550,between 0.5 and Liu 50/30 m/min -> None (None),unchanged
speed factor,rohcha_massdep_baseline,piecewise,9.912,shift_h,550,between 0.5 and Liu 50/30 m/min -> None (None),unchanged
speed factor,rohcha_massdep_baseline,piecewise,9.912,crew_veh_h,550,between 0.5 and Liu 50/30 m/min -> None (None),unchanged
speed factor,rohcha_massdep_baseline,piecewise,9.912,crew_team_h,550,between 0.5 and Liu 50/30 m/min -> None (None),unchanged
speed factor,rohcha_massdep_baseline,piecewise,9.912,shift_ot_h,550,between 0.5 and Liu 50/30 m/min -> None (None),unchanged
speed factor,rohcha_massdep_baseline,piecewise,12.369,shift_h,550,between 0.5 and Liu 50/30 m/min -> None (None),unchanged
speed factor,rohcha_massdep_baseline,piecewise,12.369,crew_veh_h,550,between 0.5 and Liu 50/30 m/min -> None (None),unchanged
speed factor,rohcha_massdep_baseline,piecewise,12.369,crew_team_h,550,between 0.5 and Liu 50/30 m/min -> None (None),unchanged
speed factor,rohcha_massdep_baseline,piecewise,12.369,shift_ot_h,550,between 0.5 and Liu 50/30 m/min -> None (None),unchanged
speed factor,rohcha_massdep_baseline,piecewise,15.436,shift_h,550,between 0.5 and Liu 50/30 m/min -> None (None),unchanged
speed factor,rohcha_massdep_baseline,piecewise,15.436,crew_veh_h,550,between 0.5 and Liu 50/30 m/min -> None (None),unchanged
speed factor,rohcha_massdep_baseline,piecewise,15.436,crew_team_h,550,between 0.5 and Liu 50/30 m/min -> None (None),unchanged
speed factor,rohcha_massdep_baseline,piecewise,15.436,shift_ot_h,550,between 0.5 and Liu 50/30 m/min -> None (None),unchanged
speed factor,rohcha_massdep_baseline,piecewise,19.263,shift_h,550,between 0.5 and Liu 50/30 m/min -> None (None),unchanged
speed factor,rohcha_massdep_baseline,piecewise,19.263,crew_veh_h,550,between 0.5 and Liu 50/30 m/min -> None (None),unchanged
speed factor,rohcha_massdep_baseline,piecewise,19.263,crew_team_h,550,between 0.5 and Liu 50/30 m/min -> None (None),unchanged
speed factor,rohcha_massdep_baseline,piecewise,19.263,shift_ot_h,550,between 0.5 and Liu 50/30 m/min -> None (None),unchanged
speed factor,rohcha_massdep_baseline,piecewise,24.04,shift_h,550,between 0.5 and Liu 50/30 m/min -> None (None),unchanged
speed factor,rohcha_massdep_baseline,piecewise,24.04,crew_veh_h,550,between 0.5 and Liu 50/30 m/min -> None (None),unchanged
speed factor,rohcha_massdep_baseline,piecewise,24.04,crew_team_h,550,between 0.5 and Liu 50/30 m/min -> None (None),unchanged
speed factor,rohcha_massdep_baseline,piecewise,24.04,shift_ot_h,550,between 0.5 and Liu 50/30 m/min -> None (None),unchanged
speed factor,rohcha_massdep_baseline,piecewise,30.0,shift_h,550,between 0.5 and Liu 50/30 m/min -> None (None),unchanged
speed factor,rohcha_massdep_baseline,piecewise,30.0,crew_veh_h,550,between 0.5 and Liu 50/30 m/min -> None (None),unchanged
speed factor,rohcha_massdep_baseline,piecewise,30.0,crew_team_h,550,between 0.5 and Liu 50/30 m/min -> None (None),unchanged
speed factor,rohcha_massdep_baseline,piecewise,30.0,shift_ot_h,550,between 0.5 and Liu 50/30 m/min -> None (None),unchanged
speed factor,jiang_short_baseline,power_0.72,5.1,shift_h,MX2,between 1 and 0.75 -> 550 (search-dependent),unchanged
speed factor,jiang_short_baseline,power_0.72,5.1,crew_veh_h,MX2,between 0.75 and 0.5 -> 550 (certain),unchanged
speed factor,jiang_short_baseline,power_0.72,5.1,crew_team_h,MX2,between 0.75 and 0.5 -> 550 (search-dependent),unchanged
speed factor,jiang_short_baseline,power_0.72,5.1,shift_ot_h,MX2,between 1 and 0.75 -> 550 (search-dependent),unchanged
speed factor,jiang_short_baseline,power_0.72,6.364,shift_h,MX2,between 1 and 0.75 -> 550 (search-dependent),unchanged
speed factor,jiang_short_baseline,power_0.72,6.364,crew_veh_h,MX2,between 0.75 and 0.5 -> 550 (certain),unchanged
speed factor,jiang_short_baseline,power_0.72,6.364,crew_team_h,MX2,between 0.75 and 0.5 -> 380 (search-dependent),unchanged
speed factor,jiang_short_baseline,power_0.72,6.364,shift_ot_h,MX2,between 1 and 0.75 -> 550 (search-dependent),unchanged
speed factor,jiang_short_baseline,power_0.72,7.943,shift_h,MX2,between 1 and 0.75 -> 550 (search-dependent),unchanged
speed factor,jiang_short_baseline,power_0.72,7.943,crew_veh_h,MX2,between 0.75 and 0.5 -> 550 (certain),unchanged
speed factor,jiang_short_baseline,power_0.72,7.943,crew_team_h,MX2,between 0.5 and Liu 50/30 m/min -> 380 (certain),unchanged
speed factor,jiang_short_baseline,power_0.72,7.943,shift_ot_h,MX2,between 1 and 0.75 -> 550 (search-dependent),unchanged
speed factor,jiang_short_baseline,power_0.72,9.912,shift_h,MX2,between 1 and 0.75 -> 550 (search-dependent),unchanged
speed factor,jiang_short_baseline,power_0.72,9.912,crew_veh_h,MX2,between 0.75 and 0.5 -> 550 (search-dependent),unchanged
speed factor,jiang_short_baseline,power_0.72,9.912,crew_team_h,MX2,between 0.5 and Liu 50/30 m/min -> 380 (search-dependent),unchanged
speed factor,jiang_short_baseline,power_0.72,9.912,shift_ot_h,MX2,between 1 and 0.75 -> 550 (search-dependent),unchanged
speed factor,jiang_short_baseline,power_0.72,12.369,shift_h,MX2,between 1 and 0.75 -> 550 (search-dependent),unchanged
speed factor,jiang_short_baseline,power_0.72,12.369,crew_veh_h,MX2,between 0.5 and Liu 50/30 m/min -> 550 (search-dependent),unchanged
speed factor,jiang_short_baseline,power_0.72,12.369,crew_team_h,MX2,between 0.5 and Liu 50/30 m/min -> 380 (search-dependent),unchanged
speed factor,jiang_short_baseline,power_0.72,12.369,shift_ot_h,MX2,between 1 and 0.75 -> 550 (search-dependent),unchanged
speed factor,jiang_short_baseline,power_0.72,15.436,shift_h,MX2,between 1 and 0.75 -> 550 (search-dependent),unchanged
speed factor,jiang_short_baseline,power_0.72,15.436,crew_veh_h,MX2,between 0.5 and Liu 50/30 m/min -> 380 (search-dependent),unchanged
speed factor,jiang_short_baseline,power_0.72,15.436,crew_team_h,MX2,between 0.5 and Liu 50/30 m/min -> 380 (search-dependent),unchanged
speed factor,jiang_short_baseline,power_0.72,15.436,shift_ot_h,MX2,between 1 and 0.75 -> 550 (search-dependent),unchanged
speed factor,jiang_short_baseline,power_0.72,19.263,shift_h,MX2,between 1 and 0.75 -> 550 (search-dependent),unchanged
speed factor,jiang_short_baseline,power_0.72,19.263,crew_veh_h,MX2,between 0.5 and Liu 50/30 m/min -> 380 (search-dependent),unchanged
speed factor,jiang_short_baseline,power_0.72,19.263,crew_team_h,MX2,between 0.5 and Liu 50/30 m/min -> 380 (search-dependent),unchanged
speed factor,jiang_short_baseline,power_0.72,19.263,shift_ot_h,MX2,between 1 and 0.75 -> 550 (search-dependent),unchanged
speed factor,jiang_short_baseline,power_0.72,24.04,shift_h,MX2,between 1 and 0.75 -> 550 (search-dependent),unchanged
speed factor,jiang_short_baseline,power_0.72,24.04,crew_veh_h,MX2,between 0.5 and Liu 50/30 m/min -> 380 (search-dependent),unchanged
speed factor,jiang_short_baseline,power_0.72,24.04,crew_team_h,MX2,between 0.5 and Liu 50/30 m/min -> 380 (search-dependent),unchanged
speed factor,jiang_short_baseline,power_0.72,24.04,shift_ot_h,MX2,between 1 and 0.75 -> 550 (search-dependent),unchanged
speed factor,jiang_short_baseline,power_0.72,30.0,shift_h,MX2,between 1 and 0.75 -> 550 (search-dependent),unchanged
speed factor,jiang_short_baseline,power_0.72,30.0,crew_veh_h,MX2,between 0.5 and Liu 50/30 m/min -> 380 (search-dependent),unchanged
speed factor,jiang_short_baseline,power_0.72,30.0,crew_team_h,MX2,between 0.5 and Liu 50/30 m/min -> 380 (search-dependent),unchanged
speed factor,jiang_short_baseline,power_0.72,30.0,shift_ot_h,MX2,between 1 and 0.75 -> 550 (search-dependent),unchanged
speed factor,jiang_massdep_baseline,power_0.72,5.1,shift_h,550,between 1 and 0.75 -> 380 (search-dependent),unchanged
speed factor,jiang_massdep_baseline,power_0.72,5.1,crew_veh_h,550,between 0.5 and Liu 50/30 m/min -> None (None),unchanged
speed factor,jiang_massdep_baseline,power_0.72,5.1,crew_team_h,550,between 0.75 and 0.5 -> 380 (search-dependent),unchanged
speed factor,jiang_massdep_baseline,power_0.72,5.1,shift_ot_h,550,between 0.5 and Liu 50/30 m/min -> None (None),unchanged
speed factor,jiang_massdep_baseline,power_0.72,6.364,shift_h,550,between 1 and 0.75 -> 380 (search-dependent),unchanged
speed factor,jiang_massdep_baseline,power_0.72,6.364,crew_veh_h,550,between 0.5 and Liu 50/30 m/min -> None (None),unchanged
speed factor,jiang_massdep_baseline,power_0.72,6.364,crew_team_h,MX2,between 1 and 0.75 -> 380 (search-dependent),unchanged
speed factor,jiang_massdep_baseline,power_0.72,6.364,shift_ot_h,550,between 1 and 0.75 -> 380 (search-dependent),unchanged
speed factor,jiang_massdep_baseline,power_0.72,7.943,shift_h,550,between 1 and 0.75 -> 380 (search-dependent),unchanged
speed factor,jiang_massdep_baseline,power_0.72,7.943,crew_veh_h,550,between 0.5 and Liu 50/30 m/min -> None (None),unchanged
speed factor,jiang_massdep_baseline,power_0.72,7.943,crew_team_h,MX2,between 1 and 0.75 -> 380 (search-dependent),unchanged
speed factor,jiang_massdep_baseline,power_0.72,7.943,shift_ot_h,550,between 1 and 0.75 -> 380 (search-dependent),unchanged
speed factor,jiang_massdep_baseline,power_0.72,9.912,shift_h,550,between 1 and 0.75 -> 380 (search-dependent),unchanged
speed factor,jiang_massdep_baseline,power_0.72,9.912,crew_veh_h,550,between 0.5 and Liu 50/30 m/min -> None (None),unchanged
speed factor,jiang_massdep_baseline,power_0.72,9.912,crew_team_h,MX2,between 1 and 0.75 -> 380 (search-dependent),unchanged
speed factor,jiang_massdep_baseline,power_0.72,9.912,shift_ot_h,550,between 1 and 0.75 -> 380 (search-dependent),unchanged
speed factor,jiang_massdep_baseline,power_0.72,12.369,shift_h,550,between 1 and 0.75 -> 380 (search-dependent),unchanged
speed factor,jiang_massdep_baseline,power_0.72,12.369,crew_veh_h,550,between 0.5 and Liu 50/30 m/min -> None (None),unchanged
speed factor,jiang_massdep_baseline,power_0.72,12.369,crew_team_h,MX2,between 1 and 0.75 -> 380 (search-dependent),unchanged
speed factor,jiang_massdep_baseline,power_0.72,12.369,shift_ot_h,550,between 1 and 0.75 -> 380 (search-dependent),unchanged
speed factor,jiang_massdep_baseline,power_0.72,15.436,shift_h,550,between 1 and 0.75 -> 380 (search-dependent),unchanged
speed factor,jiang_massdep_baseline,power_0.72,15.436,crew_veh_h,MX2,between 1 and 0.75 -> 550 (search-dependent),unchanged
speed factor,jiang_massdep_baseline,power_0.72,15.436,crew_team_h,MX2,between 1 and 0.75 -> 380 (search-dependent),unchanged
speed factor,jiang_massdep_baseline,power_0.72,15.436,shift_ot_h,550,between 1 and 0.75 -> 380 (search-dependent),unchanged
speed factor,jiang_massdep_baseline,power_0.72,19.263,shift_h,550,between 1 and 0.75 -> 380 (search-dependent),unchanged
speed factor,jiang_massdep_baseline,power_0.72,19.263,crew_veh_h,MX2,between 1 and 0.75 -> 380 (search-dependent),unchanged
speed factor,jiang_massdep_baseline,power_0.72,19.263,crew_team_h,MX2,between 1 and 0.75 -> 380 (search-dependent),unchanged
speed factor,jiang_massdep_baseline,power_0.72,19.263,shift_ot_h,550,between 1 and 0.75 -> 380 (search-dependent),unchanged
speed factor,jiang_massdep_baseline,power_0.72,24.04,shift_h,550,between 1 and 0.75 -> 380 (search-dependent),unchanged
speed factor,jiang_massdep_baseline,power_0.72,24.04,crew_veh_h,MX2,between 1 and 0.75 -> 380 (search-dependent),unchanged
speed factor,jiang_massdep_baseline,power_0.72,24.04,crew_team_h,MX2,between 1 and 0.75 -> 380 (search-dependent),unchanged
speed factor,jiang_massdep_baseline,power_0.72,24.04,shift_ot_h,550,between 1 and 0.75 -> 380 (search-dependent),unchanged
speed factor,jiang_massdep_baseline,power_0.72,30.0,shift_h,MX2,between 1 and 0.75 -> 380 (search-dependent),unchanged
speed factor,jiang_massdep_baseline,power_0.72,30.0,crew_veh_h,MX2,between 1 and 0.75 -> 380 (search-dependent),unchanged
speed factor,jiang_massdep_baseline,power_0.72,30.0,crew_team_h,MX2,between 1 and 0.75 -> 380 (search-dependent),unchanged
speed factor,jiang_massdep_baseline,power_0.72,30.0,shift_ot_h,550,between 1 and 0.75 -> 380 (search-dependent),unchanged
speed factor,rohcha_short_baseline,power_0.72,5.1,shift_h,550,unchanged,unchanged
speed factor,rohcha_short_baseline,power_0.72,5.1,crew_veh_h,550,unchanged,unchanged
speed factor,rohcha_short_baseline,power_0.72,5.1,crew_team_h,550,unchanged,unchanged
speed factor,rohcha_short_baseline,power_0.72,5.1,shift_ot_h,550,unchanged,unchanged
speed factor,rohcha_short_baseline,power_0.72,6.364,shift_h,550,unchanged,unchanged
speed factor,rohcha_short_baseline,power_0.72,6.364,crew_veh_h,550,unchanged,unchanged
speed factor,rohcha_short_baseline,power_0.72,6.364,crew_team_h,550,unchanged,unchanged
speed factor,rohcha_short_baseline,power_0.72,6.364,shift_ot_h,550,unchanged,unchanged
speed factor,rohcha_short_baseline,power_0.72,7.943,shift_h,550,unchanged,unchanged
speed factor,rohcha_short_baseline,power_0.72,7.943,crew_veh_h,550,unchanged,unchanged
speed factor,rohcha_short_baseline,power_0.72,7.943,crew_team_h,550,unchanged,unchanged
speed factor,rohcha_short_baseline,power_0.72,7.943,shift_ot_h,550,unchanged,unchanged
speed factor,rohcha_short_baseline,power_0.72,9.912,shift_h,550,unchanged,unchanged
speed factor,rohcha_short_baseline,power_0.72,9.912,crew_veh_h,550,unchanged,unchanged
speed factor,rohcha_short_baseline,power_0.72,9.912,crew_team_h,550,unchanged,unchanged
speed factor,rohcha_short_baseline,power_0.72,9.912,shift_ot_h,550,unchanged,unchanged
speed factor,rohcha_short_baseline,power_0.72,12.369,shift_h,550,unchanged,unchanged
speed factor,rohcha_short_baseline,power_0.72,12.369,crew_veh_h,550,unchanged,unchanged
speed factor,rohcha_short_baseline,power_0.72,12.369,crew_team_h,550,unchanged,unchanged
speed factor,rohcha_short_baseline,power_0.72,12.369,shift_ot_h,550,unchanged,unchanged
speed factor,rohcha_short_baseline,power_0.72,15.436,shift_h,550,unchanged,unchanged
speed factor,rohcha_short_baseline,power_0.72,15.436,crew_veh_h,550,unchanged,unchanged
speed factor,rohcha_short_baseline,power_0.72,15.436,crew_team_h,550,unchanged,unchanged
speed factor,rohcha_short_baseline,power_0.72,15.436,shift_ot_h,550,unchanged,unchanged
speed factor,rohcha_short_baseline,power_0.72,19.263,shift_h,550,unchanged,unchanged
speed factor,rohcha_short_baseline,power_0.72,19.263,crew_veh_h,550,unchanged,unchanged
speed factor,rohcha_short_baseline,power_0.72,19.263,crew_team_h,550,unchanged,unchanged
speed factor,rohcha_short_baseline,power_0.72,19.263,shift_ot_h,550,unchanged,unchanged
speed factor,rohcha_short_baseline,power_0.72,24.04,shift_h,550,unchanged,unchanged
speed factor,rohcha_short_baseline,power_0.72,24.04,crew_veh_h,550,unchanged,unchanged
speed factor,rohcha_short_baseline,power_0.72,24.04,crew_team_h,550,unchanged,unchanged
speed factor,rohcha_short_baseline,power_0.72,24.04,shift_ot_h,550,unchanged,unchanged
speed factor,rohcha_short_baseline,power_0.72,30.0,shift_h,550,unchanged,unchanged
speed factor,rohcha_short_baseline,power_0.72,30.0,crew_veh_h,550,unchanged,unchanged
speed factor,rohcha_short_baseline,power_0.72,30.0,crew_team_h,550,unchanged,unchanged
speed factor,rohcha_short_baseline,power_0.72,30.0,shift_ot_h,550,unchanged,unchanged
speed factor,rohcha_massdep_baseline,power_0.72,5.1,shift_h,550,between 0.5 and Liu 50/30 m/min -> None (None),unchanged
speed factor,rohcha_massdep_baseline,power_0.72,5.1,crew_veh_h,550,between 0.5 and Liu 50/30 m/min -> None (None),unchanged
speed factor,rohcha_massdep_baseline,power_0.72,5.1,crew_team_h,550,between 0.5 and Liu 50/30 m/min -> None (None),unchanged
speed factor,rohcha_massdep_baseline,power_0.72,5.1,shift_ot_h,550,between 0.5 and Liu 50/30 m/min -> None (None),unchanged
speed factor,rohcha_massdep_baseline,power_0.72,6.364,shift_h,550,between 0.5 and Liu 50/30 m/min -> None (None),unchanged
speed factor,rohcha_massdep_baseline,power_0.72,6.364,crew_veh_h,550,between 0.5 and Liu 50/30 m/min -> None (None),unchanged
speed factor,rohcha_massdep_baseline,power_0.72,6.364,crew_team_h,550,between 0.5 and Liu 50/30 m/min -> None (None),unchanged
speed factor,rohcha_massdep_baseline,power_0.72,6.364,shift_ot_h,550,between 0.5 and Liu 50/30 m/min -> None (None),unchanged
speed factor,rohcha_massdep_baseline,power_0.72,7.943,shift_h,550,between 0.5 and Liu 50/30 m/min -> None (None),unchanged
speed factor,rohcha_massdep_baseline,power_0.72,7.943,crew_veh_h,550,between 0.5 and Liu 50/30 m/min -> None (None),unchanged
speed factor,rohcha_massdep_baseline,power_0.72,7.943,crew_team_h,550,between 0.5 and Liu 50/30 m/min -> None (None),unchanged
speed factor,rohcha_massdep_baseline,power_0.72,7.943,shift_ot_h,550,between 0.5 and Liu 50/30 m/min -> None (None),unchanged
speed factor,rohcha_massdep_baseline,power_0.72,9.912,shift_h,550,between 0.5 and Liu 50/30 m/min -> None (None),unchanged
speed factor,rohcha_massdep_baseline,power_0.72,9.912,crew_veh_h,550,between 0.5 and Liu 50/30 m/min -> None (None),unchanged
speed factor,rohcha_massdep_baseline,power_0.72,9.912,crew_team_h,550,between 0.5 and Liu 50/30 m/min -> None (None),unchanged
speed factor,rohcha_massdep_baseline,power_0.72,9.912,shift_ot_h,550,between 0.5 and Liu 50/30 m/min -> None (None),unchanged
speed factor,rohcha_massdep_baseline,power_0.72,12.369,shift_h,550,between 0.5 and Liu 50/30 m/min -> None (None),unchanged
speed factor,rohcha_massdep_baseline,power_0.72,12.369,crew_veh_h,550,between 0.5 and Liu 50/30 m/min -> None (None),unchanged
speed factor,rohcha_massdep_baseline,power_0.72,12.369,crew_team_h,550,between 0.5 and Liu 50/30 m/min -> None (None),unchanged
speed factor,rohcha_massdep_baseline,power_0.72,12.369,shift_ot_h,550,between 0.5 and Liu 50/30 m/min -> None (None),unchanged
speed factor,rohcha_massdep_baseline,power_0.72,15.436,shift_h,550,between 0.5 and Liu 50/30 m/min -> None (None),unchanged
speed factor,rohcha_massdep_baseline,power_0.72,15.436,crew_veh_h,550,between 0.5 and Liu 50/30 m/min -> None (None),unchanged
speed factor,rohcha_massdep_baseline,power_0.72,15.436,crew_team_h,550,between 0.5 and Liu 50/30 m/min -> None (None),unchanged
speed factor,rohcha_massdep_baseline,power_0.72,15.436,shift_ot_h,550,between 0.5 and Liu 50/30 m/min -> None (None),unchanged
speed factor,rohcha_massdep_baseline,power_0.72,19.263,shift_h,550,between 0.5 and Liu 50/30 m/min -> None (None),unchanged
speed factor,rohcha_massdep_baseline,power_0.72,19.263,crew_veh_h,550,between 0.5 and Liu 50/30 m/min -> None (None),unchanged
speed factor,rohcha_massdep_baseline,power_0.72,19.263,crew_team_h,550,between 0.5 and Liu 50/30 m/min -> None (None),unchanged
speed factor,rohcha_massdep_baseline,power_0.72,19.263,shift_ot_h,550,between 0.5 and Liu 50/30 m/min -> None (None),unchanged
speed factor,rohcha_massdep_baseline,power_0.72,24.04,shift_h,550,between 0.5 and Liu 50/30 m/min -> None (None),unchanged
speed factor,rohcha_massdep_baseline,power_0.72,24.04,crew_veh_h,550,between 0.5 and Liu 50/30 m/min -> None (None),unchanged
speed factor,rohcha_massdep_baseline,power_0.72,24.04,crew_team_h,550,between 0.5 and Liu 50/30 m/min -> None (None),unchanged
speed factor,rohcha_massdep_baseline,power_0.72,24.04,shift_ot_h,550,between 0.5 and Liu 50/30 m/min -> None (None),unchanged
speed factor,rohcha_massdep_baseline,power_0.72,30.0,shift_h,550,between 0.5 and Liu 50/30 m/min -> None (None),unchanged
speed factor,rohcha_massdep_baseline,power_0.72,30.0,crew_veh_h,550,between 0.5 and Liu 50/30 m/min -> None (None),unchanged
speed factor,rohcha_massdep_baseline,power_0.72,30.0,crew_team_h,550,between 0.5 and Liu 50/30 m/min -> None (None),unchanged
speed factor,rohcha_massdep_baseline,power_0.72,30.0,shift_ot_h,550,between 0.5 and Liu 50/30 m/min -> None (None),unchanged
speed factor,jiang_short_baseline,power_0.84,5.1,shift_h,MX2,between 1 and 0.75 -> 550 (search-dependent),unchanged
speed factor,jiang_short_baseline,power_0.84,5.1,crew_veh_h,MX2,between 0.75 and 0.5 -> 550 (certain),unchanged
speed factor,jiang_short_baseline,power_0.84,5.1,crew_team_h,MX2,between 0.75 and 0.5 -> 380 (search-dependent),unchanged
speed factor,jiang_short_baseline,power_0.84,5.1,shift_ot_h,MX2,between 1 and 0.75 -> 550 (search-dependent),unchanged
speed factor,jiang_short_baseline,power_0.84,6.364,shift_h,MX2,between 1 and 0.75 -> 550 (search-dependent),unchanged
speed factor,jiang_short_baseline,power_0.84,6.364,crew_veh_h,MX2,between 0.75 and 0.5 -> 550 (certain),unchanged
speed factor,jiang_short_baseline,power_0.84,6.364,crew_team_h,MX2,between 0.5 and Liu 50/30 m/min -> 380 (certain),unchanged
speed factor,jiang_short_baseline,power_0.84,6.364,shift_ot_h,MX2,between 1 and 0.75 -> 550 (search-dependent),unchanged
speed factor,jiang_short_baseline,power_0.84,7.943,shift_h,MX2,between 1 and 0.75 -> 550 (search-dependent),unchanged
speed factor,jiang_short_baseline,power_0.84,7.943,crew_veh_h,MX2,between 0.75 and 0.5 -> 550 (search-dependent),unchanged
speed factor,jiang_short_baseline,power_0.84,7.943,crew_team_h,MX2,between 0.5 and Liu 50/30 m/min -> 380 (search-dependent),unchanged
speed factor,jiang_short_baseline,power_0.84,7.943,shift_ot_h,MX2,between 1 and 0.75 -> 550 (search-dependent),unchanged
speed factor,jiang_short_baseline,power_0.84,9.912,shift_h,MX2,between 1 and 0.75 -> 550 (search-dependent),unchanged
speed factor,jiang_short_baseline,power_0.84,9.912,crew_veh_h,MX2,between 0.5 and Liu 50/30 m/min -> 550 (search-dependent),unchanged
speed factor,jiang_short_baseline,power_0.84,9.912,crew_team_h,MX2,between 0.5 and Liu 50/30 m/min -> 380 (search-dependent),unchanged
speed factor,jiang_short_baseline,power_0.84,9.912,shift_ot_h,MX2,between 1 and 0.75 -> 550 (search-dependent),unchanged
speed factor,jiang_short_baseline,power_0.84,12.369,shift_h,MX2,between 1 and 0.75 -> 550 (search-dependent),unchanged
speed factor,jiang_short_baseline,power_0.84,12.369,crew_veh_h,MX2,between 0.5 and Liu 50/30 m/min -> 380 (search-dependent),unchanged
speed factor,jiang_short_baseline,power_0.84,12.369,crew_team_h,MX2,between 0.5 and Liu 50/30 m/min -> 380 (search-dependent),unchanged
speed factor,jiang_short_baseline,power_0.84,12.369,shift_ot_h,MX2,between 1 and 0.75 -> 550 (search-dependent),unchanged
speed factor,jiang_short_baseline,power_0.84,15.436,shift_h,MX2,between 1 and 0.75 -> 550 (search-dependent),unchanged
speed factor,jiang_short_baseline,power_0.84,15.436,crew_veh_h,MX2,between 0.5 and Liu 50/30 m/min -> 380 (search-dependent),unchanged
speed factor,jiang_short_baseline,power_0.84,15.436,crew_team_h,MX2,between 0.5 and Liu 50/30 m/min -> 380 (search-dependent),unchanged
speed factor,jiang_short_baseline,power_0.84,15.436,shift_ot_h,MX2,between 1 and 0.75 -> 550 (search-dependent),unchanged
speed factor,jiang_short_baseline,power_0.84,19.263,shift_h,MX2,between 1 and 0.75 -> 550 (search-dependent),unchanged
speed factor,jiang_short_baseline,power_0.84,19.263,crew_veh_h,MX2,between 0.5 and Liu 50/30 m/min -> 380 (search-dependent),unchanged
speed factor,jiang_short_baseline,power_0.84,19.263,crew_team_h,MX2,between 0.5 and Liu 50/30 m/min -> 300 (search-dependent),unchanged
speed factor,jiang_short_baseline,power_0.84,19.263,shift_ot_h,MX2,between 1 and 0.75 -> 550 (search-dependent),unchanged
speed factor,jiang_short_baseline,power_0.84,24.04,shift_h,MX2,between 1 and 0.75 -> 550 (search-dependent),unchanged
speed factor,jiang_short_baseline,power_0.84,24.04,crew_veh_h,MX2,between 0.5 and Liu 50/30 m/min -> 380 (certain),unchanged
speed factor,jiang_short_baseline,power_0.84,24.04,crew_team_h,MX2,between 0.5 and Liu 50/30 m/min -> 300 (search-dependent),unchanged
speed factor,jiang_short_baseline,power_0.84,24.04,shift_ot_h,MX2,between 1 and 0.75 -> 550 (search-dependent),unchanged
speed factor,jiang_short_baseline,power_0.84,30.0,shift_h,MX2,between 1 and 0.75 -> 550 (search-dependent),unchanged
speed factor,jiang_short_baseline,power_0.84,30.0,crew_veh_h,MX2,between 0.5 and Liu 50/30 m/min -> 380 (certain),unchanged
speed factor,jiang_short_baseline,power_0.84,30.0,crew_team_h,MX2,between 0.5 and Liu 50/30 m/min -> 300 (search-dependent),unchanged
speed factor,jiang_short_baseline,power_0.84,30.0,shift_ot_h,MX2,between 1 and 0.75 -> 550 (search-dependent),unchanged
speed factor,jiang_massdep_baseline,power_0.84,5.1,shift_h,550,between 1 and 0.75 -> 380 (search-dependent),unchanged
speed factor,jiang_massdep_baseline,power_0.84,5.1,crew_veh_h,550,between 0.5 and Liu 50/30 m/min -> None (None),unchanged
speed factor,jiang_massdep_baseline,power_0.84,5.1,crew_team_h,380,between 0.5 and Liu 50/30 m/min -> None (None),unchanged
speed factor,jiang_massdep_baseline,power_0.84,5.1,shift_ot_h,550,between 1 and 0.75 -> 380 (search-dependent),unchanged
speed factor,jiang_massdep_baseline,power_0.84,6.364,shift_h,550,between 1 and 0.75 -> 380 (search-dependent),unchanged
speed factor,jiang_massdep_baseline,power_0.84,6.364,crew_veh_h,550,between 0.5 and Liu 50/30 m/min -> None (None),unchanged
speed factor,jiang_massdep_baseline,power_0.84,6.364,crew_team_h,MX2,between 1 and 0.75 -> 380 (search-dependent),unchanged
speed factor,jiang_massdep_baseline,power_0.84,6.364,shift_ot_h,550,between 1 and 0.75 -> 380 (search-dependent),unchanged
speed factor,jiang_massdep_baseline,power_0.84,7.943,shift_h,550,between 1 and 0.75 -> 380 (search-dependent),unchanged
speed factor,jiang_massdep_baseline,power_0.84,7.943,crew_veh_h,550,between 0.5 and Liu 50/30 m/min -> None (None),unchanged
speed factor,jiang_massdep_baseline,power_0.84,7.943,crew_team_h,MX2,between 1 and 0.75 -> 380 (search-dependent),unchanged
speed factor,jiang_massdep_baseline,power_0.84,7.943,shift_ot_h,550,between 1 and 0.75 -> 380 (search-dependent),unchanged
speed factor,jiang_massdep_baseline,power_0.84,9.912,shift_h,550,between 1 and 0.75 -> 380 (search-dependent),unchanged
speed factor,jiang_massdep_baseline,power_0.84,9.912,crew_veh_h,550,between 0.5 and Liu 50/30 m/min -> None (None),unchanged
speed factor,jiang_massdep_baseline,power_0.84,9.912,crew_team_h,MX2,between 1 and 0.75 -> 380 (search-dependent),unchanged
speed factor,jiang_massdep_baseline,power_0.84,9.912,shift_ot_h,550,between 1 and 0.75 -> 380 (search-dependent),unchanged
speed factor,jiang_massdep_baseline,power_0.84,12.369,shift_h,550,between 1 and 0.75 -> 380 (search-dependent),unchanged
speed factor,jiang_massdep_baseline,power_0.84,12.369,crew_veh_h,MX2,between 1 and 0.75 -> 550 (search-dependent),unchanged
speed factor,jiang_massdep_baseline,power_0.84,12.369,crew_team_h,MX2,between 1 and 0.75 -> 380 (search-dependent),unchanged
speed factor,jiang_massdep_baseline,power_0.84,12.369,shift_ot_h,550,between 1 and 0.75 -> 380 (search-dependent),unchanged
speed factor,jiang_massdep_baseline,power_0.84,15.436,shift_h,550,between 1 and 0.75 -> 380 (search-dependent),unchanged
speed factor,jiang_massdep_baseline,power_0.84,15.436,crew_veh_h,MX2,between 1 and 0.75 -> 380 (search-dependent),unchanged
speed factor,jiang_massdep_baseline,power_0.84,15.436,crew_team_h,MX2,between 1 and 0.75 -> 380 (search-dependent),unchanged
speed factor,jiang_massdep_baseline,power_0.84,15.436,shift_ot_h,550,between 1 and 0.75 -> 380 (search-dependent),unchanged
speed factor,jiang_massdep_baseline,power_0.84,19.263,shift_h,MX2,between 1 and 0.75 -> 380 (search-dependent),unchanged
speed factor,jiang_massdep_baseline,power_0.84,19.263,crew_veh_h,MX2,between 1 and 0.75 -> 380 (search-dependent),unchanged
speed factor,jiang_massdep_baseline,power_0.84,19.263,crew_team_h,MX2,between 0.5 and Liu 50/30 m/min -> None (None),unchanged
speed factor,jiang_massdep_baseline,power_0.84,19.263,shift_ot_h,550,between 1 and 0.75 -> 380 (search-dependent),unchanged
speed factor,jiang_massdep_baseline,power_0.84,24.04,shift_h,MX2,between 1 and 0.75 -> 380 (search-dependent),unchanged
speed factor,jiang_massdep_baseline,power_0.84,24.04,crew_veh_h,MX2,between 0.75 and 0.5 -> 380 (search-dependent),unchanged
speed factor,jiang_massdep_baseline,power_0.84,24.04,crew_team_h,MX2,between 0.5 and Liu 50/30 m/min -> None (None),unchanged
speed factor,jiang_massdep_baseline,power_0.84,24.04,shift_ot_h,MX2,between 1 and 0.75 -> 380 (search-dependent),unchanged
speed factor,jiang_massdep_baseline,power_0.84,30.0,shift_h,MX2,between 1 and 0.75 -> 380 (search-dependent),unchanged
speed factor,jiang_massdep_baseline,power_0.84,30.0,crew_veh_h,MX2,between 0.75 and 0.5 -> 380 (search-dependent),unchanged
speed factor,jiang_massdep_baseline,power_0.84,30.0,crew_team_h,MX2,between 0.5 and Liu 50/30 m/min -> None (None),unchanged
speed factor,jiang_massdep_baseline,power_0.84,30.0,shift_ot_h,MX2,between 1 and 0.75 -> 380 (search-dependent),unchanged
speed factor,rohcha_short_baseline,power_0.84,5.1,shift_h,550,unchanged,unchanged
speed factor,rohcha_short_baseline,power_0.84,5.1,crew_veh_h,550,unchanged,unchanged
speed factor,rohcha_short_baseline,power_0.84,5.1,crew_team_h,550,unchanged,unchanged
speed factor,rohcha_short_baseline,power_0.84,5.1,shift_ot_h,550,unchanged,unchanged
speed factor,rohcha_short_baseline,power_0.84,6.364,shift_h,550,unchanged,unchanged
speed factor,rohcha_short_baseline,power_0.84,6.364,crew_veh_h,550,unchanged,unchanged
speed factor,rohcha_short_baseline,power_0.84,6.364,crew_team_h,550,unchanged,unchanged
speed factor,rohcha_short_baseline,power_0.84,6.364,shift_ot_h,550,unchanged,unchanged
speed factor,rohcha_short_baseline,power_0.84,7.943,shift_h,550,unchanged,unchanged
speed factor,rohcha_short_baseline,power_0.84,7.943,crew_veh_h,550,unchanged,unchanged
speed factor,rohcha_short_baseline,power_0.84,7.943,crew_team_h,550,unchanged,unchanged
speed factor,rohcha_short_baseline,power_0.84,7.943,shift_ot_h,550,unchanged,unchanged
speed factor,rohcha_short_baseline,power_0.84,9.912,shift_h,550,unchanged,unchanged
speed factor,rohcha_short_baseline,power_0.84,9.912,crew_veh_h,550,unchanged,unchanged
speed factor,rohcha_short_baseline,power_0.84,9.912,crew_team_h,550,unchanged,unchanged
speed factor,rohcha_short_baseline,power_0.84,9.912,shift_ot_h,550,unchanged,unchanged
speed factor,rohcha_short_baseline,power_0.84,12.369,shift_h,550,unchanged,unchanged
speed factor,rohcha_short_baseline,power_0.84,12.369,crew_veh_h,550,unchanged,unchanged
speed factor,rohcha_short_baseline,power_0.84,12.369,crew_team_h,550,unchanged,unchanged
speed factor,rohcha_short_baseline,power_0.84,12.369,shift_ot_h,550,unchanged,unchanged
speed factor,rohcha_short_baseline,power_0.84,15.436,shift_h,550,unchanged,unchanged
speed factor,rohcha_short_baseline,power_0.84,15.436,crew_veh_h,550,unchanged,unchanged
speed factor,rohcha_short_baseline,power_0.84,15.436,crew_team_h,550,unchanged,unchanged
speed factor,rohcha_short_baseline,power_0.84,15.436,shift_ot_h,550,unchanged,unchanged
speed factor,rohcha_short_baseline,power_0.84,19.263,shift_h,550,unchanged,unchanged
speed factor,rohcha_short_baseline,power_0.84,19.263,crew_veh_h,550,unchanged,unchanged
speed factor,rohcha_short_baseline,power_0.84,19.263,crew_team_h,550,unchanged,unchanged
speed factor,rohcha_short_baseline,power_0.84,19.263,shift_ot_h,550,unchanged,unchanged
speed factor,rohcha_short_baseline,power_0.84,24.04,shift_h,550,unchanged,unchanged
speed factor,rohcha_short_baseline,power_0.84,24.04,crew_veh_h,550,unchanged,unchanged
speed factor,rohcha_short_baseline,power_0.84,24.04,crew_team_h,550,unchanged,unchanged
speed factor,rohcha_short_baseline,power_0.84,24.04,shift_ot_h,550,unchanged,unchanged
speed factor,rohcha_short_baseline,power_0.84,30.0,shift_h,550,unchanged,unchanged
speed factor,rohcha_short_baseline,power_0.84,30.0,crew_veh_h,550,unchanged,unchanged
speed factor,rohcha_short_baseline,power_0.84,30.0,crew_team_h,550,unchanged,unchanged
speed factor,rohcha_short_baseline,power_0.84,30.0,shift_ot_h,550,unchanged,unchanged
speed factor,rohcha_massdep_baseline,power_0.84,5.1,shift_h,550,between 0.5 and Liu 50/30 m/min -> None (None),unchanged
speed factor,rohcha_massdep_baseline,power_0.84,5.1,crew_veh_h,550,between 0.5 and Liu 50/30 m/min -> None (None),unchanged
speed factor,rohcha_massdep_baseline,power_0.84,5.1,crew_team_h,550,between 0.5 and Liu 50/30 m/min -> None (None),unchanged
speed factor,rohcha_massdep_baseline,power_0.84,5.1,shift_ot_h,550,between 0.5 and Liu 50/30 m/min -> None (None),unchanged
speed factor,rohcha_massdep_baseline,power_0.84,6.364,shift_h,550,between 0.5 and Liu 50/30 m/min -> None (None),unchanged
speed factor,rohcha_massdep_baseline,power_0.84,6.364,crew_veh_h,550,between 0.5 and Liu 50/30 m/min -> None (None),unchanged
speed factor,rohcha_massdep_baseline,power_0.84,6.364,crew_team_h,550,between 0.5 and Liu 50/30 m/min -> None (None),unchanged
speed factor,rohcha_massdep_baseline,power_0.84,6.364,shift_ot_h,550,between 0.5 and Liu 50/30 m/min -> None (None),unchanged
speed factor,rohcha_massdep_baseline,power_0.84,7.943,shift_h,550,between 0.5 and Liu 50/30 m/min -> None (None),unchanged
speed factor,rohcha_massdep_baseline,power_0.84,7.943,crew_veh_h,550,between 0.5 and Liu 50/30 m/min -> None (None),unchanged
speed factor,rohcha_massdep_baseline,power_0.84,7.943,crew_team_h,550,between 0.5 and Liu 50/30 m/min -> None (None),unchanged
speed factor,rohcha_massdep_baseline,power_0.84,7.943,shift_ot_h,550,between 0.5 and Liu 50/30 m/min -> None (None),unchanged
speed factor,rohcha_massdep_baseline,power_0.84,9.912,shift_h,550,between 0.5 and Liu 50/30 m/min -> None (None),unchanged
speed factor,rohcha_massdep_baseline,power_0.84,9.912,crew_veh_h,550,between 0.5 and Liu 50/30 m/min -> None (None),unchanged
speed factor,rohcha_massdep_baseline,power_0.84,9.912,crew_team_h,550,between 0.5 and Liu 50/30 m/min -> None (None),unchanged
speed factor,rohcha_massdep_baseline,power_0.84,9.912,shift_ot_h,550,between 0.5 and Liu 50/30 m/min -> None (None),unchanged
speed factor,rohcha_massdep_baseline,power_0.84,12.369,shift_h,550,between 0.5 and Liu 50/30 m/min -> None (None),unchanged
speed factor,rohcha_massdep_baseline,power_0.84,12.369,crew_veh_h,550,between 0.5 and Liu 50/30 m/min -> None (None),unchanged
speed factor,rohcha_massdep_baseline,power_0.84,12.369,crew_team_h,550,between 0.5 and Liu 50/30 m/min -> None (None),unchanged
speed factor,rohcha_massdep_baseline,power_0.84,12.369,shift_ot_h,550,between 0.5 and Liu 50/30 m/min -> None (None),unchanged
speed factor,rohcha_massdep_baseline,power_0.84,15.436,shift_h,550,between 0.5 and Liu 50/30 m/min -> None (None),unchanged
speed factor,rohcha_massdep_baseline,power_0.84,15.436,crew_veh_h,550,between 0.5 and Liu 50/30 m/min -> None (None),unchanged
speed factor,rohcha_massdep_baseline,power_0.84,15.436,crew_team_h,550,between 0.5 and Liu 50/30 m/min -> None (None),unchanged
speed factor,rohcha_massdep_baseline,power_0.84,15.436,shift_ot_h,550,between 0.5 and Liu 50/30 m/min -> None (None),unchanged
speed factor,rohcha_massdep_baseline,power_0.84,19.263,shift_h,550,between 0.5 and Liu 50/30 m/min -> None (None),unchanged
speed factor,rohcha_massdep_baseline,power_0.84,19.263,crew_veh_h,550,between 0.5 and Liu 50/30 m/min -> None (None),unchanged
speed factor,rohcha_massdep_baseline,power_0.84,19.263,crew_team_h,550,between 0.5 and Liu 50/30 m/min -> None (None),unchanged
speed factor,rohcha_massdep_baseline,power_0.84,19.263,shift_ot_h,550,between 0.5 and Liu 50/30 m/min -> None (None),unchanged
speed factor,rohcha_massdep_baseline,power_0.84,24.04,shift_h,550,between 0.5 and Liu 50/30 m/min -> None (None),unchanged
speed factor,rohcha_massdep_baseline,power_0.84,24.04,crew_veh_h,550,between 0.5 and Liu 50/30 m/min -> None (None),unchanged
speed factor,rohcha_massdep_baseline,power_0.84,24.04,crew_team_h,550,between 0.5 and Liu 50/30 m/min -> None (None),unchanged
speed factor,rohcha_massdep_baseline,power_0.84,24.04,shift_ot_h,550,between 0.5 and Liu 50/30 m/min -> None (None),unchanged
speed factor,rohcha_massdep_baseline,power_0.84,30.0,shift_h,550,between 0.5 and Liu 50/30 m/min -> None (None),unchanged
speed factor,rohcha_massdep_baseline,power_0.84,30.0,crew_veh_h,550,between 0.5 and Liu 50/30 m/min -> None (None),unchanged
speed factor,rohcha_massdep_baseline,power_0.84,30.0,crew_team_h,550,between 0.5 and Liu 50/30 m/min -> None (None),unchanged
speed factor,rohcha_massdep_baseline,power_0.84,30.0,shift_ot_h,550,between 0.5 and Liu 50/30 m/min -> None (None),unchanged
speed factor,jiang_short_baseline,power_0.96,5.1,shift_h,MX2,between 1 and 0.75 -> 550 (search-dependent),unchanged
speed factor,jiang_short_baseline,power_0.96,5.1,crew_veh_h,MX2,between 0.75 and 0.5 -> 550 (certain),unchanged
speed factor,jiang_short_baseline,power_0.96,5.1,crew_team_h,MX2,between 0.75 and 0.5 -> 380 (search-dependent),unchanged
speed factor,jiang_short_baseline,power_0.96,5.1,shift_ot_h,MX2,between 1 and 0.75 -> 550 (search-dependent),unchanged
speed factor,jiang_short_baseline,power_0.96,6.364,shift_h,MX2,between 1 and 0.75 -> 550 (search-dependent),unchanged
speed factor,jiang_short_baseline,power_0.96,6.364,crew_veh_h,MX2,between 0.75 and 0.5 -> 550 (search-dependent),unchanged
speed factor,jiang_short_baseline,power_0.96,6.364,crew_team_h,MX2,between 0.5 and Liu 50/30 m/min -> 380 (search-dependent),unchanged
speed factor,jiang_short_baseline,power_0.96,6.364,shift_ot_h,MX2,between 1 and 0.75 -> 550 (search-dependent),unchanged
speed factor,jiang_short_baseline,power_0.96,7.943,shift_h,MX2,between 1 and 0.75 -> 550 (search-dependent),unchanged
speed factor,jiang_short_baseline,power_0.96,7.943,crew_veh_h,MX2,between 0.5 and Liu 50/30 m/min -> 550 (search-dependent),unchanged
speed factor,jiang_short_baseline,power_0.96,7.943,crew_team_h,MX2,between 0.5 and Liu 50/30 m/min -> 380 (search-dependent),unchanged
speed factor,jiang_short_baseline,power_0.96,7.943,shift_ot_h,MX2,between 1 and 0.75 -> 550 (search-dependent),unchanged
speed factor,jiang_short_baseline,power_0.96,9.912,shift_h,MX2,between 1 and 0.75 -> 550 (search-dependent),unchanged
speed factor,jiang_short_baseline,power_0.96,9.912,crew_veh_h,MX2,between 0.5 and Liu 50/30 m/min -> 380 (search-dependent),unchanged
speed factor,jiang_short_baseline,power_0.96,9.912,crew_team_h,MX2,between 0.5 and Liu 50/30 m/min -> 380 (search-dependent),unchanged
speed factor,jiang_short_baseline,power_0.96,9.912,shift_ot_h,MX2,between 1 and 0.75 -> 550 (search-dependent),unchanged
speed factor,jiang_short_baseline,power_0.96,12.369,shift_h,MX2,between 1 and 0.75 -> 550 (search-dependent),unchanged
speed factor,jiang_short_baseline,power_0.96,12.369,crew_veh_h,MX2,between 0.5 and Liu 50/30 m/min -> 380 (search-dependent),unchanged
speed factor,jiang_short_baseline,power_0.96,12.369,crew_team_h,MX2,between 0.5 and Liu 50/30 m/min -> 300 (search-dependent),unchanged
speed factor,jiang_short_baseline,power_0.96,12.369,shift_ot_h,MX2,between 1 and 0.75 -> 550 (search-dependent),unchanged
speed factor,jiang_short_baseline,power_0.96,15.436,shift_h,MX2,between 1 and 0.75 -> 550 (search-dependent),unchanged
speed factor,jiang_short_baseline,power_0.96,15.436,crew_veh_h,MX2,between 0.5 and Liu 50/30 m/min -> 380 (certain),unchanged
speed factor,jiang_short_baseline,power_0.96,15.436,crew_team_h,MX2,between 0.5 and Liu 50/30 m/min -> 300 (search-dependent),unchanged
speed factor,jiang_short_baseline,power_0.96,15.436,shift_ot_h,MX2,between 1 and 0.75 -> 550 (search-dependent),unchanged
speed factor,jiang_short_baseline,power_0.96,19.263,shift_h,MX2,between 1 and 0.75 -> 550 (search-dependent),unchanged
speed factor,jiang_short_baseline,power_0.96,19.263,crew_veh_h,MX2,between 0.5 and Liu 50/30 m/min -> 380 (certain),unchanged
speed factor,jiang_short_baseline,power_0.96,19.263,crew_team_h,MX2,between 0.5 and Liu 50/30 m/min -> 300 (search-dependent),unchanged
speed factor,jiang_short_baseline,power_0.96,19.263,shift_ot_h,MX2,between 1 and 0.75 -> 550 (search-dependent),unchanged
speed factor,jiang_short_baseline,power_0.96,24.04,shift_h,MX2,between 1 and 0.75 -> 550 (search-dependent),unchanged
speed factor,jiang_short_baseline,power_0.96,24.04,crew_veh_h,MX2,between 0.5 and Liu 50/30 m/min -> 380 (certain),unchanged
speed factor,jiang_short_baseline,power_0.96,24.04,crew_team_h,MX2,between 0.5 and Liu 50/30 m/min -> 300 (search-dependent),unchanged
speed factor,jiang_short_baseline,power_0.96,24.04,shift_ot_h,MX2,between 1 and 0.75 -> 550 (search-dependent),unchanged
speed factor,jiang_short_baseline,power_0.96,30.0,shift_h,MX2,between 0.5 and Liu 50/30 m/min -> 380 (search-dependent),unchanged
speed factor,jiang_short_baseline,power_0.96,30.0,crew_veh_h,MX2,between 0.5 and Liu 50/30 m/min -> 380 (search-dependent),unchanged
speed factor,jiang_short_baseline,power_0.96,30.0,crew_team_h,MX2,between 0.5 and Liu 50/30 m/min -> 300 (search-dependent),unchanged
speed factor,jiang_short_baseline,power_0.96,30.0,shift_ot_h,MX2,between 0.5 and Liu 50/30 m/min -> 380 (search-dependent),unchanged
speed factor,jiang_massdep_baseline,power_0.96,5.1,shift_h,550,between 1 and 0.75 -> 380 (search-dependent),unchanged
speed factor,jiang_massdep_baseline,power_0.96,5.1,crew_veh_h,550,between 0.5 and Liu 50/30 m/min -> None (None),unchanged
speed factor,jiang_massdep_baseline,power_0.96,5.1,crew_team_h,MX2,between 1 and 0.75 -> 380 (search-dependent),unchanged
speed factor,jiang_massdep_baseline,power_0.96,5.1,shift_ot_h,550,between 1 and 0.75 -> 380 (search-dependent),unchanged
speed factor,jiang_massdep_baseline,power_0.96,6.364,shift_h,550,between 1 and 0.75 -> 380 (search-dependent),unchanged
speed factor,jiang_massdep_baseline,power_0.96,6.364,crew_veh_h,550,between 0.5 and Liu 50/30 m/min -> None (None),unchanged
speed factor,jiang_massdep_baseline,power_0.96,6.364,crew_team_h,MX2,between 1 and 0.75 -> 380 (search-dependent),unchanged
speed factor,jiang_massdep_baseline,power_0.96,6.364,shift_ot_h,550,between 1 and 0.75 -> 380 (search-dependent),unchanged
speed factor,jiang_massdep_baseline,power_0.96,7.943,shift_h,550,between 1 and 0.75 -> 380 (search-dependent),unchanged
speed factor,jiang_massdep_baseline,power_0.96,7.943,crew_veh_h,550,between 0.5 and Liu 50/30 m/min -> None (None),unchanged
speed factor,jiang_massdep_baseline,power_0.96,7.943,crew_team_h,MX2,between 1 and 0.75 -> 380 (search-dependent),unchanged
speed factor,jiang_massdep_baseline,power_0.96,7.943,shift_ot_h,550,between 1 and 0.75 -> 380 (search-dependent),unchanged
speed factor,jiang_massdep_baseline,power_0.96,9.912,shift_h,550,between 1 and 0.75 -> 380 (search-dependent),unchanged
speed factor,jiang_massdep_baseline,power_0.96,9.912,crew_veh_h,MX2,between 1 and 0.75 -> 550 (search-dependent),unchanged
speed factor,jiang_massdep_baseline,power_0.96,9.912,crew_team_h,MX2,between 1 and 0.75 -> 380 (search-dependent),unchanged
speed factor,jiang_massdep_baseline,power_0.96,9.912,shift_ot_h,550,between 1 and 0.75 -> 380 (search-dependent),unchanged
speed factor,jiang_massdep_baseline,power_0.96,12.369,shift_h,550,between 1 and 0.75 -> 380 (search-dependent),unchanged
speed factor,jiang_massdep_baseline,power_0.96,12.369,crew_veh_h,MX2,between 1 and 0.75 -> 380 (search-dependent),unchanged
speed factor,jiang_massdep_baseline,power_0.96,12.369,crew_team_h,MX2,between 0.75 and 0.5 -> 300 (search-dependent),unchanged
speed factor,jiang_massdep_baseline,power_0.96,12.369,shift_ot_h,550,between 1 and 0.75 -> 380 (search-dependent),unchanged
speed factor,jiang_massdep_baseline,power_0.96,15.436,shift_h,MX2,between 1 and 0.75 -> 380 (search-dependent),unchanged
speed factor,jiang_massdep_baseline,power_0.96,15.436,crew_veh_h,MX2,between 0.75 and 0.5 -> 380 (search-dependent),unchanged
speed factor,jiang_massdep_baseline,power_0.96,15.436,crew_team_h,MX2,between 0.75 and 0.5 -> 300 (search-dependent),unchanged
speed factor,jiang_massdep_baseline,power_0.96,15.436,shift_ot_h,550,between 1 and 0.75 -> 380 (search-dependent),unchanged
speed factor,jiang_massdep_baseline,power_0.96,19.263,shift_h,MX2,between 1 and 0.75 -> 380 (search-dependent),unchanged
speed factor,jiang_massdep_baseline,power_0.96,19.263,crew_veh_h,MX2,between 0.75 and 0.5 -> 380 (search-dependent),unchanged
speed factor,jiang_massdep_baseline,power_0.96,19.263,crew_team_h,MX2,between 0.75 and 0.5 -> 300 (search-dependent),unchanged
speed factor,jiang_massdep_baseline,power_0.96,19.263,shift_ot_h,MX2,between 1 and 0.75 -> 380 (search-dependent),unchanged
speed factor,jiang_massdep_baseline,power_0.96,24.04,shift_h,MX2,between 1 and 0.75 -> 380 (search-dependent),unchanged
speed factor,jiang_massdep_baseline,power_0.96,24.04,crew_veh_h,MX2,between 0.75 and 0.5 -> 380 (search-dependent),unchanged
speed factor,jiang_massdep_baseline,power_0.96,24.04,crew_team_h,MX2,between 0.5 and Liu 50/30 m/min -> None (None),unchanged
speed factor,jiang_massdep_baseline,power_0.96,24.04,shift_ot_h,MX2,between 1 and 0.75 -> 380 (search-dependent),unchanged
speed factor,jiang_massdep_baseline,power_0.96,30.0,shift_h,MX2,between 1 and 0.75 -> 380 (search-dependent),unchanged
speed factor,jiang_massdep_baseline,power_0.96,30.0,crew_veh_h,MX2,between 0.75 and 0.5 -> 380 (search-dependent),unchanged
speed factor,jiang_massdep_baseline,power_0.96,30.0,crew_team_h,MX2,between 0.5 and Liu 50/30 m/min -> None (None),unchanged
speed factor,jiang_massdep_baseline,power_0.96,30.0,shift_ot_h,MX2,between 1 and 0.75 -> 380 (search-dependent),unchanged
speed factor,rohcha_short_baseline,power_0.96,5.1,shift_h,550,unchanged,unchanged
speed factor,rohcha_short_baseline,power_0.96,5.1,crew_veh_h,550,unchanged,unchanged
speed factor,rohcha_short_baseline,power_0.96,5.1,crew_team_h,550,unchanged,unchanged
speed factor,rohcha_short_baseline,power_0.96,5.1,shift_ot_h,550,unchanged,unchanged
speed factor,rohcha_short_baseline,power_0.96,6.364,shift_h,550,unchanged,unchanged
speed factor,rohcha_short_baseline,power_0.96,6.364,crew_veh_h,550,unchanged,unchanged
speed factor,rohcha_short_baseline,power_0.96,6.364,crew_team_h,550,unchanged,unchanged
speed factor,rohcha_short_baseline,power_0.96,6.364,shift_ot_h,550,unchanged,unchanged
speed factor,rohcha_short_baseline,power_0.96,7.943,shift_h,550,unchanged,unchanged
speed factor,rohcha_short_baseline,power_0.96,7.943,crew_veh_h,550,unchanged,unchanged
speed factor,rohcha_short_baseline,power_0.96,7.943,crew_team_h,550,unchanged,unchanged
speed factor,rohcha_short_baseline,power_0.96,7.943,shift_ot_h,550,unchanged,unchanged
speed factor,rohcha_short_baseline,power_0.96,9.912,shift_h,550,unchanged,unchanged
speed factor,rohcha_short_baseline,power_0.96,9.912,crew_veh_h,550,unchanged,unchanged
speed factor,rohcha_short_baseline,power_0.96,9.912,crew_team_h,550,unchanged,unchanged
speed factor,rohcha_short_baseline,power_0.96,9.912,shift_ot_h,550,unchanged,unchanged
speed factor,rohcha_short_baseline,power_0.96,12.369,shift_h,550,unchanged,unchanged
speed factor,rohcha_short_baseline,power_0.96,12.369,crew_veh_h,550,unchanged,unchanged
speed factor,rohcha_short_baseline,power_0.96,12.369,crew_team_h,550,unchanged,unchanged
speed factor,rohcha_short_baseline,power_0.96,12.369,shift_ot_h,550,unchanged,unchanged
speed factor,rohcha_short_baseline,power_0.96,15.436,shift_h,550,unchanged,unchanged
speed factor,rohcha_short_baseline,power_0.96,15.436,crew_veh_h,550,unchanged,unchanged
speed factor,rohcha_short_baseline,power_0.96,15.436,crew_team_h,550,unchanged,unchanged
speed factor,rohcha_short_baseline,power_0.96,15.436,shift_ot_h,550,unchanged,unchanged
speed factor,rohcha_short_baseline,power_0.96,19.263,shift_h,550,unchanged,unchanged
speed factor,rohcha_short_baseline,power_0.96,19.263,crew_veh_h,550,unchanged,unchanged
speed factor,rohcha_short_baseline,power_0.96,19.263,crew_team_h,550,unchanged,unchanged
speed factor,rohcha_short_baseline,power_0.96,19.263,shift_ot_h,550,unchanged,unchanged
speed factor,rohcha_short_baseline,power_0.96,24.04,shift_h,550,unchanged,unchanged
speed factor,rohcha_short_baseline,power_0.96,24.04,crew_veh_h,550,unchanged,unchanged
speed factor,rohcha_short_baseline,power_0.96,24.04,crew_team_h,550,unchanged,unchanged
speed factor,rohcha_short_baseline,power_0.96,24.04,shift_ot_h,550,unchanged,unchanged
speed factor,rohcha_short_baseline,power_0.96,30.0,shift_h,550,unchanged,unchanged
speed factor,rohcha_short_baseline,power_0.96,30.0,crew_veh_h,550,unchanged,unchanged
speed factor,rohcha_short_baseline,power_0.96,30.0,crew_team_h,550,unchanged,unchanged
speed factor,rohcha_short_baseline,power_0.96,30.0,shift_ot_h,550,unchanged,unchanged
speed factor,rohcha_massdep_baseline,power_0.96,5.1,shift_h,550,between 0.5 and Liu 50/30 m/min -> None (None),unchanged
speed factor,rohcha_massdep_baseline,power_0.96,5.1,crew_veh_h,550,between 0.5 and Liu 50/30 m/min -> None (None),unchanged
speed factor,rohcha_massdep_baseline,power_0.96,5.1,crew_team_h,550,between 0.5 and Liu 50/30 m/min -> None (None),unchanged
speed factor,rohcha_massdep_baseline,power_0.96,5.1,shift_ot_h,550,between 0.5 and Liu 50/30 m/min -> None (None),unchanged
speed factor,rohcha_massdep_baseline,power_0.96,6.364,shift_h,550,between 0.5 and Liu 50/30 m/min -> None (None),unchanged
speed factor,rohcha_massdep_baseline,power_0.96,6.364,crew_veh_h,550,between 0.5 and Liu 50/30 m/min -> None (None),unchanged
speed factor,rohcha_massdep_baseline,power_0.96,6.364,crew_team_h,550,between 0.5 and Liu 50/30 m/min -> None (None),unchanged
speed factor,rohcha_massdep_baseline,power_0.96,6.364,shift_ot_h,550,between 0.5 and Liu 50/30 m/min -> None (None),unchanged
speed factor,rohcha_massdep_baseline,power_0.96,7.943,shift_h,550,between 0.5 and Liu 50/30 m/min -> None (None),unchanged
speed factor,rohcha_massdep_baseline,power_0.96,7.943,crew_veh_h,550,between 0.5 and Liu 50/30 m/min -> None (None),unchanged
speed factor,rohcha_massdep_baseline,power_0.96,7.943,crew_team_h,550,between 0.5 and Liu 50/30 m/min -> None (None),unchanged
speed factor,rohcha_massdep_baseline,power_0.96,7.943,shift_ot_h,550,between 0.5 and Liu 50/30 m/min -> None (None),unchanged
speed factor,rohcha_massdep_baseline,power_0.96,9.912,shift_h,550,between 0.5 and Liu 50/30 m/min -> None (None),unchanged
speed factor,rohcha_massdep_baseline,power_0.96,9.912,crew_veh_h,550,between 0.5 and Liu 50/30 m/min -> None (None),unchanged
speed factor,rohcha_massdep_baseline,power_0.96,9.912,crew_team_h,550,between 0.5 and Liu 50/30 m/min -> None (None),unchanged
speed factor,rohcha_massdep_baseline,power_0.96,9.912,shift_ot_h,550,between 0.5 and Liu 50/30 m/min -> None (None),unchanged
speed factor,rohcha_massdep_baseline,power_0.96,12.369,shift_h,550,between 0.5 and Liu 50/30 m/min -> None (None),unchanged
speed factor,rohcha_massdep_baseline,power_0.96,12.369,crew_veh_h,550,between 0.5 and Liu 50/30 m/min -> None (None),unchanged
speed factor,rohcha_massdep_baseline,power_0.96,12.369,crew_team_h,550,between 0.5 and Liu 50/30 m/min -> None (None),unchanged
speed factor,rohcha_massdep_baseline,power_0.96,12.369,shift_ot_h,550,between 0.5 and Liu 50/30 m/min -> None (None),unchanged
speed factor,rohcha_massdep_baseline,power_0.96,15.436,shift_h,550,between 0.5 and Liu 50/30 m/min -> None (None),unchanged
speed factor,rohcha_massdep_baseline,power_0.96,15.436,crew_veh_h,550,between 0.5 and Liu 50/30 m/min -> None (None),unchanged
speed factor,rohcha_massdep_baseline,power_0.96,15.436,crew_team_h,550,between 0.5 and Liu 50/30 m/min -> None (None),unchanged
speed factor,rohcha_massdep_baseline,power_0.96,15.436,shift_ot_h,550,between 0.5 and Liu 50/30 m/min -> None (None),unchanged
speed factor,rohcha_massdep_baseline,power_0.96,19.263,shift_h,550,between 0.5 and Liu 50/30 m/min -> None (None),unchanged
speed factor,rohcha_massdep_baseline,power_0.96,19.263,crew_veh_h,550,between 0.5 and Liu 50/30 m/min -> None (None),unchanged
speed factor,rohcha_massdep_baseline,power_0.96,19.263,crew_team_h,550,between 0.5 and Liu 50/30 m/min -> None (None),unchanged
speed factor,rohcha_massdep_baseline,power_0.96,19.263,shift_ot_h,550,between 0.5 and Liu 50/30 m/min -> None (None),unchanged
speed factor,rohcha_massdep_baseline,power_0.96,24.04,shift_h,550,between 0.5 and Liu 50/30 m/min -> None (None),unchanged
speed factor,rohcha_massdep_baseline,power_0.96,24.04,crew_veh_h,550,between 0.5 and Liu 50/30 m/min -> None (None),unchanged
speed factor,rohcha_massdep_baseline,power_0.96,24.04,crew_team_h,550,between 0.5 and Liu 50/30 m/min -> None (None),unchanged
speed factor,rohcha_massdep_baseline,power_0.96,24.04,shift_ot_h,550,between 0.5 and Liu 50/30 m/min -> None (None),unchanged
speed factor,rohcha_massdep_baseline,power_0.96,30.0,shift_h,550,between 0.5 and Liu 50/30 m/min -> None (None),unchanged
speed factor,rohcha_massdep_baseline,power_0.96,30.0,crew_veh_h,550,between 0.5 and Liu 50/30 m/min -> None (None),unchanged
speed factor,rohcha_massdep_baseline,power_0.96,30.0,crew_team_h,550,between 0.5 and Liu 50/30 m/min -> None (None),unchanged
speed factor,rohcha_massdep_baseline,power_0.96,30.0,shift_ot_h,550,between 0.5 and Liu 50/30 m/min -> None (None),unchanged
largest team,jiang_short_baseline,affine,5.1,shift_h,MX2,unchanged,unchanged
largest team,jiang_short_baseline,affine,5.1,crew_veh_h,MX2,unchanged,unchanged
largest team,jiang_short_baseline,affine,5.1,crew_team_h,MX2,unchanged,unchanged
largest team,jiang_short_baseline,affine,5.1,shift_ot_h,MX2,unchanged,unchanged
largest team,jiang_short_baseline,affine,6.364,shift_h,MX2,unchanged,unchanged
largest team,jiang_short_baseline,affine,6.364,crew_veh_h,MX2,unchanged,unchanged
largest team,jiang_short_baseline,affine,6.364,crew_team_h,MX2,unchanged,unchanged
largest team,jiang_short_baseline,affine,6.364,shift_ot_h,MX2,unchanged,unchanged
largest team,jiang_short_baseline,affine,7.943,shift_h,MX2,unchanged,unchanged
largest team,jiang_short_baseline,affine,7.943,crew_veh_h,MX2,unchanged,unchanged
largest team,jiang_short_baseline,affine,7.943,crew_team_h,MX2,unchanged,unchanged
largest team,jiang_short_baseline,affine,7.943,shift_ot_h,MX2,unchanged,unchanged
largest team,jiang_short_baseline,affine,9.912,shift_h,MX2,unchanged,unchanged
largest team,jiang_short_baseline,affine,9.912,crew_veh_h,MX2,unchanged,unchanged
largest team,jiang_short_baseline,affine,9.912,crew_team_h,MX2,unchanged,unchanged
largest team,jiang_short_baseline,affine,9.912,shift_ot_h,MX2,unchanged,unchanged
largest team,jiang_short_baseline,affine,12.369,shift_h,MX2,unchanged,unchanged
largest team,jiang_short_baseline,affine,12.369,crew_veh_h,MX2,unchanged,unchanged
largest team,jiang_short_baseline,affine,12.369,crew_team_h,MX2,unchanged,unchanged
largest team,jiang_short_baseline,affine,12.369,shift_ot_h,MX2,unchanged,unchanged
largest team,jiang_short_baseline,affine,15.436,shift_h,MX2,unchanged,unchanged
largest team,jiang_short_baseline,affine,15.436,crew_veh_h,MX2,unchanged,unchanged
largest team,jiang_short_baseline,affine,15.436,crew_team_h,MX2,unchanged,unchanged
largest team,jiang_short_baseline,affine,15.436,shift_ot_h,MX2,unchanged,unchanged
largest team,jiang_short_baseline,affine,19.263,shift_h,MX2,unchanged,unchanged
largest team,jiang_short_baseline,affine,19.263,crew_veh_h,MX2,unchanged,unchanged
largest team,jiang_short_baseline,affine,19.263,crew_team_h,MX2,unchanged,unchanged
largest team,jiang_short_baseline,affine,19.263,shift_ot_h,MX2,unchanged,unchanged
largest team,jiang_short_baseline,affine,24.04,shift_h,MX2,unchanged,unchanged
largest team,jiang_short_baseline,affine,24.04,crew_veh_h,MX2,unchanged,unchanged
largest team,jiang_short_baseline,affine,24.04,crew_team_h,MX2,unchanged,unchanged
largest team,jiang_short_baseline,affine,24.04,shift_ot_h,MX2,unchanged,unchanged
largest team,jiang_short_baseline,affine,30.0,shift_h,MX2,unchanged,unchanged
largest team,jiang_short_baseline,affine,30.0,crew_veh_h,MX2,unchanged,unchanged
largest team,jiang_short_baseline,affine,30.0,crew_team_h,MX2,unchanged,unchanged
largest team,jiang_short_baseline,affine,30.0,shift_ot_h,MX2,unchanged,unchanged
largest team,jiang_massdep_baseline,affine,5.1,shift_h,550,unchanged,unchanged
largest team,jiang_massdep_baseline,affine,5.1,crew_veh_h,550,unchanged,unchanged
largest team,jiang_massdep_baseline,affine,5.1,crew_team_h,380,unchanged,unchanged
largest team,jiang_massdep_baseline,affine,5.1,shift_ot_h,550,unchanged,unchanged
largest team,jiang_massdep_baseline,affine,6.364,shift_h,550,unchanged,unchanged
largest team,jiang_massdep_baseline,affine,6.364,crew_veh_h,550,unchanged,unchanged
largest team,jiang_massdep_baseline,affine,6.364,crew_team_h,MX2,unchanged,unchanged
largest team,jiang_massdep_baseline,affine,6.364,shift_ot_h,550,unchanged,unchanged
largest team,jiang_massdep_baseline,affine,7.943,shift_h,550,unchanged,unchanged
largest team,jiang_massdep_baseline,affine,7.943,crew_veh_h,550,unchanged,unchanged
largest team,jiang_massdep_baseline,affine,7.943,crew_team_h,MX2,unchanged,unchanged
largest team,jiang_massdep_baseline,affine,7.943,shift_ot_h,550,unchanged,unchanged
largest team,jiang_massdep_baseline,affine,9.912,shift_h,550,unchanged,unchanged
largest team,jiang_massdep_baseline,affine,9.912,crew_veh_h,550,unchanged,unchanged
largest team,jiang_massdep_baseline,affine,9.912,crew_team_h,MX2,unchanged,unchanged
largest team,jiang_massdep_baseline,affine,9.912,shift_ot_h,550,unchanged,unchanged
largest team,jiang_massdep_baseline,affine,12.369,shift_h,550,unchanged,unchanged
largest team,jiang_massdep_baseline,affine,12.369,crew_veh_h,MX2,unchanged,unchanged
largest team,jiang_massdep_baseline,affine,12.369,crew_team_h,MX2,unchanged,unchanged
largest team,jiang_massdep_baseline,affine,12.369,shift_ot_h,550,unchanged,unchanged
largest team,jiang_massdep_baseline,affine,15.436,shift_h,550,unchanged,unchanged
largest team,jiang_massdep_baseline,affine,15.436,crew_veh_h,MX2,unchanged,unchanged
largest team,jiang_massdep_baseline,affine,15.436,crew_team_h,MX2,unchanged,unchanged
largest team,jiang_massdep_baseline,affine,15.436,shift_ot_h,550,unchanged,unchanged
largest team,jiang_massdep_baseline,affine,19.263,shift_h,550,unchanged,unchanged
largest team,jiang_massdep_baseline,affine,19.263,crew_veh_h,MX2,unchanged,unchanged
largest team,jiang_massdep_baseline,affine,19.263,crew_team_h,MX2,unchanged,unchanged
largest team,jiang_massdep_baseline,affine,19.263,shift_ot_h,550,unchanged,unchanged
largest team,jiang_massdep_baseline,affine,24.04,shift_h,MX2,unchanged,unchanged
largest team,jiang_massdep_baseline,affine,24.04,crew_veh_h,MX2,unchanged,unchanged
largest team,jiang_massdep_baseline,affine,24.04,crew_team_h,MX2,unchanged,unchanged
largest team,jiang_massdep_baseline,affine,24.04,shift_ot_h,550,unchanged,unchanged
largest team,jiang_massdep_baseline,affine,30.0,shift_h,MX2,unchanged,unchanged
largest team,jiang_massdep_baseline,affine,30.0,crew_veh_h,MX2,unchanged,unchanged
largest team,jiang_massdep_baseline,affine,30.0,crew_team_h,MX2,unchanged,unchanged
largest team,jiang_massdep_baseline,affine,30.0,shift_ot_h,MX2,unchanged,unchanged
largest team,rohcha_short_baseline,affine,5.1,shift_h,550,unchanged,unchanged
largest team,rohcha_short_baseline,affine,5.1,crew_veh_h,550,unchanged,unchanged
largest team,rohcha_short_baseline,affine,5.1,crew_team_h,550,unchanged,unchanged
largest team,rohcha_short_baseline,affine,5.1,shift_ot_h,550,unchanged,unchanged
largest team,rohcha_short_baseline,affine,6.364,shift_h,550,unchanged,unchanged
largest team,rohcha_short_baseline,affine,6.364,crew_veh_h,550,unchanged,unchanged
largest team,rohcha_short_baseline,affine,6.364,crew_team_h,550,unchanged,unchanged
largest team,rohcha_short_baseline,affine,6.364,shift_ot_h,550,unchanged,unchanged
largest team,rohcha_short_baseline,affine,7.943,shift_h,550,unchanged,unchanged
largest team,rohcha_short_baseline,affine,7.943,crew_veh_h,550,unchanged,unchanged
largest team,rohcha_short_baseline,affine,7.943,crew_team_h,550,unchanged,unchanged
largest team,rohcha_short_baseline,affine,7.943,shift_ot_h,550,unchanged,unchanged
largest team,rohcha_short_baseline,affine,9.912,shift_h,550,unchanged,unchanged
largest team,rohcha_short_baseline,affine,9.912,crew_veh_h,550,unchanged,unchanged
largest team,rohcha_short_baseline,affine,9.912,crew_team_h,550,unchanged,unchanged
largest team,rohcha_short_baseline,affine,9.912,shift_ot_h,550,unchanged,unchanged
largest team,rohcha_short_baseline,affine,12.369,shift_h,550,unchanged,unchanged
largest team,rohcha_short_baseline,affine,12.369,crew_veh_h,550,unchanged,unchanged
largest team,rohcha_short_baseline,affine,12.369,crew_team_h,550,unchanged,unchanged
largest team,rohcha_short_baseline,affine,12.369,shift_ot_h,550,unchanged,unchanged
largest team,rohcha_short_baseline,affine,15.436,shift_h,550,unchanged,unchanged
largest team,rohcha_short_baseline,affine,15.436,crew_veh_h,550,unchanged,unchanged
largest team,rohcha_short_baseline,affine,15.436,crew_team_h,550,unchanged,unchanged
largest team,rohcha_short_baseline,affine,15.436,shift_ot_h,550,unchanged,unchanged
largest team,rohcha_short_baseline,affine,19.263,shift_h,550,unchanged,unchanged
largest team,rohcha_short_baseline,affine,19.263,crew_veh_h,550,unchanged,unchanged
largest team,rohcha_short_baseline,affine,19.263,crew_team_h,550,unchanged,unchanged
largest team,rohcha_short_baseline,affine,19.263,shift_ot_h,550,unchanged,unchanged
largest team,rohcha_short_baseline,affine,24.04,shift_h,550,unchanged,unchanged
largest team,rohcha_short_baseline,affine,24.04,crew_veh_h,550,unchanged,unchanged
largest team,rohcha_short_baseline,affine,24.04,crew_team_h,550,unchanged,unchanged
largest team,rohcha_short_baseline,affine,24.04,shift_ot_h,550,unchanged,unchanged
largest team,rohcha_short_baseline,affine,30.0,shift_h,550,unchanged,unchanged
largest team,rohcha_short_baseline,affine,30.0,crew_veh_h,550,unchanged,unchanged
largest team,rohcha_short_baseline,affine,30.0,crew_team_h,550,unchanged,unchanged
largest team,rohcha_short_baseline,affine,30.0,shift_ot_h,550,unchanged,unchanged
largest team,rohcha_massdep_baseline,affine,5.1,shift_h,550,unchanged,unchanged
largest team,rohcha_massdep_baseline,affine,5.1,crew_veh_h,550,unchanged,unchanged
largest team,rohcha_massdep_baseline,affine,5.1,crew_team_h,550,unchanged,unchanged
largest team,rohcha_massdep_baseline,affine,5.1,shift_ot_h,550,unchanged,unchanged
largest team,rohcha_massdep_baseline,affine,6.364,shift_h,550,unchanged,unchanged
largest team,rohcha_massdep_baseline,affine,6.364,crew_veh_h,550,unchanged,unchanged
largest team,rohcha_massdep_baseline,affine,6.364,crew_team_h,550,unchanged,unchanged
largest team,rohcha_massdep_baseline,affine,6.364,shift_ot_h,550,unchanged,unchanged
largest team,rohcha_massdep_baseline,affine,7.943,shift_h,550,unchanged,unchanged
largest team,rohcha_massdep_baseline,affine,7.943,crew_veh_h,550,unchanged,unchanged
largest team,rohcha_massdep_baseline,affine,7.943,crew_team_h,550,unchanged,unchanged
largest team,rohcha_massdep_baseline,affine,7.943,shift_ot_h,550,unchanged,unchanged
largest team,rohcha_massdep_baseline,affine,9.912,shift_h,550,unchanged,unchanged
largest team,rohcha_massdep_baseline,affine,9.912,crew_veh_h,550,unchanged,unchanged
largest team,rohcha_massdep_baseline,affine,9.912,crew_team_h,550,unchanged,unchanged
largest team,rohcha_massdep_baseline,affine,9.912,shift_ot_h,550,unchanged,unchanged
largest team,rohcha_massdep_baseline,affine,12.369,shift_h,550,unchanged,unchanged
largest team,rohcha_massdep_baseline,affine,12.369,crew_veh_h,550,unchanged,unchanged
largest team,rohcha_massdep_baseline,affine,12.369,crew_team_h,550,unchanged,unchanged
largest team,rohcha_massdep_baseline,affine,12.369,shift_ot_h,550,unchanged,unchanged
largest team,rohcha_massdep_baseline,affine,15.436,shift_h,550,unchanged,unchanged
largest team,rohcha_massdep_baseline,affine,15.436,crew_veh_h,550,unchanged,unchanged
largest team,rohcha_massdep_baseline,affine,15.436,crew_team_h,550,unchanged,unchanged
largest team,rohcha_massdep_baseline,affine,15.436,shift_ot_h,550,unchanged,unchanged
largest team,rohcha_massdep_baseline,affine,19.263,shift_h,550,unchanged,unchanged
largest team,rohcha_massdep_baseline,affine,19.263,crew_veh_h,550,unchanged,unchanged
largest team,rohcha_massdep_baseline,affine,19.263,crew_team_h,550,unchanged,unchanged
largest team,rohcha_massdep_baseline,affine,19.263,shift_ot_h,550,unchanged,unchanged
largest team,rohcha_massdep_baseline,affine,24.04,shift_h,550,unchanged,unchanged
largest team,rohcha_massdep_baseline,affine,24.04,crew_veh_h,550,unchanged,unchanged
largest team,rohcha_massdep_baseline,affine,24.04,crew_team_h,550,unchanged,unchanged
largest team,rohcha_massdep_baseline,affine,24.04,shift_ot_h,550,unchanged,unchanged
largest team,rohcha_massdep_baseline,affine,30.0,shift_h,550,unchanged,unchanged
largest team,rohcha_massdep_baseline,affine,30.0,crew_veh_h,550,unchanged,unchanged
largest team,rohcha_massdep_baseline,affine,30.0,crew_team_h,550,unchanged,unchanged
largest team,rohcha_massdep_baseline,affine,30.0,shift_ot_h,550,unchanged,unchanged
largest team,jiang_short_baseline,piecewise,5.1,shift_h,MX2,unchanged,unchanged
largest team,jiang_short_baseline,piecewise,5.1,crew_veh_h,MX2,unchanged,unchanged
largest team,jiang_short_baseline,piecewise,5.1,crew_team_h,MX2,unchanged,unchanged
largest team,jiang_short_baseline,piecewise,5.1,shift_ot_h,MX2,unchanged,unchanged
largest team,jiang_short_baseline,piecewise,6.364,shift_h,MX2,unchanged,unchanged
largest team,jiang_short_baseline,piecewise,6.364,crew_veh_h,MX2,unchanged,unchanged
largest team,jiang_short_baseline,piecewise,6.364,crew_team_h,MX2,unchanged,unchanged
largest team,jiang_short_baseline,piecewise,6.364,shift_ot_h,MX2,unchanged,unchanged
largest team,jiang_short_baseline,piecewise,7.943,shift_h,MX2,unchanged,unchanged
largest team,jiang_short_baseline,piecewise,7.943,crew_veh_h,MX2,unchanged,unchanged
largest team,jiang_short_baseline,piecewise,7.943,crew_team_h,MX2,unchanged,unchanged
largest team,jiang_short_baseline,piecewise,7.943,shift_ot_h,MX2,unchanged,unchanged
largest team,jiang_short_baseline,piecewise,9.912,shift_h,MX2,unchanged,unchanged
largest team,jiang_short_baseline,piecewise,9.912,crew_veh_h,MX2,unchanged,unchanged
largest team,jiang_short_baseline,piecewise,9.912,crew_team_h,MX2,unchanged,unchanged
largest team,jiang_short_baseline,piecewise,9.912,shift_ot_h,MX2,unchanged,unchanged
largest team,jiang_short_baseline,piecewise,12.369,shift_h,MX2,unchanged,unchanged
largest team,jiang_short_baseline,piecewise,12.369,crew_veh_h,MX2,unchanged,unchanged
largest team,jiang_short_baseline,piecewise,12.369,crew_team_h,MX2,unchanged,unchanged
largest team,jiang_short_baseline,piecewise,12.369,shift_ot_h,MX2,unchanged,unchanged
largest team,jiang_short_baseline,piecewise,15.436,shift_h,MX2,unchanged,unchanged
largest team,jiang_short_baseline,piecewise,15.436,crew_veh_h,MX2,unchanged,unchanged
largest team,jiang_short_baseline,piecewise,15.436,crew_team_h,MX2,unchanged,unchanged
largest team,jiang_short_baseline,piecewise,15.436,shift_ot_h,MX2,unchanged,unchanged
largest team,jiang_short_baseline,piecewise,19.263,shift_h,MX2,unchanged,unchanged
largest team,jiang_short_baseline,piecewise,19.263,crew_veh_h,MX2,unchanged,unchanged
largest team,jiang_short_baseline,piecewise,19.263,crew_team_h,MX2,unchanged,unchanged
largest team,jiang_short_baseline,piecewise,19.263,shift_ot_h,MX2,unchanged,unchanged
largest team,jiang_short_baseline,piecewise,24.04,shift_h,MX2,unchanged,unchanged
largest team,jiang_short_baseline,piecewise,24.04,crew_veh_h,MX2,unchanged,unchanged
largest team,jiang_short_baseline,piecewise,24.04,crew_team_h,MX2,unchanged,unchanged
largest team,jiang_short_baseline,piecewise,24.04,shift_ot_h,MX2,unchanged,unchanged
largest team,jiang_short_baseline,piecewise,30.0,shift_h,MX2,unchanged,unchanged
largest team,jiang_short_baseline,piecewise,30.0,crew_veh_h,MX2,unchanged,unchanged
largest team,jiang_short_baseline,piecewise,30.0,crew_team_h,MX2,unchanged,unchanged
largest team,jiang_short_baseline,piecewise,30.0,shift_ot_h,MX2,unchanged,unchanged
largest team,jiang_massdep_baseline,piecewise,5.1,shift_h,550,unchanged,unchanged
largest team,jiang_massdep_baseline,piecewise,5.1,crew_veh_h,550,unchanged,unchanged
largest team,jiang_massdep_baseline,piecewise,5.1,crew_team_h,380,between 3 and 2 -> MX2 (search-dependent),unchanged
largest team,jiang_massdep_baseline,piecewise,5.1,shift_ot_h,550,unchanged,unchanged
largest team,jiang_massdep_baseline,piecewise,6.364,shift_h,550,unchanged,unchanged
largest team,jiang_massdep_baseline,piecewise,6.364,crew_veh_h,550,unchanged,unchanged
largest team,jiang_massdep_baseline,piecewise,6.364,crew_team_h,MX2,unchanged,unchanged
largest team,jiang_massdep_baseline,piecewise,6.364,shift_ot_h,550,unchanged,unchanged
largest team,jiang_massdep_baseline,piecewise,7.943,shift_h,550,unchanged,unchanged
largest team,jiang_massdep_baseline,piecewise,7.943,crew_veh_h,550,unchanged,unchanged
largest team,jiang_massdep_baseline,piecewise,7.943,crew_team_h,MX2,unchanged,unchanged
largest team,jiang_massdep_baseline,piecewise,7.943,shift_ot_h,550,unchanged,unchanged
largest team,jiang_massdep_baseline,piecewise,9.912,shift_h,550,unchanged,unchanged
largest team,jiang_massdep_baseline,piecewise,9.912,crew_veh_h,550,unchanged,unchanged
largest team,jiang_massdep_baseline,piecewise,9.912,crew_team_h,MX2,unchanged,unchanged
largest team,jiang_massdep_baseline,piecewise,9.912,shift_ot_h,550,unchanged,unchanged
largest team,jiang_massdep_baseline,piecewise,12.369,shift_h,550,unchanged,unchanged
largest team,jiang_massdep_baseline,piecewise,12.369,crew_veh_h,MX2,unchanged,unchanged
largest team,jiang_massdep_baseline,piecewise,12.369,crew_team_h,MX2,unchanged,unchanged
largest team,jiang_massdep_baseline,piecewise,12.369,shift_ot_h,550,unchanged,unchanged
largest team,jiang_massdep_baseline,piecewise,15.436,shift_h,550,unchanged,unchanged
largest team,jiang_massdep_baseline,piecewise,15.436,crew_veh_h,MX2,unchanged,unchanged
largest team,jiang_massdep_baseline,piecewise,15.436,crew_team_h,MX2,unchanged,unchanged
largest team,jiang_massdep_baseline,piecewise,15.436,shift_ot_h,550,unchanged,unchanged
largest team,jiang_massdep_baseline,piecewise,19.263,shift_h,MX2,unchanged,unchanged
largest team,jiang_massdep_baseline,piecewise,19.263,crew_veh_h,MX2,unchanged,unchanged
largest team,jiang_massdep_baseline,piecewise,19.263,crew_team_h,MX2,unchanged,unchanged
largest team,jiang_massdep_baseline,piecewise,19.263,shift_ot_h,550,unchanged,unchanged
largest team,jiang_massdep_baseline,piecewise,24.04,shift_h,MX2,unchanged,unchanged
largest team,jiang_massdep_baseline,piecewise,24.04,crew_veh_h,MX2,unchanged,unchanged
largest team,jiang_massdep_baseline,piecewise,24.04,crew_team_h,MX2,unchanged,unchanged
largest team,jiang_massdep_baseline,piecewise,24.04,shift_ot_h,MX2,unchanged,unchanged
largest team,jiang_massdep_baseline,piecewise,30.0,shift_h,MX2,unchanged,unchanged
largest team,jiang_massdep_baseline,piecewise,30.0,crew_veh_h,MX2,unchanged,unchanged
largest team,jiang_massdep_baseline,piecewise,30.0,crew_team_h,MX2,unchanged,unchanged
largest team,jiang_massdep_baseline,piecewise,30.0,shift_ot_h,MX2,unchanged,unchanged
largest team,rohcha_short_baseline,piecewise,5.1,shift_h,550,unchanged,unchanged
largest team,rohcha_short_baseline,piecewise,5.1,crew_veh_h,550,unchanged,unchanged
largest team,rohcha_short_baseline,piecewise,5.1,crew_team_h,550,unchanged,unchanged
largest team,rohcha_short_baseline,piecewise,5.1,shift_ot_h,550,unchanged,unchanged
largest team,rohcha_short_baseline,piecewise,6.364,shift_h,550,unchanged,unchanged
largest team,rohcha_short_baseline,piecewise,6.364,crew_veh_h,550,unchanged,unchanged
largest team,rohcha_short_baseline,piecewise,6.364,crew_team_h,550,unchanged,unchanged
largest team,rohcha_short_baseline,piecewise,6.364,shift_ot_h,550,unchanged,unchanged
largest team,rohcha_short_baseline,piecewise,7.943,shift_h,550,unchanged,unchanged
largest team,rohcha_short_baseline,piecewise,7.943,crew_veh_h,550,unchanged,unchanged
largest team,rohcha_short_baseline,piecewise,7.943,crew_team_h,550,unchanged,unchanged
largest team,rohcha_short_baseline,piecewise,7.943,shift_ot_h,550,unchanged,unchanged
largest team,rohcha_short_baseline,piecewise,9.912,shift_h,550,unchanged,unchanged
largest team,rohcha_short_baseline,piecewise,9.912,crew_veh_h,550,unchanged,unchanged
largest team,rohcha_short_baseline,piecewise,9.912,crew_team_h,550,unchanged,unchanged
largest team,rohcha_short_baseline,piecewise,9.912,shift_ot_h,550,unchanged,unchanged
largest team,rohcha_short_baseline,piecewise,12.369,shift_h,550,unchanged,unchanged
largest team,rohcha_short_baseline,piecewise,12.369,crew_veh_h,550,unchanged,unchanged
largest team,rohcha_short_baseline,piecewise,12.369,crew_team_h,550,unchanged,unchanged
largest team,rohcha_short_baseline,piecewise,12.369,shift_ot_h,550,unchanged,unchanged
largest team,rohcha_short_baseline,piecewise,15.436,shift_h,550,unchanged,unchanged
largest team,rohcha_short_baseline,piecewise,15.436,crew_veh_h,550,unchanged,unchanged
largest team,rohcha_short_baseline,piecewise,15.436,crew_team_h,550,unchanged,unchanged
largest team,rohcha_short_baseline,piecewise,15.436,shift_ot_h,550,unchanged,unchanged
largest team,rohcha_short_baseline,piecewise,19.263,shift_h,550,unchanged,unchanged
largest team,rohcha_short_baseline,piecewise,19.263,crew_veh_h,550,unchanged,unchanged
largest team,rohcha_short_baseline,piecewise,19.263,crew_team_h,550,unchanged,unchanged
largest team,rohcha_short_baseline,piecewise,19.263,shift_ot_h,550,unchanged,unchanged
largest team,rohcha_short_baseline,piecewise,24.04,shift_h,550,unchanged,unchanged
largest team,rohcha_short_baseline,piecewise,24.04,crew_veh_h,550,unchanged,unchanged
largest team,rohcha_short_baseline,piecewise,24.04,crew_team_h,550,unchanged,unchanged
largest team,rohcha_short_baseline,piecewise,24.04,shift_ot_h,550,unchanged,unchanged
largest team,rohcha_short_baseline,piecewise,30.0,shift_h,550,unchanged,unchanged
largest team,rohcha_short_baseline,piecewise,30.0,crew_veh_h,550,unchanged,unchanged
largest team,rohcha_short_baseline,piecewise,30.0,crew_team_h,550,unchanged,unchanged
largest team,rohcha_short_baseline,piecewise,30.0,shift_ot_h,550,unchanged,unchanged
largest team,rohcha_massdep_baseline,piecewise,5.1,shift_h,550,unchanged,unchanged
largest team,rohcha_massdep_baseline,piecewise,5.1,crew_veh_h,550,unchanged,unchanged
largest team,rohcha_massdep_baseline,piecewise,5.1,crew_team_h,550,unchanged,unchanged
largest team,rohcha_massdep_baseline,piecewise,5.1,shift_ot_h,550,unchanged,unchanged
largest team,rohcha_massdep_baseline,piecewise,6.364,shift_h,550,unchanged,unchanged
largest team,rohcha_massdep_baseline,piecewise,6.364,crew_veh_h,550,unchanged,unchanged
largest team,rohcha_massdep_baseline,piecewise,6.364,crew_team_h,550,unchanged,unchanged
largest team,rohcha_massdep_baseline,piecewise,6.364,shift_ot_h,550,unchanged,unchanged
largest team,rohcha_massdep_baseline,piecewise,7.943,shift_h,550,unchanged,unchanged
largest team,rohcha_massdep_baseline,piecewise,7.943,crew_veh_h,550,unchanged,unchanged
largest team,rohcha_massdep_baseline,piecewise,7.943,crew_team_h,550,unchanged,unchanged
largest team,rohcha_massdep_baseline,piecewise,7.943,shift_ot_h,550,unchanged,unchanged
largest team,rohcha_massdep_baseline,piecewise,9.912,shift_h,550,unchanged,unchanged
largest team,rohcha_massdep_baseline,piecewise,9.912,crew_veh_h,550,unchanged,unchanged
largest team,rohcha_massdep_baseline,piecewise,9.912,crew_team_h,550,unchanged,unchanged
largest team,rohcha_massdep_baseline,piecewise,9.912,shift_ot_h,550,unchanged,unchanged
largest team,rohcha_massdep_baseline,piecewise,12.369,shift_h,550,unchanged,unchanged
largest team,rohcha_massdep_baseline,piecewise,12.369,crew_veh_h,550,unchanged,unchanged
largest team,rohcha_massdep_baseline,piecewise,12.369,crew_team_h,550,unchanged,unchanged
largest team,rohcha_massdep_baseline,piecewise,12.369,shift_ot_h,550,unchanged,unchanged
largest team,rohcha_massdep_baseline,piecewise,15.436,shift_h,550,unchanged,unchanged
largest team,rohcha_massdep_baseline,piecewise,15.436,crew_veh_h,550,unchanged,unchanged
largest team,rohcha_massdep_baseline,piecewise,15.436,crew_team_h,550,unchanged,unchanged
largest team,rohcha_massdep_baseline,piecewise,15.436,shift_ot_h,550,unchanged,unchanged
largest team,rohcha_massdep_baseline,piecewise,19.263,shift_h,550,unchanged,unchanged
largest team,rohcha_massdep_baseline,piecewise,19.263,crew_veh_h,550,unchanged,unchanged
largest team,rohcha_massdep_baseline,piecewise,19.263,crew_team_h,550,unchanged,unchanged
largest team,rohcha_massdep_baseline,piecewise,19.263,shift_ot_h,550,unchanged,unchanged
largest team,rohcha_massdep_baseline,piecewise,24.04,shift_h,550,unchanged,unchanged
largest team,rohcha_massdep_baseline,piecewise,24.04,crew_veh_h,550,unchanged,unchanged
largest team,rohcha_massdep_baseline,piecewise,24.04,crew_team_h,550,unchanged,unchanged
largest team,rohcha_massdep_baseline,piecewise,24.04,shift_ot_h,550,unchanged,unchanged
largest team,rohcha_massdep_baseline,piecewise,30.0,shift_h,550,unchanged,unchanged
largest team,rohcha_massdep_baseline,piecewise,30.0,crew_veh_h,550,unchanged,unchanged
largest team,rohcha_massdep_baseline,piecewise,30.0,crew_team_h,550,unchanged,unchanged
largest team,rohcha_massdep_baseline,piecewise,30.0,shift_ot_h,550,unchanged,unchanged
largest team,jiang_short_baseline,power_0.72,5.1,shift_h,MX2,unchanged,unchanged
largest team,jiang_short_baseline,power_0.72,5.1,crew_veh_h,MX2,unchanged,unchanged
largest team,jiang_short_baseline,power_0.72,5.1,crew_team_h,MX2,unchanged,unchanged
largest team,jiang_short_baseline,power_0.72,5.1,shift_ot_h,MX2,unchanged,unchanged
largest team,jiang_short_baseline,power_0.72,6.364,shift_h,MX2,unchanged,unchanged
largest team,jiang_short_baseline,power_0.72,6.364,crew_veh_h,MX2,unchanged,unchanged
largest team,jiang_short_baseline,power_0.72,6.364,crew_team_h,MX2,unchanged,unchanged
largest team,jiang_short_baseline,power_0.72,6.364,shift_ot_h,MX2,unchanged,unchanged
largest team,jiang_short_baseline,power_0.72,7.943,shift_h,MX2,unchanged,unchanged
largest team,jiang_short_baseline,power_0.72,7.943,crew_veh_h,MX2,unchanged,unchanged
largest team,jiang_short_baseline,power_0.72,7.943,crew_team_h,MX2,unchanged,unchanged
largest team,jiang_short_baseline,power_0.72,7.943,shift_ot_h,MX2,unchanged,unchanged
largest team,jiang_short_baseline,power_0.72,9.912,shift_h,MX2,unchanged,unchanged
largest team,jiang_short_baseline,power_0.72,9.912,crew_veh_h,MX2,unchanged,unchanged
largest team,jiang_short_baseline,power_0.72,9.912,crew_team_h,MX2,unchanged,unchanged
largest team,jiang_short_baseline,power_0.72,9.912,shift_ot_h,MX2,unchanged,unchanged
largest team,jiang_short_baseline,power_0.72,12.369,shift_h,MX2,unchanged,unchanged
largest team,jiang_short_baseline,power_0.72,12.369,crew_veh_h,MX2,unchanged,unchanged
largest team,jiang_short_baseline,power_0.72,12.369,crew_team_h,MX2,unchanged,unchanged
largest team,jiang_short_baseline,power_0.72,12.369,shift_ot_h,MX2,unchanged,unchanged
largest team,jiang_short_baseline,power_0.72,15.436,shift_h,MX2,unchanged,unchanged
largest team,jiang_short_baseline,power_0.72,15.436,crew_veh_h,MX2,unchanged,unchanged
largest team,jiang_short_baseline,power_0.72,15.436,crew_team_h,MX2,unchanged,unchanged
largest team,jiang_short_baseline,power_0.72,15.436,shift_ot_h,MX2,unchanged,unchanged
largest team,jiang_short_baseline,power_0.72,19.263,shift_h,MX2,unchanged,unchanged
largest team,jiang_short_baseline,power_0.72,19.263,crew_veh_h,MX2,unchanged,unchanged
largest team,jiang_short_baseline,power_0.72,19.263,crew_team_h,MX2,unchanged,unchanged
largest team,jiang_short_baseline,power_0.72,19.263,shift_ot_h,MX2,unchanged,unchanged
largest team,jiang_short_baseline,power_0.72,24.04,shift_h,MX2,unchanged,unchanged
largest team,jiang_short_baseline,power_0.72,24.04,crew_veh_h,MX2,unchanged,unchanged
largest team,jiang_short_baseline,power_0.72,24.04,crew_team_h,MX2,unchanged,unchanged
largest team,jiang_short_baseline,power_0.72,24.04,shift_ot_h,MX2,unchanged,unchanged
largest team,jiang_short_baseline,power_0.72,30.0,shift_h,MX2,unchanged,unchanged
largest team,jiang_short_baseline,power_0.72,30.0,crew_veh_h,MX2,unchanged,unchanged
largest team,jiang_short_baseline,power_0.72,30.0,crew_team_h,MX2,unchanged,unchanged
largest team,jiang_short_baseline,power_0.72,30.0,shift_ot_h,MX2,unchanged,unchanged
largest team,jiang_massdep_baseline,power_0.72,5.1,shift_h,550,unchanged,unchanged
largest team,jiang_massdep_baseline,power_0.72,5.1,crew_veh_h,550,unchanged,unchanged
largest team,jiang_massdep_baseline,power_0.72,5.1,crew_team_h,550,unchanged,unchanged
largest team,jiang_massdep_baseline,power_0.72,5.1,shift_ot_h,550,unchanged,unchanged
largest team,jiang_massdep_baseline,power_0.72,6.364,shift_h,550,unchanged,unchanged
largest team,jiang_massdep_baseline,power_0.72,6.364,crew_veh_h,550,unchanged,unchanged
largest team,jiang_massdep_baseline,power_0.72,6.364,crew_team_h,MX2,unchanged,unchanged
largest team,jiang_massdep_baseline,power_0.72,6.364,shift_ot_h,550,unchanged,unchanged
largest team,jiang_massdep_baseline,power_0.72,7.943,shift_h,550,unchanged,unchanged
largest team,jiang_massdep_baseline,power_0.72,7.943,crew_veh_h,550,unchanged,unchanged
largest team,jiang_massdep_baseline,power_0.72,7.943,crew_team_h,MX2,unchanged,unchanged
largest team,jiang_massdep_baseline,power_0.72,7.943,shift_ot_h,550,unchanged,unchanged
largest team,jiang_massdep_baseline,power_0.72,9.912,shift_h,550,unchanged,unchanged
largest team,jiang_massdep_baseline,power_0.72,9.912,crew_veh_h,550,unchanged,unchanged
largest team,jiang_massdep_baseline,power_0.72,9.912,crew_team_h,MX2,unchanged,unchanged
largest team,jiang_massdep_baseline,power_0.72,9.912,shift_ot_h,550,unchanged,unchanged
largest team,jiang_massdep_baseline,power_0.72,12.369,shift_h,550,unchanged,unchanged
largest team,jiang_massdep_baseline,power_0.72,12.369,crew_veh_h,550,unchanged,unchanged
largest team,jiang_massdep_baseline,power_0.72,12.369,crew_team_h,MX2,unchanged,unchanged
largest team,jiang_massdep_baseline,power_0.72,12.369,shift_ot_h,550,unchanged,unchanged
largest team,jiang_massdep_baseline,power_0.72,15.436,shift_h,550,unchanged,unchanged
largest team,jiang_massdep_baseline,power_0.72,15.436,crew_veh_h,MX2,unchanged,unchanged
largest team,jiang_massdep_baseline,power_0.72,15.436,crew_team_h,MX2,unchanged,unchanged
largest team,jiang_massdep_baseline,power_0.72,15.436,shift_ot_h,550,unchanged,unchanged
largest team,jiang_massdep_baseline,power_0.72,19.263,shift_h,550,unchanged,unchanged
largest team,jiang_massdep_baseline,power_0.72,19.263,crew_veh_h,MX2,unchanged,unchanged
largest team,jiang_massdep_baseline,power_0.72,19.263,crew_team_h,MX2,unchanged,unchanged
largest team,jiang_massdep_baseline,power_0.72,19.263,shift_ot_h,550,unchanged,unchanged
largest team,jiang_massdep_baseline,power_0.72,24.04,shift_h,550,unchanged,unchanged
largest team,jiang_massdep_baseline,power_0.72,24.04,crew_veh_h,MX2,unchanged,unchanged
largest team,jiang_massdep_baseline,power_0.72,24.04,crew_team_h,MX2,unchanged,unchanged
largest team,jiang_massdep_baseline,power_0.72,24.04,shift_ot_h,550,unchanged,unchanged
largest team,jiang_massdep_baseline,power_0.72,30.0,shift_h,MX2,unchanged,unchanged
largest team,jiang_massdep_baseline,power_0.72,30.0,crew_veh_h,MX2,unchanged,unchanged
largest team,jiang_massdep_baseline,power_0.72,30.0,crew_team_h,MX2,unchanged,unchanged
largest team,jiang_massdep_baseline,power_0.72,30.0,shift_ot_h,550,between 3 and 2 -> MX2 (search-dependent),unchanged
largest team,rohcha_short_baseline,power_0.72,5.1,shift_h,550,unchanged,unchanged
largest team,rohcha_short_baseline,power_0.72,5.1,crew_veh_h,550,unchanged,unchanged
largest team,rohcha_short_baseline,power_0.72,5.1,crew_team_h,550,unchanged,unchanged
largest team,rohcha_short_baseline,power_0.72,5.1,shift_ot_h,550,unchanged,unchanged
largest team,rohcha_short_baseline,power_0.72,6.364,shift_h,550,unchanged,unchanged
largest team,rohcha_short_baseline,power_0.72,6.364,crew_veh_h,550,unchanged,unchanged
largest team,rohcha_short_baseline,power_0.72,6.364,crew_team_h,550,unchanged,unchanged
largest team,rohcha_short_baseline,power_0.72,6.364,shift_ot_h,550,unchanged,unchanged
largest team,rohcha_short_baseline,power_0.72,7.943,shift_h,550,unchanged,unchanged
largest team,rohcha_short_baseline,power_0.72,7.943,crew_veh_h,550,unchanged,unchanged
largest team,rohcha_short_baseline,power_0.72,7.943,crew_team_h,550,unchanged,unchanged
largest team,rohcha_short_baseline,power_0.72,7.943,shift_ot_h,550,unchanged,unchanged
largest team,rohcha_short_baseline,power_0.72,9.912,shift_h,550,unchanged,unchanged
largest team,rohcha_short_baseline,power_0.72,9.912,crew_veh_h,550,unchanged,unchanged
largest team,rohcha_short_baseline,power_0.72,9.912,crew_team_h,550,unchanged,unchanged
largest team,rohcha_short_baseline,power_0.72,9.912,shift_ot_h,550,unchanged,unchanged
largest team,rohcha_short_baseline,power_0.72,12.369,shift_h,550,unchanged,unchanged
largest team,rohcha_short_baseline,power_0.72,12.369,crew_veh_h,550,unchanged,unchanged
largest team,rohcha_short_baseline,power_0.72,12.369,crew_team_h,550,unchanged,unchanged
largest team,rohcha_short_baseline,power_0.72,12.369,shift_ot_h,550,unchanged,unchanged
largest team,rohcha_short_baseline,power_0.72,15.436,shift_h,550,unchanged,unchanged
largest team,rohcha_short_baseline,power_0.72,15.436,crew_veh_h,550,unchanged,unchanged
largest team,rohcha_short_baseline,power_0.72,15.436,crew_team_h,550,unchanged,unchanged
largest team,rohcha_short_baseline,power_0.72,15.436,shift_ot_h,550,unchanged,unchanged
largest team,rohcha_short_baseline,power_0.72,19.263,shift_h,550,unchanged,unchanged
largest team,rohcha_short_baseline,power_0.72,19.263,crew_veh_h,550,unchanged,unchanged
largest team,rohcha_short_baseline,power_0.72,19.263,crew_team_h,550,unchanged,unchanged
largest team,rohcha_short_baseline,power_0.72,19.263,shift_ot_h,550,unchanged,unchanged
largest team,rohcha_short_baseline,power_0.72,24.04,shift_h,550,unchanged,unchanged
largest team,rohcha_short_baseline,power_0.72,24.04,crew_veh_h,550,unchanged,unchanged
largest team,rohcha_short_baseline,power_0.72,24.04,crew_team_h,550,unchanged,unchanged
largest team,rohcha_short_baseline,power_0.72,24.04,shift_ot_h,550,unchanged,unchanged
largest team,rohcha_short_baseline,power_0.72,30.0,shift_h,550,unchanged,unchanged
largest team,rohcha_short_baseline,power_0.72,30.0,crew_veh_h,550,unchanged,unchanged
largest team,rohcha_short_baseline,power_0.72,30.0,crew_team_h,550,unchanged,unchanged
largest team,rohcha_short_baseline,power_0.72,30.0,shift_ot_h,550,unchanged,unchanged
largest team,rohcha_massdep_baseline,power_0.72,5.1,shift_h,550,unchanged,unchanged
largest team,rohcha_massdep_baseline,power_0.72,5.1,crew_veh_h,550,unchanged,unchanged
largest team,rohcha_massdep_baseline,power_0.72,5.1,crew_team_h,550,unchanged,unchanged
largest team,rohcha_massdep_baseline,power_0.72,5.1,shift_ot_h,550,unchanged,unchanged
largest team,rohcha_massdep_baseline,power_0.72,6.364,shift_h,550,unchanged,unchanged
largest team,rohcha_massdep_baseline,power_0.72,6.364,crew_veh_h,550,unchanged,unchanged
largest team,rohcha_massdep_baseline,power_0.72,6.364,crew_team_h,550,unchanged,unchanged
largest team,rohcha_massdep_baseline,power_0.72,6.364,shift_ot_h,550,unchanged,unchanged
largest team,rohcha_massdep_baseline,power_0.72,7.943,shift_h,550,unchanged,unchanged
largest team,rohcha_massdep_baseline,power_0.72,7.943,crew_veh_h,550,unchanged,unchanged
largest team,rohcha_massdep_baseline,power_0.72,7.943,crew_team_h,550,unchanged,unchanged
largest team,rohcha_massdep_baseline,power_0.72,7.943,shift_ot_h,550,unchanged,unchanged
largest team,rohcha_massdep_baseline,power_0.72,9.912,shift_h,550,unchanged,unchanged
largest team,rohcha_massdep_baseline,power_0.72,9.912,crew_veh_h,550,unchanged,unchanged
largest team,rohcha_massdep_baseline,power_0.72,9.912,crew_team_h,550,unchanged,unchanged
largest team,rohcha_massdep_baseline,power_0.72,9.912,shift_ot_h,550,unchanged,unchanged
largest team,rohcha_massdep_baseline,power_0.72,12.369,shift_h,550,unchanged,unchanged
largest team,rohcha_massdep_baseline,power_0.72,12.369,crew_veh_h,550,unchanged,unchanged
largest team,rohcha_massdep_baseline,power_0.72,12.369,crew_team_h,550,unchanged,unchanged
largest team,rohcha_massdep_baseline,power_0.72,12.369,shift_ot_h,550,unchanged,unchanged
largest team,rohcha_massdep_baseline,power_0.72,15.436,shift_h,550,unchanged,unchanged
largest team,rohcha_massdep_baseline,power_0.72,15.436,crew_veh_h,550,unchanged,unchanged
largest team,rohcha_massdep_baseline,power_0.72,15.436,crew_team_h,550,unchanged,unchanged
largest team,rohcha_massdep_baseline,power_0.72,15.436,shift_ot_h,550,unchanged,unchanged
largest team,rohcha_massdep_baseline,power_0.72,19.263,shift_h,550,unchanged,unchanged
largest team,rohcha_massdep_baseline,power_0.72,19.263,crew_veh_h,550,unchanged,unchanged
largest team,rohcha_massdep_baseline,power_0.72,19.263,crew_team_h,550,unchanged,unchanged
largest team,rohcha_massdep_baseline,power_0.72,19.263,shift_ot_h,550,unchanged,unchanged
largest team,rohcha_massdep_baseline,power_0.72,24.04,shift_h,550,unchanged,unchanged
largest team,rohcha_massdep_baseline,power_0.72,24.04,crew_veh_h,550,unchanged,unchanged
largest team,rohcha_massdep_baseline,power_0.72,24.04,crew_team_h,550,unchanged,unchanged
largest team,rohcha_massdep_baseline,power_0.72,24.04,shift_ot_h,550,unchanged,unchanged
largest team,rohcha_massdep_baseline,power_0.72,30.0,shift_h,550,unchanged,unchanged
largest team,rohcha_massdep_baseline,power_0.72,30.0,crew_veh_h,550,unchanged,unchanged
largest team,rohcha_massdep_baseline,power_0.72,30.0,crew_team_h,550,unchanged,unchanged
largest team,rohcha_massdep_baseline,power_0.72,30.0,shift_ot_h,550,unchanged,unchanged
largest team,jiang_short_baseline,power_0.84,5.1,shift_h,MX2,unchanged,unchanged
largest team,jiang_short_baseline,power_0.84,5.1,crew_veh_h,MX2,unchanged,unchanged
largest team,jiang_short_baseline,power_0.84,5.1,crew_team_h,MX2,unchanged,unchanged
largest team,jiang_short_baseline,power_0.84,5.1,shift_ot_h,MX2,unchanged,unchanged
largest team,jiang_short_baseline,power_0.84,6.364,shift_h,MX2,unchanged,unchanged
largest team,jiang_short_baseline,power_0.84,6.364,crew_veh_h,MX2,unchanged,unchanged
largest team,jiang_short_baseline,power_0.84,6.364,crew_team_h,MX2,unchanged,unchanged
largest team,jiang_short_baseline,power_0.84,6.364,shift_ot_h,MX2,unchanged,unchanged
largest team,jiang_short_baseline,power_0.84,7.943,shift_h,MX2,unchanged,unchanged
largest team,jiang_short_baseline,power_0.84,7.943,crew_veh_h,MX2,unchanged,unchanged
largest team,jiang_short_baseline,power_0.84,7.943,crew_team_h,MX2,unchanged,unchanged
largest team,jiang_short_baseline,power_0.84,7.943,shift_ot_h,MX2,unchanged,unchanged
largest team,jiang_short_baseline,power_0.84,9.912,shift_h,MX2,unchanged,unchanged
largest team,jiang_short_baseline,power_0.84,9.912,crew_veh_h,MX2,unchanged,unchanged
largest team,jiang_short_baseline,power_0.84,9.912,crew_team_h,MX2,unchanged,unchanged
largest team,jiang_short_baseline,power_0.84,9.912,shift_ot_h,MX2,unchanged,unchanged
largest team,jiang_short_baseline,power_0.84,12.369,shift_h,MX2,unchanged,unchanged
largest team,jiang_short_baseline,power_0.84,12.369,crew_veh_h,MX2,unchanged,unchanged
largest team,jiang_short_baseline,power_0.84,12.369,crew_team_h,MX2,unchanged,unchanged
largest team,jiang_short_baseline,power_0.84,12.369,shift_ot_h,MX2,unchanged,unchanged
largest team,jiang_short_baseline,power_0.84,15.436,shift_h,MX2,unchanged,unchanged
largest team,jiang_short_baseline,power_0.84,15.436,crew_veh_h,MX2,unchanged,unchanged
largest team,jiang_short_baseline,power_0.84,15.436,crew_team_h,MX2,unchanged,unchanged
largest team,jiang_short_baseline,power_0.84,15.436,shift_ot_h,MX2,unchanged,unchanged
largest team,jiang_short_baseline,power_0.84,19.263,shift_h,MX2,unchanged,unchanged
largest team,jiang_short_baseline,power_0.84,19.263,crew_veh_h,MX2,unchanged,unchanged
largest team,jiang_short_baseline,power_0.84,19.263,crew_team_h,MX2,unchanged,unchanged
largest team,jiang_short_baseline,power_0.84,19.263,shift_ot_h,MX2,unchanged,unchanged
largest team,jiang_short_baseline,power_0.84,24.04,shift_h,MX2,unchanged,unchanged
largest team,jiang_short_baseline,power_0.84,24.04,crew_veh_h,MX2,unchanged,unchanged
largest team,jiang_short_baseline,power_0.84,24.04,crew_team_h,MX2,unchanged,unchanged
largest team,jiang_short_baseline,power_0.84,24.04,shift_ot_h,MX2,unchanged,unchanged
largest team,jiang_short_baseline,power_0.84,30.0,shift_h,MX2,unchanged,unchanged
largest team,jiang_short_baseline,power_0.84,30.0,crew_veh_h,MX2,unchanged,unchanged
largest team,jiang_short_baseline,power_0.84,30.0,crew_team_h,MX2,unchanged,unchanged
largest team,jiang_short_baseline,power_0.84,30.0,shift_ot_h,MX2,unchanged,unchanged
largest team,jiang_massdep_baseline,power_0.84,5.1,shift_h,550,unchanged,unchanged
largest team,jiang_massdep_baseline,power_0.84,5.1,crew_veh_h,550,unchanged,unchanged
largest team,jiang_massdep_baseline,power_0.84,5.1,crew_team_h,380,between 3 and 2 -> MX2 (search-dependent),unchanged
largest team,jiang_massdep_baseline,power_0.84,5.1,shift_ot_h,550,unchanged,unchanged
largest team,jiang_massdep_baseline,power_0.84,6.364,shift_h,550,unchanged,unchanged
largest team,jiang_massdep_baseline,power_0.84,6.364,crew_veh_h,550,unchanged,unchanged
largest team,jiang_massdep_baseline,power_0.84,6.364,crew_team_h,MX2,unchanged,unchanged
largest team,jiang_massdep_baseline,power_0.84,6.364,shift_ot_h,550,unchanged,unchanged
largest team,jiang_massdep_baseline,power_0.84,7.943,shift_h,550,unchanged,unchanged
largest team,jiang_massdep_baseline,power_0.84,7.943,crew_veh_h,550,unchanged,unchanged
largest team,jiang_massdep_baseline,power_0.84,7.943,crew_team_h,MX2,unchanged,unchanged
largest team,jiang_massdep_baseline,power_0.84,7.943,shift_ot_h,550,unchanged,unchanged
largest team,jiang_massdep_baseline,power_0.84,9.912,shift_h,550,unchanged,unchanged
largest team,jiang_massdep_baseline,power_0.84,9.912,crew_veh_h,550,unchanged,unchanged
largest team,jiang_massdep_baseline,power_0.84,9.912,crew_team_h,MX2,unchanged,unchanged
largest team,jiang_massdep_baseline,power_0.84,9.912,shift_ot_h,550,unchanged,unchanged
largest team,jiang_massdep_baseline,power_0.84,12.369,shift_h,550,unchanged,unchanged
largest team,jiang_massdep_baseline,power_0.84,12.369,crew_veh_h,MX2,unchanged,unchanged
largest team,jiang_massdep_baseline,power_0.84,12.369,crew_team_h,MX2,unchanged,unchanged
largest team,jiang_massdep_baseline,power_0.84,12.369,shift_ot_h,550,unchanged,unchanged
largest team,jiang_massdep_baseline,power_0.84,15.436,shift_h,550,unchanged,unchanged
largest team,jiang_massdep_baseline,power_0.84,15.436,crew_veh_h,MX2,unchanged,unchanged
largest team,jiang_massdep_baseline,power_0.84,15.436,crew_team_h,MX2,unchanged,unchanged
largest team,jiang_massdep_baseline,power_0.84,15.436,shift_ot_h,550,unchanged,unchanged
largest team,jiang_massdep_baseline,power_0.84,19.263,shift_h,MX2,unchanged,unchanged
largest team,jiang_massdep_baseline,power_0.84,19.263,crew_veh_h,MX2,unchanged,unchanged
largest team,jiang_massdep_baseline,power_0.84,19.263,crew_team_h,MX2,unchanged,unchanged
largest team,jiang_massdep_baseline,power_0.84,19.263,shift_ot_h,550,unchanged,unchanged
largest team,jiang_massdep_baseline,power_0.84,24.04,shift_h,MX2,unchanged,unchanged
largest team,jiang_massdep_baseline,power_0.84,24.04,crew_veh_h,MX2,unchanged,unchanged
largest team,jiang_massdep_baseline,power_0.84,24.04,crew_team_h,MX2,unchanged,unchanged
largest team,jiang_massdep_baseline,power_0.84,24.04,shift_ot_h,MX2,unchanged,unchanged
largest team,jiang_massdep_baseline,power_0.84,30.0,shift_h,MX2,unchanged,unchanged
largest team,jiang_massdep_baseline,power_0.84,30.0,crew_veh_h,MX2,unchanged,unchanged
largest team,jiang_massdep_baseline,power_0.84,30.0,crew_team_h,MX2,unchanged,unchanged
largest team,jiang_massdep_baseline,power_0.84,30.0,shift_ot_h,MX2,unchanged,unchanged
largest team,rohcha_short_baseline,power_0.84,5.1,shift_h,550,unchanged,unchanged
largest team,rohcha_short_baseline,power_0.84,5.1,crew_veh_h,550,unchanged,unchanged
largest team,rohcha_short_baseline,power_0.84,5.1,crew_team_h,550,unchanged,unchanged
largest team,rohcha_short_baseline,power_0.84,5.1,shift_ot_h,550,unchanged,unchanged
largest team,rohcha_short_baseline,power_0.84,6.364,shift_h,550,unchanged,unchanged
largest team,rohcha_short_baseline,power_0.84,6.364,crew_veh_h,550,unchanged,unchanged
largest team,rohcha_short_baseline,power_0.84,6.364,crew_team_h,550,unchanged,unchanged
largest team,rohcha_short_baseline,power_0.84,6.364,shift_ot_h,550,unchanged,unchanged
largest team,rohcha_short_baseline,power_0.84,7.943,shift_h,550,unchanged,unchanged
largest team,rohcha_short_baseline,power_0.84,7.943,crew_veh_h,550,unchanged,unchanged
largest team,rohcha_short_baseline,power_0.84,7.943,crew_team_h,550,unchanged,unchanged
largest team,rohcha_short_baseline,power_0.84,7.943,shift_ot_h,550,unchanged,unchanged
largest team,rohcha_short_baseline,power_0.84,9.912,shift_h,550,unchanged,unchanged
largest team,rohcha_short_baseline,power_0.84,9.912,crew_veh_h,550,unchanged,unchanged
largest team,rohcha_short_baseline,power_0.84,9.912,crew_team_h,550,unchanged,unchanged
largest team,rohcha_short_baseline,power_0.84,9.912,shift_ot_h,550,unchanged,unchanged
largest team,rohcha_short_baseline,power_0.84,12.369,shift_h,550,unchanged,unchanged
largest team,rohcha_short_baseline,power_0.84,12.369,crew_veh_h,550,unchanged,unchanged
largest team,rohcha_short_baseline,power_0.84,12.369,crew_team_h,550,unchanged,unchanged
largest team,rohcha_short_baseline,power_0.84,12.369,shift_ot_h,550,unchanged,unchanged
largest team,rohcha_short_baseline,power_0.84,15.436,shift_h,550,unchanged,unchanged
largest team,rohcha_short_baseline,power_0.84,15.436,crew_veh_h,550,unchanged,unchanged
largest team,rohcha_short_baseline,power_0.84,15.436,crew_team_h,550,unchanged,unchanged
largest team,rohcha_short_baseline,power_0.84,15.436,shift_ot_h,550,unchanged,unchanged
largest team,rohcha_short_baseline,power_0.84,19.263,shift_h,550,unchanged,unchanged
largest team,rohcha_short_baseline,power_0.84,19.263,crew_veh_h,550,unchanged,unchanged
largest team,rohcha_short_baseline,power_0.84,19.263,crew_team_h,550,unchanged,unchanged
largest team,rohcha_short_baseline,power_0.84,19.263,shift_ot_h,550,unchanged,unchanged
largest team,rohcha_short_baseline,power_0.84,24.04,shift_h,550,unchanged,unchanged
largest team,rohcha_short_baseline,power_0.84,24.04,crew_veh_h,550,unchanged,unchanged
largest team,rohcha_short_baseline,power_0.84,24.04,crew_team_h,550,unchanged,unchanged
largest team,rohcha_short_baseline,power_0.84,24.04,shift_ot_h,550,unchanged,unchanged
largest team,rohcha_short_baseline,power_0.84,30.0,shift_h,550,unchanged,unchanged
largest team,rohcha_short_baseline,power_0.84,30.0,crew_veh_h,550,unchanged,unchanged
largest team,rohcha_short_baseline,power_0.84,30.0,crew_team_h,550,unchanged,unchanged
largest team,rohcha_short_baseline,power_0.84,30.0,shift_ot_h,550,unchanged,unchanged
largest team,rohcha_massdep_baseline,power_0.84,5.1,shift_h,550,unchanged,unchanged
largest team,rohcha_massdep_baseline,power_0.84,5.1,crew_veh_h,550,unchanged,unchanged
largest team,rohcha_massdep_baseline,power_0.84,5.1,crew_team_h,550,unchanged,unchanged
largest team,rohcha_massdep_baseline,power_0.84,5.1,shift_ot_h,550,unchanged,unchanged
largest team,rohcha_massdep_baseline,power_0.84,6.364,shift_h,550,unchanged,unchanged
largest team,rohcha_massdep_baseline,power_0.84,6.364,crew_veh_h,550,unchanged,unchanged
largest team,rohcha_massdep_baseline,power_0.84,6.364,crew_team_h,550,unchanged,unchanged
largest team,rohcha_massdep_baseline,power_0.84,6.364,shift_ot_h,550,unchanged,unchanged
largest team,rohcha_massdep_baseline,power_0.84,7.943,shift_h,550,unchanged,unchanged
largest team,rohcha_massdep_baseline,power_0.84,7.943,crew_veh_h,550,unchanged,unchanged
largest team,rohcha_massdep_baseline,power_0.84,7.943,crew_team_h,550,unchanged,unchanged
largest team,rohcha_massdep_baseline,power_0.84,7.943,shift_ot_h,550,unchanged,unchanged
largest team,rohcha_massdep_baseline,power_0.84,9.912,shift_h,550,unchanged,unchanged
largest team,rohcha_massdep_baseline,power_0.84,9.912,crew_veh_h,550,unchanged,unchanged
largest team,rohcha_massdep_baseline,power_0.84,9.912,crew_team_h,550,unchanged,unchanged
largest team,rohcha_massdep_baseline,power_0.84,9.912,shift_ot_h,550,unchanged,unchanged
largest team,rohcha_massdep_baseline,power_0.84,12.369,shift_h,550,unchanged,unchanged
largest team,rohcha_massdep_baseline,power_0.84,12.369,crew_veh_h,550,unchanged,unchanged
largest team,rohcha_massdep_baseline,power_0.84,12.369,crew_team_h,550,unchanged,unchanged
largest team,rohcha_massdep_baseline,power_0.84,12.369,shift_ot_h,550,unchanged,unchanged
largest team,rohcha_massdep_baseline,power_0.84,15.436,shift_h,550,unchanged,unchanged
largest team,rohcha_massdep_baseline,power_0.84,15.436,crew_veh_h,550,unchanged,unchanged
largest team,rohcha_massdep_baseline,power_0.84,15.436,crew_team_h,550,unchanged,unchanged
largest team,rohcha_massdep_baseline,power_0.84,15.436,shift_ot_h,550,unchanged,unchanged
largest team,rohcha_massdep_baseline,power_0.84,19.263,shift_h,550,unchanged,unchanged
largest team,rohcha_massdep_baseline,power_0.84,19.263,crew_veh_h,550,unchanged,unchanged
largest team,rohcha_massdep_baseline,power_0.84,19.263,crew_team_h,550,unchanged,unchanged
largest team,rohcha_massdep_baseline,power_0.84,19.263,shift_ot_h,550,unchanged,unchanged
largest team,rohcha_massdep_baseline,power_0.84,24.04,shift_h,550,unchanged,unchanged
largest team,rohcha_massdep_baseline,power_0.84,24.04,crew_veh_h,550,unchanged,unchanged
largest team,rohcha_massdep_baseline,power_0.84,24.04,crew_team_h,550,unchanged,unchanged
largest team,rohcha_massdep_baseline,power_0.84,24.04,shift_ot_h,550,unchanged,unchanged
largest team,rohcha_massdep_baseline,power_0.84,30.0,shift_h,550,unchanged,unchanged
largest team,rohcha_massdep_baseline,power_0.84,30.0,crew_veh_h,550,unchanged,unchanged
largest team,rohcha_massdep_baseline,power_0.84,30.0,crew_team_h,550,unchanged,unchanged
largest team,rohcha_massdep_baseline,power_0.84,30.0,shift_ot_h,550,unchanged,unchanged
largest team,jiang_short_baseline,power_0.96,5.1,shift_h,MX2,unchanged,unchanged
largest team,jiang_short_baseline,power_0.96,5.1,crew_veh_h,MX2,unchanged,unchanged
largest team,jiang_short_baseline,power_0.96,5.1,crew_team_h,MX2,unchanged,unchanged
largest team,jiang_short_baseline,power_0.96,5.1,shift_ot_h,MX2,unchanged,unchanged
largest team,jiang_short_baseline,power_0.96,6.364,shift_h,MX2,unchanged,unchanged
largest team,jiang_short_baseline,power_0.96,6.364,crew_veh_h,MX2,unchanged,unchanged
largest team,jiang_short_baseline,power_0.96,6.364,crew_team_h,MX2,unchanged,unchanged
largest team,jiang_short_baseline,power_0.96,6.364,shift_ot_h,MX2,unchanged,unchanged
largest team,jiang_short_baseline,power_0.96,7.943,shift_h,MX2,unchanged,unchanged
largest team,jiang_short_baseline,power_0.96,7.943,crew_veh_h,MX2,unchanged,unchanged
largest team,jiang_short_baseline,power_0.96,7.943,crew_team_h,MX2,unchanged,unchanged
largest team,jiang_short_baseline,power_0.96,7.943,shift_ot_h,MX2,unchanged,unchanged
largest team,jiang_short_baseline,power_0.96,9.912,shift_h,MX2,unchanged,unchanged
largest team,jiang_short_baseline,power_0.96,9.912,crew_veh_h,MX2,unchanged,unchanged
largest team,jiang_short_baseline,power_0.96,9.912,crew_team_h,MX2,unchanged,unchanged
largest team,jiang_short_baseline,power_0.96,9.912,shift_ot_h,MX2,unchanged,unchanged
largest team,jiang_short_baseline,power_0.96,12.369,shift_h,MX2,unchanged,unchanged
largest team,jiang_short_baseline,power_0.96,12.369,crew_veh_h,MX2,unchanged,unchanged
largest team,jiang_short_baseline,power_0.96,12.369,crew_team_h,MX2,unchanged,unchanged
largest team,jiang_short_baseline,power_0.96,12.369,shift_ot_h,MX2,unchanged,unchanged
largest team,jiang_short_baseline,power_0.96,15.436,shift_h,MX2,unchanged,unchanged
largest team,jiang_short_baseline,power_0.96,15.436,crew_veh_h,MX2,unchanged,unchanged
largest team,jiang_short_baseline,power_0.96,15.436,crew_team_h,MX2,unchanged,unchanged
largest team,jiang_short_baseline,power_0.96,15.436,shift_ot_h,MX2,unchanged,unchanged
largest team,jiang_short_baseline,power_0.96,19.263,shift_h,MX2,unchanged,unchanged
largest team,jiang_short_baseline,power_0.96,19.263,crew_veh_h,MX2,unchanged,unchanged
largest team,jiang_short_baseline,power_0.96,19.263,crew_team_h,MX2,unchanged,unchanged
largest team,jiang_short_baseline,power_0.96,19.263,shift_ot_h,MX2,unchanged,unchanged
largest team,jiang_short_baseline,power_0.96,24.04,shift_h,MX2,unchanged,unchanged
largest team,jiang_short_baseline,power_0.96,24.04,crew_veh_h,MX2,unchanged,unchanged
largest team,jiang_short_baseline,power_0.96,24.04,crew_team_h,MX2,unchanged,unchanged
largest team,jiang_short_baseline,power_0.96,24.04,shift_ot_h,MX2,unchanged,unchanged
largest team,jiang_short_baseline,power_0.96,30.0,shift_h,MX2,unchanged,unchanged
largest team,jiang_short_baseline,power_0.96,30.0,crew_veh_h,MX2,unchanged,unchanged
largest team,jiang_short_baseline,power_0.96,30.0,crew_team_h,MX2,unchanged,unchanged
largest team,jiang_short_baseline,power_0.96,30.0,shift_ot_h,MX2,unchanged,unchanged
largest team,jiang_massdep_baseline,power_0.96,5.1,shift_h,550,unchanged,unchanged
largest team,jiang_massdep_baseline,power_0.96,5.1,crew_veh_h,550,unchanged,unchanged
largest team,jiang_massdep_baseline,power_0.96,5.1,crew_team_h,MX2,unchanged,unchanged
largest team,jiang_massdep_baseline,power_0.96,5.1,shift_ot_h,550,unchanged,unchanged
largest team,jiang_massdep_baseline,power_0.96,6.364,shift_h,550,unchanged,unchanged
largest team,jiang_massdep_baseline,power_0.96,6.364,crew_veh_h,550,unchanged,unchanged
largest team,jiang_massdep_baseline,power_0.96,6.364,crew_team_h,MX2,unchanged,unchanged
largest team,jiang_massdep_baseline,power_0.96,6.364,shift_ot_h,550,unchanged,unchanged
largest team,jiang_massdep_baseline,power_0.96,7.943,shift_h,550,unchanged,unchanged
largest team,jiang_massdep_baseline,power_0.96,7.943,crew_veh_h,550,unchanged,unchanged
largest team,jiang_massdep_baseline,power_0.96,7.943,crew_team_h,MX2,unchanged,unchanged
largest team,jiang_massdep_baseline,power_0.96,7.943,shift_ot_h,550,unchanged,unchanged
largest team,jiang_massdep_baseline,power_0.96,9.912,shift_h,550,unchanged,unchanged
largest team,jiang_massdep_baseline,power_0.96,9.912,crew_veh_h,MX2,unchanged,unchanged
largest team,jiang_massdep_baseline,power_0.96,9.912,crew_team_h,MX2,unchanged,unchanged
largest team,jiang_massdep_baseline,power_0.96,9.912,shift_ot_h,550,unchanged,unchanged
largest team,jiang_massdep_baseline,power_0.96,12.369,shift_h,550,unchanged,unchanged
largest team,jiang_massdep_baseline,power_0.96,12.369,crew_veh_h,MX2,unchanged,unchanged
largest team,jiang_massdep_baseline,power_0.96,12.369,crew_team_h,MX2,unchanged,unchanged
largest team,jiang_massdep_baseline,power_0.96,12.369,shift_ot_h,550,unchanged,unchanged
largest team,jiang_massdep_baseline,power_0.96,15.436,shift_h,MX2,unchanged,unchanged
largest team,jiang_massdep_baseline,power_0.96,15.436,crew_veh_h,MX2,unchanged,unchanged
largest team,jiang_massdep_baseline,power_0.96,15.436,crew_team_h,MX2,unchanged,unchanged
largest team,jiang_massdep_baseline,power_0.96,15.436,shift_ot_h,550,unchanged,unchanged
largest team,jiang_massdep_baseline,power_0.96,19.263,shift_h,MX2,unchanged,unchanged
largest team,jiang_massdep_baseline,power_0.96,19.263,crew_veh_h,MX2,unchanged,unchanged
largest team,jiang_massdep_baseline,power_0.96,19.263,crew_team_h,MX2,unchanged,unchanged
largest team,jiang_massdep_baseline,power_0.96,19.263,shift_ot_h,MX2,unchanged,unchanged
largest team,jiang_massdep_baseline,power_0.96,24.04,shift_h,MX2,unchanged,unchanged
largest team,jiang_massdep_baseline,power_0.96,24.04,crew_veh_h,MX2,unchanged,unchanged
largest team,jiang_massdep_baseline,power_0.96,24.04,crew_team_h,MX2,unchanged,unchanged
largest team,jiang_massdep_baseline,power_0.96,24.04,shift_ot_h,MX2,unchanged,unchanged
largest team,jiang_massdep_baseline,power_0.96,30.0,shift_h,MX2,unchanged,unchanged
largest team,jiang_massdep_baseline,power_0.96,30.0,crew_veh_h,MX2,unchanged,unchanged
largest team,jiang_massdep_baseline,power_0.96,30.0,crew_team_h,MX2,unchanged,unchanged
largest team,jiang_massdep_baseline,power_0.96,30.0,shift_ot_h,MX2,unchanged,unchanged
largest team,rohcha_short_baseline,power_0.96,5.1,shift_h,550,unchanged,unchanged
largest team,rohcha_short_baseline,power_0.96,5.1,crew_veh_h,550,unchanged,unchanged
largest team,rohcha_short_baseline,power_0.96,5.1,crew_team_h,550,unchanged,unchanged
largest team,rohcha_short_baseline,power_0.96,5.1,shift_ot_h,550,unchanged,unchanged
largest team,rohcha_short_baseline,power_0.96,6.364,shift_h,550,unchanged,unchanged
largest team,rohcha_short_baseline,power_0.96,6.364,crew_veh_h,550,unchanged,unchanged
largest team,rohcha_short_baseline,power_0.96,6.364,crew_team_h,550,unchanged,unchanged
largest team,rohcha_short_baseline,power_0.96,6.364,shift_ot_h,550,unchanged,unchanged
largest team,rohcha_short_baseline,power_0.96,7.943,shift_h,550,unchanged,unchanged
largest team,rohcha_short_baseline,power_0.96,7.943,crew_veh_h,550,unchanged,unchanged
largest team,rohcha_short_baseline,power_0.96,7.943,crew_team_h,550,unchanged,unchanged
largest team,rohcha_short_baseline,power_0.96,7.943,shift_ot_h,550,unchanged,unchanged
largest team,rohcha_short_baseline,power_0.96,9.912,shift_h,550,unchanged,unchanged
largest team,rohcha_short_baseline,power_0.96,9.912,crew_veh_h,550,unchanged,unchanged
largest team,rohcha_short_baseline,power_0.96,9.912,crew_team_h,550,unchanged,unchanged
largest team,rohcha_short_baseline,power_0.96,9.912,shift_ot_h,550,unchanged,unchanged
largest team,rohcha_short_baseline,power_0.96,12.369,shift_h,550,unchanged,unchanged
largest team,rohcha_short_baseline,power_0.96,12.369,crew_veh_h,550,unchanged,unchanged
largest team,rohcha_short_baseline,power_0.96,12.369,crew_team_h,550,unchanged,unchanged
largest team,rohcha_short_baseline,power_0.96,12.369,shift_ot_h,550,unchanged,unchanged
largest team,rohcha_short_baseline,power_0.96,15.436,shift_h,550,unchanged,unchanged
largest team,rohcha_short_baseline,power_0.96,15.436,crew_veh_h,550,unchanged,unchanged
largest team,rohcha_short_baseline,power_0.96,15.436,crew_team_h,550,unchanged,unchanged
largest team,rohcha_short_baseline,power_0.96,15.436,shift_ot_h,550,unchanged,unchanged
largest team,rohcha_short_baseline,power_0.96,19.263,shift_h,550,unchanged,unchanged
largest team,rohcha_short_baseline,power_0.96,19.263,crew_veh_h,550,unchanged,unchanged
largest team,rohcha_short_baseline,power_0.96,19.263,crew_team_h,550,unchanged,unchanged
largest team,rohcha_short_baseline,power_0.96,19.263,shift_ot_h,550,unchanged,unchanged
largest team,rohcha_short_baseline,power_0.96,24.04,shift_h,550,unchanged,unchanged
largest team,rohcha_short_baseline,power_0.96,24.04,crew_veh_h,550,unchanged,unchanged
largest team,rohcha_short_baseline,power_0.96,24.04,crew_team_h,550,unchanged,unchanged
largest team,rohcha_short_baseline,power_0.96,24.04,shift_ot_h,550,unchanged,unchanged
largest team,rohcha_short_baseline,power_0.96,30.0,shift_h,550,unchanged,unchanged
largest team,rohcha_short_baseline,power_0.96,30.0,crew_veh_h,550,unchanged,unchanged
largest team,rohcha_short_baseline,power_0.96,30.0,crew_team_h,550,unchanged,unchanged
largest team,rohcha_short_baseline,power_0.96,30.0,shift_ot_h,550,unchanged,unchanged
largest team,rohcha_massdep_baseline,power_0.96,5.1,shift_h,550,unchanged,unchanged
largest team,rohcha_massdep_baseline,power_0.96,5.1,crew_veh_h,550,unchanged,unchanged
largest team,rohcha_massdep_baseline,power_0.96,5.1,crew_team_h,550,unchanged,unchanged
largest team,rohcha_massdep_baseline,power_0.96,5.1,shift_ot_h,550,unchanged,unchanged
largest team,rohcha_massdep_baseline,power_0.96,6.364,shift_h,550,unchanged,unchanged
largest team,rohcha_massdep_baseline,power_0.96,6.364,crew_veh_h,550,unchanged,unchanged
largest team,rohcha_massdep_baseline,power_0.96,6.364,crew_team_h,550,unchanged,unchanged
largest team,rohcha_massdep_baseline,power_0.96,6.364,shift_ot_h,550,unchanged,unchanged
largest team,rohcha_massdep_baseline,power_0.96,7.943,shift_h,550,unchanged,unchanged
largest team,rohcha_massdep_baseline,power_0.96,7.943,crew_veh_h,550,unchanged,unchanged
largest team,rohcha_massdep_baseline,power_0.96,7.943,crew_team_h,550,unchanged,unchanged
largest team,rohcha_massdep_baseline,power_0.96,7.943,shift_ot_h,550,unchanged,unchanged
largest team,rohcha_massdep_baseline,power_0.96,9.912,shift_h,550,unchanged,unchanged
largest team,rohcha_massdep_baseline,power_0.96,9.912,crew_veh_h,550,unchanged,unchanged
largest team,rohcha_massdep_baseline,power_0.96,9.912,crew_team_h,550,unchanged,unchanged
largest team,rohcha_massdep_baseline,power_0.96,9.912,shift_ot_h,550,unchanged,unchanged
largest team,rohcha_massdep_baseline,power_0.96,12.369,shift_h,550,unchanged,unchanged
largest team,rohcha_massdep_baseline,power_0.96,12.369,crew_veh_h,550,unchanged,unchanged
largest team,rohcha_massdep_baseline,power_0.96,12.369,crew_team_h,550,unchanged,unchanged
largest team,rohcha_massdep_baseline,power_0.96,12.369,shift_ot_h,550,unchanged,unchanged
largest team,rohcha_massdep_baseline,power_0.96,15.436,shift_h,550,unchanged,unchanged
largest team,rohcha_massdep_baseline,power_0.96,15.436,crew_veh_h,550,unchanged,unchanged
largest team,rohcha_massdep_baseline,power_0.96,15.436,crew_team_h,550,unchanged,unchanged
largest team,rohcha_massdep_baseline,power_0.96,15.436,shift_ot_h,550,unchanged,unchanged
largest team,rohcha_massdep_baseline,power_0.96,19.263,shift_h,550,unchanged,unchanged
largest team,rohcha_massdep_baseline,power_0.96,19.263,crew_veh_h,550,unchanged,unchanged
largest team,rohcha_massdep_baseline,power_0.96,19.263,crew_team_h,550,unchanged,unchanged
largest team,rohcha_massdep_baseline,power_0.96,19.263,shift_ot_h,550,unchanged,unchanged
largest team,rohcha_massdep_baseline,power_0.96,24.04,shift_h,550,unchanged,unchanged
largest team,rohcha_massdep_baseline,power_0.96,24.04,crew_veh_h,550,unchanged,unchanged
largest team,rohcha_massdep_baseline,power_0.96,24.04,crew_team_h,550,unchanged,unchanged
largest team,rohcha_massdep_baseline,power_0.96,24.04,shift_ot_h,550,unchanged,unchanged
largest team,rohcha_massdep_baseline,power_0.96,30.0,shift_h,550,unchanged,unchanged
largest team,rohcha_massdep_baseline,power_0.96,30.0,crew_veh_h,550,unchanged,unchanged
largest team,rohcha_massdep_baseline,power_0.96,30.0,crew_team_h,550,unchanged,unchanged
largest team,rohcha_massdep_baseline,power_0.96,30.0,shift_ot_h,550,unchanged,unchanged
turn time (s),jiang_short_baseline,affine,5.1,shift_h,MX2,unchanged,unchanged
turn time (s),jiang_short_baseline,affine,5.1,crew_veh_h,MX2,unchanged,unchanged
turn time (s),jiang_short_baseline,affine,5.1,crew_team_h,MX2,unchanged,unchanged
turn time (s),jiang_short_baseline,affine,5.1,shift_ot_h,MX2,unchanged,unchanged
turn time (s),jiang_short_baseline,affine,6.364,shift_h,MX2,unchanged,unchanged
turn time (s),jiang_short_baseline,affine,6.364,crew_veh_h,MX2,unchanged,unchanged
turn time (s),jiang_short_baseline,affine,6.364,crew_team_h,MX2,unchanged,unchanged
turn time (s),jiang_short_baseline,affine,6.364,shift_ot_h,MX2,unchanged,unchanged
turn time (s),jiang_short_baseline,affine,7.943,shift_h,MX2,unchanged,unchanged
turn time (s),jiang_short_baseline,affine,7.943,crew_veh_h,MX2,unchanged,unchanged
turn time (s),jiang_short_baseline,affine,7.943,crew_team_h,MX2,unchanged,unchanged
turn time (s),jiang_short_baseline,affine,7.943,shift_ot_h,MX2,unchanged,unchanged
turn time (s),jiang_short_baseline,affine,9.912,shift_h,MX2,unchanged,unchanged
turn time (s),jiang_short_baseline,affine,9.912,crew_veh_h,MX2,unchanged,unchanged
turn time (s),jiang_short_baseline,affine,9.912,crew_team_h,MX2,unchanged,unchanged
turn time (s),jiang_short_baseline,affine,9.912,shift_ot_h,MX2,unchanged,unchanged
turn time (s),jiang_short_baseline,affine,12.369,shift_h,MX2,unchanged,unchanged
turn time (s),jiang_short_baseline,affine,12.369,crew_veh_h,MX2,unchanged,unchanged
turn time (s),jiang_short_baseline,affine,12.369,crew_team_h,MX2,unchanged,unchanged
turn time (s),jiang_short_baseline,affine,12.369,shift_ot_h,MX2,unchanged,unchanged
turn time (s),jiang_short_baseline,affine,15.436,shift_h,MX2,unchanged,unchanged
turn time (s),jiang_short_baseline,affine,15.436,crew_veh_h,MX2,unchanged,unchanged
turn time (s),jiang_short_baseline,affine,15.436,crew_team_h,MX2,unchanged,unchanged
turn time (s),jiang_short_baseline,affine,15.436,shift_ot_h,MX2,unchanged,unchanged
turn time (s),jiang_short_baseline,affine,19.263,shift_h,MX2,unchanged,unchanged
turn time (s),jiang_short_baseline,affine,19.263,crew_veh_h,MX2,unchanged,unchanged
turn time (s),jiang_short_baseline,affine,19.263,crew_team_h,MX2,unchanged,unchanged
turn time (s),jiang_short_baseline,affine,19.263,shift_ot_h,MX2,unchanged,unchanged
turn time (s),jiang_short_baseline,affine,24.04,shift_h,MX2,unchanged,unchanged
turn time (s),jiang_short_baseline,affine,24.04,crew_veh_h,MX2,unchanged,unchanged
turn time (s),jiang_short_baseline,affine,24.04,crew_team_h,MX2,unchanged,unchanged
turn time (s),jiang_short_baseline,affine,24.04,shift_ot_h,MX2,unchanged,unchanged
turn time (s),jiang_short_baseline,affine,30.0,shift_h,MX2,unchanged,unchanged
turn time (s),jiang_short_baseline,affine,30.0,crew_veh_h,MX2,unchanged,unchanged
turn time (s),jiang_short_baseline,affine,30.0,crew_team_h,MX2,unchanged,unchanged
turn time (s),jiang_short_baseline,affine,30.0,shift_ot_h,MX2,unchanged,unchanged
turn time (s),jiang_massdep_baseline,affine,5.1,shift_h,550,unchanged,unchanged
turn time (s),jiang_massdep_baseline,affine,5.1,crew_veh_h,550,unchanged,unchanged
turn time (s),jiang_massdep_baseline,affine,5.1,crew_team_h,380,unchanged,unchanged
turn time (s),jiang_massdep_baseline,affine,5.1,shift_ot_h,550,unchanged,unchanged
turn time (s),jiang_massdep_baseline,affine,6.364,shift_h,550,unchanged,unchanged
turn time (s),jiang_massdep_baseline,affine,6.364,crew_veh_h,550,unchanged,unchanged
turn time (s),jiang_massdep_baseline,affine,6.364,crew_team_h,MX2,unchanged,between 0 and 30 -> 380 (search-dependent)
turn time (s),jiang_massdep_baseline,affine,6.364,shift_ot_h,550,unchanged,unchanged
turn time (s),jiang_massdep_baseline,affine,7.943,shift_h,550,unchanged,unchanged
turn time (s),jiang_massdep_baseline,affine,7.943,crew_veh_h,550,unchanged,unchanged
turn time (s),jiang_massdep_baseline,affine,7.943,crew_team_h,MX2,unchanged,unchanged
turn time (s),jiang_massdep_baseline,affine,7.943,shift_ot_h,550,unchanged,unchanged
turn time (s),jiang_massdep_baseline,affine,9.912,shift_h,550,unchanged,unchanged
turn time (s),jiang_massdep_baseline,affine,9.912,crew_veh_h,550,unchanged,unchanged
turn time (s),jiang_massdep_baseline,affine,9.912,crew_team_h,MX2,unchanged,unchanged
turn time (s),jiang_massdep_baseline,affine,9.912,shift_ot_h,550,unchanged,unchanged
turn time (s),jiang_massdep_baseline,affine,12.369,shift_h,550,unchanged,unchanged
turn time (s),jiang_massdep_baseline,affine,12.369,crew_veh_h,MX2,unchanged,between 0 and 30 -> 550 (search-dependent)
turn time (s),jiang_massdep_baseline,affine,12.369,crew_team_h,MX2,unchanged,unchanged
turn time (s),jiang_massdep_baseline,affine,12.369,shift_ot_h,550,unchanged,unchanged
turn time (s),jiang_massdep_baseline,affine,15.436,shift_h,550,unchanged,unchanged
turn time (s),jiang_massdep_baseline,affine,15.436,crew_veh_h,MX2,unchanged,unchanged
turn time (s),jiang_massdep_baseline,affine,15.436,crew_team_h,MX2,unchanged,unchanged
turn time (s),jiang_massdep_baseline,affine,15.436,shift_ot_h,550,unchanged,unchanged
turn time (s),jiang_massdep_baseline,affine,19.263,shift_h,550,unchanged,unchanged
turn time (s),jiang_massdep_baseline,affine,19.263,crew_veh_h,MX2,unchanged,unchanged
turn time (s),jiang_massdep_baseline,affine,19.263,crew_team_h,MX2,unchanged,unchanged
turn time (s),jiang_massdep_baseline,affine,19.263,shift_ot_h,550,unchanged,unchanged
turn time (s),jiang_massdep_baseline,affine,24.04,shift_h,MX2,unchanged,unchanged
turn time (s),jiang_massdep_baseline,affine,24.04,crew_veh_h,MX2,unchanged,unchanged
turn time (s),jiang_massdep_baseline,affine,24.04,crew_team_h,MX2,unchanged,unchanged
turn time (s),jiang_massdep_baseline,affine,24.04,shift_ot_h,550,unchanged,unchanged
turn time (s),jiang_massdep_baseline,affine,30.0,shift_h,MX2,unchanged,unchanged
turn time (s),jiang_massdep_baseline,affine,30.0,crew_veh_h,MX2,unchanged,unchanged
turn time (s),jiang_massdep_baseline,affine,30.0,crew_team_h,MX2,unchanged,unchanged
turn time (s),jiang_massdep_baseline,affine,30.0,shift_ot_h,MX2,unchanged,unchanged
turn time (s),rohcha_short_baseline,affine,5.1,shift_h,550,unchanged,unchanged
turn time (s),rohcha_short_baseline,affine,5.1,crew_veh_h,550,unchanged,unchanged
turn time (s),rohcha_short_baseline,affine,5.1,crew_team_h,550,unchanged,unchanged
turn time (s),rohcha_short_baseline,affine,5.1,shift_ot_h,550,unchanged,unchanged
turn time (s),rohcha_short_baseline,affine,6.364,shift_h,550,unchanged,unchanged
turn time (s),rohcha_short_baseline,affine,6.364,crew_veh_h,550,unchanged,unchanged
turn time (s),rohcha_short_baseline,affine,6.364,crew_team_h,550,unchanged,unchanged
turn time (s),rohcha_short_baseline,affine,6.364,shift_ot_h,550,unchanged,unchanged
turn time (s),rohcha_short_baseline,affine,7.943,shift_h,550,unchanged,unchanged
turn time (s),rohcha_short_baseline,affine,7.943,crew_veh_h,550,unchanged,unchanged
turn time (s),rohcha_short_baseline,affine,7.943,crew_team_h,550,unchanged,unchanged
turn time (s),rohcha_short_baseline,affine,7.943,shift_ot_h,550,unchanged,unchanged
turn time (s),rohcha_short_baseline,affine,9.912,shift_h,550,unchanged,unchanged
turn time (s),rohcha_short_baseline,affine,9.912,crew_veh_h,550,unchanged,unchanged
turn time (s),rohcha_short_baseline,affine,9.912,crew_team_h,550,unchanged,unchanged
turn time (s),rohcha_short_baseline,affine,9.912,shift_ot_h,550,unchanged,unchanged
turn time (s),rohcha_short_baseline,affine,12.369,shift_h,550,unchanged,unchanged
turn time (s),rohcha_short_baseline,affine,12.369,crew_veh_h,550,unchanged,unchanged
turn time (s),rohcha_short_baseline,affine,12.369,crew_team_h,550,unchanged,unchanged
turn time (s),rohcha_short_baseline,affine,12.369,shift_ot_h,550,unchanged,unchanged
turn time (s),rohcha_short_baseline,affine,15.436,shift_h,550,unchanged,unchanged
turn time (s),rohcha_short_baseline,affine,15.436,crew_veh_h,550,unchanged,unchanged
turn time (s),rohcha_short_baseline,affine,15.436,crew_team_h,550,unchanged,unchanged
turn time (s),rohcha_short_baseline,affine,15.436,shift_ot_h,550,unchanged,unchanged
turn time (s),rohcha_short_baseline,affine,19.263,shift_h,550,unchanged,unchanged
turn time (s),rohcha_short_baseline,affine,19.263,crew_veh_h,550,unchanged,unchanged
turn time (s),rohcha_short_baseline,affine,19.263,crew_team_h,550,unchanged,unchanged
turn time (s),rohcha_short_baseline,affine,19.263,shift_ot_h,550,unchanged,unchanged
turn time (s),rohcha_short_baseline,affine,24.04,shift_h,550,unchanged,unchanged
turn time (s),rohcha_short_baseline,affine,24.04,crew_veh_h,550,unchanged,unchanged
turn time (s),rohcha_short_baseline,affine,24.04,crew_team_h,550,unchanged,unchanged
turn time (s),rohcha_short_baseline,affine,24.04,shift_ot_h,550,unchanged,unchanged
turn time (s),rohcha_short_baseline,affine,30.0,shift_h,550,unchanged,unchanged
turn time (s),rohcha_short_baseline,affine,30.0,crew_veh_h,550,unchanged,unchanged
turn time (s),rohcha_short_baseline,affine,30.0,crew_team_h,550,unchanged,unchanged
turn time (s),rohcha_short_baseline,affine,30.0,shift_ot_h,550,unchanged,unchanged
turn time (s),rohcha_massdep_baseline,affine,5.1,shift_h,550,unchanged,unchanged
turn time (s),rohcha_massdep_baseline,affine,5.1,crew_veh_h,550,unchanged,unchanged
turn time (s),rohcha_massdep_baseline,affine,5.1,crew_team_h,550,unchanged,unchanged
turn time (s),rohcha_massdep_baseline,affine,5.1,shift_ot_h,550,unchanged,unchanged
turn time (s),rohcha_massdep_baseline,affine,6.364,shift_h,550,unchanged,unchanged
turn time (s),rohcha_massdep_baseline,affine,6.364,crew_veh_h,550,unchanged,unchanged
turn time (s),rohcha_massdep_baseline,affine,6.364,crew_team_h,550,unchanged,unchanged
turn time (s),rohcha_massdep_baseline,affine,6.364,shift_ot_h,550,unchanged,unchanged
turn time (s),rohcha_massdep_baseline,affine,7.943,shift_h,550,unchanged,unchanged
turn time (s),rohcha_massdep_baseline,affine,7.943,crew_veh_h,550,unchanged,unchanged
turn time (s),rohcha_massdep_baseline,affine,7.943,crew_team_h,550,unchanged,unchanged
turn time (s),rohcha_massdep_baseline,affine,7.943,shift_ot_h,550,unchanged,unchanged
turn time (s),rohcha_massdep_baseline,affine,9.912,shift_h,550,unchanged,unchanged
turn time (s),rohcha_massdep_baseline,affine,9.912,crew_veh_h,550,unchanged,unchanged
turn time (s),rohcha_massdep_baseline,affine,9.912,crew_team_h,550,unchanged,unchanged
turn time (s),rohcha_massdep_baseline,affine,9.912,shift_ot_h,550,unchanged,unchanged
turn time (s),rohcha_massdep_baseline,affine,12.369,shift_h,550,unchanged,unchanged
turn time (s),rohcha_massdep_baseline,affine,12.369,crew_veh_h,550,unchanged,unchanged
turn time (s),rohcha_massdep_baseline,affine,12.369,crew_team_h,550,unchanged,unchanged
turn time (s),rohcha_massdep_baseline,affine,12.369,shift_ot_h,550,unchanged,unchanged
turn time (s),rohcha_massdep_baseline,affine,15.436,shift_h,550,unchanged,unchanged
turn time (s),rohcha_massdep_baseline,affine,15.436,crew_veh_h,550,unchanged,unchanged
turn time (s),rohcha_massdep_baseline,affine,15.436,crew_team_h,550,unchanged,unchanged
turn time (s),rohcha_massdep_baseline,affine,15.436,shift_ot_h,550,unchanged,unchanged
turn time (s),rohcha_massdep_baseline,affine,19.263,shift_h,550,unchanged,unchanged
turn time (s),rohcha_massdep_baseline,affine,19.263,crew_veh_h,550,unchanged,unchanged
turn time (s),rohcha_massdep_baseline,affine,19.263,crew_team_h,550,unchanged,unchanged
turn time (s),rohcha_massdep_baseline,affine,19.263,shift_ot_h,550,unchanged,unchanged
turn time (s),rohcha_massdep_baseline,affine,24.04,shift_h,550,unchanged,unchanged
turn time (s),rohcha_massdep_baseline,affine,24.04,crew_veh_h,550,unchanged,unchanged
turn time (s),rohcha_massdep_baseline,affine,24.04,crew_team_h,550,unchanged,unchanged
turn time (s),rohcha_massdep_baseline,affine,24.04,shift_ot_h,550,unchanged,unchanged
turn time (s),rohcha_massdep_baseline,affine,30.0,shift_h,550,unchanged,unchanged
turn time (s),rohcha_massdep_baseline,affine,30.0,crew_veh_h,550,unchanged,unchanged
turn time (s),rohcha_massdep_baseline,affine,30.0,crew_team_h,550,unchanged,unchanged
turn time (s),rohcha_massdep_baseline,affine,30.0,shift_ot_h,550,unchanged,unchanged
turn time (s),jiang_short_baseline,piecewise,5.1,shift_h,MX2,unchanged,unchanged
turn time (s),jiang_short_baseline,piecewise,5.1,crew_veh_h,MX2,unchanged,unchanged
turn time (s),jiang_short_baseline,piecewise,5.1,crew_team_h,MX2,unchanged,unchanged
turn time (s),jiang_short_baseline,piecewise,5.1,shift_ot_h,MX2,unchanged,unchanged
turn time (s),jiang_short_baseline,piecewise,6.364,shift_h,MX2,unchanged,unchanged
turn time (s),jiang_short_baseline,piecewise,6.364,crew_veh_h,MX2,unchanged,unchanged
turn time (s),jiang_short_baseline,piecewise,6.364,crew_team_h,MX2,unchanged,unchanged
turn time (s),jiang_short_baseline,piecewise,6.364,shift_ot_h,MX2,unchanged,unchanged
turn time (s),jiang_short_baseline,piecewise,7.943,shift_h,MX2,unchanged,unchanged
turn time (s),jiang_short_baseline,piecewise,7.943,crew_veh_h,MX2,unchanged,unchanged
turn time (s),jiang_short_baseline,piecewise,7.943,crew_team_h,MX2,unchanged,unchanged
turn time (s),jiang_short_baseline,piecewise,7.943,shift_ot_h,MX2,unchanged,unchanged
turn time (s),jiang_short_baseline,piecewise,9.912,shift_h,MX2,unchanged,unchanged
turn time (s),jiang_short_baseline,piecewise,9.912,crew_veh_h,MX2,unchanged,unchanged
turn time (s),jiang_short_baseline,piecewise,9.912,crew_team_h,MX2,unchanged,unchanged
turn time (s),jiang_short_baseline,piecewise,9.912,shift_ot_h,MX2,unchanged,unchanged
turn time (s),jiang_short_baseline,piecewise,12.369,shift_h,MX2,unchanged,unchanged
turn time (s),jiang_short_baseline,piecewise,12.369,crew_veh_h,MX2,unchanged,unchanged
turn time (s),jiang_short_baseline,piecewise,12.369,crew_team_h,MX2,unchanged,unchanged
turn time (s),jiang_short_baseline,piecewise,12.369,shift_ot_h,MX2,unchanged,unchanged
turn time (s),jiang_short_baseline,piecewise,15.436,shift_h,MX2,unchanged,unchanged
turn time (s),jiang_short_baseline,piecewise,15.436,crew_veh_h,MX2,unchanged,unchanged
turn time (s),jiang_short_baseline,piecewise,15.436,crew_team_h,MX2,unchanged,unchanged
turn time (s),jiang_short_baseline,piecewise,15.436,shift_ot_h,MX2,unchanged,unchanged
turn time (s),jiang_short_baseline,piecewise,19.263,shift_h,MX2,unchanged,unchanged
turn time (s),jiang_short_baseline,piecewise,19.263,crew_veh_h,MX2,unchanged,unchanged
turn time (s),jiang_short_baseline,piecewise,19.263,crew_team_h,MX2,unchanged,unchanged
turn time (s),jiang_short_baseline,piecewise,19.263,shift_ot_h,MX2,unchanged,unchanged
turn time (s),jiang_short_baseline,piecewise,24.04,shift_h,MX2,unchanged,unchanged
turn time (s),jiang_short_baseline,piecewise,24.04,crew_veh_h,MX2,unchanged,unchanged
turn time (s),jiang_short_baseline,piecewise,24.04,crew_team_h,MX2,unchanged,unchanged
turn time (s),jiang_short_baseline,piecewise,24.04,shift_ot_h,MX2,unchanged,unchanged
turn time (s),jiang_short_baseline,piecewise,30.0,shift_h,MX2,unchanged,unchanged
turn time (s),jiang_short_baseline,piecewise,30.0,crew_veh_h,MX2,unchanged,unchanged
turn time (s),jiang_short_baseline,piecewise,30.0,crew_team_h,MX2,unchanged,unchanged
turn time (s),jiang_short_baseline,piecewise,30.0,shift_ot_h,MX2,unchanged,unchanged
turn time (s),jiang_massdep_baseline,piecewise,5.1,shift_h,550,unchanged,unchanged
turn time (s),jiang_massdep_baseline,piecewise,5.1,crew_veh_h,550,unchanged,unchanged
turn time (s),jiang_massdep_baseline,piecewise,5.1,crew_team_h,380,unchanged,unchanged
turn time (s),jiang_massdep_baseline,piecewise,5.1,shift_ot_h,550,unchanged,unchanged
turn time (s),jiang_massdep_baseline,piecewise,6.364,shift_h,550,unchanged,unchanged
turn time (s),jiang_massdep_baseline,piecewise,6.364,crew_veh_h,550,unchanged,unchanged
turn time (s),jiang_massdep_baseline,piecewise,6.364,crew_team_h,MX2,unchanged,between 0 and 30 -> 380 (search-dependent)
turn time (s),jiang_massdep_baseline,piecewise,6.364,shift_ot_h,550,unchanged,unchanged
turn time (s),jiang_massdep_baseline,piecewise,7.943,shift_h,550,unchanged,unchanged
turn time (s),jiang_massdep_baseline,piecewise,7.943,crew_veh_h,550,unchanged,unchanged
turn time (s),jiang_massdep_baseline,piecewise,7.943,crew_team_h,MX2,unchanged,unchanged
turn time (s),jiang_massdep_baseline,piecewise,7.943,shift_ot_h,550,unchanged,unchanged
turn time (s),jiang_massdep_baseline,piecewise,9.912,shift_h,550,unchanged,unchanged
turn time (s),jiang_massdep_baseline,piecewise,9.912,crew_veh_h,550,unchanged,unchanged
turn time (s),jiang_massdep_baseline,piecewise,9.912,crew_team_h,MX2,unchanged,unchanged
turn time (s),jiang_massdep_baseline,piecewise,9.912,shift_ot_h,550,unchanged,unchanged
turn time (s),jiang_massdep_baseline,piecewise,12.369,shift_h,550,unchanged,unchanged
turn time (s),jiang_massdep_baseline,piecewise,12.369,crew_veh_h,MX2,unchanged,between 0 and 30 -> 550 (search-dependent)
turn time (s),jiang_massdep_baseline,piecewise,12.369,crew_team_h,MX2,unchanged,unchanged
turn time (s),jiang_massdep_baseline,piecewise,12.369,shift_ot_h,550,unchanged,unchanged
turn time (s),jiang_massdep_baseline,piecewise,15.436,shift_h,550,unchanged,unchanged
turn time (s),jiang_massdep_baseline,piecewise,15.436,crew_veh_h,MX2,unchanged,unchanged
turn time (s),jiang_massdep_baseline,piecewise,15.436,crew_team_h,MX2,unchanged,unchanged
turn time (s),jiang_massdep_baseline,piecewise,15.436,shift_ot_h,550,unchanged,unchanged
turn time (s),jiang_massdep_baseline,piecewise,19.263,shift_h,MX2,unchanged,unchanged
turn time (s),jiang_massdep_baseline,piecewise,19.263,crew_veh_h,MX2,unchanged,unchanged
turn time (s),jiang_massdep_baseline,piecewise,19.263,crew_team_h,MX2,unchanged,unchanged
turn time (s),jiang_massdep_baseline,piecewise,19.263,shift_ot_h,550,unchanged,unchanged
turn time (s),jiang_massdep_baseline,piecewise,24.04,shift_h,MX2,unchanged,unchanged
turn time (s),jiang_massdep_baseline,piecewise,24.04,crew_veh_h,MX2,unchanged,unchanged
turn time (s),jiang_massdep_baseline,piecewise,24.04,crew_team_h,MX2,unchanged,unchanged
turn time (s),jiang_massdep_baseline,piecewise,24.04,shift_ot_h,MX2,unchanged,unchanged
turn time (s),jiang_massdep_baseline,piecewise,30.0,shift_h,MX2,unchanged,unchanged
turn time (s),jiang_massdep_baseline,piecewise,30.0,crew_veh_h,MX2,unchanged,unchanged
turn time (s),jiang_massdep_baseline,piecewise,30.0,crew_team_h,MX2,unchanged,unchanged
turn time (s),jiang_massdep_baseline,piecewise,30.0,shift_ot_h,MX2,unchanged,unchanged
turn time (s),rohcha_short_baseline,piecewise,5.1,shift_h,550,unchanged,unchanged
turn time (s),rohcha_short_baseline,piecewise,5.1,crew_veh_h,550,unchanged,unchanged
turn time (s),rohcha_short_baseline,piecewise,5.1,crew_team_h,550,unchanged,unchanged
turn time (s),rohcha_short_baseline,piecewise,5.1,shift_ot_h,550,unchanged,unchanged
turn time (s),rohcha_short_baseline,piecewise,6.364,shift_h,550,unchanged,unchanged
turn time (s),rohcha_short_baseline,piecewise,6.364,crew_veh_h,550,unchanged,unchanged
turn time (s),rohcha_short_baseline,piecewise,6.364,crew_team_h,550,unchanged,unchanged
turn time (s),rohcha_short_baseline,piecewise,6.364,shift_ot_h,550,unchanged,unchanged
turn time (s),rohcha_short_baseline,piecewise,7.943,shift_h,550,unchanged,unchanged
turn time (s),rohcha_short_baseline,piecewise,7.943,crew_veh_h,550,unchanged,unchanged
turn time (s),rohcha_short_baseline,piecewise,7.943,crew_team_h,550,unchanged,unchanged
turn time (s),rohcha_short_baseline,piecewise,7.943,shift_ot_h,550,unchanged,unchanged
turn time (s),rohcha_short_baseline,piecewise,9.912,shift_h,550,unchanged,unchanged
turn time (s),rohcha_short_baseline,piecewise,9.912,crew_veh_h,550,unchanged,unchanged
turn time (s),rohcha_short_baseline,piecewise,9.912,crew_team_h,550,unchanged,unchanged
turn time (s),rohcha_short_baseline,piecewise,9.912,shift_ot_h,550,unchanged,unchanged
turn time (s),rohcha_short_baseline,piecewise,12.369,shift_h,550,unchanged,unchanged
turn time (s),rohcha_short_baseline,piecewise,12.369,crew_veh_h,550,unchanged,unchanged
turn time (s),rohcha_short_baseline,piecewise,12.369,crew_team_h,550,unchanged,unchanged
turn time (s),rohcha_short_baseline,piecewise,12.369,shift_ot_h,550,unchanged,unchanged
turn time (s),rohcha_short_baseline,piecewise,15.436,shift_h,550,unchanged,unchanged
turn time (s),rohcha_short_baseline,piecewise,15.436,crew_veh_h,550,unchanged,unchanged
turn time (s),rohcha_short_baseline,piecewise,15.436,crew_team_h,550,unchanged,unchanged
turn time (s),rohcha_short_baseline,piecewise,15.436,shift_ot_h,550,unchanged,unchanged
turn time (s),rohcha_short_baseline,piecewise,19.263,shift_h,550,unchanged,unchanged
turn time (s),rohcha_short_baseline,piecewise,19.263,crew_veh_h,550,unchanged,unchanged
turn time (s),rohcha_short_baseline,piecewise,19.263,crew_team_h,550,unchanged,unchanged
turn time (s),rohcha_short_baseline,piecewise,19.263,shift_ot_h,550,unchanged,unchanged
turn time (s),rohcha_short_baseline,piecewise,24.04,shift_h,550,unchanged,unchanged
turn time (s),rohcha_short_baseline,piecewise,24.04,crew_veh_h,550,unchanged,unchanged
turn time (s),rohcha_short_baseline,piecewise,24.04,crew_team_h,550,unchanged,unchanged
turn time (s),rohcha_short_baseline,piecewise,24.04,shift_ot_h,550,unchanged,unchanged
turn time (s),rohcha_short_baseline,piecewise,30.0,shift_h,550,unchanged,unchanged
turn time (s),rohcha_short_baseline,piecewise,30.0,crew_veh_h,550,unchanged,unchanged
turn time (s),rohcha_short_baseline,piecewise,30.0,crew_team_h,550,unchanged,unchanged
turn time (s),rohcha_short_baseline,piecewise,30.0,shift_ot_h,550,unchanged,unchanged
turn time (s),rohcha_massdep_baseline,piecewise,5.1,shift_h,550,unchanged,unchanged
turn time (s),rohcha_massdep_baseline,piecewise,5.1,crew_veh_h,550,unchanged,unchanged
turn time (s),rohcha_massdep_baseline,piecewise,5.1,crew_team_h,550,unchanged,unchanged
turn time (s),rohcha_massdep_baseline,piecewise,5.1,shift_ot_h,550,unchanged,unchanged
turn time (s),rohcha_massdep_baseline,piecewise,6.364,shift_h,550,unchanged,unchanged
turn time (s),rohcha_massdep_baseline,piecewise,6.364,crew_veh_h,550,unchanged,unchanged
turn time (s),rohcha_massdep_baseline,piecewise,6.364,crew_team_h,550,unchanged,unchanged
turn time (s),rohcha_massdep_baseline,piecewise,6.364,shift_ot_h,550,unchanged,unchanged
turn time (s),rohcha_massdep_baseline,piecewise,7.943,shift_h,550,unchanged,unchanged
turn time (s),rohcha_massdep_baseline,piecewise,7.943,crew_veh_h,550,unchanged,unchanged
turn time (s),rohcha_massdep_baseline,piecewise,7.943,crew_team_h,550,unchanged,unchanged
turn time (s),rohcha_massdep_baseline,piecewise,7.943,shift_ot_h,550,unchanged,unchanged
turn time (s),rohcha_massdep_baseline,piecewise,9.912,shift_h,550,unchanged,unchanged
turn time (s),rohcha_massdep_baseline,piecewise,9.912,crew_veh_h,550,unchanged,unchanged
turn time (s),rohcha_massdep_baseline,piecewise,9.912,crew_team_h,550,unchanged,unchanged
turn time (s),rohcha_massdep_baseline,piecewise,9.912,shift_ot_h,550,unchanged,unchanged
turn time (s),rohcha_massdep_baseline,piecewise,12.369,shift_h,550,unchanged,unchanged
turn time (s),rohcha_massdep_baseline,piecewise,12.369,crew_veh_h,550,unchanged,unchanged
turn time (s),rohcha_massdep_baseline,piecewise,12.369,crew_team_h,550,unchanged,unchanged
turn time (s),rohcha_massdep_baseline,piecewise,12.369,shift_ot_h,550,unchanged,unchanged
turn time (s),rohcha_massdep_baseline,piecewise,15.436,shift_h,550,unchanged,unchanged
turn time (s),rohcha_massdep_baseline,piecewise,15.436,crew_veh_h,550,unchanged,unchanged
turn time (s),rohcha_massdep_baseline,piecewise,15.436,crew_team_h,550,unchanged,unchanged
turn time (s),rohcha_massdep_baseline,piecewise,15.436,shift_ot_h,550,unchanged,unchanged
turn time (s),rohcha_massdep_baseline,piecewise,19.263,shift_h,550,unchanged,unchanged
turn time (s),rohcha_massdep_baseline,piecewise,19.263,crew_veh_h,550,unchanged,unchanged
turn time (s),rohcha_massdep_baseline,piecewise,19.263,crew_team_h,550,unchanged,unchanged
turn time (s),rohcha_massdep_baseline,piecewise,19.263,shift_ot_h,550,unchanged,unchanged
turn time (s),rohcha_massdep_baseline,piecewise,24.04,shift_h,550,unchanged,unchanged
turn time (s),rohcha_massdep_baseline,piecewise,24.04,crew_veh_h,550,unchanged,unchanged
turn time (s),rohcha_massdep_baseline,piecewise,24.04,crew_team_h,550,unchanged,unchanged
turn time (s),rohcha_massdep_baseline,piecewise,24.04,shift_ot_h,550,unchanged,unchanged
turn time (s),rohcha_massdep_baseline,piecewise,30.0,shift_h,550,unchanged,unchanged
turn time (s),rohcha_massdep_baseline,piecewise,30.0,crew_veh_h,550,unchanged,unchanged
turn time (s),rohcha_massdep_baseline,piecewise,30.0,crew_team_h,550,unchanged,unchanged
turn time (s),rohcha_massdep_baseline,piecewise,30.0,shift_ot_h,550,unchanged,unchanged
turn time (s),jiang_short_baseline,power_0.72,5.1,shift_h,MX2,unchanged,unchanged
turn time (s),jiang_short_baseline,power_0.72,5.1,crew_veh_h,MX2,unchanged,unchanged
turn time (s),jiang_short_baseline,power_0.72,5.1,crew_team_h,MX2,unchanged,unchanged
turn time (s),jiang_short_baseline,power_0.72,5.1,shift_ot_h,MX2,unchanged,unchanged
turn time (s),jiang_short_baseline,power_0.72,6.364,shift_h,MX2,unchanged,unchanged
turn time (s),jiang_short_baseline,power_0.72,6.364,crew_veh_h,MX2,unchanged,unchanged
turn time (s),jiang_short_baseline,power_0.72,6.364,crew_team_h,MX2,unchanged,unchanged
turn time (s),jiang_short_baseline,power_0.72,6.364,shift_ot_h,MX2,unchanged,unchanged
turn time (s),jiang_short_baseline,power_0.72,7.943,shift_h,MX2,unchanged,unchanged
turn time (s),jiang_short_baseline,power_0.72,7.943,crew_veh_h,MX2,unchanged,unchanged
turn time (s),jiang_short_baseline,power_0.72,7.943,crew_team_h,MX2,unchanged,unchanged
turn time (s),jiang_short_baseline,power_0.72,7.943,shift_ot_h,MX2,unchanged,unchanged
turn time (s),jiang_short_baseline,power_0.72,9.912,shift_h,MX2,unchanged,unchanged
turn time (s),jiang_short_baseline,power_0.72,9.912,crew_veh_h,MX2,unchanged,unchanged
turn time (s),jiang_short_baseline,power_0.72,9.912,crew_team_h,MX2,unchanged,unchanged
turn time (s),jiang_short_baseline,power_0.72,9.912,shift_ot_h,MX2,unchanged,unchanged
turn time (s),jiang_short_baseline,power_0.72,12.369,shift_h,MX2,unchanged,unchanged
turn time (s),jiang_short_baseline,power_0.72,12.369,crew_veh_h,MX2,unchanged,unchanged
turn time (s),jiang_short_baseline,power_0.72,12.369,crew_team_h,MX2,unchanged,unchanged
turn time (s),jiang_short_baseline,power_0.72,12.369,shift_ot_h,MX2,unchanged,unchanged
turn time (s),jiang_short_baseline,power_0.72,15.436,shift_h,MX2,unchanged,unchanged
turn time (s),jiang_short_baseline,power_0.72,15.436,crew_veh_h,MX2,unchanged,unchanged
turn time (s),jiang_short_baseline,power_0.72,15.436,crew_team_h,MX2,unchanged,unchanged
turn time (s),jiang_short_baseline,power_0.72,15.436,shift_ot_h,MX2,unchanged,unchanged
turn time (s),jiang_short_baseline,power_0.72,19.263,shift_h,MX2,unchanged,unchanged
turn time (s),jiang_short_baseline,power_0.72,19.263,crew_veh_h,MX2,unchanged,unchanged
turn time (s),jiang_short_baseline,power_0.72,19.263,crew_team_h,MX2,unchanged,unchanged
turn time (s),jiang_short_baseline,power_0.72,19.263,shift_ot_h,MX2,unchanged,unchanged
turn time (s),jiang_short_baseline,power_0.72,24.04,shift_h,MX2,unchanged,unchanged
turn time (s),jiang_short_baseline,power_0.72,24.04,crew_veh_h,MX2,unchanged,unchanged
turn time (s),jiang_short_baseline,power_0.72,24.04,crew_team_h,MX2,unchanged,unchanged
turn time (s),jiang_short_baseline,power_0.72,24.04,shift_ot_h,MX2,unchanged,unchanged
turn time (s),jiang_short_baseline,power_0.72,30.0,shift_h,MX2,unchanged,unchanged
turn time (s),jiang_short_baseline,power_0.72,30.0,crew_veh_h,MX2,unchanged,unchanged
turn time (s),jiang_short_baseline,power_0.72,30.0,crew_team_h,MX2,unchanged,unchanged
turn time (s),jiang_short_baseline,power_0.72,30.0,shift_ot_h,MX2,unchanged,unchanged
turn time (s),jiang_massdep_baseline,power_0.72,5.1,shift_h,550,unchanged,unchanged
turn time (s),jiang_massdep_baseline,power_0.72,5.1,crew_veh_h,550,unchanged,unchanged
turn time (s),jiang_massdep_baseline,power_0.72,5.1,crew_team_h,550,unchanged,between 0 and 30 -> 380 (search-dependent)
turn time (s),jiang_massdep_baseline,power_0.72,5.1,shift_ot_h,550,unchanged,unchanged
turn time (s),jiang_massdep_baseline,power_0.72,6.364,shift_h,550,unchanged,unchanged
turn time (s),jiang_massdep_baseline,power_0.72,6.364,crew_veh_h,550,unchanged,unchanged
turn time (s),jiang_massdep_baseline,power_0.72,6.364,crew_team_h,MX2,unchanged,between 0 and 30 -> 380 (search-dependent)
turn time (s),jiang_massdep_baseline,power_0.72,6.364,shift_ot_h,550,unchanged,unchanged
turn time (s),jiang_massdep_baseline,power_0.72,7.943,shift_h,550,unchanged,unchanged
turn time (s),jiang_massdep_baseline,power_0.72,7.943,crew_veh_h,550,unchanged,unchanged
turn time (s),jiang_massdep_baseline,power_0.72,7.943,crew_team_h,MX2,unchanged,unchanged
turn time (s),jiang_massdep_baseline,power_0.72,7.943,shift_ot_h,550,unchanged,unchanged
turn time (s),jiang_massdep_baseline,power_0.72,9.912,shift_h,550,unchanged,unchanged
turn time (s),jiang_massdep_baseline,power_0.72,9.912,crew_veh_h,550,unchanged,unchanged
turn time (s),jiang_massdep_baseline,power_0.72,9.912,crew_team_h,MX2,unchanged,unchanged
turn time (s),jiang_massdep_baseline,power_0.72,9.912,shift_ot_h,550,unchanged,unchanged
turn time (s),jiang_massdep_baseline,power_0.72,12.369,shift_h,550,unchanged,unchanged
turn time (s),jiang_massdep_baseline,power_0.72,12.369,crew_veh_h,550,unchanged,unchanged
turn time (s),jiang_massdep_baseline,power_0.72,12.369,crew_team_h,MX2,unchanged,unchanged
turn time (s),jiang_massdep_baseline,power_0.72,12.369,shift_ot_h,550,unchanged,unchanged
turn time (s),jiang_massdep_baseline,power_0.72,15.436,shift_h,550,unchanged,unchanged
turn time (s),jiang_massdep_baseline,power_0.72,15.436,crew_veh_h,MX2,unchanged,between 0 and 30 -> 550 (search-dependent)
turn time (s),jiang_massdep_baseline,power_0.72,15.436,crew_team_h,MX2,unchanged,unchanged
turn time (s),jiang_massdep_baseline,power_0.72,15.436,shift_ot_h,550,unchanged,unchanged
turn time (s),jiang_massdep_baseline,power_0.72,19.263,shift_h,550,unchanged,unchanged
turn time (s),jiang_massdep_baseline,power_0.72,19.263,crew_veh_h,MX2,unchanged,unchanged
turn time (s),jiang_massdep_baseline,power_0.72,19.263,crew_team_h,MX2,unchanged,unchanged
turn time (s),jiang_massdep_baseline,power_0.72,19.263,shift_ot_h,550,unchanged,unchanged
turn time (s),jiang_massdep_baseline,power_0.72,24.04,shift_h,550,unchanged,unchanged
turn time (s),jiang_massdep_baseline,power_0.72,24.04,crew_veh_h,MX2,unchanged,unchanged
turn time (s),jiang_massdep_baseline,power_0.72,24.04,crew_team_h,MX2,unchanged,unchanged
turn time (s),jiang_massdep_baseline,power_0.72,24.04,shift_ot_h,550,unchanged,unchanged
turn time (s),jiang_massdep_baseline,power_0.72,30.0,shift_h,MX2,unchanged,unchanged
turn time (s),jiang_massdep_baseline,power_0.72,30.0,crew_veh_h,MX2,unchanged,unchanged
turn time (s),jiang_massdep_baseline,power_0.72,30.0,crew_team_h,MX2,unchanged,unchanged
turn time (s),jiang_massdep_baseline,power_0.72,30.0,shift_ot_h,550,unchanged,between 0 and 30 -> MX2 (search-dependent)
turn time (s),rohcha_short_baseline,power_0.72,5.1,shift_h,550,unchanged,unchanged
turn time (s),rohcha_short_baseline,power_0.72,5.1,crew_veh_h,550,unchanged,unchanged
turn time (s),rohcha_short_baseline,power_0.72,5.1,crew_team_h,550,unchanged,unchanged
turn time (s),rohcha_short_baseline,power_0.72,5.1,shift_ot_h,550,unchanged,unchanged
turn time (s),rohcha_short_baseline,power_0.72,6.364,shift_h,550,unchanged,unchanged
turn time (s),rohcha_short_baseline,power_0.72,6.364,crew_veh_h,550,unchanged,unchanged
turn time (s),rohcha_short_baseline,power_0.72,6.364,crew_team_h,550,unchanged,unchanged
turn time (s),rohcha_short_baseline,power_0.72,6.364,shift_ot_h,550,unchanged,unchanged
turn time (s),rohcha_short_baseline,power_0.72,7.943,shift_h,550,unchanged,unchanged
turn time (s),rohcha_short_baseline,power_0.72,7.943,crew_veh_h,550,unchanged,unchanged
turn time (s),rohcha_short_baseline,power_0.72,7.943,crew_team_h,550,unchanged,unchanged
turn time (s),rohcha_short_baseline,power_0.72,7.943,shift_ot_h,550,unchanged,unchanged
turn time (s),rohcha_short_baseline,power_0.72,9.912,shift_h,550,unchanged,unchanged
turn time (s),rohcha_short_baseline,power_0.72,9.912,crew_veh_h,550,unchanged,unchanged
turn time (s),rohcha_short_baseline,power_0.72,9.912,crew_team_h,550,unchanged,unchanged
turn time (s),rohcha_short_baseline,power_0.72,9.912,shift_ot_h,550,unchanged,unchanged
turn time (s),rohcha_short_baseline,power_0.72,12.369,shift_h,550,unchanged,unchanged
turn time (s),rohcha_short_baseline,power_0.72,12.369,crew_veh_h,550,unchanged,unchanged
turn time (s),rohcha_short_baseline,power_0.72,12.369,crew_team_h,550,unchanged,unchanged
turn time (s),rohcha_short_baseline,power_0.72,12.369,shift_ot_h,550,unchanged,unchanged
turn time (s),rohcha_short_baseline,power_0.72,15.436,shift_h,550,unchanged,unchanged
turn time (s),rohcha_short_baseline,power_0.72,15.436,crew_veh_h,550,unchanged,unchanged
turn time (s),rohcha_short_baseline,power_0.72,15.436,crew_team_h,550,unchanged,unchanged
turn time (s),rohcha_short_baseline,power_0.72,15.436,shift_ot_h,550,unchanged,unchanged
turn time (s),rohcha_short_baseline,power_0.72,19.263,shift_h,550,unchanged,unchanged
turn time (s),rohcha_short_baseline,power_0.72,19.263,crew_veh_h,550,unchanged,unchanged
turn time (s),rohcha_short_baseline,power_0.72,19.263,crew_team_h,550,unchanged,unchanged
turn time (s),rohcha_short_baseline,power_0.72,19.263,shift_ot_h,550,unchanged,unchanged
turn time (s),rohcha_short_baseline,power_0.72,24.04,shift_h,550,unchanged,unchanged
turn time (s),rohcha_short_baseline,power_0.72,24.04,crew_veh_h,550,unchanged,unchanged
turn time (s),rohcha_short_baseline,power_0.72,24.04,crew_team_h,550,unchanged,unchanged
turn time (s),rohcha_short_baseline,power_0.72,24.04,shift_ot_h,550,unchanged,unchanged
turn time (s),rohcha_short_baseline,power_0.72,30.0,shift_h,550,unchanged,unchanged
turn time (s),rohcha_short_baseline,power_0.72,30.0,crew_veh_h,550,unchanged,unchanged
turn time (s),rohcha_short_baseline,power_0.72,30.0,crew_team_h,550,unchanged,unchanged
turn time (s),rohcha_short_baseline,power_0.72,30.0,shift_ot_h,550,unchanged,unchanged
turn time (s),rohcha_massdep_baseline,power_0.72,5.1,shift_h,550,unchanged,unchanged
turn time (s),rohcha_massdep_baseline,power_0.72,5.1,crew_veh_h,550,unchanged,unchanged
turn time (s),rohcha_massdep_baseline,power_0.72,5.1,crew_team_h,550,unchanged,unchanged
turn time (s),rohcha_massdep_baseline,power_0.72,5.1,shift_ot_h,550,unchanged,unchanged
turn time (s),rohcha_massdep_baseline,power_0.72,6.364,shift_h,550,unchanged,unchanged
turn time (s),rohcha_massdep_baseline,power_0.72,6.364,crew_veh_h,550,unchanged,unchanged
turn time (s),rohcha_massdep_baseline,power_0.72,6.364,crew_team_h,550,unchanged,unchanged
turn time (s),rohcha_massdep_baseline,power_0.72,6.364,shift_ot_h,550,unchanged,unchanged
turn time (s),rohcha_massdep_baseline,power_0.72,7.943,shift_h,550,unchanged,unchanged
turn time (s),rohcha_massdep_baseline,power_0.72,7.943,crew_veh_h,550,unchanged,unchanged
turn time (s),rohcha_massdep_baseline,power_0.72,7.943,crew_team_h,550,unchanged,unchanged
turn time (s),rohcha_massdep_baseline,power_0.72,7.943,shift_ot_h,550,unchanged,unchanged
turn time (s),rohcha_massdep_baseline,power_0.72,9.912,shift_h,550,unchanged,unchanged
turn time (s),rohcha_massdep_baseline,power_0.72,9.912,crew_veh_h,550,unchanged,unchanged
turn time (s),rohcha_massdep_baseline,power_0.72,9.912,crew_team_h,550,unchanged,unchanged
turn time (s),rohcha_massdep_baseline,power_0.72,9.912,shift_ot_h,550,unchanged,unchanged
turn time (s),rohcha_massdep_baseline,power_0.72,12.369,shift_h,550,unchanged,unchanged
turn time (s),rohcha_massdep_baseline,power_0.72,12.369,crew_veh_h,550,unchanged,unchanged
turn time (s),rohcha_massdep_baseline,power_0.72,12.369,crew_team_h,550,unchanged,unchanged
turn time (s),rohcha_massdep_baseline,power_0.72,12.369,shift_ot_h,550,unchanged,unchanged
turn time (s),rohcha_massdep_baseline,power_0.72,15.436,shift_h,550,unchanged,unchanged
turn time (s),rohcha_massdep_baseline,power_0.72,15.436,crew_veh_h,550,unchanged,unchanged
turn time (s),rohcha_massdep_baseline,power_0.72,15.436,crew_team_h,550,unchanged,unchanged
turn time (s),rohcha_massdep_baseline,power_0.72,15.436,shift_ot_h,550,unchanged,unchanged
turn time (s),rohcha_massdep_baseline,power_0.72,19.263,shift_h,550,unchanged,unchanged
turn time (s),rohcha_massdep_baseline,power_0.72,19.263,crew_veh_h,550,unchanged,unchanged
turn time (s),rohcha_massdep_baseline,power_0.72,19.263,crew_team_h,550,unchanged,unchanged
turn time (s),rohcha_massdep_baseline,power_0.72,19.263,shift_ot_h,550,unchanged,unchanged
turn time (s),rohcha_massdep_baseline,power_0.72,24.04,shift_h,550,unchanged,unchanged
turn time (s),rohcha_massdep_baseline,power_0.72,24.04,crew_veh_h,550,unchanged,unchanged
turn time (s),rohcha_massdep_baseline,power_0.72,24.04,crew_team_h,550,unchanged,unchanged
turn time (s),rohcha_massdep_baseline,power_0.72,24.04,shift_ot_h,550,unchanged,unchanged
turn time (s),rohcha_massdep_baseline,power_0.72,30.0,shift_h,550,unchanged,unchanged
turn time (s),rohcha_massdep_baseline,power_0.72,30.0,crew_veh_h,550,unchanged,unchanged
turn time (s),rohcha_massdep_baseline,power_0.72,30.0,crew_team_h,550,unchanged,unchanged
turn time (s),rohcha_massdep_baseline,power_0.72,30.0,shift_ot_h,550,unchanged,unchanged
turn time (s),jiang_short_baseline,power_0.84,5.1,shift_h,MX2,unchanged,unchanged
turn time (s),jiang_short_baseline,power_0.84,5.1,crew_veh_h,MX2,unchanged,unchanged
turn time (s),jiang_short_baseline,power_0.84,5.1,crew_team_h,MX2,unchanged,unchanged
turn time (s),jiang_short_baseline,power_0.84,5.1,shift_ot_h,MX2,unchanged,unchanged
turn time (s),jiang_short_baseline,power_0.84,6.364,shift_h,MX2,unchanged,unchanged
turn time (s),jiang_short_baseline,power_0.84,6.364,crew_veh_h,MX2,unchanged,unchanged
turn time (s),jiang_short_baseline,power_0.84,6.364,crew_team_h,MX2,unchanged,unchanged
turn time (s),jiang_short_baseline,power_0.84,6.364,shift_ot_h,MX2,unchanged,unchanged
turn time (s),jiang_short_baseline,power_0.84,7.943,shift_h,MX2,unchanged,unchanged
turn time (s),jiang_short_baseline,power_0.84,7.943,crew_veh_h,MX2,unchanged,unchanged
turn time (s),jiang_short_baseline,power_0.84,7.943,crew_team_h,MX2,unchanged,unchanged
turn time (s),jiang_short_baseline,power_0.84,7.943,shift_ot_h,MX2,unchanged,unchanged
turn time (s),jiang_short_baseline,power_0.84,9.912,shift_h,MX2,unchanged,unchanged
turn time (s),jiang_short_baseline,power_0.84,9.912,crew_veh_h,MX2,unchanged,unchanged
turn time (s),jiang_short_baseline,power_0.84,9.912,crew_team_h,MX2,unchanged,unchanged
turn time (s),jiang_short_baseline,power_0.84,9.912,shift_ot_h,MX2,unchanged,unchanged
turn time (s),jiang_short_baseline,power_0.84,12.369,shift_h,MX2,unchanged,unchanged
turn time (s),jiang_short_baseline,power_0.84,12.369,crew_veh_h,MX2,unchanged,unchanged
turn time (s),jiang_short_baseline,power_0.84,12.369,crew_team_h,MX2,unchanged,unchanged
turn time (s),jiang_short_baseline,power_0.84,12.369,shift_ot_h,MX2,unchanged,unchanged
turn time (s),jiang_short_baseline,power_0.84,15.436,shift_h,MX2,unchanged,unchanged
turn time (s),jiang_short_baseline,power_0.84,15.436,crew_veh_h,MX2,unchanged,unchanged
turn time (s),jiang_short_baseline,power_0.84,15.436,crew_team_h,MX2,unchanged,unchanged
turn time (s),jiang_short_baseline,power_0.84,15.436,shift_ot_h,MX2,unchanged,unchanged
turn time (s),jiang_short_baseline,power_0.84,19.263,shift_h,MX2,unchanged,unchanged
turn time (s),jiang_short_baseline,power_0.84,19.263,crew_veh_h,MX2,unchanged,unchanged
turn time (s),jiang_short_baseline,power_0.84,19.263,crew_team_h,MX2,unchanged,unchanged
turn time (s),jiang_short_baseline,power_0.84,19.263,shift_ot_h,MX2,unchanged,unchanged
turn time (s),jiang_short_baseline,power_0.84,24.04,shift_h,MX2,unchanged,unchanged
turn time (s),jiang_short_baseline,power_0.84,24.04,crew_veh_h,MX2,unchanged,unchanged
turn time (s),jiang_short_baseline,power_0.84,24.04,crew_team_h,MX2,unchanged,unchanged
turn time (s),jiang_short_baseline,power_0.84,24.04,shift_ot_h,MX2,unchanged,unchanged
turn time (s),jiang_short_baseline,power_0.84,30.0,shift_h,MX2,unchanged,unchanged
turn time (s),jiang_short_baseline,power_0.84,30.0,crew_veh_h,MX2,unchanged,unchanged
turn time (s),jiang_short_baseline,power_0.84,30.0,crew_team_h,MX2,unchanged,unchanged
turn time (s),jiang_short_baseline,power_0.84,30.0,shift_ot_h,MX2,unchanged,unchanged
turn time (s),jiang_massdep_baseline,power_0.84,5.1,shift_h,550,unchanged,unchanged
turn time (s),jiang_massdep_baseline,power_0.84,5.1,crew_veh_h,550,unchanged,unchanged
turn time (s),jiang_massdep_baseline,power_0.84,5.1,crew_team_h,380,unchanged,unchanged
turn time (s),jiang_massdep_baseline,power_0.84,5.1,shift_ot_h,550,unchanged,unchanged
turn time (s),jiang_massdep_baseline,power_0.84,6.364,shift_h,550,unchanged,unchanged
turn time (s),jiang_massdep_baseline,power_0.84,6.364,crew_veh_h,550,unchanged,unchanged
turn time (s),jiang_massdep_baseline,power_0.84,6.364,crew_team_h,MX2,unchanged,between 0 and 30 -> 380 (search-dependent)
turn time (s),jiang_massdep_baseline,power_0.84,6.364,shift_ot_h,550,unchanged,unchanged
turn time (s),jiang_massdep_baseline,power_0.84,7.943,shift_h,550,unchanged,unchanged
turn time (s),jiang_massdep_baseline,power_0.84,7.943,crew_veh_h,550,unchanged,unchanged
turn time (s),jiang_massdep_baseline,power_0.84,7.943,crew_team_h,MX2,unchanged,unchanged
turn time (s),jiang_massdep_baseline,power_0.84,7.943,shift_ot_h,550,unchanged,unchanged
turn time (s),jiang_massdep_baseline,power_0.84,9.912,shift_h,550,unchanged,unchanged
turn time (s),jiang_massdep_baseline,power_0.84,9.912,crew_veh_h,550,unchanged,unchanged
turn time (s),jiang_massdep_baseline,power_0.84,9.912,crew_team_h,MX2,unchanged,unchanged
turn time (s),jiang_massdep_baseline,power_0.84,9.912,shift_ot_h,550,unchanged,unchanged
turn time (s),jiang_massdep_baseline,power_0.84,12.369,shift_h,550,unchanged,unchanged
turn time (s),jiang_massdep_baseline,power_0.84,12.369,crew_veh_h,MX2,unchanged,between 0 and 30 -> 550 (search-dependent)
turn time (s),jiang_massdep_baseline,power_0.84,12.369,crew_team_h,MX2,unchanged,unchanged
turn time (s),jiang_massdep_baseline,power_0.84,12.369,shift_ot_h,550,unchanged,unchanged
turn time (s),jiang_massdep_baseline,power_0.84,15.436,shift_h,550,unchanged,unchanged
turn time (s),jiang_massdep_baseline,power_0.84,15.436,crew_veh_h,MX2,unchanged,unchanged
turn time (s),jiang_massdep_baseline,power_0.84,15.436,crew_team_h,MX2,unchanged,unchanged
turn time (s),jiang_massdep_baseline,power_0.84,15.436,shift_ot_h,550,unchanged,unchanged
turn time (s),jiang_massdep_baseline,power_0.84,19.263,shift_h,MX2,unchanged,unchanged
turn time (s),jiang_massdep_baseline,power_0.84,19.263,crew_veh_h,MX2,unchanged,unchanged
turn time (s),jiang_massdep_baseline,power_0.84,19.263,crew_team_h,MX2,unchanged,unchanged
turn time (s),jiang_massdep_baseline,power_0.84,19.263,shift_ot_h,550,unchanged,unchanged
turn time (s),jiang_massdep_baseline,power_0.84,24.04,shift_h,MX2,unchanged,unchanged
turn time (s),jiang_massdep_baseline,power_0.84,24.04,crew_veh_h,MX2,unchanged,unchanged
turn time (s),jiang_massdep_baseline,power_0.84,24.04,crew_team_h,MX2,unchanged,unchanged
turn time (s),jiang_massdep_baseline,power_0.84,24.04,shift_ot_h,MX2,unchanged,unchanged
turn time (s),jiang_massdep_baseline,power_0.84,30.0,shift_h,MX2,unchanged,unchanged
turn time (s),jiang_massdep_baseline,power_0.84,30.0,crew_veh_h,MX2,unchanged,unchanged
turn time (s),jiang_massdep_baseline,power_0.84,30.0,crew_team_h,MX2,unchanged,unchanged
turn time (s),jiang_massdep_baseline,power_0.84,30.0,shift_ot_h,MX2,unchanged,unchanged
turn time (s),rohcha_short_baseline,power_0.84,5.1,shift_h,550,unchanged,unchanged
turn time (s),rohcha_short_baseline,power_0.84,5.1,crew_veh_h,550,unchanged,unchanged
turn time (s),rohcha_short_baseline,power_0.84,5.1,crew_team_h,550,unchanged,unchanged
turn time (s),rohcha_short_baseline,power_0.84,5.1,shift_ot_h,550,unchanged,unchanged
turn time (s),rohcha_short_baseline,power_0.84,6.364,shift_h,550,unchanged,unchanged
turn time (s),rohcha_short_baseline,power_0.84,6.364,crew_veh_h,550,unchanged,unchanged
turn time (s),rohcha_short_baseline,power_0.84,6.364,crew_team_h,550,unchanged,unchanged
turn time (s),rohcha_short_baseline,power_0.84,6.364,shift_ot_h,550,unchanged,unchanged
turn time (s),rohcha_short_baseline,power_0.84,7.943,shift_h,550,unchanged,unchanged
turn time (s),rohcha_short_baseline,power_0.84,7.943,crew_veh_h,550,unchanged,unchanged
turn time (s),rohcha_short_baseline,power_0.84,7.943,crew_team_h,550,unchanged,unchanged
turn time (s),rohcha_short_baseline,power_0.84,7.943,shift_ot_h,550,unchanged,unchanged
turn time (s),rohcha_short_baseline,power_0.84,9.912,shift_h,550,unchanged,unchanged
turn time (s),rohcha_short_baseline,power_0.84,9.912,crew_veh_h,550,unchanged,unchanged
turn time (s),rohcha_short_baseline,power_0.84,9.912,crew_team_h,550,unchanged,unchanged
turn time (s),rohcha_short_baseline,power_0.84,9.912,shift_ot_h,550,unchanged,unchanged
turn time (s),rohcha_short_baseline,power_0.84,12.369,shift_h,550,unchanged,unchanged
turn time (s),rohcha_short_baseline,power_0.84,12.369,crew_veh_h,550,unchanged,unchanged
turn time (s),rohcha_short_baseline,power_0.84,12.369,crew_team_h,550,unchanged,unchanged
turn time (s),rohcha_short_baseline,power_0.84,12.369,shift_ot_h,550,unchanged,unchanged
turn time (s),rohcha_short_baseline,power_0.84,15.436,shift_h,550,unchanged,unchanged
turn time (s),rohcha_short_baseline,power_0.84,15.436,crew_veh_h,550,unchanged,unchanged
turn time (s),rohcha_short_baseline,power_0.84,15.436,crew_team_h,550,unchanged,unchanged
turn time (s),rohcha_short_baseline,power_0.84,15.436,shift_ot_h,550,unchanged,unchanged
turn time (s),rohcha_short_baseline,power_0.84,19.263,shift_h,550,unchanged,unchanged
turn time (s),rohcha_short_baseline,power_0.84,19.263,crew_veh_h,550,unchanged,unchanged
turn time (s),rohcha_short_baseline,power_0.84,19.263,crew_team_h,550,unchanged,unchanged
turn time (s),rohcha_short_baseline,power_0.84,19.263,shift_ot_h,550,unchanged,unchanged
turn time (s),rohcha_short_baseline,power_0.84,24.04,shift_h,550,unchanged,unchanged
turn time (s),rohcha_short_baseline,power_0.84,24.04,crew_veh_h,550,unchanged,unchanged
turn time (s),rohcha_short_baseline,power_0.84,24.04,crew_team_h,550,unchanged,unchanged
turn time (s),rohcha_short_baseline,power_0.84,24.04,shift_ot_h,550,unchanged,unchanged
turn time (s),rohcha_short_baseline,power_0.84,30.0,shift_h,550,unchanged,unchanged
turn time (s),rohcha_short_baseline,power_0.84,30.0,crew_veh_h,550,unchanged,unchanged
turn time (s),rohcha_short_baseline,power_0.84,30.0,crew_team_h,550,unchanged,unchanged
turn time (s),rohcha_short_baseline,power_0.84,30.0,shift_ot_h,550,unchanged,unchanged
turn time (s),rohcha_massdep_baseline,power_0.84,5.1,shift_h,550,unchanged,unchanged
turn time (s),rohcha_massdep_baseline,power_0.84,5.1,crew_veh_h,550,unchanged,unchanged
turn time (s),rohcha_massdep_baseline,power_0.84,5.1,crew_team_h,550,unchanged,unchanged
turn time (s),rohcha_massdep_baseline,power_0.84,5.1,shift_ot_h,550,unchanged,unchanged
turn time (s),rohcha_massdep_baseline,power_0.84,6.364,shift_h,550,unchanged,unchanged
turn time (s),rohcha_massdep_baseline,power_0.84,6.364,crew_veh_h,550,unchanged,unchanged
turn time (s),rohcha_massdep_baseline,power_0.84,6.364,crew_team_h,550,unchanged,unchanged
turn time (s),rohcha_massdep_baseline,power_0.84,6.364,shift_ot_h,550,unchanged,unchanged
turn time (s),rohcha_massdep_baseline,power_0.84,7.943,shift_h,550,unchanged,unchanged
turn time (s),rohcha_massdep_baseline,power_0.84,7.943,crew_veh_h,550,unchanged,unchanged
turn time (s),rohcha_massdep_baseline,power_0.84,7.943,crew_team_h,550,unchanged,unchanged
turn time (s),rohcha_massdep_baseline,power_0.84,7.943,shift_ot_h,550,unchanged,unchanged
turn time (s),rohcha_massdep_baseline,power_0.84,9.912,shift_h,550,unchanged,unchanged
turn time (s),rohcha_massdep_baseline,power_0.84,9.912,crew_veh_h,550,unchanged,unchanged
turn time (s),rohcha_massdep_baseline,power_0.84,9.912,crew_team_h,550,unchanged,unchanged
turn time (s),rohcha_massdep_baseline,power_0.84,9.912,shift_ot_h,550,unchanged,unchanged
turn time (s),rohcha_massdep_baseline,power_0.84,12.369,shift_h,550,unchanged,unchanged
turn time (s),rohcha_massdep_baseline,power_0.84,12.369,crew_veh_h,550,unchanged,unchanged
turn time (s),rohcha_massdep_baseline,power_0.84,12.369,crew_team_h,550,unchanged,unchanged
turn time (s),rohcha_massdep_baseline,power_0.84,12.369,shift_ot_h,550,unchanged,unchanged
turn time (s),rohcha_massdep_baseline,power_0.84,15.436,shift_h,550,unchanged,unchanged
turn time (s),rohcha_massdep_baseline,power_0.84,15.436,crew_veh_h,550,unchanged,unchanged
turn time (s),rohcha_massdep_baseline,power_0.84,15.436,crew_team_h,550,unchanged,unchanged
turn time (s),rohcha_massdep_baseline,power_0.84,15.436,shift_ot_h,550,unchanged,unchanged
turn time (s),rohcha_massdep_baseline,power_0.84,19.263,shift_h,550,unchanged,unchanged
turn time (s),rohcha_massdep_baseline,power_0.84,19.263,crew_veh_h,550,unchanged,unchanged
turn time (s),rohcha_massdep_baseline,power_0.84,19.263,crew_team_h,550,unchanged,unchanged
turn time (s),rohcha_massdep_baseline,power_0.84,19.263,shift_ot_h,550,unchanged,unchanged
turn time (s),rohcha_massdep_baseline,power_0.84,24.04,shift_h,550,unchanged,unchanged
turn time (s),rohcha_massdep_baseline,power_0.84,24.04,crew_veh_h,550,unchanged,unchanged
turn time (s),rohcha_massdep_baseline,power_0.84,24.04,crew_team_h,550,unchanged,unchanged
turn time (s),rohcha_massdep_baseline,power_0.84,24.04,shift_ot_h,550,unchanged,unchanged
turn time (s),rohcha_massdep_baseline,power_0.84,30.0,shift_h,550,unchanged,unchanged
turn time (s),rohcha_massdep_baseline,power_0.84,30.0,crew_veh_h,550,unchanged,unchanged
turn time (s),rohcha_massdep_baseline,power_0.84,30.0,crew_team_h,550,unchanged,unchanged
turn time (s),rohcha_massdep_baseline,power_0.84,30.0,shift_ot_h,550,unchanged,unchanged
turn time (s),jiang_short_baseline,power_0.96,5.1,shift_h,MX2,unchanged,unchanged
turn time (s),jiang_short_baseline,power_0.96,5.1,crew_veh_h,MX2,unchanged,unchanged
turn time (s),jiang_short_baseline,power_0.96,5.1,crew_team_h,MX2,unchanged,unchanged
turn time (s),jiang_short_baseline,power_0.96,5.1,shift_ot_h,MX2,unchanged,unchanged
turn time (s),jiang_short_baseline,power_0.96,6.364,shift_h,MX2,unchanged,unchanged
turn time (s),jiang_short_baseline,power_0.96,6.364,crew_veh_h,MX2,unchanged,unchanged
turn time (s),jiang_short_baseline,power_0.96,6.364,crew_team_h,MX2,unchanged,unchanged
turn time (s),jiang_short_baseline,power_0.96,6.364,shift_ot_h,MX2,unchanged,unchanged
turn time (s),jiang_short_baseline,power_0.96,7.943,shift_h,MX2,unchanged,unchanged
turn time (s),jiang_short_baseline,power_0.96,7.943,crew_veh_h,MX2,unchanged,unchanged
turn time (s),jiang_short_baseline,power_0.96,7.943,crew_team_h,MX2,unchanged,unchanged
turn time (s),jiang_short_baseline,power_0.96,7.943,shift_ot_h,MX2,unchanged,unchanged
turn time (s),jiang_short_baseline,power_0.96,9.912,shift_h,MX2,unchanged,unchanged
turn time (s),jiang_short_baseline,power_0.96,9.912,crew_veh_h,MX2,unchanged,unchanged
turn time (s),jiang_short_baseline,power_0.96,9.912,crew_team_h,MX2,unchanged,unchanged
turn time (s),jiang_short_baseline,power_0.96,9.912,shift_ot_h,MX2,unchanged,unchanged
turn time (s),jiang_short_baseline,power_0.96,12.369,shift_h,MX2,unchanged,unchanged
turn time (s),jiang_short_baseline,power_0.96,12.369,crew_veh_h,MX2,unchanged,unchanged
turn time (s),jiang_short_baseline,power_0.96,12.369,crew_team_h,MX2,unchanged,unchanged
turn time (s),jiang_short_baseline,power_0.96,12.369,shift_ot_h,MX2,unchanged,unchanged
turn time (s),jiang_short_baseline,power_0.96,15.436,shift_h,MX2,unchanged,unchanged
turn time (s),jiang_short_baseline,power_0.96,15.436,crew_veh_h,MX2,unchanged,unchanged
turn time (s),jiang_short_baseline,power_0.96,15.436,crew_team_h,MX2,unchanged,unchanged
turn time (s),jiang_short_baseline,power_0.96,15.436,shift_ot_h,MX2,unchanged,unchanged
turn time (s),jiang_short_baseline,power_0.96,19.263,shift_h,MX2,unchanged,unchanged
turn time (s),jiang_short_baseline,power_0.96,19.263,crew_veh_h,MX2,unchanged,unchanged
turn time (s),jiang_short_baseline,power_0.96,19.263,crew_team_h,MX2,unchanged,unchanged
turn time (s),jiang_short_baseline,power_0.96,19.263,shift_ot_h,MX2,unchanged,unchanged
turn time (s),jiang_short_baseline,power_0.96,24.04,shift_h,MX2,unchanged,unchanged
turn time (s),jiang_short_baseline,power_0.96,24.04,crew_veh_h,MX2,unchanged,unchanged
turn time (s),jiang_short_baseline,power_0.96,24.04,crew_team_h,MX2,unchanged,unchanged
turn time (s),jiang_short_baseline,power_0.96,24.04,shift_ot_h,MX2,unchanged,unchanged
turn time (s),jiang_short_baseline,power_0.96,30.0,shift_h,MX2,unchanged,unchanged
turn time (s),jiang_short_baseline,power_0.96,30.0,crew_veh_h,MX2,unchanged,unchanged
turn time (s),jiang_short_baseline,power_0.96,30.0,crew_team_h,MX2,unchanged,unchanged
turn time (s),jiang_short_baseline,power_0.96,30.0,shift_ot_h,MX2,unchanged,unchanged
turn time (s),jiang_massdep_baseline,power_0.96,5.1,shift_h,550,unchanged,unchanged
turn time (s),jiang_massdep_baseline,power_0.96,5.1,crew_veh_h,550,unchanged,unchanged
turn time (s),jiang_massdep_baseline,power_0.96,5.1,crew_team_h,MX2,unchanged,between 0 and 30 -> 380 (search-dependent)
turn time (s),jiang_massdep_baseline,power_0.96,5.1,shift_ot_h,550,unchanged,unchanged
turn time (s),jiang_massdep_baseline,power_0.96,6.364,shift_h,550,unchanged,unchanged
turn time (s),jiang_massdep_baseline,power_0.96,6.364,crew_veh_h,550,unchanged,unchanged
turn time (s),jiang_massdep_baseline,power_0.96,6.364,crew_team_h,MX2,unchanged,unchanged
turn time (s),jiang_massdep_baseline,power_0.96,6.364,shift_ot_h,550,unchanged,unchanged
turn time (s),jiang_massdep_baseline,power_0.96,7.943,shift_h,550,unchanged,unchanged
turn time (s),jiang_massdep_baseline,power_0.96,7.943,crew_veh_h,550,unchanged,unchanged
turn time (s),jiang_massdep_baseline,power_0.96,7.943,crew_team_h,MX2,unchanged,unchanged
turn time (s),jiang_massdep_baseline,power_0.96,7.943,shift_ot_h,550,unchanged,unchanged
turn time (s),jiang_massdep_baseline,power_0.96,9.912,shift_h,550,unchanged,unchanged
turn time (s),jiang_massdep_baseline,power_0.96,9.912,crew_veh_h,MX2,unchanged,between 0 and 30 -> 550 (search-dependent)
turn time (s),jiang_massdep_baseline,power_0.96,9.912,crew_team_h,MX2,unchanged,unchanged
turn time (s),jiang_massdep_baseline,power_0.96,9.912,shift_ot_h,550,unchanged,unchanged
turn time (s),jiang_massdep_baseline,power_0.96,12.369,shift_h,550,unchanged,unchanged
turn time (s),jiang_massdep_baseline,power_0.96,12.369,crew_veh_h,MX2,unchanged,unchanged
turn time (s),jiang_massdep_baseline,power_0.96,12.369,crew_team_h,MX2,unchanged,unchanged
turn time (s),jiang_massdep_baseline,power_0.96,12.369,shift_ot_h,550,unchanged,unchanged
turn time (s),jiang_massdep_baseline,power_0.96,15.436,shift_h,MX2,unchanged,unchanged
turn time (s),jiang_massdep_baseline,power_0.96,15.436,crew_veh_h,MX2,unchanged,unchanged
turn time (s),jiang_massdep_baseline,power_0.96,15.436,crew_team_h,MX2,unchanged,unchanged
turn time (s),jiang_massdep_baseline,power_0.96,15.436,shift_ot_h,550,unchanged,unchanged
turn time (s),jiang_massdep_baseline,power_0.96,19.263,shift_h,MX2,unchanged,unchanged
turn time (s),jiang_massdep_baseline,power_0.96,19.263,crew_veh_h,MX2,unchanged,unchanged
turn time (s),jiang_massdep_baseline,power_0.96,19.263,crew_team_h,MX2,unchanged,unchanged
turn time (s),jiang_massdep_baseline,power_0.96,19.263,shift_ot_h,MX2,unchanged,unchanged
turn time (s),jiang_massdep_baseline,power_0.96,24.04,shift_h,MX2,unchanged,unchanged
turn time (s),jiang_massdep_baseline,power_0.96,24.04,crew_veh_h,MX2,unchanged,unchanged
turn time (s),jiang_massdep_baseline,power_0.96,24.04,crew_team_h,MX2,unchanged,unchanged
turn time (s),jiang_massdep_baseline,power_0.96,24.04,shift_ot_h,MX2,unchanged,unchanged
turn time (s),jiang_massdep_baseline,power_0.96,30.0,shift_h,MX2,unchanged,unchanged
turn time (s),jiang_massdep_baseline,power_0.96,30.0,crew_veh_h,MX2,unchanged,unchanged
turn time (s),jiang_massdep_baseline,power_0.96,30.0,crew_team_h,MX2,unchanged,unchanged
turn time (s),jiang_massdep_baseline,power_0.96,30.0,shift_ot_h,MX2,unchanged,unchanged
turn time (s),rohcha_short_baseline,power_0.96,5.1,shift_h,550,unchanged,unchanged
turn time (s),rohcha_short_baseline,power_0.96,5.1,crew_veh_h,550,unchanged,unchanged
turn time (s),rohcha_short_baseline,power_0.96,5.1,crew_team_h,550,unchanged,unchanged
turn time (s),rohcha_short_baseline,power_0.96,5.1,shift_ot_h,550,unchanged,unchanged
turn time (s),rohcha_short_baseline,power_0.96,6.364,shift_h,550,unchanged,unchanged
turn time (s),rohcha_short_baseline,power_0.96,6.364,crew_veh_h,550,unchanged,unchanged
turn time (s),rohcha_short_baseline,power_0.96,6.364,crew_team_h,550,unchanged,unchanged
turn time (s),rohcha_short_baseline,power_0.96,6.364,shift_ot_h,550,unchanged,unchanged
turn time (s),rohcha_short_baseline,power_0.96,7.943,shift_h,550,unchanged,unchanged
turn time (s),rohcha_short_baseline,power_0.96,7.943,crew_veh_h,550,unchanged,unchanged
turn time (s),rohcha_short_baseline,power_0.96,7.943,crew_team_h,550,unchanged,unchanged
turn time (s),rohcha_short_baseline,power_0.96,7.943,shift_ot_h,550,unchanged,unchanged
turn time (s),rohcha_short_baseline,power_0.96,9.912,shift_h,550,unchanged,unchanged
turn time (s),rohcha_short_baseline,power_0.96,9.912,crew_veh_h,550,unchanged,unchanged
turn time (s),rohcha_short_baseline,power_0.96,9.912,crew_team_h,550,unchanged,unchanged
turn time (s),rohcha_short_baseline,power_0.96,9.912,shift_ot_h,550,unchanged,unchanged
turn time (s),rohcha_short_baseline,power_0.96,12.369,shift_h,550,unchanged,unchanged
turn time (s),rohcha_short_baseline,power_0.96,12.369,crew_veh_h,550,unchanged,unchanged
turn time (s),rohcha_short_baseline,power_0.96,12.369,crew_team_h,550,unchanged,unchanged
turn time (s),rohcha_short_baseline,power_0.96,12.369,shift_ot_h,550,unchanged,unchanged
turn time (s),rohcha_short_baseline,power_0.96,15.436,shift_h,550,unchanged,unchanged
turn time (s),rohcha_short_baseline,power_0.96,15.436,crew_veh_h,550,unchanged,unchanged
turn time (s),rohcha_short_baseline,power_0.96,15.436,crew_team_h,550,unchanged,unchanged
turn time (s),rohcha_short_baseline,power_0.96,15.436,shift_ot_h,550,unchanged,unchanged
turn time (s),rohcha_short_baseline,power_0.96,19.263,shift_h,550,unchanged,unchanged
turn time (s),rohcha_short_baseline,power_0.96,19.263,crew_veh_h,550,unchanged,unchanged
turn time (s),rohcha_short_baseline,power_0.96,19.263,crew_team_h,550,unchanged,unchanged
turn time (s),rohcha_short_baseline,power_0.96,19.263,shift_ot_h,550,unchanged,unchanged
turn time (s),rohcha_short_baseline,power_0.96,24.04,shift_h,550,unchanged,unchanged
turn time (s),rohcha_short_baseline,power_0.96,24.04,crew_veh_h,550,unchanged,unchanged
turn time (s),rohcha_short_baseline,power_0.96,24.04,crew_team_h,550,unchanged,unchanged
turn time (s),rohcha_short_baseline,power_0.96,24.04,shift_ot_h,550,unchanged,unchanged
turn time (s),rohcha_short_baseline,power_0.96,30.0,shift_h,550,unchanged,unchanged
turn time (s),rohcha_short_baseline,power_0.96,30.0,crew_veh_h,550,unchanged,unchanged
turn time (s),rohcha_short_baseline,power_0.96,30.0,crew_team_h,550,unchanged,unchanged
turn time (s),rohcha_short_baseline,power_0.96,30.0,shift_ot_h,550,unchanged,unchanged
turn time (s),rohcha_massdep_baseline,power_0.96,5.1,shift_h,550,unchanged,unchanged
turn time (s),rohcha_massdep_baseline,power_0.96,5.1,crew_veh_h,550,unchanged,unchanged
turn time (s),rohcha_massdep_baseline,power_0.96,5.1,crew_team_h,550,unchanged,unchanged
turn time (s),rohcha_massdep_baseline,power_0.96,5.1,shift_ot_h,550,unchanged,unchanged
turn time (s),rohcha_massdep_baseline,power_0.96,6.364,shift_h,550,unchanged,unchanged
turn time (s),rohcha_massdep_baseline,power_0.96,6.364,crew_veh_h,550,unchanged,unchanged
turn time (s),rohcha_massdep_baseline,power_0.96,6.364,crew_team_h,550,unchanged,unchanged
turn time (s),rohcha_massdep_baseline,power_0.96,6.364,shift_ot_h,550,unchanged,unchanged
turn time (s),rohcha_massdep_baseline,power_0.96,7.943,shift_h,550,unchanged,unchanged
turn time (s),rohcha_massdep_baseline,power_0.96,7.943,crew_veh_h,550,unchanged,unchanged
turn time (s),rohcha_massdep_baseline,power_0.96,7.943,crew_team_h,550,unchanged,unchanged
turn time (s),rohcha_massdep_baseline,power_0.96,7.943,shift_ot_h,550,unchanged,unchanged
turn time (s),rohcha_massdep_baseline,power_0.96,9.912,shift_h,550,unchanged,unchanged
turn time (s),rohcha_massdep_baseline,power_0.96,9.912,crew_veh_h,550,unchanged,unchanged
turn time (s),rohcha_massdep_baseline,power_0.96,9.912,crew_team_h,550,unchanged,unchanged
turn time (s),rohcha_massdep_baseline,power_0.96,9.912,shift_ot_h,550,unchanged,unchanged
turn time (s),rohcha_massdep_baseline,power_0.96,12.369,shift_h,550,unchanged,unchanged
turn time (s),rohcha_massdep_baseline,power_0.96,12.369,crew_veh_h,550,unchanged,unchanged
turn time (s),rohcha_massdep_baseline,power_0.96,12.369,crew_team_h,550,unchanged,unchanged
turn time (s),rohcha_massdep_baseline,power_0.96,12.369,shift_ot_h,550,unchanged,unchanged
turn time (s),rohcha_massdep_baseline,power_0.96,15.436,shift_h,550,unchanged,unchanged
turn time (s),rohcha_massdep_baseline,power_0.96,15.436,crew_veh_h,550,unchanged,unchanged
turn time (s),rohcha_massdep_baseline,power_0.96,15.436,crew_team_h,550,unchanged,unchanged
turn time (s),rohcha_massdep_baseline,power_0.96,15.436,shift_ot_h,550,unchanged,unchanged
turn time (s),rohcha_massdep_baseline,power_0.96,19.263,shift_h,550,unchanged,unchanged
turn time (s),rohcha_massdep_baseline,power_0.96,19.263,crew_veh_h,550,unchanged,unchanged
turn time (s),rohcha_massdep_baseline,power_0.96,19.263,crew_team_h,550,unchanged,unchanged
turn time (s),rohcha_massdep_baseline,power_0.96,19.263,shift_ot_h,550,unchanged,unchanged
turn time (s),rohcha_massdep_baseline,power_0.96,24.04,shift_h,550,unchanged,unchanged
turn time (s),rohcha_massdep_baseline,power_0.96,24.04,crew_veh_h,550,unchanged,unchanged
turn time (s),rohcha_massdep_baseline,power_0.96,24.04,crew_team_h,550,unchanged,unchanged
turn time (s),rohcha_massdep_baseline,power_0.96,24.04,shift_ot_h,550,unchanged,unchanged
turn time (s),rohcha_massdep_baseline,power_0.96,30.0,shift_h,550,unchanged,unchanged
turn time (s),rohcha_massdep_baseline,power_0.96,30.0,crew_veh_h,550,unchanged,unchanged
turn time (s),rohcha_massdep_baseline,power_0.96,30.0,crew_team_h,550,unchanged,unchanged
turn time (s),rohcha_massdep_baseline,power_0.96,30.0,shift_ot_h,550,unchanged,unchanged
coupled-turn time (s),jiang_short_baseline,affine,5.1,shift_h,MX2,unchanged,unchanged
coupled-turn time (s),jiang_short_baseline,affine,5.1,crew_veh_h,MX2,unchanged,unchanged
coupled-turn time (s),jiang_short_baseline,affine,5.1,crew_team_h,MX2,unchanged,unchanged
coupled-turn time (s),jiang_short_baseline,affine,5.1,shift_ot_h,MX2,unchanged,unchanged
coupled-turn time (s),jiang_short_baseline,affine,6.364,shift_h,MX2,unchanged,unchanged
coupled-turn time (s),jiang_short_baseline,affine,6.364,crew_veh_h,MX2,unchanged,unchanged
coupled-turn time (s),jiang_short_baseline,affine,6.364,crew_team_h,MX2,unchanged,unchanged
coupled-turn time (s),jiang_short_baseline,affine,6.364,shift_ot_h,MX2,unchanged,unchanged
coupled-turn time (s),jiang_short_baseline,affine,7.943,shift_h,MX2,unchanged,unchanged
coupled-turn time (s),jiang_short_baseline,affine,7.943,crew_veh_h,MX2,unchanged,unchanged
coupled-turn time (s),jiang_short_baseline,affine,7.943,crew_team_h,MX2,unchanged,unchanged
coupled-turn time (s),jiang_short_baseline,affine,7.943,shift_ot_h,MX2,unchanged,unchanged
coupled-turn time (s),jiang_short_baseline,affine,9.912,shift_h,MX2,unchanged,unchanged
coupled-turn time (s),jiang_short_baseline,affine,9.912,crew_veh_h,MX2,unchanged,unchanged
coupled-turn time (s),jiang_short_baseline,affine,9.912,crew_team_h,MX2,unchanged,unchanged
coupled-turn time (s),jiang_short_baseline,affine,9.912,shift_ot_h,MX2,unchanged,unchanged
coupled-turn time (s),jiang_short_baseline,affine,12.369,shift_h,MX2,unchanged,unchanged
coupled-turn time (s),jiang_short_baseline,affine,12.369,crew_veh_h,MX2,unchanged,unchanged
coupled-turn time (s),jiang_short_baseline,affine,12.369,crew_team_h,MX2,unchanged,unchanged
coupled-turn time (s),jiang_short_baseline,affine,12.369,shift_ot_h,MX2,unchanged,unchanged
coupled-turn time (s),jiang_short_baseline,affine,15.436,shift_h,MX2,unchanged,unchanged
coupled-turn time (s),jiang_short_baseline,affine,15.436,crew_veh_h,MX2,unchanged,unchanged
coupled-turn time (s),jiang_short_baseline,affine,15.436,crew_team_h,MX2,unchanged,unchanged
coupled-turn time (s),jiang_short_baseline,affine,15.436,shift_ot_h,MX2,unchanged,unchanged
coupled-turn time (s),jiang_short_baseline,affine,19.263,shift_h,MX2,unchanged,unchanged
coupled-turn time (s),jiang_short_baseline,affine,19.263,crew_veh_h,MX2,unchanged,unchanged
coupled-turn time (s),jiang_short_baseline,affine,19.263,crew_team_h,MX2,unchanged,unchanged
coupled-turn time (s),jiang_short_baseline,affine,19.263,shift_ot_h,MX2,unchanged,unchanged
coupled-turn time (s),jiang_short_baseline,affine,24.04,shift_h,MX2,unchanged,unchanged
coupled-turn time (s),jiang_short_baseline,affine,24.04,crew_veh_h,MX2,unchanged,unchanged
coupled-turn time (s),jiang_short_baseline,affine,24.04,crew_team_h,MX2,unchanged,unchanged
coupled-turn time (s),jiang_short_baseline,affine,24.04,shift_ot_h,MX2,unchanged,unchanged
coupled-turn time (s),jiang_short_baseline,affine,30.0,shift_h,MX2,unchanged,unchanged
coupled-turn time (s),jiang_short_baseline,affine,30.0,crew_veh_h,MX2,unchanged,unchanged
coupled-turn time (s),jiang_short_baseline,affine,30.0,crew_team_h,MX2,unchanged,unchanged
coupled-turn time (s),jiang_short_baseline,affine,30.0,shift_ot_h,MX2,unchanged,unchanged
coupled-turn time (s),jiang_massdep_baseline,affine,5.1,shift_h,550,unchanged,unchanged
coupled-turn time (s),jiang_massdep_baseline,affine,5.1,crew_veh_h,550,unchanged,unchanged
coupled-turn time (s),jiang_massdep_baseline,affine,5.1,crew_team_h,380,unchanged,unchanged
coupled-turn time (s),jiang_massdep_baseline,affine,5.1,shift_ot_h,550,unchanged,unchanged
coupled-turn time (s),jiang_massdep_baseline,affine,6.364,shift_h,550,unchanged,unchanged
coupled-turn time (s),jiang_massdep_baseline,affine,6.364,crew_veh_h,550,unchanged,unchanged
coupled-turn time (s),jiang_massdep_baseline,affine,6.364,crew_team_h,MX2,unchanged,between 0 and 30 -> 380 (search-dependent)
coupled-turn time (s),jiang_massdep_baseline,affine,6.364,shift_ot_h,550,unchanged,unchanged
coupled-turn time (s),jiang_massdep_baseline,affine,7.943,shift_h,550,unchanged,unchanged
coupled-turn time (s),jiang_massdep_baseline,affine,7.943,crew_veh_h,550,unchanged,unchanged
coupled-turn time (s),jiang_massdep_baseline,affine,7.943,crew_team_h,MX2,unchanged,unchanged
coupled-turn time (s),jiang_massdep_baseline,affine,7.943,shift_ot_h,550,unchanged,unchanged
coupled-turn time (s),jiang_massdep_baseline,affine,9.912,shift_h,550,unchanged,unchanged
coupled-turn time (s),jiang_massdep_baseline,affine,9.912,crew_veh_h,550,unchanged,unchanged
coupled-turn time (s),jiang_massdep_baseline,affine,9.912,crew_team_h,MX2,unchanged,unchanged
coupled-turn time (s),jiang_massdep_baseline,affine,9.912,shift_ot_h,550,unchanged,unchanged
coupled-turn time (s),jiang_massdep_baseline,affine,12.369,shift_h,550,unchanged,unchanged
coupled-turn time (s),jiang_massdep_baseline,affine,12.369,crew_veh_h,MX2,unchanged,between 30 and 60 -> 550 (search-dependent)
coupled-turn time (s),jiang_massdep_baseline,affine,12.369,crew_team_h,MX2,unchanged,unchanged
coupled-turn time (s),jiang_massdep_baseline,affine,12.369,shift_ot_h,550,unchanged,unchanged
coupled-turn time (s),jiang_massdep_baseline,affine,15.436,shift_h,550,unchanged,unchanged
coupled-turn time (s),jiang_massdep_baseline,affine,15.436,crew_veh_h,MX2,unchanged,unchanged
coupled-turn time (s),jiang_massdep_baseline,affine,15.436,crew_team_h,MX2,unchanged,unchanged
coupled-turn time (s),jiang_massdep_baseline,affine,15.436,shift_ot_h,550,unchanged,unchanged
coupled-turn time (s),jiang_massdep_baseline,affine,19.263,shift_h,550,unchanged,unchanged
coupled-turn time (s),jiang_massdep_baseline,affine,19.263,crew_veh_h,MX2,unchanged,unchanged
coupled-turn time (s),jiang_massdep_baseline,affine,19.263,crew_team_h,MX2,unchanged,unchanged
coupled-turn time (s),jiang_massdep_baseline,affine,19.263,shift_ot_h,550,unchanged,unchanged
coupled-turn time (s),jiang_massdep_baseline,affine,24.04,shift_h,MX2,unchanged,unchanged
coupled-turn time (s),jiang_massdep_baseline,affine,24.04,crew_veh_h,MX2,unchanged,unchanged
coupled-turn time (s),jiang_massdep_baseline,affine,24.04,crew_team_h,MX2,unchanged,unchanged
coupled-turn time (s),jiang_massdep_baseline,affine,24.04,shift_ot_h,550,unchanged,unchanged
coupled-turn time (s),jiang_massdep_baseline,affine,30.0,shift_h,MX2,unchanged,unchanged
coupled-turn time (s),jiang_massdep_baseline,affine,30.0,crew_veh_h,MX2,unchanged,unchanged
coupled-turn time (s),jiang_massdep_baseline,affine,30.0,crew_team_h,MX2,unchanged,unchanged
coupled-turn time (s),jiang_massdep_baseline,affine,30.0,shift_ot_h,MX2,unchanged,unchanged
coupled-turn time (s),rohcha_short_baseline,affine,5.1,shift_h,550,unchanged,unchanged
coupled-turn time (s),rohcha_short_baseline,affine,5.1,crew_veh_h,550,unchanged,unchanged
coupled-turn time (s),rohcha_short_baseline,affine,5.1,crew_team_h,550,unchanged,unchanged
coupled-turn time (s),rohcha_short_baseline,affine,5.1,shift_ot_h,550,unchanged,unchanged
coupled-turn time (s),rohcha_short_baseline,affine,6.364,shift_h,550,unchanged,unchanged
coupled-turn time (s),rohcha_short_baseline,affine,6.364,crew_veh_h,550,unchanged,unchanged
coupled-turn time (s),rohcha_short_baseline,affine,6.364,crew_team_h,550,unchanged,unchanged
coupled-turn time (s),rohcha_short_baseline,affine,6.364,shift_ot_h,550,unchanged,unchanged
coupled-turn time (s),rohcha_short_baseline,affine,7.943,shift_h,550,unchanged,unchanged
coupled-turn time (s),rohcha_short_baseline,affine,7.943,crew_veh_h,550,unchanged,unchanged
coupled-turn time (s),rohcha_short_baseline,affine,7.943,crew_team_h,550,unchanged,unchanged
coupled-turn time (s),rohcha_short_baseline,affine,7.943,shift_ot_h,550,unchanged,unchanged
coupled-turn time (s),rohcha_short_baseline,affine,9.912,shift_h,550,unchanged,unchanged
coupled-turn time (s),rohcha_short_baseline,affine,9.912,crew_veh_h,550,unchanged,unchanged
coupled-turn time (s),rohcha_short_baseline,affine,9.912,crew_team_h,550,unchanged,unchanged
coupled-turn time (s),rohcha_short_baseline,affine,9.912,shift_ot_h,550,unchanged,unchanged
coupled-turn time (s),rohcha_short_baseline,affine,12.369,shift_h,550,unchanged,unchanged
coupled-turn time (s),rohcha_short_baseline,affine,12.369,crew_veh_h,550,unchanged,unchanged
coupled-turn time (s),rohcha_short_baseline,affine,12.369,crew_team_h,550,unchanged,unchanged
coupled-turn time (s),rohcha_short_baseline,affine,12.369,shift_ot_h,550,unchanged,unchanged
coupled-turn time (s),rohcha_short_baseline,affine,15.436,shift_h,550,unchanged,unchanged
coupled-turn time (s),rohcha_short_baseline,affine,15.436,crew_veh_h,550,unchanged,unchanged
coupled-turn time (s),rohcha_short_baseline,affine,15.436,crew_team_h,550,unchanged,unchanged
coupled-turn time (s),rohcha_short_baseline,affine,15.436,shift_ot_h,550,unchanged,unchanged
coupled-turn time (s),rohcha_short_baseline,affine,19.263,shift_h,550,unchanged,unchanged
coupled-turn time (s),rohcha_short_baseline,affine,19.263,crew_veh_h,550,unchanged,unchanged
coupled-turn time (s),rohcha_short_baseline,affine,19.263,crew_team_h,550,unchanged,unchanged
coupled-turn time (s),rohcha_short_baseline,affine,19.263,shift_ot_h,550,unchanged,unchanged
coupled-turn time (s),rohcha_short_baseline,affine,24.04,shift_h,550,unchanged,unchanged
coupled-turn time (s),rohcha_short_baseline,affine,24.04,crew_veh_h,550,unchanged,unchanged
coupled-turn time (s),rohcha_short_baseline,affine,24.04,crew_team_h,550,unchanged,unchanged
coupled-turn time (s),rohcha_short_baseline,affine,24.04,shift_ot_h,550,unchanged,unchanged
coupled-turn time (s),rohcha_short_baseline,affine,30.0,shift_h,550,unchanged,unchanged
coupled-turn time (s),rohcha_short_baseline,affine,30.0,crew_veh_h,550,unchanged,unchanged
coupled-turn time (s),rohcha_short_baseline,affine,30.0,crew_team_h,550,unchanged,unchanged
coupled-turn time (s),rohcha_short_baseline,affine,30.0,shift_ot_h,550,unchanged,unchanged
coupled-turn time (s),rohcha_massdep_baseline,affine,5.1,shift_h,550,unchanged,unchanged
coupled-turn time (s),rohcha_massdep_baseline,affine,5.1,crew_veh_h,550,unchanged,unchanged
coupled-turn time (s),rohcha_massdep_baseline,affine,5.1,crew_team_h,550,unchanged,unchanged
coupled-turn time (s),rohcha_massdep_baseline,affine,5.1,shift_ot_h,550,unchanged,unchanged
coupled-turn time (s),rohcha_massdep_baseline,affine,6.364,shift_h,550,unchanged,unchanged
coupled-turn time (s),rohcha_massdep_baseline,affine,6.364,crew_veh_h,550,unchanged,unchanged
coupled-turn time (s),rohcha_massdep_baseline,affine,6.364,crew_team_h,550,unchanged,unchanged
coupled-turn time (s),rohcha_massdep_baseline,affine,6.364,shift_ot_h,550,unchanged,unchanged
coupled-turn time (s),rohcha_massdep_baseline,affine,7.943,shift_h,550,unchanged,unchanged
coupled-turn time (s),rohcha_massdep_baseline,affine,7.943,crew_veh_h,550,unchanged,unchanged
coupled-turn time (s),rohcha_massdep_baseline,affine,7.943,crew_team_h,550,unchanged,unchanged
coupled-turn time (s),rohcha_massdep_baseline,affine,7.943,shift_ot_h,550,unchanged,unchanged
coupled-turn time (s),rohcha_massdep_baseline,affine,9.912,shift_h,550,unchanged,unchanged
coupled-turn time (s),rohcha_massdep_baseline,affine,9.912,crew_veh_h,550,unchanged,unchanged
coupled-turn time (s),rohcha_massdep_baseline,affine,9.912,crew_team_h,550,unchanged,unchanged
coupled-turn time (s),rohcha_massdep_baseline,affine,9.912,shift_ot_h,550,unchanged,unchanged
coupled-turn time (s),rohcha_massdep_baseline,affine,12.369,shift_h,550,unchanged,unchanged
coupled-turn time (s),rohcha_massdep_baseline,affine,12.369,crew_veh_h,550,unchanged,unchanged
coupled-turn time (s),rohcha_massdep_baseline,affine,12.369,crew_team_h,550,unchanged,unchanged
coupled-turn time (s),rohcha_massdep_baseline,affine,12.369,shift_ot_h,550,unchanged,unchanged
coupled-turn time (s),rohcha_massdep_baseline,affine,15.436,shift_h,550,unchanged,unchanged
coupled-turn time (s),rohcha_massdep_baseline,affine,15.436,crew_veh_h,550,unchanged,unchanged
coupled-turn time (s),rohcha_massdep_baseline,affine,15.436,crew_team_h,550,unchanged,unchanged
coupled-turn time (s),rohcha_massdep_baseline,affine,15.436,shift_ot_h,550,unchanged,unchanged
coupled-turn time (s),rohcha_massdep_baseline,affine,19.263,shift_h,550,unchanged,unchanged
coupled-turn time (s),rohcha_massdep_baseline,affine,19.263,crew_veh_h,550,unchanged,unchanged
coupled-turn time (s),rohcha_massdep_baseline,affine,19.263,crew_team_h,550,unchanged,unchanged
coupled-turn time (s),rohcha_massdep_baseline,affine,19.263,shift_ot_h,550,unchanged,unchanged
coupled-turn time (s),rohcha_massdep_baseline,affine,24.04,shift_h,550,unchanged,unchanged
coupled-turn time (s),rohcha_massdep_baseline,affine,24.04,crew_veh_h,550,unchanged,unchanged
coupled-turn time (s),rohcha_massdep_baseline,affine,24.04,crew_team_h,550,unchanged,unchanged
coupled-turn time (s),rohcha_massdep_baseline,affine,24.04,shift_ot_h,550,unchanged,unchanged
coupled-turn time (s),rohcha_massdep_baseline,affine,30.0,shift_h,550,unchanged,unchanged
coupled-turn time (s),rohcha_massdep_baseline,affine,30.0,crew_veh_h,550,unchanged,unchanged
coupled-turn time (s),rohcha_massdep_baseline,affine,30.0,crew_team_h,550,unchanged,unchanged
coupled-turn time (s),rohcha_massdep_baseline,affine,30.0,shift_ot_h,550,unchanged,unchanged
coupled-turn time (s),jiang_short_baseline,piecewise,5.1,shift_h,MX2,unchanged,unchanged
coupled-turn time (s),jiang_short_baseline,piecewise,5.1,crew_veh_h,MX2,unchanged,unchanged
coupled-turn time (s),jiang_short_baseline,piecewise,5.1,crew_team_h,MX2,unchanged,unchanged
coupled-turn time (s),jiang_short_baseline,piecewise,5.1,shift_ot_h,MX2,unchanged,unchanged
coupled-turn time (s),jiang_short_baseline,piecewise,6.364,shift_h,MX2,unchanged,unchanged
coupled-turn time (s),jiang_short_baseline,piecewise,6.364,crew_veh_h,MX2,unchanged,unchanged
coupled-turn time (s),jiang_short_baseline,piecewise,6.364,crew_team_h,MX2,unchanged,unchanged
coupled-turn time (s),jiang_short_baseline,piecewise,6.364,shift_ot_h,MX2,unchanged,unchanged
coupled-turn time (s),jiang_short_baseline,piecewise,7.943,shift_h,MX2,unchanged,unchanged
coupled-turn time (s),jiang_short_baseline,piecewise,7.943,crew_veh_h,MX2,unchanged,unchanged
coupled-turn time (s),jiang_short_baseline,piecewise,7.943,crew_team_h,MX2,unchanged,unchanged
coupled-turn time (s),jiang_short_baseline,piecewise,7.943,shift_ot_h,MX2,unchanged,unchanged
coupled-turn time (s),jiang_short_baseline,piecewise,9.912,shift_h,MX2,unchanged,unchanged
coupled-turn time (s),jiang_short_baseline,piecewise,9.912,crew_veh_h,MX2,unchanged,unchanged
coupled-turn time (s),jiang_short_baseline,piecewise,9.912,crew_team_h,MX2,unchanged,unchanged
coupled-turn time (s),jiang_short_baseline,piecewise,9.912,shift_ot_h,MX2,unchanged,unchanged
coupled-turn time (s),jiang_short_baseline,piecewise,12.369,shift_h,MX2,unchanged,unchanged
coupled-turn time (s),jiang_short_baseline,piecewise,12.369,crew_veh_h,MX2,unchanged,unchanged
coupled-turn time (s),jiang_short_baseline,piecewise,12.369,crew_team_h,MX2,unchanged,unchanged
coupled-turn time (s),jiang_short_baseline,piecewise,12.369,shift_ot_h,MX2,unchanged,unchanged
coupled-turn time (s),jiang_short_baseline,piecewise,15.436,shift_h,MX2,unchanged,unchanged
coupled-turn time (s),jiang_short_baseline,piecewise,15.436,crew_veh_h,MX2,unchanged,unchanged
coupled-turn time (s),jiang_short_baseline,piecewise,15.436,crew_team_h,MX2,unchanged,unchanged
coupled-turn time (s),jiang_short_baseline,piecewise,15.436,shift_ot_h,MX2,unchanged,unchanged
coupled-turn time (s),jiang_short_baseline,piecewise,19.263,shift_h,MX2,unchanged,unchanged
coupled-turn time (s),jiang_short_baseline,piecewise,19.263,crew_veh_h,MX2,unchanged,unchanged
coupled-turn time (s),jiang_short_baseline,piecewise,19.263,crew_team_h,MX2,unchanged,unchanged
coupled-turn time (s),jiang_short_baseline,piecewise,19.263,shift_ot_h,MX2,unchanged,unchanged
coupled-turn time (s),jiang_short_baseline,piecewise,24.04,shift_h,MX2,unchanged,unchanged
coupled-turn time (s),jiang_short_baseline,piecewise,24.04,crew_veh_h,MX2,unchanged,unchanged
coupled-turn time (s),jiang_short_baseline,piecewise,24.04,crew_team_h,MX2,unchanged,unchanged
coupled-turn time (s),jiang_short_baseline,piecewise,24.04,shift_ot_h,MX2,unchanged,unchanged
coupled-turn time (s),jiang_short_baseline,piecewise,30.0,shift_h,MX2,unchanged,unchanged
coupled-turn time (s),jiang_short_baseline,piecewise,30.0,crew_veh_h,MX2,unchanged,unchanged
coupled-turn time (s),jiang_short_baseline,piecewise,30.0,crew_team_h,MX2,unchanged,unchanged
coupled-turn time (s),jiang_short_baseline,piecewise,30.0,shift_ot_h,MX2,unchanged,unchanged
coupled-turn time (s),jiang_massdep_baseline,piecewise,5.1,shift_h,550,unchanged,unchanged
coupled-turn time (s),jiang_massdep_baseline,piecewise,5.1,crew_veh_h,550,unchanged,unchanged
coupled-turn time (s),jiang_massdep_baseline,piecewise,5.1,crew_team_h,380,unchanged,unchanged
coupled-turn time (s),jiang_massdep_baseline,piecewise,5.1,shift_ot_h,550,unchanged,unchanged
coupled-turn time (s),jiang_massdep_baseline,piecewise,6.364,shift_h,550,unchanged,unchanged
coupled-turn time (s),jiang_massdep_baseline,piecewise,6.364,crew_veh_h,550,unchanged,unchanged
coupled-turn time (s),jiang_massdep_baseline,piecewise,6.364,crew_team_h,MX2,unchanged,unchanged
coupled-turn time (s),jiang_massdep_baseline,piecewise,6.364,shift_ot_h,550,unchanged,unchanged
coupled-turn time (s),jiang_massdep_baseline,piecewise,7.943,shift_h,550,unchanged,unchanged
coupled-turn time (s),jiang_massdep_baseline,piecewise,7.943,crew_veh_h,550,unchanged,unchanged
coupled-turn time (s),jiang_massdep_baseline,piecewise,7.943,crew_team_h,MX2,unchanged,unchanged
coupled-turn time (s),jiang_massdep_baseline,piecewise,7.943,shift_ot_h,550,unchanged,unchanged
coupled-turn time (s),jiang_massdep_baseline,piecewise,9.912,shift_h,550,unchanged,unchanged
coupled-turn time (s),jiang_massdep_baseline,piecewise,9.912,crew_veh_h,550,unchanged,unchanged
coupled-turn time (s),jiang_massdep_baseline,piecewise,9.912,crew_team_h,MX2,unchanged,unchanged
coupled-turn time (s),jiang_massdep_baseline,piecewise,9.912,shift_ot_h,550,unchanged,unchanged
coupled-turn time (s),jiang_massdep_baseline,piecewise,12.369,shift_h,550,unchanged,unchanged
coupled-turn time (s),jiang_massdep_baseline,piecewise,12.369,crew_veh_h,MX2,unchanged,unchanged
coupled-turn time (s),jiang_massdep_baseline,piecewise,12.369,crew_team_h,MX2,unchanged,unchanged
coupled-turn time (s),jiang_massdep_baseline,piecewise,12.369,shift_ot_h,550,unchanged,unchanged
coupled-turn time (s),jiang_massdep_baseline,piecewise,15.436,shift_h,550,unchanged,unchanged
coupled-turn time (s),jiang_massdep_baseline,piecewise,15.436,crew_veh_h,MX2,unchanged,unchanged
coupled-turn time (s),jiang_massdep_baseline,piecewise,15.436,crew_team_h,MX2,unchanged,unchanged
coupled-turn time (s),jiang_massdep_baseline,piecewise,15.436,shift_ot_h,550,unchanged,unchanged
coupled-turn time (s),jiang_massdep_baseline,piecewise,19.263,shift_h,MX2,unchanged,unchanged
coupled-turn time (s),jiang_massdep_baseline,piecewise,19.263,crew_veh_h,MX2,unchanged,unchanged
coupled-turn time (s),jiang_massdep_baseline,piecewise,19.263,crew_team_h,MX2,unchanged,unchanged
coupled-turn time (s),jiang_massdep_baseline,piecewise,19.263,shift_ot_h,550,unchanged,unchanged
coupled-turn time (s),jiang_massdep_baseline,piecewise,24.04,shift_h,MX2,unchanged,unchanged
coupled-turn time (s),jiang_massdep_baseline,piecewise,24.04,crew_veh_h,MX2,unchanged,unchanged
coupled-turn time (s),jiang_massdep_baseline,piecewise,24.04,crew_team_h,MX2,unchanged,unchanged
coupled-turn time (s),jiang_massdep_baseline,piecewise,24.04,shift_ot_h,MX2,unchanged,unchanged
coupled-turn time (s),jiang_massdep_baseline,piecewise,30.0,shift_h,MX2,unchanged,unchanged
coupled-turn time (s),jiang_massdep_baseline,piecewise,30.0,crew_veh_h,MX2,unchanged,unchanged
coupled-turn time (s),jiang_massdep_baseline,piecewise,30.0,crew_team_h,MX2,unchanged,unchanged
coupled-turn time (s),jiang_massdep_baseline,piecewise,30.0,shift_ot_h,MX2,unchanged,unchanged
coupled-turn time (s),rohcha_short_baseline,piecewise,5.1,shift_h,550,unchanged,unchanged
coupled-turn time (s),rohcha_short_baseline,piecewise,5.1,crew_veh_h,550,unchanged,unchanged
coupled-turn time (s),rohcha_short_baseline,piecewise,5.1,crew_team_h,550,unchanged,unchanged
coupled-turn time (s),rohcha_short_baseline,piecewise,5.1,shift_ot_h,550,unchanged,unchanged
coupled-turn time (s),rohcha_short_baseline,piecewise,6.364,shift_h,550,unchanged,unchanged
coupled-turn time (s),rohcha_short_baseline,piecewise,6.364,crew_veh_h,550,unchanged,unchanged
coupled-turn time (s),rohcha_short_baseline,piecewise,6.364,crew_team_h,550,unchanged,unchanged
coupled-turn time (s),rohcha_short_baseline,piecewise,6.364,shift_ot_h,550,unchanged,unchanged
coupled-turn time (s),rohcha_short_baseline,piecewise,7.943,shift_h,550,unchanged,unchanged
coupled-turn time (s),rohcha_short_baseline,piecewise,7.943,crew_veh_h,550,unchanged,unchanged
coupled-turn time (s),rohcha_short_baseline,piecewise,7.943,crew_team_h,550,unchanged,unchanged
coupled-turn time (s),rohcha_short_baseline,piecewise,7.943,shift_ot_h,550,unchanged,unchanged
coupled-turn time (s),rohcha_short_baseline,piecewise,9.912,shift_h,550,unchanged,unchanged
coupled-turn time (s),rohcha_short_baseline,piecewise,9.912,crew_veh_h,550,unchanged,unchanged
coupled-turn time (s),rohcha_short_baseline,piecewise,9.912,crew_team_h,550,unchanged,unchanged
coupled-turn time (s),rohcha_short_baseline,piecewise,9.912,shift_ot_h,550,unchanged,unchanged
coupled-turn time (s),rohcha_short_baseline,piecewise,12.369,shift_h,550,unchanged,unchanged
coupled-turn time (s),rohcha_short_baseline,piecewise,12.369,crew_veh_h,550,unchanged,unchanged
coupled-turn time (s),rohcha_short_baseline,piecewise,12.369,crew_team_h,550,unchanged,unchanged
coupled-turn time (s),rohcha_short_baseline,piecewise,12.369,shift_ot_h,550,unchanged,unchanged
coupled-turn time (s),rohcha_short_baseline,piecewise,15.436,shift_h,550,unchanged,unchanged
coupled-turn time (s),rohcha_short_baseline,piecewise,15.436,crew_veh_h,550,unchanged,unchanged
coupled-turn time (s),rohcha_short_baseline,piecewise,15.436,crew_team_h,550,unchanged,unchanged
coupled-turn time (s),rohcha_short_baseline,piecewise,15.436,shift_ot_h,550,unchanged,unchanged
coupled-turn time (s),rohcha_short_baseline,piecewise,19.263,shift_h,550,unchanged,unchanged
coupled-turn time (s),rohcha_short_baseline,piecewise,19.263,crew_veh_h,550,unchanged,unchanged
coupled-turn time (s),rohcha_short_baseline,piecewise,19.263,crew_team_h,550,unchanged,unchanged
coupled-turn time (s),rohcha_short_baseline,piecewise,19.263,shift_ot_h,550,unchanged,unchanged
coupled-turn time (s),rohcha_short_baseline,piecewise,24.04,shift_h,550,unchanged,unchanged
coupled-turn time (s),rohcha_short_baseline,piecewise,24.04,crew_veh_h,550,unchanged,unchanged
coupled-turn time (s),rohcha_short_baseline,piecewise,24.04,crew_team_h,550,unchanged,unchanged
coupled-turn time (s),rohcha_short_baseline,piecewise,24.04,shift_ot_h,550,unchanged,unchanged
coupled-turn time (s),rohcha_short_baseline,piecewise,30.0,shift_h,550,unchanged,unchanged
coupled-turn time (s),rohcha_short_baseline,piecewise,30.0,crew_veh_h,550,unchanged,unchanged
coupled-turn time (s),rohcha_short_baseline,piecewise,30.0,crew_team_h,550,unchanged,unchanged
coupled-turn time (s),rohcha_short_baseline,piecewise,30.0,shift_ot_h,550,unchanged,unchanged
coupled-turn time (s),rohcha_massdep_baseline,piecewise,5.1,shift_h,550,unchanged,unchanged
coupled-turn time (s),rohcha_massdep_baseline,piecewise,5.1,crew_veh_h,550,unchanged,unchanged
coupled-turn time (s),rohcha_massdep_baseline,piecewise,5.1,crew_team_h,550,unchanged,unchanged
coupled-turn time (s),rohcha_massdep_baseline,piecewise,5.1,shift_ot_h,550,unchanged,unchanged
coupled-turn time (s),rohcha_massdep_baseline,piecewise,6.364,shift_h,550,unchanged,unchanged
coupled-turn time (s),rohcha_massdep_baseline,piecewise,6.364,crew_veh_h,550,unchanged,unchanged
coupled-turn time (s),rohcha_massdep_baseline,piecewise,6.364,crew_team_h,550,unchanged,unchanged
coupled-turn time (s),rohcha_massdep_baseline,piecewise,6.364,shift_ot_h,550,unchanged,unchanged
coupled-turn time (s),rohcha_massdep_baseline,piecewise,7.943,shift_h,550,unchanged,unchanged
coupled-turn time (s),rohcha_massdep_baseline,piecewise,7.943,crew_veh_h,550,unchanged,unchanged
coupled-turn time (s),rohcha_massdep_baseline,piecewise,7.943,crew_team_h,550,unchanged,unchanged
coupled-turn time (s),rohcha_massdep_baseline,piecewise,7.943,shift_ot_h,550,unchanged,unchanged
coupled-turn time (s),rohcha_massdep_baseline,piecewise,9.912,shift_h,550,unchanged,unchanged
coupled-turn time (s),rohcha_massdep_baseline,piecewise,9.912,crew_veh_h,550,unchanged,unchanged
coupled-turn time (s),rohcha_massdep_baseline,piecewise,9.912,crew_team_h,550,unchanged,unchanged
coupled-turn time (s),rohcha_massdep_baseline,piecewise,9.912,shift_ot_h,550,unchanged,unchanged
coupled-turn time (s),rohcha_massdep_baseline,piecewise,12.369,shift_h,550,unchanged,unchanged
coupled-turn time (s),rohcha_massdep_baseline,piecewise,12.369,crew_veh_h,550,unchanged,unchanged
coupled-turn time (s),rohcha_massdep_baseline,piecewise,12.369,crew_team_h,550,unchanged,unchanged
coupled-turn time (s),rohcha_massdep_baseline,piecewise,12.369,shift_ot_h,550,unchanged,unchanged
coupled-turn time (s),rohcha_massdep_baseline,piecewise,15.436,shift_h,550,unchanged,unchanged
coupled-turn time (s),rohcha_massdep_baseline,piecewise,15.436,crew_veh_h,550,unchanged,unchanged
coupled-turn time (s),rohcha_massdep_baseline,piecewise,15.436,crew_team_h,550,unchanged,unchanged
coupled-turn time (s),rohcha_massdep_baseline,piecewise,15.436,shift_ot_h,550,unchanged,unchanged
coupled-turn time (s),rohcha_massdep_baseline,piecewise,19.263,shift_h,550,unchanged,unchanged
coupled-turn time (s),rohcha_massdep_baseline,piecewise,19.263,crew_veh_h,550,unchanged,unchanged
coupled-turn time (s),rohcha_massdep_baseline,piecewise,19.263,crew_team_h,550,unchanged,unchanged
coupled-turn time (s),rohcha_massdep_baseline,piecewise,19.263,shift_ot_h,550,unchanged,unchanged
coupled-turn time (s),rohcha_massdep_baseline,piecewise,24.04,shift_h,550,unchanged,unchanged
coupled-turn time (s),rohcha_massdep_baseline,piecewise,24.04,crew_veh_h,550,unchanged,unchanged
coupled-turn time (s),rohcha_massdep_baseline,piecewise,24.04,crew_team_h,550,unchanged,unchanged
coupled-turn time (s),rohcha_massdep_baseline,piecewise,24.04,shift_ot_h,550,unchanged,unchanged
coupled-turn time (s),rohcha_massdep_baseline,piecewise,30.0,shift_h,550,unchanged,unchanged
coupled-turn time (s),rohcha_massdep_baseline,piecewise,30.0,crew_veh_h,550,unchanged,unchanged
coupled-turn time (s),rohcha_massdep_baseline,piecewise,30.0,crew_team_h,550,unchanged,unchanged
coupled-turn time (s),rohcha_massdep_baseline,piecewise,30.0,shift_ot_h,550,unchanged,unchanged
coupled-turn time (s),jiang_short_baseline,power_0.72,5.1,shift_h,MX2,unchanged,unchanged
coupled-turn time (s),jiang_short_baseline,power_0.72,5.1,crew_veh_h,MX2,unchanged,unchanged
coupled-turn time (s),jiang_short_baseline,power_0.72,5.1,crew_team_h,MX2,unchanged,unchanged
coupled-turn time (s),jiang_short_baseline,power_0.72,5.1,shift_ot_h,MX2,unchanged,unchanged
coupled-turn time (s),jiang_short_baseline,power_0.72,6.364,shift_h,MX2,unchanged,unchanged
coupled-turn time (s),jiang_short_baseline,power_0.72,6.364,crew_veh_h,MX2,unchanged,unchanged
coupled-turn time (s),jiang_short_baseline,power_0.72,6.364,crew_team_h,MX2,unchanged,unchanged
coupled-turn time (s),jiang_short_baseline,power_0.72,6.364,shift_ot_h,MX2,unchanged,unchanged
coupled-turn time (s),jiang_short_baseline,power_0.72,7.943,shift_h,MX2,unchanged,unchanged
coupled-turn time (s),jiang_short_baseline,power_0.72,7.943,crew_veh_h,MX2,unchanged,unchanged
coupled-turn time (s),jiang_short_baseline,power_0.72,7.943,crew_team_h,MX2,unchanged,unchanged
coupled-turn time (s),jiang_short_baseline,power_0.72,7.943,shift_ot_h,MX2,unchanged,unchanged
coupled-turn time (s),jiang_short_baseline,power_0.72,9.912,shift_h,MX2,unchanged,unchanged
coupled-turn time (s),jiang_short_baseline,power_0.72,9.912,crew_veh_h,MX2,unchanged,unchanged
coupled-turn time (s),jiang_short_baseline,power_0.72,9.912,crew_team_h,MX2,unchanged,unchanged
coupled-turn time (s),jiang_short_baseline,power_0.72,9.912,shift_ot_h,MX2,unchanged,unchanged
coupled-turn time (s),jiang_short_baseline,power_0.72,12.369,shift_h,MX2,unchanged,unchanged
coupled-turn time (s),jiang_short_baseline,power_0.72,12.369,crew_veh_h,MX2,unchanged,unchanged
coupled-turn time (s),jiang_short_baseline,power_0.72,12.369,crew_team_h,MX2,unchanged,unchanged
coupled-turn time (s),jiang_short_baseline,power_0.72,12.369,shift_ot_h,MX2,unchanged,unchanged
coupled-turn time (s),jiang_short_baseline,power_0.72,15.436,shift_h,MX2,unchanged,unchanged
coupled-turn time (s),jiang_short_baseline,power_0.72,15.436,crew_veh_h,MX2,unchanged,unchanged
coupled-turn time (s),jiang_short_baseline,power_0.72,15.436,crew_team_h,MX2,unchanged,unchanged
coupled-turn time (s),jiang_short_baseline,power_0.72,15.436,shift_ot_h,MX2,unchanged,unchanged
coupled-turn time (s),jiang_short_baseline,power_0.72,19.263,shift_h,MX2,unchanged,unchanged
coupled-turn time (s),jiang_short_baseline,power_0.72,19.263,crew_veh_h,MX2,unchanged,unchanged
coupled-turn time (s),jiang_short_baseline,power_0.72,19.263,crew_team_h,MX2,unchanged,unchanged
coupled-turn time (s),jiang_short_baseline,power_0.72,19.263,shift_ot_h,MX2,unchanged,unchanged
coupled-turn time (s),jiang_short_baseline,power_0.72,24.04,shift_h,MX2,unchanged,unchanged
coupled-turn time (s),jiang_short_baseline,power_0.72,24.04,crew_veh_h,MX2,unchanged,unchanged
coupled-turn time (s),jiang_short_baseline,power_0.72,24.04,crew_team_h,MX2,unchanged,unchanged
coupled-turn time (s),jiang_short_baseline,power_0.72,24.04,shift_ot_h,MX2,unchanged,unchanged
coupled-turn time (s),jiang_short_baseline,power_0.72,30.0,shift_h,MX2,unchanged,unchanged
coupled-turn time (s),jiang_short_baseline,power_0.72,30.0,crew_veh_h,MX2,unchanged,unchanged
coupled-turn time (s),jiang_short_baseline,power_0.72,30.0,crew_team_h,MX2,unchanged,unchanged
coupled-turn time (s),jiang_short_baseline,power_0.72,30.0,shift_ot_h,MX2,unchanged,unchanged
coupled-turn time (s),jiang_massdep_baseline,power_0.72,5.1,shift_h,550,unchanged,unchanged
coupled-turn time (s),jiang_massdep_baseline,power_0.72,5.1,crew_veh_h,550,unchanged,unchanged
coupled-turn time (s),jiang_massdep_baseline,power_0.72,5.1,crew_team_h,550,unchanged,unchanged
coupled-turn time (s),jiang_massdep_baseline,power_0.72,5.1,shift_ot_h,550,unchanged,unchanged
coupled-turn time (s),jiang_massdep_baseline,power_0.72,6.364,shift_h,550,unchanged,unchanged
coupled-turn time (s),jiang_massdep_baseline,power_0.72,6.364,crew_veh_h,550,unchanged,unchanged
coupled-turn time (s),jiang_massdep_baseline,power_0.72,6.364,crew_team_h,MX2,unchanged,between 0 and 30 -> 380 (search-dependent)
coupled-turn time (s),jiang_massdep_baseline,power_0.72,6.364,shift_ot_h,550,unchanged,unchanged
coupled-turn time (s),jiang_massdep_baseline,power_0.72,7.943,shift_h,550,unchanged,unchanged
coupled-turn time (s),jiang_massdep_baseline,power_0.72,7.943,crew_veh_h,550,unchanged,unchanged
coupled-turn time (s),jiang_massdep_baseline,power_0.72,7.943,crew_team_h,MX2,unchanged,unchanged
coupled-turn time (s),jiang_massdep_baseline,power_0.72,7.943,shift_ot_h,550,unchanged,unchanged
coupled-turn time (s),jiang_massdep_baseline,power_0.72,9.912,shift_h,550,unchanged,unchanged
coupled-turn time (s),jiang_massdep_baseline,power_0.72,9.912,crew_veh_h,550,unchanged,unchanged
coupled-turn time (s),jiang_massdep_baseline,power_0.72,9.912,crew_team_h,MX2,unchanged,unchanged
coupled-turn time (s),jiang_massdep_baseline,power_0.72,9.912,shift_ot_h,550,unchanged,unchanged
coupled-turn time (s),jiang_massdep_baseline,power_0.72,12.369,shift_h,550,unchanged,unchanged
coupled-turn time (s),jiang_massdep_baseline,power_0.72,12.369,crew_veh_h,550,unchanged,unchanged
coupled-turn time (s),jiang_massdep_baseline,power_0.72,12.369,crew_team_h,MX2,unchanged,unchanged
coupled-turn time (s),jiang_massdep_baseline,power_0.72,12.369,shift_ot_h,550,unchanged,unchanged
coupled-turn time (s),jiang_massdep_baseline,power_0.72,15.436,shift_h,550,unchanged,unchanged
coupled-turn time (s),jiang_massdep_baseline,power_0.72,15.436,crew_veh_h,MX2,unchanged,unchanged
coupled-turn time (s),jiang_massdep_baseline,power_0.72,15.436,crew_team_h,MX2,unchanged,unchanged
coupled-turn time (s),jiang_massdep_baseline,power_0.72,15.436,shift_ot_h,550,unchanged,unchanged
coupled-turn time (s),jiang_massdep_baseline,power_0.72,19.263,shift_h,550,unchanged,unchanged
coupled-turn time (s),jiang_massdep_baseline,power_0.72,19.263,crew_veh_h,MX2,unchanged,unchanged
coupled-turn time (s),jiang_massdep_baseline,power_0.72,19.263,crew_team_h,MX2,unchanged,unchanged
coupled-turn time (s),jiang_massdep_baseline,power_0.72,19.263,shift_ot_h,550,unchanged,unchanged
coupled-turn time (s),jiang_massdep_baseline,power_0.72,24.04,shift_h,550,unchanged,unchanged
coupled-turn time (s),jiang_massdep_baseline,power_0.72,24.04,crew_veh_h,MX2,unchanged,unchanged
coupled-turn time (s),jiang_massdep_baseline,power_0.72,24.04,crew_team_h,MX2,unchanged,unchanged
coupled-turn time (s),jiang_massdep_baseline,power_0.72,24.04,shift_ot_h,550,unchanged,unchanged
coupled-turn time (s),jiang_massdep_baseline,power_0.72,30.0,shift_h,MX2,unchanged,unchanged
coupled-turn time (s),jiang_massdep_baseline,power_0.72,30.0,crew_veh_h,MX2,unchanged,unchanged
coupled-turn time (s),jiang_massdep_baseline,power_0.72,30.0,crew_team_h,MX2,unchanged,unchanged
coupled-turn time (s),jiang_massdep_baseline,power_0.72,30.0,shift_ot_h,550,unchanged,between 0 and 30 -> MX2 (search-dependent)
coupled-turn time (s),rohcha_short_baseline,power_0.72,5.1,shift_h,550,unchanged,unchanged
coupled-turn time (s),rohcha_short_baseline,power_0.72,5.1,crew_veh_h,550,unchanged,unchanged
coupled-turn time (s),rohcha_short_baseline,power_0.72,5.1,crew_team_h,550,unchanged,unchanged
coupled-turn time (s),rohcha_short_baseline,power_0.72,5.1,shift_ot_h,550,unchanged,unchanged
coupled-turn time (s),rohcha_short_baseline,power_0.72,6.364,shift_h,550,unchanged,unchanged
coupled-turn time (s),rohcha_short_baseline,power_0.72,6.364,crew_veh_h,550,unchanged,unchanged
coupled-turn time (s),rohcha_short_baseline,power_0.72,6.364,crew_team_h,550,unchanged,unchanged
coupled-turn time (s),rohcha_short_baseline,power_0.72,6.364,shift_ot_h,550,unchanged,unchanged
coupled-turn time (s),rohcha_short_baseline,power_0.72,7.943,shift_h,550,unchanged,unchanged
coupled-turn time (s),rohcha_short_baseline,power_0.72,7.943,crew_veh_h,550,unchanged,unchanged
coupled-turn time (s),rohcha_short_baseline,power_0.72,7.943,crew_team_h,550,unchanged,unchanged
coupled-turn time (s),rohcha_short_baseline,power_0.72,7.943,shift_ot_h,550,unchanged,unchanged
coupled-turn time (s),rohcha_short_baseline,power_0.72,9.912,shift_h,550,unchanged,unchanged
coupled-turn time (s),rohcha_short_baseline,power_0.72,9.912,crew_veh_h,550,unchanged,unchanged
coupled-turn time (s),rohcha_short_baseline,power_0.72,9.912,crew_team_h,550,unchanged,unchanged
coupled-turn time (s),rohcha_short_baseline,power_0.72,9.912,shift_ot_h,550,unchanged,unchanged
coupled-turn time (s),rohcha_short_baseline,power_0.72,12.369,shift_h,550,unchanged,unchanged
coupled-turn time (s),rohcha_short_baseline,power_0.72,12.369,crew_veh_h,550,unchanged,unchanged
coupled-turn time (s),rohcha_short_baseline,power_0.72,12.369,crew_team_h,550,unchanged,unchanged
coupled-turn time (s),rohcha_short_baseline,power_0.72,12.369,shift_ot_h,550,unchanged,unchanged
coupled-turn time (s),rohcha_short_baseline,power_0.72,15.436,shift_h,550,unchanged,unchanged
coupled-turn time (s),rohcha_short_baseline,power_0.72,15.436,crew_veh_h,550,unchanged,unchanged
coupled-turn time (s),rohcha_short_baseline,power_0.72,15.436,crew_team_h,550,unchanged,unchanged
coupled-turn time (s),rohcha_short_baseline,power_0.72,15.436,shift_ot_h,550,unchanged,unchanged
coupled-turn time (s),rohcha_short_baseline,power_0.72,19.263,shift_h,550,unchanged,unchanged
coupled-turn time (s),rohcha_short_baseline,power_0.72,19.263,crew_veh_h,550,unchanged,unchanged
coupled-turn time (s),rohcha_short_baseline,power_0.72,19.263,crew_team_h,550,unchanged,unchanged
coupled-turn time (s),rohcha_short_baseline,power_0.72,19.263,shift_ot_h,550,unchanged,unchanged
coupled-turn time (s),rohcha_short_baseline,power_0.72,24.04,shift_h,550,unchanged,unchanged
coupled-turn time (s),rohcha_short_baseline,power_0.72,24.04,crew_veh_h,550,unchanged,unchanged
coupled-turn time (s),rohcha_short_baseline,power_0.72,24.04,crew_team_h,550,unchanged,unchanged
coupled-turn time (s),rohcha_short_baseline,power_0.72,24.04,shift_ot_h,550,unchanged,unchanged
coupled-turn time (s),rohcha_short_baseline,power_0.72,30.0,shift_h,550,unchanged,unchanged
coupled-turn time (s),rohcha_short_baseline,power_0.72,30.0,crew_veh_h,550,unchanged,unchanged
coupled-turn time (s),rohcha_short_baseline,power_0.72,30.0,crew_team_h,550,unchanged,unchanged
coupled-turn time (s),rohcha_short_baseline,power_0.72,30.0,shift_ot_h,550,unchanged,unchanged
coupled-turn time (s),rohcha_massdep_baseline,power_0.72,5.1,shift_h,550,unchanged,unchanged
coupled-turn time (s),rohcha_massdep_baseline,power_0.72,5.1,crew_veh_h,550,unchanged,unchanged
coupled-turn time (s),rohcha_massdep_baseline,power_0.72,5.1,crew_team_h,550,unchanged,unchanged
coupled-turn time (s),rohcha_massdep_baseline,power_0.72,5.1,shift_ot_h,550,unchanged,unchanged
coupled-turn time (s),rohcha_massdep_baseline,power_0.72,6.364,shift_h,550,unchanged,unchanged
coupled-turn time (s),rohcha_massdep_baseline,power_0.72,6.364,crew_veh_h,550,unchanged,unchanged
coupled-turn time (s),rohcha_massdep_baseline,power_0.72,6.364,crew_team_h,550,unchanged,unchanged
coupled-turn time (s),rohcha_massdep_baseline,power_0.72,6.364,shift_ot_h,550,unchanged,unchanged
coupled-turn time (s),rohcha_massdep_baseline,power_0.72,7.943,shift_h,550,unchanged,unchanged
coupled-turn time (s),rohcha_massdep_baseline,power_0.72,7.943,crew_veh_h,550,unchanged,unchanged
coupled-turn time (s),rohcha_massdep_baseline,power_0.72,7.943,crew_team_h,550,unchanged,unchanged
coupled-turn time (s),rohcha_massdep_baseline,power_0.72,7.943,shift_ot_h,550,unchanged,unchanged
coupled-turn time (s),rohcha_massdep_baseline,power_0.72,9.912,shift_h,550,unchanged,unchanged
coupled-turn time (s),rohcha_massdep_baseline,power_0.72,9.912,crew_veh_h,550,unchanged,unchanged
coupled-turn time (s),rohcha_massdep_baseline,power_0.72,9.912,crew_team_h,550,unchanged,unchanged
coupled-turn time (s),rohcha_massdep_baseline,power_0.72,9.912,shift_ot_h,550,unchanged,unchanged
coupled-turn time (s),rohcha_massdep_baseline,power_0.72,12.369,shift_h,550,unchanged,unchanged
coupled-turn time (s),rohcha_massdep_baseline,power_0.72,12.369,crew_veh_h,550,unchanged,unchanged
coupled-turn time (s),rohcha_massdep_baseline,power_0.72,12.369,crew_team_h,550,unchanged,unchanged
coupled-turn time (s),rohcha_massdep_baseline,power_0.72,12.369,shift_ot_h,550,unchanged,unchanged
coupled-turn time (s),rohcha_massdep_baseline,power_0.72,15.436,shift_h,550,unchanged,unchanged
coupled-turn time (s),rohcha_massdep_baseline,power_0.72,15.436,crew_veh_h,550,unchanged,unchanged
coupled-turn time (s),rohcha_massdep_baseline,power_0.72,15.436,crew_team_h,550,unchanged,unchanged
coupled-turn time (s),rohcha_massdep_baseline,power_0.72,15.436,shift_ot_h,550,unchanged,unchanged
coupled-turn time (s),rohcha_massdep_baseline,power_0.72,19.263,shift_h,550,unchanged,unchanged
coupled-turn time (s),rohcha_massdep_baseline,power_0.72,19.263,crew_veh_h,550,unchanged,unchanged
coupled-turn time (s),rohcha_massdep_baseline,power_0.72,19.263,crew_team_h,550,unchanged,unchanged
coupled-turn time (s),rohcha_massdep_baseline,power_0.72,19.263,shift_ot_h,550,unchanged,unchanged
coupled-turn time (s),rohcha_massdep_baseline,power_0.72,24.04,shift_h,550,unchanged,unchanged
coupled-turn time (s),rohcha_massdep_baseline,power_0.72,24.04,crew_veh_h,550,unchanged,unchanged
coupled-turn time (s),rohcha_massdep_baseline,power_0.72,24.04,crew_team_h,550,unchanged,unchanged
coupled-turn time (s),rohcha_massdep_baseline,power_0.72,24.04,shift_ot_h,550,unchanged,unchanged
coupled-turn time (s),rohcha_massdep_baseline,power_0.72,30.0,shift_h,550,unchanged,unchanged
coupled-turn time (s),rohcha_massdep_baseline,power_0.72,30.0,crew_veh_h,550,unchanged,unchanged
coupled-turn time (s),rohcha_massdep_baseline,power_0.72,30.0,crew_team_h,550,unchanged,unchanged
coupled-turn time (s),rohcha_massdep_baseline,power_0.72,30.0,shift_ot_h,550,unchanged,unchanged
coupled-turn time (s),jiang_short_baseline,power_0.84,5.1,shift_h,MX2,unchanged,unchanged
coupled-turn time (s),jiang_short_baseline,power_0.84,5.1,crew_veh_h,MX2,unchanged,unchanged
coupled-turn time (s),jiang_short_baseline,power_0.84,5.1,crew_team_h,MX2,unchanged,unchanged
coupled-turn time (s),jiang_short_baseline,power_0.84,5.1,shift_ot_h,MX2,unchanged,unchanged
coupled-turn time (s),jiang_short_baseline,power_0.84,6.364,shift_h,MX2,unchanged,unchanged
coupled-turn time (s),jiang_short_baseline,power_0.84,6.364,crew_veh_h,MX2,unchanged,unchanged
coupled-turn time (s),jiang_short_baseline,power_0.84,6.364,crew_team_h,MX2,unchanged,unchanged
coupled-turn time (s),jiang_short_baseline,power_0.84,6.364,shift_ot_h,MX2,unchanged,unchanged
coupled-turn time (s),jiang_short_baseline,power_0.84,7.943,shift_h,MX2,unchanged,unchanged
coupled-turn time (s),jiang_short_baseline,power_0.84,7.943,crew_veh_h,MX2,unchanged,unchanged
coupled-turn time (s),jiang_short_baseline,power_0.84,7.943,crew_team_h,MX2,unchanged,unchanged
coupled-turn time (s),jiang_short_baseline,power_0.84,7.943,shift_ot_h,MX2,unchanged,unchanged
coupled-turn time (s),jiang_short_baseline,power_0.84,9.912,shift_h,MX2,unchanged,unchanged
coupled-turn time (s),jiang_short_baseline,power_0.84,9.912,crew_veh_h,MX2,unchanged,unchanged
coupled-turn time (s),jiang_short_baseline,power_0.84,9.912,crew_team_h,MX2,unchanged,unchanged
coupled-turn time (s),jiang_short_baseline,power_0.84,9.912,shift_ot_h,MX2,unchanged,unchanged
coupled-turn time (s),jiang_short_baseline,power_0.84,12.369,shift_h,MX2,unchanged,unchanged
coupled-turn time (s),jiang_short_baseline,power_0.84,12.369,crew_veh_h,MX2,unchanged,unchanged
coupled-turn time (s),jiang_short_baseline,power_0.84,12.369,crew_team_h,MX2,unchanged,unchanged
coupled-turn time (s),jiang_short_baseline,power_0.84,12.369,shift_ot_h,MX2,unchanged,unchanged
coupled-turn time (s),jiang_short_baseline,power_0.84,15.436,shift_h,MX2,unchanged,unchanged
coupled-turn time (s),jiang_short_baseline,power_0.84,15.436,crew_veh_h,MX2,unchanged,unchanged
coupled-turn time (s),jiang_short_baseline,power_0.84,15.436,crew_team_h,MX2,unchanged,unchanged
coupled-turn time (s),jiang_short_baseline,power_0.84,15.436,shift_ot_h,MX2,unchanged,unchanged
coupled-turn time (s),jiang_short_baseline,power_0.84,19.263,shift_h,MX2,unchanged,unchanged
coupled-turn time (s),jiang_short_baseline,power_0.84,19.263,crew_veh_h,MX2,unchanged,unchanged
coupled-turn time (s),jiang_short_baseline,power_0.84,19.263,crew_team_h,MX2,unchanged,unchanged
coupled-turn time (s),jiang_short_baseline,power_0.84,19.263,shift_ot_h,MX2,unchanged,unchanged
coupled-turn time (s),jiang_short_baseline,power_0.84,24.04,shift_h,MX2,unchanged,unchanged
coupled-turn time (s),jiang_short_baseline,power_0.84,24.04,crew_veh_h,MX2,unchanged,unchanged
coupled-turn time (s),jiang_short_baseline,power_0.84,24.04,crew_team_h,MX2,unchanged,unchanged
coupled-turn time (s),jiang_short_baseline,power_0.84,24.04,shift_ot_h,MX2,unchanged,unchanged
coupled-turn time (s),jiang_short_baseline,power_0.84,30.0,shift_h,MX2,unchanged,unchanged
coupled-turn time (s),jiang_short_baseline,power_0.84,30.0,crew_veh_h,MX2,unchanged,unchanged
coupled-turn time (s),jiang_short_baseline,power_0.84,30.0,crew_team_h,MX2,unchanged,unchanged
coupled-turn time (s),jiang_short_baseline,power_0.84,30.0,shift_ot_h,MX2,unchanged,unchanged
coupled-turn time (s),jiang_massdep_baseline,power_0.84,5.1,shift_h,550,unchanged,unchanged
coupled-turn time (s),jiang_massdep_baseline,power_0.84,5.1,crew_veh_h,550,unchanged,unchanged
coupled-turn time (s),jiang_massdep_baseline,power_0.84,5.1,crew_team_h,380,unchanged,unchanged
coupled-turn time (s),jiang_massdep_baseline,power_0.84,5.1,shift_ot_h,550,unchanged,unchanged
coupled-turn time (s),jiang_massdep_baseline,power_0.84,6.364,shift_h,550,unchanged,unchanged
coupled-turn time (s),jiang_massdep_baseline,power_0.84,6.364,crew_veh_h,550,unchanged,unchanged
coupled-turn time (s),jiang_massdep_baseline,power_0.84,6.364,crew_team_h,MX2,unchanged,unchanged
coupled-turn time (s),jiang_massdep_baseline,power_0.84,6.364,shift_ot_h,550,unchanged,unchanged
coupled-turn time (s),jiang_massdep_baseline,power_0.84,7.943,shift_h,550,unchanged,unchanged
coupled-turn time (s),jiang_massdep_baseline,power_0.84,7.943,crew_veh_h,550,unchanged,unchanged
coupled-turn time (s),jiang_massdep_baseline,power_0.84,7.943,crew_team_h,MX2,unchanged,unchanged
coupled-turn time (s),jiang_massdep_baseline,power_0.84,7.943,shift_ot_h,550,unchanged,unchanged
coupled-turn time (s),jiang_massdep_baseline,power_0.84,9.912,shift_h,550,unchanged,unchanged
coupled-turn time (s),jiang_massdep_baseline,power_0.84,9.912,crew_veh_h,550,unchanged,unchanged
coupled-turn time (s),jiang_massdep_baseline,power_0.84,9.912,crew_team_h,MX2,unchanged,unchanged
coupled-turn time (s),jiang_massdep_baseline,power_0.84,9.912,shift_ot_h,550,unchanged,unchanged
coupled-turn time (s),jiang_massdep_baseline,power_0.84,12.369,shift_h,550,unchanged,unchanged
coupled-turn time (s),jiang_massdep_baseline,power_0.84,12.369,crew_veh_h,MX2,unchanged,unchanged
coupled-turn time (s),jiang_massdep_baseline,power_0.84,12.369,crew_team_h,MX2,unchanged,unchanged
coupled-turn time (s),jiang_massdep_baseline,power_0.84,12.369,shift_ot_h,550,unchanged,unchanged
coupled-turn time (s),jiang_massdep_baseline,power_0.84,15.436,shift_h,550,unchanged,unchanged
coupled-turn time (s),jiang_massdep_baseline,power_0.84,15.436,crew_veh_h,MX2,unchanged,unchanged
coupled-turn time (s),jiang_massdep_baseline,power_0.84,15.436,crew_team_h,MX2,unchanged,unchanged
coupled-turn time (s),jiang_massdep_baseline,power_0.84,15.436,shift_ot_h,550,unchanged,unchanged
coupled-turn time (s),jiang_massdep_baseline,power_0.84,19.263,shift_h,MX2,unchanged,unchanged
coupled-turn time (s),jiang_massdep_baseline,power_0.84,19.263,crew_veh_h,MX2,unchanged,unchanged
coupled-turn time (s),jiang_massdep_baseline,power_0.84,19.263,crew_team_h,MX2,unchanged,unchanged
coupled-turn time (s),jiang_massdep_baseline,power_0.84,19.263,shift_ot_h,550,unchanged,unchanged
coupled-turn time (s),jiang_massdep_baseline,power_0.84,24.04,shift_h,MX2,unchanged,unchanged
coupled-turn time (s),jiang_massdep_baseline,power_0.84,24.04,crew_veh_h,MX2,unchanged,unchanged
coupled-turn time (s),jiang_massdep_baseline,power_0.84,24.04,crew_team_h,MX2,unchanged,unchanged
coupled-turn time (s),jiang_massdep_baseline,power_0.84,24.04,shift_ot_h,MX2,unchanged,unchanged
coupled-turn time (s),jiang_massdep_baseline,power_0.84,30.0,shift_h,MX2,unchanged,unchanged
coupled-turn time (s),jiang_massdep_baseline,power_0.84,30.0,crew_veh_h,MX2,unchanged,unchanged
coupled-turn time (s),jiang_massdep_baseline,power_0.84,30.0,crew_team_h,MX2,unchanged,unchanged
coupled-turn time (s),jiang_massdep_baseline,power_0.84,30.0,shift_ot_h,MX2,unchanged,unchanged
coupled-turn time (s),rohcha_short_baseline,power_0.84,5.1,shift_h,550,unchanged,unchanged
coupled-turn time (s),rohcha_short_baseline,power_0.84,5.1,crew_veh_h,550,unchanged,unchanged
coupled-turn time (s),rohcha_short_baseline,power_0.84,5.1,crew_team_h,550,unchanged,unchanged
coupled-turn time (s),rohcha_short_baseline,power_0.84,5.1,shift_ot_h,550,unchanged,unchanged
coupled-turn time (s),rohcha_short_baseline,power_0.84,6.364,shift_h,550,unchanged,unchanged
coupled-turn time (s),rohcha_short_baseline,power_0.84,6.364,crew_veh_h,550,unchanged,unchanged
coupled-turn time (s),rohcha_short_baseline,power_0.84,6.364,crew_team_h,550,unchanged,unchanged
coupled-turn time (s),rohcha_short_baseline,power_0.84,6.364,shift_ot_h,550,unchanged,unchanged
coupled-turn time (s),rohcha_short_baseline,power_0.84,7.943,shift_h,550,unchanged,unchanged
coupled-turn time (s),rohcha_short_baseline,power_0.84,7.943,crew_veh_h,550,unchanged,unchanged
coupled-turn time (s),rohcha_short_baseline,power_0.84,7.943,crew_team_h,550,unchanged,unchanged
coupled-turn time (s),rohcha_short_baseline,power_0.84,7.943,shift_ot_h,550,unchanged,unchanged
coupled-turn time (s),rohcha_short_baseline,power_0.84,9.912,shift_h,550,unchanged,unchanged
coupled-turn time (s),rohcha_short_baseline,power_0.84,9.912,crew_veh_h,550,unchanged,unchanged
coupled-turn time (s),rohcha_short_baseline,power_0.84,9.912,crew_team_h,550,unchanged,unchanged
coupled-turn time (s),rohcha_short_baseline,power_0.84,9.912,shift_ot_h,550,unchanged,unchanged
coupled-turn time (s),rohcha_short_baseline,power_0.84,12.369,shift_h,550,unchanged,unchanged
coupled-turn time (s),rohcha_short_baseline,power_0.84,12.369,crew_veh_h,550,unchanged,unchanged
coupled-turn time (s),rohcha_short_baseline,power_0.84,12.369,crew_team_h,550,unchanged,unchanged
coupled-turn time (s),rohcha_short_baseline,power_0.84,12.369,shift_ot_h,550,unchanged,unchanged
coupled-turn time (s),rohcha_short_baseline,power_0.84,15.436,shift_h,550,unchanged,unchanged
coupled-turn time (s),rohcha_short_baseline,power_0.84,15.436,crew_veh_h,550,unchanged,unchanged
coupled-turn time (s),rohcha_short_baseline,power_0.84,15.436,crew_team_h,550,unchanged,unchanged
coupled-turn time (s),rohcha_short_baseline,power_0.84,15.436,shift_ot_h,550,unchanged,unchanged
coupled-turn time (s),rohcha_short_baseline,power_0.84,19.263,shift_h,550,unchanged,unchanged
coupled-turn time (s),rohcha_short_baseline,power_0.84,19.263,crew_veh_h,550,unchanged,unchanged
coupled-turn time (s),rohcha_short_baseline,power_0.84,19.263,crew_team_h,550,unchanged,unchanged
coupled-turn time (s),rohcha_short_baseline,power_0.84,19.263,shift_ot_h,550,unchanged,unchanged
coupled-turn time (s),rohcha_short_baseline,power_0.84,24.04,shift_h,550,unchanged,unchanged
coupled-turn time (s),rohcha_short_baseline,power_0.84,24.04,crew_veh_h,550,unchanged,unchanged
coupled-turn time (s),rohcha_short_baseline,power_0.84,24.04,crew_team_h,550,unchanged,unchanged
coupled-turn time (s),rohcha_short_baseline,power_0.84,24.04,shift_ot_h,550,unchanged,unchanged
coupled-turn time (s),rohcha_short_baseline,power_0.84,30.0,shift_h,550,unchanged,unchanged
coupled-turn time (s),rohcha_short_baseline,power_0.84,30.0,crew_veh_h,550,unchanged,unchanged
coupled-turn time (s),rohcha_short_baseline,power_0.84,30.0,crew_team_h,550,unchanged,unchanged
coupled-turn time (s),rohcha_short_baseline,power_0.84,30.0,shift_ot_h,550,unchanged,unchanged
coupled-turn time (s),rohcha_massdep_baseline,power_0.84,5.1,shift_h,550,unchanged,unchanged
coupled-turn time (s),rohcha_massdep_baseline,power_0.84,5.1,crew_veh_h,550,unchanged,unchanged
coupled-turn time (s),rohcha_massdep_baseline,power_0.84,5.1,crew_team_h,550,unchanged,unchanged
coupled-turn time (s),rohcha_massdep_baseline,power_0.84,5.1,shift_ot_h,550,unchanged,unchanged
coupled-turn time (s),rohcha_massdep_baseline,power_0.84,6.364,shift_h,550,unchanged,unchanged
coupled-turn time (s),rohcha_massdep_baseline,power_0.84,6.364,crew_veh_h,550,unchanged,unchanged
coupled-turn time (s),rohcha_massdep_baseline,power_0.84,6.364,crew_team_h,550,unchanged,unchanged
coupled-turn time (s),rohcha_massdep_baseline,power_0.84,6.364,shift_ot_h,550,unchanged,unchanged
coupled-turn time (s),rohcha_massdep_baseline,power_0.84,7.943,shift_h,550,unchanged,unchanged
coupled-turn time (s),rohcha_massdep_baseline,power_0.84,7.943,crew_veh_h,550,unchanged,unchanged
coupled-turn time (s),rohcha_massdep_baseline,power_0.84,7.943,crew_team_h,550,unchanged,unchanged
coupled-turn time (s),rohcha_massdep_baseline,power_0.84,7.943,shift_ot_h,550,unchanged,unchanged
coupled-turn time (s),rohcha_massdep_baseline,power_0.84,9.912,shift_h,550,unchanged,unchanged
coupled-turn time (s),rohcha_massdep_baseline,power_0.84,9.912,crew_veh_h,550,unchanged,unchanged
coupled-turn time (s),rohcha_massdep_baseline,power_0.84,9.912,crew_team_h,550,unchanged,unchanged
coupled-turn time (s),rohcha_massdep_baseline,power_0.84,9.912,shift_ot_h,550,unchanged,unchanged
coupled-turn time (s),rohcha_massdep_baseline,power_0.84,12.369,shift_h,550,unchanged,unchanged
coupled-turn time (s),rohcha_massdep_baseline,power_0.84,12.369,crew_veh_h,550,unchanged,unchanged
coupled-turn time (s),rohcha_massdep_baseline,power_0.84,12.369,crew_team_h,550,unchanged,unchanged
coupled-turn time (s),rohcha_massdep_baseline,power_0.84,12.369,shift_ot_h,550,unchanged,unchanged
coupled-turn time (s),rohcha_massdep_baseline,power_0.84,15.436,shift_h,550,unchanged,unchanged
coupled-turn time (s),rohcha_massdep_baseline,power_0.84,15.436,crew_veh_h,550,unchanged,unchanged
coupled-turn time (s),rohcha_massdep_baseline,power_0.84,15.436,crew_team_h,550,unchanged,unchanged
coupled-turn time (s),rohcha_massdep_baseline,power_0.84,15.436,shift_ot_h,550,unchanged,unchanged
coupled-turn time (s),rohcha_massdep_baseline,power_0.84,19.263,shift_h,550,unchanged,unchanged
coupled-turn time (s),rohcha_massdep_baseline,power_0.84,19.263,crew_veh_h,550,unchanged,unchanged
coupled-turn time (s),rohcha_massdep_baseline,power_0.84,19.263,crew_team_h,550,unchanged,unchanged
coupled-turn time (s),rohcha_massdep_baseline,power_0.84,19.263,shift_ot_h,550,unchanged,unchanged
coupled-turn time (s),rohcha_massdep_baseline,power_0.84,24.04,shift_h,550,unchanged,unchanged
coupled-turn time (s),rohcha_massdep_baseline,power_0.84,24.04,crew_veh_h,550,unchanged,unchanged
coupled-turn time (s),rohcha_massdep_baseline,power_0.84,24.04,crew_team_h,550,unchanged,unchanged
coupled-turn time (s),rohcha_massdep_baseline,power_0.84,24.04,shift_ot_h,550,unchanged,unchanged
coupled-turn time (s),rohcha_massdep_baseline,power_0.84,30.0,shift_h,550,unchanged,unchanged
coupled-turn time (s),rohcha_massdep_baseline,power_0.84,30.0,crew_veh_h,550,unchanged,unchanged
coupled-turn time (s),rohcha_massdep_baseline,power_0.84,30.0,crew_team_h,550,unchanged,unchanged
coupled-turn time (s),rohcha_massdep_baseline,power_0.84,30.0,shift_ot_h,550,unchanged,unchanged
coupled-turn time (s),jiang_short_baseline,power_0.96,5.1,shift_h,MX2,unchanged,unchanged
coupled-turn time (s),jiang_short_baseline,power_0.96,5.1,crew_veh_h,MX2,unchanged,unchanged
coupled-turn time (s),jiang_short_baseline,power_0.96,5.1,crew_team_h,MX2,unchanged,unchanged
coupled-turn time (s),jiang_short_baseline,power_0.96,5.1,shift_ot_h,MX2,unchanged,unchanged
coupled-turn time (s),jiang_short_baseline,power_0.96,6.364,shift_h,MX2,unchanged,unchanged
coupled-turn time (s),jiang_short_baseline,power_0.96,6.364,crew_veh_h,MX2,unchanged,unchanged
coupled-turn time (s),jiang_short_baseline,power_0.96,6.364,crew_team_h,MX2,unchanged,unchanged
coupled-turn time (s),jiang_short_baseline,power_0.96,6.364,shift_ot_h,MX2,unchanged,unchanged
coupled-turn time (s),jiang_short_baseline,power_0.96,7.943,shift_h,MX2,unchanged,unchanged
coupled-turn time (s),jiang_short_baseline,power_0.96,7.943,crew_veh_h,MX2,unchanged,unchanged
coupled-turn time (s),jiang_short_baseline,power_0.96,7.943,crew_team_h,MX2,unchanged,unchanged
coupled-turn time (s),jiang_short_baseline,power_0.96,7.943,shift_ot_h,MX2,unchanged,unchanged
coupled-turn time (s),jiang_short_baseline,power_0.96,9.912,shift_h,MX2,unchanged,unchanged
coupled-turn time (s),jiang_short_baseline,power_0.96,9.912,crew_veh_h,MX2,unchanged,unchanged
coupled-turn time (s),jiang_short_baseline,power_0.96,9.912,crew_team_h,MX2,unchanged,unchanged
coupled-turn time (s),jiang_short_baseline,power_0.96,9.912,shift_ot_h,MX2,unchanged,unchanged
coupled-turn time (s),jiang_short_baseline,power_0.96,12.369,shift_h,MX2,unchanged,unchanged
coupled-turn time (s),jiang_short_baseline,power_0.96,12.369,crew_veh_h,MX2,unchanged,unchanged
coupled-turn time (s),jiang_short_baseline,power_0.96,12.369,crew_team_h,MX2,unchanged,unchanged
coupled-turn time (s),jiang_short_baseline,power_0.96,12.369,shift_ot_h,MX2,unchanged,unchanged
coupled-turn time (s),jiang_short_baseline,power_0.96,15.436,shift_h,MX2,unchanged,unchanged
coupled-turn time (s),jiang_short_baseline,power_0.96,15.436,crew_veh_h,MX2,unchanged,unchanged
coupled-turn time (s),jiang_short_baseline,power_0.96,15.436,crew_team_h,MX2,unchanged,unchanged
coupled-turn time (s),jiang_short_baseline,power_0.96,15.436,shift_ot_h,MX2,unchanged,unchanged
coupled-turn time (s),jiang_short_baseline,power_0.96,19.263,shift_h,MX2,unchanged,unchanged
coupled-turn time (s),jiang_short_baseline,power_0.96,19.263,crew_veh_h,MX2,unchanged,unchanged
coupled-turn time (s),jiang_short_baseline,power_0.96,19.263,crew_team_h,MX2,unchanged,unchanged
coupled-turn time (s),jiang_short_baseline,power_0.96,19.263,shift_ot_h,MX2,unchanged,unchanged
coupled-turn time (s),jiang_short_baseline,power_0.96,24.04,shift_h,MX2,unchanged,unchanged
coupled-turn time (s),jiang_short_baseline,power_0.96,24.04,crew_veh_h,MX2,unchanged,unchanged
coupled-turn time (s),jiang_short_baseline,power_0.96,24.04,crew_team_h,MX2,unchanged,unchanged
coupled-turn time (s),jiang_short_baseline,power_0.96,24.04,shift_ot_h,MX2,unchanged,unchanged
coupled-turn time (s),jiang_short_baseline,power_0.96,30.0,shift_h,MX2,unchanged,unchanged
coupled-turn time (s),jiang_short_baseline,power_0.96,30.0,crew_veh_h,MX2,unchanged,unchanged
coupled-turn time (s),jiang_short_baseline,power_0.96,30.0,crew_team_h,MX2,unchanged,unchanged
coupled-turn time (s),jiang_short_baseline,power_0.96,30.0,shift_ot_h,MX2,unchanged,unchanged
coupled-turn time (s),jiang_massdep_baseline,power_0.96,5.1,shift_h,550,unchanged,unchanged
coupled-turn time (s),jiang_massdep_baseline,power_0.96,5.1,crew_veh_h,550,unchanged,unchanged
coupled-turn time (s),jiang_massdep_baseline,power_0.96,5.1,crew_team_h,MX2,unchanged,unchanged
coupled-turn time (s),jiang_massdep_baseline,power_0.96,5.1,shift_ot_h,550,unchanged,unchanged
coupled-turn time (s),jiang_massdep_baseline,power_0.96,6.364,shift_h,550,unchanged,unchanged
coupled-turn time (s),jiang_massdep_baseline,power_0.96,6.364,crew_veh_h,550,unchanged,unchanged
coupled-turn time (s),jiang_massdep_baseline,power_0.96,6.364,crew_team_h,MX2,unchanged,unchanged
coupled-turn time (s),jiang_massdep_baseline,power_0.96,6.364,shift_ot_h,550,unchanged,unchanged
coupled-turn time (s),jiang_massdep_baseline,power_0.96,7.943,shift_h,550,unchanged,unchanged
coupled-turn time (s),jiang_massdep_baseline,power_0.96,7.943,crew_veh_h,550,unchanged,unchanged
coupled-turn time (s),jiang_massdep_baseline,power_0.96,7.943,crew_team_h,MX2,unchanged,unchanged
coupled-turn time (s),jiang_massdep_baseline,power_0.96,7.943,shift_ot_h,550,unchanged,unchanged
coupled-turn time (s),jiang_massdep_baseline,power_0.96,9.912,shift_h,550,unchanged,unchanged
coupled-turn time (s),jiang_massdep_baseline,power_0.96,9.912,crew_veh_h,MX2,unchanged,unchanged
coupled-turn time (s),jiang_massdep_baseline,power_0.96,9.912,crew_team_h,MX2,unchanged,unchanged
coupled-turn time (s),jiang_massdep_baseline,power_0.96,9.912,shift_ot_h,550,unchanged,unchanged
coupled-turn time (s),jiang_massdep_baseline,power_0.96,12.369,shift_h,550,unchanged,unchanged
coupled-turn time (s),jiang_massdep_baseline,power_0.96,12.369,crew_veh_h,MX2,unchanged,unchanged
coupled-turn time (s),jiang_massdep_baseline,power_0.96,12.369,crew_team_h,MX2,unchanged,unchanged
coupled-turn time (s),jiang_massdep_baseline,power_0.96,12.369,shift_ot_h,550,unchanged,unchanged
coupled-turn time (s),jiang_massdep_baseline,power_0.96,15.436,shift_h,MX2,unchanged,unchanged
coupled-turn time (s),jiang_massdep_baseline,power_0.96,15.436,crew_veh_h,MX2,unchanged,unchanged
coupled-turn time (s),jiang_massdep_baseline,power_0.96,15.436,crew_team_h,MX2,unchanged,unchanged
coupled-turn time (s),jiang_massdep_baseline,power_0.96,15.436,shift_ot_h,550,unchanged,unchanged
coupled-turn time (s),jiang_massdep_baseline,power_0.96,19.263,shift_h,MX2,unchanged,unchanged
coupled-turn time (s),jiang_massdep_baseline,power_0.96,19.263,crew_veh_h,MX2,unchanged,unchanged
coupled-turn time (s),jiang_massdep_baseline,power_0.96,19.263,crew_team_h,MX2,unchanged,unchanged
coupled-turn time (s),jiang_massdep_baseline,power_0.96,19.263,shift_ot_h,MX2,unchanged,unchanged
coupled-turn time (s),jiang_massdep_baseline,power_0.96,24.04,shift_h,MX2,unchanged,unchanged
coupled-turn time (s),jiang_massdep_baseline,power_0.96,24.04,crew_veh_h,MX2,unchanged,unchanged
coupled-turn time (s),jiang_massdep_baseline,power_0.96,24.04,crew_team_h,MX2,unchanged,unchanged
coupled-turn time (s),jiang_massdep_baseline,power_0.96,24.04,shift_ot_h,MX2,unchanged,unchanged
coupled-turn time (s),jiang_massdep_baseline,power_0.96,30.0,shift_h,MX2,unchanged,unchanged
coupled-turn time (s),jiang_massdep_baseline,power_0.96,30.0,crew_veh_h,MX2,unchanged,unchanged
coupled-turn time (s),jiang_massdep_baseline,power_0.96,30.0,crew_team_h,MX2,unchanged,unchanged
coupled-turn time (s),jiang_massdep_baseline,power_0.96,30.0,shift_ot_h,MX2,unchanged,unchanged
coupled-turn time (s),rohcha_short_baseline,power_0.96,5.1,shift_h,550,unchanged,unchanged
coupled-turn time (s),rohcha_short_baseline,power_0.96,5.1,crew_veh_h,550,unchanged,unchanged
coupled-turn time (s),rohcha_short_baseline,power_0.96,5.1,crew_team_h,550,unchanged,unchanged
coupled-turn time (s),rohcha_short_baseline,power_0.96,5.1,shift_ot_h,550,unchanged,unchanged
coupled-turn time (s),rohcha_short_baseline,power_0.96,6.364,shift_h,550,unchanged,unchanged
coupled-turn time (s),rohcha_short_baseline,power_0.96,6.364,crew_veh_h,550,unchanged,unchanged
coupled-turn time (s),rohcha_short_baseline,power_0.96,6.364,crew_team_h,550,unchanged,unchanged
coupled-turn time (s),rohcha_short_baseline,power_0.96,6.364,shift_ot_h,550,unchanged,unchanged
coupled-turn time (s),rohcha_short_baseline,power_0.96,7.943,shift_h,550,unchanged,unchanged
coupled-turn time (s),rohcha_short_baseline,power_0.96,7.943,crew_veh_h,550,unchanged,unchanged
coupled-turn time (s),rohcha_short_baseline,power_0.96,7.943,crew_team_h,550,unchanged,unchanged
coupled-turn time (s),rohcha_short_baseline,power_0.96,7.943,shift_ot_h,550,unchanged,unchanged
coupled-turn time (s),rohcha_short_baseline,power_0.96,9.912,shift_h,550,unchanged,unchanged
coupled-turn time (s),rohcha_short_baseline,power_0.96,9.912,crew_veh_h,550,unchanged,unchanged
coupled-turn time (s),rohcha_short_baseline,power_0.96,9.912,crew_team_h,550,unchanged,unchanged
coupled-turn time (s),rohcha_short_baseline,power_0.96,9.912,shift_ot_h,550,unchanged,unchanged
coupled-turn time (s),rohcha_short_baseline,power_0.96,12.369,shift_h,550,unchanged,unchanged
coupled-turn time (s),rohcha_short_baseline,power_0.96,12.369,crew_veh_h,550,unchanged,unchanged
coupled-turn time (s),rohcha_short_baseline,power_0.96,12.369,crew_team_h,550,unchanged,unchanged
coupled-turn time (s),rohcha_short_baseline,power_0.96,12.369,shift_ot_h,550,unchanged,unchanged
coupled-turn time (s),rohcha_short_baseline,power_0.96,15.436,shift_h,550,unchanged,unchanged
coupled-turn time (s),rohcha_short_baseline,power_0.96,15.436,crew_veh_h,550,unchanged,unchanged
coupled-turn time (s),rohcha_short_baseline,power_0.96,15.436,crew_team_h,550,unchanged,unchanged
coupled-turn time (s),rohcha_short_baseline,power_0.96,15.436,shift_ot_h,550,unchanged,unchanged
coupled-turn time (s),rohcha_short_baseline,power_0.96,19.263,shift_h,550,unchanged,unchanged
coupled-turn time (s),rohcha_short_baseline,power_0.96,19.263,crew_veh_h,550,unchanged,unchanged
coupled-turn time (s),rohcha_short_baseline,power_0.96,19.263,crew_team_h,550,unchanged,unchanged
coupled-turn time (s),rohcha_short_baseline,power_0.96,19.263,shift_ot_h,550,unchanged,unchanged
coupled-turn time (s),rohcha_short_baseline,power_0.96,24.04,shift_h,550,unchanged,unchanged
coupled-turn time (s),rohcha_short_baseline,power_0.96,24.04,crew_veh_h,550,unchanged,unchanged
coupled-turn time (s),rohcha_short_baseline,power_0.96,24.04,crew_team_h,550,unchanged,unchanged
coupled-turn time (s),rohcha_short_baseline,power_0.96,24.04,shift_ot_h,550,unchanged,unchanged
coupled-turn time (s),rohcha_short_baseline,power_0.96,30.0,shift_h,550,unchanged,unchanged
coupled-turn time (s),rohcha_short_baseline,power_0.96,30.0,crew_veh_h,550,unchanged,unchanged
coupled-turn time (s),rohcha_short_baseline,power_0.96,30.0,crew_team_h,550,unchanged,unchanged
coupled-turn time (s),rohcha_short_baseline,power_0.96,30.0,shift_ot_h,550,unchanged,unchanged
coupled-turn time (s),rohcha_massdep_baseline,power_0.96,5.1,shift_h,550,unchanged,unchanged
coupled-turn time (s),rohcha_massdep_baseline,power_0.96,5.1,crew_veh_h,550,unchanged,unchanged
coupled-turn time (s),rohcha_massdep_baseline,power_0.96,5.1,crew_team_h,550,unchanged,unchanged
coupled-turn time (s),rohcha_massdep_baseline,power_0.96,5.1,shift_ot_h,550,unchanged,unchanged
coupled-turn time (s),rohcha_massdep_baseline,power_0.96,6.364,shift_h,550,unchanged,unchanged
coupled-turn time (s),rohcha_massdep_baseline,power_0.96,6.364,crew_veh_h,550,unchanged,unchanged
coupled-turn time (s),rohcha_massdep_baseline,power_0.96,6.364,crew_team_h,550,unchanged,unchanged
coupled-turn time (s),rohcha_massdep_baseline,power_0.96,6.364,shift_ot_h,550,unchanged,unchanged
coupled-turn time (s),rohcha_massdep_baseline,power_0.96,7.943,shift_h,550,unchanged,unchanged
coupled-turn time (s),rohcha_massdep_baseline,power_0.96,7.943,crew_veh_h,550,unchanged,unchanged
coupled-turn time (s),rohcha_massdep_baseline,power_0.96,7.943,crew_team_h,550,unchanged,unchanged
coupled-turn time (s),rohcha_massdep_baseline,power_0.96,7.943,shift_ot_h,550,unchanged,unchanged
coupled-turn time (s),rohcha_massdep_baseline,power_0.96,9.912,shift_h,550,unchanged,unchanged
coupled-turn time (s),rohcha_massdep_baseline,power_0.96,9.912,crew_veh_h,550,unchanged,unchanged
coupled-turn time (s),rohcha_massdep_baseline,power_0.96,9.912,crew_team_h,550,unchanged,unchanged
coupled-turn time (s),rohcha_massdep_baseline,power_0.96,9.912,shift_ot_h,550,unchanged,unchanged
coupled-turn time (s),rohcha_massdep_baseline,power_0.96,12.369,shift_h,550,unchanged,unchanged
coupled-turn time (s),rohcha_massdep_baseline,power_0.96,12.369,crew_veh_h,550,unchanged,unchanged
coupled-turn time (s),rohcha_massdep_baseline,power_0.96,12.369,crew_team_h,550,unchanged,unchanged
coupled-turn time (s),rohcha_massdep_baseline,power_0.96,12.369,shift_ot_h,550,unchanged,unchanged
coupled-turn time (s),rohcha_massdep_baseline,power_0.96,15.436,shift_h,550,unchanged,unchanged
coupled-turn time (s),rohcha_massdep_baseline,power_0.96,15.436,crew_veh_h,550,unchanged,unchanged
coupled-turn time (s),rohcha_massdep_baseline,power_0.96,15.436,crew_team_h,550,unchanged,unchanged
coupled-turn time (s),rohcha_massdep_baseline,power_0.96,15.436,shift_ot_h,550,unchanged,unchanged
coupled-turn time (s),rohcha_massdep_baseline,power_0.96,19.263,shift_h,550,unchanged,unchanged
coupled-turn time (s),rohcha_massdep_baseline,power_0.96,19.263,crew_veh_h,550,unchanged,unchanged
coupled-turn time (s),rohcha_massdep_baseline,power_0.96,19.263,crew_team_h,550,unchanged,unchanged
coupled-turn time (s),rohcha_massdep_baseline,power_0.96,19.263,shift_ot_h,550,unchanged,unchanged
coupled-turn time (s),rohcha_massdep_baseline,power_0.96,24.04,shift_h,550,unchanged,unchanged
coupled-turn time (s),rohcha_massdep_baseline,power_0.96,24.04,crew_veh_h,550,unchanged,unchanged
coupled-turn time (s),rohcha_massdep_baseline,power_0.96,24.04,crew_team_h,550,unchanged,unchanged
coupled-turn time (s),rohcha_massdep_baseline,power_0.96,24.04,shift_ot_h,550,unchanged,unchanged
coupled-turn time (s),rohcha_massdep_baseline,power_0.96,30.0,shift_h,550,unchanged,unchanged
coupled-turn time (s),rohcha_massdep_baseline,power_0.96,30.0,crew_veh_h,550,unchanged,unchanged
coupled-turn time (s),rohcha_massdep_baseline,power_0.96,30.0,crew_team_h,550,unchanged,unchanged
coupled-turn time (s),rohcha_massdep_baseline,power_0.96,30.0,shift_ot_h,550,unchanged,unchanged
