service,cell,model,r,labour,winner,coop,winner_95,coop_95,same
90,jiang_short_baseline,affine,5.1,shift_h,MX1,0.05945017182130584,MX1,0.062543,True
90,jiang_short_baseline,affine,5.1,crew_veh_h,L300_H500x2,0.0,L300_H500x2,0.0,True
90,jiang_short_baseline,affine,5.1,crew_team_h,L300_H500x2,0.0,L300_H500x2,0.0,True
90,jiang_short_baseline,affine,5.1,shift_ot_h,L300_H500x2,0.0,L300_H500x2,0.0,True
90,jiang_short_baseline,affine,6.364497,shift_h,MX1,0.05945017182130584,MX1,0.062543,True
90,jiang_short_baseline,affine,6.364497,crew_veh_h,L300_H500x2,0.0,L300_H500x2,0.0,True
90,jiang_short_baseline,affine,6.364497,crew_team_h,L300_H500x2,0.0,L300_H500x2,0.0,True
90,jiang_short_baseline,affine,6.364497,shift_ot_h,L300_H500x2,0.0,L300_H500x2,0.0,True
90,jiang_short_baseline,affine,7.942513,shift_h,MX1,0.05945017182130584,MX1,0.062543,True
90,jiang_short_baseline,affine,7.942513,crew_veh_h,L300_H500x2,0.0,L300_H500x2,0.0,True
90,jiang_short_baseline,affine,7.942513,crew_team_h,L300_H500x1,0.0027491408934707906,L300_H500x1,0.002749,True
90,jiang_short_baseline,affine,7.942513,shift_ot_h,L300_H500x2,0.0,L300_H500x2,0.0,True
90,jiang_short_baseline,affine,9.911784,shift_h,MX1,0.05945017182130584,MX1,0.062543,True
90,jiang_short_baseline,affine,9.911784,crew_veh_h,L300_H500x1,0.0027491408934707906,L300_H500x1,0.002749,True
90,jiang_short_baseline,affine,9.911784,crew_team_h,L300_H500x1,0.0027491408934707906,L300_H500x1,0.002749,True
90,jiang_short_baseline,affine,9.911784,shift_ot_h,L300_H500x2,0.0,L300_H500x2,0.0,True
90,jiang_short_baseline,affine,12.369317,shift_h,MX1,0.05945017182130584,MX1,0.062543,True
90,jiang_short_baseline,affine,12.369317,crew_veh_h,L300_H500x1,0.0027491408934707906,L300_H500x1,0.002749,True
90,jiang_short_baseline,affine,12.369317,crew_team_h,L300_H500x1,0.0027491408934707906,L300_H500x1,0.002749,True
90,jiang_short_baseline,affine,12.369317,shift_ot_h,L300_H500x2,0.0,L300_H500x2,0.0,True
90,jiang_short_baseline,affine,15.436172,shift_h,MX1,0.05945017182130584,MX1,0.062543,True
90,jiang_short_baseline,affine,15.436172,crew_veh_h,L300_H500x1,0.0027491408934707906,L300_H500x1,0.002749,True
90,jiang_short_baseline,affine,15.436172,crew_team_h,L300_H500x1,0.0027491408934707906,L300_H500x1,0.002749,True
90,jiang_short_baseline,affine,15.436172,shift_ot_h,L300_H500x1,0.0027491408934707906,L300_H500x1,0.002749,True
90,jiang_short_baseline,affine,19.263424,shift_h,MX1,0.05945017182130584,MX1,0.062543,True
90,jiang_short_baseline,affine,19.263424,crew_veh_h,L300_H500x1,0.0027491408934707906,L300_H500x1,0.002749,True
90,jiang_short_baseline,affine,19.263424,crew_team_h,L300_H500x1,0.0027491408934707906,L300_H500x1,0.002749,True
90,jiang_short_baseline,affine,19.263424,shift_ot_h,L300_H500x1,0.0027491408934707906,L300_H500x1,0.002749,True
90,jiang_short_baseline,affine,24.039607,shift_h,MX1,0.05945017182130584,MX1,0.062543,True
90,jiang_short_baseline,affine,24.039607,crew_veh_h,L300_H500x1,0.0027491408934707906,L300_H500x1,0.002749,True
90,jiang_short_baseline,affine,24.039607,crew_team_h,L300_H500x1,0.0027491408934707906,L300_H500x1,0.002749,True
90,jiang_short_baseline,affine,24.039607,shift_ot_h,L300_H500x1,0.0027491408934707906,L300_H500x1,0.002749,True
90,jiang_short_baseline,affine,30.0,shift_h,MX1,0.05945017182130584,MX1,0.062543,True
90,jiang_short_baseline,affine,30.0,crew_veh_h,L300_H500x1,0.0027491408934707906,L300_H500x1,0.002749,True
90,jiang_short_baseline,affine,30.0,crew_team_h,L300_H500x1,0.0027491408934707906,L300_H500x1,0.002749,True
90,jiang_short_baseline,affine,30.0,shift_ot_h,L300_H500x1,0.0027491408934707906,L300_H500x1,0.002749,True
90,jiang_short_baseline,piecewise,5.1,shift_h,MX1,0.05945017182130584,MX1,0.062543,True
90,jiang_short_baseline,piecewise,5.1,crew_veh_h,L300_H500x2,0.0,L300_H500x2,0.0,True
90,jiang_short_baseline,piecewise,5.1,crew_team_h,L300_H500x2,0.0,L300_H500x2,0.0,True
90,jiang_short_baseline,piecewise,5.1,shift_ot_h,L300_H500x2,0.0,L300_H500x2,0.0,True
90,jiang_short_baseline,piecewise,6.364497,shift_h,MX1,0.05945017182130584,MX1,0.062543,True
90,jiang_short_baseline,piecewise,6.364497,crew_veh_h,L300_H500x2,0.0,L300_H500x2,0.0,True
90,jiang_short_baseline,piecewise,6.364497,crew_team_h,L300_H500x2,0.0,L300_H500x2,0.0,True
90,jiang_short_baseline,piecewise,6.364497,shift_ot_h,L300_H500x2,0.0,L300_H500x2,0.0,True
90,jiang_short_baseline,piecewise,7.942513,shift_h,MX1,0.05945017182130584,MX1,0.062543,True
90,jiang_short_baseline,piecewise,7.942513,crew_veh_h,L300_H500x2,0.0,L300_H500x2,0.0,True
90,jiang_short_baseline,piecewise,7.942513,crew_team_h,L300_H500x1,0.0027491408934707906,L300_H500x1,0.002749,True
90,jiang_short_baseline,piecewise,7.942513,shift_ot_h,L300_H500x2,0.0,L300_H500x2,0.0,True
90,jiang_short_baseline,piecewise,9.911784,shift_h,MX1,0.05945017182130584,MX1,0.062543,True
90,jiang_short_baseline,piecewise,9.911784,crew_veh_h,L300_H500x1,0.0027491408934707906,L300_H500x1,0.002749,True
90,jiang_short_baseline,piecewise,9.911784,crew_team_h,L300_H500x1,0.0027491408934707906,L300_H500x1,0.002749,True
90,jiang_short_baseline,piecewise,9.911784,shift_ot_h,L300_H500x2,0.0,L300_H500x2,0.0,True
90,jiang_short_baseline,piecewise,12.369317,shift_h,MX1,0.05945017182130584,MX1,0.062543,True
90,jiang_short_baseline,piecewise,12.369317,crew_veh_h,L300_H500x1,0.0027491408934707906,L300_H500x1,0.002749,True
90,jiang_short_baseline,piecewise,12.369317,crew_team_h,L300_H500x1,0.0027491408934707906,L300_H500x1,0.002749,True
90,jiang_short_baseline,piecewise,12.369317,shift_ot_h,L300_H500x1,0.0027491408934707906,L300_H500x1,0.002749,True
90,jiang_short_baseline,piecewise,15.436172,shift_h,MX1,0.05945017182130584,MX1,0.062543,True
90,jiang_short_baseline,piecewise,15.436172,crew_veh_h,L300_H500x1,0.0027491408934707906,L300_H500x1,0.002749,True
90,jiang_short_baseline,piecewise,15.436172,crew_team_h,L300_H500x1,0.0027491408934707906,L300_H500x1,0.002749,True
90,jiang_short_baseline,piecewise,15.436172,shift_ot_h,L300_H500x1,0.0027491408934707906,L300_H500x1,0.002749,True
90,jiang_short_baseline,piecewise,19.263424,shift_h,MX1,0.05945017182130584,MX1,0.062543,True
90,jiang_short_baseline,piecewise,19.263424,crew_veh_h,L300_H500x1,0.0027491408934707906,L300_H500x1,0.002749,True
90,jiang_short_baseline,piecewise,19.263424,crew_team_h,L300_H500x1,0.0027491408934707906,L300_H500x1,0.002749,True
90,jiang_short_baseline,piecewise,19.263424,shift_ot_h,L300_H500x1,0.0027491408934707906,L300_H500x1,0.002749,True
90,jiang_short_baseline,piecewise,24.039607,shift_h,MX1,0.05945017182130584,MX1,0.062543,True
90,jiang_short_baseline,piecewise,24.039607,crew_veh_h,L300_H500x1,0.0027491408934707906,L300_H500x1,0.002749,True
90,jiang_short_baseline,piecewise,24.039607,crew_team_h,L300_H500x1,0.0027491408934707906,L300_H500x1,0.002749,True
90,jiang_short_baseline,piecewise,24.039607,shift_ot_h,L300_H500x1,0.0027491408934707906,L300_H500x1,0.002749,True
90,jiang_short_baseline,piecewise,30.0,shift_h,MX1,0.05945017182130584,MX1,0.062543,True
90,jiang_short_baseline,piecewise,30.0,crew_veh_h,L300_H500x1,0.0027491408934707906,L300_H500x1,0.002749,True
90,jiang_short_baseline,piecewise,30.0,crew_team_h,L300_H500x1,0.0027491408934707906,L300_H500x1,0.002749,True
90,jiang_short_baseline,piecewise,30.0,shift_ot_h,L300_H500x1,0.0027491408934707906,MX1,0.062543,False
90,jiang_short_baseline,power_0.72,5.1,shift_h,MX1,0.05945017182130584,MX1,0.062543,True
90,jiang_short_baseline,power_0.72,5.1,crew_veh_h,L300_H500x2,0.0,L300_H500x2,0.0,True
90,jiang_short_baseline,power_0.72,5.1,crew_team_h,L300_H500x2,0.0,L300_H500x2,0.0,True
90,jiang_short_baseline,power_0.72,5.1,shift_ot_h,L300_H500x2,0.0,L300_H500x2,0.0,True
90,jiang_short_baseline,power_0.72,6.364497,shift_h,MX1,0.05945017182130584,MX1,0.062543,True
90,jiang_short_baseline,power_0.72,6.364497,crew_veh_h,L300_H500x2,0.0,L300_H500x2,0.0,True
90,jiang_short_baseline,power_0.72,6.364497,crew_team_h,L300_H500x2,0.0,L300_H500x2,0.0,True
90,jiang_short_baseline,power_0.72,6.364497,shift_ot_h,L300_H500x2,0.0,L300_H500x2,0.0,True
90,jiang_short_baseline,power_0.72,7.942513,shift_h,MX1,0.05945017182130584,MX1,0.062543,True
90,jiang_short_baseline,power_0.72,7.942513,crew_veh_h,L300_H500x2,0.0,L300_H500x2,0.0,True
90,jiang_short_baseline,power_0.72,7.942513,crew_team_h,L300_H500x1,0.0027491408934707906,L300_H500x1,0.002749,True
90,jiang_short_baseline,power_0.72,7.942513,shift_ot_h,L300_H500x2,0.0,L300_H500x2,0.0,True
90,jiang_short_baseline,power_0.72,9.911784,shift_h,MX1,0.05945017182130584,MX1,0.062543,True
90,jiang_short_baseline,power_0.72,9.911784,crew_veh_h,L300_H500x2,0.0,L300_H500x2,0.0,True
90,jiang_short_baseline,power_0.72,9.911784,crew_team_h,L300_H500x1,0.0027491408934707906,L300_H500x1,0.002749,True
90,jiang_short_baseline,power_0.72,9.911784,shift_ot_h,L300_H500x2,0.0,L300_H500x2,0.0,True
90,jiang_short_baseline,power_0.72,12.369317,shift_h,MX1,0.05945017182130584,MX1,0.062543,True
90,jiang_short_baseline,power_0.72,12.369317,crew_veh_h,L300_H500x1,0.0027491408934707906,L300_H500x1,0.002749,True
90,jiang_short_baseline,power_0.72,12.369317,crew_team_h,L300_H500x1,0.0027491408934707906,L300_H500x1,0.002749,True
90,jiang_short_baseline,power_0.72,12.369317,shift_ot_h,L300_H500x2,0.0,L300_H500x2,0.0,True
90,jiang_short_baseline,power_0.72,15.436172,shift_h,MX1,0.05945017182130584,MX1,0.062543,True
90,jiang_short_baseline,power_0.72,15.436172,crew_veh_h,L300_H500x1,0.0027491408934707906,L300_H500x1,0.002749,True
90,jiang_short_baseline,power_0.72,15.436172,crew_team_h,L300_H500x1,0.0027491408934707906,L300_H500x1,0.002749,True
90,jiang_short_baseline,power_0.72,15.436172,shift_ot_h,L300_H500x1,0.0027491408934707906,L300_H500x1,0.002749,True
90,jiang_short_baseline,power_0.72,19.263424,shift_h,MX1,0.05945017182130584,MX1,0.062543,True
90,jiang_short_baseline,power_0.72,19.263424,crew_veh_h,L300_H500x1,0.0027491408934707906,L300_H500x1,0.002749,True
90,jiang_short_baseline,power_0.72,19.263424,crew_team_h,L300_H500x1,0.0027491408934707906,L300_H500x1,0.002749,True
90,jiang_short_baseline,power_0.72,19.263424,shift_ot_h,L300_H500x1,0.0027491408934707906,L300_H500x1,0.002749,True
90,jiang_short_baseline,power_0.72,24.039607,shift_h,MX1,0.05945017182130584,MX1,0.062543,True
90,jiang_short_baseline,power_0.72,24.039607,crew_veh_h,L300_H500x1,0.0027491408934707906,L300_H500x1,0.002749,True
90,jiang_short_baseline,power_0.72,24.039607,crew_team_h,L300_H500x1,0.0027491408934707906,L300_H500x1,0.002749,True
90,jiang_short_baseline,power_0.72,24.039607,shift_ot_h,L300_H500x1,0.0027491408934707906,L300_H500x1,0.002749,True
90,jiang_short_baseline,power_0.72,30.0,shift_h,MX1,0.05945017182130584,MX1,0.062543,True
90,jiang_short_baseline,power_0.72,30.0,crew_veh_h,L300_H500x1,0.0027491408934707906,L300_H500x1,0.002749,True
90,jiang_short_baseline,power_0.72,30.0,crew_team_h,L300_H500x1,0.0027491408934707906,L300_H500x1,0.002749,True
90,jiang_short_baseline,power_0.72,30.0,shift_ot_h,L300_H500x1,0.0027491408934707906,L300_H500x1,0.002749,True
90,jiang_short_baseline,power_0.84,5.1,shift_h,MX1,0.05945017182130584,MX1,0.062543,True
90,jiang_short_baseline,power_0.84,5.1,crew_veh_h,L300_H500x2,0.0,L300_H500x2,0.0,True
90,jiang_short_baseline,power_0.84,5.1,crew_team_h,L300_H500x2,0.0,L300_H500x2,0.0,True
90,jiang_short_baseline,power_0.84,5.1,shift_ot_h,L300_H500x2,0.0,L300_H500x2,0.0,True
90,jiang_short_baseline,power_0.84,6.364497,shift_h,MX1,0.05945017182130584,MX1,0.062543,True
90,jiang_short_baseline,power_0.84,6.364497,crew_veh_h,L300_H500x2,0.0,L300_H500x2,0.0,True
90,jiang_short_baseline,power_0.84,6.364497,crew_team_h,L300_H500x2,0.0,L300_H500x2,0.0,True
90,jiang_short_baseline,power_0.84,6.364497,shift_ot_h,L300_H500x2,0.0,L300_H500x2,0.0,True
90,jiang_short_baseline,power_0.84,7.942513,shift_h,MX1,0.05945017182130584,MX1,0.062543,True
90,jiang_short_baseline,power_0.84,7.942513,crew_veh_h,L300_H500x2,0.0,L300_H500x2,0.0,True
90,jiang_short_baseline,power_0.84,7.942513,crew_team_h,L300_H500x1,0.0027491408934707906,L300_H500x1,0.002749,True
90,jiang_short_baseline,power_0.84,7.942513,shift_ot_h,L300_H500x2,0.0,L300_H500x2,0.0,True
90,jiang_short_baseline,power_0.84,9.911784,shift_h,MX1,0.05945017182130584,MX1,0.062543,True
90,jiang_short_baseline,power_0.84,9.911784,crew_veh_h,L300_H500x1,0.0027491408934707906,L300_H500x1,0.002749,True
90,jiang_short_baseline,power_0.84,9.911784,crew_team_h,L300_H500x1,0.0027491408934707906,L300_H500x1,0.002749,True
90,jiang_short_baseline,power_0.84,9.911784,shift_ot_h,L300_H500x2,0.0,L300_H500x2,0.0,True
90,jiang_short_baseline,power_0.84,12.369317,shift_h,MX1,0.05945017182130584,MX1,0.062543,True
90,jiang_short_baseline,power_0.84,12.369317,crew_veh_h,L300_H500x1,0.0027491408934707906,L300_H500x1,0.002749,True
90,jiang_short_baseline,power_0.84,12.369317,crew_team_h,L300_H500x1,0.0027491408934707906,L300_H500x1,0.002749,True
90,jiang_short_baseline,power_0.84,12.369317,shift_ot_h,L300_H500x2,0.0,L300_H500x2,0.0,True
90,jiang_short_baseline,power_0.84,15.436172,shift_h,MX1,0.05945017182130584,MX1,0.062543,True
90,jiang_short_baseline,power_0.84,15.436172,crew_veh_h,L300_H500x1,0.0027491408934707906,L300_H500x1,0.002749,True
90,jiang_short_baseline,power_0.84,15.436172,crew_team_h,L300_H500x1,0.0027491408934707906,L300_H500x1,0.002749,True
90,jiang_short_baseline,power_0.84,15.436172,shift_ot_h,L300_H500x1,0.0027491408934707906,L300_H500x1,0.002749,True
90,jiang_short_baseline,power_0.84,19.263424,shift_h,MX1,0.05945017182130584,MX1,0.062543,True
90,jiang_short_baseline,power_0.84,19.263424,crew_veh_h,L300_H500x1,0.0027491408934707906,L300_H500x1,0.002749,True
90,jiang_short_baseline,power_0.84,19.263424,crew_team_h,L300_H500x1,0.0027491408934707906,L300_H500x1,0.002749,True
90,jiang_short_baseline,power_0.84,19.263424,shift_ot_h,L300_H500x1,0.0027491408934707906,L300_H500x1,0.002749,True
90,jiang_short_baseline,power_0.84,24.039607,shift_h,MX1,0.05945017182130584,MX1,0.062543,True
90,jiang_short_baseline,power_0.84,24.039607,crew_veh_h,L300_H500x1,0.0027491408934707906,L300_H500x1,0.002749,True
90,jiang_short_baseline,power_0.84,24.039607,crew_team_h,L300_H500x1,0.0027491408934707906,L300_H500x1,0.002749,True
90,jiang_short_baseline,power_0.84,24.039607,shift_ot_h,L300_H500x1,0.0027491408934707906,L300_H500x1,0.002749,True
90,jiang_short_baseline,power_0.84,30.0,shift_h,MX1,0.05945017182130584,MX1,0.062543,True
90,jiang_short_baseline,power_0.84,30.0,crew_veh_h,L300_H500x1,0.0027491408934707906,L300_H500x1,0.002749,True
90,jiang_short_baseline,power_0.84,30.0,crew_team_h,L300_H500x1,0.0027491408934707906,L300_H500x1,0.002749,True
90,jiang_short_baseline,power_0.84,30.0,shift_ot_h,L300_H500x1,0.0027491408934707906,MX1,0.062543,False
90,jiang_short_baseline,power_0.96,5.1,shift_h,MX1,0.05945017182130584,MX1,0.062543,True
90,jiang_short_baseline,power_0.96,5.1,crew_veh_h,L300_H500x2,0.0,L300_H500x2,0.0,True
90,jiang_short_baseline,power_0.96,5.1,crew_team_h,L300_H500x2,0.0,L300_H500x2,0.0,True
90,jiang_short_baseline,power_0.96,5.1,shift_ot_h,L300_H500x2,0.0,L300_H500x2,0.0,True
90,jiang_short_baseline,power_0.96,6.364497,shift_h,MX1,0.05945017182130584,MX1,0.062543,True
90,jiang_short_baseline,power_0.96,6.364497,crew_veh_h,L300_H500x2,0.0,L300_H500x2,0.0,True
90,jiang_short_baseline,power_0.96,6.364497,crew_team_h,L300_H500x1,0.0027491408934707906,L300_H500x1,0.002749,True
90,jiang_short_baseline,power_0.96,6.364497,shift_ot_h,L300_H500x2,0.0,L300_H500x2,0.0,True
90,jiang_short_baseline,power_0.96,7.942513,shift_h,MX1,0.05945017182130584,MX1,0.062543,True
90,jiang_short_baseline,power_0.96,7.942513,crew_veh_h,L300_H500x1,0.0027491408934707906,L300_H500x1,0.002749,True
90,jiang_short_baseline,power_0.96,7.942513,crew_team_h,L300_H500x1,0.0027491408934707906,L300_H500x1,0.002749,True
90,jiang_short_baseline,power_0.96,7.942513,shift_ot_h,L300_H500x2,0.0,L300_H500x2,0.0,True
90,jiang_short_baseline,power_0.96,9.911784,shift_h,MX1,0.05945017182130584,MX1,0.062543,True
90,jiang_short_baseline,power_0.96,9.911784,crew_veh_h,L300_H500x1,0.0027491408934707906,L300_H500x1,0.002749,True
90,jiang_short_baseline,power_0.96,9.911784,crew_team_h,L300_H500x1,0.0027491408934707906,L300_H500x1,0.002749,True
90,jiang_short_baseline,power_0.96,9.911784,shift_ot_h,L300_H500x2,0.0,L300_H500x2,0.0,True
90,jiang_short_baseline,power_0.96,12.369317,shift_h,MX1,0.05945017182130584,MX1,0.062543,True
90,jiang_short_baseline,power_0.96,12.369317,crew_veh_h,L300_H500x1,0.0027491408934707906,L300_H500x1,0.002749,True
90,jiang_short_baseline,power_0.96,12.369317,crew_team_h,L300_H500x1,0.0027491408934707906,L300_H500x1,0.002749,True
90,jiang_short_baseline,power_0.96,12.369317,shift_ot_h,L300_H500x1,0.0027491408934707906,L300_H500x1,0.002749,True
90,jiang_short_baseline,power_0.96,15.436172,shift_h,MX1,0.05945017182130584,MX1,0.062543,True
90,jiang_short_baseline,power_0.96,15.436172,crew_veh_h,L300_H500x1,0.0027491408934707906,L300_H500x1,0.002749,True
90,jiang_short_baseline,power_0.96,15.436172,crew_team_h,L300_H500x1,0.0027491408934707906,L300_H500x1,0.002749,True
90,jiang_short_baseline,power_0.96,15.436172,shift_ot_h,L300_H500x1,0.0027491408934707906,L300_H500x1,0.002749,True
90,jiang_short_baseline,power_0.96,19.263424,shift_h,MX1,0.05945017182130584,MX1,0.062543,True
90,jiang_short_baseline,power_0.96,19.263424,crew_veh_h,L300_H500x1,0.0027491408934707906,L300_H500x1,0.002749,True
90,jiang_short_baseline,power_0.96,19.263424,crew_team_h,L300_H500x1,0.0027491408934707906,L300_H500x1,0.002749,True
90,jiang_short_baseline,power_0.96,19.263424,shift_ot_h,L300_H500x1,0.0027491408934707906,L300_H500x1,0.002749,True
90,jiang_short_baseline,power_0.96,24.039607,shift_h,MX1,0.05945017182130584,MX1,0.062543,True
90,jiang_short_baseline,power_0.96,24.039607,crew_veh_h,L300_H500x1,0.0027491408934707906,L300_H500x1,0.002749,True
90,jiang_short_baseline,power_0.96,24.039607,crew_team_h,L300_H500x1,0.0027491408934707906,L300_H500x1,0.002749,True
90,jiang_short_baseline,power_0.96,24.039607,shift_ot_h,L300_H500x1,0.0027491408934707906,L300_H500x1,0.002749,True
90,jiang_short_baseline,power_0.96,30.0,shift_h,MX1,0.05945017182130584,MX1,0.062543,True
90,jiang_short_baseline,power_0.96,30.0,crew_veh_h,L300_H500x1,0.0027491408934707906,L300_H500x1,0.002749,True
90,jiang_short_baseline,power_0.96,30.0,crew_team_h,L300_H500x1,0.0027491408934707906,L300_H500x1,0.002749,True
90,jiang_short_baseline,power_0.96,30.0,shift_ot_h,L300_H500x1,0.0027491408934707906,MX1,0.062543,False
90,jiang_massdep_baseline,affine,5.1,shift_h,425,0.012714776632302405,425,0.012715,True
90,jiang_massdep_baseline,affine,5.1,crew_veh_h,500,0.0,500,0.0,True
90,jiang_massdep_baseline,affine,5.1,crew_team_h,425,0.012714776632302405,425,0.012715,True
90,jiang_massdep_baseline,affine,5.1,shift_ot_h,425,0.012714776632302405,425,0.012715,True
90,jiang_massdep_baseline,affine,6.364497,shift_h,425,0.012714776632302405,425,0.012715,True
90,jiang_massdep_baseline,affine,6.364497,crew_veh_h,500,0.0,500,0.0,True
90,jiang_massdep_baseline,affine,6.364497,crew_team_h,425,0.012714776632302405,425,0.012715,True
90,jiang_massdep_baseline,affine,6.364497,shift_ot_h,425,0.012714776632302405,425,0.012715,True
90,jiang_massdep_baseline,affine,7.942513,shift_h,425,0.012714776632302405,425,0.012715,True
90,jiang_massdep_baseline,affine,7.942513,crew_veh_h,500,0.0,500,0.0,True
90,jiang_massdep_baseline,affine,7.942513,crew_team_h,425,0.012714776632302405,425,0.012715,True
90,jiang_massdep_baseline,affine,7.942513,shift_ot_h,425,0.012714776632302405,425,0.012715,True
90,jiang_massdep_baseline,affine,9.911784,shift_h,425,0.012714776632302405,425,0.012715,True
90,jiang_massdep_baseline,affine,9.911784,crew_veh_h,425,0.012714776632302405,425,0.012715,True
90,jiang_massdep_baseline,affine,9.911784,crew_team_h,425,0.012714776632302405,425,0.012715,True
90,jiang_massdep_baseline,affine,9.911784,shift_ot_h,425,0.012714776632302405,425,0.012715,True
90,jiang_massdep_baseline,affine,12.369317,shift_h,425,0.012714776632302405,425,0.012715,True
90,jiang_massdep_baseline,affine,12.369317,crew_veh_h,425,0.012714776632302405,425,0.012715,True
90,jiang_massdep_baseline,affine,12.369317,crew_team_h,425,0.012714776632302405,425,0.012715,True
90,jiang_massdep_baseline,affine,12.369317,shift_ot_h,425,0.012714776632302405,425,0.012715,True
90,jiang_massdep_baseline,affine,15.436172,shift_h,425,0.012714776632302405,425,0.012715,True
90,jiang_massdep_baseline,affine,15.436172,crew_veh_h,425,0.012714776632302405,425,0.012715,True
90,jiang_massdep_baseline,affine,15.436172,crew_team_h,425,0.012714776632302405,MX2,0.04055,False
90,jiang_massdep_baseline,affine,15.436172,shift_ot_h,425,0.012714776632302405,425,0.012715,True
90,jiang_massdep_baseline,affine,19.263424,shift_h,425,0.012714776632302405,425,0.012715,True
90,jiang_massdep_baseline,affine,19.263424,crew_veh_h,425,0.012714776632302405,425,0.012715,True
90,jiang_massdep_baseline,affine,19.263424,crew_team_h,MX2,0.03505154639175258,MX2,0.04055,True
90,jiang_massdep_baseline,affine,19.263424,shift_ot_h,425,0.012714776632302405,425,0.012715,True
90,jiang_massdep_baseline,affine,24.039607,shift_h,425,0.012714776632302405,425,0.012715,True
90,jiang_massdep_baseline,affine,24.039607,crew_veh_h,425,0.012714776632302405,425,0.012715,True
90,jiang_massdep_baseline,affine,24.039607,crew_team_h,MX2,0.03505154639175258,MX2,0.04055,True
90,jiang_massdep_baseline,affine,24.039607,shift_ot_h,425,0.012714776632302405,425,0.012715,True
90,jiang_massdep_baseline,affine,30.0,shift_h,425,0.012714776632302405,425,0.012715,True
90,jiang_massdep_baseline,affine,30.0,crew_veh_h,425,0.012714776632302405,425,0.012715,True
90,jiang_massdep_baseline,affine,30.0,crew_team_h,MX2,0.03505154639175258,MX2,0.04055,True
90,jiang_massdep_baseline,affine,30.0,shift_ot_h,425,0.012714776632302405,425,0.012715,True
90,jiang_massdep_baseline,piecewise,5.1,shift_h,425,0.012714776632302405,425,0.012715,True
90,jiang_massdep_baseline,piecewise,5.1,crew_veh_h,500,0.0,500,0.0,True
90,jiang_massdep_baseline,piecewise,5.1,crew_team_h,425,0.012714776632302405,425,0.012715,True
90,jiang_massdep_baseline,piecewise,5.1,shift_ot_h,425,0.012714776632302405,425,0.012715,True
90,jiang_massdep_baseline,piecewise,6.364497,shift_h,425,0.012714776632302405,425,0.012715,True
90,jiang_massdep_baseline,piecewise,6.364497,crew_veh_h,500,0.0,500,0.0,True
90,jiang_massdep_baseline,piecewise,6.364497,crew_team_h,425,0.012714776632302405,425,0.012715,True
90,jiang_massdep_baseline,piecewise,6.364497,shift_ot_h,425,0.012714776632302405,425,0.012715,True
90,jiang_massdep_baseline,piecewise,7.942513,shift_h,425,0.012714776632302405,425,0.012715,True
90,jiang_massdep_baseline,piecewise,7.942513,crew_veh_h,500,0.0,500,0.0,True
90,jiang_massdep_baseline,piecewise,7.942513,crew_team_h,425,0.012714776632302405,425,0.012715,True
90,jiang_massdep_baseline,piecewise,7.942513,shift_ot_h,425,0.012714776632302405,425,0.012715,True
90,jiang_massdep_baseline,piecewise,9.911784,shift_h,425,0.012714776632302405,425,0.012715,True
90,jiang_massdep_baseline,piecewise,9.911784,crew_veh_h,425,0.012714776632302405,425,0.012715,True
90,jiang_massdep_baseline,piecewise,9.911784,crew_team_h,425,0.012714776632302405,425,0.012715,True
90,jiang_massdep_baseline,piecewise,9.911784,shift_ot_h,425,0.012714776632302405,425,0.012715,True
90,jiang_massdep_baseline,piecewise,12.369317,shift_h,425,0.012714776632302405,425,0.012715,True
90,jiang_massdep_baseline,piecewise,12.369317,crew_veh_h,425,0.012714776632302405,425,0.012715,True
90,jiang_massdep_baseline,piecewise,12.369317,crew_team_h,425,0.012714776632302405,MX2,0.04055,False
90,jiang_massdep_baseline,piecewise,12.369317,shift_ot_h,425,0.012714776632302405,425,0.012715,True
90,jiang_massdep_baseline,piecewise,15.436172,shift_h,425,0.012714776632302405,425,0.012715,True
90,jiang_massdep_baseline,piecewise,15.436172,crew_veh_h,425,0.012714776632302405,425,0.012715,True
90,jiang_massdep_baseline,piecewise,15.436172,crew_team_h,MX2,0.03505154639175258,MX2,0.04055,True
90,jiang_massdep_baseline,piecewise,15.436172,shift_ot_h,425,0.012714776632302405,425,0.012715,True
90,jiang_massdep_baseline,piecewise,19.263424,shift_h,425,0.012714776632302405,425,0.012715,True
90,jiang_massdep_baseline,piecewise,19.263424,crew_veh_h,425,0.012714776632302405,425,0.012715,True
90,jiang_massdep_baseline,piecewise,19.263424,crew_team_h,MX2,0.03505154639175258,MX2,0.04055,True
90,jiang_massdep_baseline,piecewise,19.263424,shift_ot_h,425,0.012714776632302405,425,0.012715,True
90,jiang_massdep_baseline,piecewise,24.039607,shift_h,425,0.012714776632302405,425,0.012715,True
90,jiang_massdep_baseline,piecewise,24.039607,crew_veh_h,425,0.012714776632302405,425,0.012715,True
90,jiang_massdep_baseline,piecewise,24.039607,crew_team_h,MX2,0.03505154639175258,MX2,0.04055,True
90,jiang_massdep_baseline,piecewise,24.039607,shift_ot_h,425,0.012714776632302405,425,0.012715,True
90,jiang_massdep_baseline,piecewise,30.0,shift_h,425,0.012714776632302405,425,0.012715,True
90,jiang_massdep_baseline,piecewise,30.0,crew_veh_h,MX2,0.03505154639175258,MX2,0.04055,True
90,jiang_massdep_baseline,piecewise,30.0,crew_team_h,MX2,0.03505154639175258,MX2,0.04055,True
90,jiang_massdep_baseline,piecewise,30.0,shift_ot_h,425,0.012714776632302405,425,0.012715,True
90,jiang_massdep_baseline,power_0.72,5.1,shift_h,425,0.012714776632302405,425,0.012715,True
90,jiang_massdep_baseline,power_0.72,5.1,crew_veh_h,500,0.0,500,0.0,True
90,jiang_massdep_baseline,power_0.72,5.1,crew_team_h,425,0.012714776632302405,425,0.012715,True
90,jiang_massdep_baseline,power_0.72,5.1,shift_ot_h,425,0.012714776632302405,425,0.012715,True
90,jiang_massdep_baseline,power_0.72,6.364497,shift_h,425,0.012714776632302405,425,0.012715,True
90,jiang_massdep_baseline,power_0.72,6.364497,crew_veh_h,500,0.0,500,0.0,True
90,jiang_massdep_baseline,power_0.72,6.364497,crew_team_h,425,0.012714776632302405,425,0.012715,True
90,jiang_massdep_baseline,power_0.72,6.364497,shift_ot_h,425,0.012714776632302405,425,0.012715,True
90,jiang_massdep_baseline,power_0.72,7.942513,shift_h,425,0.012714776632302405,425,0.012715,True
90,jiang_massdep_baseline,power_0.72,7.942513,crew_veh_h,500,0.0,500,0.0,True
90,jiang_massdep_baseline,power_0.72,7.942513,crew_team_h,425,0.012714776632302405,425,0.012715,True
90,jiang_massdep_baseline,power_0.72,7.942513,shift_ot_h,425,0.012714776632302405,425,0.012715,True
90,jiang_massdep_baseline,power_0.72,9.911784,shift_h,425,0.012714776632302405,425,0.012715,True
90,jiang_massdep_baseline,power_0.72,9.911784,crew_veh_h,500,0.0,500,0.0,True
90,jiang_massdep_baseline,power_0.72,9.911784,crew_team_h,425,0.012714776632302405,425,0.012715,True
90,jiang_massdep_baseline,power_0.72,9.911784,shift_ot_h,425,0.012714776632302405,425,0.012715,True
90,jiang_massdep_baseline,power_0.72,12.369317,shift_h,425,0.012714776632302405,425,0.012715,True
90,jiang_massdep_baseline,power_0.72,12.369317,crew_veh_h,425,0.012714776632302405,425,0.012715,True
90,jiang_massdep_baseline,power_0.72,12.369317,crew_team_h,425,0.012714776632302405,425,0.012715,True
90,jiang_massdep_baseline,power_0.72,12.369317,shift_ot_h,425,0.012714776632302405,425,0.012715,True
90,jiang_massdep_baseline,power_0.72,15.436172,shift_h,425,0.012714776632302405,425,0.012715,True
90,jiang_massdep_baseline,power_0.72,15.436172,crew_veh_h,425,0.012714776632302405,425,0.012715,True
90,jiang_massdep_baseline,power_0.72,15.436172,crew_team_h,425,0.012714776632302405,425,0.012715,True
90,jiang_massdep_baseline,power_0.72,15.436172,shift_ot_h,425,0.012714776632302405,425,0.012715,True
90,jiang_massdep_baseline,power_0.72,19.263424,shift_h,425,0.012714776632302405,425,0.012715,True
90,jiang_massdep_baseline,power_0.72,19.263424,crew_veh_h,425,0.012714776632302405,425,0.012715,True
90,jiang_massdep_baseline,power_0.72,19.263424,crew_team_h,425,0.012714776632302405,MX2,0.04055,False
90,jiang_massdep_baseline,power_0.72,19.263424,shift_ot_h,425,0.012714776632302405,425,0.012715,True
90,jiang_massdep_baseline,power_0.72,24.039607,shift_h,425,0.012714776632302405,425,0.012715,True
90,jiang_massdep_baseline,power_0.72,24.039607,crew_veh_h,425,0.012714776632302405,425,0.012715,True
90,jiang_massdep_baseline,power_0.72,24.039607,crew_team_h,MX2,0.03505154639175258,MX2,0.04055,True
90,jiang_massdep_baseline,power_0.72,24.039607,shift_ot_h,425,0.012714776632302405,425,0.012715,True
90,jiang_massdep_baseline,power_0.72,30.0,shift_h,425,0.012714776632302405,425,0.012715,True
90,jiang_massdep_baseline,power_0.72,30.0,crew_veh_h,425,0.012714776632302405,425,0.012715,True
90,jiang_massdep_baseline,power_0.72,30.0,crew_team_h,MX2,0.03505154639175258,MX2,0.04055,True
90,jiang_massdep_baseline,power_0.72,30.0,shift_ot_h,425,0.012714776632302405,425,0.012715,True
90,jiang_massdep_baseline,power_0.84,5.1,shift_h,425,0.012714776632302405,425,0.012715,True
90,jiang_massdep_baseline,power_0.84,5.1,crew_veh_h,500,0.0,500,0.0,True
90,jiang_massdep_baseline,power_0.84,5.1,crew_team_h,425,0.012714776632302405,425,0.012715,True
90,jiang_massdep_baseline,power_0.84,5.1,shift_ot_h,425,0.012714776632302405,425,0.012715,True
90,jiang_massdep_baseline,power_0.84,6.364497,shift_h,425,0.012714776632302405,425,0.012715,True
90,jiang_massdep_baseline,power_0.84,6.364497,crew_veh_h,500,0.0,500,0.0,True
90,jiang_massdep_baseline,power_0.84,6.364497,crew_team_h,425,0.012714776632302405,425,0.012715,True
90,jiang_massdep_baseline,power_0.84,6.364497,shift_ot_h,425,0.012714776632302405,425,0.012715,True
90,jiang_massdep_baseline,power_0.84,7.942513,shift_h,425,0.012714776632302405,425,0.012715,True
90,jiang_massdep_baseline,power_0.84,7.942513,crew_veh_h,500,0.0,500,0.0,True
90,jiang_massdep_baseline,power_0.84,7.942513,crew_team_h,425,0.012714776632302405,425,0.012715,True
90,jiang_massdep_baseline,power_0.84,7.942513,shift_ot_h,425,0.012714776632302405,425,0.012715,True
90,jiang_massdep_baseline,power_0.84,9.911784,shift_h,425,0.012714776632302405,425,0.012715,True
90,jiang_massdep_baseline,power_0.84,9.911784,crew_veh_h,425,0.012714776632302405,425,0.012715,True
90,jiang_massdep_baseline,power_0.84,9.911784,crew_team_h,425,0.012714776632302405,425,0.012715,True
90,jiang_massdep_baseline,power_0.84,9.911784,shift_ot_h,425,0.012714776632302405,425,0.012715,True
90,jiang_massdep_baseline,power_0.84,12.369317,shift_h,425,0.012714776632302405,425,0.012715,True
90,jiang_massdep_baseline,power_0.84,12.369317,crew_veh_h,425,0.012714776632302405,425,0.012715,True
90,jiang_massdep_baseline,power_0.84,12.369317,crew_team_h,425,0.012714776632302405,MX2,0.04055,False
90,jiang_massdep_baseline,power_0.84,12.369317,shift_ot_h,425,0.012714776632302405,425,0.012715,True
90,jiang_massdep_baseline,power_0.84,15.436172,shift_h,425,0.012714776632302405,425,0.012715,True
90,jiang_massdep_baseline,power_0.84,15.436172,crew_veh_h,425,0.012714776632302405,425,0.012715,True
90,jiang_massdep_baseline,power_0.84,15.436172,crew_team_h,MX2,0.03505154639175258,MX2,0.04055,True
90,jiang_massdep_baseline,power_0.84,15.436172,shift_ot_h,425,0.012714776632302405,425,0.012715,True
90,jiang_massdep_baseline,power_0.84,19.263424,shift_h,425,0.012714776632302405,425,0.012715,True
90,jiang_massdep_baseline,power_0.84,19.263424,crew_veh_h,425,0.012714776632302405,425,0.012715,True
90,jiang_massdep_baseline,power_0.84,19.263424,crew_team_h,MX2,0.03505154639175258,MX2,0.04055,True
90,jiang_massdep_baseline,power_0.84,19.263424,shift_ot_h,425,0.012714776632302405,425,0.012715,True
90,jiang_massdep_baseline,power_0.84,24.039607,shift_h,425,0.012714776632302405,425,0.012715,True
90,jiang_massdep_baseline,power_0.84,24.039607,crew_veh_h,425,0.012714776632302405,425,0.012715,True
90,jiang_massdep_baseline,power_0.84,24.039607,crew_team_h,MX2,0.03505154639175258,MX2,0.04055,True
90,jiang_massdep_baseline,power_0.84,24.039607,shift_ot_h,425,0.012714776632302405,425,0.012715,True
90,jiang_massdep_baseline,power_0.84,30.0,shift_h,425,0.012714776632302405,425,0.012715,True
90,jiang_massdep_baseline,power_0.84,30.0,crew_veh_h,MX2,0.03505154639175258,MX2,0.04055,True
90,jiang_massdep_baseline,power_0.84,30.0,crew_team_h,MX2,0.03505154639175258,MX2,0.04055,True
90,jiang_massdep_baseline,power_0.84,30.0,shift_ot_h,425,0.012714776632302405,425,0.012715,True
90,jiang_massdep_baseline,power_0.96,5.1,shift_h,425,0.012714776632302405,425,0.012715,True
90,jiang_massdep_baseline,power_0.96,5.1,crew_veh_h,500,0.0,500,0.0,True
90,jiang_massdep_baseline,power_0.96,5.1,crew_team_h,425,0.012714776632302405,425,0.012715,True
90,jiang_massdep_baseline,power_0.96,5.1,shift_ot_h,425,0.012714776632302405,425,0.012715,True
90,jiang_massdep_baseline,power_0.96,6.364497,shift_h,425,0.012714776632302405,425,0.012715,True
90,jiang_massdep_baseline,power_0.96,6.364497,crew_veh_h,500,0.0,500,0.0,True
90,jiang_massdep_baseline,power_0.96,6.364497,crew_team_h,425,0.012714776632302405,425,0.012715,True
90,jiang_massdep_baseline,power_0.96,6.364497,shift_ot_h,425,0.012714776632302405,425,0.012715,True
90,jiang_massdep_baseline,power_0.96,7.942513,shift_h,425,0.012714776632302405,425,0.012715,True
90,jiang_massdep_baseline,power_0.96,7.942513,crew_veh_h,425,0.012714776632302405,425,0.012715,True
90,jiang_massdep_baseline,power_0.96,7.942513,crew_team_h,425,0.012714776632302405,425,0.012715,True
90,jiang_massdep_baseline,power_0.96,7.942513,shift_ot_h,425,0.012714776632302405,425,0.012715,True
90,jiang_massdep_baseline,power_0.96,9.911784,shift_h,425,0.012714776632302405,425,0.012715,True
90,jiang_massdep_baseline,power_0.96,9.911784,crew_veh_h,425,0.012714776632302405,425,0.012715,True
90,jiang_massdep_baseline,power_0.96,9.911784,crew_team_h,425,0.012714776632302405,MX2,0.04055,False
90,jiang_massdep_baseline,power_0.96,9.911784,shift_ot_h,425,0.012714776632302405,425,0.012715,True
90,jiang_massdep_baseline,power_0.96,12.369317,shift_h,425,0.012714776632302405,425,0.012715,True
90,jiang_massdep_baseline,power_0.96,12.369317,crew_veh_h,425,0.012714776632302405,425,0.012715,True
90,jiang_massdep_baseline,power_0.96,12.369317,crew_team_h,MX2,0.03505154639175258,MX2,0.04055,True
90,jiang_massdep_baseline,power_0.96,12.369317,shift_ot_h,425,0.012714776632302405,425,0.012715,True
90,jiang_massdep_baseline,power_0.96,15.436172,shift_h,425,0.012714776632302405,425,0.012715,True
90,jiang_massdep_baseline,power_0.96,15.436172,crew_veh_h,425,0.012714776632302405,425,0.012715,True
90,jiang_massdep_baseline,power_0.96,15.436172,crew_team_h,MX2,0.03505154639175258,MX2,0.04055,True
90,jiang_massdep_baseline,power_0.96,15.436172,shift_ot_h,425,0.012714776632302405,425,0.012715,True
90,jiang_massdep_baseline,power_0.96,19.263424,shift_h,425,0.012714776632302405,425,0.012715,True
90,jiang_massdep_baseline,power_0.96,19.263424,crew_veh_h,MX2,0.03505154639175258,425,0.012715,False
90,jiang_massdep_baseline,power_0.96,19.263424,crew_team_h,MX2,0.03505154639175258,MX2,0.04055,True
90,jiang_massdep_baseline,power_0.96,19.263424,shift_ot_h,425,0.012714776632302405,425,0.012715,True
90,jiang_massdep_baseline,power_0.96,24.039607,shift_h,425,0.012714776632302405,425,0.012715,True
90,jiang_massdep_baseline,power_0.96,24.039607,crew_veh_h,MX2,0.03505154639175258,MX2,0.04055,True
90,jiang_massdep_baseline,power_0.96,24.039607,crew_team_h,MX2,0.03505154639175258,MX2,0.04055,True
90,jiang_massdep_baseline,power_0.96,24.039607,shift_ot_h,425,0.012714776632302405,425,0.012715,True
90,jiang_massdep_baseline,power_0.96,30.0,shift_h,425,0.012714776632302405,425,0.012715,True
90,jiang_massdep_baseline,power_0.96,30.0,crew_veh_h,MX2,0.03505154639175258,MX2,0.04055,True
90,jiang_massdep_baseline,power_0.96,30.0,crew_team_h,MX2,0.03505154639175258,MX2,0.04055,True
90,jiang_massdep_baseline,power_0.96,30.0,shift_ot_h,425,0.012714776632302405,425,0.012715,True
90,extraheavy_short_baseline,affine,5.1,shift_h,500,0.10824742268041238,550,0.091409,False
90,extraheavy_short_baseline,affine,5.1,crew_veh_h,MX2,0.09518900343642611,MX2,0.095189,True
90,extraheavy_short_baseline,affine,5.1,crew_team_h,MX2,0.09518900343642611,MX2,0.095189,True
90,extraheavy_short_baseline,affine,5.1,shift_ot_h,550,0.09140893470790377,550,0.091409,True
90,extraheavy_short_baseline,affine,6.364497,shift_h,500,0.10824742268041238,550,0.091409,False
90,extraheavy_short_baseline,affine,6.364497,crew_veh_h,MX2,0.09518900343642611,MX2,0.095189,True
90,extraheavy_short_baseline,affine,6.364497,crew_team_h,MX2,0.09518900343642611,MX2,0.095189,True
90,extraheavy_short_baseline,affine,6.364497,shift_ot_h,550,0.09140893470790377,550,0.091409,True
90,extraheavy_short_baseline,affine,7.942513,shift_h,500,0.10824742268041238,550,0.091409,False
90,extraheavy_short_baseline,affine,7.942513,crew_veh_h,MX2,0.09518900343642611,MX2,0.095189,True
90,extraheavy_short_baseline,affine,7.942513,crew_team_h,MX2,0.09518900343642611,MX2,0.095189,True
90,extraheavy_short_baseline,affine,7.942513,shift_ot_h,550,0.09140893470790377,550,0.091409,True
90,extraheavy_short_baseline,affine,9.911784,shift_h,500,0.10824742268041238,550,0.091409,False
90,extraheavy_short_baseline,affine,9.911784,crew_veh_h,MX2,0.09518900343642611,MX2,0.095189,True
90,extraheavy_short_baseline,affine,9.911784,crew_team_h,MX2,0.09518900343642611,MX2,0.095189,True
90,extraheavy_short_baseline,affine,9.911784,shift_ot_h,500,0.10824742268041238,550,0.091409,False
90,extraheavy_short_baseline,affine,12.369317,shift_h,500,0.10824742268041238,550,0.091409,False
90,extraheavy_short_baseline,affine,12.369317,crew_veh_h,MX2,0.09518900343642611,MX2,0.095189,True
90,extraheavy_short_baseline,affine,12.369317,crew_team_h,MX2,0.09518900343642611,MX2,0.095189,True
90,extraheavy_short_baseline,affine,12.369317,shift_ot_h,500,0.10824742268041238,550,0.091409,False
90,extraheavy_short_baseline,affine,15.436172,shift_h,500,0.10824742268041238,550,0.091409,False
90,extraheavy_short_baseline,affine,15.436172,crew_veh_h,MX2,0.09518900343642611,MX2,0.095189,True
90,extraheavy_short_baseline,affine,15.436172,crew_team_h,MX2,0.09518900343642611,MX2,0.095189,True
90,extraheavy_short_baseline,affine,15.436172,shift_ot_h,500,0.10824742268041238,550,0.091409,False
90,extraheavy_short_baseline,affine,19.263424,shift_h,500,0.10824742268041238,550,0.091409,False
90,extraheavy_short_baseline,affine,19.263424,crew_veh_h,MX2,0.09518900343642611,MX2,0.095189,True
90,extraheavy_short_baseline,affine,19.263424,crew_team_h,MX2,0.09518900343642611,MX2,0.095189,True
90,extraheavy_short_baseline,affine,19.263424,shift_ot_h,500,0.10824742268041238,550,0.091409,False
90,extraheavy_short_baseline,affine,24.039607,shift_h,500,0.10824742268041238,550,0.091409,False
90,extraheavy_short_baseline,affine,24.039607,crew_veh_h,MX2,0.09518900343642611,MX2,0.095189,True
90,extraheavy_short_baseline,affine,24.039607,crew_team_h,MX2,0.09518900343642611,MX2,0.095189,True
90,extraheavy_short_baseline,affine,24.039607,shift_ot_h,500,0.10824742268041238,550,0.091409,False
90,extraheavy_short_baseline,affine,30.0,shift_h,500,0.10824742268041238,550,0.091409,False
90,extraheavy_short_baseline,affine,30.0,crew_veh_h,MX2,0.09518900343642611,MX2,0.095189,True
90,extraheavy_short_baseline,affine,30.0,crew_team_h,MX2,0.09518900343642611,MX2,0.095189,True
90,extraheavy_short_baseline,affine,30.0,shift_ot_h,500,0.10824742268041238,550,0.091409,False
90,extraheavy_short_baseline,piecewise,5.1,shift_h,500,0.10824742268041238,550,0.091409,False
90,extraheavy_short_baseline,piecewise,5.1,crew_veh_h,MX2,0.09518900343642611,MX2,0.095189,True
90,extraheavy_short_baseline,piecewise,5.1,crew_team_h,MX2,0.09518900343642611,MX2,0.095189,True
90,extraheavy_short_baseline,piecewise,5.1,shift_ot_h,550,0.09140893470790377,550,0.091409,True
90,extraheavy_short_baseline,piecewise,6.364497,shift_h,500,0.10824742268041238,550,0.091409,False
90,extraheavy_short_baseline,piecewise,6.364497,crew_veh_h,MX2,0.09518900343642611,MX2,0.095189,True
90,extraheavy_short_baseline,piecewise,6.364497,crew_team_h,MX2,0.09518900343642611,MX2,0.095189,True
90,extraheavy_short_baseline,piecewise,6.364497,shift_ot_h,550,0.09140893470790377,550,0.091409,True
90,extraheavy_short_baseline,piecewise,7.942513,shift_h,500,0.10824742268041238,550,0.091409,False
90,extraheavy_short_baseline,piecewise,7.942513,crew_veh_h,MX2,0.09518900343642611,MX2,0.095189,True
90,extraheavy_short_baseline,piecewise,7.942513,crew_team_h,MX2,0.09518900343642611,MX2,0.095189,True
90,extraheavy_short_baseline,piecewise,7.942513,shift_ot_h,550,0.09140893470790377,550,0.091409,True
90,extraheavy_short_baseline,piecewise,9.911784,shift_h,500,0.10824742268041238,550,0.091409,False
90,extraheavy_short_baseline,piecewise,9.911784,crew_veh_h,MX2,0.09518900343642611,MX2,0.095189,True
90,extraheavy_short_baseline,piecewise,9.911784,crew_team_h,MX2,0.09518900343642611,MX2,0.095189,True
90,extraheavy_short_baseline,piecewise,9.911784,shift_ot_h,500,0.10824742268041238,550,0.091409,False
90,extraheavy_short_baseline,piecewise,12.369317,shift_h,500,0.10824742268041238,550,0.091409,False
90,extraheavy_short_baseline,piecewise,12.369317,crew_veh_h,MX2,0.09518900343642611,MX2,0.095189,True
90,extraheavy_short_baseline,piecewise,12.369317,crew_team_h,MX2,0.09518900343642611,MX2,0.095189,True
90,extraheavy_short_baseline,piecewise,12.369317,shift_ot_h,500,0.10824742268041238,550,0.091409,False
90,extraheavy_short_baseline,piecewise,15.436172,shift_h,500,0.10824742268041238,550,0.091409,False
90,extraheavy_short_baseline,piecewise,15.436172,crew_veh_h,MX2,0.09518900343642611,MX2,0.095189,True
90,extraheavy_short_baseline,piecewise,15.436172,crew_team_h,MX2,0.09518900343642611,MX2,0.095189,True
90,extraheavy_short_baseline,piecewise,15.436172,shift_ot_h,500,0.10824742268041238,550,0.091409,False
90,extraheavy_short_baseline,piecewise,19.263424,shift_h,500,0.10824742268041238,550,0.091409,False
90,extraheavy_short_baseline,piecewise,19.263424,crew_veh_h,MX2,0.09518900343642611,MX2,0.095189,True
90,extraheavy_short_baseline,piecewise,19.263424,crew_team_h,MX2,0.09518900343642611,MX2,0.095189,True
90,extraheavy_short_baseline,piecewise,19.263424,shift_ot_h,500,0.10824742268041238,550,0.091409,False
90,extraheavy_short_baseline,piecewise,24.039607,shift_h,500,0.10824742268041238,550,0.091409,False
90,extraheavy_short_baseline,piecewise,24.039607,crew_veh_h,MX2,0.09518900343642611,MX2,0.095189,True
90,extraheavy_short_baseline,piecewise,24.039607,crew_team_h,MX2,0.09518900343642611,MX2,0.095189,True
90,extraheavy_short_baseline,piecewise,24.039607,shift_ot_h,500,0.10824742268041238,550,0.091409,False
90,extraheavy_short_baseline,piecewise,30.0,shift_h,500,0.10824742268041238,550,0.091409,False
90,extraheavy_short_baseline,piecewise,30.0,crew_veh_h,MX2,0.09518900343642611,MX2,0.095189,True
90,extraheavy_short_baseline,piecewise,30.0,crew_team_h,MX2,0.09518900343642611,MX2,0.095189,True
90,extraheavy_short_baseline,piecewise,30.0,shift_ot_h,500,0.10824742268041238,550,0.091409,False
90,extraheavy_short_baseline,power_0.72,5.1,shift_h,500,0.10824742268041238,550,0.091409,False
90,extraheavy_short_baseline,power_0.72,5.1,crew_veh_h,MX2,0.09518900343642611,MX2,0.095189,True
90,extraheavy_short_baseline,power_0.72,5.1,crew_team_h,MX2,0.09518900343642611,MX2,0.095189,True
90,extraheavy_short_baseline,power_0.72,5.1,shift_ot_h,550,0.09140893470790377,550,0.091409,True
90,extraheavy_short_baseline,power_0.72,6.364497,shift_h,500,0.10824742268041238,550,0.091409,False
90,extraheavy_short_baseline,power_0.72,6.364497,crew_veh_h,MX2,0.09518900343642611,MX2,0.095189,True
90,extraheavy_short_baseline,power_0.72,6.364497,crew_team_h,MX2,0.09518900343642611,MX2,0.095189,True
90,extraheavy_short_baseline,power_0.72,6.364497,shift_ot_h,550,0.09140893470790377,550,0.091409,True
90,extraheavy_short_baseline,power_0.72,7.942513,shift_h,500,0.10824742268041238,550,0.091409,False
90,extraheavy_short_baseline,power_0.72,7.942513,crew_veh_h,MX2,0.09518900343642611,MX2,0.095189,True
90,extraheavy_short_baseline,power_0.72,7.942513,crew_team_h,MX2,0.09518900343642611,MX2,0.095189,True
90,extraheavy_short_baseline,power_0.72,7.942513,shift_ot_h,550,0.09140893470790377,550,0.091409,True
90,extraheavy_short_baseline,power_0.72,9.911784,shift_h,500,0.10824742268041238,550,0.091409,False
90,extraheavy_short_baseline,power_0.72,9.911784,crew_veh_h,MX2,0.09518900343642611,MX2,0.095189,True
90,extraheavy_short_baseline,power_0.72,9.911784,crew_team_h,MX2,0.09518900343642611,MX2,0.095189,True
90,extraheavy_short_baseline,power_0.72,9.911784,shift_ot_h,550,0.09140893470790377,550,0.091409,True
90,extraheavy_short_baseline,power_0.72,12.369317,shift_h,500,0.10824742268041238,550,0.091409,False
90,extraheavy_short_baseline,power_0.72,12.369317,crew_veh_h,MX2,0.09518900343642611,MX2,0.095189,True
90,extraheavy_short_baseline,power_0.72,12.369317,crew_team_h,MX2,0.09518900343642611,MX2,0.095189,True
90,extraheavy_short_baseline,power_0.72,12.369317,shift_ot_h,500,0.10824742268041238,550,0.091409,False
90,extraheavy_short_baseline,power_0.72,15.436172,shift_h,500,0.10824742268041238,550,0.091409,False
90,extraheavy_short_baseline,power_0.72,15.436172,crew_veh_h,MX2,0.09518900343642611,MX2,0.095189,True
90,extraheavy_short_baseline,power_0.72,15.436172,crew_team_h,MX2,0.09518900343642611,MX2,0.095189,True
90,extraheavy_short_baseline,power_0.72,15.436172,shift_ot_h,500,0.10824742268041238,550,0.091409,False
90,extraheavy_short_baseline,power_0.72,19.263424,shift_h,500,0.10824742268041238,550,0.091409,False
90,extraheavy_short_baseline,power_0.72,19.263424,crew_veh_h,MX2,0.09518900343642611,MX2,0.095189,True
90,extraheavy_short_baseline,power_0.72,19.263424,crew_team_h,MX2,0.09518900343642611,MX2,0.095189,True
90,extraheavy_short_baseline,power_0.72,19.263424,shift_ot_h,500,0.10824742268041238,550,0.091409,False
90,extraheavy_short_baseline,power_0.72,24.039607,shift_h,500,0.10824742268041238,550,0.091409,False
90,extraheavy_short_baseline,power_0.72,24.039607,crew_veh_h,MX2,0.09518900343642611,MX2,0.095189,True
90,extraheavy_short_baseline,power_0.72,24.039607,crew_team_h,MX2,0.09518900343642611,MX2,0.095189,True
90,extraheavy_short_baseline,power_0.72,24.039607,shift_ot_h,500,0.10824742268041238,550,0.091409,False
90,extraheavy_short_baseline,power_0.72,30.0,shift_h,500,0.10824742268041238,550,0.091409,False
90,extraheavy_short_baseline,power_0.72,30.0,crew_veh_h,MX2,0.09518900343642611,MX2,0.095189,True
90,extraheavy_short_baseline,power_0.72,30.0,crew_team_h,MX2,0.09518900343642611,MX2,0.095189,True
90,extraheavy_short_baseline,power_0.72,30.0,shift_ot_h,500,0.10824742268041238,550,0.091409,False
90,extraheavy_short_baseline,power_0.84,5.1,shift_h,500,0.10824742268041238,550,0.091409,False
90,extraheavy_short_baseline,power_0.84,5.1,crew_veh_h,MX2,0.09518900343642611,MX2,0.095189,True
90,extraheavy_short_baseline,power_0.84,5.1,crew_team_h,MX2,0.09518900343642611,MX2,0.095189,True
90,extraheavy_short_baseline,power_0.84,5.1,shift_ot_h,550,0.09140893470790377,550,0.091409,True
90,extraheavy_short_baseline,power_0.84,6.364497,shift_h,500,0.10824742268041238,550,0.091409,False
90,extraheavy_short_baseline,power_0.84,6.364497,crew_veh_h,MX2,0.09518900343642611,MX2,0.095189,True
90,extraheavy_short_baseline,power_0.84,6.364497,crew_team_h,MX2,0.09518900343642611,MX2,0.095189,True
90,extraheavy_short_baseline,power_0.84,6.364497,shift_ot_h,550,0.09140893470790377,550,0.091409,True
90,extraheavy_short_baseline,power_0.84,7.942513,shift_h,500,0.10824742268041238,550,0.091409,False
90,extraheavy_short_baseline,power_0.84,7.942513,crew_veh_h,MX2,0.09518900343642611,MX2,0.095189,True
90,extraheavy_short_baseline,power_0.84,7.942513,crew_team_h,MX2,0.09518900343642611,MX2,0.095189,True
90,extraheavy_short_baseline,power_0.84,7.942513,shift_ot_h,550,0.09140893470790377,550,0.091409,True
90,extraheavy_short_baseline,power_0.84,9.911784,shift_h,500,0.10824742268041238,550,0.091409,False
90,extraheavy_short_baseline,power_0.84,9.911784,crew_veh_h,MX2,0.09518900343642611,MX2,0.095189,True
90,extraheavy_short_baseline,power_0.84,9.911784,crew_team_h,MX2,0.09518900343642611,MX2,0.095189,True
90,extraheavy_short_baseline,power_0.84,9.911784,shift_ot_h,500,0.10824742268041238,550,0.091409,False
90,extraheavy_short_baseline,power_0.84,12.369317,shift_h,500,0.10824742268041238,550,0.091409,False
90,extraheavy_short_baseline,power_0.84,12.369317,crew_veh_h,MX2,0.09518900343642611,MX2,0.095189,True
90,extraheavy_short_baseline,power_0.84,12.369317,crew_team_h,MX2,0.09518900343642611,MX2,0.095189,True
90,extraheavy_short_baseline,power_0.84,12.369317,shift_ot_h,500,0.10824742268041238,550,0.091409,False
90,extraheavy_short_baseline,power_0.84,15.436172,shift_h,500,0.10824742268041238,550,0.091409,False
90,extraheavy_short_baseline,power_0.84,15.436172,crew_veh_h,MX2,0.09518900343642611,MX2,0.095189,True
90,extraheavy_short_baseline,power_0.84,15.436172,crew_team_h,MX2,0.09518900343642611,MX2,0.095189,True
90,extraheavy_short_baseline,power_0.84,15.436172,shift_ot_h,500,0.10824742268041238,550,0.091409,False
90,extraheavy_short_baseline,power_0.84,19.263424,shift_h,500,0.10824742268041238,550,0.091409,False
90,extraheavy_short_baseline,power_0.84,19.263424,crew_veh_h,MX2,0.09518900343642611,MX2,0.095189,True
90,extraheavy_short_baseline,power_0.84,19.263424,crew_team_h,MX2,0.09518900343642611,MX2,0.095189,True
90,extraheavy_short_baseline,power_0.84,19.263424,shift_ot_h,500,0.10824742268041238,550,0.091409,False
90,extraheavy_short_baseline,power_0.84,24.039607,shift_h,500,0.10824742268041238,550,0.091409,False
90,extraheavy_short_baseline,power_0.84,24.039607,crew_veh_h,MX2,0.09518900343642611,MX2,0.095189,True
90,extraheavy_short_baseline,power_0.84,24.039607,crew_team_h,MX2,0.09518900343642611,MX2,0.095189,True
90,extraheavy_short_baseline,power_0.84,24.039607,shift_ot_h,500,0.10824742268041238,550,0.091409,False
90,extraheavy_short_baseline,power_0.84,30.0,shift_h,500,0.10824742268041238,550,0.091409,False
90,extraheavy_short_baseline,power_0.84,30.0,crew_veh_h,MX2,0.09518900343642611,MX2,0.095189,True
90,extraheavy_short_baseline,power_0.84,30.0,crew_team_h,MX2,0.09518900343642611,MX2,0.095189,True
90,extraheavy_short_baseline,power_0.84,30.0,shift_ot_h,500,0.10824742268041238,550,0.091409,False
90,extraheavy_short_baseline,power_0.96,5.1,shift_h,500,0.10824742268041238,550,0.091409,False
90,extraheavy_short_baseline,power_0.96,5.1,crew_veh_h,MX2,0.09518900343642611,MX2,0.095189,True
90,extraheavy_short_baseline,power_0.96,5.1,crew_team_h,MX2,0.09518900343642611,MX2,0.095189,True
90,extraheavy_short_baseline,power_0.96,5.1,shift_ot_h,550,0.09140893470790377,550,0.091409,True
90,extraheavy_short_baseline,power_0.96,6.364497,shift_h,500,0.10824742268041238,550,0.091409,False
90,extraheavy_short_baseline,power_0.96,6.364497,crew_veh_h,MX2,0.09518900343642611,MX2,0.095189,True
90,extraheavy_short_baseline,power_0.96,6.364497,crew_team_h,MX2,0.09518900343642611,MX2,0.095189,True
90,extraheavy_short_baseline,power_0.96,6.364497,shift_ot_h,550,0.09140893470790377,550,0.091409,True
90,extraheavy_short_baseline,power_0.96,7.942513,shift_h,500,0.10824742268041238,550,0.091409,False
90,extraheavy_short_baseline,power_0.96,7.942513,crew_veh_h,MX2,0.09518900343642611,MX2,0.095189,True
90,extraheavy_short_baseline,power_0.96,7.942513,crew_team_h,MX2,0.09518900343642611,MX2,0.095189,True
90,extraheavy_short_baseline,power_0.96,7.942513,shift_ot_h,500,0.10824742268041238,550,0.091409,False
90,extraheavy_short_baseline,power_0.96,9.911784,shift_h,500,0.10824742268041238,550,0.091409,False
90,extraheavy_short_baseline,power_0.96,9.911784,crew_veh_h,MX2,0.09518900343642611,MX2,0.095189,True
90,extraheavy_short_baseline,power_0.96,9.911784,crew_team_h,MX2,0.09518900343642611,MX2,0.095189,True
90,extraheavy_short_baseline,power_0.96,9.911784,shift_ot_h,500,0.10824742268041238,550,0.091409,False
90,extraheavy_short_baseline,power_0.96,12.369317,shift_h,500,0.10824742268041238,550,0.091409,False
90,extraheavy_short_baseline,power_0.96,12.369317,crew_veh_h,MX2,0.09518900343642611,MX2,0.095189,True
90,extraheavy_short_baseline,power_0.96,12.369317,crew_team_h,MX2,0.09518900343642611,MX2,0.095189,True
90,extraheavy_short_baseline,power_0.96,12.369317,shift_ot_h,500,0.10824742268041238,550,0.091409,False
90,extraheavy_short_baseline,power_0.96,15.436172,shift_h,500,0.10824742268041238,550,0.091409,False
90,extraheavy_short_baseline,power_0.96,15.436172,crew_veh_h,MX2,0.09518900343642611,MX2,0.095189,True
90,extraheavy_short_baseline,power_0.96,15.436172,crew_team_h,MX2,0.09518900343642611,MX2,0.095189,True
90,extraheavy_short_baseline,power_0.96,15.436172,shift_ot_h,500,0.10824742268041238,550,0.091409,False
90,extraheavy_short_baseline,power_0.96,19.263424,shift_h,500,0.10824742268041238,550,0.091409,False
90,extraheavy_short_baseline,power_0.96,19.263424,crew_veh_h,MX2,0.09518900343642611,MX2,0.095189,True
90,extraheavy_short_baseline,power_0.96,19.263424,crew_team_h,MX2,0.09518900343642611,MX2,0.095189,True
90,extraheavy_short_baseline,power_0.96,19.263424,shift_ot_h,500,0.10824742268041238,550,0.091409,False
90,extraheavy_short_baseline,power_0.96,24.039607,shift_h,500,0.10824742268041238,550,0.091409,False
90,extraheavy_short_baseline,power_0.96,24.039607,crew_veh_h,MX2,0.09518900343642611,MX2,0.095189,True
90,extraheavy_short_baseline,power_0.96,24.039607,crew_team_h,MX2,0.09518900343642611,MX2,0.095189,True
90,extraheavy_short_baseline,power_0.96,24.039607,shift_ot_h,500,0.10824742268041238,550,0.091409,False
90,extraheavy_short_baseline,power_0.96,30.0,shift_h,500,0.10824742268041238,550,0.091409,False
90,extraheavy_short_baseline,power_0.96,30.0,crew_veh_h,MX2,0.09518900343642611,MX2,0.095189,True
90,extraheavy_short_baseline,power_0.96,30.0,crew_team_h,MX2,0.09518900343642611,MX2,0.095189,True
90,extraheavy_short_baseline,power_0.96,30.0,shift_ot_h,500,0.10824742268041238,MX2,0.095189,False
90,rohcha_short_baseline,affine,5.1,shift_h,550,0.0,550,0.0,True
90,rohcha_short_baseline,affine,5.1,crew_veh_h,550,0.0,550,0.0,True
90,rohcha_short_baseline,affine,5.1,crew_team_h,550,0.0,550,0.0,True
90,rohcha_short_baseline,affine,5.1,shift_ot_h,550,0.0,550,0.0,True
90,rohcha_short_baseline,affine,6.364497,shift_h,550,0.0,550,0.0,True
90,rohcha_short_baseline,affine,6.364497,crew_veh_h,550,0.0,550,0.0,True
90,rohcha_short_baseline,affine,6.364497,crew_team_h,550,0.0,550,0.0,True
90,rohcha_short_baseline,affine,6.364497,shift_ot_h,550,0.0,550,0.0,True
90,rohcha_short_baseline,affine,7.942513,shift_h,550,0.0,550,0.0,True
90,rohcha_short_baseline,affine,7.942513,crew_veh_h,550,0.0,550,0.0,True
90,rohcha_short_baseline,affine,7.942513,crew_team_h,550,0.0,550,0.0,True
90,rohcha_short_baseline,affine,7.942513,shift_ot_h,550,0.0,550,0.0,True
90,rohcha_short_baseline,affine,9.911784,shift_h,550,0.0,550,0.0,True
90,rohcha_short_baseline,affine,9.911784,crew_veh_h,550,0.0,550,0.0,True
90,rohcha_short_baseline,affine,9.911784,crew_team_h,550,0.0,550,0.0,True
90,rohcha_short_baseline,affine,9.911784,shift_ot_h,550,0.0,550,0.0,True
90,rohcha_short_baseline,affine,12.369317,shift_h,550,0.0,550,0.0,True
90,rohcha_short_baseline,affine,12.369317,crew_veh_h,550,0.0,550,0.0,True
90,rohcha_short_baseline,affine,12.369317,crew_team_h,550,0.0,550,0.0,True
90,rohcha_short_baseline,affine,12.369317,shift_ot_h,550,0.0,550,0.0,True
90,rohcha_short_baseline,affine,15.436172,shift_h,550,0.0,550,0.0,True
90,rohcha_short_baseline,affine,15.436172,crew_veh_h,550,0.0,550,0.0,True
90,rohcha_short_baseline,affine,15.436172,crew_team_h,550,0.0,550,0.0,True
90,rohcha_short_baseline,affine,15.436172,shift_ot_h,550,0.0,550,0.0,True
90,rohcha_short_baseline,affine,19.263424,shift_h,550,0.0,550,0.0,True
90,rohcha_short_baseline,affine,19.263424,crew_veh_h,550,0.0,550,0.0,True
90,rohcha_short_baseline,affine,19.263424,crew_team_h,550,0.0,550,0.0,True
90,rohcha_short_baseline,affine,19.263424,shift_ot_h,550,0.0,550,0.0,True
90,rohcha_short_baseline,affine,24.039607,shift_h,550,0.0,550,0.0,True
90,rohcha_short_baseline,affine,24.039607,crew_veh_h,550,0.0,550,0.0,True
90,rohcha_short_baseline,affine,24.039607,crew_team_h,550,0.0,550,0.0,True
90,rohcha_short_baseline,affine,24.039607,shift_ot_h,550,0.0,550,0.0,True
90,rohcha_short_baseline,affine,30.0,shift_h,550,0.0,550,0.0,True
90,rohcha_short_baseline,affine,30.0,crew_veh_h,550,0.0,550,0.0,True
90,rohcha_short_baseline,affine,30.0,crew_team_h,550,0.0,550,0.0,True
90,rohcha_short_baseline,affine,30.0,shift_ot_h,550,0.0,550,0.0,True
90,rohcha_short_baseline,piecewise,5.1,shift_h,550,0.0,550,0.0,True
90,rohcha_short_baseline,piecewise,5.1,crew_veh_h,550,0.0,550,0.0,True
90,rohcha_short_baseline,piecewise,5.1,crew_team_h,550,0.0,550,0.0,True
90,rohcha_short_baseline,piecewise,5.1,shift_ot_h,550,0.0,550,0.0,True
90,rohcha_short_baseline,piecewise,6.364497,shift_h,550,0.0,550,0.0,True
90,rohcha_short_baseline,piecewise,6.364497,crew_veh_h,550,0.0,550,0.0,True
90,rohcha_short_baseline,piecewise,6.364497,crew_team_h,550,0.0,550,0.0,True
90,rohcha_short_baseline,piecewise,6.364497,shift_ot_h,550,0.0,550,0.0,True
90,rohcha_short_baseline,piecewise,7.942513,shift_h,550,0.0,550,0.0,True
90,rohcha_short_baseline,piecewise,7.942513,crew_veh_h,550,0.0,550,0.0,True
90,rohcha_short_baseline,piecewise,7.942513,crew_team_h,550,0.0,550,0.0,True
90,rohcha_short_baseline,piecewise,7.942513,shift_ot_h,550,0.0,550,0.0,True
90,rohcha_short_baseline,piecewise,9.911784,shift_h,550,0.0,550,0.0,True
90,rohcha_short_baseline,piecewise,9.911784,crew_veh_h,550,0.0,550,0.0,True
90,rohcha_short_baseline,piecewise,9.911784,crew_team_h,550,0.0,550,0.0,True
90,rohcha_short_baseline,piecewise,9.911784,shift_ot_h,550,0.0,550,0.0,True
90,rohcha_short_baseline,piecewise,12.369317,shift_h,550,0.0,550,0.0,True
90,rohcha_short_baseline,piecewise,12.369317,crew_veh_h,550,0.0,550,0.0,True
90,rohcha_short_baseline,piecewise,12.369317,crew_team_h,550,0.0,550,0.0,True
90,rohcha_short_baseline,piecewise,12.369317,shift_ot_h,550,0.0,550,0.0,True
90,rohcha_short_baseline,piecewise,15.436172,shift_h,550,0.0,550,0.0,True
90,rohcha_short_baseline,piecewise,15.436172,crew_veh_h,550,0.0,550,0.0,True
90,rohcha_short_baseline,piecewise,15.436172,crew_team_h,550,0.0,550,0.0,True
90,rohcha_short_baseline,piecewise,15.436172,shift_ot_h,550,0.0,550,0.0,True
90,rohcha_short_baseline,piecewise,19.263424,shift_h,550,0.0,550,0.0,True
90,rohcha_short_baseline,piecewise,19.263424,crew_veh_h,550,0.0,550,0.0,True
90,rohcha_short_baseline,piecewise,19.263424,crew_team_h,550,0.0,550,0.0,True
90,rohcha_short_baseline,piecewise,19.263424,shift_ot_h,550,0.0,550,0.0,True
90,rohcha_short_baseline,piecewise,24.039607,shift_h,550,0.0,550,0.0,True
90,rohcha_short_baseline,piecewise,24.039607,crew_veh_h,550,0.0,550,0.0,True
90,rohcha_short_baseline,piecewise,24.039607,crew_team_h,550,0.0,550,0.0,True
90,rohcha_short_baseline,piecewise,24.039607,shift_ot_h,550,0.0,550,0.0,True
90,rohcha_short_baseline,piecewise,30.0,shift_h,550,0.0,550,0.0,True
90,rohcha_short_baseline,piecewise,30.0,crew_veh_h,550,0.0,550,0.0,True
90,rohcha_short_baseline,piecewise,30.0,crew_team_h,550,0.0,550,0.0,True
90,rohcha_short_baseline,piecewise,30.0,shift_ot_h,550,0.0,550,0.0,True
90,rohcha_short_baseline,power_0.72,5.1,shift_h,550,0.0,550,0.0,True
90,rohcha_short_baseline,power_0.72,5.1,crew_veh_h,550,0.0,550,0.0,True
90,rohcha_short_baseline,power_0.72,5.1,crew_team_h,550,0.0,550,0.0,True
90,rohcha_short_baseline,power_0.72,5.1,shift_ot_h,550,0.0,550,0.0,True
90,rohcha_short_baseline,power_0.72,6.364497,shift_h,550,0.0,550,0.0,True
90,rohcha_short_baseline,power_0.72,6.364497,crew_veh_h,550,0.0,550,0.0,True
90,rohcha_short_baseline,power_0.72,6.364497,crew_team_h,550,0.0,550,0.0,True
90,rohcha_short_baseline,power_0.72,6.364497,shift_ot_h,550,0.0,550,0.0,True
90,rohcha_short_baseline,power_0.72,7.942513,shift_h,550,0.0,550,0.0,True
90,rohcha_short_baseline,power_0.72,7.942513,crew_veh_h,550,0.0,550,0.0,True
90,rohcha_short_baseline,power_0.72,7.942513,crew_team_h,550,0.0,550,0.0,True
90,rohcha_short_baseline,power_0.72,7.942513,shift_ot_h,550,0.0,550,0.0,True
90,rohcha_short_baseline,power_0.72,9.911784,shift_h,550,0.0,550,0.0,True
90,rohcha_short_baseline,power_0.72,9.911784,crew_veh_h,550,0.0,550,0.0,True
90,rohcha_short_baseline,power_0.72,9.911784,crew_team_h,550,0.0,550,0.0,True
90,rohcha_short_baseline,power_0.72,9.911784,shift_ot_h,550,0.0,550,0.0,True
90,rohcha_short_baseline,power_0.72,12.369317,shift_h,550,0.0,550,0.0,True
90,rohcha_short_baseline,power_0.72,12.369317,crew_veh_h,550,0.0,550,0.0,True
90,rohcha_short_baseline,power_0.72,12.369317,crew_team_h,550,0.0,550,0.0,True
90,rohcha_short_baseline,power_0.72,12.369317,shift_ot_h,550,0.0,550,0.0,True
90,rohcha_short_baseline,power_0.72,15.436172,shift_h,550,0.0,550,0.0,True
90,rohcha_short_baseline,power_0.72,15.436172,crew_veh_h,550,0.0,550,0.0,True
90,rohcha_short_baseline,power_0.72,15.436172,crew_team_h,550,0.0,550,0.0,True
90,rohcha_short_baseline,power_0.72,15.436172,shift_ot_h,550,0.0,550,0.0,True
90,rohcha_short_baseline,power_0.72,19.263424,shift_h,550,0.0,550,0.0,True
90,rohcha_short_baseline,power_0.72,19.263424,crew_veh_h,550,0.0,550,0.0,True
90,rohcha_short_baseline,power_0.72,19.263424,crew_team_h,550,0.0,550,0.0,True
90,rohcha_short_baseline,power_0.72,19.263424,shift_ot_h,550,0.0,550,0.0,True
90,rohcha_short_baseline,power_0.72,24.039607,shift_h,550,0.0,550,0.0,True
90,rohcha_short_baseline,power_0.72,24.039607,crew_veh_h,550,0.0,550,0.0,True
90,rohcha_short_baseline,power_0.72,24.039607,crew_team_h,550,0.0,550,0.0,True
90,rohcha_short_baseline,power_0.72,24.039607,shift_ot_h,550,0.0,550,0.0,True
90,rohcha_short_baseline,power_0.72,30.0,shift_h,550,0.0,550,0.0,True
90,rohcha_short_baseline,power_0.72,30.0,crew_veh_h,550,0.0,550,0.0,True
90,rohcha_short_baseline,power_0.72,30.0,crew_team_h,550,0.0,550,0.0,True
90,rohcha_short_baseline,power_0.72,30.0,shift_ot_h,550,0.0,550,0.0,True
90,rohcha_short_baseline,power_0.84,5.1,shift_h,550,0.0,550,0.0,True
90,rohcha_short_baseline,power_0.84,5.1,crew_veh_h,550,0.0,550,0.0,True
90,rohcha_short_baseline,power_0.84,5.1,crew_team_h,550,0.0,550,0.0,True
90,rohcha_short_baseline,power_0.84,5.1,shift_ot_h,550,0.0,550,0.0,True
90,rohcha_short_baseline,power_0.84,6.364497,shift_h,550,0.0,550,0.0,True
90,rohcha_short_baseline,power_0.84,6.364497,crew_veh_h,550,0.0,550,0.0,True
90,rohcha_short_baseline,power_0.84,6.364497,crew_team_h,550,0.0,550,0.0,True
90,rohcha_short_baseline,power_0.84,6.364497,shift_ot_h,550,0.0,550,0.0,True
90,rohcha_short_baseline,power_0.84,7.942513,shift_h,550,0.0,550,0.0,True
90,rohcha_short_baseline,power_0.84,7.942513,crew_veh_h,550,0.0,550,0.0,True
90,rohcha_short_baseline,power_0.84,7.942513,crew_team_h,550,0.0,550,0.0,True
90,rohcha_short_baseline,power_0.84,7.942513,shift_ot_h,550,0.0,550,0.0,True
90,rohcha_short_baseline,power_0.84,9.911784,shift_h,550,0.0,550,0.0,True
90,rohcha_short_baseline,power_0.84,9.911784,crew_veh_h,550,0.0,550,0.0,True
90,rohcha_short_baseline,power_0.84,9.911784,crew_team_h,550,0.0,550,0.0,True
90,rohcha_short_baseline,power_0.84,9.911784,shift_ot_h,550,0.0,550,0.0,True
90,rohcha_short_baseline,power_0.84,12.369317,shift_h,550,0.0,550,0.0,True
90,rohcha_short_baseline,power_0.84,12.369317,crew_veh_h,550,0.0,550,0.0,True
90,rohcha_short_baseline,power_0.84,12.369317,crew_team_h,550,0.0,550,0.0,True
90,rohcha_short_baseline,power_0.84,12.369317,shift_ot_h,550,0.0,550,0.0,True
90,rohcha_short_baseline,power_0.84,15.436172,shift_h,550,0.0,550,0.0,True
90,rohcha_short_baseline,power_0.84,15.436172,crew_veh_h,550,0.0,550,0.0,True
90,rohcha_short_baseline,power_0.84,15.436172,crew_team_h,550,0.0,550,0.0,True
90,rohcha_short_baseline,power_0.84,15.436172,shift_ot_h,550,0.0,550,0.0,True
90,rohcha_short_baseline,power_0.84,19.263424,shift_h,550,0.0,550,0.0,True
90,rohcha_short_baseline,power_0.84,19.263424,crew_veh_h,550,0.0,550,0.0,True
90,rohcha_short_baseline,power_0.84,19.263424,crew_team_h,550,0.0,550,0.0,True
90,rohcha_short_baseline,power_0.84,19.263424,shift_ot_h,550,0.0,550,0.0,True
90,rohcha_short_baseline,power_0.84,24.039607,shift_h,550,0.0,550,0.0,True
90,rohcha_short_baseline,power_0.84,24.039607,crew_veh_h,550,0.0,550,0.0,True
90,rohcha_short_baseline,power_0.84,24.039607,crew_team_h,550,0.0,550,0.0,True
90,rohcha_short_baseline,power_0.84,24.039607,shift_ot_h,550,0.0,550,0.0,True
90,rohcha_short_baseline,power_0.84,30.0,shift_h,550,0.0,550,0.0,True
90,rohcha_short_baseline,power_0.84,30.0,crew_veh_h,550,0.0,550,0.0,True
90,rohcha_short_baseline,power_0.84,30.0,crew_team_h,550,0.0,550,0.0,True
90,rohcha_short_baseline,power_0.84,30.0,shift_ot_h,550,0.0,550,0.0,True
90,rohcha_short_baseline,power_0.96,5.1,shift_h,550,0.0,550,0.0,True
90,rohcha_short_baseline,power_0.96,5.1,crew_veh_h,550,0.0,550,0.0,True
90,rohcha_short_baseline,power_0.96,5.1,crew_team_h,550,0.0,550,0.0,True
90,rohcha_short_baseline,power_0.96,5.1,shift_ot_h,550,0.0,550,0.0,True
90,rohcha_short_baseline,power_0.96,6.364497,shift_h,550,0.0,550,0.0,True
90,rohcha_short_baseline,power_0.96,6.364497,crew_veh_h,550,0.0,550,0.0,True
90,rohcha_short_baseline,power_0.96,6.364497,crew_team_h,550,0.0,550,0.0,True
90,rohcha_short_baseline,power_0.96,6.364497,shift_ot_h,550,0.0,550,0.0,True
90,rohcha_short_baseline,power_0.96,7.942513,shift_h,550,0.0,550,0.0,True
90,rohcha_short_baseline,power_0.96,7.942513,crew_veh_h,550,0.0,550,0.0,True
90,rohcha_short_baseline,power_0.96,7.942513,crew_team_h,550,0.0,550,0.0,True
90,rohcha_short_baseline,power_0.96,7.942513,shift_ot_h,550,0.0,550,0.0,True
90,rohcha_short_baseline,power_0.96,9.911784,shift_h,550,0.0,550,0.0,True
90,rohcha_short_baseline,power_0.96,9.911784,crew_veh_h,550,0.0,550,0.0,True
90,rohcha_short_baseline,power_0.96,9.911784,crew_team_h,550,0.0,550,0.0,True
90,rohcha_short_baseline,power_0.96,9.911784,shift_ot_h,550,0.0,550,0.0,True
90,rohcha_short_baseline,power_0.96,12.369317,shift_h,550,0.0,550,0.0,True
90,rohcha_short_baseline,power_0.96,12.369317,crew_veh_h,550,0.0,550,0.0,True
90,rohcha_short_baseline,power_0.96,12.369317,crew_team_h,550,0.0,550,0.0,True
90,rohcha_short_baseline,power_0.96,12.369317,shift_ot_h,550,0.0,550,0.0,True
90,rohcha_short_baseline,power_0.96,15.436172,shift_h,550,0.0,550,0.0,True
90,rohcha_short_baseline,power_0.96,15.436172,crew_veh_h,550,0.0,550,0.0,True
90,rohcha_short_baseline,power_0.96,15.436172,crew_team_h,550,0.0,550,0.0,True
90,rohcha_short_baseline,power_0.96,15.436172,shift_ot_h,550,0.0,550,0.0,True
90,rohcha_short_baseline,power_0.96,19.263424,shift_h,550,0.0,550,0.0,True
90,rohcha_short_baseline,power_0.96,19.263424,crew_veh_h,550,0.0,550,0.0,True
90,rohcha_short_baseline,power_0.96,19.263424,crew_team_h,550,0.0,550,0.0,True
90,rohcha_short_baseline,power_0.96,19.263424,shift_ot_h,550,0.0,550,0.0,True
90,rohcha_short_baseline,power_0.96,24.039607,shift_h,550,0.0,550,0.0,True
90,rohcha_short_baseline,power_0.96,24.039607,crew_veh_h,550,0.0,550,0.0,True
90,rohcha_short_baseline,power_0.96,24.039607,crew_team_h,550,0.0,550,0.0,True
90,rohcha_short_baseline,power_0.96,24.039607,shift_ot_h,550,0.0,550,0.0,True
90,rohcha_short_baseline,power_0.96,30.0,shift_h,550,0.0,550,0.0,True
90,rohcha_short_baseline,power_0.96,30.0,crew_veh_h,550,0.0,550,0.0,True
90,rohcha_short_baseline,power_0.96,30.0,crew_team_h,550,0.0,550,0.0,True
90,rohcha_short_baseline,power_0.96,30.0,shift_ot_h,550,0.0,550,0.0,True
90,rohcha_massdep_baseline,affine,5.1,shift_h,550,0.0,550,0.0,True
90,rohcha_massdep_baseline,affine,5.1,crew_veh_h,550,0.0,550,0.0,True
90,rohcha_massdep_baseline,affine,5.1,crew_team_h,550,0.0,550,0.0,True
90,rohcha_massdep_baseline,affine,5.1,shift_ot_h,550,0.0,550,0.0,True
90,rohcha_massdep_baseline,affine,6.364497,shift_h,550,0.0,550,0.0,True
90,rohcha_massdep_baseline,affine,6.364497,crew_veh_h,550,0.0,550,0.0,True
90,rohcha_massdep_baseline,affine,6.364497,crew_team_h,550,0.0,550,0.0,True
90,rohcha_massdep_baseline,affine,6.364497,shift_ot_h,550,0.0,550,0.0,True
90,rohcha_massdep_baseline,affine,7.942513,shift_h,550,0.0,550,0.0,True
90,rohcha_massdep_baseline,affine,7.942513,crew_veh_h,550,0.0,550,0.0,True
90,rohcha_massdep_baseline,affine,7.942513,crew_team_h,550,0.0,550,0.0,True
90,rohcha_massdep_baseline,affine,7.942513,shift_ot_h,550,0.0,550,0.0,True
90,rohcha_massdep_baseline,affine,9.911784,shift_h,550,0.0,550,0.0,True
90,rohcha_massdep_baseline,affine,9.911784,crew_veh_h,550,0.0,550,0.0,True
90,rohcha_massdep_baseline,affine,9.911784,crew_team_h,550,0.0,550,0.0,True
90,rohcha_massdep_baseline,affine,9.911784,shift_ot_h,550,0.0,550,0.0,True
90,rohcha_massdep_baseline,affine,12.369317,shift_h,550,0.0,550,0.0,True
90,rohcha_massdep_baseline,affine,12.369317,crew_veh_h,550,0.0,550,0.0,True
90,rohcha_massdep_baseline,affine,12.369317,crew_team_h,550,0.0,550,0.0,True
90,rohcha_massdep_baseline,affine,12.369317,shift_ot_h,550,0.0,550,0.0,True
90,rohcha_massdep_baseline,affine,15.436172,shift_h,550,0.0,550,0.0,True
90,rohcha_massdep_baseline,affine,15.436172,crew_veh_h,550,0.0,550,0.0,True
90,rohcha_massdep_baseline,affine,15.436172,crew_team_h,550,0.0,550,0.0,True
90,rohcha_massdep_baseline,affine,15.436172,shift_ot_h,550,0.0,550,0.0,True
90,rohcha_massdep_baseline,affine,19.263424,shift_h,550,0.0,550,0.0,True
90,rohcha_massdep_baseline,affine,19.263424,crew_veh_h,550,0.0,550,0.0,True
90,rohcha_massdep_baseline,affine,19.263424,crew_team_h,550,0.0,550,0.0,True
90,rohcha_massdep_baseline,affine,19.263424,shift_ot_h,550,0.0,550,0.0,True
90,rohcha_massdep_baseline,affine,24.039607,shift_h,550,0.0,550,0.0,True
90,rohcha_massdep_baseline,affine,24.039607,crew_veh_h,550,0.0,550,0.0,True
90,rohcha_massdep_baseline,affine,24.039607,crew_team_h,550,0.0,550,0.0,True
90,rohcha_massdep_baseline,affine,24.039607,shift_ot_h,550,0.0,550,0.0,True
90,rohcha_massdep_baseline,affine,30.0,shift_h,550,0.0,550,0.0,True
90,rohcha_massdep_baseline,affine,30.0,crew_veh_h,550,0.0,550,0.0,True
90,rohcha_massdep_baseline,affine,30.0,crew_team_h,550,0.0,550,0.0,True
90,rohcha_massdep_baseline,affine,30.0,shift_ot_h,550,0.0,550,0.0,True
90,rohcha_massdep_baseline,piecewise,5.1,shift_h,550,0.0,550,0.0,True
90,rohcha_massdep_baseline,piecewise,5.1,crew_veh_h,550,0.0,550,0.0,True
90,rohcha_massdep_baseline,piecewise,5.1,crew_team_h,550,0.0,550,0.0,True
90,rohcha_massdep_baseline,piecewise,5.1,shift_ot_h,550,0.0,550,0.0,True
90,rohcha_massdep_baseline,piecewise,6.364497,shift_h,550,0.0,550,0.0,True
90,rohcha_massdep_baseline,piecewise,6.364497,crew_veh_h,550,0.0,550,0.0,True
90,rohcha_massdep_baseline,piecewise,6.364497,crew_team_h,550,0.0,550,0.0,True
90,rohcha_massdep_baseline,piecewise,6.364497,shift_ot_h,550,0.0,550,0.0,True
90,rohcha_massdep_baseline,piecewise,7.942513,shift_h,550,0.0,550,0.0,True
90,rohcha_massdep_baseline,piecewise,7.942513,crew_veh_h,550,0.0,550,0.0,True
90,rohcha_massdep_baseline,piecewise,7.942513,crew_team_h,550,0.0,550,0.0,True
90,rohcha_massdep_baseline,piecewise,7.942513,shift_ot_h,550,0.0,550,0.0,True
90,rohcha_massdep_baseline,piecewise,9.911784,shift_h,550,0.0,550,0.0,True
90,rohcha_massdep_baseline,piecewise,9.911784,crew_veh_h,550,0.0,550,0.0,True
90,rohcha_massdep_baseline,piecewise,9.911784,crew_team_h,550,0.0,550,0.0,True
90,rohcha_massdep_baseline,piecewise,9.911784,shift_ot_h,550,0.0,550,0.0,True
90,rohcha_massdep_baseline,piecewise,12.369317,shift_h,550,0.0,550,0.0,True
90,rohcha_massdep_baseline,piecewise,12.369317,crew_veh_h,550,0.0,550,0.0,True
90,rohcha_massdep_baseline,piecewise,12.369317,crew_team_h,550,0.0,550,0.0,True
90,rohcha_massdep_baseline,piecewise,12.369317,shift_ot_h,550,0.0,550,0.0,True
90,rohcha_massdep_baseline,piecewise,15.436172,shift_h,550,0.0,550,0.0,True
90,rohcha_massdep_baseline,piecewise,15.436172,crew_veh_h,550,0.0,550,0.0,True
90,rohcha_massdep_baseline,piecewise,15.436172,crew_team_h,550,0.0,550,0.0,True
90,rohcha_massdep_baseline,piecewise,15.436172,shift_ot_h,550,0.0,550,0.0,True
90,rohcha_massdep_baseline,piecewise,19.263424,shift_h,550,0.0,550,0.0,True
90,rohcha_massdep_baseline,piecewise,19.263424,crew_veh_h,550,0.0,550,0.0,True
90,rohcha_massdep_baseline,piecewise,19.263424,crew_team_h,550,0.0,550,0.0,True
90,rohcha_massdep_baseline,piecewise,19.263424,shift_ot_h,550,0.0,550,0.0,True
90,rohcha_massdep_baseline,piecewise,24.039607,shift_h,550,0.0,550,0.0,True
90,rohcha_massdep_baseline,piecewise,24.039607,crew_veh_h,550,0.0,550,0.0,True
90,rohcha_massdep_baseline,piecewise,24.039607,crew_team_h,550,0.0,550,0.0,True
90,rohcha_massdep_baseline,piecewise,24.039607,shift_ot_h,550,0.0,550,0.0,True
90,rohcha_massdep_baseline,piecewise,30.0,shift_h,550,0.0,550,0.0,True
90,rohcha_massdep_baseline,piecewise,30.0,crew_veh_h,550,0.0,550,0.0,True
90,rohcha_massdep_baseline,piecewise,30.0,crew_team_h,550,0.0,550,0.0,True
90,rohcha_massdep_baseline,piecewise,30.0,shift_ot_h,550,0.0,550,0.0,True
90,rohcha_massdep_baseline,power_0.72,5.1,shift_h,550,0.0,550,0.0,True
90,rohcha_massdep_baseline,power_0.72,5.1,crew_veh_h,550,0.0,550,0.0,True
90,rohcha_massdep_baseline,power_0.72,5.1,crew_team_h,550,0.0,550,0.0,True
90,rohcha_massdep_baseline,power_0.72,5.1,shift_ot_h,550,0.0,550,0.0,True
90,rohcha_massdep_baseline,power_0.72,6.364497,shift_h,550,0.0,550,0.0,True
90,rohcha_massdep_baseline,power_0.72,6.364497,crew_veh_h,550,0.0,550,0.0,True
90,rohcha_massdep_baseline,power_0.72,6.364497,crew_team_h,550,0.0,550,0.0,True
90,rohcha_massdep_baseline,power_0.72,6.364497,shift_ot_h,550,0.0,550,0.0,True
90,rohcha_massdep_baseline,power_0.72,7.942513,shift_h,550,0.0,550,0.0,True
90,rohcha_massdep_baseline,power_0.72,7.942513,crew_veh_h,550,0.0,550,0.0,True
90,rohcha_massdep_baseline,power_0.72,7.942513,crew_team_h,550,0.0,550,0.0,True
90,rohcha_massdep_baseline,power_0.72,7.942513,shift_ot_h,550,0.0,550,0.0,True
90,rohcha_massdep_baseline,power_0.72,9.911784,shift_h,550,0.0,550,0.0,True
90,rohcha_massdep_baseline,power_0.72,9.911784,crew_veh_h,550,0.0,550,0.0,True
90,rohcha_massdep_baseline,power_0.72,9.911784,crew_team_h,550,0.0,550,0.0,True
90,rohcha_massdep_baseline,power_0.72,9.911784,shift_ot_h,550,0.0,550,0.0,True
90,rohcha_massdep_baseline,power_0.72,12.369317,shift_h,550,0.0,550,0.0,True
90,rohcha_massdep_baseline,power_0.72,12.369317,crew_veh_h,550,0.0,550,0.0,True
90,rohcha_massdep_baseline,power_0.72,12.369317,crew_team_h,550,0.0,550,0.0,True
90,rohcha_massdep_baseline,power_0.72,12.369317,shift_ot_h,550,0.0,550,0.0,True
90,rohcha_massdep_baseline,power_0.72,15.436172,shift_h,550,0.0,550,0.0,True
90,rohcha_massdep_baseline,power_0.72,15.436172,crew_veh_h,550,0.0,550,0.0,True
90,rohcha_massdep_baseline,power_0.72,15.436172,crew_team_h,550,0.0,550,0.0,True
90,rohcha_massdep_baseline,power_0.72,15.436172,shift_ot_h,550,0.0,550,0.0,True
90,rohcha_massdep_baseline,power_0.72,19.263424,shift_h,550,0.0,550,0.0,True
90,rohcha_massdep_baseline,power_0.72,19.263424,crew_veh_h,550,0.0,550,0.0,True
90,rohcha_massdep_baseline,power_0.72,19.263424,crew_team_h,550,0.0,550,0.0,True
90,rohcha_massdep_baseline,power_0.72,19.263424,shift_ot_h,550,0.0,550,0.0,True
90,rohcha_massdep_baseline,power_0.72,24.039607,shift_h,550,0.0,550,0.0,True
90,rohcha_massdep_baseline,power_0.72,24.039607,crew_veh_h,550,0.0,550,0.0,True
90,rohcha_massdep_baseline,power_0.72,24.039607,crew_team_h,550,0.0,550,0.0,True
90,rohcha_massdep_baseline,power_0.72,24.039607,shift_ot_h,550,0.0,550,0.0,True
90,rohcha_massdep_baseline,power_0.72,30.0,shift_h,550,0.0,550,0.0,True
90,rohcha_massdep_baseline,power_0.72,30.0,crew_veh_h,550,0.0,550,0.0,True
90,rohcha_massdep_baseline,power_0.72,30.0,crew_team_h,550,0.0,550,0.0,True
90,rohcha_massdep_baseline,power_0.72,30.0,shift_ot_h,550,0.0,550,0.0,True
90,rohcha_massdep_baseline,power_0.84,5.1,shift_h,550,0.0,550,0.0,True
90,rohcha_massdep_baseline,power_0.84,5.1,crew_veh_h,550,0.0,550,0.0,True
90,rohcha_massdep_baseline,power_0.84,5.1,crew_team_h,550,0.0,550,0.0,True
90,rohcha_massdep_baseline,power_0.84,5.1,shift_ot_h,550,0.0,550,0.0,True
90,rohcha_massdep_baseline,power_0.84,6.364497,shift_h,550,0.0,550,0.0,True
90,rohcha_massdep_baseline,power_0.84,6.364497,crew_veh_h,550,0.0,550,0.0,True
90,rohcha_massdep_baseline,power_0.84,6.364497,crew_team_h,550,0.0,550,0.0,True
90,rohcha_massdep_baseline,power_0.84,6.364497,shift_ot_h,550,0.0,550,0.0,True
90,rohcha_massdep_baseline,power_0.84,7.942513,shift_h,550,0.0,550,0.0,True
90,rohcha_massdep_baseline,power_0.84,7.942513,crew_veh_h,550,0.0,550,0.0,True
90,rohcha_massdep_baseline,power_0.84,7.942513,crew_team_h,550,0.0,550,0.0,True
90,rohcha_massdep_baseline,power_0.84,7.942513,shift_ot_h,550,0.0,550,0.0,True
90,rohcha_massdep_baseline,power_0.84,9.911784,shift_h,550,0.0,550,0.0,True
90,rohcha_massdep_baseline,power_0.84,9.911784,crew_veh_h,550,0.0,550,0.0,True
90,rohcha_massdep_baseline,power_0.84,9.911784,crew_team_h,550,0.0,550,0.0,True
90,rohcha_massdep_baseline,power_0.84,9.911784,shift_ot_h,550,0.0,550,0.0,True
90,rohcha_massdep_baseline,power_0.84,12.369317,shift_h,550,0.0,550,0.0,True
90,rohcha_massdep_baseline,power_0.84,12.369317,crew_veh_h,550,0.0,550,0.0,True
90,rohcha_massdep_baseline,power_0.84,12.369317,crew_team_h,550,0.0,550,0.0,True
90,rohcha_massdep_baseline,power_0.84,12.369317,shift_ot_h,550,0.0,550,0.0,True
90,rohcha_massdep_baseline,power_0.84,15.436172,shift_h,550,0.0,550,0.0,True
90,rohcha_massdep_baseline,power_0.84,15.436172,crew_veh_h,550,0.0,550,0.0,True
90,rohcha_massdep_baseline,power_0.84,15.436172,crew_team_h,550,0.0,550,0.0,True
90,rohcha_massdep_baseline,power_0.84,15.436172,shift_ot_h,550,0.0,550,0.0,True
90,rohcha_massdep_baseline,power_0.84,19.263424,shift_h,550,0.0,550,0.0,True
90,rohcha_massdep_baseline,power_0.84,19.263424,crew_veh_h,550,0.0,550,0.0,True
90,rohcha_massdep_baseline,power_0.84,19.263424,crew_team_h,550,0.0,550,0.0,True
90,rohcha_massdep_baseline,power_0.84,19.263424,shift_ot_h,550,0.0,550,0.0,True
90,rohcha_massdep_baseline,power_0.84,24.039607,shift_h,550,0.0,550,0.0,True
90,rohcha_massdep_baseline,power_0.84,24.039607,crew_veh_h,550,0.0,550,0.0,True
90,rohcha_massdep_baseline,power_0.84,24.039607,crew_team_h,550,0.0,550,0.0,True
90,rohcha_massdep_baseline,power_0.84,24.039607,shift_ot_h,550,0.0,550,0.0,True
90,rohcha_massdep_baseline,power_0.84,30.0,shift_h,550,0.0,550,0.0,True
90,rohcha_massdep_baseline,power_0.84,30.0,crew_veh_h,550,0.0,550,0.0,True
90,rohcha_massdep_baseline,power_0.84,30.0,crew_team_h,550,0.0,550,0.0,True
90,rohcha_massdep_baseline,power_0.84,30.0,shift_ot_h,550,0.0,550,0.0,True
90,rohcha_massdep_baseline,power_0.96,5.1,shift_h,550,0.0,550,0.0,True
90,rohcha_massdep_baseline,power_0.96,5.1,crew_veh_h,550,0.0,550,0.0,True
90,rohcha_massdep_baseline,power_0.96,5.1,crew_team_h,550,0.0,550,0.0,True
90,rohcha_massdep_baseline,power_0.96,5.1,shift_ot_h,550,0.0,550,0.0,True
90,rohcha_massdep_baseline,power_0.96,6.364497,shift_h,550,0.0,550,0.0,True
90,rohcha_massdep_baseline,power_0.96,6.364497,crew_veh_h,550,0.0,550,0.0,True
90,rohcha_massdep_baseline,power_0.96,6.364497,crew_team_h,550,0.0,550,0.0,True
90,rohcha_massdep_baseline,power_0.96,6.364497,shift_ot_h,550,0.0,550,0.0,True
90,rohcha_massdep_baseline,power_0.96,7.942513,shift_h,550,0.0,550,0.0,True
90,rohcha_massdep_baseline,power_0.96,7.942513,crew_veh_h,550,0.0,550,0.0,True
90,rohcha_massdep_baseline,power_0.96,7.942513,crew_team_h,550,0.0,550,0.0,True
90,rohcha_massdep_baseline,power_0.96,7.942513,shift_ot_h,550,0.0,550,0.0,True
90,rohcha_massdep_baseline,power_0.96,9.911784,shift_h,550,0.0,550,0.0,True
90,rohcha_massdep_baseline,power_0.96,9.911784,crew_veh_h,550,0.0,550,0.0,True
90,rohcha_massdep_baseline,power_0.96,9.911784,crew_team_h,550,0.0,550,0.0,True
90,rohcha_massdep_baseline,power_0.96,9.911784,shift_ot_h,550,0.0,550,0.0,True
90,rohcha_massdep_baseline,power_0.96,12.369317,shift_h,550,0.0,550,0.0,True
90,rohcha_massdep_baseline,power_0.96,12.369317,crew_veh_h,550,0.0,550,0.0,True
90,rohcha_massdep_baseline,power_0.96,12.369317,crew_team_h,550,0.0,550,0.0,True
90,rohcha_massdep_baseline,power_0.96,12.369317,shift_ot_h,550,0.0,550,0.0,True
90,rohcha_massdep_baseline,power_0.96,15.436172,shift_h,550,0.0,550,0.0,True
90,rohcha_massdep_baseline,power_0.96,15.436172,crew_veh_h,550,0.0,550,0.0,True
90,rohcha_massdep_baseline,power_0.96,15.436172,crew_team_h,550,0.0,550,0.0,True
90,rohcha_massdep_baseline,power_0.96,15.436172,shift_ot_h,550,0.0,550,0.0,True
90,rohcha_massdep_baseline,power_0.96,19.263424,shift_h,550,0.0,550,0.0,True
90,rohcha_massdep_baseline,power_0.96,19.263424,crew_veh_h,550,0.0,550,0.0,True
90,rohcha_massdep_baseline,power_0.96,19.263424,crew_team_h,550,0.0,550,0.0,True
90,rohcha_massdep_baseline,power_0.96,19.263424,shift_ot_h,550,0.0,550,0.0,True
90,rohcha_massdep_baseline,power_0.96,24.039607,shift_h,550,0.0,550,0.0,True
90,rohcha_massdep_baseline,power_0.96,24.039607,crew_veh_h,550,0.0,550,0.0,True
90,rohcha_massdep_baseline,power_0.96,24.039607,crew_team_h,550,0.0,550,0.0,True
90,rohcha_massdep_baseline,power_0.96,24.039607,shift_ot_h,550,0.0,550,0.0,True
90,rohcha_massdep_baseline,power_0.96,30.0,shift_h,550,0.0,550,0.0,True
90,rohcha_massdep_baseline,power_0.96,30.0,crew_veh_h,550,0.0,550,0.0,True
90,rohcha_massdep_baseline,power_0.96,30.0,crew_team_h,550,0.0,550,0.0,True
90,rohcha_massdep_baseline,power_0.96,30.0,shift_ot_h,550,0.0,550,0.0,True
90,liu_short_baseline,affine,5.1,shift_h,L300_H425x2,0.015120274914089347,L300_H425x2,0.020962,True
90,liu_short_baseline,affine,5.1,crew_veh_h,L300_H425x4,0.0,L300_H425x4,0.0,True
90,liu_short_baseline,affine,5.1,crew_team_h,L300_H425x4,0.0,L300_H425x4,0.0,True
90,liu_short_baseline,affine,5.1,shift_ot_h,L300_H425x3,0.0,L300_H425x3,0.0,True
90,liu_short_baseline,affine,6.364497,shift_h,L300_H425x2,0.015120274914089347,L300_H425x2,0.020962,True
90,liu_short_baseline,affine,6.364497,crew_veh_h,L300_H425x4,0.0,L300_H425x4,0.0,True
90,liu_short_baseline,affine,6.364497,crew_team_h,L300_H425x4,0.0,L300_H425x4,0.0,True
90,liu_short_baseline,affine,6.364497,shift_ot_h,L300_H425x3,0.0,L300_H425x3,0.0,True
90,liu_short_baseline,affine,7.942513,shift_h,L300_H425x2,0.015120274914089347,L300_H425x2,0.020962,True
90,liu_short_baseline,affine,7.942513,crew_veh_h,L300_H425x3,0.0,L300_H425x3,0.0,True
90,liu_short_baseline,affine,7.942513,crew_team_h,L300_H425x3,0.0,L300_H425x3,0.0,True
90,liu_short_baseline,affine,7.942513,shift_ot_h,L300_H425x3,0.0,L300_H425x3,0.0,True
90,liu_short_baseline,affine,9.911784,shift_h,L300_H425x2,0.015120274914089347,L300_H425x2,0.020962,True
90,liu_short_baseline,affine,9.911784,crew_veh_h,L300_H425x3,0.0,L300_H425x3,0.0,True
90,liu_short_baseline,affine,9.911784,crew_team_h,L300_H425x3,0.0,L300_H425x3,0.0,True
90,liu_short_baseline,affine,9.911784,shift_ot_h,L300_H425x3,0.0,L300_H425x3,0.0,True
90,liu_short_baseline,affine,12.369317,shift_h,L300_H425x2,0.015120274914089347,L300_H425x2,0.020962,True
90,liu_short_baseline,affine,12.369317,crew_veh_h,L300_H425x3,0.0,L300_H425x3,0.0,True
90,liu_short_baseline,affine,12.369317,crew_team_h,L300_H425x3,0.0,L300_H425x3,0.0,True
90,liu_short_baseline,affine,12.369317,shift_ot_h,L300_H425x3,0.0,L300_H425x3,0.0,True
90,liu_short_baseline,affine,15.436172,shift_h,L300_H425x2,0.015120274914089347,L300_H425x2,0.020962,True
90,liu_short_baseline,affine,15.436172,crew_veh_h,L300_H425x3,0.0,L300_H425x3,0.0,True
90,liu_short_baseline,affine,15.436172,crew_team_h,L300_H425x3,0.0,L300_H425x3,0.0,True
90,liu_short_baseline,affine,15.436172,shift_ot_h,L300_H425x3,0.0,L300_H425x3,0.0,True
90,liu_short_baseline,affine,19.263424,shift_h,L300_H425x2,0.015120274914089347,L300_H425x2,0.020962,True
90,liu_short_baseline,affine,19.263424,crew_veh_h,L300_H425x3,0.0,L300_H425x3,0.0,True
90,liu_short_baseline,affine,19.263424,crew_team_h,L300_H425x3,0.0,L300_H425x3,0.0,True
90,liu_short_baseline,affine,19.263424,shift_ot_h,L300_H425x3,0.0,L300_H425x3,0.0,True
90,liu_short_baseline,affine,24.039607,shift_h,L300_H425x2,0.015120274914089347,L300_H425x2,0.020962,True
90,liu_short_baseline,affine,24.039607,crew_veh_h,L300_H425x3,0.0,L300_H425x3,0.0,True
90,liu_short_baseline,affine,24.039607,crew_team_h,L300_H425x3,0.0,L300_H425x3,0.0,True
90,liu_short_baseline,affine,24.039607,shift_ot_h,L300_H425x3,0.0,L300_H425x3,0.0,True
90,liu_short_baseline,affine,30.0,shift_h,L300_H425x2,0.015120274914089347,L300_H425x2,0.020962,True
90,liu_short_baseline,affine,30.0,crew_veh_h,L300_H425x3,0.0,L300_H425x3,0.0,True
90,liu_short_baseline,affine,30.0,crew_team_h,L300_H425x3,0.0,L300_H425x3,0.0,True
90,liu_short_baseline,affine,30.0,shift_ot_h,L300_H425x3,0.0,L300_H425x3,0.0,True
90,liu_short_baseline,piecewise,5.1,shift_h,L300_H425x2,0.015120274914089347,L300_H425x2,0.020962,True
90,liu_short_baseline,piecewise,5.1,crew_veh_h,L300_H425x4,0.0,L300_H425x4,0.0,True
90,liu_short_baseline,piecewise,5.1,crew_team_h,L300_H425x4,0.0,L300_H425x4,0.0,True
90,liu_short_baseline,piecewise,5.1,shift_ot_h,L300_H425x3,0.0,L300_H425x3,0.0,True
90,liu_short_baseline,piecewise,6.364497,shift_h,L300_H425x2,0.015120274914089347,L300_H425x2,0.020962,True
90,liu_short_baseline,piecewise,6.364497,crew_veh_h,L300_H425x4,0.0,L300_H425x4,0.0,True
90,liu_short_baseline,piecewise,6.364497,crew_team_h,L300_H425x4,0.0,L300_H425x4,0.0,True
90,liu_short_baseline,piecewise,6.364497,shift_ot_h,L300_H425x3,0.0,L300_H425x3,0.0,True
90,liu_short_baseline,piecewise,7.942513,shift_h,L300_H425x2,0.015120274914089347,L300_H425x2,0.020962,True
90,liu_short_baseline,piecewise,7.942513,crew_veh_h,L300_H425x3,0.0,L300_H425x3,0.0,True
90,liu_short_baseline,piecewise,7.942513,crew_team_h,L300_H425x3,0.0,L300_H425x3,0.0,True
90,liu_short_baseline,piecewise,7.942513,shift_ot_h,L300_H425x3,0.0,L300_H425x3,0.0,True
90,liu_short_baseline,piecewise,9.911784,shift_h,L300_H425x2,0.015120274914089347,L300_H425x2,0.020962,True
90,liu_short_baseline,piecewise,9.911784,crew_veh_h,L300_H425x3,0.0,L300_H425x3,0.0,True
90,liu_short_baseline,piecewise,9.911784,crew_team_h,L300_H425x3,0.0,L300_H425x3,0.0,True
90,liu_short_baseline,piecewise,9.911784,shift_ot_h,L300_H425x3,0.0,L300_H425x3,0.0,True
90,liu_short_baseline,piecewise,12.369317,shift_h,L300_H425x2,0.015120274914089347,L300_H425x2,0.020962,True
90,liu_short_baseline,piecewise,12.369317,crew_veh_h,L300_H425x3,0.0,L300_H425x3,0.0,True
90,liu_short_baseline,piecewise,12.369317,crew_team_h,L300_H425x3,0.0,L300_H425x3,0.0,True
90,liu_short_baseline,piecewise,12.369317,shift_ot_h,L300_H425x3,0.0,L300_H425x3,0.0,True
90,liu_short_baseline,piecewise,15.436172,shift_h,L300_H425x2,0.015120274914089347,L300_H425x2,0.020962,True
90,liu_short_baseline,piecewise,15.436172,crew_veh_h,L300_H425x3,0.0,L300_H425x3,0.0,True
90,liu_short_baseline,piecewise,15.436172,crew_team_h,L300_H425x3,0.0,L300_H425x3,0.0,True
90,liu_short_baseline,piecewise,15.436172,shift_ot_h,L300_H425x3,0.0,L300_H425x3,0.0,True
90,liu_short_baseline,piecewise,19.263424,shift_h,L300_H425x2,0.015120274914089347,L300_H425x2,0.020962,True
90,liu_short_baseline,piecewise,19.263424,crew_veh_h,L300_H425x3,0.0,L300_H425x3,0.0,True
90,liu_short_baseline,piecewise,19.263424,crew_team_h,L300_H425x3,0.0,L300_H425x3,0.0,True
90,liu_short_baseline,piecewise,19.263424,shift_ot_h,L300_H425x3,0.0,L300_H425x3,0.0,True
90,liu_short_baseline,piecewise,24.039607,shift_h,L300_H425x2,0.015120274914089347,L300_H425x2,0.020962,True
90,liu_short_baseline,piecewise,24.039607,crew_veh_h,L300_H425x3,0.0,L300_H425x3,0.0,True
90,liu_short_baseline,piecewise,24.039607,crew_team_h,L300_H425x3,0.0,L300_H425x3,0.0,True
90,liu_short_baseline,piecewise,24.039607,shift_ot_h,L300_H425x3,0.0,L300_H425x3,0.0,True
90,liu_short_baseline,piecewise,30.0,shift_h,L300_H425x2,0.015120274914089347,L300_H425x2,0.020962,True
90,liu_short_baseline,piecewise,30.0,crew_veh_h,L300_H425x3,0.0,L300_H425x3,0.0,True
90,liu_short_baseline,piecewise,30.0,crew_team_h,L300_H425x3,0.0,L300_H425x3,0.0,True
90,liu_short_baseline,piecewise,30.0,shift_ot_h,L300_H425x3,0.0,L300_H425x3,0.0,True
90,liu_short_baseline,power_0.72,5.1,shift_h,L300_H425x2,0.015120274914089347,L300_H425x2,0.020962,True
90,liu_short_baseline,power_0.72,5.1,crew_veh_h,L300_H425x4,0.0,L300_H425x4,0.0,True
90,liu_short_baseline,power_0.72,5.1,crew_team_h,L300_H425x4,0.0,L300_H425x4,0.0,True
90,liu_short_baseline,power_0.72,5.1,shift_ot_h,L300_H425x4,0.0,L300_H425x4,0.0,True
90,liu_short_baseline,power_0.72,6.364497,shift_h,L300_H425x2,0.015120274914089347,L300_H425x2,0.020962,True
90,liu_short_baseline,power_0.72,6.364497,crew_veh_h,L300_H425x4,0.0,L300_H425x4,0.0,True
90,liu_short_baseline,power_0.72,6.364497,crew_team_h,L300_H425x4,0.0,L300_H425x4,0.0,True
90,liu_short_baseline,power_0.72,6.364497,shift_ot_h,L300_H425x3,0.0,L300_H425x3,0.0,True
90,liu_short_baseline,power_0.72,7.942513,shift_h,L300_H425x2,0.015120274914089347,L300_H425x2,0.020962,True
90,liu_short_baseline,power_0.72,7.942513,crew_veh_h,L300_H425x4,0.0,L300_H425x4,0.0,True
90,liu_short_baseline,power_0.72,7.942513,crew_team_h,L300_H425x4,0.0,L300_H425x4,0.0,True
90,liu_short_baseline,power_0.72,7.942513,shift_ot_h,L300_H425x3,0.0,L300_H425x3,0.0,True
90,liu_short_baseline,power_0.72,9.911784,shift_h,L300_H425x2,0.015120274914089347,L300_H425x2,0.020962,True
90,liu_short_baseline,power_0.72,9.911784,crew_veh_h,L300_H425x3,0.0,L300_H425x3,0.0,True
90,liu_short_baseline,power_0.72,9.911784,crew_team_h,L300_H425x3,0.0,L300_H425x3,0.0,True
90,liu_short_baseline,power_0.72,9.911784,shift_ot_h,L300_H425x3,0.0,L300_H425x3,0.0,True
90,liu_short_baseline,power_0.72,12.369317,shift_h,L300_H425x2,0.015120274914089347,L300_H425x2,0.020962,True
90,liu_short_baseline,power_0.72,12.369317,crew_veh_h,L300_H425x3,0.0,L300_H425x3,0.0,True
90,liu_short_baseline,power_0.72,12.369317,crew_team_h,L300_H425x3,0.0,L300_H425x3,0.0,True
90,liu_short_baseline,power_0.72,12.369317,shift_ot_h,L300_H425x3,0.0,L300_H425x3,0.0,True
90,liu_short_baseline,power_0.72,15.436172,shift_h,L300_H425x2,0.015120274914089347,L300_H425x2,0.020962,True
90,liu_short_baseline,power_0.72,15.436172,crew_veh_h,L300_H425x3,0.0,L300_H425x3,0.0,True
90,liu_short_baseline,power_0.72,15.436172,crew_team_h,L300_H425x3,0.0,L300_H425x3,0.0,True
90,liu_short_baseline,power_0.72,15.436172,shift_ot_h,L300_H425x3,0.0,L300_H425x3,0.0,True
90,liu_short_baseline,power_0.72,19.263424,shift_h,L300_H425x2,0.015120274914089347,L300_H425x2,0.020962,True
90,liu_short_baseline,power_0.72,19.263424,crew_veh_h,L300_H425x3,0.0,L300_H425x3,0.0,True
90,liu_short_baseline,power_0.72,19.263424,crew_team_h,L300_H425x3,0.0,L300_H425x3,0.0,True
90,liu_short_baseline,power_0.72,19.263424,shift_ot_h,L300_H425x3,0.0,L300_H425x3,0.0,True
90,liu_short_baseline,power_0.72,24.039607,shift_h,L300_H425x2,0.015120274914089347,L300_H425x2,0.020962,True
90,liu_short_baseline,power_0.72,24.039607,crew_veh_h,L300_H425x3,0.0,L300_H425x3,0.0,True
90,liu_short_baseline,power_0.72,24.039607,crew_team_h,L300_H425x3,0.0,L300_H425x3,0.0,True
90,liu_short_baseline,power_0.72,24.039607,shift_ot_h,L300_H425x3,0.0,L300_H425x3,0.0,True
90,liu_short_baseline,power_0.72,30.0,shift_h,L300_H425x2,0.015120274914089347,L300_H425x2,0.020962,True
90,liu_short_baseline,power_0.72,30.0,crew_veh_h,L300_H425x3,0.0,L300_H425x3,0.0,True
90,liu_short_baseline,power_0.72,30.0,crew_team_h,L300_H425x3,0.0,L300_H425x3,0.0,True
90,liu_short_baseline,power_0.72,30.0,shift_ot_h,L300_H425x3,0.0,L300_H425x3,0.0,True
90,liu_short_baseline,power_0.84,5.1,shift_h,L300_H425x2,0.015120274914089347,L300_H425x2,0.020962,True
90,liu_short_baseline,power_0.84,5.1,crew_veh_h,L300_H425x4,0.0,L300_H425x4,0.0,True
90,liu_short_baseline,power_0.84,5.1,crew_team_h,L300_H425x4,0.0,L300_H425x4,0.0,True
90,liu_short_baseline,power_0.84,5.1,shift_ot_h,L300_H425x3,0.0,L300_H425x3,0.0,True
90,liu_short_baseline,power_0.84,6.364497,shift_h,L300_H425x2,0.015120274914089347,L300_H425x2,0.020962,True
90,liu_short_baseline,power_0.84,6.364497,crew_veh_h,L300_H425x4,0.0,L300_H425x4,0.0,True
90,liu_short_baseline,power_0.84,6.364497,crew_team_h,L300_H425x4,0.0,L300_H425x4,0.0,True
90,liu_short_baseline,power_0.84,6.364497,shift_ot_h,L300_H425x3,0.0,L300_H425x3,0.0,True
90,liu_short_baseline,power_0.84,7.942513,shift_h,L300_H425x2,0.015120274914089347,L300_H425x2,0.020962,True
90,liu_short_baseline,power_0.84,7.942513,crew_veh_h,L300_H425x3,0.0,L300_H425x3,0.0,True
90,liu_short_baseline,power_0.84,7.942513,crew_team_h,L300_H425x3,0.0,L300_H425x3,0.0,True
90,liu_short_baseline,power_0.84,7.942513,shift_ot_h,L300_H425x3,0.0,L300_H425x3,0.0,True
90,liu_short_baseline,power_0.84,9.911784,shift_h,L300_H425x2,0.015120274914089347,L300_H425x2,0.020962,True
90,liu_short_baseline,power_0.84,9.911784,crew_veh_h,L300_H425x3,0.0,L300_H425x3,0.0,True
90,liu_short_baseline,power_0.84,9.911784,crew_team_h,L300_H425x3,0.0,L300_H425x3,0.0,True
90,liu_short_baseline,power_0.84,9.911784,shift_ot_h,L300_H425x3,0.0,L300_H425x3,0.0,True
90,liu_short_baseline,power_0.84,12.369317,shift_h,L300_H425x2,0.015120274914089347,L300_H425x2,0.020962,True
90,liu_short_baseline,power_0.84,12.369317,crew_veh_h,L300_H425x3,0.0,L300_H425x3,0.0,True
90,liu_short_baseline,power_0.84,12.369317,crew_team_h,L300_H425x3,0.0,L300_H425x3,0.0,True
90,liu_short_baseline,power_0.84,12.369317,shift_ot_h,L300_H425x3,0.0,L300_H425x3,0.0,True
90,liu_short_baseline,power_0.84,15.436172,shift_h,L300_H425x2,0.015120274914089347,L300_H425x2,0.020962,True
90,liu_short_baseline,power_0.84,15.436172,crew_veh_h,L300_H425x3,0.0,L300_H425x3,0.0,True
90,liu_short_baseline,power_0.84,15.436172,crew_team_h,L300_H425x3,0.0,L300_H425x3,0.0,True
90,liu_short_baseline,power_0.84,15.436172,shift_ot_h,L300_H425x3,0.0,L300_H425x3,0.0,True
90,liu_short_baseline,power_0.84,19.263424,shift_h,L300_H425x2,0.015120274914089347,L300_H425x2,0.020962,True
90,liu_short_baseline,power_0.84,19.263424,crew_veh_h,L300_H425x3,0.0,L300_H425x3,0.0,True
90,liu_short_baseline,power_0.84,19.263424,crew_team_h,L300_H425x3,0.0,L300_H425x3,0.0,True
90,liu_short_baseline,power_0.84,19.263424,shift_ot_h,L300_H425x3,0.0,L300_H425x3,0.0,True
90,liu_short_baseline,power_0.84,24.039607,shift_h,L300_H425x2,0.015120274914089347,L300_H425x2,0.020962,True
90,liu_short_baseline,power_0.84,24.039607,crew_veh_h,L300_H425x3,0.0,L300_H425x3,0.0,True
90,liu_short_baseline,power_0.84,24.039607,crew_team_h,L300_H425x3,0.0,L300_H425x3,0.0,True
90,liu_short_baseline,power_0.84,24.039607,shift_ot_h,L300_H425x3,0.0,L300_H425x3,0.0,True
90,liu_short_baseline,power_0.84,30.0,shift_h,L300_H425x2,0.015120274914089347,L300_H425x2,0.020962,True
90,liu_short_baseline,power_0.84,30.0,crew_veh_h,L300_H425x3,0.0,L300_H425x3,0.0,True
90,liu_short_baseline,power_0.84,30.0,crew_team_h,L300_H425x3,0.0,L300_H425x3,0.0,True
90,liu_short_baseline,power_0.84,30.0,shift_ot_h,L300_H425x3,0.0,L300_H425x3,0.0,True
90,liu_short_baseline,power_0.96,5.1,shift_h,L300_H425x2,0.015120274914089347,L300_H425x2,0.020962,True
90,liu_short_baseline,power_0.96,5.1,crew_veh_h,L300_H425x4,0.0,L300_H425x4,0.0,True
90,liu_short_baseline,power_0.96,5.1,crew_team_h,L300_H425x4,0.0,L300_H425x4,0.0,True
90,liu_short_baseline,power_0.96,5.1,shift_ot_h,L300_H425x3,0.0,L300_H425x3,0.0,True
90,liu_short_baseline,power_0.96,6.364497,shift_h,L300_H425x2,0.015120274914089347,L300_H425x2,0.020962,True
90,liu_short_baseline,power_0.96,6.364497,crew_veh_h,L300_H425x3,0.0,L300_H425x3,0.0,True
90,liu_short_baseline,power_0.96,6.364497,crew_team_h,L300_H425x3,0.0,L300_H425x3,0.0,True
90,liu_short_baseline,power_0.96,6.364497,shift_ot_h,L300_H425x3,0.0,L300_H425x3,0.0,True
90,liu_short_baseline,power_0.96,7.942513,shift_h,L300_H425x2,0.015120274914089347,L300_H425x2,0.020962,True
90,liu_short_baseline,power_0.96,7.942513,crew_veh_h,L300_H425x3,0.0,L300_H425x3,0.0,True
90,liu_short_baseline,power_0.96,7.942513,crew_team_h,L300_H425x3,0.0,L300_H425x3,0.0,True
90,liu_short_baseline,power_0.96,7.942513,shift_ot_h,L300_H425x3,0.0,L300_H425x3,0.0,True
90,liu_short_baseline,power_0.96,9.911784,shift_h,L300_H425x2,0.015120274914089347,L300_H425x2,0.020962,True
90,liu_short_baseline,power_0.96,9.911784,crew_veh_h,L300_H425x3,0.0,L300_H425x3,0.0,True
90,liu_short_baseline,power_0.96,9.911784,crew_team_h,L300_H425x3,0.0,L300_H425x3,0.0,True
90,liu_short_baseline,power_0.96,9.911784,shift_ot_h,L300_H425x3,0.0,L300_H425x3,0.0,True
90,liu_short_baseline,power_0.96,12.369317,shift_h,L300_H425x2,0.015120274914089347,L300_H425x2,0.020962,True
90,liu_short_baseline,power_0.96,12.369317,crew_veh_h,L300_H425x3,0.0,L300_H425x3,0.0,True
90,liu_short_baseline,power_0.96,12.369317,crew_team_h,L300_H425x3,0.0,L300_H425x3,0.0,True
90,liu_short_baseline,power_0.96,12.369317,shift_ot_h,L300_H425x3,0.0,L300_H425x3,0.0,True
90,liu_short_baseline,power_0.96,15.436172,shift_h,L300_H425x2,0.015120274914089347,L300_H425x2,0.020962,True
90,liu_short_baseline,power_0.96,15.436172,crew_veh_h,L300_H425x3,0.0,L300_H425x3,0.0,True
90,liu_short_baseline,power_0.96,15.436172,crew_team_h,L300_H425x3,0.0,L300_H425x3,0.0,True
90,liu_short_baseline,power_0.96,15.436172,shift_ot_h,L300_H425x3,0.0,L300_H425x3,0.0,True
90,liu_short_baseline,power_0.96,19.263424,shift_h,L300_H425x2,0.015120274914089347,L300_H425x2,0.020962,True
90,liu_short_baseline,power_0.96,19.263424,crew_veh_h,L300_H425x3,0.0,L300_H425x3,0.0,True
90,liu_short_baseline,power_0.96,19.263424,crew_team_h,L300_H425x3,0.0,L300_H425x3,0.0,True
90,liu_short_baseline,power_0.96,19.263424,shift_ot_h,L300_H425x3,0.0,L300_H425x3,0.0,True
90,liu_short_baseline,power_0.96,24.039607,shift_h,L300_H425x2,0.015120274914089347,L300_H425x2,0.020962,True
90,liu_short_baseline,power_0.96,24.039607,crew_veh_h,L300_H425x3,0.0,L300_H425x3,0.0,True
90,liu_short_baseline,power_0.96,24.039607,crew_team_h,L300_H425x3,0.0,L300_H425x3,0.0,True
90,liu_short_baseline,power_0.96,24.039607,shift_ot_h,L300_H425x3,0.0,L300_H425x3,0.0,True
90,liu_short_baseline,power_0.96,30.0,shift_h,L300_H425x2,0.015120274914089347,L300_H425x2,0.020962,True
90,liu_short_baseline,power_0.96,30.0,crew_veh_h,L300_H425x3,0.0,L300_H425x3,0.0,True
90,liu_short_baseline,power_0.96,30.0,crew_team_h,L300_H425x2,0.015120274914089347,L300_H425x2,0.020962,True
90,liu_short_baseline,power_0.96,30.0,shift_ot_h,L300_H425x3,0.0,L300_H425x2,0.020962,False
90,liu_massdep_baseline,affine,5.1,shift_h,425,0.0,425,0.0,True
90,liu_massdep_baseline,affine,5.1,crew_veh_h,425,0.0,425,0.0,True
90,liu_massdep_baseline,affine,5.1,crew_team_h,425,0.0,425,0.0,True
90,liu_massdep_baseline,affine,5.1,shift_ot_h,425,0.0,425,0.0,True
90,liu_massdep_baseline,affine,6.364497,shift_h,425,0.0,425,0.0,True
90,liu_massdep_baseline,affine,6.364497,crew_veh_h,425,0.0,425,0.0,True
90,liu_massdep_baseline,affine,6.364497,crew_team_h,425,0.0,425,0.0,True
90,liu_massdep_baseline,affine,6.364497,shift_ot_h,425,0.0,425,0.0,True
90,liu_massdep_baseline,affine,7.942513,shift_h,425,0.0,425,0.0,True
90,liu_massdep_baseline,affine,7.942513,crew_veh_h,425,0.0,425,0.0,True
90,liu_massdep_baseline,affine,7.942513,crew_team_h,425,0.0,425,0.0,True
90,liu_massdep_baseline,affine,7.942513,shift_ot_h,425,0.0,425,0.0,True
90,liu_massdep_baseline,affine,9.911784,shift_h,425,0.0,425,0.0,True
90,liu_massdep_baseline,affine,9.911784,crew_veh_h,425,0.0,425,0.0,True
90,liu_massdep_baseline,affine,9.911784,crew_team_h,425,0.0,425,0.0,True
90,liu_massdep_baseline,affine,9.911784,shift_ot_h,425,0.0,425,0.0,True
90,liu_massdep_baseline,affine,12.369317,shift_h,425,0.0,425,0.0,True
90,liu_massdep_baseline,affine,12.369317,crew_veh_h,425,0.0,425,0.0,True
90,liu_massdep_baseline,affine,12.369317,crew_team_h,425,0.0,425,0.0,True
90,liu_massdep_baseline,affine,12.369317,shift_ot_h,425,0.0,425,0.0,True
90,liu_massdep_baseline,affine,15.436172,shift_h,425,0.0,425,0.0,True
90,liu_massdep_baseline,affine,15.436172,crew_veh_h,425,0.0,425,0.0,True
90,liu_massdep_baseline,affine,15.436172,crew_team_h,425,0.0,425,0.0,True
90,liu_massdep_baseline,affine,15.436172,shift_ot_h,425,0.0,425,0.0,True
90,liu_massdep_baseline,affine,19.263424,shift_h,425,0.0,425,0.0,True
90,liu_massdep_baseline,affine,19.263424,crew_veh_h,425,0.0,425,0.0,True
90,liu_massdep_baseline,affine,19.263424,crew_team_h,425,0.0,425,0.0,True
90,liu_massdep_baseline,affine,19.263424,shift_ot_h,425,0.0,425,0.0,True
90,liu_massdep_baseline,affine,24.039607,shift_h,425,0.0,425,0.0,True
90,liu_massdep_baseline,affine,24.039607,crew_veh_h,425,0.0,425,0.0,True
90,liu_massdep_baseline,affine,24.039607,crew_team_h,425,0.0,425,0.0,True
90,liu_massdep_baseline,affine,24.039607,shift_ot_h,425,0.0,425,0.0,True
90,liu_massdep_baseline,affine,30.0,shift_h,425,0.0,425,0.0,True
90,liu_massdep_baseline,affine,30.0,crew_veh_h,425,0.0,425,0.0,True
90,liu_massdep_baseline,affine,30.0,crew_team_h,425,0.0,425,0.0,True
90,liu_massdep_baseline,affine,30.0,shift_ot_h,425,0.0,425,0.0,True
90,liu_massdep_baseline,piecewise,5.1,shift_h,425,0.0,425,0.0,True
90,liu_massdep_baseline,piecewise,5.1,crew_veh_h,425,0.0,425,0.0,True
90,liu_massdep_baseline,piecewise,5.1,crew_team_h,425,0.0,425,0.0,True
90,liu_massdep_baseline,piecewise,5.1,shift_ot_h,425,0.0,425,0.0,True
90,liu_massdep_baseline,piecewise,6.364497,shift_h,425,0.0,425,0.0,True
90,liu_massdep_baseline,piecewise,6.364497,crew_veh_h,425,0.0,425,0.0,True
90,liu_massdep_baseline,piecewise,6.364497,crew_team_h,425,0.0,425,0.0,True
90,liu_massdep_baseline,piecewise,6.364497,shift_ot_h,425,0.0,425,0.0,True
90,liu_massdep_baseline,piecewise,7.942513,shift_h,425,0.0,425,0.0,True
90,liu_massdep_baseline,piecewise,7.942513,crew_veh_h,425,0.0,425,0.0,True
90,liu_massdep_baseline,piecewise,7.942513,crew_team_h,425,0.0,425,0.0,True
90,liu_massdep_baseline,piecewise,7.942513,shift_ot_h,425,0.0,425,0.0,True
90,liu_massdep_baseline,piecewise,9.911784,shift_h,425,0.0,425,0.0,True
90,liu_massdep_baseline,piecewise,9.911784,crew_veh_h,425,0.0,425,0.0,True
90,liu_massdep_baseline,piecewise,9.911784,crew_team_h,425,0.0,425,0.0,True
90,liu_massdep_baseline,piecewise,9.911784,shift_ot_h,425,0.0,425,0.0,True
90,liu_massdep_baseline,piecewise,12.369317,shift_h,425,0.0,425,0.0,True
90,liu_massdep_baseline,piecewise,12.369317,crew_veh_h,425,0.0,425,0.0,True
90,liu_massdep_baseline,piecewise,12.369317,crew_team_h,425,0.0,425,0.0,True
90,liu_massdep_baseline,piecewise,12.369317,shift_ot_h,425,0.0,425,0.0,True
90,liu_massdep_baseline,piecewise,15.436172,shift_h,425,0.0,425,0.0,True
90,liu_massdep_baseline,piecewise,15.436172,crew_veh_h,425,0.0,425,0.0,True
90,liu_massdep_baseline,piecewise,15.436172,crew_team_h,425,0.0,425,0.0,True
90,liu_massdep_baseline,piecewise,15.436172,shift_ot_h,425,0.0,425,0.0,True
90,liu_massdep_baseline,piecewise,19.263424,shift_h,425,0.0,425,0.0,True
90,liu_massdep_baseline,piecewise,19.263424,crew_veh_h,425,0.0,425,0.0,True
90,liu_massdep_baseline,piecewise,19.263424,crew_team_h,425,0.0,425,0.0,True
90,liu_massdep_baseline,piecewise,19.263424,shift_ot_h,425,0.0,425,0.0,True
90,liu_massdep_baseline,piecewise,24.039607,shift_h,425,0.0,425,0.0,True
90,liu_massdep_baseline,piecewise,24.039607,crew_veh_h,425,0.0,425,0.0,True
90,liu_massdep_baseline,piecewise,24.039607,crew_team_h,425,0.0,425,0.0,True
90,liu_massdep_baseline,piecewise,24.039607,shift_ot_h,425,0.0,425,0.0,True
90,liu_massdep_baseline,piecewise,30.0,shift_h,425,0.0,425,0.0,True
90,liu_massdep_baseline,piecewise,30.0,crew_veh_h,425,0.0,425,0.0,True
90,liu_massdep_baseline,piecewise,30.0,crew_team_h,425,0.0,425,0.0,True
90,liu_massdep_baseline,piecewise,30.0,shift_ot_h,425,0.0,425,0.0,True
90,liu_massdep_baseline,power_0.72,5.1,shift_h,425,0.0,425,0.0,True
90,liu_massdep_baseline,power_0.72,5.1,crew_veh_h,425,0.0,425,0.0,True
90,liu_massdep_baseline,power_0.72,5.1,crew_team_h,425,0.0,425,0.0,True
90,liu_massdep_baseline,power_0.72,5.1,shift_ot_h,425,0.0,425,0.0,True
90,liu_massdep_baseline,power_0.72,6.364497,shift_h,425,0.0,425,0.0,True
90,liu_massdep_baseline,power_0.72,6.364497,crew_veh_h,425,0.0,425,0.0,True
90,liu_massdep_baseline,power_0.72,6.364497,crew_team_h,425,0.0,425,0.0,True
90,liu_massdep_baseline,power_0.72,6.364497,shift_ot_h,425,0.0,425,0.0,True
90,liu_massdep_baseline,power_0.72,7.942513,shift_h,425,0.0,425,0.0,True
90,liu_massdep_baseline,power_0.72,7.942513,crew_veh_h,425,0.0,425,0.0,True
90,liu_massdep_baseline,power_0.72,7.942513,crew_team_h,425,0.0,425,0.0,True
90,liu_massdep_baseline,power_0.72,7.942513,shift_ot_h,425,0.0,425,0.0,True
90,liu_massdep_baseline,power_0.72,9.911784,shift_h,425,0.0,425,0.0,True
90,liu_massdep_baseline,power_0.72,9.911784,crew_veh_h,425,0.0,425,0.0,True
90,liu_massdep_baseline,power_0.72,9.911784,crew_team_h,425,0.0,425,0.0,True
90,liu_massdep_baseline,power_0.72,9.911784,shift_ot_h,425,0.0,425,0.0,True
90,liu_massdep_baseline,power_0.72,12.369317,shift_h,425,0.0,425,0.0,True
90,liu_massdep_baseline,power_0.72,12.369317,crew_veh_h,425,0.0,425,0.0,True
90,liu_massdep_baseline,power_0.72,12.369317,crew_team_h,425,0.0,425,0.0,True
90,liu_massdep_baseline,power_0.72,12.369317,shift_ot_h,425,0.0,425,0.0,True
90,liu_massdep_baseline,power_0.72,15.436172,shift_h,425,0.0,425,0.0,True
90,liu_massdep_baseline,power_0.72,15.436172,crew_veh_h,425,0.0,425,0.0,True
90,liu_massdep_baseline,power_0.72,15.436172,crew_team_h,425,0.0,425,0.0,True
90,liu_massdep_baseline,power_0.72,15.436172,shift_ot_h,425,0.0,425,0.0,True
90,liu_massdep_baseline,power_0.72,19.263424,shift_h,425,0.0,425,0.0,True
90,liu_massdep_baseline,power_0.72,19.263424,crew_veh_h,425,0.0,425,0.0,True
90,liu_massdep_baseline,power_0.72,19.263424,crew_team_h,425,0.0,425,0.0,True
90,liu_massdep_baseline,power_0.72,19.263424,shift_ot_h,425,0.0,425,0.0,True
90,liu_massdep_baseline,power_0.72,24.039607,shift_h,425,0.0,425,0.0,True
90,liu_massdep_baseline,power_0.72,24.039607,crew_veh_h,425,0.0,425,0.0,True
90,liu_massdep_baseline,power_0.72,24.039607,crew_team_h,425,0.0,425,0.0,True
90,liu_massdep_baseline,power_0.72,24.039607,shift_ot_h,425,0.0,425,0.0,True
90,liu_massdep_baseline,power_0.72,30.0,shift_h,425,0.0,425,0.0,True
90,liu_massdep_baseline,power_0.72,30.0,crew_veh_h,425,0.0,425,0.0,True
90,liu_massdep_baseline,power_0.72,30.0,crew_team_h,425,0.0,425,0.0,True
90,liu_massdep_baseline,power_0.72,30.0,shift_ot_h,425,0.0,425,0.0,True
90,liu_massdep_baseline,power_0.84,5.1,shift_h,425,0.0,425,0.0,True
90,liu_massdep_baseline,power_0.84,5.1,crew_veh_h,425,0.0,425,0.0,True
90,liu_massdep_baseline,power_0.84,5.1,crew_team_h,425,0.0,425,0.0,True
90,liu_massdep_baseline,power_0.84,5.1,shift_ot_h,425,0.0,425,0.0,True
90,liu_massdep_baseline,power_0.84,6.364497,shift_h,425,0.0,425,0.0,True
90,liu_massdep_baseline,power_0.84,6.364497,crew_veh_h,425,0.0,425,0.0,True
90,liu_massdep_baseline,power_0.84,6.364497,crew_team_h,425,0.0,425,0.0,True
90,liu_massdep_baseline,power_0.84,6.364497,shift_ot_h,425,0.0,425,0.0,True
90,liu_massdep_baseline,power_0.84,7.942513,shift_h,425,0.0,425,0.0,True
90,liu_massdep_baseline,power_0.84,7.942513,crew_veh_h,425,0.0,425,0.0,True
90,liu_massdep_baseline,power_0.84,7.942513,crew_team_h,425,0.0,425,0.0,True
90,liu_massdep_baseline,power_0.84,7.942513,shift_ot_h,425,0.0,425,0.0,True
90,liu_massdep_baseline,power_0.84,9.911784,shift_h,425,0.0,425,0.0,True
90,liu_massdep_baseline,power_0.84,9.911784,crew_veh_h,425,0.0,425,0.0,True
90,liu_massdep_baseline,power_0.84,9.911784,crew_team_h,425,0.0,425,0.0,True
90,liu_massdep_baseline,power_0.84,9.911784,shift_ot_h,425,0.0,425,0.0,True
90,liu_massdep_baseline,power_0.84,12.369317,shift_h,425,0.0,425,0.0,True
90,liu_massdep_baseline,power_0.84,12.369317,crew_veh_h,425,0.0,425,0.0,True
90,liu_massdep_baseline,power_0.84,12.369317,crew_team_h,425,0.0,425,0.0,True
90,liu_massdep_baseline,power_0.84,12.369317,shift_ot_h,425,0.0,425,0.0,True
90,liu_massdep_baseline,power_0.84,15.436172,shift_h,425,0.0,425,0.0,True
90,liu_massdep_baseline,power_0.84,15.436172,crew_veh_h,425,0.0,425,0.0,True
90,liu_massdep_baseline,power_0.84,15.436172,crew_team_h,425,0.0,425,0.0,True
90,liu_massdep_baseline,power_0.84,15.436172,shift_ot_h,425,0.0,425,0.0,True
90,liu_massdep_baseline,power_0.84,19.263424,shift_h,425,0.0,425,0.0,True
90,liu_massdep_baseline,power_0.84,19.263424,crew_veh_h,425,0.0,425,0.0,True
90,liu_massdep_baseline,power_0.84,19.263424,crew_team_h,425,0.0,425,0.0,True
90,liu_massdep_baseline,power_0.84,19.263424,shift_ot_h,425,0.0,425,0.0,True
90,liu_massdep_baseline,power_0.84,24.039607,shift_h,425,0.0,425,0.0,True
90,liu_massdep_baseline,power_0.84,24.039607,crew_veh_h,425,0.0,425,0.0,True
90,liu_massdep_baseline,power_0.84,24.039607,crew_team_h,425,0.0,425,0.0,True
90,liu_massdep_baseline,power_0.84,24.039607,shift_ot_h,425,0.0,425,0.0,True
90,liu_massdep_baseline,power_0.84,30.0,shift_h,425,0.0,425,0.0,True
90,liu_massdep_baseline,power_0.84,30.0,crew_veh_h,425,0.0,425,0.0,True
90,liu_massdep_baseline,power_0.84,30.0,crew_team_h,425,0.0,425,0.0,True
90,liu_massdep_baseline,power_0.84,30.0,shift_ot_h,425,0.0,425,0.0,True
90,liu_massdep_baseline,power_0.96,5.1,shift_h,425,0.0,425,0.0,True
90,liu_massdep_baseline,power_0.96,5.1,crew_veh_h,425,0.0,425,0.0,True
90,liu_massdep_baseline,power_0.96,5.1,crew_team_h,425,0.0,425,0.0,True
90,liu_massdep_baseline,power_0.96,5.1,shift_ot_h,425,0.0,425,0.0,True
90,liu_massdep_baseline,power_0.96,6.364497,shift_h,425,0.0,425,0.0,True
90,liu_massdep_baseline,power_0.96,6.364497,crew_veh_h,425,0.0,425,0.0,True
90,liu_massdep_baseline,power_0.96,6.364497,crew_team_h,425,0.0,425,0.0,True
90,liu_massdep_baseline,power_0.96,6.364497,shift_ot_h,425,0.0,425,0.0,True
90,liu_massdep_baseline,power_0.96,7.942513,shift_h,425,0.0,425,0.0,True
90,liu_massdep_baseline,power_0.96,7.942513,crew_veh_h,425,0.0,425,0.0,True
90,liu_massdep_baseline,power_0.96,7.942513,crew_team_h,425,0.0,425,0.0,True
90,liu_massdep_baseline,power_0.96,7.942513,shift_ot_h,425,0.0,425,0.0,True
90,liu_massdep_baseline,power_0.96,9.911784,shift_h,425,0.0,425,0.0,True
90,liu_massdep_baseline,power_0.96,9.911784,crew_veh_h,425,0.0,425,0.0,True
90,liu_massdep_baseline,power_0.96,9.911784,crew_team_h,425,0.0,425,0.0,True
90,liu_massdep_baseline,power_0.96,9.911784,shift_ot_h,425,0.0,425,0.0,True
90,liu_massdep_baseline,power_0.96,12.369317,shift_h,425,0.0,425,0.0,True
90,liu_massdep_baseline,power_0.96,12.369317,crew_veh_h,425,0.0,425,0.0,True
90,liu_massdep_baseline,power_0.96,12.369317,crew_team_h,425,0.0,425,0.0,True
90,liu_massdep_baseline,power_0.96,12.369317,shift_ot_h,425,0.0,425,0.0,True
90,liu_massdep_baseline,power_0.96,15.436172,shift_h,425,0.0,425,0.0,True
90,liu_massdep_baseline,power_0.96,15.436172,crew_veh_h,425,0.0,425,0.0,True
90,liu_massdep_baseline,power_0.96,15.436172,crew_team_h,425,0.0,425,0.0,True
90,liu_massdep_baseline,power_0.96,15.436172,shift_ot_h,425,0.0,425,0.0,True
90,liu_massdep_baseline,power_0.96,19.263424,shift_h,425,0.0,425,0.0,True
90,liu_massdep_baseline,power_0.96,19.263424,crew_veh_h,425,0.0,425,0.0,True
90,liu_massdep_baseline,power_0.96,19.263424,crew_team_h,425,0.0,425,0.0,True
90,liu_massdep_baseline,power_0.96,19.263424,shift_ot_h,425,0.0,425,0.0,True
90,liu_massdep_baseline,power_0.96,24.039607,shift_h,425,0.0,425,0.0,True
90,liu_massdep_baseline,power_0.96,24.039607,crew_veh_h,425,0.0,425,0.0,True
90,liu_massdep_baseline,power_0.96,24.039607,crew_team_h,425,0.0,425,0.0,True
90,liu_massdep_baseline,power_0.96,24.039607,shift_ot_h,425,0.0,425,0.0,True
90,liu_massdep_baseline,power_0.96,30.0,shift_h,425,0.0,425,0.0,True
90,liu_massdep_baseline,power_0.96,30.0,crew_veh_h,425,0.0,425,0.0,True
90,liu_massdep_baseline,power_0.96,30.0,crew_team_h,425,0.0,425,0.0,True
90,liu_massdep_baseline,power_0.96,30.0,shift_ot_h,425,0.0,425,0.0,True
98,jiang_short_baseline,affine,5.1,shift_h,L300_H500x1,0.003780068728522337,MX1,0.062543,False
98,jiang_short_baseline,affine,5.1,crew_veh_h,L300_H500x2,0.0,L300_H500x2,0.0,True
98,jiang_short_baseline,affine,5.1,crew_team_h,L300_H500x2,0.0,L300_H500x2,0.0,True
98,jiang_short_baseline,affine,5.1,shift_ot_h,L300_H500x2,0.0,L300_H500x2,0.0,True
98,jiang_short_baseline,affine,6.364497,shift_h,L300_H500x1,0.003780068728522337,MX1,0.062543,False
98,jiang_short_baseline,affine,6.364497,crew_veh_h,L300_H500x2,0.0,L300_H500x2,0.0,True
98,jiang_short_baseline,affine,6.364497,crew_team_h,L300_H500x2,0.0,L300_H500x2,0.0,True
98,jiang_short_baseline,affine,6.364497,shift_ot_h,L300_H500x2,0.0,L300_H500x2,0.0,True
98,jiang_short_baseline,affine,7.942513,shift_h,L300_H500x1,0.003780068728522337,MX1,0.062543,False
98,jiang_short_baseline,affine,7.942513,crew_veh_h,L300_H500x2,0.0,L300_H500x2,0.0,True
98,jiang_short_baseline,affine,7.942513,crew_team_h,L300_H500x1,0.003780068728522337,L300_H500x1,0.002749,True
98,jiang_short_baseline,affine,7.942513,shift_ot_h,L300_H500x1,0.003780068728522337,L300_H500x2,0.0,False
98,jiang_short_baseline,affine,9.911784,shift_h,L300_H500x1,0.003780068728522337,MX1,0.062543,False
98,jiang_short_baseline,affine,9.911784,crew_veh_h,L300_H500x1,0.003780068728522337,L300_H500x1,0.002749,True
98,jiang_short_baseline,affine,9.911784,crew_team_h,L300_H500x1,0.003780068728522337,L300_H500x1,0.002749,True
98,jiang_short_baseline,affine,9.911784,shift_ot_h,L300_H500x1,0.003780068728522337,L300_H500x2,0.0,False
98,jiang_short_baseline,affine,12.369317,shift_h,L300_H500x1,0.003780068728522337,MX1,0.062543,False
98,jiang_short_baseline,affine,12.369317,crew_veh_h,L300_H500x1,0.003780068728522337,L300_H500x1,0.002749,True
98,jiang_short_baseline,affine,12.369317,crew_team_h,L300_H500x1,0.003780068728522337,L300_H500x1,0.002749,True
98,jiang_short_baseline,affine,12.369317,shift_ot_h,L300_H500x1,0.003780068728522337,L300_H500x2,0.0,False
98,jiang_short_baseline,affine,15.436172,shift_h,L300_H500x1,0.003780068728522337,MX1,0.062543,False
98,jiang_short_baseline,affine,15.436172,crew_veh_h,L300_H500x1,0.003780068728522337,L300_H500x1,0.002749,True
98,jiang_short_baseline,affine,15.436172,crew_team_h,L300_H500x1,0.003780068728522337,L300_H500x1,0.002749,True
98,jiang_short_baseline,affine,15.436172,shift_ot_h,L300_H500x1,0.003780068728522337,L300_H500x1,0.002749,True
98,jiang_short_baseline,affine,19.263424,shift_h,L300_H500x1,0.003780068728522337,MX1,0.062543,False
98,jiang_short_baseline,affine,19.263424,crew_veh_h,L300_H500x1,0.003780068728522337,L300_H500x1,0.002749,True
98,jiang_short_baseline,affine,19.263424,crew_team_h,L300_H500x1,0.003780068728522337,L300_H500x1,0.002749,True
98,jiang_short_baseline,affine,19.263424,shift_ot_h,L300_H500x1,0.003780068728522337,L300_H500x1,0.002749,True
98,jiang_short_baseline,affine,24.039607,shift_h,L300_H500x1,0.003780068728522337,MX1,0.062543,False
98,jiang_short_baseline,affine,24.039607,crew_veh_h,L300_H500x1,0.003780068728522337,L300_H500x1,0.002749,True
98,jiang_short_baseline,affine,24.039607,crew_team_h,L300_H500x1,0.003780068728522337,L300_H500x1,0.002749,True
98,jiang_short_baseline,affine,24.039607,shift_ot_h,L300_H500x1,0.003780068728522337,L300_H500x1,0.002749,True
98,jiang_short_baseline,affine,30.0,shift_h,L300_H500x1,0.003780068728522337,MX1,0.062543,False
98,jiang_short_baseline,affine,30.0,crew_veh_h,L300_H500x1,0.003780068728522337,L300_H500x1,0.002749,True
98,jiang_short_baseline,affine,30.0,crew_team_h,L300_H500x1,0.003780068728522337,L300_H500x1,0.002749,True
98,jiang_short_baseline,affine,30.0,shift_ot_h,L300_H500x1,0.003780068728522337,L300_H500x1,0.002749,True
98,jiang_short_baseline,piecewise,5.1,shift_h,L300_H500x1,0.003780068728522337,MX1,0.062543,False
98,jiang_short_baseline,piecewise,5.1,crew_veh_h,L300_H500x2,0.0,L300_H500x2,0.0,True
98,jiang_short_baseline,piecewise,5.1,crew_team_h,L300_H500x2,0.0,L300_H500x2,0.0,True
98,jiang_short_baseline,piecewise,5.1,shift_ot_h,L300_H500x2,0.0,L300_H500x2,0.0,True
98,jiang_short_baseline,piecewise,6.364497,shift_h,L300_H500x1,0.003780068728522337,MX1,0.062543,False
98,jiang_short_baseline,piecewise,6.364497,crew_veh_h,L300_H500x2,0.0,L300_H500x2,0.0,True
98,jiang_short_baseline,piecewise,6.364497,crew_team_h,L300_H500x1,0.003780068728522337,L300_H500x2,0.0,False
98,jiang_short_baseline,piecewise,6.364497,shift_ot_h,L300_H500x2,0.0,L300_H500x2,0.0,True
98,jiang_short_baseline,piecewise,7.942513,shift_h,L300_H500x1,0.003780068728522337,MX1,0.062543,False
98,jiang_short_baseline,piecewise,7.942513,crew_veh_h,L300_H500x2,0.0,L300_H500x2,0.0,True
98,jiang_short_baseline,piecewise,7.942513,crew_team_h,L300_H500x1,0.003780068728522337,L300_H500x1,0.002749,True
98,jiang_short_baseline,piecewise,7.942513,shift_ot_h,L300_H500x1,0.003780068728522337,L300_H500x2,0.0,False
98,jiang_short_baseline,piecewise,9.911784,shift_h,L300_H500x1,0.003780068728522337,MX1,0.062543,False
98,jiang_short_baseline,piecewise,9.911784,crew_veh_h,L300_H500x1,0.003780068728522337,L300_H500x1,0.002749,True
98,jiang_short_baseline,piecewise,9.911784,crew_team_h,L300_H500x1,0.003780068728522337,L300_H500x1,0.002749,True
98,jiang_short_baseline,piecewise,9.911784,shift_ot_h,L300_H500x1,0.003780068728522337,L300_H500x2,0.0,False
98,jiang_short_baseline,piecewise,12.369317,shift_h,L300_H500x1,0.003780068728522337,MX1,0.062543,False
98,jiang_short_baseline,piecewise,12.369317,crew_veh_h,L300_H500x1,0.003780068728522337,L300_H500x1,0.002749,True
98,jiang_short_baseline,piecewise,12.369317,crew_team_h,L300_H500x1,0.003780068728522337,L300_H500x1,0.002749,True
98,jiang_short_baseline,piecewise,12.369317,shift_ot_h,L300_H500x1,0.003780068728522337,L300_H500x1,0.002749,True
98,jiang_short_baseline,piecewise,15.436172,shift_h,L300_H500x1,0.003780068728522337,MX1,0.062543,False
98,jiang_short_baseline,piecewise,15.436172,crew_veh_h,L300_H500x1,0.003780068728522337,L300_H500x1,0.002749,True
98,jiang_short_baseline,piecewise,15.436172,crew_team_h,L300_H500x1,0.003780068728522337,L300_H500x1,0.002749,True
98,jiang_short_baseline,piecewise,15.436172,shift_ot_h,L300_H500x1,0.003780068728522337,L300_H500x1,0.002749,True
98,jiang_short_baseline,piecewise,19.263424,shift_h,L300_H500x1,0.003780068728522337,MX1,0.062543,False
98,jiang_short_baseline,piecewise,19.263424,crew_veh_h,L300_H500x1,0.003780068728522337,L300_H500x1,0.002749,True
98,jiang_short_baseline,piecewise,19.263424,crew_team_h,L300_H500x1,0.003780068728522337,L300_H500x1,0.002749,True
98,jiang_short_baseline,piecewise,19.263424,shift_ot_h,L300_H500x1,0.003780068728522337,L300_H500x1,0.002749,True
98,jiang_short_baseline,piecewise,24.039607,shift_h,L300_H500x1,0.003780068728522337,MX1,0.062543,False
98,jiang_short_baseline,piecewise,24.039607,crew_veh_h,L300_H500x1,0.003780068728522337,L300_H500x1,0.002749,True
98,jiang_short_baseline,piecewise,24.039607,crew_team_h,L300_H500x1,0.003780068728522337,L300_H500x1,0.002749,True
98,jiang_short_baseline,piecewise,24.039607,shift_ot_h,L300_H500x1,0.003780068728522337,L300_H500x1,0.002749,True
98,jiang_short_baseline,piecewise,30.0,shift_h,L300_H500x1,0.003780068728522337,MX1,0.062543,False
98,jiang_short_baseline,piecewise,30.0,crew_veh_h,L300_H500x1,0.003780068728522337,L300_H500x1,0.002749,True
98,jiang_short_baseline,piecewise,30.0,crew_team_h,L300_H500x1,0.003780068728522337,L300_H500x1,0.002749,True
98,jiang_short_baseline,piecewise,30.0,shift_ot_h,L300_H500x1,0.003780068728522337,MX1,0.062543,False
98,jiang_short_baseline,power_0.72,5.1,shift_h,L300_H500x1,0.003780068728522337,MX1,0.062543,False
98,jiang_short_baseline,power_0.72,5.1,crew_veh_h,L300_H500x2,0.0,L300_H500x2,0.0,True
98,jiang_short_baseline,power_0.72,5.1,crew_team_h,L300_H500x2,0.0,L300_H500x2,0.0,True
98,jiang_short_baseline,power_0.72,5.1,shift_ot_h,L300_H500x2,0.0,L300_H500x2,0.0,True
98,jiang_short_baseline,power_0.72,6.364497,shift_h,L300_H500x1,0.003780068728522337,MX1,0.062543,False
98,jiang_short_baseline,power_0.72,6.364497,crew_veh_h,L300_H500x2,0.0,L300_H500x2,0.0,True
98,jiang_short_baseline,power_0.72,6.364497,crew_team_h,L300_H500x2,0.0,L300_H500x2,0.0,True
98,jiang_short_baseline,power_0.72,6.364497,shift_ot_h,L300_H500x2,0.0,L300_H500x2,0.0,True
98,jiang_short_baseline,power_0.72,7.942513,shift_h,L300_H500x1,0.003780068728522337,MX1,0.062543,False
98,jiang_short_baseline,power_0.72,7.942513,crew_veh_h,L300_H500x2,0.0,L300_H500x2,0.0,True
98,jiang_short_baseline,power_0.72,7.942513,crew_team_h,L300_H500x1,0.003780068728522337,L300_H500x1,0.002749,True
98,jiang_short_baseline,power_0.72,7.942513,shift_ot_h,L300_H500x2,0.0,L300_H500x2,0.0,True
98,jiang_short_baseline,power_0.72,9.911784,shift_h,L300_H500x1,0.003780068728522337,MX1,0.062543,False
98,jiang_short_baseline,power_0.72,9.911784,crew_veh_h,L300_H500x2,0.0,L300_H500x2,0.0,True
98,jiang_short_baseline,power_0.72,9.911784,crew_team_h,L300_H500x1,0.003780068728522337,L300_H500x1,0.002749,True
98,jiang_short_baseline,power_0.72,9.911784,shift_ot_h,L300_H500x1,0.003780068728522337,L300_H500x2,0.0,False
98,jiang_short_baseline,power_0.72,12.369317,shift_h,L300_H500x1,0.003780068728522337,MX1,0.062543,False
98,jiang_short_baseline,power_0.72,12.369317,crew_veh_h,L300_H500x1,0.003780068728522337,L300_H500x1,0.002749,True
98,jiang_short_baseline,power_0.72,12.369317,crew_team_h,L300_H500x1,0.003780068728522337,L300_H500x1,0.002749,True
98,jiang_short_baseline,power_0.72,12.369317,shift_ot_h,L300_H500x1,0.003780068728522337,L300_H500x2,0.0,False
98,jiang_short_baseline,power_0.72,15.436172,shift_h,L300_H500x1,0.003780068728522337,MX1,0.062543,False
98,jiang_short_baseline,power_0.72,15.436172,crew_veh_h,L300_H500x1,0.003780068728522337,L300_H500x1,0.002749,True
98,jiang_short_baseline,power_0.72,15.436172,crew_team_h,L300_H500x1,0.003780068728522337,L300_H500x1,0.002749,True
98,jiang_short_baseline,power_0.72,15.436172,shift_ot_h,L300_H500x1,0.003780068728522337,L300_H500x1,0.002749,True
98,jiang_short_baseline,power_0.72,19.263424,shift_h,L300_H500x1,0.003780068728522337,MX1,0.062543,False
98,jiang_short_baseline,power_0.72,19.263424,crew_veh_h,L300_H500x1,0.003780068728522337,L300_H500x1,0.002749,True
98,jiang_short_baseline,power_0.72,19.263424,crew_team_h,L300_H500x1,0.003780068728522337,L300_H500x1,0.002749,True
98,jiang_short_baseline,power_0.72,19.263424,shift_ot_h,L300_H500x1,0.003780068728522337,L300_H500x1,0.002749,True
98,jiang_short_baseline,power_0.72,24.039607,shift_h,L300_H500x1,0.003780068728522337,MX1,0.062543,False
98,jiang_short_baseline,power_0.72,24.039607,crew_veh_h,L300_H500x1,0.003780068728522337,L300_H500x1,0.002749,True
98,jiang_short_baseline,power_0.72,24.039607,crew_team_h,L300_H500x1,0.003780068728522337,L300_H500x1,0.002749,True
98,jiang_short_baseline,power_0.72,24.039607,shift_ot_h,L300_H500x1,0.003780068728522337,L300_H500x1,0.002749,True
98,jiang_short_baseline,power_0.72,30.0,shift_h,L300_H500x1,0.003780068728522337,MX1,0.062543,False
98,jiang_short_baseline,power_0.72,30.0,crew_veh_h,L300_H500x1,0.003780068728522337,L300_H500x1,0.002749,True
98,jiang_short_baseline,power_0.72,30.0,crew_team_h,L300_H500x1,0.003780068728522337,L300_H500x1,0.002749,True
98,jiang_short_baseline,power_0.72,30.0,shift_ot_h,L300_H500x1,0.003780068728522337,L300_H500x1,0.002749,True
98,jiang_short_baseline,power_0.84,5.1,shift_h,L300_H500x1,0.003780068728522337,MX1,0.062543,False
98,jiang_short_baseline,power_0.84,5.1,crew_veh_h,L300_H500x2,0.0,L300_H500x2,0.0,True
98,jiang_short_baseline,power_0.84,5.1,crew_team_h,L300_H500x2,0.0,L300_H500x2,0.0,True
98,jiang_short_baseline,power_0.84,5.1,shift_ot_h,L300_H500x2,0.0,L300_H500x2,0.0,True
98,jiang_short_baseline,power_0.84,6.364497,shift_h,L300_H500x1,0.003780068728522337,MX1,0.062543,False
98,jiang_short_baseline,power_0.84,6.364497,crew_veh_h,L300_H500x2,0.0,L300_H500x2,0.0,True
98,jiang_short_baseline,power_0.84,6.364497,crew_team_h,L300_H500x1,0.003780068728522337,L300_H500x2,0.0,False
98,jiang_short_baseline,power_0.84,6.364497,shift_ot_h,L300_H500x2,0.0,L300_H500x2,0.0,True
98,jiang_short_baseline,power_0.84,7.942513,shift_h,L300_H500x1,0.003780068728522337,MX1,0.062543,False
98,jiang_short_baseline,power_0.84,7.942513,crew_veh_h,L300_H500x2,0.0,L300_H500x2,0.0,True
98,jiang_short_baseline,power_0.84,7.942513,crew_team_h,L300_H500x1,0.003780068728522337,L300_H500x1,0.002749,True
98,jiang_short_baseline,power_0.84,7.942513,shift_ot_h,L300_H500x1,0.003780068728522337,L300_H500x2,0.0,False
98,jiang_short_baseline,power_0.84,9.911784,shift_h,L300_H500x1,0.003780068728522337,MX1,0.062543,False
98,jiang_short_baseline,power_0.84,9.911784,crew_veh_h,L300_H500x1,0.003780068728522337,L300_H500x1,0.002749,True
98,jiang_short_baseline,power_0.84,9.911784,crew_team_h,L300_H500x1,0.003780068728522337,L300_H500x1,0.002749,True
98,jiang_short_baseline,power_0.84,9.911784,shift_ot_h,L300_H500x1,0.003780068728522337,L300_H500x2,0.0,False
98,jiang_short_baseline,power_0.84,12.369317,shift_h,L300_H500x1,0.003780068728522337,MX1,0.062543,False
98,jiang_short_baseline,power_0.84,12.369317,crew_veh_h,L300_H500x1,0.003780068728522337,L300_H500x1,0.002749,True
98,jiang_short_baseline,power_0.84,12.369317,crew_team_h,L300_H500x1,0.003780068728522337,L300_H500x1,0.002749,True
98,jiang_short_baseline,power_0.84,12.369317,shift_ot_h,L300_H500x1,0.003780068728522337,L300_H500x2,0.0,False
98,jiang_short_baseline,power_0.84,15.436172,shift_h,L300_H500x1,0.003780068728522337,MX1,0.062543,False
98,jiang_short_baseline,power_0.84,15.436172,crew_veh_h,L300_H500x1,0.003780068728522337,L300_H500x1,0.002749,True
98,jiang_short_baseline,power_0.84,15.436172,crew_team_h,L300_H500x1,0.003780068728522337,L300_H500x1,0.002749,True
98,jiang_short_baseline,power_0.84,15.436172,shift_ot_h,L300_H500x1,0.003780068728522337,L300_H500x1,0.002749,True
98,jiang_short_baseline,power_0.84,19.263424,shift_h,L300_H500x1,0.003780068728522337,MX1,0.062543,False
98,jiang_short_baseline,power_0.84,19.263424,crew_veh_h,L300_H500x1,0.003780068728522337,L300_H500x1,0.002749,True
98,jiang_short_baseline,power_0.84,19.263424,crew_team_h,L300_H500x1,0.003780068728522337,L300_H500x1,0.002749,True
98,jiang_short_baseline,power_0.84,19.263424,shift_ot_h,L300_H500x1,0.003780068728522337,L300_H500x1,0.002749,True
98,jiang_short_baseline,power_0.84,24.039607,shift_h,L300_H500x1,0.003780068728522337,MX1,0.062543,False
98,jiang_short_baseline,power_0.84,24.039607,crew_veh_h,L300_H500x1,0.003780068728522337,L300_H500x1,0.002749,True
98,jiang_short_baseline,power_0.84,24.039607,crew_team_h,L300_H500x1,0.003780068728522337,L300_H500x1,0.002749,True
98,jiang_short_baseline,power_0.84,24.039607,shift_ot_h,L300_H500x1,0.003780068728522337,L300_H500x1,0.002749,True
98,jiang_short_baseline,power_0.84,30.0,shift_h,L300_H500x1,0.003780068728522337,MX1,0.062543,False
98,jiang_short_baseline,power_0.84,30.0,crew_veh_h,L300_H500x1,0.003780068728522337,L300_H500x1,0.002749,True
98,jiang_short_baseline,power_0.84,30.0,crew_team_h,L300_H500x1,0.003780068728522337,L300_H500x1,0.002749,True
98,jiang_short_baseline,power_0.84,30.0,shift_ot_h,L300_H500x1,0.003780068728522337,MX1,0.062543,False
98,jiang_short_baseline,power_0.96,5.1,shift_h,L300_H500x1,0.003780068728522337,MX1,0.062543,False
98,jiang_short_baseline,power_0.96,5.1,crew_veh_h,L300_H500x2,0.0,L300_H500x2,0.0,True
98,jiang_short_baseline,power_0.96,5.1,crew_team_h,L300_H500x1,0.003780068728522337,L300_H500x2,0.0,False
98,jiang_short_baseline,power_0.96,5.1,shift_ot_h,L300_H500x2,0.0,L300_H500x2,0.0,True
98,jiang_short_baseline,power_0.96,6.364497,shift_h,L300_H500x1,0.003780068728522337,MX1,0.062543,False
98,jiang_short_baseline,power_0.96,6.364497,crew_veh_h,L300_H500x2,0.0,L300_H500x2,0.0,True
98,jiang_short_baseline,power_0.96,6.364497,crew_team_h,L300_H500x1,0.003780068728522337,L300_H500x1,0.002749,True
98,jiang_short_baseline,power_0.96,6.364497,shift_ot_h,L300_H500x1,0.003780068728522337,L300_H500x2,0.0,False
98,jiang_short_baseline,power_0.96,7.942513,shift_h,L300_H500x1,0.003780068728522337,MX1,0.062543,False
98,jiang_short_baseline,power_0.96,7.942513,crew_veh_h,L300_H500x1,0.003780068728522337,L300_H500x1,0.002749,True
98,jiang_short_baseline,power_0.96,7.942513,crew_team_h,L300_H500x1,0.003780068728522337,L300_H500x1,0.002749,True
98,jiang_short_baseline,power_0.96,7.942513,shift_ot_h,L300_H500x1,0.003780068728522337,L300_H500x2,0.0,False
98,jiang_short_baseline,power_0.96,9.911784,shift_h,L300_H500x1,0.003780068728522337,MX1,0.062543,False
98,jiang_short_baseline,power_0.96,9.911784,crew_veh_h,L300_H500x1,0.003780068728522337,L300_H500x1,0.002749,True
98,jiang_short_baseline,power_0.96,9.911784,crew_team_h,L300_H500x1,0.003780068728522337,L300_H500x1,0.002749,True
98,jiang_short_baseline,power_0.96,9.911784,shift_ot_h,L300_H500x1,0.003780068728522337,L300_H500x2,0.0,False
98,jiang_short_baseline,power_0.96,12.369317,shift_h,L300_H500x1,0.003780068728522337,MX1,0.062543,False
98,jiang_short_baseline,power_0.96,12.369317,crew_veh_h,L300_H500x1,0.003780068728522337,L300_H500x1,0.002749,True
98,jiang_short_baseline,power_0.96,12.369317,crew_team_h,L300_H500x1,0.003780068728522337,L300_H500x1,0.002749,True
98,jiang_short_baseline,power_0.96,12.369317,shift_ot_h,L300_H500x1,0.003780068728522337,L300_H500x1,0.002749,True
98,jiang_short_baseline,power_0.96,15.436172,shift_h,L300_H500x1,0.003780068728522337,MX1,0.062543,False
98,jiang_short_baseline,power_0.96,15.436172,crew_veh_h,L300_H500x1,0.003780068728522337,L300_H500x1,0.002749,True
98,jiang_short_baseline,power_0.96,15.436172,crew_team_h,L300_H500x1,0.003780068728522337,L300_H500x1,0.002749,True
98,jiang_short_baseline,power_0.96,15.436172,shift_ot_h,L300_H500x1,0.003780068728522337,L300_H500x1,0.002749,True
98,jiang_short_baseline,power_0.96,19.263424,shift_h,L300_H500x1,0.003780068728522337,MX1,0.062543,False
98,jiang_short_baseline,power_0.96,19.263424,crew_veh_h,L300_H500x1,0.003780068728522337,L300_H500x1,0.002749,True
98,jiang_short_baseline,power_0.96,19.263424,crew_team_h,L300_H500x1,0.003780068728522337,L300_H500x1,0.002749,True
98,jiang_short_baseline,power_0.96,19.263424,shift_ot_h,L300_H500x1,0.003780068728522337,L300_H500x1,0.002749,True
98,jiang_short_baseline,power_0.96,24.039607,shift_h,L300_H500x1,0.003780068728522337,MX1,0.062543,False
98,jiang_short_baseline,power_0.96,24.039607,crew_veh_h,L300_H500x1,0.003780068728522337,L300_H500x1,0.002749,True
98,jiang_short_baseline,power_0.96,24.039607,crew_team_h,L300_H500x1,0.003780068728522337,L300_H500x1,0.002749,True
98,jiang_short_baseline,power_0.96,24.039607,shift_ot_h,L300_H500x1,0.003780068728522337,L300_H500x1,0.002749,True
98,jiang_short_baseline,power_0.96,30.0,shift_h,L300_H500x1,0.003780068728522337,MX1,0.062543,False
98,jiang_short_baseline,power_0.96,30.0,crew_veh_h,L300_H500x1,0.003780068728522337,L300_H500x1,0.002749,True
98,jiang_short_baseline,power_0.96,30.0,crew_team_h,L300_H500x1,0.003780068728522337,L300_H500x1,0.002749,True
98,jiang_short_baseline,power_0.96,30.0,shift_ot_h,L300_H500x1,0.003780068728522337,MX1,0.062543,False
98,jiang_massdep_baseline,affine,5.1,shift_h,425,0.012714776632302405,425,0.012715,True
98,jiang_massdep_baseline,affine,5.1,crew_veh_h,500,0.0,500,0.0,True
98,jiang_massdep_baseline,affine,5.1,crew_team_h,425,0.012714776632302405,425,0.012715,True
98,jiang_massdep_baseline,affine,5.1,shift_ot_h,425,0.012714776632302405,425,0.012715,True
98,jiang_massdep_baseline,affine,6.364497,shift_h,425,0.012714776632302405,425,0.012715,True
98,jiang_massdep_baseline,affine,6.364497,crew_veh_h,500,0.0,500,0.0,True
98,jiang_massdep_baseline,affine,6.364497,crew_team_h,425,0.012714776632302405,425,0.012715,True
98,jiang_massdep_baseline,affine,6.364497,shift_ot_h,425,0.012714776632302405,425,0.012715,True
98,jiang_massdep_baseline,affine,7.942513,shift_h,425,0.012714776632302405,425,0.012715,True
98,jiang_massdep_baseline,affine,7.942513,crew_veh_h,500,0.0,500,0.0,True
98,jiang_massdep_baseline,affine,7.942513,crew_team_h,425,0.012714776632302405,425,0.012715,True
98,jiang_massdep_baseline,affine,7.942513,shift_ot_h,425,0.012714776632302405,425,0.012715,True
98,jiang_massdep_baseline,affine,9.911784,shift_h,425,0.012714776632302405,425,0.012715,True
98,jiang_massdep_baseline,affine,9.911784,crew_veh_h,425,0.012714776632302405,425,0.012715,True
98,jiang_massdep_baseline,affine,9.911784,crew_team_h,425,0.012714776632302405,425,0.012715,True
98,jiang_massdep_baseline,affine,9.911784,shift_ot_h,425,0.012714776632302405,425,0.012715,True
98,jiang_massdep_baseline,affine,12.369317,shift_h,425,0.012714776632302405,425,0.012715,True
98,jiang_massdep_baseline,affine,12.369317,crew_veh_h,425,0.012714776632302405,425,0.012715,True
98,jiang_massdep_baseline,affine,12.369317,crew_team_h,425,0.012714776632302405,425,0.012715,True
98,jiang_massdep_baseline,affine,12.369317,shift_ot_h,425,0.012714776632302405,425,0.012715,True
98,jiang_massdep_baseline,affine,15.436172,shift_h,425,0.012714776632302405,425,0.012715,True
98,jiang_massdep_baseline,affine,15.436172,crew_veh_h,425,0.012714776632302405,425,0.012715,True
98,jiang_massdep_baseline,affine,15.436172,crew_team_h,MX2,0.05017182130584193,MX2,0.04055,True
98,jiang_massdep_baseline,affine,15.436172,shift_ot_h,425,0.012714776632302405,425,0.012715,True
98,jiang_massdep_baseline,affine,19.263424,shift_h,425,0.012714776632302405,425,0.012715,True
98,jiang_massdep_baseline,affine,19.263424,crew_veh_h,425,0.012714776632302405,425,0.012715,True
98,jiang_massdep_baseline,affine,19.263424,crew_team_h,MX2,0.05017182130584193,MX2,0.04055,True
98,jiang_massdep_baseline,affine,19.263424,shift_ot_h,425,0.012714776632302405,425,0.012715,True
98,jiang_massdep_baseline,affine,24.039607,shift_h,425,0.012714776632302405,425,0.012715,True
98,jiang_massdep_baseline,affine,24.039607,crew_veh_h,425,0.012714776632302405,425,0.012715,True
98,jiang_massdep_baseline,affine,24.039607,crew_team_h,MX2,0.05017182130584193,MX2,0.04055,True
98,jiang_massdep_baseline,affine,24.039607,shift_ot_h,425,0.012714776632302405,425,0.012715,True
98,jiang_massdep_baseline,affine,30.0,shift_h,425,0.012714776632302405,425,0.012715,True
98,jiang_massdep_baseline,affine,30.0,crew_veh_h,425,0.012714776632302405,425,0.012715,True
98,jiang_massdep_baseline,affine,30.0,crew_team_h,MX2,0.05017182130584193,MX2,0.04055,True
98,jiang_massdep_baseline,affine,30.0,shift_ot_h,425,0.012714776632302405,425,0.012715,True
98,jiang_massdep_baseline,piecewise,5.1,shift_h,425,0.012714776632302405,425,0.012715,True
98,jiang_massdep_baseline,piecewise,5.1,crew_veh_h,500,0.0,500,0.0,True
98,jiang_massdep_baseline,piecewise,5.1,crew_team_h,425,0.012714776632302405,425,0.012715,True
98,jiang_massdep_baseline,piecewise,5.1,shift_ot_h,425,0.012714776632302405,425,0.012715,True
98,jiang_massdep_baseline,piecewise,6.364497,shift_h,425,0.012714776632302405,425,0.012715,True
98,jiang_massdep_baseline,piecewise,6.364497,crew_veh_h,500,0.0,500,0.0,True
98,jiang_massdep_baseline,piecewise,6.364497,crew_team_h,425,0.012714776632302405,425,0.012715,True
98,jiang_massdep_baseline,piecewise,6.364497,shift_ot_h,425,0.012714776632302405,425,0.012715,True
98,jiang_massdep_baseline,piecewise,7.942513,shift_h,425,0.012714776632302405,425,0.012715,True
98,jiang_massdep_baseline,piecewise,7.942513,crew_veh_h,500,0.0,500,0.0,True
98,jiang_massdep_baseline,piecewise,7.942513,crew_team_h,425,0.012714776632302405,425,0.012715,True
98,jiang_massdep_baseline,piecewise,7.942513,shift_ot_h,425,0.012714776632302405,425,0.012715,True
98,jiang_massdep_baseline,piecewise,9.911784,shift_h,425,0.012714776632302405,425,0.012715,True
98,jiang_massdep_baseline,piecewise,9.911784,crew_veh_h,425,0.012714776632302405,425,0.012715,True
98,jiang_massdep_baseline,piecewise,9.911784,crew_team_h,425,0.012714776632302405,425,0.012715,True
98,jiang_massdep_baseline,piecewise,9.911784,shift_ot_h,425,0.012714776632302405,425,0.012715,True
98,jiang_massdep_baseline,piecewise,12.369317,shift_h,425,0.012714776632302405,425,0.012715,True
98,jiang_massdep_baseline,piecewise,12.369317,crew_veh_h,425,0.012714776632302405,425,0.012715,True
98,jiang_massdep_baseline,piecewise,12.369317,crew_team_h,MX2,0.05017182130584193,MX2,0.04055,True
98,jiang_massdep_baseline,piecewise,12.369317,shift_ot_h,425,0.012714776632302405,425,0.012715,True
98,jiang_massdep_baseline,piecewise,15.436172,shift_h,425,0.012714776632302405,425,0.012715,True
98,jiang_massdep_baseline,piecewise,15.436172,crew_veh_h,425,0.012714776632302405,425,0.012715,True
98,jiang_massdep_baseline,piecewise,15.436172,crew_team_h,MX2,0.05017182130584193,MX2,0.04055,True
98,jiang_massdep_baseline,piecewise,15.436172,shift_ot_h,425,0.012714776632302405,425,0.012715,True
98,jiang_massdep_baseline,piecewise,19.263424,shift_h,425,0.012714776632302405,425,0.012715,True
98,jiang_massdep_baseline,piecewise,19.263424,crew_veh_h,425,0.012714776632302405,425,0.012715,True
98,jiang_massdep_baseline,piecewise,19.263424,crew_team_h,MX2,0.05017182130584193,MX2,0.04055,True
98,jiang_massdep_baseline,piecewise,19.263424,shift_ot_h,425,0.012714776632302405,425,0.012715,True
98,jiang_massdep_baseline,piecewise,24.039607,shift_h,425,0.012714776632302405,425,0.012715,True
98,jiang_massdep_baseline,piecewise,24.039607,crew_veh_h,425,0.012714776632302405,425,0.012715,True
98,jiang_massdep_baseline,piecewise,24.039607,crew_team_h,MX2,0.05017182130584193,MX2,0.04055,True
98,jiang_massdep_baseline,piecewise,24.039607,shift_ot_h,425,0.012714776632302405,425,0.012715,True
98,jiang_massdep_baseline,piecewise,30.0,shift_h,425,0.012714776632302405,425,0.012715,True
98,jiang_massdep_baseline,piecewise,30.0,crew_veh_h,425,0.012714776632302405,MX2,0.04055,False
98,jiang_massdep_baseline,piecewise,30.0,crew_team_h,MX2,0.05017182130584193,MX2,0.04055,True
98,jiang_massdep_baseline,piecewise,30.0,shift_ot_h,425,0.012714776632302405,425,0.012715,True
98,jiang_massdep_baseline,power_0.72,5.1,shift_h,425,0.012714776632302405,425,0.012715,True
98,jiang_massdep_baseline,power_0.72,5.1,crew_veh_h,500,0.0,500,0.0,True
98,jiang_massdep_baseline,power_0.72,5.1,crew_team_h,425,0.012714776632302405,425,0.012715,True
98,jiang_massdep_baseline,power_0.72,5.1,shift_ot_h,425,0.012714776632302405,425,0.012715,True
98,jiang_massdep_baseline,power_0.72,6.364497,shift_h,425,0.012714776632302405,425,0.012715,True
98,jiang_massdep_baseline,power_0.72,6.364497,crew_veh_h,500,0.0,500,0.0,True
98,jiang_massdep_baseline,power_0.72,6.364497,crew_team_h,425,0.012714776632302405,425,0.012715,True
98,jiang_massdep_baseline,power_0.72,6.364497,shift_ot_h,425,0.012714776632302405,425,0.012715,True
98,jiang_massdep_baseline,power_0.72,7.942513,shift_h,425,0.012714776632302405,425,0.012715,True
98,jiang_massdep_baseline,power_0.72,7.942513,crew_veh_h,500,0.0,500,0.0,True
98,jiang_massdep_baseline,power_0.72,7.942513,crew_team_h,425,0.012714776632302405,425,0.012715,True
98,jiang_massdep_baseline,power_0.72,7.942513,shift_ot_h,425,0.012714776632302405,425,0.012715,True
98,jiang_massdep_baseline,power_0.72,9.911784,shift_h,425,0.012714776632302405,425,0.012715,True
98,jiang_massdep_baseline,power_0.72,9.911784,crew_veh_h,500,0.0,500,0.0,True
98,jiang_massdep_baseline,power_0.72,9.911784,crew_team_h,425,0.012714776632302405,425,0.012715,True
98,jiang_massdep_baseline,power_0.72,9.911784,shift_ot_h,425,0.012714776632302405,425,0.012715,True
98,jiang_massdep_baseline,power_0.72,12.369317,shift_h,425,0.012714776632302405,425,0.012715,True
98,jiang_massdep_baseline,power_0.72,12.369317,crew_veh_h,425,0.012714776632302405,425,0.012715,True
98,jiang_massdep_baseline,power_0.72,12.369317,crew_team_h,425,0.012714776632302405,425,0.012715,True
98,jiang_massdep_baseline,power_0.72,12.369317,shift_ot_h,425,0.012714776632302405,425,0.012715,True
98,jiang_massdep_baseline,power_0.72,15.436172,shift_h,425,0.012714776632302405,425,0.012715,True
98,jiang_massdep_baseline,power_0.72,15.436172,crew_veh_h,425,0.012714776632302405,425,0.012715,True
98,jiang_massdep_baseline,power_0.72,15.436172,crew_team_h,425,0.012714776632302405,425,0.012715,True
98,jiang_massdep_baseline,power_0.72,15.436172,shift_ot_h,425,0.012714776632302405,425,0.012715,True
98,jiang_massdep_baseline,power_0.72,19.263424,shift_h,425,0.012714776632302405,425,0.012715,True
98,jiang_massdep_baseline,power_0.72,19.263424,crew_veh_h,425,0.012714776632302405,425,0.012715,True
98,jiang_massdep_baseline,power_0.72,19.263424,crew_team_h,MX2,0.05017182130584193,MX2,0.04055,True
98,jiang_massdep_baseline,power_0.72,19.263424,shift_ot_h,425,0.012714776632302405,425,0.012715,True
98,jiang_massdep_baseline,power_0.72,24.039607,shift_h,425,0.012714776632302405,425,0.012715,True
98,jiang_massdep_baseline,power_0.72,24.039607,crew_veh_h,425,0.012714776632302405,425,0.012715,True
98,jiang_massdep_baseline,power_0.72,24.039607,crew_team_h,MX2,0.05017182130584193,MX2,0.04055,True
98,jiang_massdep_baseline,power_0.72,24.039607,shift_ot_h,425,0.012714776632302405,425,0.012715,True
98,jiang_massdep_baseline,power_0.72,30.0,shift_h,425,0.012714776632302405,425,0.012715,True
98,jiang_massdep_baseline,power_0.72,30.0,crew_veh_h,425,0.012714776632302405,425,0.012715,True
98,jiang_massdep_baseline,power_0.72,30.0,crew_team_h,MX2,0.05017182130584193,MX2,0.04055,True
98,jiang_massdep_baseline,power_0.72,30.0,shift_ot_h,425,0.012714776632302405,425,0.012715,True
98,jiang_massdep_baseline,power_0.84,5.1,shift_h,425,0.012714776632302405,425,0.012715,True
98,jiang_massdep_baseline,power_0.84,5.1,crew_veh_h,500,0.0,500,0.0,True
98,jiang_massdep_baseline,power_0.84,5.1,crew_team_h,425,0.012714776632302405,425,0.012715,True
98,jiang_massdep_baseline,power_0.84,5.1,shift_ot_h,425,0.012714776632302405,425,0.012715,True
98,jiang_massdep_baseline,power_0.84,6.364497,shift_h,425,0.012714776632302405,425,0.012715,True
98,jiang_massdep_baseline,power_0.84,6.364497,crew_veh_h,500,0.0,500,0.0,True
98,jiang_massdep_baseline,power_0.84,6.364497,crew_team_h,425,0.012714776632302405,425,0.012715,True
98,jiang_massdep_baseline,power_0.84,6.364497,shift_ot_h,425,0.012714776632302405,425,0.012715,True
98,jiang_massdep_baseline,power_0.84,7.942513,shift_h,425,0.012714776632302405,425,0.012715,True
98,jiang_massdep_baseline,power_0.84,7.942513,crew_veh_h,500,0.0,500,0.0,True
98,jiang_massdep_baseline,power_0.84,7.942513,crew_team_h,425,0.012714776632302405,425,0.012715,True
98,jiang_massdep_baseline,power_0.84,7.942513,shift_ot_h,425,0.012714776632302405,425,0.012715,True
98,jiang_massdep_baseline,power_0.84,9.911784,shift_h,425,0.012714776632302405,425,0.012715,True
98,jiang_massdep_baseline,power_0.84,9.911784,crew_veh_h,425,0.012714776632302405,425,0.012715,True
98,jiang_massdep_baseline,power_0.84,9.911784,crew_team_h,425,0.012714776632302405,425,0.012715,True
98,jiang_massdep_baseline,power_0.84,9.911784,shift_ot_h,425,0.012714776632302405,425,0.012715,True
98,jiang_massdep_baseline,power_0.84,12.369317,shift_h,425,0.012714776632302405,425,0.012715,True
98,jiang_massdep_baseline,power_0.84,12.369317,crew_veh_h,425,0.012714776632302405,425,0.012715,True
98,jiang_massdep_baseline,power_0.84,12.369317,crew_team_h,MX2,0.05017182130584193,MX2,0.04055,True
98,jiang_massdep_baseline,power_0.84,12.369317,shift_ot_h,425,0.012714776632302405,425,0.012715,True
98,jiang_massdep_baseline,power_0.84,15.436172,shift_h,425,0.012714776632302405,425,0.012715,True
98,jiang_massdep_baseline,power_0.84,15.436172,crew_veh_h,425,0.012714776632302405,425,0.012715,True
98,jiang_massdep_baseline,power_0.84,15.436172,crew_team_h,MX2,0.05017182130584193,MX2,0.04055,True
98,jiang_massdep_baseline,power_0.84,15.436172,shift_ot_h,425,0.012714776632302405,425,0.012715,True
98,jiang_massdep_baseline,power_0.84,19.263424,shift_h,425,0.012714776632302405,425,0.012715,True
98,jiang_massdep_baseline,power_0.84,19.263424,crew_veh_h,425,0.012714776632302405,425,0.012715,True
98,jiang_massdep_baseline,power_0.84,19.263424,crew_team_h,MX2,0.05017182130584193,MX2,0.04055,True
98,jiang_massdep_baseline,power_0.84,19.263424,shift_ot_h,425,0.012714776632302405,425,0.012715,True
98,jiang_massdep_baseline,power_0.84,24.039607,shift_h,425,0.012714776632302405,425,0.012715,True
98,jiang_massdep_baseline,power_0.84,24.039607,crew_veh_h,425,0.012714776632302405,425,0.012715,True
98,jiang_massdep_baseline,power_0.84,24.039607,crew_team_h,MX2,0.05017182130584193,MX2,0.04055,True
98,jiang_massdep_baseline,power_0.84,24.039607,shift_ot_h,425,0.012714776632302405,425,0.012715,True
98,jiang_massdep_baseline,power_0.84,30.0,shift_h,425,0.012714776632302405,425,0.012715,True
98,jiang_massdep_baseline,power_0.84,30.0,crew_veh_h,425,0.012714776632302405,MX2,0.04055,False
98,jiang_massdep_baseline,power_0.84,30.0,crew_team_h,MX2,0.05017182130584193,MX2,0.04055,True
98,jiang_massdep_baseline,power_0.84,30.0,shift_ot_h,425,0.012714776632302405,425,0.012715,True
98,jiang_massdep_baseline,power_0.96,5.1,shift_h,425,0.012714776632302405,425,0.012715,True
98,jiang_massdep_baseline,power_0.96,5.1,crew_veh_h,500,0.0,500,0.0,True
98,jiang_massdep_baseline,power_0.96,5.1,crew_team_h,425,0.012714776632302405,425,0.012715,True
98,jiang_massdep_baseline,power_0.96,5.1,shift_ot_h,425,0.012714776632302405,425,0.012715,True
98,jiang_massdep_baseline,power_0.96,6.364497,shift_h,425,0.012714776632302405,425,0.012715,True
98,jiang_massdep_baseline,power_0.96,6.364497,crew_veh_h,500,0.0,500,0.0,True
98,jiang_massdep_baseline,power_0.96,6.364497,crew_team_h,425,0.012714776632302405,425,0.012715,True
98,jiang_massdep_baseline,power_0.96,6.364497,shift_ot_h,425,0.012714776632302405,425,0.012715,True
98,jiang_massdep_baseline,power_0.96,7.942513,shift_h,425,0.012714776632302405,425,0.012715,True
98,jiang_massdep_baseline,power_0.96,7.942513,crew_veh_h,425,0.012714776632302405,425,0.012715,True
98,jiang_massdep_baseline,power_0.96,7.942513,crew_team_h,425,0.012714776632302405,425,0.012715,True
98,jiang_massdep_baseline,power_0.96,7.942513,shift_ot_h,425,0.012714776632302405,425,0.012715,True
98,jiang_massdep_baseline,power_0.96,9.911784,shift_h,425,0.012714776632302405,425,0.012715,True
98,jiang_massdep_baseline,power_0.96,9.911784,crew_veh_h,425,0.012714776632302405,425,0.012715,True
98,jiang_massdep_baseline,power_0.96,9.911784,crew_team_h,MX2,0.05017182130584193,MX2,0.04055,True
98,jiang_massdep_baseline,power_0.96,9.911784,shift_ot_h,425,0.012714776632302405,425,0.012715,True
98,jiang_massdep_baseline,power_0.96,12.369317,shift_h,425,0.012714776632302405,425,0.012715,True
98,jiang_massdep_baseline,power_0.96,12.369317,crew_veh_h,425,0.012714776632302405,425,0.012715,True
98,jiang_massdep_baseline,power_0.96,12.369317,crew_team_h,MX2,0.05017182130584193,MX2,0.04055,True
98,jiang_massdep_baseline,power_0.96,12.369317,shift_ot_h,425,0.012714776632302405,425,0.012715,True
98,jiang_massdep_baseline,power_0.96,15.436172,shift_h,425,0.012714776632302405,425,0.012715,True
98,jiang_massdep_baseline,power_0.96,15.436172,crew_veh_h,425,0.012714776632302405,425,0.012715,True
98,jiang_massdep_baseline,power_0.96,15.436172,crew_team_h,MX2,0.05017182130584193,MX2,0.04055,True
98,jiang_massdep_baseline,power_0.96,15.436172,shift_ot_h,425,0.012714776632302405,425,0.012715,True
98,jiang_massdep_baseline,power_0.96,19.263424,shift_h,425,0.012714776632302405,425,0.012715,True
98,jiang_massdep_baseline,power_0.96,19.263424,crew_veh_h,425,0.012714776632302405,425,0.012715,True
98,jiang_massdep_baseline,power_0.96,19.263424,crew_team_h,MX2,0.05017182130584193,MX2,0.04055,True
98,jiang_massdep_baseline,power_0.96,19.263424,shift_ot_h,425,0.012714776632302405,425,0.012715,True
98,jiang_massdep_baseline,power_0.96,24.039607,shift_h,425,0.012714776632302405,425,0.012715,True
98,jiang_massdep_baseline,power_0.96,24.039607,crew_veh_h,MX2,0.05017182130584193,MX2,0.04055,True
98,jiang_massdep_baseline,power_0.96,24.039607,crew_team_h,MX2,0.05017182130584193,MX2,0.04055,True
98,jiang_massdep_baseline,power_0.96,24.039607,shift_ot_h,425,0.012714776632302405,425,0.012715,True
98,jiang_massdep_baseline,power_0.96,30.0,shift_h,425,0.012714776632302405,425,0.012715,True
98,jiang_massdep_baseline,power_0.96,30.0,crew_veh_h,MX2,0.05017182130584193,MX2,0.04055,True
98,jiang_massdep_baseline,power_0.96,30.0,crew_team_h,MX2,0.05017182130584193,MX2,0.04055,True
98,jiang_massdep_baseline,power_0.96,30.0,shift_ot_h,425,0.012714776632302405,425,0.012715,True
98,extraheavy_short_baseline,affine,5.1,shift_h,MX2,0.09518900343642611,550,0.091409,False
98,extraheavy_short_baseline,affine,5.1,crew_veh_h,MX2,0.09518900343642611,MX2,0.095189,True
98,extraheavy_short_baseline,affine,5.1,crew_team_h,MX2,0.09518900343642611,MX2,0.095189,True
98,extraheavy_short_baseline,affine,5.1,shift_ot_h,MX2,0.09518900343642611,550,0.091409,False
98,extraheavy_short_baseline,affine,6.364497,shift_h,MX2,0.09518900343642611,550,0.091409,False
98,extraheavy_short_baseline,affine,6.364497,crew_veh_h,MX2,0.09518900343642611,MX2,0.095189,True
98,extraheavy_short_baseline,affine,6.364497,crew_team_h,MX2,0.09518900343642611,MX2,0.095189,True
98,extraheavy_short_baseline,affine,6.364497,shift_ot_h,MX2,0.09518900343642611,550,0.091409,False
98,extraheavy_short_baseline,affine,7.942513,shift_h,MX2,0.09518900343642611,550,0.091409,False
98,extraheavy_short_baseline,affine,7.942513,crew_veh_h,MX2,0.09518900343642611,MX2,0.095189,True
98,extraheavy_short_baseline,affine,7.942513,crew_team_h,MX2,0.09518900343642611,MX2,0.095189,True
98,extraheavy_short_baseline,affine,7.942513,shift_ot_h,MX2,0.09518900343642611,550,0.091409,False
98,extraheavy_short_baseline,affine,9.911784,shift_h,MX2,0.09518900343642611,550,0.091409,False
98,extraheavy_short_baseline,affine,9.911784,crew_veh_h,MX2,0.09518900343642611,MX2,0.095189,True
98,extraheavy_short_baseline,affine,9.911784,crew_team_h,MX2,0.09518900343642611,MX2,0.095189,True
98,extraheavy_short_baseline,affine,9.911784,shift_ot_h,MX2,0.09518900343642611,550,0.091409,False
98,extraheavy_short_baseline,affine,12.369317,shift_h,MX2,0.09518900343642611,550,0.091409,False
98,extraheavy_short_baseline,affine,12.369317,crew_veh_h,MX2,0.09518900343642611,MX2,0.095189,True
98,extraheavy_short_baseline,affine,12.369317,crew_team_h,MX2,0.09518900343642611,MX2,0.095189,True
98,extraheavy_short_baseline,affine,12.369317,shift_ot_h,MX2,0.09518900343642611,550,0.091409,False
98,extraheavy_short_baseline,affine,15.436172,shift_h,MX2,0.09518900343642611,550,0.091409,False
98,extraheavy_short_baseline,affine,15.436172,crew_veh_h,MX2,0.09518900343642611,MX2,0.095189,True
98,extraheavy_short_baseline,affine,15.436172,crew_team_h,MX2,0.09518900343642611,MX2,0.095189,True
98,extraheavy_short_baseline,affine,15.436172,shift_ot_h,MX2,0.09518900343642611,550,0.091409,False
98,extraheavy_short_baseline,affine,19.263424,shift_h,MX2,0.09518900343642611,550,0.091409,False
98,extraheavy_short_baseline,affine,19.263424,crew_veh_h,MX2,0.09518900343642611,MX2,0.095189,True
98,extraheavy_short_baseline,affine,19.263424,crew_team_h,MX2,0.09518900343642611,MX2,0.095189,True
98,extraheavy_short_baseline,affine,19.263424,shift_ot_h,MX2,0.09518900343642611,550,0.091409,False
98,extraheavy_short_baseline,affine,24.039607,shift_h,MX2,0.09518900343642611,550,0.091409,False
98,extraheavy_short_baseline,affine,24.039607,crew_veh_h,MX2,0.09518900343642611,MX2,0.095189,True
98,extraheavy_short_baseline,affine,24.039607,crew_team_h,MX2,0.09518900343642611,MX2,0.095189,True
98,extraheavy_short_baseline,affine,24.039607,shift_ot_h,MX2,0.09518900343642611,550,0.091409,False
98,extraheavy_short_baseline,affine,30.0,shift_h,MX2,0.09518900343642611,550,0.091409,False
98,extraheavy_short_baseline,affine,30.0,crew_veh_h,MX2,0.09518900343642611,MX2,0.095189,True
98,extraheavy_short_baseline,affine,30.0,crew_team_h,MX2,0.09518900343642611,MX2,0.095189,True
98,extraheavy_short_baseline,affine,30.0,shift_ot_h,MX2,0.09518900343642611,550,0.091409,False
98,extraheavy_short_baseline,piecewise,5.1,shift_h,MX2,0.09518900343642611,550,0.091409,False
98,extraheavy_short_baseline,piecewise,5.1,crew_veh_h,MX2,0.09518900343642611,MX2,0.095189,True
98,extraheavy_short_baseline,piecewise,5.1,crew_team_h,MX2,0.09518900343642611,MX2,0.095189,True
98,extraheavy_short_baseline,piecewise,5.1,shift_ot_h,MX2,0.09518900343642611,550,0.091409,False
98,extraheavy_short_baseline,piecewise,6.364497,shift_h,MX2,0.09518900343642611,550,0.091409,False
98,extraheavy_short_baseline,piecewise,6.364497,crew_veh_h,MX2,0.09518900343642611,MX2,0.095189,True
98,extraheavy_short_baseline,piecewise,6.364497,crew_team_h,MX2,0.09518900343642611,MX2,0.095189,True
98,extraheavy_short_baseline,piecewise,6.364497,shift_ot_h,MX2,0.09518900343642611,550,0.091409,False
98,extraheavy_short_baseline,piecewise,7.942513,shift_h,MX2,0.09518900343642611,550,0.091409,False
98,extraheavy_short_baseline,piecewise,7.942513,crew_veh_h,MX2,0.09518900343642611,MX2,0.095189,True
98,extraheavy_short_baseline,piecewise,7.942513,crew_team_h,MX2,0.09518900343642611,MX2,0.095189,True
98,extraheavy_short_baseline,piecewise,7.942513,shift_ot_h,MX2,0.09518900343642611,550,0.091409,False
98,extraheavy_short_baseline,piecewise,9.911784,shift_h,MX2,0.09518900343642611,550,0.091409,False
98,extraheavy_short_baseline,piecewise,9.911784,crew_veh_h,MX2,0.09518900343642611,MX2,0.095189,True
98,extraheavy_short_baseline,piecewise,9.911784,crew_team_h,MX2,0.09518900343642611,MX2,0.095189,True
98,extraheavy_short_baseline,piecewise,9.911784,shift_ot_h,MX2,0.09518900343642611,550,0.091409,False
98,extraheavy_short_baseline,piecewise,12.369317,shift_h,MX2,0.09518900343642611,550,0.091409,False
98,extraheavy_short_baseline,piecewise,12.369317,crew_veh_h,MX2,0.09518900343642611,MX2,0.095189,True
98,extraheavy_short_baseline,piecewise,12.369317,crew_team_h,MX2,0.09518900343642611,MX2,0.095189,True
98,extraheavy_short_baseline,piecewise,12.369317,shift_ot_h,MX2,0.09518900343642611,550,0.091409,False
98,extraheavy_short_baseline,piecewise,15.436172,shift_h,MX2,0.09518900343642611,550,0.091409,False
98,extraheavy_short_baseline,piecewise,15.436172,crew_veh_h,MX2,0.09518900343642611,MX2,0.095189,True
98,extraheavy_short_baseline,piecewise,15.436172,crew_team_h,MX2,0.09518900343642611,MX2,0.095189,True
98,extraheavy_short_baseline,piecewise,15.436172,shift_ot_h,MX2,0.09518900343642611,550,0.091409,False
98,extraheavy_short_baseline,piecewise,19.263424,shift_h,MX2,0.09518900343642611,550,0.091409,False
98,extraheavy_short_baseline,piecewise,19.263424,crew_veh_h,MX2,0.09518900343642611,MX2,0.095189,True
98,extraheavy_short_baseline,piecewise,19.263424,crew_team_h,MX2,0.09518900343642611,MX2,0.095189,True
98,extraheavy_short_baseline,piecewise,19.263424,shift_ot_h,MX2,0.09518900343642611,550,0.091409,False
98,extraheavy_short_baseline,piecewise,24.039607,shift_h,MX2,0.09518900343642611,550,0.091409,False
98,extraheavy_short_baseline,piecewise,24.039607,crew_veh_h,MX2,0.09518900343642611,MX2,0.095189,True
98,extraheavy_short_baseline,piecewise,24.039607,crew_team_h,MX2,0.09518900343642611,MX2,0.095189,True
98,extraheavy_short_baseline,piecewise,24.039607,shift_ot_h,MX2,0.09518900343642611,550,0.091409,False
98,extraheavy_short_baseline,piecewise,30.0,shift_h,MX2,0.09518900343642611,550,0.091409,False
98,extraheavy_short_baseline,piecewise,30.0,crew_veh_h,MX2,0.09518900343642611,MX2,0.095189,True
98,extraheavy_short_baseline,piecewise,30.0,crew_team_h,MX2,0.09518900343642611,MX2,0.095189,True
98,extraheavy_short_baseline,piecewise,30.0,shift_ot_h,MX2,0.09518900343642611,550,0.091409,False
98,extraheavy_short_baseline,power_0.72,5.1,shift_h,MX2,0.09518900343642611,550,0.091409,False
98,extraheavy_short_baseline,power_0.72,5.1,crew_veh_h,MX2,0.09518900343642611,MX2,0.095189,True
98,extraheavy_short_baseline,power_0.72,5.1,crew_team_h,MX2,0.09518900343642611,MX2,0.095189,True
98,extraheavy_short_baseline,power_0.72,5.1,shift_ot_h,MX2,0.09518900343642611,550,0.091409,False
98,extraheavy_short_baseline,power_0.72,6.364497,shift_h,MX2,0.09518900343642611,550,0.091409,False
98,extraheavy_short_baseline,power_0.72,6.364497,crew_veh_h,MX2,0.09518900343642611,MX2,0.095189,True
98,extraheavy_short_baseline,power_0.72,6.364497,crew_team_h,MX2,0.09518900343642611,MX2,0.095189,True
98,extraheavy_short_baseline,power_0.72,6.364497,shift_ot_h,MX2,0.09518900343642611,550,0.091409,False
98,extraheavy_short_baseline,power_0.72,7.942513,shift_h,MX2,0.09518900343642611,550,0.091409,False
98,extraheavy_short_baseline,power_0.72,7.942513,crew_veh_h,MX2,0.09518900343642611,MX2,0.095189,True
98,extraheavy_short_baseline,power_0.72,7.942513,crew_team_h,MX2,0.09518900343642611,MX2,0.095189,True
98,extraheavy_short_baseline,power_0.72,7.942513,shift_ot_h,MX2,0.09518900343642611,550,0.091409,False
98,extraheavy_short_baseline,power_0.72,9.911784,shift_h,MX2,0.09518900343642611,550,0.091409,False
98,extraheavy_short_baseline,power_0.72,9.911784,crew_veh_h,MX2,0.09518900343642611,MX2,0.095189,True
98,extraheavy_short_baseline,power_0.72,9.911784,crew_team_h,MX2,0.09518900343642611,MX2,0.095189,True
98,extraheavy_short_baseline,power_0.72,9.911784,shift_ot_h,MX2,0.09518900343642611,550,0.091409,False
98,extraheavy_short_baseline,power_0.72,12.369317,shift_h,MX2,0.09518900343642611,550,0.091409,False
98,extraheavy_short_baseline,power_0.72,12.369317,crew_veh_h,MX2,0.09518900343642611,MX2,0.095189,True
98,extraheavy_short_baseline,power_0.72,12.369317,crew_team_h,MX2,0.09518900343642611,MX2,0.095189,True
98,extraheavy_short_baseline,power_0.72,12.369317,shift_ot_h,MX2,0.09518900343642611,550,0.091409,False
98,extraheavy_short_baseline,power_0.72,15.436172,shift_h,MX2,0.09518900343642611,550,0.091409,False
98,extraheavy_short_baseline,power_0.72,15.436172,crew_veh_h,MX2,0.09518900343642611,MX2,0.095189,True
98,extraheavy_short_baseline,power_0.72,15.436172,crew_team_h,MX2,0.09518900343642611,MX2,0.095189,True
98,extraheavy_short_baseline,power_0.72,15.436172,shift_ot_h,MX2,0.09518900343642611,550,0.091409,False
98,extraheavy_short_baseline,power_0.72,19.263424,shift_h,MX2,0.09518900343642611,550,0.091409,False
98,extraheavy_short_baseline,power_0.72,19.263424,crew_veh_h,MX2,0.09518900343642611,MX2,0.095189,True
98,extraheavy_short_baseline,power_0.72,19.263424,crew_team_h,MX2,0.09518900343642611,MX2,0.095189,True
98,extraheavy_short_baseline,power_0.72,19.263424,shift_ot_h,MX2,0.09518900343642611,550,0.091409,False
98,extraheavy_short_baseline,power_0.72,24.039607,shift_h,MX2,0.09518900343642611,550,0.091409,False
98,extraheavy_short_baseline,power_0.72,24.039607,crew_veh_h,MX2,0.09518900343642611,MX2,0.095189,True
98,extraheavy_short_baseline,power_0.72,24.039607,crew_team_h,MX2,0.09518900343642611,MX2,0.095189,True
98,extraheavy_short_baseline,power_0.72,24.039607,shift_ot_h,MX2,0.09518900343642611,550,0.091409,False
98,extraheavy_short_baseline,power_0.72,30.0,shift_h,MX2,0.09518900343642611,550,0.091409,False
98,extraheavy_short_baseline,power_0.72,30.0,crew_veh_h,MX2,0.09518900343642611,MX2,0.095189,True
98,extraheavy_short_baseline,power_0.72,30.0,crew_team_h,MX2,0.09518900343642611,MX2,0.095189,True
98,extraheavy_short_baseline,power_0.72,30.0,shift_ot_h,MX2,0.09518900343642611,550,0.091409,False
98,extraheavy_short_baseline,power_0.84,5.1,shift_h,MX2,0.09518900343642611,550,0.091409,False
98,extraheavy_short_baseline,power_0.84,5.1,crew_veh_h,MX2,0.09518900343642611,MX2,0.095189,True
98,extraheavy_short_baseline,power_0.84,5.1,crew_team_h,MX2,0.09518900343642611,MX2,0.095189,True
98,extraheavy_short_baseline,power_0.84,5.1,shift_ot_h,MX2,0.09518900343642611,550,0.091409,False
98,extraheavy_short_baseline,power_0.84,6.364497,shift_h,MX2,0.09518900343642611,550,0.091409,False
98,extraheavy_short_baseline,power_0.84,6.364497,crew_veh_h,MX2,0.09518900343642611,MX2,0.095189,True
98,extraheavy_short_baseline,power_0.84,6.364497,crew_team_h,MX2,0.09518900343642611,MX2,0.095189,True
98,extraheavy_short_baseline,power_0.84,6.364497,shift_ot_h,MX2,0.09518900343642611,550,0.091409,False
98,extraheavy_short_baseline,power_0.84,7.942513,shift_h,MX2,0.09518900343642611,550,0.091409,False
98,extraheavy_short_baseline,power_0.84,7.942513,crew_veh_h,MX2,0.09518900343642611,MX2,0.095189,True
98,extraheavy_short_baseline,power_0.84,7.942513,crew_team_h,MX2,0.09518900343642611,MX2,0.095189,True
98,extraheavy_short_baseline,power_0.84,7.942513,shift_ot_h,MX2,0.09518900343642611,550,0.091409,False
98,extraheavy_short_baseline,power_0.84,9.911784,shift_h,MX2,0.09518900343642611,550,0.091409,False
98,extraheavy_short_baseline,power_0.84,9.911784,crew_veh_h,MX2,0.09518900343642611,MX2,0.095189,True
98,extraheavy_short_baseline,power_0.84,9.911784,crew_team_h,MX2,0.09518900343642611,MX2,0.095189,True
98,extraheavy_short_baseline,power_0.84,9.911784,shift_ot_h,MX2,0.09518900343642611,550,0.091409,False
98,extraheavy_short_baseline,power_0.84,12.369317,shift_h,MX2,0.09518900343642611,550,0.091409,False
98,extraheavy_short_baseline,power_0.84,12.369317,crew_veh_h,MX2,0.09518900343642611,MX2,0.095189,True
98,extraheavy_short_baseline,power_0.84,12.369317,crew_team_h,MX2,0.09518900343642611,MX2,0.095189,True
98,extraheavy_short_baseline,power_0.84,12.369317,shift_ot_h,MX2,0.09518900343642611,550,0.091409,False
98,extraheavy_short_baseline,power_0.84,15.436172,shift_h,MX2,0.09518900343642611,550,0.091409,False
98,extraheavy_short_baseline,power_0.84,15.436172,crew_veh_h,MX2,0.09518900343642611,MX2,0.095189,True
98,extraheavy_short_baseline,power_0.84,15.436172,crew_team_h,MX2,0.09518900343642611,MX2,0.095189,True
98,extraheavy_short_baseline,power_0.84,15.436172,shift_ot_h,MX2,0.09518900343642611,550,0.091409,False
98,extraheavy_short_baseline,power_0.84,19.263424,shift_h,MX2,0.09518900343642611,550,0.091409,False
98,extraheavy_short_baseline,power_0.84,19.263424,crew_veh_h,MX2,0.09518900343642611,MX2,0.095189,True
98,extraheavy_short_baseline,power_0.84,19.263424,crew_team_h,MX2,0.09518900343642611,MX2,0.095189,True
98,extraheavy_short_baseline,power_0.84,19.263424,shift_ot_h,MX2,0.09518900343642611,550,0.091409,False
98,extraheavy_short_baseline,power_0.84,24.039607,shift_h,MX2,0.09518900343642611,550,0.091409,False
98,extraheavy_short_baseline,power_0.84,24.039607,crew_veh_h,MX2,0.09518900343642611,MX2,0.095189,True
98,extraheavy_short_baseline,power_0.84,24.039607,crew_team_h,MX2,0.09518900343642611,MX2,0.095189,True
98,extraheavy_short_baseline,power_0.84,24.039607,shift_ot_h,MX2,0.09518900343642611,550,0.091409,False
98,extraheavy_short_baseline,power_0.84,30.0,shift_h,MX2,0.09518900343642611,550,0.091409,False
98,extraheavy_short_baseline,power_0.84,30.0,crew_veh_h,MX2,0.09518900343642611,MX2,0.095189,True
98,extraheavy_short_baseline,power_0.84,30.0,crew_team_h,MX2,0.09518900343642611,MX2,0.095189,True
98,extraheavy_short_baseline,power_0.84,30.0,shift_ot_h,MX2,0.09518900343642611,550,0.091409,False
98,extraheavy_short_baseline,power_0.96,5.1,shift_h,MX2,0.09518900343642611,550,0.091409,False
98,extraheavy_short_baseline,power_0.96,5.1,crew_veh_h,MX2,0.09518900343642611,MX2,0.095189,True
98,extraheavy_short_baseline,power_0.96,5.1,crew_team_h,MX2,0.09518900343642611,MX2,0.095189,True
98,extraheavy_short_baseline,power_0.96,5.1,shift_ot_h,MX2,0.09518900343642611,550,0.091409,False
98,extraheavy_short_baseline,power_0.96,6.364497,shift_h,MX2,0.09518900343642611,550,0.091409,False
98,extraheavy_short_baseline,power_0.96,6.364497,crew_veh_h,MX2,0.09518900343642611,MX2,0.095189,True
98,extraheavy_short_baseline,power_0.96,6.364497,crew_team_h,MX2,0.09518900343642611,MX2,0.095189,True
98,extraheavy_short_baseline,power_0.96,6.364497,shift_ot_h,MX2,0.09518900343642611,550,0.091409,False
98,extraheavy_short_baseline,power_0.96,7.942513,shift_h,MX2,0.09518900343642611,550,0.091409,False
98,extraheavy_short_baseline,power_0.96,7.942513,crew_veh_h,MX2,0.09518900343642611,MX2,0.095189,True
98,extraheavy_short_baseline,power_0.96,7.942513,crew_team_h,MX2,0.09518900343642611,MX2,0.095189,True
98,extraheavy_short_baseline,power_0.96,7.942513,shift_ot_h,MX2,0.09518900343642611,550,0.091409,False
98,extraheavy_short_baseline,power_0.96,9.911784,shift_h,MX2,0.09518900343642611,550,0.091409,False
98,extraheavy_short_baseline,power_0.96,9.911784,crew_veh_h,MX2,0.09518900343642611,MX2,0.095189,True
98,extraheavy_short_baseline,power_0.96,9.911784,crew_team_h,MX2,0.09518900343642611,MX2,0.095189,True
98,extraheavy_short_baseline,power_0.96,9.911784,shift_ot_h,MX2,0.09518900343642611,550,0.091409,False
98,extraheavy_short_baseline,power_0.96,12.369317,shift_h,MX2,0.09518900343642611,550,0.091409,False
98,extraheavy_short_baseline,power_0.96,12.369317,crew_veh_h,MX2,0.09518900343642611,MX2,0.095189,True
98,extraheavy_short_baseline,power_0.96,12.369317,crew_team_h,MX2,0.09518900343642611,MX2,0.095189,True
98,extraheavy_short_baseline,power_0.96,12.369317,shift_ot_h,MX2,0.09518900343642611,550,0.091409,False
98,extraheavy_short_baseline,power_0.96,15.436172,shift_h,MX2,0.09518900343642611,550,0.091409,False
98,extraheavy_short_baseline,power_0.96,15.436172,crew_veh_h,MX2,0.09518900343642611,MX2,0.095189,True
98,extraheavy_short_baseline,power_0.96,15.436172,crew_team_h,MX2,0.09518900343642611,MX2,0.095189,True
98,extraheavy_short_baseline,power_0.96,15.436172,shift_ot_h,MX2,0.09518900343642611,550,0.091409,False
98,extraheavy_short_baseline,power_0.96,19.263424,shift_h,MX2,0.09518900343642611,550,0.091409,False
98,extraheavy_short_baseline,power_0.96,19.263424,crew_veh_h,MX2,0.09518900343642611,MX2,0.095189,True
98,extraheavy_short_baseline,power_0.96,19.263424,crew_team_h,MX2,0.09518900343642611,MX2,0.095189,True
98,extraheavy_short_baseline,power_0.96,19.263424,shift_ot_h,MX2,0.09518900343642611,550,0.091409,False
98,extraheavy_short_baseline,power_0.96,24.039607,shift_h,MX2,0.09518900343642611,550,0.091409,False
98,extraheavy_short_baseline,power_0.96,24.039607,crew_veh_h,MX2,0.09518900343642611,MX2,0.095189,True
98,extraheavy_short_baseline,power_0.96,24.039607,crew_team_h,MX2,0.09518900343642611,MX2,0.095189,True
98,extraheavy_short_baseline,power_0.96,24.039607,shift_ot_h,MX2,0.09518900343642611,550,0.091409,False
98,extraheavy_short_baseline,power_0.96,30.0,shift_h,MX2,0.09518900343642611,550,0.091409,False
98,extraheavy_short_baseline,power_0.96,30.0,crew_veh_h,MX2,0.09518900343642611,MX2,0.095189,True
98,extraheavy_short_baseline,power_0.96,30.0,crew_team_h,MX2,0.09518900343642611,MX2,0.095189,True
98,extraheavy_short_baseline,power_0.96,30.0,shift_ot_h,MX2,0.09518900343642611,MX2,0.095189,True
98,rohcha_short_baseline,affine,5.1,shift_h,550,0.0,550,0.0,True
98,rohcha_short_baseline,affine,5.1,crew_veh_h,550,0.0,550,0.0,True
98,rohcha_short_baseline,affine,5.1,crew_team_h,550,0.0,550,0.0,True
98,rohcha_short_baseline,affine,5.1,shift_ot_h,550,0.0,550,0.0,True
98,rohcha_short_baseline,affine,6.364497,shift_h,550,0.0,550,0.0,True
98,rohcha_short_baseline,affine,6.364497,crew_veh_h,550,0.0,550,0.0,True
98,rohcha_short_baseline,affine,6.364497,crew_team_h,550,0.0,550,0.0,True
98,rohcha_short_baseline,affine,6.364497,shift_ot_h,550,0.0,550,0.0,True
98,rohcha_short_baseline,affine,7.942513,shift_h,550,0.0,550,0.0,True
98,rohcha_short_baseline,affine,7.942513,crew_veh_h,550,0.0,550,0.0,True
98,rohcha_short_baseline,affine,7.942513,crew_team_h,550,0.0,550,0.0,True
98,rohcha_short_baseline,affine,7.942513,shift_ot_h,550,0.0,550,0.0,True
98,rohcha_short_baseline,affine,9.911784,shift_h,550,0.0,550,0.0,True
98,rohcha_short_baseline,affine,9.911784,crew_veh_h,550,0.0,550,0.0,True
98,rohcha_short_baseline,affine,9.911784,crew_team_h,550,0.0,550,0.0,True
98,rohcha_short_baseline,affine,9.911784,shift_ot_h,550,0.0,550,0.0,True
98,rohcha_short_baseline,affine,12.369317,shift_h,550,0.0,550,0.0,True
98,rohcha_short_baseline,affine,12.369317,crew_veh_h,550,0.0,550,0.0,True
98,rohcha_short_baseline,affine,12.369317,crew_team_h,550,0.0,550,0.0,True
98,rohcha_short_baseline,affine,12.369317,shift_ot_h,550,0.0,550,0.0,True
98,rohcha_short_baseline,affine,15.436172,shift_h,550,0.0,550,0.0,True
98,rohcha_short_baseline,affine,15.436172,crew_veh_h,550,0.0,550,0.0,True
98,rohcha_short_baseline,affine,15.436172,crew_team_h,550,0.0,550,0.0,True
98,rohcha_short_baseline,affine,15.436172,shift_ot_h,550,0.0,550,0.0,True
98,rohcha_short_baseline,affine,19.263424,shift_h,550,0.0,550,0.0,True
98,rohcha_short_baseline,affine,19.263424,crew_veh_h,550,0.0,550,0.0,True
98,rohcha_short_baseline,affine,19.263424,crew_team_h,550,0.0,550,0.0,True
98,rohcha_short_baseline,affine,19.263424,shift_ot_h,550,0.0,550,0.0,True
98,rohcha_short_baseline,affine,24.039607,shift_h,550,0.0,550,0.0,True
98,rohcha_short_baseline,affine,24.039607,crew_veh_h,550,0.0,550,0.0,True
98,rohcha_short_baseline,affine,24.039607,crew_team_h,550,0.0,550,0.0,True
98,rohcha_short_baseline,affine,24.039607,shift_ot_h,550,0.0,550,0.0,True
98,rohcha_short_baseline,affine,30.0,shift_h,550,0.0,550,0.0,True
98,rohcha_short_baseline,affine,30.0,crew_veh_h,550,0.0,550,0.0,True
98,rohcha_short_baseline,affine,30.0,crew_team_h,550,0.0,550,0.0,True
98,rohcha_short_baseline,affine,30.0,shift_ot_h,550,0.0,550,0.0,True
98,rohcha_short_baseline,piecewise,5.1,shift_h,550,0.0,550,0.0,True
98,rohcha_short_baseline,piecewise,5.1,crew_veh_h,550,0.0,550,0.0,True
98,rohcha_short_baseline,piecewise,5.1,crew_team_h,550,0.0,550,0.0,True
98,rohcha_short_baseline,piecewise,5.1,shift_ot_h,550,0.0,550,0.0,True
98,rohcha_short_baseline,piecewise,6.364497,shift_h,550,0.0,550,0.0,True
98,rohcha_short_baseline,piecewise,6.364497,crew_veh_h,550,0.0,550,0.0,True
98,rohcha_short_baseline,piecewise,6.364497,crew_team_h,550,0.0,550,0.0,True
98,rohcha_short_baseline,piecewise,6.364497,shift_ot_h,550,0.0,550,0.0,True
98,rohcha_short_baseline,piecewise,7.942513,shift_h,550,0.0,550,0.0,True
98,rohcha_short_baseline,piecewise,7.942513,crew_veh_h,550,0.0,550,0.0,True
98,rohcha_short_baseline,piecewise,7.942513,crew_team_h,550,0.0,550,0.0,True
98,rohcha_short_baseline,piecewise,7.942513,shift_ot_h,550,0.0,550,0.0,True
98,rohcha_short_baseline,piecewise,9.911784,shift_h,550,0.0,550,0.0,True
98,rohcha_short_baseline,piecewise,9.911784,crew_veh_h,550,0.0,550,0.0,True
98,rohcha_short_baseline,piecewise,9.911784,crew_team_h,550,0.0,550,0.0,True
98,rohcha_short_baseline,piecewise,9.911784,shift_ot_h,550,0.0,550,0.0,True
98,rohcha_short_baseline,piecewise,12.369317,shift_h,550,0.0,550,0.0,True
98,rohcha_short_baseline,piecewise,12.369317,crew_veh_h,550,0.0,550,0.0,True
98,rohcha_short_baseline,piecewise,12.369317,crew_team_h,550,0.0,550,0.0,True
98,rohcha_short_baseline,piecewise,12.369317,shift_ot_h,550,0.0,550,0.0,True
98,rohcha_short_baseline,piecewise,15.436172,shift_h,550,0.0,550,0.0,True
98,rohcha_short_baseline,piecewise,15.436172,crew_veh_h,550,0.0,550,0.0,True
98,rohcha_short_baseline,piecewise,15.436172,crew_team_h,550,0.0,550,0.0,True
98,rohcha_short_baseline,piecewise,15.436172,shift_ot_h,550,0.0,550,0.0,True
98,rohcha_short_baseline,piecewise,19.263424,shift_h,550,0.0,550,0.0,True
98,rohcha_short_baseline,piecewise,19.263424,crew_veh_h,550,0.0,550,0.0,True
98,rohcha_short_baseline,piecewise,19.263424,crew_team_h,550,0.0,550,0.0,True
98,rohcha_short_baseline,piecewise,19.263424,shift_ot_h,550,0.0,550,0.0,True
98,rohcha_short_baseline,piecewise,24.039607,shift_h,550,0.0,550,0.0,True
98,rohcha_short_baseline,piecewise,24.039607,crew_veh_h,550,0.0,550,0.0,True
98,rohcha_short_baseline,piecewise,24.039607,crew_team_h,550,0.0,550,0.0,True
98,rohcha_short_baseline,piecewise,24.039607,shift_ot_h,550,0.0,550,0.0,True
98,rohcha_short_baseline,piecewise,30.0,shift_h,550,0.0,550,0.0,True
98,rohcha_short_baseline,piecewise,30.0,crew_veh_h,550,0.0,550,0.0,True
98,rohcha_short_baseline,piecewise,30.0,crew_team_h,550,0.0,550,0.0,True
98,rohcha_short_baseline,piecewise,30.0,shift_ot_h,550,0.0,550,0.0,True
98,rohcha_short_baseline,power_0.72,5.1,shift_h,550,0.0,550,0.0,True
98,rohcha_short_baseline,power_0.72,5.1,crew_veh_h,550,0.0,550,0.0,True
98,rohcha_short_baseline,power_0.72,5.1,crew_team_h,550,0.0,550,0.0,True
98,rohcha_short_baseline,power_0.72,5.1,shift_ot_h,550,0.0,550,0.0,True
98,rohcha_short_baseline,power_0.72,6.364497,shift_h,550,0.0,550,0.0,True
98,rohcha_short_baseline,power_0.72,6.364497,crew_veh_h,550,0.0,550,0.0,True
98,rohcha_short_baseline,power_0.72,6.364497,crew_team_h,550,0.0,550,0.0,True
98,rohcha_short_baseline,power_0.72,6.364497,shift_ot_h,550,0.0,550,0.0,True
98,rohcha_short_baseline,power_0.72,7.942513,shift_h,550,0.0,550,0.0,True
98,rohcha_short_baseline,power_0.72,7.942513,crew_veh_h,550,0.0,550,0.0,True
98,rohcha_short_baseline,power_0.72,7.942513,crew_team_h,550,0.0,550,0.0,True
98,rohcha_short_baseline,power_0.72,7.942513,shift_ot_h,550,0.0,550,0.0,True
98,rohcha_short_baseline,power_0.72,9.911784,shift_h,550,0.0,550,0.0,True
98,rohcha_short_baseline,power_0.72,9.911784,crew_veh_h,550,0.0,550,0.0,True
98,rohcha_short_baseline,power_0.72,9.911784,crew_team_h,550,0.0,550,0.0,True
98,rohcha_short_baseline,power_0.72,9.911784,shift_ot_h,550,0.0,550,0.0,True
98,rohcha_short_baseline,power_0.72,12.369317,shift_h,550,0.0,550,0.0,True
98,rohcha_short_baseline,power_0.72,12.369317,crew_veh_h,550,0.0,550,0.0,True
98,rohcha_short_baseline,power_0.72,12.369317,crew_team_h,550,0.0,550,0.0,True
98,rohcha_short_baseline,power_0.72,12.369317,shift_ot_h,550,0.0,550,0.0,True
98,rohcha_short_baseline,power_0.72,15.436172,shift_h,550,0.0,550,0.0,True
98,rohcha_short_baseline,power_0.72,15.436172,crew_veh_h,550,0.0,550,0.0,True
98,rohcha_short_baseline,power_0.72,15.436172,crew_team_h,550,0.0,550,0.0,True
98,rohcha_short_baseline,power_0.72,15.436172,shift_ot_h,550,0.0,550,0.0,True
98,rohcha_short_baseline,power_0.72,19.263424,shift_h,550,0.0,550,0.0,True
98,rohcha_short_baseline,power_0.72,19.263424,crew_veh_h,550,0.0,550,0.0,True
98,rohcha_short_baseline,power_0.72,19.263424,crew_team_h,550,0.0,550,0.0,True
98,rohcha_short_baseline,power_0.72,19.263424,shift_ot_h,550,0.0,550,0.0,True
98,rohcha_short_baseline,power_0.72,24.039607,shift_h,550,0.0,550,0.0,True
98,rohcha_short_baseline,power_0.72,24.039607,crew_veh_h,550,0.0,550,0.0,True
98,rohcha_short_baseline,power_0.72,24.039607,crew_team_h,550,0.0,550,0.0,True
98,rohcha_short_baseline,power_0.72,24.039607,shift_ot_h,550,0.0,550,0.0,True
98,rohcha_short_baseline,power_0.72,30.0,shift_h,550,0.0,550,0.0,True
98,rohcha_short_baseline,power_0.72,30.0,crew_veh_h,550,0.0,550,0.0,True
98,rohcha_short_baseline,power_0.72,30.0,crew_team_h,550,0.0,550,0.0,True
98,rohcha_short_baseline,power_0.72,30.0,shift_ot_h,550,0.0,550,0.0,True
98,rohcha_short_baseline,power_0.84,5.1,shift_h,550,0.0,550,0.0,True
98,rohcha_short_baseline,power_0.84,5.1,crew_veh_h,550,0.0,550,0.0,True
98,rohcha_short_baseline,power_0.84,5.1,crew_team_h,550,0.0,550,0.0,True
98,rohcha_short_baseline,power_0.84,5.1,shift_ot_h,550,0.0,550,0.0,True
98,rohcha_short_baseline,power_0.84,6.364497,shift_h,550,0.0,550,0.0,True
98,rohcha_short_baseline,power_0.84,6.364497,crew_veh_h,550,0.0,550,0.0,True
98,rohcha_short_baseline,power_0.84,6.364497,crew_team_h,550,0.0,550,0.0,True
98,rohcha_short_baseline,power_0.84,6.364497,shift_ot_h,550,0.0,550,0.0,True
98,rohcha_short_baseline,power_0.84,7.942513,shift_h,550,0.0,550,0.0,True
98,rohcha_short_baseline,power_0.84,7.942513,crew_veh_h,550,0.0,550,0.0,True
98,rohcha_short_baseline,power_0.84,7.942513,crew_team_h,550,0.0,550,0.0,True
98,rohcha_short_baseline,power_0.84,7.942513,shift_ot_h,550,0.0,550,0.0,True
98,rohcha_short_baseline,power_0.84,9.911784,shift_h,550,0.0,550,0.0,True
98,rohcha_short_baseline,power_0.84,9.911784,crew_veh_h,550,0.0,550,0.0,True
98,rohcha_short_baseline,power_0.84,9.911784,crew_team_h,550,0.0,550,0.0,True
98,rohcha_short_baseline,power_0.84,9.911784,shift_ot_h,550,0.0,550,0.0,True
98,rohcha_short_baseline,power_0.84,12.369317,shift_h,550,0.0,550,0.0,True
98,rohcha_short_baseline,power_0.84,12.369317,crew_veh_h,550,0.0,550,0.0,True
98,rohcha_short_baseline,power_0.84,12.369317,crew_team_h,550,0.0,550,0.0,True
98,rohcha_short_baseline,power_0.84,12.369317,shift_ot_h,550,0.0,550,0.0,True
98,rohcha_short_baseline,power_0.84,15.436172,shift_h,550,0.0,550,0.0,True
98,rohcha_short_baseline,power_0.84,15.436172,crew_veh_h,550,0.0,550,0.0,True
98,rohcha_short_baseline,power_0.84,15.436172,crew_team_h,550,0.0,550,0.0,True
98,rohcha_short_baseline,power_0.84,15.436172,shift_ot_h,550,0.0,550,0.0,True
98,rohcha_short_baseline,power_0.84,19.263424,shift_h,550,0.0,550,0.0,True
98,rohcha_short_baseline,power_0.84,19.263424,crew_veh_h,550,0.0,550,0.0,True
98,rohcha_short_baseline,power_0.84,19.263424,crew_team_h,550,0.0,550,0.0,True
98,rohcha_short_baseline,power_0.84,19.263424,shift_ot_h,550,0.0,550,0.0,True
98,rohcha_short_baseline,power_0.84,24.039607,shift_h,550,0.0,550,0.0,True
98,rohcha_short_baseline,power_0.84,24.039607,crew_veh_h,550,0.0,550,0.0,True
98,rohcha_short_baseline,power_0.84,24.039607,crew_team_h,550,0.0,550,0.0,True
98,rohcha_short_baseline,power_0.84,24.039607,shift_ot_h,550,0.0,550,0.0,True
98,rohcha_short_baseline,power_0.84,30.0,shift_h,550,0.0,550,0.0,True
98,rohcha_short_baseline,power_0.84,30.0,crew_veh_h,550,0.0,550,0.0,True
98,rohcha_short_baseline,power_0.84,30.0,crew_team_h,550,0.0,550,0.0,True
98,rohcha_short_baseline,power_0.84,30.0,shift_ot_h,550,0.0,550,0.0,True
98,rohcha_short_baseline,power_0.96,5.1,shift_h,550,0.0,550,0.0,True
98,rohcha_short_baseline,power_0.96,5.1,crew_veh_h,550,0.0,550,0.0,True
98,rohcha_short_baseline,power_0.96,5.1,crew_team_h,550,0.0,550,0.0,True
98,rohcha_short_baseline,power_0.96,5.1,shift_ot_h,550,0.0,550,0.0,True
98,rohcha_short_baseline,power_0.96,6.364497,shift_h,550,0.0,550,0.0,True
98,rohcha_short_baseline,power_0.96,6.364497,crew_veh_h,550,0.0,550,0.0,True
98,rohcha_short_baseline,power_0.96,6.364497,crew_team_h,550,0.0,550,0.0,True
98,rohcha_short_baseline,power_0.96,6.364497,shift_ot_h,550,0.0,550,0.0,True
98,rohcha_short_baseline,power_0.96,7.942513,shift_h,550,0.0,550,0.0,True
98,rohcha_short_baseline,power_0.96,7.942513,crew_veh_h,550,0.0,550,0.0,True
98,rohcha_short_baseline,power_0.96,7.942513,crew_team_h,550,0.0,550,0.0,True
98,rohcha_short_baseline,power_0.96,7.942513,shift_ot_h,550,0.0,550,0.0,True
98,rohcha_short_baseline,power_0.96,9.911784,shift_h,550,0.0,550,0.0,True
98,rohcha_short_baseline,power_0.96,9.911784,crew_veh_h,550,0.0,550,0.0,True
98,rohcha_short_baseline,power_0.96,9.911784,crew_team_h,550,0.0,550,0.0,True
98,rohcha_short_baseline,power_0.96,9.911784,shift_ot_h,550,0.0,550,0.0,True
98,rohcha_short_baseline,power_0.96,12.369317,shift_h,550,0.0,550,0.0,True
98,rohcha_short_baseline,power_0.96,12.369317,crew_veh_h,550,0.0,550,0.0,True
98,rohcha_short_baseline,power_0.96,12.369317,crew_team_h,550,0.0,550,0.0,True
98,rohcha_short_baseline,power_0.96,12.369317,shift_ot_h,550,0.0,550,0.0,True
98,rohcha_short_baseline,power_0.96,15.436172,shift_h,550,0.0,550,0.0,True
98,rohcha_short_baseline,power_0.96,15.436172,crew_veh_h,550,0.0,550,0.0,True
98,rohcha_short_baseline,power_0.96,15.436172,crew_team_h,550,0.0,550,0.0,True
98,rohcha_short_baseline,power_0.96,15.436172,shift_ot_h,550,0.0,550,0.0,True
98,rohcha_short_baseline,power_0.96,19.263424,shift_h,550,0.0,550,0.0,True
98,rohcha_short_baseline,power_0.96,19.263424,crew_veh_h,550,0.0,550,0.0,True
98,rohcha_short_baseline,power_0.96,19.263424,crew_team_h,550,0.0,550,0.0,True
98,rohcha_short_baseline,power_0.96,19.263424,shift_ot_h,550,0.0,550,0.0,True
98,rohcha_short_baseline,power_0.96,24.039607,shift_h,550,0.0,550,0.0,True
98,rohcha_short_baseline,power_0.96,24.039607,crew_veh_h,550,0.0,550,0.0,True
98,rohcha_short_baseline,power_0.96,24.039607,crew_team_h,550,0.0,550,0.0,True
98,rohcha_short_baseline,power_0.96,24.039607,shift_ot_h,550,0.0,550,0.0,True
98,rohcha_short_baseline,power_0.96,30.0,shift_h,550,0.0,550,0.0,True
98,rohcha_short_baseline,power_0.96,30.0,crew_veh_h,550,0.0,550,0.0,True
98,rohcha_short_baseline,power_0.96,30.0,crew_team_h,550,0.0,550,0.0,True
98,rohcha_short_baseline,power_0.96,30.0,shift_ot_h,550,0.0,550,0.0,True
98,rohcha_massdep_baseline,affine,5.1,shift_h,550,0.0,550,0.0,True
98,rohcha_massdep_baseline,affine,5.1,crew_veh_h,550,0.0,550,0.0,True
98,rohcha_massdep_baseline,affine,5.1,crew_team_h,550,0.0,550,0.0,True
98,rohcha_massdep_baseline,affine,5.1,shift_ot_h,550,0.0,550,0.0,True
98,rohcha_massdep_baseline,affine,6.364497,shift_h,550,0.0,550,0.0,True
98,rohcha_massdep_baseline,affine,6.364497,crew_veh_h,550,0.0,550,0.0,True
98,rohcha_massdep_baseline,affine,6.364497,crew_team_h,550,0.0,550,0.0,True
98,rohcha_massdep_baseline,affine,6.364497,shift_ot_h,550,0.0,550,0.0,True
98,rohcha_massdep_baseline,affine,7.942513,shift_h,550,0.0,550,0.0,True
98,rohcha_massdep_baseline,affine,7.942513,crew_veh_h,550,0.0,550,0.0,True
98,rohcha_massdep_baseline,affine,7.942513,crew_team_h,550,0.0,550,0.0,True
98,rohcha_massdep_baseline,affine,7.942513,shift_ot_h,550,0.0,550,0.0,True
98,rohcha_massdep_baseline,affine,9.911784,shift_h,550,0.0,550,0.0,True
98,rohcha_massdep_baseline,affine,9.911784,crew_veh_h,550,0.0,550,0.0,True
98,rohcha_massdep_baseline,affine,9.911784,crew_team_h,550,0.0,550,0.0,True
98,rohcha_massdep_baseline,affine,9.911784,shift_ot_h,550,0.0,550,0.0,True
98,rohcha_massdep_baseline,affine,12.369317,shift_h,550,0.0,550,0.0,True
98,rohcha_massdep_baseline,affine,12.369317,crew_veh_h,550,0.0,550,0.0,True
98,rohcha_massdep_baseline,affine,12.369317,crew_team_h,550,0.0,550,0.0,True
98,rohcha_massdep_baseline,affine,12.369317,shift_ot_h,550,0.0,550,0.0,True
98,rohcha_massdep_baseline,affine,15.436172,shift_h,550,0.0,550,0.0,True
98,rohcha_massdep_baseline,affine,15.436172,crew_veh_h,550,0.0,550,0.0,True
98,rohcha_massdep_baseline,affine,15.436172,crew_team_h,550,0.0,550,0.0,True
98,rohcha_massdep_baseline,affine,15.436172,shift_ot_h,550,0.0,550,0.0,True
98,rohcha_massdep_baseline,affine,19.263424,shift_h,550,0.0,550,0.0,True
98,rohcha_massdep_baseline,affine,19.263424,crew_veh_h,550,0.0,550,0.0,True
98,rohcha_massdep_baseline,affine,19.263424,crew_team_h,550,0.0,550,0.0,True
98,rohcha_massdep_baseline,affine,19.263424,shift_ot_h,550,0.0,550,0.0,True
98,rohcha_massdep_baseline,affine,24.039607,shift_h,550,0.0,550,0.0,True
98,rohcha_massdep_baseline,affine,24.039607,crew_veh_h,550,0.0,550,0.0,True
98,rohcha_massdep_baseline,affine,24.039607,crew_team_h,550,0.0,550,0.0,True
98,rohcha_massdep_baseline,affine,24.039607,shift_ot_h,550,0.0,550,0.0,True
98,rohcha_massdep_baseline,affine,30.0,shift_h,550,0.0,550,0.0,True
98,rohcha_massdep_baseline,affine,30.0,crew_veh_h,550,0.0,550,0.0,True
98,rohcha_massdep_baseline,affine,30.0,crew_team_h,550,0.0,550,0.0,True
98,rohcha_massdep_baseline,affine,30.0,shift_ot_h,550,0.0,550,0.0,True
98,rohcha_massdep_baseline,piecewise,5.1,shift_h,550,0.0,550,0.0,True
98,rohcha_massdep_baseline,piecewise,5.1,crew_veh_h,550,0.0,550,0.0,True
98,rohcha_massdep_baseline,piecewise,5.1,crew_team_h,550,0.0,550,0.0,True
98,rohcha_massdep_baseline,piecewise,5.1,shift_ot_h,550,0.0,550,0.0,True
98,rohcha_massdep_baseline,piecewise,6.364497,shift_h,550,0.0,550,0.0,True
98,rohcha_massdep_baseline,piecewise,6.364497,crew_veh_h,550,0.0,550,0.0,True
98,rohcha_massdep_baseline,piecewise,6.364497,crew_team_h,550,0.0,550,0.0,True
98,rohcha_massdep_baseline,piecewise,6.364497,shift_ot_h,550,0.0,550,0.0,True
98,rohcha_massdep_baseline,piecewise,7.942513,shift_h,550,0.0,550,0.0,True
98,rohcha_massdep_baseline,piecewise,7.942513,crew_veh_h,550,0.0,550,0.0,True
98,rohcha_massdep_baseline,piecewise,7.942513,crew_team_h,550,0.0,550,0.0,True
98,rohcha_massdep_baseline,piecewise,7.942513,shift_ot_h,550,0.0,550,0.0,True
98,rohcha_massdep_baseline,piecewise,9.911784,shift_h,550,0.0,550,0.0,True
98,rohcha_massdep_baseline,piecewise,9.911784,crew_veh_h,550,0.0,550,0.0,True
98,rohcha_massdep_baseline,piecewise,9.911784,crew_team_h,550,0.0,550,0.0,True
98,rohcha_massdep_baseline,piecewise,9.911784,shift_ot_h,550,0.0,550,0.0,True
98,rohcha_massdep_baseline,piecewise,12.369317,shift_h,550,0.0,550,0.0,True
98,rohcha_massdep_baseline,piecewise,12.369317,crew_veh_h,550,0.0,550,0.0,True
98,rohcha_massdep_baseline,piecewise,12.369317,crew_team_h,550,0.0,550,0.0,True
98,rohcha_massdep_baseline,piecewise,12.369317,shift_ot_h,550,0.0,550,0.0,True
98,rohcha_massdep_baseline,piecewise,15.436172,shift_h,550,0.0,550,0.0,True
98,rohcha_massdep_baseline,piecewise,15.436172,crew_veh_h,550,0.0,550,0.0,True
98,rohcha_massdep_baseline,piecewise,15.436172,crew_team_h,550,0.0,550,0.0,True
98,rohcha_massdep_baseline,piecewise,15.436172,shift_ot_h,550,0.0,550,0.0,True
98,rohcha_massdep_baseline,piecewise,19.263424,shift_h,550,0.0,550,0.0,True
98,rohcha_massdep_baseline,piecewise,19.263424,crew_veh_h,550,0.0,550,0.0,True
98,rohcha_massdep_baseline,piecewise,19.263424,crew_team_h,550,0.0,550,0.0,True
98,rohcha_massdep_baseline,piecewise,19.263424,shift_ot_h,550,0.0,550,0.0,True
98,rohcha_massdep_baseline,piecewise,24.039607,shift_h,550,0.0,550,0.0,True
98,rohcha_massdep_baseline,piecewise,24.039607,crew_veh_h,550,0.0,550,0.0,True
98,rohcha_massdep_baseline,piecewise,24.039607,crew_team_h,550,0.0,550,0.0,True
98,rohcha_massdep_baseline,piecewise,24.039607,shift_ot_h,550,0.0,550,0.0,True
98,rohcha_massdep_baseline,piecewise,30.0,shift_h,550,0.0,550,0.0,True
98,rohcha_massdep_baseline,piecewise,30.0,crew_veh_h,550,0.0,550,0.0,True
98,rohcha_massdep_baseline,piecewise,30.0,crew_team_h,550,0.0,550,0.0,True
98,rohcha_massdep_baseline,piecewise,30.0,shift_ot_h,550,0.0,550,0.0,True
98,rohcha_massdep_baseline,power_0.72,5.1,shift_h,550,0.0,550,0.0,True
98,rohcha_massdep_baseline,power_0.72,5.1,crew_veh_h,550,0.0,550,0.0,True
98,rohcha_massdep_baseline,power_0.72,5.1,crew_team_h,550,0.0,550,0.0,True
98,rohcha_massdep_baseline,power_0.72,5.1,shift_ot_h,550,0.0,550,0.0,True
98,rohcha_massdep_baseline,power_0.72,6.364497,shift_h,550,0.0,550,0.0,True
98,rohcha_massdep_baseline,power_0.72,6.364497,crew_veh_h,550,0.0,550,0.0,True
98,rohcha_massdep_baseline,power_0.72,6.364497,crew_team_h,550,0.0,550,0.0,True
98,rohcha_massdep_baseline,power_0.72,6.364497,shift_ot_h,550,0.0,550,0.0,True
98,rohcha_massdep_baseline,power_0.72,7.942513,shift_h,550,0.0,550,0.0,True
98,rohcha_massdep_baseline,power_0.72,7.942513,crew_veh_h,550,0.0,550,0.0,True
98,rohcha_massdep_baseline,power_0.72,7.942513,crew_team_h,550,0.0,550,0.0,True
98,rohcha_massdep_baseline,power_0.72,7.942513,shift_ot_h,550,0.0,550,0.0,True
98,rohcha_massdep_baseline,power_0.72,9.911784,shift_h,550,0.0,550,0.0,True
98,rohcha_massdep_baseline,power_0.72,9.911784,crew_veh_h,550,0.0,550,0.0,True
98,rohcha_massdep_baseline,power_0.72,9.911784,crew_team_h,550,0.0,550,0.0,True
98,rohcha_massdep_baseline,power_0.72,9.911784,shift_ot_h,550,0.0,550,0.0,True
98,rohcha_massdep_baseline,power_0.72,12.369317,shift_h,550,0.0,550,0.0,True
98,rohcha_massdep_baseline,power_0.72,12.369317,crew_veh_h,550,0.0,550,0.0,True
98,rohcha_massdep_baseline,power_0.72,12.369317,crew_team_h,550,0.0,550,0.0,True
98,rohcha_massdep_baseline,power_0.72,12.369317,shift_ot_h,550,0.0,550,0.0,True
98,rohcha_massdep_baseline,power_0.72,15.436172,shift_h,550,0.0,550,0.0,True
98,rohcha_massdep_baseline,power_0.72,15.436172,crew_veh_h,550,0.0,550,0.0,True
98,rohcha_massdep_baseline,power_0.72,15.436172,crew_team_h,550,0.0,550,0.0,True
98,rohcha_massdep_baseline,power_0.72,15.436172,shift_ot_h,550,0.0,550,0.0,True
98,rohcha_massdep_baseline,power_0.72,19.263424,shift_h,550,0.0,550,0.0,True
98,rohcha_massdep_baseline,power_0.72,19.263424,crew_veh_h,550,0.0,550,0.0,True
98,rohcha_massdep_baseline,power_0.72,19.263424,crew_team_h,550,0.0,550,0.0,True
98,rohcha_massdep_baseline,power_0.72,19.263424,shift_ot_h,550,0.0,550,0.0,True
98,rohcha_massdep_baseline,power_0.72,24.039607,shift_h,550,0.0,550,0.0,True
98,rohcha_massdep_baseline,power_0.72,24.039607,crew_veh_h,550,0.0,550,0.0,True
98,rohcha_massdep_baseline,power_0.72,24.039607,crew_team_h,550,0.0,550,0.0,True
98,rohcha_massdep_baseline,power_0.72,24.039607,shift_ot_h,550,0.0,550,0.0,True
98,rohcha_massdep_baseline,power_0.72,30.0,shift_h,550,0.0,550,0.0,True
98,rohcha_massdep_baseline,power_0.72,30.0,crew_veh_h,550,0.0,550,0.0,True
98,rohcha_massdep_baseline,power_0.72,30.0,crew_team_h,550,0.0,550,0.0,True
98,rohcha_massdep_baseline,power_0.72,30.0,shift_ot_h,550,0.0,550,0.0,True
98,rohcha_massdep_baseline,power_0.84,5.1,shift_h,550,0.0,550,0.0,True
98,rohcha_massdep_baseline,power_0.84,5.1,crew_veh_h,550,0.0,550,0.0,True
98,rohcha_massdep_baseline,power_0.84,5.1,crew_team_h,550,0.0,550,0.0,True
98,rohcha_massdep_baseline,power_0.84,5.1,shift_ot_h,550,0.0,550,0.0,True
98,rohcha_massdep_baseline,power_0.84,6.364497,shift_h,550,0.0,550,0.0,True
98,rohcha_massdep_baseline,power_0.84,6.364497,crew_veh_h,550,0.0,550,0.0,True
98,rohcha_massdep_baseline,power_0.84,6.364497,crew_team_h,550,0.0,550,0.0,True
98,rohcha_massdep_baseline,power_0.84,6.364497,shift_ot_h,550,0.0,550,0.0,True
98,rohcha_massdep_baseline,power_0.84,7.942513,shift_h,550,0.0,550,0.0,True
98,rohcha_massdep_baseline,power_0.84,7.942513,crew_veh_h,550,0.0,550,0.0,True
98,rohcha_massdep_baseline,power_0.84,7.942513,crew_team_h,550,0.0,550,0.0,True
98,rohcha_massdep_baseline,power_0.84,7.942513,shift_ot_h,550,0.0,550,0.0,True
98,rohcha_massdep_baseline,power_0.84,9.911784,shift_h,550,0.0,550,0.0,True
98,rohcha_massdep_baseline,power_0.84,9.911784,crew_veh_h,550,0.0,550,0.0,True
98,rohcha_massdep_baseline,power_0.84,9.911784,crew_team_h,550,0.0,550,0.0,True
98,rohcha_massdep_baseline,power_0.84,9.911784,shift_ot_h,550,0.0,550,0.0,True
98,rohcha_massdep_baseline,power_0.84,12.369317,shift_h,550,0.0,550,0.0,True
98,rohcha_massdep_baseline,power_0.84,12.369317,crew_veh_h,550,0.0,550,0.0,True
98,rohcha_massdep_baseline,power_0.84,12.369317,crew_team_h,550,0.0,550,0.0,True
98,rohcha_massdep_baseline,power_0.84,12.369317,shift_ot_h,550,0.0,550,0.0,True
98,rohcha_massdep_baseline,power_0.84,15.436172,shift_h,550,0.0,550,0.0,True
98,rohcha_massdep_baseline,power_0.84,15.436172,crew_veh_h,550,0.0,550,0.0,True
98,rohcha_massdep_baseline,power_0.84,15.436172,crew_team_h,550,0.0,550,0.0,True
98,rohcha_massdep_baseline,power_0.84,15.436172,shift_ot_h,550,0.0,550,0.0,True
98,rohcha_massdep_baseline,power_0.84,19.263424,shift_h,550,0.0,550,0.0,True
98,rohcha_massdep_baseline,power_0.84,19.263424,crew_veh_h,550,0.0,550,0.0,True
98,rohcha_massdep_baseline,power_0.84,19.263424,crew_team_h,550,0.0,550,0.0,True
98,rohcha_massdep_baseline,power_0.84,19.263424,shift_ot_h,550,0.0,550,0.0,True
98,rohcha_massdep_baseline,power_0.84,24.039607,shift_h,550,0.0,550,0.0,True
98,rohcha_massdep_baseline,power_0.84,24.039607,crew_veh_h,550,0.0,550,0.0,True
98,rohcha_massdep_baseline,power_0.84,24.039607,crew_team_h,550,0.0,550,0.0,True
98,rohcha_massdep_baseline,power_0.84,24.039607,shift_ot_h,550,0.0,550,0.0,True
98,rohcha_massdep_baseline,power_0.84,30.0,shift_h,550,0.0,550,0.0,True
98,rohcha_massdep_baseline,power_0.84,30.0,crew_veh_h,550,0.0,550,0.0,True
98,rohcha_massdep_baseline,power_0.84,30.0,crew_team_h,550,0.0,550,0.0,True
98,rohcha_massdep_baseline,power_0.84,30.0,shift_ot_h,550,0.0,550,0.0,True
98,rohcha_massdep_baseline,power_0.96,5.1,shift_h,550,0.0,550,0.0,True
98,rohcha_massdep_baseline,power_0.96,5.1,crew_veh_h,550,0.0,550,0.0,True
98,rohcha_massdep_baseline,power_0.96,5.1,crew_team_h,550,0.0,550,0.0,True
98,rohcha_massdep_baseline,power_0.96,5.1,shift_ot_h,550,0.0,550,0.0,True
98,rohcha_massdep_baseline,power_0.96,6.364497,shift_h,550,0.0,550,0.0,True
98,rohcha_massdep_baseline,power_0.96,6.364497,crew_veh_h,550,0.0,550,0.0,True
98,rohcha_massdep_baseline,power_0.96,6.364497,crew_team_h,550,0.0,550,0.0,True
98,rohcha_massdep_baseline,power_0.96,6.364497,shift_ot_h,550,0.0,550,0.0,True
98,rohcha_massdep_baseline,power_0.96,7.942513,shift_h,550,0.0,550,0.0,True
98,rohcha_massdep_baseline,power_0.96,7.942513,crew_veh_h,550,0.0,550,0.0,True
98,rohcha_massdep_baseline,power_0.96,7.942513,crew_team_h,550,0.0,550,0.0,True
98,rohcha_massdep_baseline,power_0.96,7.942513,shift_ot_h,550,0.0,550,0.0,True
98,rohcha_massdep_baseline,power_0.96,9.911784,shift_h,550,0.0,550,0.0,True
98,rohcha_massdep_baseline,power_0.96,9.911784,crew_veh_h,550,0.0,550,0.0,True
98,rohcha_massdep_baseline,power_0.96,9.911784,crew_team_h,550,0.0,550,0.0,True
98,rohcha_massdep_baseline,power_0.96,9.911784,shift_ot_h,550,0.0,550,0.0,True
98,rohcha_massdep_baseline,power_0.96,12.369317,shift_h,550,0.0,550,0.0,True
98,rohcha_massdep_baseline,power_0.96,12.369317,crew_veh_h,550,0.0,550,0.0,True
98,rohcha_massdep_baseline,power_0.96,12.369317,crew_team_h,550,0.0,550,0.0,True
98,rohcha_massdep_baseline,power_0.96,12.369317,shift_ot_h,550,0.0,550,0.0,True
98,rohcha_massdep_baseline,power_0.96,15.436172,shift_h,550,0.0,550,0.0,True
98,rohcha_massdep_baseline,power_0.96,15.436172,crew_veh_h,550,0.0,550,0.0,True
98,rohcha_massdep_baseline,power_0.96,15.436172,crew_team_h,550,0.0,550,0.0,True
98,rohcha_massdep_baseline,power_0.96,15.436172,shift_ot_h,550,0.0,550,0.0,True
98,rohcha_massdep_baseline,power_0.96,19.263424,shift_h,550,0.0,550,0.0,True
98,rohcha_massdep_baseline,power_0.96,19.263424,crew_veh_h,550,0.0,550,0.0,True
98,rohcha_massdep_baseline,power_0.96,19.263424,crew_team_h,550,0.0,550,0.0,True
98,rohcha_massdep_baseline,power_0.96,19.263424,shift_ot_h,550,0.0,550,0.0,True
98,rohcha_massdep_baseline,power_0.96,24.039607,shift_h,550,0.0,550,0.0,True
98,rohcha_massdep_baseline,power_0.96,24.039607,crew_veh_h,550,0.0,550,0.0,True
98,rohcha_massdep_baseline,power_0.96,24.039607,crew_team_h,550,0.0,550,0.0,True
98,rohcha_massdep_baseline,power_0.96,24.039607,shift_ot_h,550,0.0,550,0.0,True
98,rohcha_massdep_baseline,power_0.96,30.0,shift_h,550,0.0,550,0.0,True
98,rohcha_massdep_baseline,power_0.96,30.0,crew_veh_h,550,0.0,550,0.0,True
98,rohcha_massdep_baseline,power_0.96,30.0,crew_team_h,550,0.0,550,0.0,True
98,rohcha_massdep_baseline,power_0.96,30.0,shift_ot_h,550,0.0,550,0.0,True
98,liu_short_baseline,affine,5.1,shift_h,L300_H425x2,0.02577319587628866,L300_H425x2,0.020962,True
98,liu_short_baseline,affine,5.1,crew_veh_h,L300_H425x4,0.0,L300_H425x4,0.0,True
98,liu_short_baseline,affine,5.1,crew_team_h,L300_H425x4,0.0,L300_H425x4,0.0,True
98,liu_short_baseline,affine,5.1,shift_ot_h,L300_H425x3,0.0,L300_H425x3,0.0,True
98,liu_short_baseline,affine,6.364497,shift_h,L300_H425x2,0.02577319587628866,L300_H425x2,0.020962,True
98,liu_short_baseline,affine,6.364497,crew_veh_h,L300_H425x4,0.0,L300_H425x4,0.0,True
98,liu_short_baseline,affine,6.364497,crew_team_h,L300_H425x4,0.0,L300_H425x4,0.0,True
98,liu_short_baseline,affine,6.364497,shift_ot_h,L300_H425x3,0.0,L300_H425x3,0.0,True
98,liu_short_baseline,affine,7.942513,shift_h,L300_H425x2,0.02577319587628866,L300_H425x2,0.020962,True
98,liu_short_baseline,affine,7.942513,crew_veh_h,L300_H425x3,0.0,L300_H425x3,0.0,True
98,liu_short_baseline,affine,7.942513,crew_team_h,L300_H425x3,0.0,L300_H425x3,0.0,True
98,liu_short_baseline,affine,7.942513,shift_ot_h,L300_H425x3,0.0,L300_H425x3,0.0,True
98,liu_short_baseline,affine,9.911784,shift_h,L300_H425x2,0.02577319587628866,L300_H425x2,0.020962,True
98,liu_short_baseline,affine,9.911784,crew_veh_h,L300_H425x3,0.0,L300_H425x3,0.0,True
98,liu_short_baseline,affine,9.911784,crew_team_h,L300_H425x3,0.0,L300_H425x3,0.0,True
98,liu_short_baseline,affine,9.911784,shift_ot_h,L300_H425x3,0.0,L300_H425x3,0.0,True
98,liu_short_baseline,affine,12.369317,shift_h,L300_H425x2,0.02577319587628866,L300_H425x2,0.020962,True
98,liu_short_baseline,affine,12.369317,crew_veh_h,L300_H425x3,0.0,L300_H425x3,0.0,True
98,liu_short_baseline,affine,12.369317,crew_team_h,L300_H425x3,0.0,L300_H425x3,0.0,True
98,liu_short_baseline,affine,12.369317,shift_ot_h,L300_H425x3,0.0,L300_H425x3,0.0,True
98,liu_short_baseline,affine,15.436172,shift_h,L300_H425x2,0.02577319587628866,L300_H425x2,0.020962,True
98,liu_short_baseline,affine,15.436172,crew_veh_h,L300_H425x3,0.0,L300_H425x3,0.0,True
98,liu_short_baseline,affine,15.436172,crew_team_h,L300_H425x3,0.0,L300_H425x3,0.0,True
98,liu_short_baseline,affine,15.436172,shift_ot_h,L300_H425x3,0.0,L300_H425x3,0.0,True
98,liu_short_baseline,affine,19.263424,shift_h,L300_H425x2,0.02577319587628866,L300_H425x2,0.020962,True
98,liu_short_baseline,affine,19.263424,crew_veh_h,L300_H425x3,0.0,L300_H425x3,0.0,True
98,liu_short_baseline,affine,19.263424,crew_team_h,L300_H425x3,0.0,L300_H425x3,0.0,True
98,liu_short_baseline,affine,19.263424,shift_ot_h,L300_H425x3,0.0,L300_H425x3,0.0,True
98,liu_short_baseline,affine,24.039607,shift_h,L300_H425x2,0.02577319587628866,L300_H425x2,0.020962,True
98,liu_short_baseline,affine,24.039607,crew_veh_h,L300_H425x3,0.0,L300_H425x3,0.0,True
98,liu_short_baseline,affine,24.039607,crew_team_h,L300_H425x3,0.0,L300_H425x3,0.0,True
98,liu_short_baseline,affine,24.039607,shift_ot_h,L300_H425x3,0.0,L300_H425x3,0.0,True
98,liu_short_baseline,affine,30.0,shift_h,L300_H425x2,0.02577319587628866,L300_H425x2,0.020962,True
98,liu_short_baseline,affine,30.0,crew_veh_h,L300_H425x3,0.0,L300_H425x3,0.0,True
98,liu_short_baseline,affine,30.0,crew_team_h,L300_H425x3,0.0,L300_H425x3,0.0,True
98,liu_short_baseline,affine,30.0,shift_ot_h,L300_H425x2,0.02577319587628866,L300_H425x3,0.0,False
98,liu_short_baseline,piecewise,5.1,shift_h,L300_H425x2,0.02577319587628866,L300_H425x2,0.020962,True
98,liu_short_baseline,piecewise,5.1,crew_veh_h,L300_H425x4,0.0,L300_H425x4,0.0,True
98,liu_short_baseline,piecewise,5.1,crew_team_h,L300_H425x4,0.0,L300_H425x4,0.0,True
98,liu_short_baseline,piecewise,5.1,shift_ot_h,L300_H425x3,0.0,L300_H425x3,0.0,True
98,liu_short_baseline,piecewise,6.364497,shift_h,L300_H425x2,0.02577319587628866,L300_H425x2,0.020962,True
98,liu_short_baseline,piecewise,6.364497,crew_veh_h,L300_H425x4,0.0,L300_H425x4,0.0,True
98,liu_short_baseline,piecewise,6.364497,crew_team_h,L300_H425x4,0.0,L300_H425x4,0.0,True
98,liu_short_baseline,piecewise,6.364497,shift_ot_h,L300_H425x3,0.0,L300_H425x3,0.0,True
98,liu_short_baseline,piecewise,7.942513,shift_h,L300_H425x2,0.02577319587628866,L300_H425x2,0.020962,True
98,liu_short_baseline,piecewise,7.942513,crew_veh_h,L300_H425x3,0.0,L300_H425x3,0.0,True
98,liu_short_baseline,piecewise,7.942513,crew_team_h,L300_H425x3,0.0,L300_H425x3,0.0,True
98,liu_short_baseline,piecewise,7.942513,shift_ot_h,L300_H425x3,0.0,L300_H425x3,0.0,True
98,liu_short_baseline,piecewise,9.911784,shift_h,L300_H425x2,0.02577319587628866,L300_H425x2,0.020962,True
98,liu_short_baseline,piecewise,9.911784,crew_veh_h,L300_H425x3,0.0,L300_H425x3,0.0,True
98,liu_short_baseline,piecewise,9.911784,crew_team_h,L300_H425x3,0.0,L300_H425x3,0.0,True
98,liu_short_baseline,piecewise,9.911784,shift_ot_h,L300_H425x3,0.0,L300_H425x3,0.0,True
98,liu_short_baseline,piecewise,12.369317,shift_h,L300_H425x2,0.02577319587628866,L300_H425x2,0.020962,True
98,liu_short_baseline,piecewise,12.369317,crew_veh_h,L300_H425x3,0.0,L300_H425x3,0.0,True
98,liu_short_baseline,piecewise,12.369317,crew_team_h,L300_H425x3,0.0,L300_H425x3,0.0,True
98,liu_short_baseline,piecewise,12.369317,shift_ot_h,L300_H425x3,0.0,L300_H425x3,0.0,True
98,liu_short_baseline,piecewise,15.436172,shift_h,L300_H425x2,0.02577319587628866,L300_H425x2,0.020962,True
98,liu_short_baseline,piecewise,15.436172,crew_veh_h,L300_H425x3,0.0,L300_H425x3,0.0,True
98,liu_short_baseline,piecewise,15.436172,crew_team_h,L300_H425x3,0.0,L300_H425x3,0.0,True
98,liu_short_baseline,piecewise,15.436172,shift_ot_h,L300_H425x3,0.0,L300_H425x3,0.0,True
98,liu_short_baseline,piecewise,19.263424,shift_h,L300_H425x2,0.02577319587628866,L300_H425x2,0.020962,True
98,liu_short_baseline,piecewise,19.263424,crew_veh_h,L300_H425x3,0.0,L300_H425x3,0.0,True
98,liu_short_baseline,piecewise,19.263424,crew_team_h,L300_H425x3,0.0,L300_H425x3,0.0,True
98,liu_short_baseline,piecewise,19.263424,shift_ot_h,L300_H425x3,0.0,L300_H425x3,0.0,True
98,liu_short_baseline,piecewise,24.039607,shift_h,L300_H425x2,0.02577319587628866,L300_H425x2,0.020962,True
98,liu_short_baseline,piecewise,24.039607,crew_veh_h,L300_H425x3,0.0,L300_H425x3,0.0,True
98,liu_short_baseline,piecewise,24.039607,crew_team_h,L300_H425x3,0.0,L300_H425x3,0.0,True
98,liu_short_baseline,piecewise,24.039607,shift_ot_h,L300_H425x2,0.02577319587628866,L300_H425x3,0.0,False
98,liu_short_baseline,piecewise,30.0,shift_h,L300_H425x2,0.02577319587628866,L300_H425x2,0.020962,True
98,liu_short_baseline,piecewise,30.0,crew_veh_h,L300_H425x3,0.0,L300_H425x3,0.0,True
98,liu_short_baseline,piecewise,30.0,crew_team_h,L300_H425x3,0.0,L300_H425x3,0.0,True
98,liu_short_baseline,piecewise,30.0,shift_ot_h,L300_H425x2,0.02577319587628866,L300_H425x3,0.0,False
98,liu_short_baseline,power_0.72,5.1,shift_h,L300_H425x2,0.02577319587628866,L300_H425x2,0.020962,True
98,liu_short_baseline,power_0.72,5.1,crew_veh_h,L300_H425x4,0.0,L300_H425x4,0.0,True
98,liu_short_baseline,power_0.72,5.1,crew_team_h,L300_H425x4,0.0,L300_H425x4,0.0,True
98,liu_short_baseline,power_0.72,5.1,shift_ot_h,L300_H425x4,0.0,L300_H425x4,0.0,True
98,liu_short_baseline,power_0.72,6.364497,shift_h,L300_H425x2,0.02577319587628866,L300_H425x2,0.020962,True
98,liu_short_baseline,power_0.72,6.364497,crew_veh_h,L300_H425x4,0.0,L300_H425x4,0.0,True
98,liu_short_baseline,power_0.72,6.364497,crew_team_h,L300_H425x4,0.0,L300_H425x4,0.0,True
98,liu_short_baseline,power_0.72,6.364497,shift_ot_h,L300_H425x3,0.0,L300_H425x3,0.0,True
98,liu_short_baseline,power_0.72,7.942513,shift_h,L300_H425x2,0.02577319587628866,L300_H425x2,0.020962,True
98,liu_short_baseline,power_0.72,7.942513,crew_veh_h,L300_H425x4,0.0,L300_H425x4,0.0,True
98,liu_short_baseline,power_0.72,7.942513,crew_team_h,L300_H425x4,0.0,L300_H425x4,0.0,True
98,liu_short_baseline,power_0.72,7.942513,shift_ot_h,L300_H425x3,0.0,L300_H425x3,0.0,True
98,liu_short_baseline,power_0.72,9.911784,shift_h,L300_H425x2,0.02577319587628866,L300_H425x2,0.020962,True
98,liu_short_baseline,power_0.72,9.911784,crew_veh_h,L300_H425x3,0.0,L300_H425x3,0.0,True
98,liu_short_baseline,power_0.72,9.911784,crew_team_h,L300_H425x3,0.0,L300_H425x3,0.0,True
98,liu_short_baseline,power_0.72,9.911784,shift_ot_h,L300_H425x3,0.0,L300_H425x3,0.0,True
98,liu_short_baseline,power_0.72,12.369317,shift_h,L300_H425x2,0.02577319587628866,L300_H425x2,0.020962,True
98,liu_short_baseline,power_0.72,12.369317,crew_veh_h,L300_H425x3,0.0,L300_H425x3,0.0,True
98,liu_short_baseline,power_0.72,12.369317,crew_team_h,L300_H425x3,0.0,L300_H425x3,0.0,True
98,liu_short_baseline,power_0.72,12.369317,shift_ot_h,L300_H425x3,0.0,L300_H425x3,0.0,True
98,liu_short_baseline,power_0.72,15.436172,shift_h,L300_H425x2,0.02577319587628866,L300_H425x2,0.020962,True
98,liu_short_baseline,power_0.72,15.436172,crew_veh_h,L300_H425x3,0.0,L300_H425x3,0.0,True
98,liu_short_baseline,power_0.72,15.436172,crew_team_h,L300_H425x3,0.0,L300_H425x3,0.0,True
98,liu_short_baseline,power_0.72,15.436172,shift_ot_h,L300_H425x3,0.0,L300_H425x3,0.0,True
98,liu_short_baseline,power_0.72,19.263424,shift_h,L300_H425x2,0.02577319587628866,L300_H425x2,0.020962,True
98,liu_short_baseline,power_0.72,19.263424,crew_veh_h,L300_H425x3,0.0,L300_H425x3,0.0,True
98,liu_short_baseline,power_0.72,19.263424,crew_team_h,L300_H425x3,0.0,L300_H425x3,0.0,True
98,liu_short_baseline,power_0.72,19.263424,shift_ot_h,L300_H425x3,0.0,L300_H425x3,0.0,True
98,liu_short_baseline,power_0.72,24.039607,shift_h,L300_H425x2,0.02577319587628866,L300_H425x2,0.020962,True
98,liu_short_baseline,power_0.72,24.039607,crew_veh_h,L300_H425x3,0.0,L300_H425x3,0.0,True
98,liu_short_baseline,power_0.72,24.039607,crew_team_h,L300_H425x3,0.0,L300_H425x3,0.0,True
98,liu_short_baseline,power_0.72,24.039607,shift_ot_h,L300_H425x3,0.0,L300_H425x3,0.0,True
98,liu_short_baseline,power_0.72,30.0,shift_h,L300_H425x2,0.02577319587628866,L300_H425x2,0.020962,True
98,liu_short_baseline,power_0.72,30.0,crew_veh_h,L300_H425x3,0.0,L300_H425x3,0.0,True
98,liu_short_baseline,power_0.72,30.0,crew_team_h,L300_H425x3,0.0,L300_H425x3,0.0,True
98,liu_short_baseline,power_0.72,30.0,shift_ot_h,L300_H425x2,0.02577319587628866,L300_H425x3,0.0,False
98,liu_short_baseline,power_0.84,5.1,shift_h,L300_H425x2,0.02577319587628866,L300_H425x2,0.020962,True
98,liu_short_baseline,power_0.84,5.1,crew_veh_h,L300_H425x4,0.0,L300_H425x4,0.0,True
98,liu_short_baseline,power_0.84,5.1,crew_team_h,L300_H425x4,0.0,L300_H425x4,0.0,True
98,liu_short_baseline,power_0.84,5.1,shift_ot_h,L300_H425x3,0.0,L300_H425x3,0.0,True
98,liu_short_baseline,power_0.84,6.364497,shift_h,L300_H425x2,0.02577319587628866,L300_H425x2,0.020962,True
98,liu_short_baseline,power_0.84,6.364497,crew_veh_h,L300_H425x4,0.0,L300_H425x4,0.0,True
98,liu_short_baseline,power_0.84,6.364497,crew_team_h,L300_H425x4,0.0,L300_H425x4,0.0,True
98,liu_short_baseline,power_0.84,6.364497,shift_ot_h,L300_H425x3,0.0,L300_H425x3,0.0,True
98,liu_short_baseline,power_0.84,7.942513,shift_h,L300_H425x2,0.02577319587628866,L300_H425x2,0.020962,True
98,liu_short_baseline,power_0.84,7.942513,crew_veh_h,L300_H425x3,0.0,L300_H425x3,0.0,True
98,liu_short_baseline,power_0.84,7.942513,crew_team_h,L300_H425x3,0.0,L300_H425x3,0.0,True
98,liu_short_baseline,power_0.84,7.942513,shift_ot_h,L300_H425x3,0.0,L300_H425x3,0.0,True
98,liu_short_baseline,power_0.84,9.911784,shift_h,L300_H425x2,0.02577319587628866,L300_H425x2,0.020962,True
98,liu_short_baseline,power_0.84,9.911784,crew_veh_h,L300_H425x3,0.0,L300_H425x3,0.0,True
98,liu_short_baseline,power_0.84,9.911784,crew_team_h,L300_H425x3,0.0,L300_H425x3,0.0,True
98,liu_short_baseline,power_0.84,9.911784,shift_ot_h,L300_H425x3,0.0,L300_H425x3,0.0,True
98,liu_short_baseline,power_0.84,12.369317,shift_h,L300_H425x2,0.02577319587628866,L300_H425x2,0.020962,True
98,liu_short_baseline,power_0.84,12.369317,crew_veh_h,L300_H425x3,0.0,L300_H425x3,0.0,True
98,liu_short_baseline,power_0.84,12.369317,crew_team_h,L300_H425x3,0.0,L300_H425x3,0.0,True
98,liu_short_baseline,power_0.84,12.369317,shift_ot_h,L300_H425x3,0.0,L300_H425x3,0.0,True
98,liu_short_baseline,power_0.84,15.436172,shift_h,L300_H425x2,0.02577319587628866,L300_H425x2,0.020962,True
98,liu_short_baseline,power_0.84,15.436172,crew_veh_h,L300_H425x3,0.0,L300_H425x3,0.0,True
98,liu_short_baseline,power_0.84,15.436172,crew_team_h,L300_H425x3,0.0,L300_H425x3,0.0,True
98,liu_short_baseline,power_0.84,15.436172,shift_ot_h,L300_H425x3,0.0,L300_H425x3,0.0,True
98,liu_short_baseline,power_0.84,19.263424,shift_h,L300_H425x2,0.02577319587628866,L300_H425x2,0.020962,True
98,liu_short_baseline,power_0.84,19.263424,crew_veh_h,L300_H425x3,0.0,L300_H425x3,0.0,True
98,liu_short_baseline,power_0.84,19.263424,crew_team_h,L300_H425x3,0.0,L300_H425x3,0.0,True
98,liu_short_baseline,power_0.84,19.263424,shift_ot_h,L300_H425x3,0.0,L300_H425x3,0.0,True
98,liu_short_baseline,power_0.84,24.039607,shift_h,L300_H425x2,0.02577319587628866,L300_H425x2,0.020962,True
98,liu_short_baseline,power_0.84,24.039607,crew_veh_h,L300_H425x3,0.0,L300_H425x3,0.0,True
98,liu_short_baseline,power_0.84,24.039607,crew_team_h,L300_H425x3,0.0,L300_H425x3,0.0,True
98,liu_short_baseline,power_0.84,24.039607,shift_ot_h,L300_H425x2,0.02577319587628866,L300_H425x3,0.0,False
98,liu_short_baseline,power_0.84,30.0,shift_h,L300_H425x2,0.02577319587628866,L300_H425x2,0.020962,True
98,liu_short_baseline,power_0.84,30.0,crew_veh_h,L300_H425x3,0.0,L300_H425x3,0.0,True
98,liu_short_baseline,power_0.84,30.0,crew_team_h,L300_H425x3,0.0,L300_H425x3,0.0,True
98,liu_short_baseline,power_0.84,30.0,shift_ot_h,L300_H425x2,0.02577319587628866,L300_H425x3,0.0,False
98,liu_short_baseline,power_0.96,5.1,shift_h,L300_H425x2,0.02577319587628866,L300_H425x2,0.020962,True
98,liu_short_baseline,power_0.96,5.1,crew_veh_h,L300_H425x4,0.0,L300_H425x4,0.0,True
98,liu_short_baseline,power_0.96,5.1,crew_team_h,L300_H425x4,0.0,L300_H425x4,0.0,True
98,liu_short_baseline,power_0.96,5.1,shift_ot_h,L300_H425x3,0.0,L300_H425x3,0.0,True
98,liu_short_baseline,power_0.96,6.364497,shift_h,L300_H425x2,0.02577319587628866,L300_H425x2,0.020962,True
98,liu_short_baseline,power_0.96,6.364497,crew_veh_h,L300_H425x3,0.0,L300_H425x3,0.0,True
98,liu_short_baseline,power_0.96,6.364497,crew_team_h,L300_H425x3,0.0,L300_H425x3,0.0,True
98,liu_short_baseline,power_0.96,6.364497,shift_ot_h,L300_H425x3,0.0,L300_H425x3,0.0,True
98,liu_short_baseline,power_0.96,7.942513,shift_h,L300_H425x2,0.02577319587628866,L300_H425x2,0.020962,True
98,liu_short_baseline,power_0.96,7.942513,crew_veh_h,L300_H425x3,0.0,L300_H425x3,0.0,True
98,liu_short_baseline,power_0.96,7.942513,crew_team_h,L300_H425x3,0.0,L300_H425x3,0.0,True
98,liu_short_baseline,power_0.96,7.942513,shift_ot_h,L300_H425x3,0.0,L300_H425x3,0.0,True
98,liu_short_baseline,power_0.96,9.911784,shift_h,L300_H425x2,0.02577319587628866,L300_H425x2,0.020962,True
98,liu_short_baseline,power_0.96,9.911784,crew_veh_h,L300_H425x3,0.0,L300_H425x3,0.0,True
98,liu_short_baseline,power_0.96,9.911784,crew_team_h,L300_H425x3,0.0,L300_H425x3,0.0,True
98,liu_short_baseline,power_0.96,9.911784,shift_ot_h,L300_H425x3,0.0,L300_H425x3,0.0,True
98,liu_short_baseline,power_0.96,12.369317,shift_h,L300_H425x2,0.02577319587628866,L300_H425x2,0.020962,True
98,liu_short_baseline,power_0.96,12.369317,crew_veh_h,L300_H425x3,0.0,L300_H425x3,0.0,True
98,liu_short_baseline,power_0.96,12.369317,crew_team_h,L300_H425x3,0.0,L300_H425x3,0.0,True
98,liu_short_baseline,power_0.96,12.369317,shift_ot_h,L300_H425x3,0.0,L300_H425x3,0.0,True
98,liu_short_baseline,power_0.96,15.436172,shift_h,L300_H425x2,0.02577319587628866,L300_H425x2,0.020962,True
98,liu_short_baseline,power_0.96,15.436172,crew_veh_h,L300_H425x3,0.0,L300_H425x3,0.0,True
98,liu_short_baseline,power_0.96,15.436172,crew_team_h,L300_H425x3,0.0,L300_H425x3,0.0,True
98,liu_short_baseline,power_0.96,15.436172,shift_ot_h,L300_H425x3,0.0,L300_H425x3,0.0,True
98,liu_short_baseline,power_0.96,19.263424,shift_h,L300_H425x2,0.02577319587628866,L300_H425x2,0.020962,True
98,liu_short_baseline,power_0.96,19.263424,crew_veh_h,L300_H425x3,0.0,L300_H425x3,0.0,True
98,liu_short_baseline,power_0.96,19.263424,crew_team_h,L300_H425x3,0.0,L300_H425x3,0.0,True
98,liu_short_baseline,power_0.96,19.263424,shift_ot_h,L300_H425x2,0.02577319587628866,L300_H425x3,0.0,False
98,liu_short_baseline,power_0.96,24.039607,shift_h,L300_H425x2,0.02577319587628866,L300_H425x2,0.020962,True
98,liu_short_baseline,power_0.96,24.039607,crew_veh_h,L300_H425x3,0.0,L300_H425x3,0.0,True
98,liu_short_baseline,power_0.96,24.039607,crew_team_h,L300_H425x3,0.0,L300_H425x3,0.0,True
98,liu_short_baseline,power_0.96,24.039607,shift_ot_h,L300_H425x2,0.02577319587628866,L300_H425x3,0.0,False
98,liu_short_baseline,power_0.96,30.0,shift_h,L300_H425x2,0.02577319587628866,L300_H425x2,0.020962,True
98,liu_short_baseline,power_0.96,30.0,crew_veh_h,L300_H425x3,0.0,L300_H425x3,0.0,True
98,liu_short_baseline,power_0.96,30.0,crew_team_h,L300_H425x2,0.02577319587628866,L300_H425x2,0.020962,True
98,liu_short_baseline,power_0.96,30.0,shift_ot_h,L300_H425x2,0.02577319587628866,L300_H425x2,0.020962,True
98,liu_massdep_baseline,affine,5.1,shift_h,425,0.0,425,0.0,True
98,liu_massdep_baseline,affine,5.1,crew_veh_h,425,0.0,425,0.0,True
98,liu_massdep_baseline,affine,5.1,crew_team_h,425,0.0,425,0.0,True
98,liu_massdep_baseline,affine,5.1,shift_ot_h,425,0.0,425,0.0,True
98,liu_massdep_baseline,affine,6.364497,shift_h,425,0.0,425,0.0,True
98,liu_massdep_baseline,affine,6.364497,crew_veh_h,425,0.0,425,0.0,True
98,liu_massdep_baseline,affine,6.364497,crew_team_h,425,0.0,425,0.0,True
98,liu_massdep_baseline,affine,6.364497,shift_ot_h,425,0.0,425,0.0,True
98,liu_massdep_baseline,affine,7.942513,shift_h,425,0.0,425,0.0,True
98,liu_massdep_baseline,affine,7.942513,crew_veh_h,425,0.0,425,0.0,True
98,liu_massdep_baseline,affine,7.942513,crew_team_h,425,0.0,425,0.0,True
98,liu_massdep_baseline,affine,7.942513,shift_ot_h,425,0.0,425,0.0,True
98,liu_massdep_baseline,affine,9.911784,shift_h,425,0.0,425,0.0,True
98,liu_massdep_baseline,affine,9.911784,crew_veh_h,425,0.0,425,0.0,True
98,liu_massdep_baseline,affine,9.911784,crew_team_h,425,0.0,425,0.0,True
98,liu_massdep_baseline,affine,9.911784,shift_ot_h,425,0.0,425,0.0,True
98,liu_massdep_baseline,affine,12.369317,shift_h,425,0.0,425,0.0,True
98,liu_massdep_baseline,affine,12.369317,crew_veh_h,425,0.0,425,0.0,True
98,liu_massdep_baseline,affine,12.369317,crew_team_h,425,0.0,425,0.0,True
98,liu_massdep_baseline,affine,12.369317,shift_ot_h,425,0.0,425,0.0,True
98,liu_massdep_baseline,affine,15.436172,shift_h,425,0.0,425,0.0,True
98,liu_massdep_baseline,affine,15.436172,crew_veh_h,425,0.0,425,0.0,True
98,liu_massdep_baseline,affine,15.436172,crew_team_h,425,0.0,425,0.0,True
98,liu_massdep_baseline,affine,15.436172,shift_ot_h,425,0.0,425,0.0,True
98,liu_massdep_baseline,affine,19.263424,shift_h,425,0.0,425,0.0,True
98,liu_massdep_baseline,affine,19.263424,crew_veh_h,425,0.0,425,0.0,True
98,liu_massdep_baseline,affine,19.263424,crew_team_h,425,0.0,425,0.0,True
98,liu_massdep_baseline,affine,19.263424,shift_ot_h,425,0.0,425,0.0,True
98,liu_massdep_baseline,affine,24.039607,shift_h,425,0.0,425,0.0,True
98,liu_massdep_baseline,affine,24.039607,crew_veh_h,425,0.0,425,0.0,True
98,liu_massdep_baseline,affine,24.039607,crew_team_h,425,0.0,425,0.0,True
98,liu_massdep_baseline,affine,24.039607,shift_ot_h,425,0.0,425,0.0,True
98,liu_massdep_baseline,affine,30.0,shift_h,425,0.0,425,0.0,True
98,liu_massdep_baseline,affine,30.0,crew_veh_h,425,0.0,425,0.0,True
98,liu_massdep_baseline,affine,30.0,crew_team_h,425,0.0,425,0.0,True
98,liu_massdep_baseline,affine,30.0,shift_ot_h,425,0.0,425,0.0,True
98,liu_massdep_baseline,piecewise,5.1,shift_h,425,0.0,425,0.0,True
98,liu_massdep_baseline,piecewise,5.1,crew_veh_h,425,0.0,425,0.0,True
98,liu_massdep_baseline,piecewise,5.1,crew_team_h,425,0.0,425,0.0,True
98,liu_massdep_baseline,piecewise,5.1,shift_ot_h,425,0.0,425,0.0,True
98,liu_massdep_baseline,piecewise,6.364497,shift_h,425,0.0,425,0.0,True
98,liu_massdep_baseline,piecewise,6.364497,crew_veh_h,425,0.0,425,0.0,True
98,liu_massdep_baseline,piecewise,6.364497,crew_team_h,425,0.0,425,0.0,True
98,liu_massdep_baseline,piecewise,6.364497,shift_ot_h,425,0.0,425,0.0,True
98,liu_massdep_baseline,piecewise,7.942513,shift_h,425,0.0,425,0.0,True
98,liu_massdep_baseline,piecewise,7.942513,crew_veh_h,425,0.0,425,0.0,True
98,liu_massdep_baseline,piecewise,7.942513,crew_team_h,425,0.0,425,0.0,True
98,liu_massdep_baseline,piecewise,7.942513,shift_ot_h,425,0.0,425,0.0,True
98,liu_massdep_baseline,piecewise,9.911784,shift_h,425,0.0,425,0.0,True
98,liu_massdep_baseline,piecewise,9.911784,crew_veh_h,425,0.0,425,0.0,True
98,liu_massdep_baseline,piecewise,9.911784,crew_team_h,425,0.0,425,0.0,True
98,liu_massdep_baseline,piecewise,9.911784,shift_ot_h,425,0.0,425,0.0,True
98,liu_massdep_baseline,piecewise,12.369317,shift_h,425,0.0,425,0.0,True
98,liu_massdep_baseline,piecewise,12.369317,crew_veh_h,425,0.0,425,0.0,True
98,liu_massdep_baseline,piecewise,12.369317,crew_team_h,425,0.0,425,0.0,True
98,liu_massdep_baseline,piecewise,12.369317,shift_ot_h,425,0.0,425,0.0,True
98,liu_massdep_baseline,piecewise,15.436172,shift_h,425,0.0,425,0.0,True
98,liu_massdep_baseline,piecewise,15.436172,crew_veh_h,425,0.0,425,0.0,True
98,liu_massdep_baseline,piecewise,15.436172,crew_team_h,425,0.0,425,0.0,True
98,liu_massdep_baseline,piecewise,15.436172,shift_ot_h,425,0.0,425,0.0,True
98,liu_massdep_baseline,piecewise,19.263424,shift_h,425,0.0,425,0.0,True
98,liu_massdep_baseline,piecewise,19.263424,crew_veh_h,425,0.0,425,0.0,True
98,liu_massdep_baseline,piecewise,19.263424,crew_team_h,425,0.0,425,0.0,True
98,liu_massdep_baseline,piecewise,19.263424,shift_ot_h,425,0.0,425,0.0,True
98,liu_massdep_baseline,piecewise,24.039607,shift_h,425,0.0,425,0.0,True
98,liu_massdep_baseline,piecewise,24.039607,crew_veh_h,425,0.0,425,0.0,True
98,liu_massdep_baseline,piecewise,24.039607,crew_team_h,425,0.0,425,0.0,True
98,liu_massdep_baseline,piecewise,24.039607,shift_ot_h,425,0.0,425,0.0,True
98,liu_massdep_baseline,piecewise,30.0,shift_h,425,0.0,425,0.0,True
98,liu_massdep_baseline,piecewise,30.0,crew_veh_h,425,0.0,425,0.0,True
98,liu_massdep_baseline,piecewise,30.0,crew_team_h,425,0.0,425,0.0,True
98,liu_massdep_baseline,piecewise,30.0,shift_ot_h,425,0.0,425,0.0,True
98,liu_massdep_baseline,power_0.72,5.1,shift_h,425,0.0,425,0.0,True
98,liu_massdep_baseline,power_0.72,5.1,crew_veh_h,425,0.0,425,0.0,True
98,liu_massdep_baseline,power_0.72,5.1,crew_team_h,425,0.0,425,0.0,True
98,liu_massdep_baseline,power_0.72,5.1,shift_ot_h,425,0.0,425,0.0,True
98,liu_massdep_baseline,power_0.72,6.364497,shift_h,425,0.0,425,0.0,True
98,liu_massdep_baseline,power_0.72,6.364497,crew_veh_h,425,0.0,425,0.0,True
98,liu_massdep_baseline,power_0.72,6.364497,crew_team_h,425,0.0,425,0.0,True
98,liu_massdep_baseline,power_0.72,6.364497,shift_ot_h,425,0.0,425,0.0,True
98,liu_massdep_baseline,power_0.72,7.942513,shift_h,425,0.0,425,0.0,True
98,liu_massdep_baseline,power_0.72,7.942513,crew_veh_h,425,0.0,425,0.0,True
98,liu_massdep_baseline,power_0.72,7.942513,crew_team_h,425,0.0,425,0.0,True
98,liu_massdep_baseline,power_0.72,7.942513,shift_ot_h,425,0.0,425,0.0,True
98,liu_massdep_baseline,power_0.72,9.911784,shift_h,425,0.0,425,0.0,True
98,liu_massdep_baseline,power_0.72,9.911784,crew_veh_h,425,0.0,425,0.0,True
98,liu_massdep_baseline,power_0.72,9.911784,crew_team_h,425,0.0,425,0.0,True
98,liu_massdep_baseline,power_0.72,9.911784,shift_ot_h,425,0.0,425,0.0,True
98,liu_massdep_baseline,power_0.72,12.369317,shift_h,425,0.0,425,0.0,True
98,liu_massdep_baseline,power_0.72,12.369317,crew_veh_h,425,0.0,425,0.0,True
98,liu_massdep_baseline,power_0.72,12.369317,crew_team_h,425,0.0,425,0.0,True
98,liu_massdep_baseline,power_0.72,12.369317,shift_ot_h,425,0.0,425,0.0,True
98,liu_massdep_baseline,power_0.72,15.436172,shift_h,425,0.0,425,0.0,True
98,liu_massdep_baseline,power_0.72,15.436172,crew_veh_h,425,0.0,425,0.0,True
98,liu_massdep_baseline,power_0.72,15.436172,crew_team_h,425,0.0,425,0.0,True
98,liu_massdep_baseline,power_0.72,15.436172,shift_ot_h,425,0.0,425,0.0,True
98,liu_massdep_baseline,power_0.72,19.263424,shift_h,425,0.0,425,0.0,True
98,liu_massdep_baseline,power_0.72,19.263424,crew_veh_h,425,0.0,425,0.0,True
98,liu_massdep_baseline,power_0.72,19.263424,crew_team_h,425,0.0,425,0.0,True
98,liu_massdep_baseline,power_0.72,19.263424,shift_ot_h,425,0.0,425,0.0,True
98,liu_massdep_baseline,power_0.72,24.039607,shift_h,425,0.0,425,0.0,True
98,liu_massdep_baseline,power_0.72,24.039607,crew_veh_h,425,0.0,425,0.0,True
98,liu_massdep_baseline,power_0.72,24.039607,crew_team_h,425,0.0,425,0.0,True
98,liu_massdep_baseline,power_0.72,24.039607,shift_ot_h,425,0.0,425,0.0,True
98,liu_massdep_baseline,power_0.72,30.0,shift_h,425,0.0,425,0.0,True
98,liu_massdep_baseline,power_0.72,30.0,crew_veh_h,425,0.0,425,0.0,True
98,liu_massdep_baseline,power_0.72,30.0,crew_team_h,425,0.0,425,0.0,True
98,liu_massdep_baseline,power_0.72,30.0,shift_ot_h,425,0.0,425,0.0,True
98,liu_massdep_baseline,power_0.84,5.1,shift_h,425,0.0,425,0.0,True
98,liu_massdep_baseline,power_0.84,5.1,crew_veh_h,425,0.0,425,0.0,True
98,liu_massdep_baseline,power_0.84,5.1,crew_team_h,425,0.0,425,0.0,True
98,liu_massdep_baseline,power_0.84,5.1,shift_ot_h,425,0.0,425,0.0,True
98,liu_massdep_baseline,power_0.84,6.364497,shift_h,425,0.0,425,0.0,True
98,liu_massdep_baseline,power_0.84,6.364497,crew_veh_h,425,0.0,425,0.0,True
98,liu_massdep_baseline,power_0.84,6.364497,crew_team_h,425,0.0,425,0.0,True
98,liu_massdep_baseline,power_0.84,6.364497,shift_ot_h,425,0.0,425,0.0,True
98,liu_massdep_baseline,power_0.84,7.942513,shift_h,425,0.0,425,0.0,True
98,liu_massdep_baseline,power_0.84,7.942513,crew_veh_h,425,0.0,425,0.0,True
98,liu_massdep_baseline,power_0.84,7.942513,crew_team_h,425,0.0,425,0.0,True
98,liu_massdep_baseline,power_0.84,7.942513,shift_ot_h,425,0.0,425,0.0,True
98,liu_massdep_baseline,power_0.84,9.911784,shift_h,425,0.0,425,0.0,True
98,liu_massdep_baseline,power_0.84,9.911784,crew_veh_h,425,0.0,425,0.0,True
98,liu_massdep_baseline,power_0.84,9.911784,crew_team_h,425,0.0,425,0.0,True
98,liu_massdep_baseline,power_0.84,9.911784,shift_ot_h,425,0.0,425,0.0,True
98,liu_massdep_baseline,power_0.84,12.369317,shift_h,425,0.0,425,0.0,True
98,liu_massdep_baseline,power_0.84,12.369317,crew_veh_h,425,0.0,425,0.0,True
98,liu_massdep_baseline,power_0.84,12.369317,crew_team_h,425,0.0,425,0.0,True
98,liu_massdep_baseline,power_0.84,12.369317,shift_ot_h,425,0.0,425,0.0,True
98,liu_massdep_baseline,power_0.84,15.436172,shift_h,425,0.0,425,0.0,True
98,liu_massdep_baseline,power_0.84,15.436172,crew_veh_h,425,0.0,425,0.0,True
98,liu_massdep_baseline,power_0.84,15.436172,crew_team_h,425,0.0,425,0.0,True
98,liu_massdep_baseline,power_0.84,15.436172,shift_ot_h,425,0.0,425,0.0,True
98,liu_massdep_baseline,power_0.84,19.263424,shift_h,425,0.0,425,0.0,True
98,liu_massdep_baseline,power_0.84,19.263424,crew_veh_h,425,0.0,425,0.0,True
98,liu_massdep_baseline,power_0.84,19.263424,crew_team_h,425,0.0,425,0.0,True
98,liu_massdep_baseline,power_0.84,19.263424,shift_ot_h,425,0.0,425,0.0,True
98,liu_massdep_baseline,power_0.84,24.039607,shift_h,425,0.0,425,0.0,True
98,liu_massdep_baseline,power_0.84,24.039607,crew_veh_h,425,0.0,425,0.0,True
98,liu_massdep_baseline,power_0.84,24.039607,crew_team_h,425,0.0,425,0.0,True
98,liu_massdep_baseline,power_0.84,24.039607,shift_ot_h,425,0.0,425,0.0,True
98,liu_massdep_baseline,power_0.84,30.0,shift_h,425,0.0,425,0.0,True
98,liu_massdep_baseline,power_0.84,30.0,crew_veh_h,425,0.0,425,0.0,True
98,liu_massdep_baseline,power_0.84,30.0,crew_team_h,425,0.0,425,0.0,True
98,liu_massdep_baseline,power_0.84,30.0,shift_ot_h,425,0.0,425,0.0,True
98,liu_massdep_baseline,power_0.96,5.1,shift_h,425,0.0,425,0.0,True
98,liu_massdep_baseline,power_0.96,5.1,crew_veh_h,425,0.0,425,0.0,True
98,liu_massdep_baseline,power_0.96,5.1,crew_team_h,425,0.0,425,0.0,True
98,liu_massdep_baseline,power_0.96,5.1,shift_ot_h,425,0.0,425,0.0,True
98,liu_massdep_baseline,power_0.96,6.364497,shift_h,425,0.0,425,0.0,True
98,liu_massdep_baseline,power_0.96,6.364497,crew_veh_h,425,0.0,425,0.0,True
98,liu_massdep_baseline,power_0.96,6.364497,crew_team_h,425,0.0,425,0.0,True
98,liu_massdep_baseline,power_0.96,6.364497,shift_ot_h,425,0.0,425,0.0,True
98,liu_massdep_baseline,power_0.96,7.942513,shift_h,425,0.0,425,0.0,True
98,liu_massdep_baseline,power_0.96,7.942513,crew_veh_h,425,0.0,425,0.0,True
98,liu_massdep_baseline,power_0.96,7.942513,crew_team_h,425,0.0,425,0.0,True
98,liu_massdep_baseline,power_0.96,7.942513,shift_ot_h,425,0.0,425,0.0,True
98,liu_massdep_baseline,power_0.96,9.911784,shift_h,425,0.0,425,0.0,True
98,liu_massdep_baseline,power_0.96,9.911784,crew_veh_h,425,0.0,425,0.0,True
98,liu_massdep_baseline,power_0.96,9.911784,crew_team_h,425,0.0,425,0.0,True
98,liu_massdep_baseline,power_0.96,9.911784,shift_ot_h,425,0.0,425,0.0,True
98,liu_massdep_baseline,power_0.96,12.369317,shift_h,425,0.0,425,0.0,True
98,liu_massdep_baseline,power_0.96,12.369317,crew_veh_h,425,0.0,425,0.0,True
98,liu_massdep_baseline,power_0.96,12.369317,crew_team_h,425,0.0,425,0.0,True
98,liu_massdep_baseline,power_0.96,12.369317,shift_ot_h,425,0.0,425,0.0,True
98,liu_massdep_baseline,power_0.96,15.436172,shift_h,425,0.0,425,0.0,True
98,liu_massdep_baseline,power_0.96,15.436172,crew_veh_h,425,0.0,425,0.0,True
98,liu_massdep_baseline,power_0.96,15.436172,crew_team_h,425,0.0,425,0.0,True
98,liu_massdep_baseline,power_0.96,15.436172,shift_ot_h,425,0.0,425,0.0,True
98,liu_massdep_baseline,power_0.96,19.263424,shift_h,425,0.0,425,0.0,True
98,liu_massdep_baseline,power_0.96,19.263424,crew_veh_h,425,0.0,425,0.0,True
98,liu_massdep_baseline,power_0.96,19.263424,crew_team_h,425,0.0,425,0.0,True
98,liu_massdep_baseline,power_0.96,19.263424,shift_ot_h,425,0.0,425,0.0,True
98,liu_massdep_baseline,power_0.96,24.039607,shift_h,425,0.0,425,0.0,True
98,liu_massdep_baseline,power_0.96,24.039607,crew_veh_h,425,0.0,425,0.0,True
98,liu_massdep_baseline,power_0.96,24.039607,crew_team_h,425,0.0,425,0.0,True
98,liu_massdep_baseline,power_0.96,24.039607,shift_ot_h,425,0.0,425,0.0,True
98,liu_massdep_baseline,power_0.96,30.0,shift_h,425,0.0,425,0.0,True
98,liu_massdep_baseline,power_0.96,30.0,crew_veh_h,425,0.0,425,0.0,True
98,liu_massdep_baseline,power_0.96,30.0,crew_team_h,425,0.0,425,0.0,True
98,liu_massdep_baseline,power_0.96,30.0,shift_ot_h,425,0.0,425,0.0,True
