cell,model,r,labour,winner_common,winner_tier,winner_tier_mix_opt,status_tier,regret_common_winner,coop_tier,coop_tier_opt
jiang_short_baseline,affine,5.1,shift_h,MX1,MX2,MX1,search-dependent,0.18448146023264633,0.003780068728522337,0.06254295532646048
jiang_short_baseline,affine,5.1,crew_veh_h,MX2,500,MX2,search-dependent,0.0011287887549109588,0.0,0.0010309278350515464
jiang_short_baseline,affine,5.1,crew_team_h,MX2,325,MX2,search-dependent,0.056005204723493796,0.09965635738831616,0.0010309278350515464
jiang_short_baseline,affine,5.1,shift_ot_h,MX2,MX2,MX2,search-dependent,0.0,0.003780068728522337,0.0010309278350515464
jiang_short_baseline,affine,6.364,shift_h,MX1,MX2,MX1,search-dependent,0.18107641766330662,0.003780068728522337,0.06254295532646048
jiang_short_baseline,affine,6.364,crew_veh_h,MX2,MX2,MX2,search-dependent,0.0,0.003780068728522337,0.0010309278350515464
jiang_short_baseline,affine,6.364,crew_team_h,MX2,325,MX2,search-dependent,0.05313503601759284,0.09965635738831616,0.0010309278350515464
jiang_short_baseline,affine,6.364,shift_ot_h,MX2,MX2,MX2,search-dependent,0.0,0.003780068728522337,0.0010309278350515464
jiang_short_baseline,affine,7.943,shift_h,MX1,MX2,MX1,search-dependent,0.17703939559444049,0.003780068728522337,0.06254295532646048
jiang_short_baseline,affine,7.943,crew_veh_h,MX2,MX2,MX2,search-dependent,0.0,0.003780068728522337,0.0010309278350515464
jiang_short_baseline,affine,7.943,crew_team_h,MX2,325,MX2,search-dependent,0.04975765312058833,0.09965635738831616,0.0010309278350515464
jiang_short_baseline,affine,7.943,shift_ot_h,MX2,MX2,MX2,search-dependent,0.0,0.003780068728522337,0.0010309278350515464
jiang_short_baseline,affine,9.912,shift_h,MX1,MX2,MX1,search-dependent,0.17230499065934457,0.003780068728522337,0.06254295532646048
jiang_short_baseline,affine,9.912,crew_veh_h,MX2,MX2,MX2,search-dependent,0.0,0.003780068728522337,0.0010309278350515464
jiang_short_baseline,affine,9.912,crew_team_h,MX2,325,MX2,search-dependent,0.04583164418862462,0.09965635738831616,0.0010309278350515464
jiang_short_baseline,affine,9.912,shift_ot_h,MX2,MX2,MX2,search-dependent,0.0,0.003780068728522337,0.0010309278350515464
jiang_short_baseline,affine,12.369,shift_h,MX1,MX2,MX1,search-dependent,0.1668231962526021,0.003780068728522337,0.06254295532646048
jiang_short_baseline,affine,12.369,crew_veh_h,MX2,MX2,MX2,search-dependent,0.0,0.003780068728522337,0.0010309278350515464
jiang_short_baseline,affine,12.369,crew_team_h,MX2,300,MX2,search-dependent,0.04279165002810781,0.12508591065292096,0.0010309278350515464
jiang_short_baseline,affine,12.369,shift_ot_h,MX2,MX2,MX2,search-dependent,0.0,0.003780068728522337,0.0010309278350515464
jiang_short_baseline,affine,15.436,shift_h,MX1,MX2,MX1,search-dependent,0.1605691090440955,0.003780068728522337,0.06254295532646048
jiang_short_baseline,affine,15.436,crew_veh_h,MX2,MX2,MX2,search-dependent,0.0,0.003780068728522337,0.0010309278350515464
jiang_short_baseline,affine,15.436,crew_team_h,MX2,300,MX2,search-dependent,0.04095682238935794,0.12508591065292096,0.0010309278350515464
jiang_short_baseline,affine,15.436,shift_ot_h,MX2,MX2,MX2,search-dependent,0.0,0.003780068728522337,0.0010309278350515464
jiang_short_baseline,affine,19.263,shift_h,MX1,MX2,MX1,search-dependent,0.1535530600897015,0.003780068728522337,0.06254295532646048
jiang_short_baseline,affine,19.263,crew_veh_h,MX2,MX2,MX2,search-dependent,0.0,0.003780068728522337,0.0010309278350515464
jiang_short_baseline,affine,19.263,crew_team_h,MX2,300,MX2,search-dependent,0.03891187354730552,0.12508591065292096,0.0010309278350515464
jiang_short_baseline,affine,19.263,shift_ot_h,MX2,MX2,MX2,search-dependent,0.0,0.003780068728522337,0.0010309278350515464
jiang_short_baseline,affine,24.04,shift_h,MX1,MX2,MX1,search-dependent,0.1458293454733004,0.003780068728522337,0.06254295532646048
jiang_short_baseline,affine,24.04,crew_veh_h,MX2,MX2,MX2,search-dependent,0.0,0.003780068728522337,0.0010309278350515464
jiang_short_baseline,affine,24.04,crew_team_h,MX2,300,MX2,search-dependent,0.03667690868096396,0.12508591065292096,0.0010309278350515464
jiang_short_baseline,affine,24.04,shift_ot_h,MX1,MX2,MX1,search-dependent,0.16042612711471493,0.003780068728522337,0.06254295532646048
jiang_short_baseline,affine,30.0,shift_h,MX1,MX2,MX1,search-dependent,0.13750123089560962,0.003780068728522337,0.06254295532646048
jiang_short_baseline,affine,30.0,crew_veh_h,MX2,MX2,MX2,search-dependent,0.0,0.003780068728522337,0.0010309278350515464
jiang_short_baseline,affine,30.0,crew_team_h,MX1,300,MX1,search-dependent,0.0704996303398513,0.12508591065292096,0.06254295532646048
jiang_short_baseline,affine,30.0,shift_ot_h,MX1,MX2,MX1,search-dependent,0.15127211004159236,0.003780068728522337,0.06254295532646048
jiang_short_baseline,piecewise,5.1,shift_h,MX1,MX2,MX1,search-dependent,0.1831885144142571,0.003780068728522337,0.06254295532646048
jiang_short_baseline,piecewise,5.1,crew_veh_h,MX2,MX2,MX2,search-dependent,0.0,0.003780068728522337,0.0010309278350515464
jiang_short_baseline,piecewise,5.1,crew_team_h,MX2,325,MX2,search-dependent,0.056783100133404485,0.09965635738831616,0.0010309278350515464
jiang_short_baseline,piecewise,5.1,shift_ot_h,MX2,MX2,MX2,search-dependent,0.0,0.003780068728522337,0.0010309278350515464
jiang_short_baseline,piecewise,6.364,shift_h,MX1,MX2,MX1,search-dependent,0.1795082697782504,0.003780068728522337,0.06254295532646048
jiang_short_baseline,piecewise,6.364,crew_veh_h,MX2,MX2,MX2,search-dependent,0.0,0.003780068728522337,0.0010309278350515464
jiang_short_baseline,piecewise,6.364,crew_team_h,MX2,325,MX2,search-dependent,0.0540843359084755,0.09965635738831616,0.0010309278350515464
jiang_short_baseline,piecewise,6.364,shift_ot_h,MX2,MX2,MX2,search-dependent,0.0,0.003780068728522337,0.0010309278350515464
jiang_short_baseline,piecewise,7.943,shift_h,MX1,MX2,MX1,search-dependent,0.1751489168130238,0.003780068728522337,0.06254295532646048
jiang_short_baseline,piecewise,7.943,crew_veh_h,MX2,MX2,MX2,search-dependent,0.0,0.003780068728522337,0.0010309278350515464
jiang_short_baseline,piecewise,7.943,crew_team_h,MX2,325,MX2,search-dependent,0.050910452506324866,0.09965635738831616,0.0010309278350515464
jiang_short_baseline,piecewise,7.943,shift_ot_h,MX2,MX2,MX2,search-dependent,0.0,0.003780068728522337,0.0010309278350515464
jiang_short_baseline,piecewise,9.912,shift_h,MX1,MX2,MX1,search-dependent,0.17004194964210884,0.003780068728522337,0.06254295532646048
jiang_short_baseline,piecewise,9.912,crew_veh_h,MX2,MX2,MX2,search-dependent,0.0,0.003780068728522337,0.0010309278350515464
jiang_short_baseline,piecewise,9.912,crew_team_h,MX2,325,MX2,search-dependent,0.047223449669725026,0.09965635738831616,0.0010309278350515464
jiang_short_baseline,piecewise,9.912,shift_ot_h,MX2,MX2,MX2,search-dependent,0.0,0.003780068728522337,0.0010309278350515464
jiang_short_baseline,piecewise,12.369,shift_h,MX1,MX2,MX1,search-dependent,0.1641361164904196,0.003780068728522337,0.06254295532646048
jiang_short_baseline,piecewise,12.369,crew_veh_h,MX2,MX2,MX2,search-dependent,0.0,0.003780068728522337,0.0010309278350515464
jiang_short_baseline,piecewise,12.369,crew_team_h,MX2,300,MX2,search-dependent,0.04567082914419496,0.12508591065292096,0.0010309278350515464
jiang_short_baseline,piecewise,12.369,shift_ot_h,MX2,MX2,MX2,search-dependent,0.0,0.003780068728522337,0.0010309278350515464
jiang_short_baseline,piecewise,15.436,shift_h,MX1,MX2,MX1,search-dependent,0.15740784777630923,0.003780068728522337,0.06254295532646048
jiang_short_baseline,piecewise,15.436,crew_veh_h,MX2,MX2,MX2,search-dependent,0.0,0.003780068728522337,0.0010309278350515464
jiang_short_baseline,piecewise,15.436,crew_team_h,MX2,300,MX2,search-dependent,0.04437034358422576,0.12508591065292096,0.0010309278350515464
jiang_short_baseline,piecewise,15.436,shift_ot_h,MX2,MX2,MX2,search-dependent,0.0,0.003780068728522337,0.0010309278350515464
jiang_short_baseline,piecewise,19.263,shift_h,MX1,MX2,MX1,search-dependent,0.14987199206878454,0.003780068728522337,0.06254295532646048
jiang_short_baseline,piecewise,19.263,crew_veh_h,MX2,MX2,MX2,search-dependent,0.0,0.003780068728522337,0.0010309278350515464
jiang_short_baseline,piecewise,19.263,crew_team_h,MX2,300,MX2,search-dependent,0.04292171689792368,0.12508591065292096,0.0010309278350515464
jiang_short_baseline,piecewise,19.263,shift_ot_h,MX2,MX2,MX2,search-dependent,0.0,0.003780068728522337,0.0010309278350515464
jiang_short_baseline,piecewise,24.04,shift_h,MX1,MX2,MX1,search-dependent,0.14159085545853767,0.003780068728522337,0.06254295532646048
jiang_short_baseline,piecewise,24.04,crew_veh_h,MX2,MX2,MX2,search-dependent,0.0,0.003780068728522337,0.0010309278350515464
jiang_short_baseline,piecewise,24.04,crew_team_h,MX2,300,MX2,search-dependent,0.04133943369444215,0.12508591065292096,0.0010309278350515464
jiang_short_baseline,piecewise,24.04,shift_ot_h,MX1,MX2,MX1,search-dependent,0.15622783398483575,0.003780068728522337,0.06254295532646048
jiang_short_baseline,piecewise,30.0,shift_h,MX1,MX2,MX1,search-dependent,0.13267904630004068,0.003780068728522337,0.06254295532646048
jiang_short_baseline,piecewise,30.0,crew_veh_h,MX2,MX2,MX2,search-dependent,0.0,0.003780068728522337,0.0010309278350515464
jiang_short_baseline,piecewise,30.0,crew_team_h,MX1,300,MX1,search-dependent,0.07175192952396836,0.12508591065292096,0.06254295532646048
jiang_short_baseline,piecewise,30.0,shift_ot_h,MX1,MX2,MX1,search-dependent,0.14648886129015115,0.003780068728522337,0.06254295532646048
jiang_short_baseline,power_0.72,5.1,shift_h,MX1,MX2,MX1,search-dependent,0.1864406664558247,0.003780068728522337,0.06254295532646048
jiang_short_baseline,power_0.72,5.1,crew_veh_h,MX2,500,MX2,search-dependent,0.0035888338035989786,0.0,0.0010309278350515464
jiang_short_baseline,power_0.72,5.1,crew_team_h,MX2,325,MX2,search-dependent,0.05369469169839247,0.09965635738831616,0.0010309278350515464
jiang_short_baseline,power_0.72,5.1,shift_ot_h,MX2,MX2,MX2,search-dependent,0.0,0.003780068728522337,0.0010309278350515464
jiang_short_baseline,power_0.72,6.364,shift_h,MX1,MX2,MX1,search-dependent,0.18345511752724453,0.003780068728522337,0.06254295532646048
jiang_short_baseline,power_0.72,6.364,crew_veh_h,MX2,MX2,MX2,search-dependent,0.0,0.003780068728522337,0.0010309278350515464
jiang_short_baseline,power_0.72,6.364,crew_team_h,MX2,325,MX2,search-dependent,0.05032414524980067,0.09965635738831616,0.0010309278350515464
jiang_short_baseline,power_0.72,6.364,shift_ot_h,MX2,MX2,MX2,search-dependent,0.0,0.003780068728522337,0.0010309278350515464
jiang_short_baseline,power_0.72,7.943,shift_h,MX1,MX2,MX1,search-dependent,0.17991058214190914,0.003780068728522337,0.06254295532646048
jiang_short_baseline,power_0.72,7.943,crew_veh_h,MX2,MX2,MX2,search-dependent,0.0,0.003780068728522337,0.0010309278350515464
jiang_short_baseline,power_0.72,7.943,crew_team_h,MX2,325,MX2,search-dependent,0.04635654727160743,0.09965635738831616,0.0010309278350515464
jiang_short_baseline,power_0.72,7.943,shift_ot_h,MX2,MX2,MX2,search-dependent,0.0,0.003780068728522337,0.0010309278350515464
jiang_short_baseline,power_0.72,9.912,shift_h,MX1,MX2,MX1,search-dependent,0.17574699913619174,0.003780068728522337,0.06254295532646048
jiang_short_baseline,power_0.72,9.912,crew_veh_h,MX2,MX2,MX2,search-dependent,0.0,0.003780068728522337,0.0010309278350515464
jiang_short_baseline,power_0.72,9.912,crew_team_h,MX2,325,MX2,search-dependent,0.04174252960448577,0.09965635738831616,0.0010309278350515464
jiang_short_baseline,power_0.72,9.912,shift_ot_h,MX2,MX2,MX2,search-dependent,0.0,0.003780068728522337,0.0010309278350515464
jiang_short_baseline,power_0.72,12.369,shift_h,MX1,MX2,MX1,search-dependent,0.17091702479920756,0.003780068728522337,0.06254295532646048
jiang_short_baseline,power_0.72,12.369,crew_veh_h,MX2,MX2,MX2,search-dependent,0.0,0.003780068728522337,0.0010309278350515464
jiang_short_baseline,power_0.72,12.369,crew_team_h,MX2,300,MX2,search-dependent,0.03696529966759843,0.12508591065292096,0.0010309278350515464
jiang_short_baseline,power_0.72,12.369,shift_ot_h,MX2,MX2,MX2,search-dependent,0.0,0.003780068728522337,0.0010309278350515464
jiang_short_baseline,power_0.72,15.436,shift_h,MX1,MX2,MX1,search-dependent,0.16539460727636857,0.003780068728522337,0.06254295532646048
jiang_short_baseline,power_0.72,15.436,crew_veh_h,MX2,MX2,MX2,search-dependent,0.0,0.003780068728522337,0.0010309278350515464
jiang_short_baseline,power_0.72,15.436,crew_team_h,MX2,300,MX2,search-dependent,0.03405113809874605,0.12508591065292096,0.0010309278350515464
jiang_short_baseline,power_0.72,15.436,shift_ot_h,MX2,MX2,MX2,search-dependent,0.0,0.003780068728522337,0.0010309278350515464
jiang_short_baseline,power_0.72,19.263,shift_h,MX1,MX2,MX1,search-dependent,0.1591841198536217,0.003780068728522337,0.06254295532646048
jiang_short_baseline,power_0.72,19.263,crew_veh_h,MX2,MX2,MX2,search-dependent,0.0,0.003780068728522337,0.0010309278350515464
jiang_short_baseline,power_0.72,19.263,crew_team_h,MX2,300,MX2,search-dependent,0.03080237686422671,0.12508591065292096,0.0010309278350515464
jiang_short_baseline,power_0.72,19.263,shift_ot_h,MX2,MX2,MX2,search-dependent,0.0,0.003780068728522337,0.0010309278350515464
jiang_short_baseline,power_0.72,24.04,shift_h,MX1,MX2,MX1,search-dependent,0.15232849798889259,0.003780068728522337,0.06254295532646048
jiang_short_baseline,power_0.72,24.04,crew_veh_h,MX2,MX2,MX2,search-dependent,0.0,0.003780068728522337,0.0010309278350515464
jiang_short_baseline,power_0.72,24.04,crew_team_h,MX2,300,MX2,search-dependent,0.02725068627484406,0.12508591065292096,0.0010309278350515464
jiang_short_baseline,power_0.72,24.04,shift_ot_h,MX2,MX2,MX2,search-dependent,0.0,0.003780068728522337,0.0010309278350515464
jiang_short_baseline,power_0.72,30.0,shift_h,MX1,MX2,MX1,search-dependent,0.14491432963513584,0.003780068728522337,0.06254295532646048
jiang_short_baseline,power_0.72,30.0,crew_veh_h,MX2,MX2,MX2,search-dependent,0.0,0.003780068728522337,0.0010309278350515464
jiang_short_baseline,power_0.72,30.0,crew_team_h,MX2,300,MX2,search-dependent,0.02344981944213509,0.12508591065292096,0.0010309278350515464
jiang_short_baseline,power_0.72,30.0,shift_ot_h,MX1,MX2,MX1,search-dependent,0.15862122465103967,0.003780068728522337,0.06254295532646048
jiang_short_baseline,power_0.84,5.1,shift_h,MX1,MX2,MX1,search-dependent,0.1834969320603297,0.003780068728522337,0.06254295532646048
jiang_short_baseline,power_0.84,5.1,crew_veh_h,MX2,MX2,MX2,search-dependent,0.0,0.003780068728522337,0.0010309278350515464
jiang_short_baseline,power_0.84,5.1,crew_team_h,MX2,325,MX2,search-dependent,0.05581402684932257,0.09965635738831616,0.0010309278350515464
jiang_short_baseline,power_0.84,5.1,shift_ot_h,MX2,MX2,MX2,search-dependent,0.0,0.003780068728522337,0.0010309278350515464
jiang_short_baseline,power_0.84,6.364,shift_h,MX1,MX2,MX1,search-dependent,0.17988221575655783,0.003780068728522337,0.06254295532646048
jiang_short_baseline,power_0.84,6.364,crew_veh_h,MX2,MX2,MX2,search-dependent,0.0,0.003780068728522337,0.0010309278350515464
jiang_short_baseline,power_0.84,6.364,crew_team_h,MX2,325,MX2,search-dependent,0.052908600262912886,0.09965635738831616,0.0010309278350515464
jiang_short_baseline,power_0.84,6.364,shift_ot_h,MX2,MX2,MX2,search-dependent,0.0,0.003780068728522337,0.0010309278350515464
jiang_short_baseline,power_0.84,7.943,shift_h,MX1,MX2,MX1,search-dependent,0.1755995583673895,0.003780068728522337,0.06254295532646048
jiang_short_baseline,power_0.84,7.943,crew_veh_h,MX2,MX2,MX2,search-dependent,0.0,0.003780068728522337,0.0010309278350515464
jiang_short_baseline,power_0.84,7.943,crew_team_h,MX2,325,MX2,search-dependent,0.049492393028312875,0.09965635738831616,0.0010309278350515464
jiang_short_baseline,power_0.84,7.943,shift_ot_h,MX2,MX2,MX2,search-dependent,0.0,0.003780068728522337,0.0010309278350515464
jiang_short_baseline,power_0.84,9.912,shift_h,MX1,MX2,MX1,search-dependent,0.17058116400628354,0.003780068728522337,0.06254295532646048
jiang_short_baseline,power_0.84,9.912,crew_veh_h,MX2,MX2,MX2,search-dependent,0.0,0.003780068728522337,0.0010309278350515464
jiang_short_baseline,power_0.84,9.912,crew_team_h,MX2,325,MX2,search-dependent,0.04552486898563535,0.09965635738831616,0.0010309278350515464
jiang_short_baseline,power_0.84,9.912,shift_ot_h,MX2,MX2,MX2,search-dependent,0.0,0.003780068728522337,0.0010309278350515464
jiang_short_baseline,power_0.84,12.369,shift_h,MX1,MX2,MX1,search-dependent,0.1647760417164894,0.003780068728522337,0.06254295532646048
jiang_short_baseline,power_0.84,12.369,crew_veh_h,MX2,MX2,MX2,search-dependent,0.0,0.003780068728522337,0.0010309278350515464
jiang_short_baseline,power_0.84,12.369,crew_team_h,MX2,300,MX2,search-dependent,0.043967560103094216,0.12508591065292096,0.0010309278350515464
jiang_short_baseline,power_0.84,12.369,shift_ot_h,MX2,MX2,MX2,search-dependent,0.0,0.003780068728522337,0.0010309278350515464
jiang_short_baseline,power_0.84,15.436,shift_h,MX1,MX2,MX1,search-dependent,0.1581602633916317,0.003780068728522337,0.06254295532646048
jiang_short_baseline,power_0.84,15.436,crew_veh_h,MX2,MX2,MX2,search-dependent,0.0,0.003780068728522337,0.0010309278350515464
jiang_short_baseline,power_0.84,15.436,crew_team_h,MX2,300,MX2,search-dependent,0.04235398181274852,0.12508591065292096,0.0010309278350515464
jiang_short_baseline,power_0.84,15.436,shift_ot_h,MX2,MX2,MX2,search-dependent,0.0,0.003780068728522337,0.0010309278350515464
jiang_short_baseline,power_0.84,19.263,shift_h,MX1,MX2,MX1,search-dependent,0.1507475594026677,0.003780068728522337,0.06254295532646048
jiang_short_baseline,power_0.84,19.263,crew_veh_h,MX2,MX2,MX2,search-dependent,0.0,0.003780068728522337,0.0010309278350515464
jiang_short_baseline,power_0.84,19.263,crew_team_h,MX2,300,MX2,search-dependent,0.040557046054153334,0.12508591065292096,0.0010309278350515464
jiang_short_baseline,power_0.84,19.263,shift_ot_h,MX2,MX2,MX2,search-dependent,0.0,0.003780068728522337,0.0010309278350515464
jiang_short_baseline,power_0.84,24.04,shift_h,MX1,MX2,MX1,search-dependent,0.14259829030201665,0.003780068728522337,0.06254295532646048
jiang_short_baseline,power_0.84,24.04,crew_veh_h,MX2,MX2,MX2,search-dependent,0.0,0.003780068728522337,0.0010309278350515464
jiang_short_baseline,power_0.84,24.04,crew_team_h,MX2,300,MX2,search-dependent,0.03859485744700897,0.12508591065292096,0.0010309278350515464
jiang_short_baseline,power_0.84,24.04,shift_ot_h,MX1,MX2,MX1,search-dependent,0.157225872211318,0.003780068728522337,0.06254295532646048
jiang_short_baseline,power_0.84,30.0,shift_h,MX1,MX2,MX1,search-dependent,0.1338243369801908,0.003780068728522337,0.06254295532646048
jiang_short_baseline,power_0.84,30.0,crew_veh_h,MX2,MX2,MX2,search-dependent,0.0,0.003780068728522337,0.0010309278350515464
jiang_short_baseline,power_0.84,30.0,crew_team_h,MX1,300,MX1,search-dependent,0.06952194814509638,0.12508591065292096,0.06254295532646048
jiang_short_baseline,power_0.84,30.0,shift_ot_h,MX1,MX2,MX1,search-dependent,0.14762509630445386,0.003780068728522337,0.06254295532646048
jiang_short_baseline,power_0.96,5.1,shift_h,MX1,MX2,MX1,search-dependent,0.18031941162720333,0.003780068728522337,0.06254295532646048
jiang_short_baseline,power_0.96,5.1,crew_veh_h,MX2,MX2,MX2,search-dependent,0.0,0.003780068728522337,0.0010309278350515464
jiang_short_baseline,power_0.96,5.1,crew_team_h,MX2,325,MX2,search-dependent,0.05828095143910561,0.09965635738831616,0.0010309278350515464
jiang_short_baseline,power_0.96,5.1,shift_ot_h,MX2,MX2,MX2,search-dependent,0.0,0.003780068728522337,0.0010309278350515464
jiang_short_baseline,power_0.96,6.364,shift_h,MX1,MX2,MX1,search-dependent,0.17603311818914325,0.003780068728522337,0.06254295532646048
jiang_short_baseline,power_0.96,6.364,crew_veh_h,MX2,MX2,MX2,search-dependent,0.0,0.003780068728522337,0.0010309278350515464
jiang_short_baseline,power_0.96,6.364,crew_team_h,MX2,325,MX2,search-dependent,0.055912510334046095,0.09965635738831616,0.0010309278350515464
jiang_short_baseline,power_0.96,6.364,shift_ot_h,MX2,MX2,MX2,search-dependent,0.0,0.003780068728522337,0.0010309278350515464
jiang_short_baseline,power_0.96,7.943,shift_h,MX1,MX2,MX1,search-dependent,0.17096605971925327,0.003780068728522337,0.06254295532646048
jiang_short_baseline,power_0.96,7.943,crew_veh_h,MX2,MX2,MX2,search-dependent,0.0,0.003780068728522337,0.0010309278350515464
jiang_short_baseline,power_0.96,7.943,crew_team_h,MX2,325,MX2,search-dependent,0.0531309031811904,0.09965635738831616,0.0010309278350515464
jiang_short_baseline,power_0.96,7.943,shift_ot_h,MX2,MX2,MX2,search-dependent,0.0,0.003780068728522337,0.0010309278350515464
jiang_short_baseline,power_0.96,9.912,shift_h,MX1,MX2,MX1,search-dependent,0.16504400911538597,0.003780068728522337,0.06254295532646048
jiang_short_baseline,power_0.96,9.912,crew_veh_h,MX2,MX2,MX2,search-dependent,0.0,0.003780068728522337,0.0010309278350515464
jiang_short_baseline,power_0.96,9.912,crew_team_h,MX2,300,MX2,search-dependent,0.051922689791296994,0.12508591065292096,0.0010309278350515464
jiang_short_baseline,power_0.96,9.912,shift_ot_h,MX2,MX2,MX2,search-dependent,0.0,0.003780068728522337,0.0010309278350515464
jiang_short_baseline,power_0.96,12.369,shift_h,MX1,MX2,MX1,search-dependent,0.15821434276652369,0.003780068728522337,0.06254295532646048
jiang_short_baseline,power_0.96,12.369,crew_veh_h,MX2,MX2,MX2,search-dependent,0.0,0.003780068728522337,0.0010309278350515464
jiang_short_baseline,power_0.96,12.369,crew_team_h,MX2,300,MX2,search-dependent,0.05176857380922284,0.12508591065292096,0.0010309278350515464
jiang_short_baseline,power_0.96,12.369,shift_ot_h,MX2,MX2,MX2,search-dependent,0.0,0.003780068728522337,0.0010309278350515464
jiang_short_baseline,power_0.96,15.436,shift_h,MX1,MX2,MX1,search-dependent,0.15045798883722195,0.003780068728522337,0.06254295532646048
jiang_short_baseline,power_0.96,15.436,crew_veh_h,MX2,MX2,MX2,search-dependent,0.0,0.003780068728522337,0.0010309278350515464
jiang_short_baseline,power_0.96,15.436,crew_team_h,MX2,300,MX2,search-dependent,0.05159405290104968,0.12508591065292096,0.0010309278350515464
jiang_short_baseline,power_0.96,15.436,shift_ot_h,MX2,MX2,MX2,search-dependent,0.0,0.003780068728522337,0.0010309278350515464
jiang_short_baseline,power_0.96,19.263,shift_h,MX1,MX2,MX1,search-dependent,0.14180134747606532,0.003780068728522337,0.06254295532646048
jiang_short_baseline,power_0.96,19.263,crew_veh_h,MX2,MX2,MX2,search-dependent,0.0,0.003780068728522337,0.0010309278350515464
jiang_short_baseline,power_0.96,19.263,crew_team_h,MX2,300,MX2,search-dependent,0.05139990822419915,0.12508591065292096,0.0010309278350515464
jiang_short_baseline,power_0.96,19.263,shift_ot_h,MX1,MX2,MX1,search-dependent,0.15724805969312028,0.003780068728522337,0.06254295532646048
jiang_short_baseline,power_0.96,24.04,shift_h,MX1,MX2,MX1,search-dependent,0.1323257815735257,0.003780068728522337,0.06254295532646048
jiang_short_baseline,power_0.96,24.04,crew_veh_h,MX2,MX2,MX2,search-dependent,0.0,0.003780068728522337,0.0010309278350515464
jiang_short_baseline,power_0.96,24.04,crew_team_h,MX1,300,MX1,search-dependent,0.0759239339353106,0.12508591065292096,0.06254295532646048
jiang_short_baseline,power_0.96,24.04,shift_ot_h,MX1,MX2,MX1,search-dependent,0.14704456482450756,0.003780068728522337,0.06254295532646048
jiang_short_baseline,power_0.96,30.0,shift_h,MX1,MX2,MX1,search-dependent,0.12217182803299975,0.003780068728522337,0.06254295532646048
jiang_short_baseline,power_0.96,30.0,crew_veh_h,MX2,MX2,MX2,search-dependent,0.0,0.003780068728522337,0.0010309278350515464
jiang_short_baseline,power_0.96,30.0,crew_team_h,MX1,300,MX1,search-dependent,0.07395511265057286,0.12508591065292096,0.06254295532646048
jiang_short_baseline,power_0.96,30.0,shift_ot_h,MX1,MX2,MX1,search-dependent,0.1360591426245552,0.003780068728522337,0.06254295532646048
jiang_massdep_baseline,affine,5.1,shift_h,425,425,425,search-dependent,0.0,0.012714776632302405,0.012714776632302405
jiang_massdep_baseline,affine,5.1,crew_veh_h,500,500,MX2,search-dependent,0.0,0.0,0.04054982817869416
jiang_massdep_baseline,affine,5.1,crew_team_h,425,325,MX2,search-dependent,0.05077380017812061,0.09965635738831616,0.04054982817869416
jiang_massdep_baseline,affine,5.1,shift_ot_h,425,500,500,search-dependent,0.007642721157497423,0.0,0.0
jiang_massdep_baseline,affine,6.364,shift_h,425,425,425,search-dependent,0.0,0.012714776632302405,0.012714776632302405
jiang_massdep_baseline,affine,6.364,crew_veh_h,500,500,MX2,search-dependent,0.0,0.0,0.04054982817869416
jiang_massdep_baseline,affine,6.364,crew_team_h,425,325,MX2,search-dependent,0.051558297355323246,0.09965635738831616,0.04054982817869416
jiang_massdep_baseline,affine,6.364,shift_ot_h,425,500,500,search-dependent,0.004074872001930352,0.0,0.0
jiang_massdep_baseline,affine,7.943,shift_h,425,425,425,search-dependent,0.0,0.012714776632302405,0.012714776632302405
jiang_massdep_baseline,affine,7.943,crew_veh_h,500,500,MX2,search-dependent,0.0,0.0,0.04054982817869416
jiang_massdep_baseline,affine,7.943,crew_team_h,425,325,MX2,search-dependent,0.052486125979810394,0.09965635738831616,0.04054982817869416
jiang_massdep_baseline,affine,7.943,shift_ot_h,425,425,425,search-dependent,0.0,0.012714776632302405,0.012714776632302405
jiang_massdep_baseline,affine,9.912,shift_h,425,425,425,search-dependent,0.0,0.012714776632302405,0.012714776632302405
jiang_massdep_baseline,affine,9.912,crew_veh_h,425,500,MX2,search-dependent,0.007216318159001034,0.0,0.04054982817869416
jiang_massdep_baseline,affine,9.912,crew_team_h,425,325,MX2,search-dependent,0.053571106101656385,0.09965635738831616,0.04054982817869416
jiang_massdep_baseline,affine,9.912,shift_ot_h,425,425,425,search-dependent,0.0,0.012714776632302405,0.012714776632302405
jiang_massdep_baseline,affine,12.369,shift_h,425,425,425,search-dependent,0.0,0.012714776632302405,0.012714776632302405
jiang_massdep_baseline,affine,12.369,crew_veh_h,425,500,MX2,search-dependent,0.0007526406804307939,0.0,0.04054982817869416
jiang_massdep_baseline,affine,12.369,crew_team_h,425,325,MX2,search-dependent,0.054823166264474255,0.09965635738831616,0.04054982817869416
jiang_massdep_baseline,affine,12.369,shift_ot_h,425,425,425,search-dependent,0.0,0.012714776632302405,0.012714776632302405
jiang_massdep_baseline,affine,15.436,shift_h,425,425,425,search-dependent,0.0,0.012714776632302405,0.012714776632302405
jiang_massdep_baseline,affine,15.436,crew_veh_h,425,425,MX2,search-dependent,0.0,0.012714776632302405,0.04054982817869416
jiang_massdep_baseline,affine,15.436,crew_team_h,MX2,325,MX2,search-dependent,0.052345840074859096,0.09965635738831616,0.04054982817869416
jiang_massdep_baseline,affine,15.436,shift_ot_h,425,425,425,search-dependent,0.0,0.012714776632302405,0.012714776632302405
jiang_massdep_baseline,affine,19.263,shift_h,425,425,425,search-dependent,0.0,0.012714776632302405,0.012714776632302405
jiang_massdep_baseline,affine,19.263,crew_veh_h,425,425,MX2,search-dependent,0.0,0.012714776632302405,0.04054982817869416
jiang_massdep_baseline,affine,19.263,crew_team_h,MX2,325,MX2,search-dependent,0.051378921834921876,0.09965635738831616,0.04054982817869416
jiang_massdep_baseline,affine,19.263,shift_ot_h,425,425,425,search-dependent,0.0,0.012714776632302405,0.012714776632302405
jiang_massdep_baseline,affine,24.04,shift_h,425,425,425,search-dependent,0.0,0.012714776632302405,0.012714776632302405
jiang_massdep_baseline,affine,24.04,crew_veh_h,425,425,MX2,search-dependent,0.0,0.012714776632302405,0.04054982817869416
jiang_massdep_baseline,affine,24.04,crew_team_h,MX2,325,MX2,search-dependent,0.05031957431210499,0.09965635738831616,0.04054982817869416
jiang_massdep_baseline,affine,24.04,shift_ot_h,425,425,425,search-dependent,0.0,0.012714776632302405,0.012714776632302405
jiang_massdep_baseline,affine,30.0,shift_h,425,425,425,search-dependent,0.0,0.012714776632302405,0.012714776632302405
jiang_massdep_baseline,affine,30.0,crew_veh_h,425,425,MX2,search-dependent,0.0,0.012714776632302405,0.04054982817869416
jiang_massdep_baseline,affine,30.0,crew_team_h,MX2,325,MX2,search-dependent,0.04918327147078694,0.09965635738831616,0.04054982817869416
jiang_massdep_baseline,affine,30.0,shift_ot_h,425,425,425,search-dependent,0.0,0.012714776632302405,0.012714776632302405
jiang_massdep_baseline,piecewise,5.1,shift_h,425,425,425,search-dependent,0.0,0.012714776632302405,0.012714776632302405
jiang_massdep_baseline,piecewise,5.1,crew_veh_h,500,500,MX2,search-dependent,0.0,0.0,0.04054982817869416
jiang_massdep_baseline,piecewise,5.1,crew_team_h,425,325,MX2,search-dependent,0.05233912348697545,0.09965635738831616,0.04054982817869416
jiang_massdep_baseline,piecewise,5.1,shift_ot_h,425,500,500,search-dependent,0.00642928476627036,0.0,0.0
jiang_massdep_baseline,piecewise,6.364,shift_h,425,425,425,search-dependent,0.0,0.012714776632302405,0.012714776632302405
jiang_massdep_baseline,piecewise,6.364,crew_veh_h,500,500,MX2,search-dependent,0.0,0.0,0.04054982817869416
jiang_massdep_baseline,piecewise,6.364,crew_team_h,425,325,MX2,search-dependent,0.053463427606518676,0.09965635738831616,0.04054982817869416
jiang_massdep_baseline,piecewise,6.364,shift_ot_h,425,500,500,search-dependent,0.0026178565085290817,0.0,0.0
jiang_massdep_baseline,piecewise,7.943,shift_h,425,425,425,search-dependent,0.0,0.012714776632302405,0.012714776632302405
jiang_massdep_baseline,piecewise,7.943,crew_veh_h,500,500,MX2,search-dependent,0.0,0.0,0.04054982817869416
jiang_massdep_baseline,piecewise,7.943,crew_team_h,425,325,MX2,search-dependent,0.054792447880912754,0.09965635738831616,0.04054982817869416
jiang_massdep_baseline,piecewise,7.943,shift_ot_h,425,425,425,search-dependent,0.0,0.012714776632302405,0.012714776632302405
jiang_massdep_baseline,piecewise,9.912,shift_h,425,425,425,search-dependent,0.0,0.012714776632302405,0.012714776632302405
jiang_massdep_baseline,piecewise,9.912,crew_veh_h,425,500,MX2,search-dependent,0.004970341953391522,0.0,0.04054982817869416
jiang_massdep_baseline,piecewise,9.912,crew_team_h,425,325,MX2,search-dependent,0.05634561078547673,0.09965635738831616,0.04054982817869416
jiang_massdep_baseline,piecewise,9.912,shift_ot_h,425,425,425,search-dependent,0.0,0.012714776632302405,0.012714776632302405
jiang_massdep_baseline,piecewise,12.369,shift_h,425,425,425,search-dependent,0.0,0.012714776632302405,0.012714776632302405
jiang_massdep_baseline,piecewise,12.369,crew_veh_h,425,425,MX2,search-dependent,0.0,0.012714776632302405,0.04054982817869416
jiang_massdep_baseline,piecewise,12.369,crew_team_h,MX2,325,MX2,search-dependent,0.053726955030458656,0.09965635738831616,0.04054982817869416
jiang_massdep_baseline,piecewise,12.369,shift_ot_h,425,425,425,search-dependent,0.0,0.012714776632302405,0.012714776632302405
jiang_massdep_baseline,piecewise,15.436,shift_h,425,425,425,search-dependent,0.0,0.012714776632302405,0.012714776632302405
jiang_massdep_baseline,piecewise,15.436,crew_veh_h,425,425,MX2,search-dependent,0.0,0.012714776632302405,0.04054982817869416
jiang_massdep_baseline,piecewise,15.436,crew_team_h,MX2,325,MX2,search-dependent,0.05295936606996321,0.09965635738831616,0.04054982817869416
jiang_massdep_baseline,piecewise,15.436,shift_ot_h,425,425,425,search-dependent,0.0,0.012714776632302405,0.012714776632302405
jiang_massdep_baseline,piecewise,19.263,shift_h,425,425,425,search-dependent,0.0,0.012714776632302405,0.012714776632302405
jiang_massdep_baseline,piecewise,19.263,crew_veh_h,425,425,MX2,search-dependent,0.0,0.012714776632302405,0.04054982817869416
jiang_massdep_baseline,piecewise,19.263,crew_team_h,MX2,325,MX2,search-dependent,0.0521027730352559,0.09965635738831616,0.04054982817869416
jiang_massdep_baseline,piecewise,19.263,shift_ot_h,425,425,425,search-dependent,0.0,0.012714776632302405,0.012714776632302405
jiang_massdep_baseline,piecewise,24.04,shift_h,425,425,425,search-dependent,0.0,0.012714776632302405,0.012714776632302405
jiang_massdep_baseline,piecewise,24.04,crew_veh_h,425,425,MX2,search-dependent,0.0,0.012714776632302405,0.04054982817869416
jiang_massdep_baseline,piecewise,24.04,crew_team_h,MX2,325,MX2,search-dependent,0.05116525535478256,0.09965635738831616,0.04054982817869416
jiang_massdep_baseline,piecewise,24.04,shift_ot_h,425,425,425,search-dependent,0.0,0.012714776632302405,0.012714776632302405
jiang_massdep_baseline,piecewise,30.0,shift_h,425,425,425,search-dependent,0.0,0.012714776632302405,0.012714776632302405
jiang_massdep_baseline,piecewise,30.0,crew_veh_h,MX2,325,MX2,search-dependent,0.010741288163755414,0.09965635738831616,0.04054982817869416
jiang_massdep_baseline,piecewise,30.0,crew_team_h,MX2,325,MX2,search-dependent,0.050160744839410576,0.09965635738831616,0.04054982817869416
jiang_massdep_baseline,piecewise,30.0,shift_ot_h,425,425,425,search-dependent,0.0,0.012714776632302405,0.012714776632302405
jiang_massdep_baseline,power_0.72,5.1,shift_h,425,425,425,search-dependent,0.0,0.012714776632302405,0.012714776632302405
jiang_massdep_baseline,power_0.72,5.1,crew_veh_h,500,500,MX2,search-dependent,0.0,0.0,0.04054982817869416
jiang_massdep_baseline,power_0.72,5.1,crew_team_h,425,325,MX2,search-dependent,0.04857797257148877,0.09965635738831616,0.04054982817869416
jiang_massdep_baseline,power_0.72,5.1,shift_ot_h,425,500,500,search-dependent,0.009969565657121926,0.0,0.0
jiang_massdep_baseline,power_0.72,6.364,shift_h,425,425,425,search-dependent,0.0,0.012714776632302405,0.012714776632302405
jiang_massdep_baseline,power_0.72,6.364,crew_veh_h,500,500,MX2,search-dependent,0.0,0.0,0.04054982817869416
jiang_massdep_baseline,power_0.72,6.364,crew_team_h,425,325,MX2,search-dependent,0.04888392058295876,0.09965635738831616,0.04054982817869416
jiang_massdep_baseline,power_0.72,6.364,shift_ot_h,425,500,500,search-dependent,0.006882788712242904,0.0,0.0
jiang_massdep_baseline,power_0.72,7.943,shift_h,425,425,425,search-dependent,0.0,0.012714776632302405,0.012714776632302405
jiang_massdep_baseline,power_0.72,7.943,crew_veh_h,500,500,MX2,search-dependent,0.0,0.0,0.04054982817869416
jiang_massdep_baseline,power_0.72,7.943,crew_team_h,425,325,MX2,search-dependent,0.049245885951178625,0.09965635738831616,0.04054982817869416
jiang_massdep_baseline,power_0.72,7.943,shift_ot_h,425,500,500,search-dependent,0.0032458030530200244,0.0,0.0
jiang_massdep_baseline,power_0.72,9.912,shift_h,425,425,425,search-dependent,0.0,0.012714776632302405,0.012714776632302405
jiang_massdep_baseline,power_0.72,9.912,crew_veh_h,500,500,MX2,search-dependent,0.0,0.0,0.04054982817869416
jiang_massdep_baseline,power_0.72,9.912,crew_team_h,425,325,MX2,search-dependent,0.04966932330224627,0.09965635738831616,0.04054982817869416
jiang_massdep_baseline,power_0.72,9.912,shift_ot_h,425,425,425,search-dependent,0.0,0.012714776632302405,0.012714776632302405
jiang_massdep_baseline,power_0.72,12.369,shift_h,425,425,425,search-dependent,0.0,0.012714776632302405,0.012714776632302405
jiang_massdep_baseline,power_0.72,12.369,crew_veh_h,425,500,MX2,search-dependent,0.005844606923219642,0.0,0.04054982817869416
jiang_massdep_baseline,power_0.72,12.369,crew_team_h,425,325,MX2,search-dependent,0.050158187050418634,0.09965635738831616,0.04054982817869416
jiang_massdep_baseline,power_0.72,12.369,shift_ot_h,425,425,425,search-dependent,0.0,0.012714776632302405,0.012714776632302405
jiang_massdep_baseline,power_0.72,15.436,shift_h,425,425,425,search-dependent,0.0,0.012714776632302405,0.012714776632302405
jiang_massdep_baseline,power_0.72,15.436,crew_veh_h,425,425,MX2,search-dependent,0.0,0.012714776632302405,0.04054982817869416
jiang_massdep_baseline,power_0.72,15.436,crew_team_h,425,325,MX2,search-dependent,0.05071407257904137,0.09965635738831616,0.04054982817869416
jiang_massdep_baseline,power_0.72,15.436,shift_ot_h,425,425,425,search-dependent,0.0,0.012714776632302405,0.012714776632302405
jiang_massdep_baseline,power_0.72,19.263,shift_h,425,425,425,search-dependent,0.0,0.012714776632302405,0.012714776632302405
jiang_massdep_baseline,power_0.72,19.263,crew_veh_h,425,425,MX2,search-dependent,0.0,0.012714776632302405,0.04054982817869416
jiang_massdep_baseline,power_0.72,19.263,crew_team_h,MX2,325,MX2,search-dependent,0.04722620942242339,0.09965635738831616,0.04054982817869416
jiang_massdep_baseline,power_0.72,19.263,shift_ot_h,425,425,425,search-dependent,0.0,0.012714776632302405,0.012714776632302405
jiang_massdep_baseline,power_0.72,24.04,shift_h,425,425,425,search-dependent,0.0,0.012714776632302405,0.012714776632302405
jiang_massdep_baseline,power_0.72,24.04,crew_veh_h,425,425,MX2,search-dependent,0.0,0.012714776632302405,0.04054982817869416
jiang_massdep_baseline,power_0.72,24.04,crew_team_h,MX2,325,MX2,search-dependent,0.04548430670407266,0.09965635738831616,0.04054982817869416
jiang_massdep_baseline,power_0.72,24.04,shift_ot_h,425,425,425,search-dependent,0.0,0.012714776632302405,0.012714776632302405
jiang_massdep_baseline,power_0.72,30.0,shift_h,425,425,425,search-dependent,0.0,0.012714776632302405,0.012714776632302405
jiang_massdep_baseline,power_0.72,30.0,crew_veh_h,425,425,MX2,search-dependent,0.0,0.012714776632302405,0.04054982817869416
jiang_massdep_baseline,power_0.72,30.0,crew_team_h,MX2,325,MX2,search-dependent,0.04361456581294898,0.09965635738831616,0.04054982817869416
jiang_massdep_baseline,power_0.72,30.0,shift_ot_h,425,425,425,search-dependent,0.0,0.012714776632302405,0.012714776632302405
jiang_massdep_baseline,power_0.84,5.1,shift_h,425,425,425,search-dependent,0.0,0.012714776632302405,0.012714776632302405
jiang_massdep_baseline,power_0.84,5.1,crew_veh_h,500,500,MX2,search-dependent,0.0,0.0,0.04054982817869416
jiang_massdep_baseline,power_0.84,5.1,crew_team_h,425,325,MX2,search-dependent,0.05209036148235069,0.09965635738831616,0.04054982817869416
jiang_massdep_baseline,power_0.84,5.1,shift_ot_h,425,500,500,search-dependent,0.007049512768343202,0.0,0.0
jiang_massdep_baseline,power_0.84,6.364,shift_h,425,425,425,search-dependent,0.0,0.012714776632302405,0.012714776632302405
jiang_massdep_baseline,power_0.84,6.364,crew_veh_h,500,500,MX2,search-dependent,0.0,0.0,0.04054982817869416
jiang_massdep_baseline,power_0.84,6.364,crew_team_h,425,325,MX2,search-dependent,0.053159958932567086,0.09965635738831616,0.04054982817869416
jiang_massdep_baseline,power_0.84,6.364,shift_ot_h,425,500,500,search-dependent,0.0033686177163805286,0.0,0.0
jiang_massdep_baseline,power_0.84,7.943,shift_h,425,425,425,search-dependent,0.0,0.012714776632302405,0.012714776632302405
jiang_massdep_baseline,power_0.84,7.943,crew_veh_h,500,500,MX2,search-dependent,0.0,0.0,0.04054982817869416
jiang_massdep_baseline,power_0.84,7.943,crew_team_h,425,325,MX2,search-dependent,0.0544240641280096,0.09965635738831616,0.04054982817869416
jiang_massdep_baseline,power_0.84,7.943,shift_ot_h,425,425,425,search-dependent,0.0,0.012714776632302405,0.012714776632302405
jiang_massdep_baseline,power_0.84,9.912,shift_h,425,425,425,search-dependent,0.0,0.012714776632302405,0.012714776632302405
jiang_massdep_baseline,power_0.84,9.912,crew_veh_h,425,500,MX2,search-dependent,0.006119026118962978,0.0,0.04054982817869416
jiang_massdep_baseline,power_0.84,9.912,crew_team_h,425,325,MX2,search-dependent,0.05590102446876455,0.09965635738831616,0.04054982817869416
jiang_massdep_baseline,power_0.84,9.912,shift_ot_h,425,425,425,search-dependent,0.0,0.012714776632302405,0.012714776632302405
jiang_massdep_baseline,power_0.84,12.369,shift_h,425,425,425,search-dependent,0.0,0.012714776632302405,0.012714776632302405
jiang_massdep_baseline,power_0.84,12.369,crew_veh_h,425,425,MX2,search-dependent,0.0,0.012714776632302405,0.04054982817869416
jiang_massdep_baseline,power_0.84,12.369,crew_team_h,MX2,325,MX2,search-dependent,0.05209317712505235,0.09965635738831616,0.04054982817869416
jiang_massdep_baseline,power_0.84,12.369,shift_ot_h,425,425,425,search-dependent,0.0,0.012714776632302405,0.012714776632302405
jiang_massdep_baseline,power_0.84,15.436,shift_h,425,425,425,search-dependent,0.0,0.012714776632302405,0.012714776632302405
jiang_massdep_baseline,power_0.84,15.436,crew_veh_h,425,425,MX2,search-dependent,0.0,0.012714776632302405,0.04054982817869416
jiang_massdep_baseline,power_0.84,15.436,crew_team_h,MX2,325,MX2,search-dependent,0.05102352806587085,0.09965635738831616,0.04054982817869416
jiang_massdep_baseline,power_0.84,15.436,shift_ot_h,425,425,425,search-dependent,0.0,0.012714776632302405,0.012714776632302405
jiang_massdep_baseline,power_0.84,19.263,shift_h,425,425,425,search-dependent,0.0,0.012714776632302405,0.012714776632302405
jiang_massdep_baseline,power_0.84,19.263,crew_veh_h,425,425,MX2,search-dependent,0.0,0.012714776632302405,0.04054982817869416
jiang_massdep_baseline,power_0.84,19.263,crew_team_h,MX2,325,MX2,search-dependent,0.049830259503955476,0.09965635738831616,0.04054982817869416
jiang_massdep_baseline,power_0.84,19.263,shift_ot_h,425,425,425,search-dependent,0.0,0.012714776632302405,0.012714776632302405
jiang_massdep_baseline,power_0.84,24.04,shift_h,425,425,425,search-dependent,0.0,0.012714776632302405,0.012714776632302405
jiang_massdep_baseline,power_0.84,24.04,crew_veh_h,425,425,MX2,search-dependent,0.0,0.012714776632302405,0.04054982817869416
jiang_massdep_baseline,power_0.84,24.04,crew_team_h,MX2,325,MX2,search-dependent,0.04852475419847435,0.09965635738831616,0.04054982817869416
jiang_massdep_baseline,power_0.84,24.04,shift_ot_h,425,425,425,search-dependent,0.0,0.012714776632302405,0.012714776632302405
jiang_massdep_baseline,power_0.84,30.0,shift_h,425,425,425,search-dependent,0.0,0.012714776632302405,0.012714776632302405
jiang_massdep_baseline,power_0.84,30.0,crew_veh_h,MX2,425,MX2,search-dependent,0.008503228770413651,0.012714776632302405,0.04054982817869416
jiang_massdep_baseline,power_0.84,30.0,crew_team_h,MX2,325,MX2,search-dependent,0.04712653374849496,0.09965635738831616,0.04054982817869416
jiang_massdep_baseline,power_0.84,30.0,shift_ot_h,425,425,425,search-dependent,0.0,0.012714776632302405,0.012714776632302405
jiang_massdep_baseline,power_0.96,5.1,shift_h,425,425,425,search-dependent,0.0,0.012714776632302405,0.012714776632302405
jiang_massdep_baseline,power_0.96,5.1,crew_veh_h,500,500,MX2,search-dependent,0.0,0.0,0.04054982817869416
jiang_massdep_baseline,power_0.96,5.1,crew_team_h,425,325,MX2,search-dependent,0.05586026116606568,0.09965635738831616,0.04054982817869416
jiang_massdep_baseline,power_0.96,5.1,shift_ot_h,425,500,500,search-dependent,0.0038496428032772645,0.0,0.0
jiang_massdep_baseline,power_0.96,6.364,shift_h,425,425,425,search-dependent,0.0,0.012714776632302405,0.012714776632302405
jiang_massdep_baseline,power_0.96,6.364,crew_veh_h,500,500,MX2,search-dependent,0.0,0.0,0.04054982817869416
jiang_massdep_baseline,power_0.96,6.364,crew_team_h,425,325,MX2,search-dependent,0.05774519694835334,0.09965635738831616,0.04054982817869416
jiang_massdep_baseline,power_0.96,6.364,shift_ot_h,425,425,425,search-dependent,0.0,0.012714776632302405,0.012714776632302405
jiang_massdep_baseline,power_0.96,7.943,shift_h,425,425,425,search-dependent,0.0,0.012714776632302405,0.012714776632302405
jiang_massdep_baseline,power_0.96,7.943,crew_veh_h,425,500,MX2,search-dependent,0.006942920240563755,0.0,0.04054982817869416
jiang_massdep_baseline,power_0.96,7.943,crew_team_h,425,325,MX2,search-dependent,0.05997053087347193,0.09965635738831616,0.04054982817869416
jiang_massdep_baseline,power_0.96,7.943,shift_ot_h,425,425,425,search-dependent,0.0,0.012714776632302405,0.012714776632302405
jiang_massdep_baseline,power_0.96,9.912,shift_h,425,425,425,search-dependent,0.0,0.012714776632302405,0.012714776632302405
jiang_massdep_baseline,power_0.96,9.912,crew_veh_h,425,500,MX2,search-dependent,0.00024459484011196686,0.0,0.04054982817869416
jiang_massdep_baseline,power_0.96,9.912,crew_team_h,MX2,325,MX2,search-dependent,0.054982379264391756,0.09965635738831616,0.04054982817869416
jiang_massdep_baseline,power_0.96,9.912,shift_ot_h,425,425,425,search-dependent,0.0,0.012714776632302405,0.012714776632302405
jiang_massdep_baseline,power_0.96,12.369,shift_h,425,425,425,search-dependent,0.0,0.012714776632302405,0.012714776632302405
jiang_massdep_baseline,power_0.96,12.369,crew_veh_h,425,425,MX2,search-dependent,0.0,0.012714776632302405,0.04054982817869416
jiang_massdep_baseline,power_0.96,12.369,crew_team_h,MX2,325,MX2,search-dependent,0.05442279341374734,0.09965635738831616,0.04054982817869416
jiang_massdep_baseline,power_0.96,12.369,shift_ot_h,425,425,425,search-dependent,0.0,0.012714776632302405,0.012714776632302405
jiang_massdep_baseline,power_0.96,15.436,shift_h,425,425,425,search-dependent,0.0,0.012714776632302405,0.012714776632302405
jiang_massdep_baseline,power_0.96,15.436,crew_veh_h,425,425,MX2,search-dependent,0.0,0.012714776632302405,0.04054982817869416
jiang_massdep_baseline,power_0.96,15.436,crew_team_h,MX2,325,MX2,search-dependent,0.053788588152032135,0.09965635738831616,0.04054982817869416
jiang_massdep_baseline,power_0.96,15.436,shift_ot_h,425,425,425,search-dependent,0.0,0.012714776632302405,0.012714776632302405
jiang_massdep_baseline,power_0.96,19.263,shift_h,425,425,425,search-dependent,0.0,0.012714776632302405,0.012714776632302405
jiang_massdep_baseline,power_0.96,19.263,crew_veh_h,425,425,MX2,search-dependent,0.0,0.012714776632302405,0.04054982817869416
jiang_massdep_baseline,power_0.96,19.263,crew_team_h,MX2,325,MX2,search-dependent,0.05308240780168605,0.09965635738831616,0.04054982817869416
jiang_massdep_baseline,power_0.96,19.263,shift_ot_h,425,425,425,search-dependent,0.0,0.012714776632302405,0.012714776632302405
jiang_massdep_baseline,power_0.96,24.04,shift_h,425,425,425,search-dependent,0.0,0.012714776632302405,0.012714776632302405
jiang_massdep_baseline,power_0.96,24.04,crew_veh_h,MX2,325,MX2,search-dependent,0.009986497616248036,0.09965635738831616,0.04054982817869416
jiang_massdep_baseline,power_0.96,24.04,crew_team_h,MX2,325,MX2,search-dependent,0.052311395489446966,0.09965635738831616,0.04054982817869416
jiang_massdep_baseline,power_0.96,24.04,shift_ot_h,425,425,425,search-dependent,0.0,0.012714776632302405,0.012714776632302405
jiang_massdep_baseline,power_0.96,30.0,shift_h,425,425,425,search-dependent,0.0,0.012714776632302405,0.012714776632302405
jiang_massdep_baseline,power_0.96,30.0,crew_veh_h,MX2,325,MX2,search-dependent,0.012354006929877537,0.09965635738831616,0.04054982817869416
jiang_massdep_baseline,power_0.96,30.0,crew_team_h,MX2,325,MX2,search-dependent,0.051487463797323496,0.09965635738831616,0.04054982817869416
jiang_massdep_baseline,power_0.96,30.0,shift_ot_h,425,425,425,search-dependent,0.0,0.012714776632302405,0.012714776632302405
rohcha_short_baseline,affine,5.1,shift_h,550,550,550,search-dependent,0.0,0.0,0.0
rohcha_short_baseline,affine,5.1,crew_veh_h,550,550,550,certain,0.0,0.0,0.0
rohcha_short_baseline,affine,5.1,crew_team_h,550,550,550,certain,0.0,0.0,0.0
rohcha_short_baseline,affine,5.1,shift_ot_h,550,550,550,certain,0.0,0.0,0.0
rohcha_short_baseline,affine,6.364,shift_h,550,550,550,search-dependent,0.0,0.0,0.0
rohcha_short_baseline,affine,6.364,crew_veh_h,550,550,550,certain,0.0,0.0,0.0
rohcha_short_baseline,affine,6.364,crew_team_h,550,550,550,certain,0.0,0.0,0.0
rohcha_short_baseline,affine,6.364,shift_ot_h,550,550,550,certain,0.0,0.0,0.0
rohcha_short_baseline,affine,7.943,shift_h,550,550,550,search-dependent,0.0,0.0,0.0
rohcha_short_baseline,affine,7.943,crew_veh_h,550,550,550,certain,0.0,0.0,0.0
rohcha_short_baseline,affine,7.943,crew_team_h,550,550,550,certain,0.0,0.0,0.0
rohcha_short_baseline,affine,7.943,shift_ot_h,550,550,550,certain,0.0,0.0,0.0
rohcha_short_baseline,affine,9.912,shift_h,550,550,550,search-dependent,0.0,0.0,0.0
rohcha_short_baseline,affine,9.912,crew_veh_h,550,550,550,certain,0.0,0.0,0.0
rohcha_short_baseline,affine,9.912,crew_team_h,550,550,550,certain,0.0,0.0,0.0
rohcha_short_baseline,affine,9.912,shift_ot_h,550,550,550,certain,0.0,0.0,0.0
rohcha_short_baseline,affine,12.369,shift_h,550,550,550,search-dependent,0.0,0.0,0.0
rohcha_short_baseline,affine,12.369,crew_veh_h,550,550,550,certain,0.0,0.0,0.0
rohcha_short_baseline,affine,12.369,crew_team_h,550,550,550,certain,0.0,0.0,0.0
rohcha_short_baseline,affine,12.369,shift_ot_h,550,550,550,certain,0.0,0.0,0.0
rohcha_short_baseline,affine,15.436,shift_h,550,550,550,search-dependent,0.0,0.0,0.0
rohcha_short_baseline,affine,15.436,crew_veh_h,550,550,550,certain,0.0,0.0,0.0
rohcha_short_baseline,affine,15.436,crew_team_h,550,550,550,search-dependent,0.0,0.0,0.0
rohcha_short_baseline,affine,15.436,shift_ot_h,550,550,550,certain,0.0,0.0,0.0
rohcha_short_baseline,affine,19.263,shift_h,550,550,550,search-dependent,0.0,0.0,0.0
rohcha_short_baseline,affine,19.263,crew_veh_h,550,550,550,certain,0.0,0.0,0.0
rohcha_short_baseline,affine,19.263,crew_team_h,550,550,550,search-dependent,0.0,0.0,0.0
rohcha_short_baseline,affine,19.263,shift_ot_h,550,550,550,certain,0.0,0.0,0.0
rohcha_short_baseline,affine,24.04,shift_h,550,550,550,search-dependent,0.0,0.0,0.0
rohcha_short_baseline,affine,24.04,crew_veh_h,550,550,550,certain,0.0,0.0,0.0
rohcha_short_baseline,affine,24.04,crew_team_h,550,550,550,search-dependent,0.0,0.0,0.0
rohcha_short_baseline,affine,24.04,shift_ot_h,550,550,550,search-dependent,0.0,0.0,0.0
rohcha_short_baseline,affine,30.0,shift_h,550,550,550,search-dependent,0.0,0.0,0.0
rohcha_short_baseline,affine,30.0,crew_veh_h,550,550,550,certain,0.0,0.0,0.0
rohcha_short_baseline,affine,30.0,crew_team_h,550,550,550,search-dependent,0.0,0.0,0.0
rohcha_short_baseline,affine,30.0,shift_ot_h,550,550,550,search-dependent,0.0,0.0,0.0
rohcha_short_baseline,piecewise,5.1,shift_h,550,550,550,search-dependent,0.0,0.0,0.0
rohcha_short_baseline,piecewise,5.1,crew_veh_h,550,550,550,certain,0.0,0.0,0.0
rohcha_short_baseline,piecewise,5.1,crew_team_h,550,550,550,certain,0.0,0.0,0.0
rohcha_short_baseline,piecewise,5.1,shift_ot_h,550,550,550,certain,0.0,0.0,0.0
rohcha_short_baseline,piecewise,6.364,shift_h,550,550,550,search-dependent,0.0,0.0,0.0
rohcha_short_baseline,piecewise,6.364,crew_veh_h,550,550,550,certain,0.0,0.0,0.0
rohcha_short_baseline,piecewise,6.364,crew_team_h,550,550,550,certain,0.0,0.0,0.0
rohcha_short_baseline,piecewise,6.364,shift_ot_h,550,550,550,certain,0.0,0.0,0.0
rohcha_short_baseline,piecewise,7.943,shift_h,550,550,550,search-dependent,0.0,0.0,0.0
rohcha_short_baseline,piecewise,7.943,crew_veh_h,550,550,550,certain,0.0,0.0,0.0
rohcha_short_baseline,piecewise,7.943,crew_team_h,550,550,550,certain,0.0,0.0,0.0
rohcha_short_baseline,piecewise,7.943,shift_ot_h,550,550,550,certain,0.0,0.0,0.0
rohcha_short_baseline,piecewise,9.912,shift_h,550,550,550,search-dependent,0.0,0.0,0.0
rohcha_short_baseline,piecewise,9.912,crew_veh_h,550,550,550,certain,0.0,0.0,0.0
rohcha_short_baseline,piecewise,9.912,crew_team_h,550,550,550,certain,0.0,0.0,0.0
rohcha_short_baseline,piecewise,9.912,shift_ot_h,550,550,550,certain,0.0,0.0,0.0
rohcha_short_baseline,piecewise,12.369,shift_h,550,550,550,search-dependent,0.0,0.0,0.0
rohcha_short_baseline,piecewise,12.369,crew_veh_h,550,550,550,certain,0.0,0.0,0.0
rohcha_short_baseline,piecewise,12.369,crew_team_h,550,550,550,certain,0.0,0.0,0.0
rohcha_short_baseline,piecewise,12.369,shift_ot_h,550,550,550,certain,0.0,0.0,0.0
rohcha_short_baseline,piecewise,15.436,shift_h,550,550,550,search-dependent,0.0,0.0,0.0
rohcha_short_baseline,piecewise,15.436,crew_veh_h,550,550,550,certain,0.0,0.0,0.0
rohcha_short_baseline,piecewise,15.436,crew_team_h,550,550,550,search-dependent,0.0,0.0,0.0
rohcha_short_baseline,piecewise,15.436,shift_ot_h,550,550,550,certain,0.0,0.0,0.0
rohcha_short_baseline,piecewise,19.263,shift_h,550,550,550,search-dependent,0.0,0.0,0.0
rohcha_short_baseline,piecewise,19.263,crew_veh_h,550,550,550,certain,0.0,0.0,0.0
rohcha_short_baseline,piecewise,19.263,crew_team_h,550,550,550,search-dependent,0.0,0.0,0.0
rohcha_short_baseline,piecewise,19.263,shift_ot_h,550,550,550,certain,0.0,0.0,0.0
rohcha_short_baseline,piecewise,24.04,shift_h,550,550,550,search-dependent,0.0,0.0,0.0
rohcha_short_baseline,piecewise,24.04,crew_veh_h,550,550,550,certain,0.0,0.0,0.0
rohcha_short_baseline,piecewise,24.04,crew_team_h,550,550,550,search-dependent,0.0,0.0,0.0
rohcha_short_baseline,piecewise,24.04,shift_ot_h,550,550,550,search-dependent,0.0,0.0,0.0
rohcha_short_baseline,piecewise,30.0,shift_h,550,550,550,search-dependent,0.0,0.0,0.0
rohcha_short_baseline,piecewise,30.0,crew_veh_h,550,550,550,certain,0.0,0.0,0.0
rohcha_short_baseline,piecewise,30.0,crew_team_h,550,550,550,search-dependent,0.0,0.0,0.0
rohcha_short_baseline,piecewise,30.0,shift_ot_h,550,550,550,search-dependent,0.0,0.0,0.0
rohcha_short_baseline,power_0.72,5.1,shift_h,550,550,550,search-dependent,0.0,0.0,0.0
rohcha_short_baseline,power_0.72,5.1,crew_veh_h,550,550,550,certain,0.0,0.0,0.0
rohcha_short_baseline,power_0.72,5.1,crew_team_h,550,550,550,certain,0.0,0.0,0.0
rohcha_short_baseline,power_0.72,5.1,shift_ot_h,550,550,550,certain,0.0,0.0,0.0
rohcha_short_baseline,power_0.72,6.364,shift_h,550,550,550,search-dependent,0.0,0.0,0.0
rohcha_short_baseline,power_0.72,6.364,crew_veh_h,550,550,550,certain,0.0,0.0,0.0
rohcha_short_baseline,power_0.72,6.364,crew_team_h,550,550,550,certain,0.0,0.0,0.0
rohcha_short_baseline,power_0.72,6.364,shift_ot_h,550,550,550,certain,0.0,0.0,0.0
rohcha_short_baseline,power_0.72,7.943,shift_h,550,550,550,search-dependent,0.0,0.0,0.0
rohcha_short_baseline,power_0.72,7.943,crew_veh_h,550,550,550,certain,0.0,0.0,0.0
rohcha_short_baseline,power_0.72,7.943,crew_team_h,550,550,550,certain,0.0,0.0,0.0
rohcha_short_baseline,power_0.72,7.943,shift_ot_h,550,550,550,certain,0.0,0.0,0.0
rohcha_short_baseline,power_0.72,9.912,shift_h,550,550,550,search-dependent,0.0,0.0,0.0
rohcha_short_baseline,power_0.72,9.912,crew_veh_h,550,550,550,certain,0.0,0.0,0.0
rohcha_short_baseline,power_0.72,9.912,crew_team_h,550,550,550,certain,0.0,0.0,0.0
rohcha_short_baseline,power_0.72,9.912,shift_ot_h,550,550,550,certain,0.0,0.0,0.0
rohcha_short_baseline,power_0.72,12.369,shift_h,550,550,550,search-dependent,0.0,0.0,0.0
rohcha_short_baseline,power_0.72,12.369,crew_veh_h,550,550,550,certain,0.0,0.0,0.0
rohcha_short_baseline,power_0.72,12.369,crew_team_h,550,550,550,certain,0.0,0.0,0.0
rohcha_short_baseline,power_0.72,12.369,shift_ot_h,550,550,550,certain,0.0,0.0,0.0
rohcha_short_baseline,power_0.72,15.436,shift_h,550,550,550,search-dependent,0.0,0.0,0.0
rohcha_short_baseline,power_0.72,15.436,crew_veh_h,550,550,550,certain,0.0,0.0,0.0
rohcha_short_baseline,power_0.72,15.436,crew_team_h,550,550,550,certain,0.0,0.0,0.0
rohcha_short_baseline,power_0.72,15.436,shift_ot_h,550,550,550,certain,0.0,0.0,0.0
rohcha_short_baseline,power_0.72,19.263,shift_h,550,550,550,search-dependent,0.0,0.0,0.0
rohcha_short_baseline,power_0.72,19.263,crew_veh_h,550,550,550,certain,0.0,0.0,0.0
rohcha_short_baseline,power_0.72,19.263,crew_team_h,550,550,550,search-dependent,0.0,0.0,0.0
rohcha_short_baseline,power_0.72,19.263,shift_ot_h,550,550,550,certain,0.0,0.0,0.0
rohcha_short_baseline,power_0.72,24.04,shift_h,550,550,550,search-dependent,0.0,0.0,0.0
rohcha_short_baseline,power_0.72,24.04,crew_veh_h,550,550,550,certain,0.0,0.0,0.0
rohcha_short_baseline,power_0.72,24.04,crew_team_h,550,550,550,search-dependent,0.0,0.0,0.0
rohcha_short_baseline,power_0.72,24.04,shift_ot_h,550,550,550,certain,0.0,0.0,0.0
rohcha_short_baseline,power_0.72,30.0,shift_h,550,550,550,search-dependent,0.0,0.0,0.0
rohcha_short_baseline,power_0.72,30.0,crew_veh_h,550,550,550,certain,0.0,0.0,0.0
rohcha_short_baseline,power_0.72,30.0,crew_team_h,550,550,550,search-dependent,0.0,0.0,0.0
rohcha_short_baseline,power_0.72,30.0,shift_ot_h,550,550,550,search-dependent,0.0,0.0,0.0
rohcha_short_baseline,power_0.84,5.1,shift_h,550,550,550,search-dependent,0.0,0.0,0.0
rohcha_short_baseline,power_0.84,5.1,crew_veh_h,550,550,550,certain,0.0,0.0,0.0
rohcha_short_baseline,power_0.84,5.1,crew_team_h,550,550,550,certain,0.0,0.0,0.0
rohcha_short_baseline,power_0.84,5.1,shift_ot_h,550,550,550,certain,0.0,0.0,0.0
rohcha_short_baseline,power_0.84,6.364,shift_h,550,550,550,search-dependent,0.0,0.0,0.0
rohcha_short_baseline,power_0.84,6.364,crew_veh_h,550,550,550,certain,0.0,0.0,0.0
rohcha_short_baseline,power_0.84,6.364,crew_team_h,550,550,550,certain,0.0,0.0,0.0
rohcha_short_baseline,power_0.84,6.364,shift_ot_h,550,550,550,certain,0.0,0.0,0.0
rohcha_short_baseline,power_0.84,7.943,shift_h,550,550,550,search-dependent,0.0,0.0,0.0
rohcha_short_baseline,power_0.84,7.943,crew_veh_h,550,550,550,certain,0.0,0.0,0.0
rohcha_short_baseline,power_0.84,7.943,crew_team_h,550,550,550,certain,0.0,0.0,0.0
rohcha_short_baseline,power_0.84,7.943,shift_ot_h,550,550,550,certain,0.0,0.0,0.0
rohcha_short_baseline,power_0.84,9.912,shift_h,550,550,550,search-dependent,0.0,0.0,0.0
rohcha_short_baseline,power_0.84,9.912,crew_veh_h,550,550,550,certain,0.0,0.0,0.0
rohcha_short_baseline,power_0.84,9.912,crew_team_h,550,550,550,certain,0.0,0.0,0.0
rohcha_short_baseline,power_0.84,9.912,shift_ot_h,550,550,550,certain,0.0,0.0,0.0
rohcha_short_baseline,power_0.84,12.369,shift_h,550,550,550,search-dependent,0.0,0.0,0.0
rohcha_short_baseline,power_0.84,12.369,crew_veh_h,550,550,550,certain,0.0,0.0,0.0
rohcha_short_baseline,power_0.84,12.369,crew_team_h,550,550,550,certain,0.0,0.0,0.0
rohcha_short_baseline,power_0.84,12.369,shift_ot_h,550,550,550,certain,0.0,0.0,0.0
rohcha_short_baseline,power_0.84,15.436,shift_h,550,550,550,search-dependent,0.0,0.0,0.0
rohcha_short_baseline,power_0.84,15.436,crew_veh_h,550,550,550,certain,0.0,0.0,0.0
rohcha_short_baseline,power_0.84,15.436,crew_team_h,550,550,550,search-dependent,0.0,0.0,0.0
rohcha_short_baseline,power_0.84,15.436,shift_ot_h,550,550,550,certain,0.0,0.0,0.0
rohcha_short_baseline,power_0.84,19.263,shift_h,550,550,550,search-dependent,0.0,0.0,0.0
rohcha_short_baseline,power_0.84,19.263,crew_veh_h,550,550,550,certain,0.0,0.0,0.0
rohcha_short_baseline,power_0.84,19.263,crew_team_h,550,550,550,search-dependent,0.0,0.0,0.0
rohcha_short_baseline,power_0.84,19.263,shift_ot_h,550,550,550,certain,0.0,0.0,0.0
rohcha_short_baseline,power_0.84,24.04,shift_h,550,550,550,search-dependent,0.0,0.0,0.0
rohcha_short_baseline,power_0.84,24.04,crew_veh_h,550,550,550,certain,0.0,0.0,0.0
rohcha_short_baseline,power_0.84,24.04,crew_team_h,550,550,550,search-dependent,0.0,0.0,0.0
rohcha_short_baseline,power_0.84,24.04,shift_ot_h,550,550,550,search-dependent,0.0,0.0,0.0
rohcha_short_baseline,power_0.84,30.0,shift_h,550,550,550,search-dependent,0.0,0.0,0.0
rohcha_short_baseline,power_0.84,30.0,crew_veh_h,550,550,550,certain,0.0,0.0,0.0
rohcha_short_baseline,power_0.84,30.0,crew_team_h,550,550,550,search-dependent,0.0,0.0,0.0
rohcha_short_baseline,power_0.84,30.0,shift_ot_h,550,550,550,search-dependent,0.0,0.0,0.0
rohcha_short_baseline,power_0.96,5.1,shift_h,550,550,550,search-dependent,0.0,0.0,0.0
rohcha_short_baseline,power_0.96,5.1,crew_veh_h,550,550,550,certain,0.0,0.0,0.0
rohcha_short_baseline,power_0.96,5.1,crew_team_h,550,550,550,certain,0.0,0.0,0.0
rohcha_short_baseline,power_0.96,5.1,shift_ot_h,550,550,550,certain,0.0,0.0,0.0
rohcha_short_baseline,power_0.96,6.364,shift_h,550,550,550,search-dependent,0.0,0.0,0.0
rohcha_short_baseline,power_0.96,6.364,crew_veh_h,550,550,550,certain,0.0,0.0,0.0
rohcha_short_baseline,power_0.96,6.364,crew_team_h,550,550,550,certain,0.0,0.0,0.0
rohcha_short_baseline,power_0.96,6.364,shift_ot_h,550,550,550,certain,0.0,0.0,0.0
rohcha_short_baseline,power_0.96,7.943,shift_h,550,550,550,search-dependent,0.0,0.0,0.0
rohcha_short_baseline,power_0.96,7.943,crew_veh_h,550,550,550,certain,0.0,0.0,0.0
rohcha_short_baseline,power_0.96,7.943,crew_team_h,550,550,550,certain,0.0,0.0,0.0
rohcha_short_baseline,power_0.96,7.943,shift_ot_h,550,550,550,certain,0.0,0.0,0.0
rohcha_short_baseline,power_0.96,9.912,shift_h,550,550,550,search-dependent,0.0,0.0,0.0
rohcha_short_baseline,power_0.96,9.912,crew_veh_h,550,550,550,certain,0.0,0.0,0.0
rohcha_short_baseline,power_0.96,9.912,crew_team_h,550,550,550,certain,0.0,0.0,0.0
rohcha_short_baseline,power_0.96,9.912,shift_ot_h,550,550,550,certain,0.0,0.0,0.0
rohcha_short_baseline,power_0.96,12.369,shift_h,550,550,550,search-dependent,0.0,0.0,0.0
rohcha_short_baseline,power_0.96,12.369,crew_veh_h,550,550,550,certain,0.0,0.0,0.0
rohcha_short_baseline,power_0.96,12.369,crew_team_h,550,550,550,search-dependent,0.0,0.0,0.0
rohcha_short_baseline,power_0.96,12.369,shift_ot_h,550,550,550,certain,0.0,0.0,0.0
rohcha_short_baseline,power_0.96,15.436,shift_h,550,550,550,search-dependent,0.0,0.0,0.0
rohcha_short_baseline,power_0.96,15.436,crew_veh_h,550,550,550,certain,0.0,0.0,0.0
rohcha_short_baseline,power_0.96,15.436,crew_team_h,550,550,550,search-dependent,0.0,0.0,0.0
rohcha_short_baseline,power_0.96,15.436,shift_ot_h,550,550,550,certain,0.0,0.0,0.0
rohcha_short_baseline,power_0.96,19.263,shift_h,550,550,550,search-dependent,0.0,0.0,0.0
rohcha_short_baseline,power_0.96,19.263,crew_veh_h,550,550,550,certain,0.0,0.0,0.0
rohcha_short_baseline,power_0.96,19.263,crew_team_h,550,550,550,search-dependent,0.0,0.0,0.0
rohcha_short_baseline,power_0.96,19.263,shift_ot_h,550,550,550,search-dependent,0.0,0.0,0.0
rohcha_short_baseline,power_0.96,24.04,shift_h,550,550,550,search-dependent,0.0,0.0,0.0
rohcha_short_baseline,power_0.96,24.04,crew_veh_h,550,550,550,certain,0.0,0.0,0.0
rohcha_short_baseline,power_0.96,24.04,crew_team_h,550,550,550,search-dependent,0.0,0.0,0.0
rohcha_short_baseline,power_0.96,24.04,shift_ot_h,550,550,550,search-dependent,0.0,0.0,0.0
rohcha_short_baseline,power_0.96,30.0,shift_h,550,550,550,search-dependent,0.0,0.0,0.0
rohcha_short_baseline,power_0.96,30.0,crew_veh_h,550,550,550,certain,0.0,0.0,0.0
rohcha_short_baseline,power_0.96,30.0,crew_team_h,550,550,550,search-dependent,0.0,0.0,0.0
rohcha_short_baseline,power_0.96,30.0,shift_ot_h,550,550,550,search-dependent,0.0,0.0,0.0
rohcha_massdep_baseline,affine,5.1,shift_h,550,550,550,certain,0.0,0.0,0.0
rohcha_massdep_baseline,affine,5.1,crew_veh_h,550,550,550,certain,0.0,0.0,0.0
rohcha_massdep_baseline,affine,5.1,crew_team_h,550,550,550,certain,0.0,0.0,0.0
rohcha_massdep_baseline,affine,5.1,shift_ot_h,550,550,550,certain,0.0,0.0,0.0
rohcha_massdep_baseline,affine,6.364,shift_h,550,550,550,certain,0.0,0.0,0.0
rohcha_massdep_baseline,affine,6.364,crew_veh_h,550,550,550,certain,0.0,0.0,0.0
rohcha_massdep_baseline,affine,6.364,crew_team_h,550,550,550,certain,0.0,0.0,0.0
rohcha_massdep_baseline,affine,6.364,shift_ot_h,550,550,550,certain,0.0,0.0,0.0
rohcha_massdep_baseline,affine,7.943,shift_h,550,550,550,certain,0.0,0.0,0.0
rohcha_massdep_baseline,affine,7.943,crew_veh_h,550,550,550,certain,0.0,0.0,0.0
rohcha_massdep_baseline,affine,7.943,crew_team_h,550,550,550,certain,0.0,0.0,0.0
rohcha_massdep_baseline,affine,7.943,shift_ot_h,550,550,550,certain,0.0,0.0,0.0
rohcha_massdep_baseline,affine,9.912,shift_h,550,550,550,certain,0.0,0.0,0.0
rohcha_massdep_baseline,affine,9.912,crew_veh_h,550,550,550,certain,0.0,0.0,0.0
rohcha_massdep_baseline,affine,9.912,crew_team_h,550,550,550,certain,0.0,0.0,0.0
rohcha_massdep_baseline,affine,9.912,shift_ot_h,550,550,550,certain,0.0,0.0,0.0
rohcha_massdep_baseline,affine,12.369,shift_h,550,550,550,certain,0.0,0.0,0.0
rohcha_massdep_baseline,affine,12.369,crew_veh_h,550,550,550,certain,0.0,0.0,0.0
rohcha_massdep_baseline,affine,12.369,crew_team_h,550,550,550,certain,0.0,0.0,0.0
rohcha_massdep_baseline,affine,12.369,shift_ot_h,550,550,550,certain,0.0,0.0,0.0
rohcha_massdep_baseline,affine,15.436,shift_h,550,550,550,certain,0.0,0.0,0.0
rohcha_massdep_baseline,affine,15.436,crew_veh_h,550,550,550,certain,0.0,0.0,0.0
rohcha_massdep_baseline,affine,15.436,crew_team_h,550,550,550,certain,0.0,0.0,0.0
rohcha_massdep_baseline,affine,15.436,shift_ot_h,550,550,550,certain,0.0,0.0,0.0
rohcha_massdep_baseline,affine,19.263,shift_h,550,550,550,certain,0.0,0.0,0.0
rohcha_massdep_baseline,affine,19.263,crew_veh_h,550,550,550,certain,0.0,0.0,0.0
rohcha_massdep_baseline,affine,19.263,crew_team_h,550,550,550,certain,0.0,0.0,0.0
rohcha_massdep_baseline,affine,19.263,shift_ot_h,550,550,550,certain,0.0,0.0,0.0
rohcha_massdep_baseline,affine,24.04,shift_h,550,550,550,certain,0.0,0.0,0.0
rohcha_massdep_baseline,affine,24.04,crew_veh_h,550,550,550,certain,0.0,0.0,0.0
rohcha_massdep_baseline,affine,24.04,crew_team_h,550,550,550,certain,0.0,0.0,0.0
rohcha_massdep_baseline,affine,24.04,shift_ot_h,550,550,550,certain,0.0,0.0,0.0
rohcha_massdep_baseline,affine,30.0,shift_h,550,550,550,certain,0.0,0.0,0.0
rohcha_massdep_baseline,affine,30.0,crew_veh_h,550,550,550,certain,0.0,0.0,0.0
rohcha_massdep_baseline,affine,30.0,crew_team_h,550,550,550,certain,0.0,0.0,0.0
rohcha_massdep_baseline,affine,30.0,shift_ot_h,550,550,550,certain,0.0,0.0,0.0
rohcha_massdep_baseline,piecewise,5.1,shift_h,550,550,550,certain,0.0,0.0,0.0
rohcha_massdep_baseline,piecewise,5.1,crew_veh_h,550,550,550,certain,0.0,0.0,0.0
rohcha_massdep_baseline,piecewise,5.1,crew_team_h,550,550,550,certain,0.0,0.0,0.0
rohcha_massdep_baseline,piecewise,5.1,shift_ot_h,550,550,550,certain,0.0,0.0,0.0
rohcha_massdep_baseline,piecewise,6.364,shift_h,550,550,550,certain,0.0,0.0,0.0
rohcha_massdep_baseline,piecewise,6.364,crew_veh_h,550,550,550,certain,0.0,0.0,0.0
rohcha_massdep_baseline,piecewise,6.364,crew_team_h,550,550,550,certain,0.0,0.0,0.0
rohcha_massdep_baseline,piecewise,6.364,shift_ot_h,550,550,550,certain,0.0,0.0,0.0
rohcha_massdep_baseline,piecewise,7.943,shift_h,550,550,550,certain,0.0,0.0,0.0
rohcha_massdep_baseline,piecewise,7.943,crew_veh_h,550,550,550,certain,0.0,0.0,0.0
rohcha_massdep_baseline,piecewise,7.943,crew_team_h,550,550,550,certain,0.0,0.0,0.0
rohcha_massdep_baseline,piecewise,7.943,shift_ot_h,550,550,550,certain,0.0,0.0,0.0
rohcha_massdep_baseline,piecewise,9.912,shift_h,550,550,550,certain,0.0,0.0,0.0
rohcha_massdep_baseline,piecewise,9.912,crew_veh_h,550,550,550,certain,0.0,0.0,0.0
rohcha_massdep_baseline,piecewise,9.912,crew_team_h,550,550,550,certain,0.0,0.0,0.0
rohcha_massdep_baseline,piecewise,9.912,shift_ot_h,550,550,550,certain,0.0,0.0,0.0
rohcha_massdep_baseline,piecewise,12.369,shift_h,550,550,550,certain,0.0,0.0,0.0
rohcha_massdep_baseline,piecewise,12.369,crew_veh_h,550,550,550,certain,0.0,0.0,0.0
rohcha_massdep_baseline,piecewise,12.369,crew_team_h,550,550,550,certain,0.0,0.0,0.0
rohcha_massdep_baseline,piecewise,12.369,shift_ot_h,550,550,550,certain,0.0,0.0,0.0
rohcha_massdep_baseline,piecewise,15.436,shift_h,550,550,550,certain,0.0,0.0,0.0
rohcha_massdep_baseline,piecewise,15.436,crew_veh_h,550,550,550,certain,0.0,0.0,0.0
rohcha_massdep_baseline,piecewise,15.436,crew_team_h,550,550,550,certain,0.0,0.0,0.0
rohcha_massdep_baseline,piecewise,15.436,shift_ot_h,550,550,550,certain,0.0,0.0,0.0
rohcha_massdep_baseline,piecewise,19.263,shift_h,550,550,550,certain,0.0,0.0,0.0
rohcha_massdep_baseline,piecewise,19.263,crew_veh_h,550,550,550,certain,0.0,0.0,0.0
rohcha_massdep_baseline,piecewise,19.263,crew_team_h,550,550,550,certain,0.0,0.0,0.0
rohcha_massdep_baseline,piecewise,19.263,shift_ot_h,550,550,550,certain,0.0,0.0,0.0
rohcha_massdep_baseline,piecewise,24.04,shift_h,550,550,550,certain,0.0,0.0,0.0
rohcha_massdep_baseline,piecewise,24.04,crew_veh_h,550,550,550,certain,0.0,0.0,0.0
rohcha_massdep_baseline,piecewise,24.04,crew_team_h,550,550,550,certain,0.0,0.0,0.0
rohcha_massdep_baseline,piecewise,24.04,shift_ot_h,550,550,550,certain,0.0,0.0,0.0
rohcha_massdep_baseline,piecewise,30.0,shift_h,550,550,550,certain,0.0,0.0,0.0
rohcha_massdep_baseline,piecewise,30.0,crew_veh_h,550,550,550,certain,0.0,0.0,0.0
rohcha_massdep_baseline,piecewise,30.0,crew_team_h,550,550,550,certain,0.0,0.0,0.0
rohcha_massdep_baseline,piecewise,30.0,shift_ot_h,550,550,550,certain,0.0,0.0,0.0
rohcha_massdep_baseline,power_0.72,5.1,shift_h,550,550,550,certain,0.0,0.0,0.0
rohcha_massdep_baseline,power_0.72,5.1,crew_veh_h,550,550,550,certain,0.0,0.0,0.0
rohcha_massdep_baseline,power_0.72,5.1,crew_team_h,550,550,550,certain,0.0,0.0,0.0
rohcha_massdep_baseline,power_0.72,5.1,shift_ot_h,550,550,550,certain,0.0,0.0,0.0
rohcha_massdep_baseline,power_0.72,6.364,shift_h,550,550,550,certain,0.0,0.0,0.0
rohcha_massdep_baseline,power_0.72,6.364,crew_veh_h,550,550,550,certain,0.0,0.0,0.0
rohcha_massdep_baseline,power_0.72,6.364,crew_team_h,550,550,550,certain,0.0,0.0,0.0
rohcha_massdep_baseline,power_0.72,6.364,shift_ot_h,550,550,550,certain,0.0,0.0,0.0
rohcha_massdep_baseline,power_0.72,7.943,shift_h,550,550,550,certain,0.0,0.0,0.0
rohcha_massdep_baseline,power_0.72,7.943,crew_veh_h,550,550,550,certain,0.0,0.0,0.0
rohcha_massdep_baseline,power_0.72,7.943,crew_team_h,550,550,550,certain,0.0,0.0,0.0
rohcha_massdep_baseline,power_0.72,7.943,shift_ot_h,550,550,550,certain,0.0,0.0,0.0
rohcha_massdep_baseline,power_0.72,9.912,shift_h,550,550,550,certain,0.0,0.0,0.0
rohcha_massdep_baseline,power_0.72,9.912,crew_veh_h,550,550,550,certain,0.0,0.0,0.0
rohcha_massdep_baseline,power_0.72,9.912,crew_team_h,550,550,550,certain,0.0,0.0,0.0
rohcha_massdep_baseline,power_0.72,9.912,shift_ot_h,550,550,550,certain,0.0,0.0,0.0
rohcha_massdep_baseline,power_0.72,12.369,shift_h,550,550,550,certain,0.0,0.0,0.0
rohcha_massdep_baseline,power_0.72,12.369,crew_veh_h,550,550,550,certain,0.0,0.0,0.0
rohcha_massdep_baseline,power_0.72,12.369,crew_team_h,550,550,550,certain,0.0,0.0,0.0
rohcha_massdep_baseline,power_0.72,12.369,shift_ot_h,550,550,550,certain,0.0,0.0,0.0
rohcha_massdep_baseline,power_0.72,15.436,shift_h,550,550,550,certain,0.0,0.0,0.0
rohcha_massdep_baseline,power_0.72,15.436,crew_veh_h,550,550,550,certain,0.0,0.0,0.0
rohcha_massdep_baseline,power_0.72,15.436,crew_team_h,550,550,550,certain,0.0,0.0,0.0
rohcha_massdep_baseline,power_0.72,15.436,shift_ot_h,550,550,550,certain,0.0,0.0,0.0
rohcha_massdep_baseline,power_0.72,19.263,shift_h,550,550,550,certain,0.0,0.0,0.0
rohcha_massdep_baseline,power_0.72,19.263,crew_veh_h,550,550,550,certain,0.0,0.0,0.0
rohcha_massdep_baseline,power_0.72,19.263,crew_team_h,550,550,550,certain,0.0,0.0,0.0
rohcha_massdep_baseline,power_0.72,19.263,shift_ot_h,550,550,550,certain,0.0,0.0,0.0
rohcha_massdep_baseline,power_0.72,24.04,shift_h,550,550,550,certain,0.0,0.0,0.0
rohcha_massdep_baseline,power_0.72,24.04,crew_veh_h,550,550,550,certain,0.0,0.0,0.0
rohcha_massdep_baseline,power_0.72,24.04,crew_team_h,550,550,550,certain,0.0,0.0,0.0
rohcha_massdep_baseline,power_0.72,24.04,shift_ot_h,550,550,550,certain,0.0,0.0,0.0
rohcha_massdep_baseline,power_0.72,30.0,shift_h,550,550,550,certain,0.0,0.0,0.0
rohcha_massdep_baseline,power_0.72,30.0,crew_veh_h,550,550,550,certain,0.0,0.0,0.0
rohcha_massdep_baseline,power_0.72,30.0,crew_team_h,550,550,550,certain,0.0,0.0,0.0
rohcha_massdep_baseline,power_0.72,30.0,shift_ot_h,550,550,550,certain,0.0,0.0,0.0
rohcha_massdep_baseline,power_0.84,5.1,shift_h,550,550,550,certain,0.0,0.0,0.0
rohcha_massdep_baseline,power_0.84,5.1,crew_veh_h,550,550,550,certain,0.0,0.0,0.0
rohcha_massdep_baseline,power_0.84,5.1,crew_team_h,550,550,550,certain,0.0,0.0,0.0
rohcha_massdep_baseline,power_0.84,5.1,shift_ot_h,550,550,550,certain,0.0,0.0,0.0
rohcha_massdep_baseline,power_0.84,6.364,shift_h,550,550,550,certain,0.0,0.0,0.0
rohcha_massdep_baseline,power_0.84,6.364,crew_veh_h,550,550,550,certain,0.0,0.0,0.0
rohcha_massdep_baseline,power_0.84,6.364,crew_team_h,550,550,550,certain,0.0,0.0,0.0
rohcha_massdep_baseline,power_0.84,6.364,shift_ot_h,550,550,550,certain,0.0,0.0,0.0
rohcha_massdep_baseline,power_0.84,7.943,shift_h,550,550,550,certain,0.0,0.0,0.0
rohcha_massdep_baseline,power_0.84,7.943,crew_veh_h,550,550,550,certain,0.0,0.0,0.0
rohcha_massdep_baseline,power_0.84,7.943,crew_team_h,550,550,550,certain,0.0,0.0,0.0
rohcha_massdep_baseline,power_0.84,7.943,shift_ot_h,550,550,550,certain,0.0,0.0,0.0
rohcha_massdep_baseline,power_0.84,9.912,shift_h,550,550,550,certain,0.0,0.0,0.0
rohcha_massdep_baseline,power_0.84,9.912,crew_veh_h,550,550,550,certain,0.0,0.0,0.0
rohcha_massdep_baseline,power_0.84,9.912,crew_team_h,550,550,550,certain,0.0,0.0,0.0
rohcha_massdep_baseline,power_0.84,9.912,shift_ot_h,550,550,550,certain,0.0,0.0,0.0
rohcha_massdep_baseline,power_0.84,12.369,shift_h,550,550,550,certain,0.0,0.0,0.0
rohcha_massdep_baseline,power_0.84,12.369,crew_veh_h,550,550,550,certain,0.0,0.0,0.0
rohcha_massdep_baseline,power_0.84,12.369,crew_team_h,550,550,550,certain,0.0,0.0,0.0
rohcha_massdep_baseline,power_0.84,12.369,shift_ot_h,550,550,550,certain,0.0,0.0,0.0
rohcha_massdep_baseline,power_0.84,15.436,shift_h,550,550,550,certain,0.0,0.0,0.0
rohcha_massdep_baseline,power_0.84,15.436,crew_veh_h,550,550,550,certain,0.0,0.0,0.0
rohcha_massdep_baseline,power_0.84,15.436,crew_team_h,550,550,550,certain,0.0,0.0,0.0
rohcha_massdep_baseline,power_0.84,15.436,shift_ot_h,550,550,550,certain,0.0,0.0,0.0
rohcha_massdep_baseline,power_0.84,19.263,shift_h,550,550,550,certain,0.0,0.0,0.0
rohcha_massdep_baseline,power_0.84,19.263,crew_veh_h,550,550,550,certain,0.0,0.0,0.0
rohcha_massdep_baseline,power_0.84,19.263,crew_team_h,550,550,550,certain,0.0,0.0,0.0
rohcha_massdep_baseline,power_0.84,19.263,shift_ot_h,550,550,550,certain,0.0,0.0,0.0
rohcha_massdep_baseline,power_0.84,24.04,shift_h,550,550,550,certain,0.0,0.0,0.0
rohcha_massdep_baseline,power_0.84,24.04,crew_veh_h,550,550,550,certain,0.0,0.0,0.0
rohcha_massdep_baseline,power_0.84,24.04,crew_team_h,550,550,550,certain,0.0,0.0,0.0
rohcha_massdep_baseline,power_0.84,24.04,shift_ot_h,550,550,550,certain,0.0,0.0,0.0
rohcha_massdep_baseline,power_0.84,30.0,shift_h,550,550,550,certain,0.0,0.0,0.0
rohcha_massdep_baseline,power_0.84,30.0,crew_veh_h,550,550,550,certain,0.0,0.0,0.0
rohcha_massdep_baseline,power_0.84,30.0,crew_team_h,550,550,550,certain,0.0,0.0,0.0
rohcha_massdep_baseline,power_0.84,30.0,shift_ot_h,550,550,550,certain,0.0,0.0,0.0
rohcha_massdep_baseline,power_0.96,5.1,shift_h,550,550,550,certain,0.0,0.0,0.0
rohcha_massdep_baseline,power_0.96,5.1,crew_veh_h,550,550,550,certain,0.0,0.0,0.0
rohcha_massdep_baseline,power_0.96,5.1,crew_team_h,550,550,550,certain,0.0,0.0,0.0
rohcha_massdep_baseline,power_0.96,5.1,shift_ot_h,550,550,550,certain,0.0,0.0,0.0
rohcha_massdep_baseline,power_0.96,6.364,shift_h,550,550,550,certain,0.0,0.0,0.0
rohcha_massdep_baseline,power_0.96,6.364,crew_veh_h,550,550,550,certain,0.0,0.0,0.0
rohcha_massdep_baseline,power_0.96,6.364,crew_team_h,550,550,550,certain,0.0,0.0,0.0
rohcha_massdep_baseline,power_0.96,6.364,shift_ot_h,550,550,550,certain,0.0,0.0,0.0
rohcha_massdep_baseline,power_0.96,7.943,shift_h,550,550,550,certain,0.0,0.0,0.0
rohcha_massdep_baseline,power_0.96,7.943,crew_veh_h,550,550,550,certain,0.0,0.0,0.0
rohcha_massdep_baseline,power_0.96,7.943,crew_team_h,550,550,550,certain,0.0,0.0,0.0
rohcha_massdep_baseline,power_0.96,7.943,shift_ot_h,550,550,550,certain,0.0,0.0,0.0
rohcha_massdep_baseline,power_0.96,9.912,shift_h,550,550,550,certain,0.0,0.0,0.0
rohcha_massdep_baseline,power_0.96,9.912,crew_veh_h,550,550,550,certain,0.0,0.0,0.0
rohcha_massdep_baseline,power_0.96,9.912,crew_team_h,550,550,550,certain,0.0,0.0,0.0
rohcha_massdep_baseline,power_0.96,9.912,shift_ot_h,550,550,550,certain,0.0,0.0,0.0
rohcha_massdep_baseline,power_0.96,12.369,shift_h,550,550,550,certain,0.0,0.0,0.0
rohcha_massdep_baseline,power_0.96,12.369,crew_veh_h,550,550,550,certain,0.0,0.0,0.0
rohcha_massdep_baseline,power_0.96,12.369,crew_team_h,550,550,550,certain,0.0,0.0,0.0
rohcha_massdep_baseline,power_0.96,12.369,shift_ot_h,550,550,550,certain,0.0,0.0,0.0
rohcha_massdep_baseline,power_0.96,15.436,shift_h,550,550,550,certain,0.0,0.0,0.0
rohcha_massdep_baseline,power_0.96,15.436,crew_veh_h,550,550,550,certain,0.0,0.0,0.0
rohcha_massdep_baseline,power_0.96,15.436,crew_team_h,550,550,550,certain,0.0,0.0,0.0
rohcha_massdep_baseline,power_0.96,15.436,shift_ot_h,550,550,550,certain,0.0,0.0,0.0
rohcha_massdep_baseline,power_0.96,19.263,shift_h,550,550,550,certain,0.0,0.0,0.0
rohcha_massdep_baseline,power_0.96,19.263,crew_veh_h,550,550,550,certain,0.0,0.0,0.0
rohcha_massdep_baseline,power_0.96,19.263,crew_team_h,550,550,550,certain,0.0,0.0,0.0
rohcha_massdep_baseline,power_0.96,19.263,shift_ot_h,550,550,550,certain,0.0,0.0,0.0
rohcha_massdep_baseline,power_0.96,24.04,shift_h,550,550,550,certain,0.0,0.0,0.0
rohcha_massdep_baseline,power_0.96,24.04,crew_veh_h,550,550,550,certain,0.0,0.0,0.0
rohcha_massdep_baseline,power_0.96,24.04,crew_team_h,550,550,550,certain,0.0,0.0,0.0
rohcha_massdep_baseline,power_0.96,24.04,shift_ot_h,550,550,550,certain,0.0,0.0,0.0
rohcha_massdep_baseline,power_0.96,30.0,shift_h,550,550,550,certain,0.0,0.0,0.0
rohcha_massdep_baseline,power_0.96,30.0,crew_veh_h,550,550,550,certain,0.0,0.0,0.0
rohcha_massdep_baseline,power_0.96,30.0,crew_team_h,550,550,550,certain,0.0,0.0,0.0
rohcha_massdep_baseline,power_0.96,30.0,shift_ot_h,550,550,550,certain,0.0,0.0,0.0
liu_short_baseline,affine,5.1,shift_h,425,425,425,search-dependent,0.0,0.0,0.0
liu_short_baseline,affine,5.1,crew_veh_h,425,500,500,search-dependent,0.0018084186604057084,0.0,0.0
liu_short_baseline,affine,5.1,crew_team_h,425,500,500,search-dependent,0.0018084186604057084,0.0,0.0
liu_short_baseline,affine,5.1,shift_ot_h,425,425,425,search-dependent,0.0,0.0,0.0
liu_short_baseline,affine,6.364,shift_h,425,425,425,search-dependent,0.0,0.0,0.0
liu_short_baseline,affine,6.364,crew_veh_h,425,425,425,search-dependent,0.0,0.0,0.0
liu_short_baseline,affine,6.364,crew_team_h,425,425,425,search-dependent,0.0,0.0,0.0
liu_short_baseline,affine,6.364,shift_ot_h,425,425,425,search-dependent,0.0,0.0,0.0
liu_short_baseline,affine,7.943,shift_h,425,425,425,search-dependent,0.0,0.0,0.0
liu_short_baseline,affine,7.943,crew_veh_h,425,425,425,search-dependent,0.0,0.0,0.0
liu_short_baseline,affine,7.943,crew_team_h,425,425,425,search-dependent,0.0,0.0,0.0
liu_short_baseline,affine,7.943,shift_ot_h,425,425,425,search-dependent,0.0,0.0,0.0
liu_short_baseline,affine,9.912,shift_h,425,425,425,search-dependent,0.0,0.0,0.0
liu_short_baseline,affine,9.912,crew_veh_h,425,425,425,search-dependent,0.0,0.0,0.0
liu_short_baseline,affine,9.912,crew_team_h,425,425,425,search-dependent,0.0,0.0,0.0
liu_short_baseline,affine,9.912,shift_ot_h,425,425,425,search-dependent,0.0,0.0,0.0
liu_short_baseline,affine,12.369,shift_h,425,425,425,search-dependent,0.0,0.0,0.0
liu_short_baseline,affine,12.369,crew_veh_h,425,425,425,search-dependent,0.0,0.0,0.0
liu_short_baseline,affine,12.369,crew_team_h,425,425,MX2,search-dependent,0.0,0.0,0.1549828178694158
liu_short_baseline,affine,12.369,shift_ot_h,425,425,425,search-dependent,0.0,0.0,0.0
liu_short_baseline,affine,15.436,shift_h,425,425,425,search-dependent,0.0,0.0,0.0
liu_short_baseline,affine,15.436,crew_veh_h,425,425,425,search-dependent,0.0,0.0,0.0
liu_short_baseline,affine,15.436,crew_team_h,425,425,MX2,search-dependent,0.0,0.0,0.1549828178694158
liu_short_baseline,affine,15.436,shift_ot_h,425,425,425,search-dependent,0.0,0.0,0.0
liu_short_baseline,affine,19.263,shift_h,425,425,425,search-dependent,0.0,0.0,0.0
liu_short_baseline,affine,19.263,crew_veh_h,425,425,425,search-dependent,0.0,0.0,0.0
liu_short_baseline,affine,19.263,crew_team_h,425,425,MX2,search-dependent,0.0,0.0,0.1549828178694158
liu_short_baseline,affine,19.263,shift_ot_h,425,425,425,search-dependent,0.0,0.0,0.0
liu_short_baseline,affine,24.04,shift_h,425,425,425,search-dependent,0.0,0.0,0.0
liu_short_baseline,affine,24.04,crew_veh_h,425,425,425,search-dependent,0.0,0.0,0.0
liu_short_baseline,affine,24.04,crew_team_h,425,425,MX2,search-dependent,0.0,0.0,0.1549828178694158
liu_short_baseline,affine,24.04,shift_ot_h,425,425,425,search-dependent,0.0,0.0,0.0
liu_short_baseline,affine,30.0,shift_h,425,425,425,search-dependent,0.0,0.0,0.0
liu_short_baseline,affine,30.0,crew_veh_h,425,425,425,search-dependent,0.0,0.0,0.0
liu_short_baseline,affine,30.0,crew_team_h,425,425,MX2,search-dependent,0.0,0.0,0.1549828178694158
liu_short_baseline,affine,30.0,shift_ot_h,425,425,425,search-dependent,0.0,0.0,0.0
liu_short_baseline,piecewise,5.1,shift_h,425,425,425,search-dependent,0.0,0.0,0.0
liu_short_baseline,piecewise,5.1,crew_veh_h,425,500,500,search-dependent,0.0005030071727343266,0.0,0.0
liu_short_baseline,piecewise,5.1,crew_team_h,425,500,500,search-dependent,0.0005030071727343266,0.0,0.0
liu_short_baseline,piecewise,5.1,shift_ot_h,425,425,425,search-dependent,0.0,0.0,0.0
liu_short_baseline,piecewise,6.364,shift_h,425,425,425,search-dependent,0.0,0.0,0.0
liu_short_baseline,piecewise,6.364,crew_veh_h,425,425,425,search-dependent,0.0,0.0,0.0
liu_short_baseline,piecewise,6.364,crew_team_h,425,425,425,search-dependent,0.0,0.0,0.0
liu_short_baseline,piecewise,6.364,shift_ot_h,425,425,425,search-dependent,0.0,0.0,0.0
liu_short_baseline,piecewise,7.943,shift_h,425,425,425,search-dependent,0.0,0.0,0.0
liu_short_baseline,piecewise,7.943,crew_veh_h,425,425,425,search-dependent,0.0,0.0,0.0
liu_short_baseline,piecewise,7.943,crew_team_h,425,425,MX2,search-dependent,0.0,0.0,0.1549828178694158
liu_short_baseline,piecewise,7.943,shift_ot_h,425,425,425,search-dependent,0.0,0.0,0.0
liu_short_baseline,piecewise,9.912,shift_h,425,425,425,search-dependent,0.0,0.0,0.0
liu_short_baseline,piecewise,9.912,crew_veh_h,425,425,425,search-dependent,0.0,0.0,0.0
liu_short_baseline,piecewise,9.912,crew_team_h,425,425,MX2,search-dependent,0.0,0.0,0.1549828178694158
liu_short_baseline,piecewise,9.912,shift_ot_h,425,425,425,search-dependent,0.0,0.0,0.0
liu_short_baseline,piecewise,12.369,shift_h,425,425,425,search-dependent,0.0,0.0,0.0
liu_short_baseline,piecewise,12.369,crew_veh_h,425,425,425,search-dependent,0.0,0.0,0.0
liu_short_baseline,piecewise,12.369,crew_team_h,425,425,MX2,search-dependent,0.0,0.0,0.1549828178694158
liu_short_baseline,piecewise,12.369,shift_ot_h,425,425,425,search-dependent,0.0,0.0,0.0
liu_short_baseline,piecewise,15.436,shift_h,425,425,425,search-dependent,0.0,0.0,0.0
liu_short_baseline,piecewise,15.436,crew_veh_h,425,425,425,search-dependent,0.0,0.0,0.0
liu_short_baseline,piecewise,15.436,crew_team_h,425,425,MX2,search-dependent,0.0,0.0,0.1549828178694158
liu_short_baseline,piecewise,15.436,shift_ot_h,425,425,425,search-dependent,0.0,0.0,0.0
liu_short_baseline,piecewise,19.263,shift_h,425,425,425,search-dependent,0.0,0.0,0.0
liu_short_baseline,piecewise,19.263,crew_veh_h,425,425,425,search-dependent,0.0,0.0,0.0
liu_short_baseline,piecewise,19.263,crew_team_h,425,425,MX2,search-dependent,0.0,0.0,0.1549828178694158
liu_short_baseline,piecewise,19.263,shift_ot_h,425,425,425,search-dependent,0.0,0.0,0.0
liu_short_baseline,piecewise,24.04,shift_h,425,425,425,search-dependent,0.0,0.0,0.0
liu_short_baseline,piecewise,24.04,crew_veh_h,425,425,425,search-dependent,0.0,0.0,0.0
liu_short_baseline,piecewise,24.04,crew_team_h,425,425,MX2,search-dependent,0.0,0.0,0.1549828178694158
liu_short_baseline,piecewise,24.04,shift_ot_h,425,425,425,search-dependent,0.0,0.0,0.0
liu_short_baseline,piecewise,30.0,shift_h,425,425,425,search-dependent,0.0,0.0,0.0
liu_short_baseline,piecewise,30.0,crew_veh_h,425,425,425,search-dependent,0.0,0.0,0.0
liu_short_baseline,piecewise,30.0,crew_team_h,425,425,MX2,search-dependent,0.0,0.0,0.1549828178694158
liu_short_baseline,piecewise,30.0,shift_ot_h,425,425,425,search-dependent,0.0,0.0,0.0
liu_short_baseline,power_0.72,5.1,shift_h,425,425,425,search-dependent,0.0,0.0,0.0
liu_short_baseline,power_0.72,5.1,crew_veh_h,425,500,500,search-dependent,0.004326717616879749,0.0,0.0
liu_short_baseline,power_0.72,5.1,crew_team_h,425,500,500,search-dependent,0.004326717616879749,0.0,0.0
liu_short_baseline,power_0.72,5.1,shift_ot_h,425,425,425,search-dependent,0.0,0.0,0.0
liu_short_baseline,power_0.72,6.364,shift_h,425,425,425,search-dependent,0.0,0.0,0.0
liu_short_baseline,power_0.72,6.364,crew_veh_h,425,500,500,search-dependent,0.0011105637627699672,0.0,0.0
liu_short_baseline,power_0.72,6.364,crew_team_h,425,500,500,search-dependent,0.0011105637627699672,0.0,0.0
liu_short_baseline,power_0.72,6.364,shift_ot_h,425,425,425,search-dependent,0.0,0.0,0.0
liu_short_baseline,power_0.72,7.943,shift_h,425,425,425,search-dependent,0.0,0.0,0.0
liu_short_baseline,power_0.72,7.943,crew_veh_h,425,425,425,search-dependent,0.0,0.0,0.0
liu_short_baseline,power_0.72,7.943,crew_team_h,425,425,425,search-dependent,0.0,0.0,0.0
liu_short_baseline,power_0.72,7.943,shift_ot_h,425,425,425,search-dependent,0.0,0.0,0.0
liu_short_baseline,power_0.72,9.912,shift_h,425,425,425,search-dependent,0.0,0.0,0.0
liu_short_baseline,power_0.72,9.912,crew_veh_h,425,425,425,search-dependent,0.0,0.0,0.0
liu_short_baseline,power_0.72,9.912,crew_team_h,425,425,425,search-dependent,0.0,0.0,0.0
liu_short_baseline,power_0.72,9.912,shift_ot_h,425,425,425,search-dependent,0.0,0.0,0.0
liu_short_baseline,power_0.72,12.369,shift_h,425,425,425,search-dependent,0.0,0.0,0.0
liu_short_baseline,power_0.72,12.369,crew_veh_h,425,425,425,search-dependent,0.0,0.0,0.0
liu_short_baseline,power_0.72,12.369,crew_team_h,425,425,425,search-dependent,0.0,0.0,0.0
liu_short_baseline,power_0.72,12.369,shift_ot_h,425,425,425,search-dependent,0.0,0.0,0.0
liu_short_baseline,power_0.72,15.436,shift_h,425,425,425,search-dependent,0.0,0.0,0.0
liu_short_baseline,power_0.72,15.436,crew_veh_h,425,425,425,search-dependent,0.0,0.0,0.0
liu_short_baseline,power_0.72,15.436,crew_team_h,425,425,425,search-dependent,0.0,0.0,0.0
liu_short_baseline,power_0.72,15.436,shift_ot_h,425,425,425,search-dependent,0.0,0.0,0.0
liu_short_baseline,power_0.72,19.263,shift_h,425,425,425,search-dependent,0.0,0.0,0.0
liu_short_baseline,power_0.72,19.263,crew_veh_h,425,425,425,search-dependent,0.0,0.0,0.0
liu_short_baseline,power_0.72,19.263,crew_team_h,425,425,MX2,search-dependent,0.0,0.0,0.1549828178694158
liu_short_baseline,power_0.72,19.263,shift_ot_h,425,425,425,search-dependent,0.0,0.0,0.0
liu_short_baseline,power_0.72,24.04,shift_h,425,425,425,search-dependent,0.0,0.0,0.0
liu_short_baseline,power_0.72,24.04,crew_veh_h,425,425,425,search-dependent,0.0,0.0,0.0
liu_short_baseline,power_0.72,24.04,crew_team_h,425,425,MX2,search-dependent,0.0,0.0,0.1549828178694158
liu_short_baseline,power_0.72,24.04,shift_ot_h,425,425,425,search-dependent,0.0,0.0,0.0
liu_short_baseline,power_0.72,30.0,shift_h,425,425,425,search-dependent,0.0,0.0,0.0
liu_short_baseline,power_0.72,30.0,crew_veh_h,425,425,425,search-dependent,0.0,0.0,0.0
liu_short_baseline,power_0.72,30.0,crew_team_h,425,425,MX2,search-dependent,0.0,0.0,0.1549828178694158
liu_short_baseline,power_0.72,30.0,shift_ot_h,425,425,425,search-dependent,0.0,0.0,0.0
liu_short_baseline,power_0.84,5.1,shift_h,425,425,425,search-dependent,0.0,0.0,0.0
liu_short_baseline,power_0.84,5.1,crew_veh_h,425,500,500,search-dependent,0.001179218474212984,0.0,0.0
liu_short_baseline,power_0.84,5.1,crew_team_h,425,500,500,search-dependent,0.001179218474212984,0.0,0.0
liu_short_baseline,power_0.84,5.1,shift_ot_h,425,425,425,search-dependent,0.0,0.0,0.0
liu_short_baseline,power_0.84,6.364,shift_h,425,425,425,search-dependent,0.0,0.0,0.0
liu_short_baseline,power_0.84,6.364,crew_veh_h,425,425,425,search-dependent,0.0,0.0,0.0
liu_short_baseline,power_0.84,6.364,crew_team_h,425,425,425,search-dependent,0.0,0.0,0.0
liu_short_baseline,power_0.84,6.364,shift_ot_h,425,425,425,search-dependent,0.0,0.0,0.0
liu_short_baseline,power_0.84,7.943,shift_h,425,425,425,search-dependent,0.0,0.0,0.0
liu_short_baseline,power_0.84,7.943,crew_veh_h,425,425,425,search-dependent,0.0,0.0,0.0
liu_short_baseline,power_0.84,7.943,crew_team_h,425,425,MX2,search-dependent,0.0,0.0,0.1549828178694158
liu_short_baseline,power_0.84,7.943,shift_ot_h,425,425,425,search-dependent,0.0,0.0,0.0
liu_short_baseline,power_0.84,9.912,shift_h,425,425,425,search-dependent,0.0,0.0,0.0
liu_short_baseline,power_0.84,9.912,crew_veh_h,425,425,425,search-dependent,0.0,0.0,0.0
liu_short_baseline,power_0.84,9.912,crew_team_h,425,425,MX2,search-dependent,0.0,0.0,0.1549828178694158
liu_short_baseline,power_0.84,9.912,shift_ot_h,425,425,425,search-dependent,0.0,0.0,0.0
liu_short_baseline,power_0.84,12.369,shift_h,425,425,425,search-dependent,0.0,0.0,0.0
liu_short_baseline,power_0.84,12.369,crew_veh_h,425,425,425,search-dependent,0.0,0.0,0.0
liu_short_baseline,power_0.84,12.369,crew_team_h,425,425,MX2,search-dependent,0.0,0.0,0.1549828178694158
liu_short_baseline,power_0.84,12.369,shift_ot_h,425,425,425,search-dependent,0.0,0.0,0.0
liu_short_baseline,power_0.84,15.436,shift_h,425,425,425,search-dependent,0.0,0.0,0.0
liu_short_baseline,power_0.84,15.436,crew_veh_h,425,425,425,search-dependent,0.0,0.0,0.0
liu_short_baseline,power_0.84,15.436,crew_team_h,425,425,MX2,search-dependent,0.0,0.0,0.1549828178694158
liu_short_baseline,power_0.84,15.436,shift_ot_h,425,425,425,search-dependent,0.0,0.0,0.0
liu_short_baseline,power_0.84,19.263,shift_h,425,425,425,search-dependent,0.0,0.0,0.0
liu_short_baseline,power_0.84,19.263,crew_veh_h,425,425,425,search-dependent,0.0,0.0,0.0
liu_short_baseline,power_0.84,19.263,crew_team_h,425,425,MX2,search-dependent,0.0,0.0,0.1549828178694158
liu_short_baseline,power_0.84,19.263,shift_ot_h,425,425,425,search-dependent,0.0,0.0,0.0
liu_short_baseline,power_0.84,24.04,shift_h,425,425,425,search-dependent,0.0,0.0,0.0
liu_short_baseline,power_0.84,24.04,crew_veh_h,425,425,425,search-dependent,0.0,0.0,0.0
liu_short_baseline,power_0.84,24.04,crew_team_h,425,425,MX2,search-dependent,0.0,0.0,0.1549828178694158
liu_short_baseline,power_0.84,24.04,shift_ot_h,425,425,425,search-dependent,0.0,0.0,0.0
liu_short_baseline,power_0.84,30.0,shift_h,425,425,425,search-dependent,0.0,0.0,0.0
liu_short_baseline,power_0.84,30.0,crew_veh_h,425,425,425,search-dependent,0.0,0.0,0.0
liu_short_baseline,power_0.84,30.0,crew_team_h,425,425,MX2,search-dependent,0.0,0.0,0.1549828178694158
liu_short_baseline,power_0.84,30.0,shift_ot_h,425,425,425,search-dependent,0.0,0.0,0.0
liu_short_baseline,power_0.96,5.1,shift_h,425,425,425,search-dependent,0.0,0.0,0.0
liu_short_baseline,power_0.96,5.1,crew_veh_h,425,425,425,search-dependent,0.0,0.0,0.0
liu_short_baseline,power_0.96,5.1,crew_team_h,425,425,MX2,search-dependent,0.0,0.0,0.1549828178694158
liu_short_baseline,power_0.96,5.1,shift_ot_h,425,425,425,search-dependent,0.0,0.0,0.0
liu_short_baseline,power_0.96,6.364,shift_h,425,425,425,search-dependent,0.0,0.0,0.0
liu_short_baseline,power_0.96,6.364,crew_veh_h,425,425,425,search-dependent,0.0,0.0,0.0
liu_short_baseline,power_0.96,6.364,crew_team_h,425,425,MX2,search-dependent,0.0,0.0,0.1549828178694158
liu_short_baseline,power_0.96,6.364,shift_ot_h,425,425,425,search-dependent,0.0,0.0,0.0
liu_short_baseline,power_0.96,7.943,shift_h,425,425,425,search-dependent,0.0,0.0,0.0
liu_short_baseline,power_0.96,7.943,crew_veh_h,425,425,425,search-dependent,0.0,0.0,0.0
liu_short_baseline,power_0.96,7.943,crew_team_h,425,425,MX2,search-dependent,0.0,0.0,0.1549828178694158
liu_short_baseline,power_0.96,7.943,shift_ot_h,425,425,425,search-dependent,0.0,0.0,0.0
liu_short_baseline,power_0.96,9.912,shift_h,425,425,425,search-dependent,0.0,0.0,0.0
liu_short_baseline,power_0.96,9.912,crew_veh_h,425,425,425,search-dependent,0.0,0.0,0.0
liu_short_baseline,power_0.96,9.912,crew_team_h,425,425,MX2,search-dependent,0.0,0.0,0.1549828178694158
liu_short_baseline,power_0.96,9.912,shift_ot_h,425,425,425,search-dependent,0.0,0.0,0.0
liu_short_baseline,power_0.96,12.369,shift_h,425,425,425,search-dependent,0.0,0.0,0.0
liu_short_baseline,power_0.96,12.369,crew_veh_h,425,425,425,search-dependent,0.0,0.0,0.0
liu_short_baseline,power_0.96,12.369,crew_team_h,425,425,MX2,search-dependent,0.0,0.0,0.1549828178694158
liu_short_baseline,power_0.96,12.369,shift_ot_h,425,425,425,search-dependent,0.0,0.0,0.0
liu_short_baseline,power_0.96,15.436,shift_h,425,425,425,search-dependent,0.0,0.0,0.0
liu_short_baseline,power_0.96,15.436,crew_veh_h,425,425,425,search-dependent,0.0,0.0,0.0
liu_short_baseline,power_0.96,15.436,crew_team_h,425,425,MX2,search-dependent,0.0,0.0,0.1549828178694158
liu_short_baseline,power_0.96,15.436,shift_ot_h,425,425,425,search-dependent,0.0,0.0,0.0
liu_short_baseline,power_0.96,19.263,shift_h,425,425,425,search-dependent,0.0,0.0,0.0
liu_short_baseline,power_0.96,19.263,crew_veh_h,425,425,425,search-dependent,0.0,0.0,0.0
liu_short_baseline,power_0.96,19.263,crew_team_h,425,425,MX2,search-dependent,0.0,0.0,0.1549828178694158
liu_short_baseline,power_0.96,19.263,shift_ot_h,425,425,425,search-dependent,0.0,0.0,0.0
liu_short_baseline,power_0.96,24.04,shift_h,425,425,425,search-dependent,0.0,0.0,0.0
liu_short_baseline,power_0.96,24.04,crew_veh_h,425,425,425,search-dependent,0.0,0.0,0.0
liu_short_baseline,power_0.96,24.04,crew_team_h,425,425,MX2,search-dependent,0.0,0.0,0.1549828178694158
liu_short_baseline,power_0.96,24.04,shift_ot_h,425,425,425,search-dependent,0.0,0.0,0.0
liu_short_baseline,power_0.96,30.0,shift_h,425,425,425,search-dependent,0.0,0.0,0.0
liu_short_baseline,power_0.96,30.0,crew_veh_h,425,425,425,search-dependent,0.0,0.0,0.0
liu_short_baseline,power_0.96,30.0,crew_team_h,425,425,MX2,search-dependent,0.0,0.0,0.1549828178694158
liu_short_baseline,power_0.96,30.0,shift_ot_h,425,425,425,search-dependent,0.0,0.0,0.0
liu_massdep_baseline,affine,5.1,shift_h,425,425,425,search-dependent,0.0,0.0,0.0
liu_massdep_baseline,affine,5.1,crew_veh_h,425,425,425,search-dependent,0.0,0.0,0.0
liu_massdep_baseline,affine,5.1,crew_team_h,425,425,425,search-dependent,0.0,0.0,0.0
liu_massdep_baseline,affine,5.1,shift_ot_h,425,425,425,search-dependent,0.0,0.0,0.0
liu_massdep_baseline,affine,6.364,shift_h,425,425,425,search-dependent,0.0,0.0,0.0
liu_massdep_baseline,affine,6.364,crew_veh_h,425,425,425,search-dependent,0.0,0.0,0.0
liu_massdep_baseline,affine,6.364,crew_team_h,425,425,425,search-dependent,0.0,0.0,0.0
liu_massdep_baseline,affine,6.364,shift_ot_h,425,425,425,search-dependent,0.0,0.0,0.0
liu_massdep_baseline,affine,7.943,shift_h,425,425,425,search-dependent,0.0,0.0,0.0
liu_massdep_baseline,affine,7.943,crew_veh_h,425,425,425,search-dependent,0.0,0.0,0.0
liu_massdep_baseline,affine,7.943,crew_team_h,425,425,425,search-dependent,0.0,0.0,0.0
liu_massdep_baseline,affine,7.943,shift_ot_h,425,425,425,search-dependent,0.0,0.0,0.0
liu_massdep_baseline,affine,9.912,shift_h,425,425,425,search-dependent,0.0,0.0,0.0
liu_massdep_baseline,affine,9.912,crew_veh_h,425,425,425,search-dependent,0.0,0.0,0.0
liu_massdep_baseline,affine,9.912,crew_team_h,425,425,425,search-dependent,0.0,0.0,0.0
liu_massdep_baseline,affine,9.912,shift_ot_h,425,425,425,search-dependent,0.0,0.0,0.0
liu_massdep_baseline,affine,12.369,shift_h,425,425,425,search-dependent,0.0,0.0,0.0
liu_massdep_baseline,affine,12.369,crew_veh_h,425,425,425,search-dependent,0.0,0.0,0.0
liu_massdep_baseline,affine,12.369,crew_team_h,425,425,425,search-dependent,0.0,0.0,0.0
liu_massdep_baseline,affine,12.369,shift_ot_h,425,425,425,search-dependent,0.0,0.0,0.0
liu_massdep_baseline,affine,15.436,shift_h,425,425,425,search-dependent,0.0,0.0,0.0
liu_massdep_baseline,affine,15.436,crew_veh_h,425,425,425,search-dependent,0.0,0.0,0.0
liu_massdep_baseline,affine,15.436,crew_team_h,425,425,425,search-dependent,0.0,0.0,0.0
liu_massdep_baseline,affine,15.436,shift_ot_h,425,425,425,search-dependent,0.0,0.0,0.0
liu_massdep_baseline,affine,19.263,shift_h,425,425,425,search-dependent,0.0,0.0,0.0
liu_massdep_baseline,affine,19.263,crew_veh_h,425,425,425,search-dependent,0.0,0.0,0.0
liu_massdep_baseline,affine,19.263,crew_team_h,425,425,425,search-dependent,0.0,0.0,0.0
liu_massdep_baseline,affine,19.263,shift_ot_h,425,425,425,search-dependent,0.0,0.0,0.0
liu_massdep_baseline,affine,24.04,shift_h,425,425,425,search-dependent,0.0,0.0,0.0
liu_massdep_baseline,affine,24.04,crew_veh_h,425,425,425,search-dependent,0.0,0.0,0.0
liu_massdep_baseline,affine,24.04,crew_team_h,425,425,425,search-dependent,0.0,0.0,0.0
liu_massdep_baseline,affine,24.04,shift_ot_h,425,425,425,search-dependent,0.0,0.0,0.0
liu_massdep_baseline,affine,30.0,shift_h,425,425,425,search-dependent,0.0,0.0,0.0
liu_massdep_baseline,affine,30.0,crew_veh_h,425,425,425,search-dependent,0.0,0.0,0.0
liu_massdep_baseline,affine,30.0,crew_team_h,425,425,425,search-dependent,0.0,0.0,0.0
liu_massdep_baseline,affine,30.0,shift_ot_h,425,425,425,search-dependent,0.0,0.0,0.0
liu_massdep_baseline,piecewise,5.1,shift_h,425,425,425,search-dependent,0.0,0.0,0.0
liu_massdep_baseline,piecewise,5.1,crew_veh_h,425,425,425,search-dependent,0.0,0.0,0.0
liu_massdep_baseline,piecewise,5.1,crew_team_h,425,425,425,search-dependent,0.0,0.0,0.0
liu_massdep_baseline,piecewise,5.1,shift_ot_h,425,425,425,search-dependent,0.0,0.0,0.0
liu_massdep_baseline,piecewise,6.364,shift_h,425,425,425,search-dependent,0.0,0.0,0.0
liu_massdep_baseline,piecewise,6.364,crew_veh_h,425,425,425,search-dependent,0.0,0.0,0.0
liu_massdep_baseline,piecewise,6.364,crew_team_h,425,425,425,search-dependent,0.0,0.0,0.0
liu_massdep_baseline,piecewise,6.364,shift_ot_h,425,425,425,search-dependent,0.0,0.0,0.0
liu_massdep_baseline,piecewise,7.943,shift_h,425,425,425,search-dependent,0.0,0.0,0.0
liu_massdep_baseline,piecewise,7.943,crew_veh_h,425,425,425,search-dependent,0.0,0.0,0.0
liu_massdep_baseline,piecewise,7.943,crew_team_h,425,425,425,search-dependent,0.0,0.0,0.0
liu_massdep_baseline,piecewise,7.943,shift_ot_h,425,425,425,search-dependent,0.0,0.0,0.0
liu_massdep_baseline,piecewise,9.912,shift_h,425,425,425,search-dependent,0.0,0.0,0.0
liu_massdep_baseline,piecewise,9.912,crew_veh_h,425,425,425,search-dependent,0.0,0.0,0.0
liu_massdep_baseline,piecewise,9.912,crew_team_h,425,425,425,search-dependent,0.0,0.0,0.0
liu_massdep_baseline,piecewise,9.912,shift_ot_h,425,425,425,search-dependent,0.0,0.0,0.0
liu_massdep_baseline,piecewise,12.369,shift_h,425,425,425,search-dependent,0.0,0.0,0.0
liu_massdep_baseline,piecewise,12.369,crew_veh_h,425,425,425,search-dependent,0.0,0.0,0.0
liu_massdep_baseline,piecewise,12.369,crew_team_h,425,425,425,search-dependent,0.0,0.0,0.0
liu_massdep_baseline,piecewise,12.369,shift_ot_h,425,425,425,search-dependent,0.0,0.0,0.0
liu_massdep_baseline,piecewise,15.436,shift_h,425,425,425,search-dependent,0.0,0.0,0.0
liu_massdep_baseline,piecewise,15.436,crew_veh_h,425,425,425,search-dependent,0.0,0.0,0.0
liu_massdep_baseline,piecewise,15.436,crew_team_h,425,425,425,search-dependent,0.0,0.0,0.0
liu_massdep_baseline,piecewise,15.436,shift_ot_h,425,425,425,search-dependent,0.0,0.0,0.0
liu_massdep_baseline,piecewise,19.263,shift_h,425,425,425,search-dependent,0.0,0.0,0.0
liu_massdep_baseline,piecewise,19.263,crew_veh_h,425,425,425,search-dependent,0.0,0.0,0.0
liu_massdep_baseline,piecewise,19.263,crew_team_h,425,425,425,search-dependent,0.0,0.0,0.0
liu_massdep_baseline,piecewise,19.263,shift_ot_h,425,425,425,search-dependent,0.0,0.0,0.0
liu_massdep_baseline,piecewise,24.04,shift_h,425,425,425,search-dependent,0.0,0.0,0.0
liu_massdep_baseline,piecewise,24.04,crew_veh_h,425,425,425,search-dependent,0.0,0.0,0.0
liu_massdep_baseline,piecewise,24.04,crew_team_h,425,425,425,search-dependent,0.0,0.0,0.0
liu_massdep_baseline,piecewise,24.04,shift_ot_h,425,425,425,search-dependent,0.0,0.0,0.0
liu_massdep_baseline,piecewise,30.0,shift_h,425,425,425,search-dependent,0.0,0.0,0.0
liu_massdep_baseline,piecewise,30.0,crew_veh_h,425,425,425,search-dependent,0.0,0.0,0.0
liu_massdep_baseline,piecewise,30.0,crew_team_h,425,425,425,search-dependent,0.0,0.0,0.0
liu_massdep_baseline,piecewise,30.0,shift_ot_h,425,425,425,search-dependent,0.0,0.0,0.0
liu_massdep_baseline,power_0.72,5.1,shift_h,425,425,425,search-dependent,0.0,0.0,0.0
liu_massdep_baseline,power_0.72,5.1,crew_veh_h,425,425,425,search-dependent,0.0,0.0,0.0
liu_massdep_baseline,power_0.72,5.1,crew_team_h,425,425,425,search-dependent,0.0,0.0,0.0
liu_massdep_baseline,power_0.72,5.1,shift_ot_h,425,425,425,search-dependent,0.0,0.0,0.0
liu_massdep_baseline,power_0.72,6.364,shift_h,425,425,425,search-dependent,0.0,0.0,0.0
liu_massdep_baseline,power_0.72,6.364,crew_veh_h,425,425,425,search-dependent,0.0,0.0,0.0
liu_massdep_baseline,power_0.72,6.364,crew_team_h,425,425,425,search-dependent,0.0,0.0,0.0
liu_massdep_baseline,power_0.72,6.364,shift_ot_h,425,425,425,search-dependent,0.0,0.0,0.0
liu_massdep_baseline,power_0.72,7.943,shift_h,425,425,425,search-dependent,0.0,0.0,0.0
liu_massdep_baseline,power_0.72,7.943,crew_veh_h,425,425,425,search-dependent,0.0,0.0,0.0
liu_massdep_baseline,power_0.72,7.943,crew_team_h,425,425,425,search-dependent,0.0,0.0,0.0
liu_massdep_baseline,power_0.72,7.943,shift_ot_h,425,425,425,search-dependent,0.0,0.0,0.0
liu_massdep_baseline,power_0.72,9.912,shift_h,425,425,425,search-dependent,0.0,0.0,0.0
liu_massdep_baseline,power_0.72,9.912,crew_veh_h,425,425,425,search-dependent,0.0,0.0,0.0
liu_massdep_baseline,power_0.72,9.912,crew_team_h,425,425,425,search-dependent,0.0,0.0,0.0
liu_massdep_baseline,power_0.72,9.912,shift_ot_h,425,425,425,search-dependent,0.0,0.0,0.0
liu_massdep_baseline,power_0.72,12.369,shift_h,425,425,425,search-dependent,0.0,0.0,0.0
liu_massdep_baseline,power_0.72,12.369,crew_veh_h,425,425,425,search-dependent,0.0,0.0,0.0
liu_massdep_baseline,power_0.72,12.369,crew_team_h,425,425,425,search-dependent,0.0,0.0,0.0
liu_massdep_baseline,power_0.72,12.369,shift_ot_h,425,425,425,search-dependent,0.0,0.0,0.0
liu_massdep_baseline,power_0.72,15.436,shift_h,425,425,425,search-dependent,0.0,0.0,0.0
liu_massdep_baseline,power_0.72,15.436,crew_veh_h,425,425,425,search-dependent,0.0,0.0,0.0
liu_massdep_baseline,power_0.72,15.436,crew_team_h,425,425,425,search-dependent,0.0,0.0,0.0
liu_massdep_baseline,power_0.72,15.436,shift_ot_h,425,425,425,search-dependent,0.0,0.0,0.0
liu_massdep_baseline,power_0.72,19.263,shift_h,425,425,425,search-dependent,0.0,0.0,0.0
liu_massdep_baseline,power_0.72,19.263,crew_veh_h,425,425,425,search-dependent,0.0,0.0,0.0
liu_massdep_baseline,power_0.72,19.263,crew_team_h,425,425,425,search-dependent,0.0,0.0,0.0
liu_massdep_baseline,power_0.72,19.263,shift_ot_h,425,425,425,search-dependent,0.0,0.0,0.0
liu_massdep_baseline,power_0.72,24.04,shift_h,425,425,425,search-dependent,0.0,0.0,0.0
liu_massdep_baseline,power_0.72,24.04,crew_veh_h,425,425,425,search-dependent,0.0,0.0,0.0
liu_massdep_baseline,power_0.72,24.04,crew_team_h,425,425,425,search-dependent,0.0,0.0,0.0
liu_massdep_baseline,power_0.72,24.04,shift_ot_h,425,425,425,search-dependent,0.0,0.0,0.0
liu_massdep_baseline,power_0.72,30.0,shift_h,425,425,425,search-dependent,0.0,0.0,0.0
liu_massdep_baseline,power_0.72,30.0,crew_veh_h,425,425,425,search-dependent,0.0,0.0,0.0
liu_massdep_baseline,power_0.72,30.0,crew_team_h,425,425,425,search-dependent,0.0,0.0,0.0
liu_massdep_baseline,power_0.72,30.0,shift_ot_h,425,425,425,search-dependent,0.0,0.0,0.0
liu_massdep_baseline,power_0.84,5.1,shift_h,425,425,425,search-dependent,0.0,0.0,0.0
liu_massdep_baseline,power_0.84,5.1,crew_veh_h,425,425,425,search-dependent,0.0,0.0,0.0
liu_massdep_baseline,power_0.84,5.1,crew_team_h,425,425,425,search-dependent,0.0,0.0,0.0
liu_massdep_baseline,power_0.84,5.1,shift_ot_h,425,425,425,search-dependent,0.0,0.0,0.0
liu_massdep_baseline,power_0.84,6.364,shift_h,425,425,425,search-dependent,0.0,0.0,0.0
liu_massdep_baseline,power_0.84,6.364,crew_veh_h,425,425,425,search-dependent,0.0,0.0,0.0
liu_massdep_baseline,power_0.84,6.364,crew_team_h,425,425,425,search-dependent,0.0,0.0,0.0
liu_massdep_baseline,power_0.84,6.364,shift_ot_h,425,425,425,search-dependent,0.0,0.0,0.0
liu_massdep_baseline,power_0.84,7.943,shift_h,425,425,425,search-dependent,0.0,0.0,0.0
liu_massdep_baseline,power_0.84,7.943,crew_veh_h,425,425,425,search-dependent,0.0,0.0,0.0
liu_massdep_baseline,power_0.84,7.943,crew_team_h,425,425,425,search-dependent,0.0,0.0,0.0
liu_massdep_baseline,power_0.84,7.943,shift_ot_h,425,425,425,search-dependent,0.0,0.0,0.0
liu_massdep_baseline,power_0.84,9.912,shift_h,425,425,425,search-dependent,0.0,0.0,0.0
liu_massdep_baseline,power_0.84,9.912,crew_veh_h,425,425,425,search-dependent,0.0,0.0,0.0
liu_massdep_baseline,power_0.84,9.912,crew_team_h,425,425,425,search-dependent,0.0,0.0,0.0
liu_massdep_baseline,power_0.84,9.912,shift_ot_h,425,425,425,search-dependent,0.0,0.0,0.0
liu_massdep_baseline,power_0.84,12.369,shift_h,425,425,425,search-dependent,0.0,0.0,0.0
liu_massdep_baseline,power_0.84,12.369,crew_veh_h,425,425,425,search-dependent,0.0,0.0,0.0
liu_massdep_baseline,power_0.84,12.369,crew_team_h,425,425,425,search-dependent,0.0,0.0,0.0
liu_massdep_baseline,power_0.84,12.369,shift_ot_h,425,425,425,search-dependent,0.0,0.0,0.0
liu_massdep_baseline,power_0.84,15.436,shift_h,425,425,425,search-dependent,0.0,0.0,0.0
liu_massdep_baseline,power_0.84,15.436,crew_veh_h,425,425,425,search-dependent,0.0,0.0,0.0
liu_massdep_baseline,power_0.84,15.436,crew_team_h,425,425,425,search-dependent,0.0,0.0,0.0
liu_massdep_baseline,power_0.84,15.436,shift_ot_h,425,425,425,search-dependent,0.0,0.0,0.0
liu_massdep_baseline,power_0.84,19.263,shift_h,425,425,425,search-dependent,0.0,0.0,0.0
liu_massdep_baseline,power_0.84,19.263,crew_veh_h,425,425,425,search-dependent,0.0,0.0,0.0
liu_massdep_baseline,power_0.84,19.263,crew_team_h,425,425,425,search-dependent,0.0,0.0,0.0
liu_massdep_baseline,power_0.84,19.263,shift_ot_h,425,425,425,search-dependent,0.0,0.0,0.0
liu_massdep_baseline,power_0.84,24.04,shift_h,425,425,425,search-dependent,0.0,0.0,0.0
liu_massdep_baseline,power_0.84,24.04,crew_veh_h,425,425,425,search-dependent,0.0,0.0,0.0
liu_massdep_baseline,power_0.84,24.04,crew_team_h,425,425,425,search-dependent,0.0,0.0,0.0
liu_massdep_baseline,power_0.84,24.04,shift_ot_h,425,425,425,search-dependent,0.0,0.0,0.0
liu_massdep_baseline,power_0.84,30.0,shift_h,425,425,425,search-dependent,0.0,0.0,0.0
liu_massdep_baseline,power_0.84,30.0,crew_veh_h,425,425,425,search-dependent,0.0,0.0,0.0
liu_massdep_baseline,power_0.84,30.0,crew_team_h,425,425,425,search-dependent,0.0,0.0,0.0
liu_massdep_baseline,power_0.84,30.0,shift_ot_h,425,425,425,search-dependent,0.0,0.0,0.0
liu_massdep_baseline,power_0.96,5.1,shift_h,425,425,425,search-dependent,0.0,0.0,0.0
liu_massdep_baseline,power_0.96,5.1,crew_veh_h,425,425,425,search-dependent,0.0,0.0,0.0
liu_massdep_baseline,power_0.96,5.1,crew_team_h,425,425,425,search-dependent,0.0,0.0,0.0
liu_massdep_baseline,power_0.96,5.1,shift_ot_h,425,425,425,search-dependent,0.0,0.0,0.0
liu_massdep_baseline,power_0.96,6.364,shift_h,425,425,425,search-dependent,0.0,0.0,0.0
liu_massdep_baseline,power_0.96,6.364,crew_veh_h,425,425,425,search-dependent,0.0,0.0,0.0
liu_massdep_baseline,power_0.96,6.364,crew_team_h,425,425,425,search-dependent,0.0,0.0,0.0
liu_massdep_baseline,power_0.96,6.364,shift_ot_h,425,425,425,search-dependent,0.0,0.0,0.0
liu_massdep_baseline,power_0.96,7.943,shift_h,425,425,425,search-dependent,0.0,0.0,0.0
liu_massdep_baseline,power_0.96,7.943,crew_veh_h,425,425,425,search-dependent,0.0,0.0,0.0
liu_massdep_baseline,power_0.96,7.943,crew_team_h,425,425,425,search-dependent,0.0,0.0,0.0
liu_massdep_baseline,power_0.96,7.943,shift_ot_h,425,425,425,search-dependent,0.0,0.0,0.0
liu_massdep_baseline,power_0.96,9.912,shift_h,425,425,425,search-dependent,0.0,0.0,0.0
liu_massdep_baseline,power_0.96,9.912,crew_veh_h,425,425,425,search-dependent,0.0,0.0,0.0
liu_massdep_baseline,power_0.96,9.912,crew_team_h,425,425,425,search-dependent,0.0,0.0,0.0
liu_massdep_baseline,power_0.96,9.912,shift_ot_h,425,425,425,search-dependent,0.0,0.0,0.0
liu_massdep_baseline,power_0.96,12.369,shift_h,425,425,425,search-dependent,0.0,0.0,0.0
liu_massdep_baseline,power_0.96,12.369,crew_veh_h,425,425,425,search-dependent,0.0,0.0,0.0
liu_massdep_baseline,power_0.96,12.369,crew_team_h,425,425,425,search-dependent,0.0,0.0,0.0
liu_massdep_baseline,power_0.96,12.369,shift_ot_h,425,425,425,search-dependent,0.0,0.0,0.0
liu_massdep_baseline,power_0.96,15.436,shift_h,425,425,425,search-dependent,0.0,0.0,0.0
liu_massdep_baseline,power_0.96,15.436,crew_veh_h,425,425,425,search-dependent,0.0,0.0,0.0
liu_massdep_baseline,power_0.96,15.436,crew_team_h,425,425,425,search-dependent,0.0,0.0,0.0
liu_massdep_baseline,power_0.96,15.436,shift_ot_h,425,425,425,search-dependent,0.0,0.0,0.0
liu_massdep_baseline,power_0.96,19.263,shift_h,425,425,425,search-dependent,0.0,0.0,0.0
liu_massdep_baseline,power_0.96,19.263,crew_veh_h,425,425,425,search-dependent,0.0,0.0,0.0
liu_massdep_baseline,power_0.96,19.263,crew_team_h,425,425,425,search-dependent,0.0,0.0,0.0
liu_massdep_baseline,power_0.96,19.263,shift_ot_h,425,425,425,search-dependent,0.0,0.0,0.0
liu_massdep_baseline,power_0.96,24.04,shift_h,425,425,425,search-dependent,0.0,0.0,0.0
liu_massdep_baseline,power_0.96,24.04,crew_veh_h,425,425,425,search-dependent,0.0,0.0,0.0
liu_massdep_baseline,power_0.96,24.04,crew_team_h,425,425,425,search-dependent,0.0,0.0,0.0
liu_massdep_baseline,power_0.96,24.04,shift_ot_h,425,425,425,search-dependent,0.0,0.0,0.0
liu_massdep_baseline,power_0.96,30.0,shift_h,425,425,425,search-dependent,0.0,0.0,0.0
liu_massdep_baseline,power_0.96,30.0,crew_veh_h,425,425,425,certain,0.0,0.0,0.0
liu_massdep_baseline,power_0.96,30.0,crew_team_h,425,425,425,certain,0.0,0.0,0.0
liu_massdep_baseline,power_0.96,30.0,shift_ot_h,425,425,425,search-dependent,0.0,0.0,0.0
